# No-Compile Static Analysis Log

Root: /home/hp/文档/output/CE7-FYQ-src_flat_out/AutoPackBit/IP_AutoPackBit.c
Files: 1
Functions: 1
Call edges: 53
Field accesses: 76
Unresolved calls: 25
Missing local includes: 0
Function invariants: 79
Project invariants: 8

## Missing Local Includes
- none

## Duplicate Function Definitions
- none

## Unresolved Calls
- ADDR_READ: AutoPackBit@IP_AutoPackBit.c:236, AutoPackBit@IP_AutoPackBit.c:258
- ASSERT: AutoPackBit@IP_AutoPackBit.c:297
- DBL_TO_UN32: AutoPackBit@IP_AutoPackBit.c:144, AutoPackBit@IP_AutoPackBit.c:171
- DEV_GET_COMM: AutoPackBit@IP_AutoPackBit.c:259
- DEV_GET_POWER: AutoPackBit@IP_AutoPackBit.c:237
- NZ: AutoPackBit@IP_AutoPackBit.c:143, AutoPackBit@IP_AutoPackBit.c:170
- UI08_BIT_CLR: AutoPackBit@IP_AutoPackBit.c:53, AutoPackBit@IP_AutoPackBit.c:210, AutoPackBit@IP_AutoPackBit.c:231, AutoPackBit@IP_AutoPackBit.c:253, AutoPackBit@IP_AutoPackBit.c:275
- UI08_BIT_SET: AutoPackBit@IP_AutoPackBit.c:206, AutoPackBit@IP_AutoPackBit.c:227, AutoPackBit@IP_AutoPackBit.c:249, AutoPackBit@IP_AutoPackBit.c:271
- UI08_BIT_SET1: AutoPackBit@IP_AutoPackBit.c:65
- UI08_BIT_SET2: AutoPackBit@IP_AutoPackBit.c:77
- UI08_BIT_SET3: AutoPackBit@IP_AutoPackBit.c:89
- UI08_BIT_SET4: AutoPackBit@IP_AutoPackBit.c:101
- UI08_BIT_SET5: AutoPackBit@IP_AutoPackBit.c:113
- UI08_BIT_SET6: AutoPackBit@IP_AutoPackBit.c:125
- UI08_BIT_SET7: AutoPackBit@IP_AutoPackBit.c:137
- UI32_BIT_SET20: AutoPackBit@IP_AutoPackBit.c:158
- UI32_BIT_SET23: AutoPackBit@IP_AutoPackBit.c:185
- UI32_BIT_SET8: AutoPackBit@IP_AutoPackBit.c:157, AutoPackBit@IP_AutoPackBit.c:184
- UI32_HI16: AutoPackBit@IP_AutoPackBit.c:42
- UI32_HIHI8: AutoPackBit@IP_AutoPackBit.c:161, AutoPackBit@IP_AutoPackBit.c:188
- UI32_HILO8: AutoPackBit@IP_AutoPackBit.c:162, AutoPackBit@IP_AutoPackBit.c:189
- UI32_LO16: AutoPackBit@IP_AutoPackBit.c:38
- UI32_LOHI8: AutoPackBit@IP_AutoPackBit.c:163, AutoPackBit@IP_AutoPackBit.c:190
- UI32_LOLO8: AutoPackBit@IP_AutoPackBit.c:164, AutoPackBit@IP_AutoPackBit.c:191
- UI32_MAKE16: AutoPackBit@IP_AutoPackBit.c:50, AutoPackBit@IP_AutoPackBit.c:60, AutoPackBit@IP_AutoPackBit.c:72, AutoPackBit@IP_AutoPackBit.c:84, AutoPackBit@IP_AutoPackBit.c:96, AutoPackBit@IP_AutoPackBit.c:108, AutoPackBit@IP_AutoPackBit.c:120, AutoPackBit@IP_AutoPackBit.c:132 (+6 more)

## Call Graph
- AutoPackBit -> ADDR_READ? x2, ASSERT?, DBL_TO_UN32? x2, DEV_GET_COMM?, DEV_GET_POWER?, NZ? x2, UI08_BIT_CLR? x5, UI08_BIT_SET1?, UI08_BIT_SET2?, UI08_BIT_SET3?, UI08_BIT_SET4?, UI08_BIT_SET5?, UI08_BIT_SET6?, UI08_BIT_SET7?, UI08_BIT_SET? x4, UI32_BIT_SET20?, UI32_BIT_SET23?, UI32_BIT_SET8? x2, UI32_HI16?, UI32_HIHI8? x2, UI32_HILO8? x2, UI32_LO16?, UI32_LOHI8? x2, UI32_LOLO8? x2, UI32_MAKE16? x14

## State Transitions
- none

## Field Access Summary
- pData->bitPara: read=4 write=0 read_write=0 functions=AutoPackBit
- pData->byteID: read=1 write=1 read_write=0 functions=AutoPackBit
- pData->eq: read=2 write=0 read_write=0 functions=AutoPackBit
- pData->pSrc: read=13 write=0 read_write=0 functions=AutoPackBit
- pData->type: read=2 write=14 read_write=0 functions=AutoPackBit
- sPackShift.bitIndex: read=17 write=2 read_write=0 functions=AutoPackBit
- sPackShift.byteIndex: read=5 write=2 read_write=0 functions=AutoPackBit
- sTcmdDataConverte.ui32: read=12 write=1 read_write=0 functions=AutoPackBit

## Project Invariants
- [project_input_field/medium] pData->bitPara is only read by AutoPackBit (field summary)
- [project_state_field/medium] pData->byteID is read and written (field summary)
- [project_input_field/medium] pData->eq is only read by AutoPackBit (field summary)
- [project_input_field/medium] pData->pSrc is only read by AutoPackBit (field summary)
- [project_state_field/medium] pData->type is read and written (field summary)
- [project_state_field/medium] sPackShift.bitIndex is read and written (field summary)
- [project_state_field/medium] sPackShift.byteIndex is read and written (field summary)
- [project_state_field/medium] sTcmdDataConverte.ui32 is read and written (field summary)

## Function Details
### AutoPackBit (IP_AutoPackBit.c:7)
- params: unint08 * pBuf, AUTOPACK * pData, boolu32 * firstTime, unint32 lengthofAddress
- locals: bitPos, bitType, pDst, sTcmdDataConverte, srcDataF64, srcDataU08, srcDataU32, tmpGlobalBitIndex, tmpGlobalByteIndex
- calls: UI32_LO16, UI32_HI16, UI32_MAKE16, UI08_BIT_CLR, UI32_MAKE16, UI08_BIT_SET1, UI32_MAKE16, UI08_BIT_SET2, UI32_MAKE16, UI08_BIT_SET3, UI32_MAKE16, UI08_BIT_SET4, UI32_MAKE16, UI08_BIT_SET5, UI32_MAKE16, UI08_BIT_SET6, UI32_MAKE16, UI08_BIT_SET7, NZ, DBL_TO_UN32, UI32_MAKE16, UI32_BIT_SET8, UI32_BIT_SET20, UI32_HIHI8, UI32_HILO8, UI32_LOHI8, UI32_LOLO8, NZ, DBL_TO_UN32, UI32_MAKE16, UI32_BIT_SET8, UI32_BIT_SET23, UI32_HIHI8, UI32_HILO8, UI32_LOHI8, UI32_LOLO8, UI32_MAKE16, UI08_BIT_SET, UI08_BIT_CLR, UI32_MAKE16, UI08_BIT_SET, UI08_BIT_CLR, ADDR_READ, DEV_GET_POWER, UI32_MAKE16, UI08_BIT_SET, UI08_BIT_CLR, ADDR_READ, DEV_GET_COMM, UI32_MAKE16, UI08_BIT_SET, UI08_BIT_CLR, ASSERT
- undefined_calls: ADDR_READ, ASSERT, DBL_TO_UN32, DEV_GET_COMM, DEV_GET_POWER, NZ, UI08_BIT_CLR, UI08_BIT_SET, UI08_BIT_SET1, UI08_BIT_SET2, UI08_BIT_SET3, UI08_BIT_SET4, UI08_BIT_SET5, UI08_BIT_SET6, UI08_BIT_SET7, UI32_BIT_SET20, UI32_BIT_SET23, UI32_BIT_SET8, UI32_HI16, UI32_HIHI8, UI32_HILO8, UI32_LO16, UI32_LOHI8, UI32_LOLO8, UI32_MAKE16
- reads: ADDR_READ, COM_ENA_TF, CONVERTE_FLOAT_20BIT, CONVERTE_FLOAT_23BIT, DBL_TO_UN32, DEV_GET_COMM, DEV_GET_POWER, FLT64_ZERO, LOG_UI08_TF, LOG_UI32_TF, NZ, ORIGIN_1BIT, ORIGIN_1BIT_NULL, ORIGIN_2BIT, ORIGIN_3BIT, ORIGIN_4BIT, ORIGIN_5BIT, ORIGIN_6BIT, ORIGIN_7BIT, POWER_TF, TRUE32, UI32_HI16, UI32_HIHI8, UI32_HILO8, UI32_LO16, UI32_LOHI8, UI32_LOLO8, UI32_MAKE16, bitIndex, bitPara, byteID, byteIndex, eq, float64, pSrc, sPackShift, type, ui32, unint08, unint32
- writes: bitPos, bitType, pData, pDst, sPackShift, sTcmdDataConverte, srcDataF64, srcDataU08, srcDataU32, tmpGlobalBitIndex, tmpGlobalByteIndex
- summary.modifies: pData->byteID, pData->type, sPackShift.bitIndex, sPackShift.byteIndex, sTcmdDataConverte.ui32
- summary.ensures_observed:
  - bitPos in [0, 4294967295]
  - bitType in [0, 4294967295]
  - lengthofAddress in [0, 4294967295]
  - pBuf in [0, 255]
  - pDst in [0, 255]
  - sTcmdDataConverte.ui32 in [0, 0]
  - srcDataF64 in [-1.79769e+308, 1.79769e+308]
  - srcDataU08 in [0, 255]
  - srcDataU32 in [0, 4294967295]
  - tmpGlobalBitIndex in [0, 4294967295]
  - tmpGlobalByteIndex in [0, 4294967295]
  - sTcmdDataConverte.ui32 is reset to 0
  - tmpGlobalByteIndex is reset to 0
  - tmpGlobalBitIndex is reset to 0
  - bitPos is reset to 0
  - tmpGlobalBitIndex assigned values are subset of {0, 1, 2, 3, 4, 5, 6, 7}
  - ... 1 more
- invariants:
  - [value_range/medium] bitPos in [0, 4294967295] (decl unint32@14; literal@33)
  - [value_range/medium] bitType in [0, 4294967295] (decl unint32@16)
  - [value_range/medium] lengthofAddress in [0, 4294967295] (type unint32)
  - [value_range/medium] pBuf in [0, 255] (type unint08)
  - [value_range/medium] pDst in [0, 255] (decl unint08@17)
  - [value_range/medium] sTcmdDataConverte.ui32 in [0, 0] (literal@24)
  - [value_range/medium] srcDataF64 in [-1.79769e+308, 1.79769e+308] (decl float64@13)
  - [value_range/medium] srcDataU08 in [0, 255] (decl unint08@9)
  - [value_range/medium] srcDataU32 in [0, 4294967295] (decl unint32@12)
  - [value_range/medium] tmpGlobalBitIndex in [0, 4294967295] (decl unint32@19; literal@26; literal@51; literal@61; literal@73; literal@85; literal@97; literal@109; literal@121; literal@133; literal@153; literal@180; literal@200; literal@221; literal@243; literal@265)
  - [value_range/medium] tmpGlobalByteIndex in [0, 4294967295] (decl unint32@21; literal@25; literal@152; literal@179)
  - [condition_range/high]@29 firstTime in [1, 4294967295] when firstTime == TRUE32 (firstTime == TRUE32)
  - [condition_range/high]@47 firstTime in [1, 4294967295] when firstTime == TRUE32 (firstTime == TRUE32)
  - [condition_range/high]@57 firstTime in [1, 4294967295] when firstTime == TRUE32 (firstTime == TRUE32)
  - [condition_range/high]@69 firstTime in [1, 4294967295] when firstTime == TRUE32 (firstTime == TRUE32)
  - [condition_range/high]@81 firstTime in [1, 4294967295] when firstTime == TRUE32 (firstTime == TRUE32)
  - [condition_range/high]@93 firstTime in [1, 4294967295] when firstTime == TRUE32 (firstTime == TRUE32)
  - [condition_range/high]@105 firstTime in [1, 4294967295] when firstTime == TRUE32 (firstTime == TRUE32)
  - [condition_range/high]@117 firstTime in [1, 4294967295] when firstTime == TRUE32 (firstTime == TRUE32)
  - [condition_range/high]@129 firstTime in [1, 4294967295] when firstTime == TRUE32 (firstTime == TRUE32)
  - [condition_range/high]@146 firstTime in [1, 4294967295] when firstTime == TRUE32 (firstTime == TRUE32)
  - [condition_range/high]@173 firstTime in [1, 4294967295] when firstTime == TRUE32 (firstTime == TRUE32)
  - [condition_range/high]@196 firstTime in [1, 4294967295] when firstTime == TRUE32 (firstTime == TRUE32)
  - [condition_range/high]@217 firstTime in [1, 4294967295] when firstTime == TRUE32 (firstTime == TRUE32)
  - [condition_range/high]@239 firstTime in [1, 4294967295] when firstTime == TRUE32 (firstTime == TRUE32)
  - [condition_range/high]@261 firstTime in [1, 4294967295] when firstTime == TRUE32 (firstTime == TRUE32)
  - [condition_range/high]@284 firstTime in [1, 4294967295] when firstTime == TRUE32 (firstTime == TRUE32)
  - [condition_range/high]@290 sPackShift.bitIndex in [8, 1.79769e+308] when sPackShift.bitIndex > 7 (sPackShift.bitIndex > 7)
  - [branch_condition/high]@29 inside if branch: *firstTime == TRUE32 (*firstTime == TRUE32)
  - [branch_condition/high]@44 inside switch branch: bitType (bitType)
  - ... 49 more
- value_ranges:
  - bitPos: [0, 4294967295] (decl unint32@14; literal@33)
  - bitType: [0, 4294967295] (decl unint32@16)
  - lengthofAddress: [0, 4294967295] (type unint32)
  - pBuf: [0, 255] (type unint08)
  - pDst: [0, 255] (decl unint08@17)
  - sTcmdDataConverte.ui32: [0, 0] (literal@24)
  - srcDataF64: [-1.79769e+308, 1.79769e+308] (decl float64@13)
  - srcDataU08: [0, 255] (decl unint08@9)
  - srcDataU32: [0, 4294967295] (decl unint32@12)
  - tmpGlobalBitIndex: [0, 4294967295] (decl unint32@19; literal@26; literal@51; literal@61; +12 more)
  - tmpGlobalByteIndex: [0, 4294967295] (decl unint32@21; literal@25; literal@152; literal@179)
- condition_ranges:
  - firstTime: [1, 4294967295] when firstTime == TRUE32@29
  - firstTime: [1, 4294967295] when firstTime == TRUE32@47
  - firstTime: [1, 4294967295] when firstTime == TRUE32@57
  - firstTime: [1, 4294967295] when firstTime == TRUE32@69
  - firstTime: [1, 4294967295] when firstTime == TRUE32@81
  - firstTime: [1, 4294967295] when firstTime == TRUE32@93
  - firstTime: [1, 4294967295] when firstTime == TRUE32@105
  - firstTime: [1, 4294967295] when firstTime == TRUE32@117
  - firstTime: [1, 4294967295] when firstTime == TRUE32@129
  - firstTime: [1, 4294967295] when firstTime == TRUE32@146
  - firstTime: [1, 4294967295] when firstTime == TRUE32@173
  - firstTime: [1, 4294967295] when firstTime == TRUE32@196
  - firstTime: [1, 4294967295] when firstTime == TRUE32@217
  - firstTime: [1, 4294967295] when firstTime == TRUE32@239
  - firstTime: [1, 4294967295] when firstTime == TRUE32@261
  - firstTime: [1, 4294967295] when firstTime == TRUE32@284
  - sPackShift.bitIndex: [8, 1.79769e+308] when sPackShift.bitIndex > 7@290
- conditions:
  - if@29: *firstTime == TRUE32
  - switch@44: bitType
  - if@47: *firstTime == TRUE32
  - if@57: *firstTime == TRUE32
  - if@69: *firstTime == TRUE32
  - if@81: *firstTime == TRUE32
  - if@93: *firstTime == TRUE32
  - if@105: *firstTime == TRUE32
  - if@117: *firstTime == TRUE32
  - if@129: *firstTime == TRUE32
  - if@146: *firstTime == TRUE32
  - if@173: *firstTime == TRUE32
  - if@196: *firstTime == TRUE32
  - if@204: srcDataU32 == pData->bitPara
  - if@217: *firstTime == TRUE32
  - if@225: srcDataU08 == pData->bitPara
  - if@239: *firstTime == TRUE32
  - if@247: srcDataU08 == pData->bitPara
  - if@261: *firstTime == TRUE32
  - if@269: srcDataU08 == pData->bitPara
  - if@284: *firstTime == TRUE32
  - if@290: sPackShift.bitIndex > 7
- assignments:
  - 24: sTcmdDataConverte.ui32 = <literal/unknown>
  - 25: tmpGlobalByteIndex = <literal/unknown>
  - 26: tmpGlobalBitIndex = <literal/unknown>
  - 31: pDst = byteIndex,pBuf,sPackShift
  - 32: pData->byteID = byteIndex,sPackShift
  - 33: bitPos = <literal/unknown>
  - 37: pDst = byteID,pBuf,pData
  - 38: bitPos = UI32_LO16,pData,type
  - 42: bitType = UI32_HI16,pData,type
  - 49: bitPos = bitIndex,sPackShift
  - 50: pData->type = ORIGIN_1BIT_NULL,UI32_MAKE16,bitPos
  - 51: tmpGlobalBitIndex = <literal/unknown>
  - 59: bitPos = bitIndex,sPackShift
  - 60: pData->type = ORIGIN_1BIT,UI32_MAKE16,bitPos
  - 61: tmpGlobalBitIndex = <literal/unknown>
  - 64: srcDataU08 = pData,pSrc,unint08
  - 71: bitPos = bitIndex,sPackShift
  - 72: pData->type = ORIGIN_2BIT,UI32_MAKE16,bitPos
  - 73: tmpGlobalBitIndex = <literal/unknown>
  - 76: srcDataU08 = pData,pSrc,unint08
  - 83: bitPos = bitIndex,sPackShift
  - 84: pData->type = ORIGIN_3BIT,UI32_MAKE16,bitPos
  - 85: tmpGlobalBitIndex = <literal/unknown>
  - 88: srcDataU08 = pData,pSrc,unint08
  - 95: bitPos = bitIndex,sPackShift
  - 96: pData->type = ORIGIN_4BIT,UI32_MAKE16,bitPos
  - 97: tmpGlobalBitIndex = <literal/unknown>
  - 100: srcDataU08 = pData,pSrc,unint08
  - 107: bitPos = bitIndex,sPackShift
  - 108: pData->type = ORIGIN_5BIT,UI32_MAKE16,bitPos
  - 109: tmpGlobalBitIndex = <literal/unknown>
  - 112: srcDataU08 = pData,pSrc,unint08
  - 119: bitPos = bitIndex,sPackShift
  - 120: pData->type = ORIGIN_6BIT,UI32_MAKE16,bitPos
  - 121: tmpGlobalBitIndex = <literal/unknown>
  - 124: srcDataU08 = pData,pSrc,unint08
  - 131: bitPos = bitIndex,sPackShift
  - 132: pData->type = ORIGIN_7BIT,UI32_MAKE16,bitPos
  - 133: tmpGlobalBitIndex = <literal/unknown>
  - 136: srcDataU08 = pData,pSrc,unint08
  - ... 44 more

## JSON
{
  "root": "/home/hp/文档/output/CE7-FYQ-src_flat_out/AutoPackBit/IP_AutoPackBit.c",
  "files": [
    {
      "file": "/home/hp/文档/output/CE7-FYQ-src_flat_out/AutoPackBit/IP_AutoPackBit.c",
      "lines": 302,
      "includes": [
        {
          "name": "IP_AutoPackBit.h",
          "kind": "local",
          "line": 1,
          "resolved": "/home/hp/文档/output/CE7-FYQ-src_flat_out/AutoPackBit/IP_AutoPackBit.h"
        }
      ],
      "macros": [],
      "typedefs": [],
      "globals": [],
      "functions": [
        {
          "name": "AutoPackBit",
          "line": 7,
          "params": [
            "unint08 * pBuf",
            "AUTOPACK * pData",
            "boolu32 * firstTime",
            "unint32 lengthofAddress"
          ]
        }
      ]
    }
  ],
  "summary": {
    "file_count": 1,
    "function_count": 1,
    "defined_function_count": 1,
    "declared_function_count": 0,
    "macro_count": 0,
    "typedef_count": 0,
    "global_count": 0,
    "call_edge_count": 53,
    "unresolved_call_count": 25,
    "field_access_count": 76,
    "missing_local_include_count": 0,
    "function_invariant_count": 79,
    "project_invariant_count": 8
  },
  "symbols": {
    "defined_functions": {
      "AutoPackBit": [
        {
          "file": "/home/hp/文档/output/CE7-FYQ-src_flat_out/AutoPackBit/IP_AutoPackBit.c",
          "line": 7
        }
      ]
    },
    "declared_functions": {},
    "macros": {},
    "typedefs": {},
    "enum_constants": [],
    "globals": {},
    "struct_fields": {},
    "duplicate_functions": {}
  },
  "functions": [
    {
      "file": "/home/hp/文档/output/CE7-FYQ-src_flat_out/AutoPackBit/IP_AutoPackBit.c",
      "name": "AutoPackBit",
      "line": 7,
      "return_type": "void",
      "params": [
        "unint08 * pBuf",
        "AUTOPACK * pData",
        "boolu32 * firstTime",
        "unint32 lengthofAddress"
      ],
      "locals": [
        "bitPos",
        "bitType",
        "pDst",
        "sTcmdDataConverte",
        "srcDataF64",
        "srcDataU08",
        "srcDataU32",
        "tmpGlobalBitIndex",
        "tmpGlobalByteIndex"
      ],
      "calls": [
        {
          "name": "UI32_LO16",
          "line": 38,
          "kind": "function",
          "resolved": false
        },
        {
          "name": "UI32_HI16",
          "line": 42,
          "kind": "function",
          "resolved": false
        },
        {
          "name": "UI32_MAKE16",
          "line": 50,
          "kind": "function",
          "resolved": false
        },
        {
          "name": "UI08_BIT_CLR",
          "line": 53,
          "kind": "function",
          "resolved": false
        },
        {
          "name": "UI32_MAKE16",
          "line": 60,
          "kind": "function",
          "resolved": false
        },
        {
          "name": "UI08_BIT_SET1",
          "line": 65,
          "kind": "function",
          "resolved": false
        },
        {
          "name": "UI32_MAKE16",
          "line": 72,
          "kind": "function",
          "resolved": false
        },
        {
          "name": "UI08_BIT_SET2",
          "line": 77,
          "kind": "function",
          "resolved": false
        },
        {
          "name": "UI32_MAKE16",
          "line": 84,
          "kind": "function",
          "resolved": false
        },
        {
          "name": "UI08_BIT_SET3",
          "line": 89,
          "kind": "function",
          "resolved": false
        },
        {
          "name": "UI32_MAKE16",
          "line": 96,
          "kind": "function",
          "resolved": false
        },
        {
          "name": "UI08_BIT_SET4",
          "line": 101,
          "kind": "function",
          "resolved": false
        },
        {
          "name": "UI32_MAKE16",
          "line": 108,
          "kind": "function",
          "resolved": false
        },
        {
          "name": "UI08_BIT_SET5",
          "line": 113,
          "kind": "function",
          "resolved": false
        },
        {
          "name": "UI32_MAKE16",
          "line": 120,
          "kind": "function",
          "resolved": false
        },
        {
          "name": "UI08_BIT_SET6",
          "line": 125,
          "kind": "function",
          "resolved": false
        },
        {
          "name": "UI32_MAKE16",
          "line": 132,
          "kind": "function",
          "resolved": false
        },
        {
          "name": "UI08_BIT_SET7",
          "line": 137,
          "kind": "function",
          "resolved": false
        },
        {
          "name": "NZ",
          "line": 143,
          "kind": "function",
          "resolved": false
        },
        {
          "name": "DBL_TO_UN32",
          "line": 144,
          "kind": "function",
          "resolved": false
        },
        {
          "name": "UI32_MAKE16",
          "line": 149,
          "kind": "function",
          "resolved": false
        },
        {
          "name": "UI32_BIT_SET8",
          "line": 157,
          "kind": "function",
          "resolved": false
        },
        {
          "name": "UI32_BIT_SET20",
          "line": 158,
          "kind": "function",
          "resolved": false
        },
        {
          "name": "UI32_HIHI8",
          "line": 161,
          "kind": "function",
          "resolved": false
        },
        {
          "name": "UI32_HILO8",
          "line": 162,
          "kind": "function",
          "resolved": false
        },
        {
          "name": "UI32_LOHI8",
          "line": 163,
          "kind": "function",
          "resolved": false
        },
        {
          "name": "UI32_LOLO8",
          "line": 164,
          "kind": "function",
          "resolved": false
        },
        {
          "name": "NZ",
          "line": 170,
          "kind": "function",
          "resolved": false
        },
        {
          "name": "DBL_TO_UN32",
          "line": 171,
          "kind": "function",
          "resolved": false
        },
        {
          "name": "UI32_MAKE16",
          "line": 176,
          "kind": "function",
          "resolved": false
        },
        {
          "name": "UI32_BIT_SET8",
          "line": 184,
          "kind": "function",
          "resolved": false
        },
        {
          "name": "UI32_BIT_SET23",
          "line": 185,
          "kind": "function",
          "resolved": false
        },
        {
          "name": "UI32_HIHI8",
          "line": 188,
          "kind": "function",
          "resolved": false
        },
        {
          "name": "UI32_HILO8",
          "line": 189,
          "kind": "function",
          "resolved": false
        },
        {
          "name": "UI32_LOHI8",
          "line": 190,
          "kind": "function",
          "resolved": false
        },
        {
          "name": "UI32_LOLO8",
          "line": 191,
          "kind": "function",
          "resolved": false
        },
        {
          "name": "UI32_MAKE16",
          "line": 199,
          "kind": "function",
          "resolved": false
        },
        {
          "name": "UI08_BIT_SET",
          "line": 206,
          "kind": "function",
          "resolved": false
        },
        {
          "name": "UI08_BIT_CLR",
          "line": 210,
          "kind": "function",
          "resolved": false
        },
        {
          "name": "UI32_MAKE16",
          "line": 220,
          "kind": "function",
          "resolved": false
        },
        {
          "name": "UI08_BIT_SET",
          "line": 227,
          "kind": "function",
          "resolved": false
        },
        {
          "name": "UI08_BIT_CLR",
          "line": 231,
          "kind": "function",
          "resolved": false
        },
        {
          "name": "ADDR_READ",
          "line": 236,
          "kind": "function",
          "resolved": false
        },
        {
          "name": "DEV_GET_POWER",
          "line": 237,
          "kind": "function",
          "resolved": false
        },
        {
          "name": "UI32_MAKE16",
          "line": 242,
          "kind": "function",
          "resolved": false
        },
        {
          "name": "UI08_BIT_SET",
          "line": 249,
          "kind": "function",
          "resolved": false
        },
        {
          "name": "UI08_BIT_CLR",
          "line": 253,
          "kind": "function",
          "resolved": false
        },
        {
          "name": "ADDR_READ",
          "line": 258,
          "kind": "function",
          "resolved": false
        },
        {
          "name": "DEV_GET_COMM",
          "line": 259,
          "kind": "function",
          "resolved": false
        },
        {
          "name": "UI32_MAKE16",
          "line": 264,
          "kind": "function",
          "resolved": false
        },
        {
          "name": "UI08_BIT_SET",
          "line": 271,
          "kind": "function",
          "resolved": false
        },
        {
          "name": "UI08_BIT_CLR",
          "line": 275,
          "kind": "function",
          "resolved": false
        },
        {
          "name": "ASSERT",
          "line": 297,
          "kind": "function",
          "resolved": false
        }
      ],
      "assignments": [
        {
          "line": 24,
          "lhs": "sTcmdDataConverte.ui32",
          "operator": "=",
          "rhs": "0",
          "rhs_identifiers": []
        },
        {
          "line": 25,
          "lhs": "tmpGlobalByteIndex",
          "operator": "=",
          "rhs": "0",
          "rhs_identifiers": []
        },
        {
          "line": 26,
          "lhs": "tmpGlobalBitIndex",
          "operator": "=",
          "rhs": "0",
          "rhs_identifiers": []
        },
        {
          "line": 31,
          "lhs": "pDst",
          "operator": "=",
          "rhs": "&pBuf[ sPackShift.byteIndex ]",
          "rhs_identifiers": [
            "byteIndex",
            "pBuf",
            "sPackShift"
          ]
        },
        {
          "line": 32,
          "lhs": "pData->byteID",
          "operator": "=",
          "rhs": "sPackShift.byteIndex",
          "rhs_identifiers": [
            "byteIndex",
            "sPackShift"
          ]
        },
        {
          "line": 33,
          "lhs": "bitPos",
          "operator": "=",
          "rhs": "0",
          "rhs_identifiers": []
        },
        {
          "line": 37,
          "lhs": "pDst",
          "operator": "=",
          "rhs": "&pBuf[ pData->byteID ]",
          "rhs_identifiers": [
            "byteID",
            "pBuf",
            "pData"
          ]
        },
        {
          "line": 38,
          "lhs": "bitPos",
          "operator": "=",
          "rhs": "UI32_LO16(pData->type)",
          "rhs_identifiers": [
            "UI32_LO16",
            "pData",
            "type"
          ]
        },
        {
          "line": 42,
          "lhs": "bitType",
          "operator": "=",
          "rhs": "UI32_HI16(pData->type)",
          "rhs_identifiers": [
            "UI32_HI16",
            "pData",
            "type"
          ]
        },
        {
          "line": 49,
          "lhs": "bitPos",
          "operator": "=",
          "rhs": "7 - sPackShift.bitIndex",
          "rhs_identifiers": [
            "bitIndex",
            "sPackShift"
          ]
        },
        {
          "line": 50,
          "lhs": "pData->type",
          "operator": "=",
          "rhs": "UI32_MAKE16(ORIGIN_1BIT_NULL, bitPos)",
          "rhs_identifiers": [
            "ORIGIN_1BIT_NULL",
            "UI32_MAKE16",
            "bitPos"
          ]
        },
        {
          "line": 51,
          "lhs": "tmpGlobalBitIndex",
          "operator": "=",
          "rhs": "1",
          "rhs_identifiers": []
        },
        {
          "line": 59,
          "lhs": "bitPos",
          "operator": "=",
          "rhs": "7 - sPackShift.bitIndex",
          "rhs_identifiers": [
            "bitIndex",
            "sPackShift"
          ]
        },
        {
          "line": 60,
          "lhs": "pData->type",
          "operator": "=",
          "rhs": "UI32_MAKE16(ORIGIN_1BIT, bitPos)",
          "rhs_identifiers": [
            "ORIGIN_1BIT",
            "UI32_MAKE16",
            "bitPos"
          ]
        },
        {
          "line": 61,
          "lhs": "tmpGlobalBitIndex",
          "operator": "=",
          "rhs": "1",
          "rhs_identifiers": []
        },
        {
          "line": 64,
          "lhs": "srcDataU08",
          "operator": "=",
          "rhs": "*(unint08*)pData->pSrc",
          "rhs_identifiers": [
            "pData",
            "pSrc",
            "unint08"
          ]
        },
        {
          "line": 71,
          "lhs": "bitPos",
          "operator": "=",
          "rhs": "6 - sPackShift.bitIndex",
          "rhs_identifiers": [
            "bitIndex",
            "sPackShift"
          ]
        },
        {
          "line": 72,
          "lhs": "pData->type",
          "operator": "=",
          "rhs": "UI32_MAKE16(ORIGIN_2BIT, bitPos)",
          "rhs_identifiers": [
            "ORIGIN_2BIT",
            "UI32_MAKE16",
            "bitPos"
          ]
        },
        {
          "line": 73,
          "lhs": "tmpGlobalBitIndex",
          "operator": "=",
          "rhs": "2",
          "rhs_identifiers": []
        },
        {
          "line": 76,
          "lhs": "srcDataU08",
          "operator": "=",
          "rhs": "*(unint08*)pData->pSrc",
          "rhs_identifiers": [
            "pData",
            "pSrc",
            "unint08"
          ]
        },
        {
          "line": 83,
          "lhs": "bitPos",
          "operator": "=",
          "rhs": "5 - sPackShift.bitIndex",
          "rhs_identifiers": [
            "bitIndex",
            "sPackShift"
          ]
        },
        {
          "line": 84,
          "lhs": "pData->type",
          "operator": "=",
          "rhs": "UI32_MAKE16(ORIGIN_3BIT, bitPos)",
          "rhs_identifiers": [
            "ORIGIN_3BIT",
            "UI32_MAKE16",
            "bitPos"
          ]
        },
        {
          "line": 85,
          "lhs": "tmpGlobalBitIndex",
          "operator": "=",
          "rhs": "3",
          "rhs_identifiers": []
        },
        {
          "line": 88,
          "lhs": "srcDataU08",
          "operator": "=",
          "rhs": "*(unint08*)pData->pSrc",
          "rhs_identifiers": [
            "pData",
            "pSrc",
            "unint08"
          ]
        },
        {
          "line": 95,
          "lhs": "bitPos",
          "operator": "=",
          "rhs": "4 - sPackShift.bitIndex",
          "rhs_identifiers": [
            "bitIndex",
            "sPackShift"
          ]
        },
        {
          "line": 96,
          "lhs": "pData->type",
          "operator": "=",
          "rhs": "UI32_MAKE16(ORIGIN_4BIT, bitPos)",
          "rhs_identifiers": [
            "ORIGIN_4BIT",
            "UI32_MAKE16",
            "bitPos"
          ]
        },
        {
          "line": 97,
          "lhs": "tmpGlobalBitIndex",
          "operator": "=",
          "rhs": "4",
          "rhs_identifiers": []
        },
        {
          "line": 100,
          "lhs": "srcDataU08",
          "operator": "=",
          "rhs": "*(unint08*)pData->pSrc",
          "rhs_identifiers": [
            "pData",
            "pSrc",
            "unint08"
          ]
        },
        {
          "line": 107,
          "lhs": "bitPos",
          "operator": "=",
          "rhs": "3 - sPackShift.bitIndex",
          "rhs_identifiers": [
            "bitIndex",
            "sPackShift"
          ]
        },
        {
          "line": 108,
          "lhs": "pData->type",
          "operator": "=",
          "rhs": "UI32_MAKE16(ORIGIN_5BIT, bitPos)",
          "rhs_identifiers": [
            "ORIGIN_5BIT",
            "UI32_MAKE16",
            "bitPos"
          ]
        },
        {
          "line": 109,
          "lhs": "tmpGlobalBitIndex",
          "operator": "=",
          "rhs": "5",
          "rhs_identifiers": []
        },
        {
          "line": 112,
          "lhs": "srcDataU08",
          "operator": "=",
          "rhs": "*(unint08*)pData->pSrc",
          "rhs_identifiers": [
            "pData",
            "pSrc",
            "unint08"
          ]
        },
        {
          "line": 119,
          "lhs": "bitPos",
          "operator": "=",
          "rhs": "2 - sPackShift.bitIndex",
          "rhs_identifiers": [
            "bitIndex",
            "sPackShift"
          ]
        },
        {
          "line": 120,
          "lhs": "pData->type",
          "operator": "=",
          "rhs": "UI32_MAKE16(ORIGIN_6BIT, bitPos)",
          "rhs_identifiers": [
            "ORIGIN_6BIT",
            "UI32_MAKE16",
            "bitPos"
          ]
        },
        {
          "line": 121,
          "lhs": "tmpGlobalBitIndex",
          "operator": "=",
          "rhs": "6",
          "rhs_identifiers": []
        },
        {
          "line": 124,
          "lhs": "srcDataU08",
          "operator": "=",
          "rhs": "*(unint08*)pData->pSrc",
          "rhs_identifiers": [
            "pData",
            "pSrc",
            "unint08"
          ]
        },
        {
          "line": 131,
          "lhs": "bitPos",
          "operator": "=",
          "rhs": "1 - sPackShift.bitIndex",
          "rhs_identifiers": [
            "bitIndex",
            "sPackShift"
          ]
        },
        {
          "line": 132,
          "lhs": "pData->type",
          "operator": "=",
          "rhs": "UI32_MAKE16(ORIGIN_7BIT, bitPos)",
          "rhs_identifiers": [
            "ORIGIN_7BIT",
            "UI32_MAKE16",
            "bitPos"
          ]
        },
        {
          "line": 133,
          "lhs": "tmpGlobalBitIndex",
          "operator": "=",
          "rhs": "7",
          "rhs_identifiers": []
        },
        {
          "line": 136,
          "lhs": "srcDataU08",
          "operator": "=",
          "rhs": "*(unint08*)pData->pSrc",
          "rhs_identifiers": [
            "pData",
            "pSrc",
            "unint08"
          ]
        },
        {
          "line": 142,
          "lhs": "srcDataF64",
          "operator": "=",
          "rhs": "*(float64*)pData->pSrc",
          "rhs_identifiers": [
            "float64",
            "pData",
            "pSrc"
          ]
        },
        {
          "line": 143,
          "lhs": "srcDataF64",
          "operator": "=",
          "rhs": "srcDataF64 / NZ(pData->eq, FLT64_ZERO)",
          "rhs_identifiers": [
            "FLT64_ZERO",
            "NZ",
            "eq",
            "pData",
            "srcDataF64"
          ]
        },
        {
          "line": 144,
          "lhs": "srcDataU32",
          "operator": "=",
          "rhs": "DBL_TO_UN32(srcDataF64)",
          "rhs_identifiers": [
            "DBL_TO_UN32",
            "srcDataF64"
          ]
        },
        {
          "line": 148,
          "lhs": "bitPos",
          "operator": "=",
          "rhs": "12 - sPackShift.bitIndex",
          "rhs_identifiers": [
            "bitIndex",
            "sPackShift"
          ]
        },
        {
          "line": 149,
          "lhs": "pData->type",
          "operator": "=",
          "rhs": "UI32_MAKE16(CONVERTE_FLOAT_20BIT, bitPos)",
          "rhs_identifiers": [
            "CONVERTE_FLOAT_20BIT",
            "UI32_MAKE16",
            "bitPos"
          ]
        },
        {
          "line": 152,
          "lhs": "tmpGlobalByteIndex",
          "operator": "=",
          "rhs": "2",
          "rhs_identifiers": []
        },
        {
          "line": 153,
          "lhs": "tmpGlobalBitIndex",
          "operator": "=",
          "rhs": "4",
          "rhs_identifiers": []
        },
        {
          "line": 161,
          "lhs": "pDst[0]",
          "operator": "=",
          "rhs": "UI32_HIHI8(sTcmdDataConverte.ui32)",
          "rhs_identifiers": [
            "UI32_HIHI8",
            "sTcmdDataConverte",
            "ui32"
          ]
        },
        {
          "line": 162,
          "lhs": "pDst[1]",
          "operator": "=",
          "rhs": "UI32_HILO8(sTcmdDataConverte.ui32)",
          "rhs_identifiers": [
            "UI32_HILO8",
            "sTcmdDataConverte",
            "ui32"
          ]
        },
        {
          "line": 163,
          "lhs": "pDst[2]",
          "operator": "=",
          "rhs": "UI32_LOHI8(sTcmdDataConverte.ui32)",
          "rhs_identifiers": [
            "UI32_LOHI8",
            "sTcmdDataConverte",
            "ui32"
          ]
        },
        {
          "line": 164,
          "lhs": "pDst[3]",
          "operator": "=",
          "rhs": "UI32_LOLO8(sTcmdDataConverte.ui32)",
          "rhs_identifiers": [
            "UI32_LOLO8",
            "sTcmdDataConverte",
            "ui32"
          ]
        },
        {
          "line": 169,
          "lhs": "srcDataF64",
          "operator": "=",
          "rhs": "*(float64*)pData->pSrc",
          "rhs_identifiers": [
            "float64",
            "pData",
            "pSrc"
          ]
        },
        {
          "line": 170,
          "lhs": "srcDataF64",
          "operator": "=",
          "rhs": "srcDataF64 / NZ(pData->eq, FLT64_ZERO)",
          "rhs_identifiers": [
            "FLT64_ZERO",
            "NZ",
            "eq",
            "pData",
            "srcDataF64"
          ]
        },
        {
          "line": 171,
          "lhs": "srcDataU32",
          "operator": "=",
          "rhs": "DBL_TO_UN32(srcDataF64)",
          "rhs_identifiers": [
            "DBL_TO_UN32",
            "srcDataF64"
          ]
        },
        {
          "line": 175,
          "lhs": "bitPos",
          "operator": "=",
          "rhs": "9 - sPackShift.bitIndex",
          "rhs_identifiers": [
            "bitIndex",
            "sPackShift"
          ]
        },
        {
          "line": 176,
          "lhs": "pData->type",
          "operator": "=",
          "rhs": "UI32_MAKE16(CONVERTE_FLOAT_23BIT, bitPos)",
          "rhs_identifiers": [
            "CONVERTE_FLOAT_23BIT",
            "UI32_MAKE16",
            "bitPos"
          ]
        },
        {
          "line": 179,
          "lhs": "tmpGlobalByteIndex",
          "operator": "=",
          "rhs": "2",
          "rhs_identifiers": []
        },
        {
          "line": 180,
          "lhs": "tmpGlobalBitIndex",
          "operator": "=",
          "rhs": "7",
          "rhs_identifiers": []
        },
        {
          "line": 188,
          "lhs": "pDst[0]",
          "operator": "=",
          "rhs": "UI32_HIHI8(sTcmdDataConverte.ui32)",
          "rhs_identifiers": [
            "UI32_HIHI8",
            "sTcmdDataConverte",
            "ui32"
          ]
        },
        {
          "line": 189,
          "lhs": "pDst[1]",
          "operator": "=",
          "rhs": "UI32_HILO8(sTcmdDataConverte.ui32)",
          "rhs_identifiers": [
            "UI32_HILO8",
            "sTcmdDataConverte",
            "ui32"
          ]
        },
        {
          "line": 190,
          "lhs": "pDst[2]",
          "operator": "=",
          "rhs": "UI32_LOHI8(sTcmdDataConverte.ui32)",
          "rhs_identifiers": [
            "UI32_LOHI8",
            "sTcmdDataConverte",
            "ui32"
          ]
        },
        {
          "line": 191,
          "lhs": "pDst[3]",
          "operator": "=",
          "rhs": "UI32_LOLO8(sTcmdDataConverte.ui32)",
          "rhs_identifiers": [
            "UI32_LOLO8",
            "sTcmdDataConverte",
            "ui32"
          ]
        },
        {
          "line": 195,
          "lhs": "srcDataU32",
          "operator": "=",
          "rhs": "*(unint32*)pData->pSrc",
          "rhs_identifiers": [
            "pData",
            "pSrc",
            "unint32"
          ]
        },
        {
          "line": 198,
          "lhs": "bitPos",
          "operator": "=",
          "rhs": "7 - sPackShift.bitIndex",
          "rhs_identifiers": [
            "bitIndex",
            "sPackShift"
          ]
        },
        {
          "line": 199,
          "lhs": "pData->type",
          "operator": "=",
          "rhs": "UI32_MAKE16(LOG_UI32_TF, bitPos)",
          "rhs_identifiers": [
            "LOG_UI32_TF",
            "UI32_MAKE16",
            "bitPos"
          ]
        },
        {
          "line": 200,
          "lhs": "tmpGlobalBitIndex",
          "operator": "=",
          "rhs": "1",
          "rhs_identifiers": []
        },
        {
          "line": 215,
          "lhs": "srcDataU08",
          "operator": "=",
          "rhs": "*(unint08*)pData->pSrc",
          "rhs_identifiers": [
            "pData",
            "pSrc",
            "unint08"
          ]
        },
        {
          "line": 219,
          "lhs": "bitPos",
          "operator": "=",
          "rhs": "7 - sPackShift.bitIndex",
          "rhs_identifiers": [
            "bitIndex",
            "sPackShift"
          ]
        },
        {
          "line": 220,
          "lhs": "pData->type",
          "operator": "=",
          "rhs": "UI32_MAKE16(LOG_UI08_TF, bitPos)",
          "rhs_identifiers": [
            "LOG_UI08_TF",
            "UI32_MAKE16",
            "bitPos"
          ]
        },
        {
          "line": 221,
          "lhs": "tmpGlobalBitIndex",
          "operator": "=",
          "rhs": "1",
          "rhs_identifiers": []
        },
        {
          "line": 236,
          "lhs": "srcDataU32",
          "operator": "=",
          "rhs": "ADDR_READ(pData->pSrc)",
          "rhs_identifiers": [
            "ADDR_READ",
            "pData",
            "pSrc"
          ]
        },
        {
          "line": 237,
          "lhs": "srcDataU08",
          "operator": "=",
          "rhs": "DEV_GET_POWER(srcDataU32)",
          "rhs_identifiers": [
            "DEV_GET_POWER",
            "srcDataU32"
          ]
        },
        {
          "line": 241,
          "lhs": "bitPos",
          "operator": "=",
          "rhs": "7 - sPackShift.bitIndex",
          "rhs_identifiers": [
            "bitIndex",
            "sPackShift"
          ]
        },
        {
          "line": 242,
          "lhs": "pData->type",
          "operator": "=",
          "rhs": "UI32_MAKE16(POWER_TF, bitPos)",
          "rhs_identifiers": [
            "POWER_TF",
            "UI32_MAKE16",
            "bitPos"
          ]
        },
        {
          "line": 243,
          "lhs": "tmpGlobalBitIndex",
          "operator": "=",
          "rhs": "1",
          "rhs_identifiers": []
        },
        {
          "line": 258,
          "lhs": "srcDataU32",
          "operator": "=",
          "rhs": "ADDR_READ(pData->pSrc)",
          "rhs_identifiers": [
            "ADDR_READ",
            "pData",
            "pSrc"
          ]
        },
        {
          "line": 259,
          "lhs": "srcDataU08",
          "operator": "=",
          "rhs": "DEV_GET_COMM(srcDataU32)",
          "rhs_identifiers": [
            "DEV_GET_COMM",
            "srcDataU32"
          ]
        },
        {
          "line": 263,
          "lhs": "bitPos",
          "operator": "=",
          "rhs": "7 - sPackShift.bitIndex",
          "rhs_identifiers": [
            "bitIndex",
            "sPackShift"
          ]
        },
        {
          "line": 264,
          "lhs": "pData->type",
          "operator": "=",
          "rhs": "UI32_MAKE16(COM_ENA_TF, bitPos)",
          "rhs_identifiers": [
            "COM_ENA_TF",
            "UI32_MAKE16",
            "bitPos"
          ]
        },
        {
          "line": 265,
          "lhs": "tmpGlobalBitIndex",
          "operator": "=",
          "rhs": "1",
          "rhs_identifiers": []
        },
        {
          "line": 286,
          "lhs": "sPackShift.bitIndex",
          "operator": "=",
          "rhs": "sPackShift.bitIndex + tmpGlobalBitIndex",
          "rhs_identifiers": [
            "bitIndex",
            "sPackShift",
            "tmpGlobalBitIndex"
          ]
        },
        {
          "line": 287,
          "lhs": "sPackShift.byteIndex",
          "operator": "=",
          "rhs": "sPackShift.byteIndex + tmpGlobalByteIndex",
          "rhs_identifiers": [
            "byteIndex",
            "sPackShift",
            "tmpGlobalByteIndex"
          ]
        },
        {
          "line": 292,
          "lhs": "sPackShift.bitIndex",
          "operator": "=",
          "rhs": "sPackShift.bitIndex - 8",
          "rhs_identifiers": [
            "bitIndex",
            "sPackShift"
          ]
        },
        {
          "line": 293,
          "lhs": "sPackShift.byteIndex",
          "operator": "=",
          "rhs": "sPackShift.byteIndex + 1",
          "rhs_identifiers": [
            "byteIndex",
            "sPackShift"
          ]
        }
      ],
      "conditions": [
        {
          "line": 29,
          "kind": "if",
          "expression": "*firstTime == TRUE32",
          "identifiers": [
            "TRUE32",
            "firstTime"
          ]
        },
        {
          "line": 44,
          "kind": "switch",
          "expression": "bitType",
          "identifiers": [
            "bitType"
          ]
        },
        {
          "line": 47,
          "kind": "if",
          "expression": "*firstTime == TRUE32",
          "identifiers": [
            "TRUE32",
            "firstTime"
          ]
        },
        {
          "line": 57,
          "kind": "if",
          "expression": "*firstTime == TRUE32",
          "identifiers": [
            "TRUE32",
            "firstTime"
          ]
        },
        {
          "line": 69,
          "kind": "if",
          "expression": "*firstTime == TRUE32",
          "identifiers": [
            "TRUE32",
            "firstTime"
          ]
        },
        {
          "line": 81,
          "kind": "if",
          "expression": "*firstTime == TRUE32",
          "identifiers": [
            "TRUE32",
            "firstTime"
          ]
        },
        {
          "line": 93,
          "kind": "if",
          "expression": "*firstTime == TRUE32",
          "identifiers": [
            "TRUE32",
            "firstTime"
          ]
        },
        {
          "line": 105,
          "kind": "if",
          "expression": "*firstTime == TRUE32",
          "identifiers": [
            "TRUE32",
            "firstTime"
          ]
        },
        {
          "line": 117,
          "kind": "if",
          "expression": "*firstTime == TRUE32",
          "identifiers": [
            "TRUE32",
            "firstTime"
          ]
        },
        {
          "line": 129,
          "kind": "if",
          "expression": "*firstTime == TRUE32",
          "identifiers": [
            "TRUE32",
            "firstTime"
          ]
        },
        {
          "line": 146,
          "kind": "if",
          "expression": "*firstTime == TRUE32",
          "identifiers": [
            "TRUE32",
            "firstTime"
          ]
        },
        {
          "line": 173,
          "kind": "if",
          "expression": "*firstTime == TRUE32",
          "identifiers": [
            "TRUE32",
            "firstTime"
          ]
        },
        {
          "line": 196,
          "kind": "if",
          "expression": "*firstTime == TRUE32",
          "identifiers": [
            "TRUE32",
            "firstTime"
          ]
        },
        {
          "line": 204,
          "kind": "if",
          "expression": "srcDataU32 == pData->bitPara",
          "identifiers": [
            "bitPara",
            "pData",
            "srcDataU32"
          ]
        },
        {
          "line": 217,
          "kind": "if",
          "expression": "*firstTime == TRUE32",
          "identifiers": [
            "TRUE32",
            "firstTime"
          ]
        },
        {
          "line": 225,
          "kind": "if",
          "expression": "srcDataU08 == pData->bitPara",
          "identifiers": [
            "bitPara",
            "pData",
            "srcDataU08"
          ]
        },
        {
          "line": 239,
          "kind": "if",
          "expression": "*firstTime == TRUE32",
          "identifiers": [
            "TRUE32",
            "firstTime"
          ]
        },
        {
          "line": 247,
          "kind": "if",
          "expression": "srcDataU08 == pData->bitPara",
          "identifiers": [
            "bitPara",
            "pData",
            "srcDataU08"
          ]
        },
        {
          "line": 261,
          "kind": "if",
          "expression": "*firstTime == TRUE32",
          "identifiers": [
            "TRUE32",
            "firstTime"
          ]
        },
        {
          "line": 269,
          "kind": "if",
          "expression": "srcDataU08 == pData->bitPara",
          "identifiers": [
            "bitPara",
            "pData",
            "srcDataU08"
          ]
        },
        {
          "line": 284,
          "kind": "if",
          "expression": "*firstTime == TRUE32",
          "identifiers": [
            "TRUE32",
            "firstTime"
          ]
        },
        {
          "line": 290,
          "kind": "if",
          "expression": "sPackShift.bitIndex > 7",
          "identifiers": [
            "bitIndex",
            "sPackShift"
          ]
        }
      ],
      "switch_cases": [
        {
          "line": 46,
          "label": "case ORIGIN_1BIT_NULL"
        },
        {
          "line": 56,
          "label": "case ORIGIN_1BIT"
        },
        {
          "line": 68,
          "label": "case ORIGIN_2BIT"
        },
        {
          "line": 80,
          "label": "case ORIGIN_3BIT"
        },
        {
          "line": 92,
          "label": "case ORIGIN_4BIT"
        },
        {
          "line": 104,
          "label": "case ORIGIN_5BIT"
        },
        {
          "line": 116,
          "label": "case ORIGIN_6BIT"
        },
        {
          "line": 128,
          "label": "case ORIGIN_7BIT"
        },
        {
          "line": 140,
          "label": "case CONVERTE_FLOAT_20BIT"
        },
        {
          "line": 167,
          "label": "case CONVERTE_FLOAT_23BIT"
        },
        {
          "line": 194,
          "label": "case LOG_UI32_TF"
        },
        {
          "line": 214,
          "label": "case LOG_UI08_TF"
        },
        {
          "line": 235,
          "label": "case POWER_TF"
        },
        {
          "line": 257,
          "label": "case COM_ENA_TF"
        },
        {
          "line": 279,
          "label": "default"
        }
      ],
      "field_accesses": [
        {
          "line": 24,
          "object": "sTcmdDataConverte",
          "operator": ".",
          "field": "ui32",
          "access": "write",
          "name": "sTcmdDataConverte.ui32"
        },
        {
          "line": 31,
          "object": "sPackShift",
          "operator": ".",
          "field": "byteIndex",
          "access": "read",
          "name": "sPackShift.byteIndex"
        },
        {
          "line": 32,
          "object": "pData",
          "operator": "->",
          "field": "byteID",
          "access": "write",
          "name": "pData->byteID"
        },
        {
          "line": 32,
          "object": "sPackShift",
          "operator": ".",
          "field": "byteIndex",
          "access": "read",
          "name": "sPackShift.byteIndex"
        },
        {
          "line": 37,
          "object": "pData",
          "operator": "->",
          "field": "byteID",
          "access": "read",
          "name": "pData->byteID"
        },
        {
          "line": 38,
          "object": "pData",
          "operator": "->",
          "field": "type",
          "access": "read",
          "name": "pData->type"
        },
        {
          "line": 42,
          "object": "pData",
          "operator": "->",
          "field": "type",
          "access": "read",
          "name": "pData->type"
        },
        {
          "line": 49,
          "object": "sPackShift",
          "operator": ".",
          "field": "bitIndex",
          "access": "read",
          "name": "sPackShift.bitIndex"
        },
        {
          "line": 50,
          "object": "pData",
          "operator": "->",
          "field": "type",
          "access": "write",
          "name": "pData->type"
        },
        {
          "line": 59,
          "object": "sPackShift",
          "operator": ".",
          "field": "bitIndex",
          "access": "read",
          "name": "sPackShift.bitIndex"
        },
        {
          "line": 60,
          "object": "pData",
          "operator": "->",
          "field": "type",
          "access": "write",
          "name": "pData->type"
        },
        {
          "line": 64,
          "object": "pData",
          "operator": "->",
          "field": "pSrc",
          "access": "read",
          "name": "pData->pSrc"
        },
        {
          "line": 71,
          "object": "sPackShift",
          "operator": ".",
          "field": "bitIndex",
          "access": "read",
          "name": "sPackShift.bitIndex"
        },
        {
          "line": 72,
          "object": "pData",
          "operator": "->",
          "field": "type",
          "access": "write",
          "name": "pData->type"
        },
        {
          "line": 76,
          "object": "pData",
          "operator": "->",
          "field": "pSrc",
          "access": "read",
          "name": "pData->pSrc"
        },
        {
          "line": 83,
          "object": "sPackShift",
          "operator": ".",
          "field": "bitIndex",
          "access": "read",
          "name": "sPackShift.bitIndex"
        },
        {
          "line": 84,
          "object": "pData",
          "operator": "->",
          "field": "type",
          "access": "write",
          "name": "pData->type"
        },
        {
          "line": 88,
          "object": "pData",
          "operator": "->",
          "field": "pSrc",
          "access": "read",
          "name": "pData->pSrc"
        },
        {
          "line": 95,
          "object": "sPackShift",
          "operator": ".",
          "field": "bitIndex",
          "access": "read",
          "name": "sPackShift.bitIndex"
        },
        {
          "line": 96,
          "object": "pData",
          "operator": "->",
          "field": "type",
          "access": "write",
          "name": "pData->type"
        },
        {
          "line": 100,
          "object": "pData",
          "operator": "->",
          "field": "pSrc",
          "access": "read",
          "name": "pData->pSrc"
        },
        {
          "line": 107,
          "object": "sPackShift",
          "operator": ".",
          "field": "bitIndex",
          "access": "read",
          "name": "sPackShift.bitIndex"
        },
        {
          "line": 108,
          "object": "pData",
          "operator": "->",
          "field": "type",
          "access": "write",
          "name": "pData->type"
        },
        {
          "line": 112,
          "object": "pData",
          "operator": "->",
          "field": "pSrc",
          "access": "read",
          "name": "pData->pSrc"
        },
        {
          "line": 119,
          "object": "sPackShift",
          "operator": ".",
          "field": "bitIndex",
          "access": "read",
          "name": "sPackShift.bitIndex"
        },
        {
          "line": 120,
          "object": "pData",
          "operator": "->",
          "field": "type",
          "access": "write",
          "name": "pData->type"
        },
        {
          "line": 124,
          "object": "pData",
          "operator": "->",
          "field": "pSrc",
          "access": "read",
          "name": "pData->pSrc"
        },
        {
          "line": 131,
          "object": "sPackShift",
          "operator": ".",
          "field": "bitIndex",
          "access": "read",
          "name": "sPackShift.bitIndex"
        },
        {
          "line": 132,
          "object": "pData",
          "operator": "->",
          "field": "type",
          "access": "write",
          "name": "pData->type"
        },
        {
          "line": 136,
          "object": "pData",
          "operator": "->",
          "field": "pSrc",
          "access": "read",
          "name": "pData->pSrc"
        },
        {
          "line": 142,
          "object": "pData",
          "operator": "->",
          "field": "pSrc",
          "access": "read",
          "name": "pData->pSrc"
        },
        {
          "line": 143,
          "object": "pData",
          "operator": "->",
          "field": "eq",
          "access": "read",
          "name": "pData->eq"
        },
        {
          "line": 148,
          "object": "sPackShift",
          "operator": ".",
          "field": "bitIndex",
          "access": "read",
          "name": "sPackShift.bitIndex"
        },
        {
          "line": 149,
          "object": "pData",
          "operator": "->",
          "field": "type",
          "access": "write",
          "name": "pData->type"
        },
        {
          "line": 157,
          "object": "sTcmdDataConverte",
          "operator": ".",
          "field": "ui32",
          "access": "read",
          "name": "sTcmdDataConverte.ui32"
        },
        {
          "line": 158,
          "object": "sTcmdDataConverte",
          "operator": ".",
          "field": "ui32",
          "access": "read",
          "name": "sTcmdDataConverte.ui32"
        },
        {
          "line": 161,
          "object": "sTcmdDataConverte",
          "operator": ".",
          "field": "ui32",
          "access": "read",
          "name": "sTcmdDataConverte.ui32"
        },
        {
          "line": 162,
          "object": "sTcmdDataConverte",
          "operator": ".",
          "field": "ui32",
          "access": "read",
          "name": "sTcmdDataConverte.ui32"
        },
        {
          "line": 163,
          "object": "sTcmdDataConverte",
          "operator": ".",
          "field": "ui32",
          "access": "read",
          "name": "sTcmdDataConverte.ui32"
        },
        {
          "line": 164,
          "object": "sTcmdDataConverte",
          "operator": ".",
          "field": "ui32",
          "access": "read",
          "name": "sTcmdDataConverte.ui32"
        },
        {
          "line": 169,
          "object": "pData",
          "operator": "->",
          "field": "pSrc",
          "access": "read",
          "name": "pData->pSrc"
        },
        {
          "line": 170,
          "object": "pData",
          "operator": "->",
          "field": "eq",
          "access": "read",
          "name": "pData->eq"
        },
        {
          "line": 175,
          "object": "sPackShift",
          "operator": ".",
          "field": "bitIndex",
          "access": "read",
          "name": "sPackShift.bitIndex"
        },
        {
          "line": 176,
          "object": "pData",
          "operator": "->",
          "field": "type",
          "access": "write",
          "name": "pData->type"
        },
        {
          "line": 184,
          "object": "sTcmdDataConverte",
          "operator": ".",
          "field": "ui32",
          "access": "read",
          "name": "sTcmdDataConverte.ui32"
        },
        {
          "line": 185,
          "object": "sTcmdDataConverte",
          "operator": ".",
          "field": "ui32",
          "access": "read",
          "name": "sTcmdDataConverte.ui32"
        },
        {
          "line": 188,
          "object": "sTcmdDataConverte",
          "operator": ".",
          "field": "ui32",
          "access": "read",
          "name": "sTcmdDataConverte.ui32"
        },
        {
          "line": 189,
          "object": "sTcmdDataConverte",
          "operator": ".",
          "field": "ui32",
          "access": "read",
          "name": "sTcmdDataConverte.ui32"
        },
        {
          "line": 190,
          "object": "sTcmdDataConverte",
          "operator": ".",
          "field": "ui32",
          "access": "read",
          "name": "sTcmdDataConverte.ui32"
        },
        {
          "line": 191,
          "object": "sTcmdDataConverte",
          "operator": ".",
          "field": "ui32",
          "access": "read",
          "name": "sTcmdDataConverte.ui32"
        },
        {
          "line": 195,
          "object": "pData",
          "operator": "->",
          "field": "pSrc",
          "access": "read",
          "name": "pData->pSrc"
        },
        {
          "line": 198,
          "object": "sPackShift",
          "operator": ".",
          "field": "bitIndex",
          "access": "read",
          "name": "sPackShift.bitIndex"
        },
        {
          "line": 199,
          "object": "pData",
          "operator": "->",
          "field": "type",
          "access": "write",
          "name": "pData->type"
        },
        {
          "line": 204,
          "object": "pData",
          "operator": "->",
          "field": "bitPara",
          "access": "read",
          "name": "pData->bitPara"
        },
        {
          "line": 215,
          "object": "pData",
          "operator": "->",
          "field": "pSrc",
          "access": "read",
          "name": "pData->pSrc"
        },
        {
          "line": 219,
          "object": "sPackShift",
          "operator": ".",
          "field": "bitIndex",
          "access": "read",
          "name": "sPackShift.bitIndex"
        },
        {
          "line": 220,
          "object": "pData",
          "operator": "->",
          "field": "type",
          "access": "write",
          "name": "pData->type"
        },
        {
          "line": 225,
          "object": "pData",
          "operator": "->",
          "field": "bitPara",
          "access": "read",
          "name": "pData->bitPara"
        },
        {
          "line": 236,
          "object": "pData",
          "operator": "->",
          "field": "pSrc",
          "access": "read",
          "name": "pData->pSrc"
        },
        {
          "line": 241,
          "object": "sPackShift",
          "operator": ".",
          "field": "bitIndex",
          "access": "read",
          "name": "sPackShift.bitIndex"
        },
        {
          "line": 242,
          "object": "pData",
          "operator": "->",
          "field": "type",
          "access": "write",
          "name": "pData->type"
        },
        {
          "line": 247,
          "object": "pData",
          "operator": "->",
          "field": "bitPara",
          "access": "read",
          "name": "pData->bitPara"
        },
        {
          "line": 258,
          "object": "pData",
          "operator": "->",
          "field": "pSrc",
          "access": "read",
          "name": "pData->pSrc"
        },
        {
          "line": 263,
          "object": "sPackShift",
          "operator": ".",
          "field": "bitIndex",
          "access": "read",
          "name": "sPackShift.bitIndex"
        },
        {
          "line": 264,
          "object": "pData",
          "operator": "->",
          "field": "type",
          "access": "write",
          "name": "pData->type"
        },
        {
          "line": 269,
          "object": "pData",
          "operator": "->",
          "field": "bitPara",
          "access": "read",
          "name": "pData->bitPara"
        },
        {
          "line": 286,
          "object": "sPackShift",
          "operator": ".",
          "field": "bitIndex",
          "access": "write",
          "name": "sPackShift.bitIndex"
        },
        {
          "line": 286,
          "object": "sPackShift",
          "operator": ".",
          "field": "bitIndex",
          "access": "read",
          "name": "sPackShift.bitIndex"
        },
        {
          "line": 287,
          "object": "sPackShift",
          "operator": ".",
          "field": "byteIndex",
          "access": "write",
          "name": "sPackShift.byteIndex"
        },
        {
          "line": 287,
          "object": "sPackShift",
          "operator": ".",
          "field": "byteIndex",
          "access": "read",
          "name": "sPackShift.byteIndex"
        },
        {
          "line": 290,
          "object": "sPackShift",
          "operator": ".",
          "field": "bitIndex",
          "access": "read",
          "name": "sPackShift.bitIndex"
        },
        {
          "line": 292,
          "object": "sPackShift",
          "operator": ".",
          "field": "bitIndex",
          "access": "write",
          "name": "sPackShift.bitIndex"
        },
        {
          "line": 292,
          "object": "sPackShift",
          "operator": ".",
          "field": "bitIndex",
          "access": "read",
          "name": "sPackShift.bitIndex"
        },
        {
          "line": 293,
          "object": "sPackShift",
          "operator": ".",
          "field": "byteIndex",
          "access": "write",
          "name": "sPackShift.byteIndex"
        },
        {
          "line": 293,
          "object": "sPackShift",
          "operator": ".",
          "field": "byteIndex",
          "access": "read",
          "name": "sPackShift.byteIndex"
        },
        {
          "line": 297,
          "object": "sPackShift",
          "operator": ".",
          "field": "byteIndex",
          "access": "read",
          "name": "sPackShift.byteIndex"
        }
      ],
      "returns": [
        {
          "line": 300,
          "expression": "",
          "identifiers": []
        }
      ],
      "macro_uses": [
        {
          "name": "ADDR_READ",
          "line": 236,
          "known": false
        },
        {
          "name": "ADDR_READ",
          "line": 258,
          "known": false
        },
        {
          "name": "ASSERT",
          "line": 297,
          "known": false
        },
        {
          "name": "COM_ENA_TF",
          "line": 257,
          "known": false
        },
        {
          "name": "COM_ENA_TF",
          "line": 264,
          "known": false
        },
        {
          "name": "CONVERTE_FLOAT_20BIT",
          "line": 140,
          "known": false
        },
        {
          "name": "CONVERTE_FLOAT_20BIT",
          "line": 149,
          "known": false
        },
        {
          "name": "CONVERTE_FLOAT_23BIT",
          "line": 167,
          "known": false
        },
        {
          "name": "CONVERTE_FLOAT_23BIT",
          "line": 176,
          "known": false
        },
        {
          "name": "DBL_TO_UN32",
          "line": 144,
          "known": false
        },
        {
          "name": "DBL_TO_UN32",
          "line": 171,
          "known": false
        },
        {
          "name": "DEV_GET_COMM",
          "line": 259,
          "known": false
        },
        {
          "name": "DEV_GET_POWER",
          "line": 237,
          "known": false
        },
        {
          "name": "FLT64_ZERO",
          "line": 143,
          "known": false
        },
        {
          "name": "FLT64_ZERO",
          "line": 170,
          "known": false
        },
        {
          "name": "LOG_UI08_TF",
          "line": 214,
          "known": false
        },
        {
          "name": "LOG_UI08_TF",
          "line": 220,
          "known": false
        },
        {
          "name": "LOG_UI32_TF",
          "line": 194,
          "known": false
        },
        {
          "name": "LOG_UI32_TF",
          "line": 199,
          "known": false
        },
        {
          "name": "ORIGIN_1BIT",
          "line": 56,
          "known": false
        },
        {
          "name": "ORIGIN_1BIT",
          "line": 60,
          "known": false
        },
        {
          "name": "ORIGIN_1BIT_NULL",
          "line": 46,
          "known": false
        },
        {
          "name": "ORIGIN_1BIT_NULL",
          "line": 50,
          "known": false
        },
        {
          "name": "ORIGIN_2BIT",
          "line": 68,
          "known": false
        },
        {
          "name": "ORIGIN_2BIT",
          "line": 72,
          "known": false
        },
        {
          "name": "ORIGIN_3BIT",
          "line": 80,
          "known": false
        },
        {
          "name": "ORIGIN_3BIT",
          "line": 84,
          "known": false
        },
        {
          "name": "ORIGIN_4BIT",
          "line": 92,
          "known": false
        },
        {
          "name": "ORIGIN_4BIT",
          "line": 96,
          "known": false
        },
        {
          "name": "ORIGIN_5BIT",
          "line": 104,
          "known": false
        },
        {
          "name": "ORIGIN_5BIT",
          "line": 108,
          "known": false
        },
        {
          "name": "ORIGIN_6BIT",
          "line": 116,
          "known": false
        },
        {
          "name": "ORIGIN_6BIT",
          "line": 120,
          "known": false
        },
        {
          "name": "ORIGIN_7BIT",
          "line": 128,
          "known": false
        },
        {
          "name": "ORIGIN_7BIT",
          "line": 132,
          "known": false
        },
        {
          "name": "POWER_TF",
          "line": 235,
          "known": false
        },
        {
          "name": "POWER_TF",
          "line": 242,
          "known": false
        },
        {
          "name": "TRUE32",
          "line": 29,
          "known": false
        },
        {
          "name": "TRUE32",
          "line": 47,
          "known": false
        },
        {
          "name": "TRUE32",
          "line": 57,
          "known": false
        },
        {
          "name": "TRUE32",
          "line": 69,
          "known": false
        },
        {
          "name": "TRUE32",
          "line": 81,
          "known": false
        },
        {
          "name": "TRUE32",
          "line": 93,
          "known": false
        },
        {
          "name": "TRUE32",
          "line": 105,
          "known": false
        },
        {
          "name": "TRUE32",
          "line": 117,
          "known": false
        },
        {
          "name": "TRUE32",
          "line": 129,
          "known": false
        },
        {
          "name": "TRUE32",
          "line": 146,
          "known": false
        },
        {
          "name": "TRUE32",
          "line": 173,
          "known": false
        },
        {
          "name": "TRUE32",
          "line": 196,
          "known": false
        },
        {
          "name": "TRUE32",
          "line": 217,
          "known": false
        },
        {
          "name": "TRUE32",
          "line": 239,
          "known": false
        },
        {
          "name": "TRUE32",
          "line": 261,
          "known": false
        },
        {
          "name": "TRUE32",
          "line": 284,
          "known": false
        },
        {
          "name": "UI08_BIT_CLR",
          "line": 53,
          "known": false
        },
        {
          "name": "UI08_BIT_CLR",
          "line": 210,
          "known": false
        },
        {
          "name": "UI08_BIT_CLR",
          "line": 231,
          "known": false
        },
        {
          "name": "UI08_BIT_CLR",
          "line": 253,
          "known": false
        },
        {
          "name": "UI08_BIT_CLR",
          "line": 275,
          "known": false
        },
        {
          "name": "UI08_BIT_SET",
          "line": 206,
          "known": false
        },
        {
          "name": "UI08_BIT_SET",
          "line": 227,
          "known": false
        },
        {
          "name": "UI08_BIT_SET",
          "line": 249,
          "known": false
        },
        {
          "name": "UI08_BIT_SET",
          "line": 271,
          "known": false
        },
        {
          "name": "UI08_BIT_SET1",
          "line": 65,
          "known": false
        },
        {
          "name": "UI08_BIT_SET2",
          "line": 77,
          "known": false
        },
        {
          "name": "UI08_BIT_SET3",
          "line": 89,
          "known": false
        },
        {
          "name": "UI08_BIT_SET4",
          "line": 101,
          "known": false
        },
        {
          "name": "UI08_BIT_SET5",
          "line": 113,
          "known": false
        },
        {
          "name": "UI08_BIT_SET6",
          "line": 125,
          "known": false
        },
        {
          "name": "UI08_BIT_SET7",
          "line": 137,
          "known": false
        },
        {
          "name": "UI32_BIT_SET20",
          "line": 158,
          "known": false
        },
        {
          "name": "UI32_BIT_SET23",
          "line": 185,
          "known": false
        },
        {
          "name": "UI32_BIT_SET8",
          "line": 157,
          "known": false
        },
        {
          "name": "UI32_BIT_SET8",
          "line": 184,
          "known": false
        },
        {
          "name": "UI32_HI16",
          "line": 42,
          "known": false
        },
        {
          "name": "UI32_HIHI8",
          "line": 161,
          "known": false
        },
        {
          "name": "UI32_HIHI8",
          "line": 188,
          "known": false
        },
        {
          "name": "UI32_HILO8",
          "line": 162,
          "known": false
        },
        {
          "name": "UI32_HILO8",
          "line": 189,
          "known": false
        },
        {
          "name": "UI32_LO16",
          "line": 38,
          "known": false
        },
        {
          "name": "UI32_LOHI8",
          "line": 163,
          "known": false
        },
        {
          "name": "UI32_LOHI8",
          "line": 190,
          "known": false
        },
        {
          "name": "UI32_LOLO8",
          "line": 164,
          "known": false
        },
        {
          "name": "UI32_LOLO8",
          "line": 191,
          "known": false
        },
        {
          "name": "UI32_MAKE16",
          "line": 50,
          "known": false
        },
        {
          "name": "UI32_MAKE16",
          "line": 60,
          "known": false
        },
        {
          "name": "UI32_MAKE16",
          "line": 72,
          "known": false
        },
        {
          "name": "UI32_MAKE16",
          "line": 84,
          "known": false
        },
        {
          "name": "UI32_MAKE16",
          "line": 96,
          "known": false
        },
        {
          "name": "UI32_MAKE16",
          "line": 108,
          "known": false
        },
        {
          "name": "UI32_MAKE16",
          "line": 120,
          "known": false
        },
        {
          "name": "UI32_MAKE16",
          "line": 132,
          "known": false
        },
        {
          "name": "UI32_MAKE16",
          "line": 149,
          "known": false
        },
        {
          "name": "UI32_MAKE16",
          "line": 176,
          "known": false
        },
        {
          "name": "UI32_MAKE16",
          "line": 199,
          "known": false
        },
        {
          "name": "UI32_MAKE16",
          "line": 220,
          "known": false
        },
        {
          "name": "UI32_MAKE16",
          "line": 242,
          "known": false
        },
        {
          "name": "UI32_MAKE16",
          "line": 264,
          "known": false
        }
      ],
      "type_uses": [],
      "value_ranges": [
        {
          "symbol": "bitPos",
          "range": "[0, 4294967295]",
          "min": 0.0,
          "max": 4294967295.0,
          "evidence": [
            "decl unint32@14",
            "literal@33"
          ]
        },
        {
          "symbol": "bitType",
          "range": "[0, 4294967295]",
          "min": 0.0,
          "max": 4294967295.0,
          "evidence": [
            "decl unint32@16"
          ]
        },
        {
          "symbol": "lengthofAddress",
          "range": "[0, 4294967295]",
          "min": 0.0,
          "max": 4294967295.0,
          "evidence": [
            "type unint32"
          ]
        },
        {
          "symbol": "pBuf",
          "range": "[0, 255]",
          "min": 0.0,
          "max": 255.0,
          "evidence": [
            "type unint08"
          ]
        },
        {
          "symbol": "pDst",
          "range": "[0, 255]",
          "min": 0.0,
          "max": 255.0,
          "evidence": [
            "decl unint08@17"
          ]
        },
        {
          "symbol": "sTcmdDataConverte.ui32",
          "range": "[0, 0]",
          "min": 0.0,
          "max": 0.0,
          "evidence": [
            "literal@24"
          ]
        },
        {
          "symbol": "srcDataF64",
          "range": "[-1.79769e+308, 1.79769e+308]",
          "min": -1.7976931348623157e+308,
          "max": 1.7976931348623157e+308,
          "evidence": [
            "decl float64@13"
          ]
        },
        {
          "symbol": "srcDataU08",
          "range": "[0, 255]",
          "min": 0.0,
          "max": 255.0,
          "evidence": [
            "decl unint08@9"
          ]
        },
        {
          "symbol": "srcDataU32",
          "range": "[0, 4294967295]",
          "min": 0.0,
          "max": 4294967295.0,
          "evidence": [
            "decl unint32@12"
          ]
        },
        {
          "symbol": "tmpGlobalBitIndex",
          "range": "[0, 4294967295]",
          "min": 0.0,
          "max": 4294967295.0,
          "evidence": [
            "decl unint32@19",
            "literal@26",
            "literal@51",
            "literal@61",
            "literal@73",
            "literal@85",
            "literal@97",
            "literal@109",
            "literal@121",
            "literal@133",
            "literal@153",
            "literal@180",
            "literal@200",
            "literal@221",
            "literal@243",
            "literal@265"
          ]
        },
        {
          "symbol": "tmpGlobalByteIndex",
          "range": "[0, 4294967295]",
          "min": 0.0,
          "max": 4294967295.0,
          "evidence": [
            "decl unint32@21",
            "literal@25",
            "literal@152",
            "literal@179"
          ]
        }
      ],
      "condition_ranges": [
        {
          "symbol": "firstTime",
          "range": "[1, 4294967295]",
          "min": 1.0,
          "max": 4294967295.0,
          "line": 29,
          "condition": "firstTime == TRUE32"
        },
        {
          "symbol": "firstTime",
          "range": "[1, 4294967295]",
          "min": 1.0,
          "max": 4294967295.0,
          "line": 47,
          "condition": "firstTime == TRUE32"
        },
        {
          "symbol": "firstTime",
          "range": "[1, 4294967295]",
          "min": 1.0,
          "max": 4294967295.0,
          "line": 57,
          "condition": "firstTime == TRUE32"
        },
        {
          "symbol": "firstTime",
          "range": "[1, 4294967295]",
          "min": 1.0,
          "max": 4294967295.0,
          "line": 69,
          "condition": "firstTime == TRUE32"
        },
        {
          "symbol": "firstTime",
          "range": "[1, 4294967295]",
          "min": 1.0,
          "max": 4294967295.0,
          "line": 81,
          "condition": "firstTime == TRUE32"
        },
        {
          "symbol": "firstTime",
          "range": "[1, 4294967295]",
          "min": 1.0,
          "max": 4294967295.0,
          "line": 93,
          "condition": "firstTime == TRUE32"
        },
        {
          "symbol": "firstTime",
          "range": "[1, 4294967295]",
          "min": 1.0,
          "max": 4294967295.0,
          "line": 105,
          "condition": "firstTime == TRUE32"
        },
        {
          "symbol": "firstTime",
          "range": "[1, 4294967295]",
          "min": 1.0,
          "max": 4294967295.0,
          "line": 117,
          "condition": "firstTime == TRUE32"
        },
        {
          "symbol": "firstTime",
          "range": "[1, 4294967295]",
          "min": 1.0,
          "max": 4294967295.0,
          "line": 129,
          "condition": "firstTime == TRUE32"
        },
        {
          "symbol": "firstTime",
          "range": "[1, 4294967295]",
          "min": 1.0,
          "max": 4294967295.0,
          "line": 146,
          "condition": "firstTime == TRUE32"
        },
        {
          "symbol": "firstTime",
          "range": "[1, 4294967295]",
          "min": 1.0,
          "max": 4294967295.0,
          "line": 173,
          "condition": "firstTime == TRUE32"
        },
        {
          "symbol": "firstTime",
          "range": "[1, 4294967295]",
          "min": 1.0,
          "max": 4294967295.0,
          "line": 196,
          "condition": "firstTime == TRUE32"
        },
        {
          "symbol": "firstTime",
          "range": "[1, 4294967295]",
          "min": 1.0,
          "max": 4294967295.0,
          "line": 217,
          "condition": "firstTime == TRUE32"
        },
        {
          "symbol": "firstTime",
          "range": "[1, 4294967295]",
          "min": 1.0,
          "max": 4294967295.0,
          "line": 239,
          "condition": "firstTime == TRUE32"
        },
        {
          "symbol": "firstTime",
          "range": "[1, 4294967295]",
          "min": 1.0,
          "max": 4294967295.0,
          "line": 261,
          "condition": "firstTime == TRUE32"
        },
        {
          "symbol": "firstTime",
          "range": "[1, 4294967295]",
          "min": 1.0,
          "max": 4294967295.0,
          "line": 284,
          "condition": "firstTime == TRUE32"
        },
        {
          "symbol": "sPackShift.bitIndex",
          "range": "[8, 1.79769e+308]",
          "min": 8.0,
          "max": 1.7976931348623157e+308,
          "line": 290,
          "condition": "sPackShift.bitIndex > 7"
        }
      ],
      "reads": [
        "ADDR_READ",
        "COM_ENA_TF",
        "CONVERTE_FLOAT_20BIT",
        "CONVERTE_FLOAT_23BIT",
        "DBL_TO_UN32",
        "DEV_GET_COMM",
        "DEV_GET_POWER",
        "FLT64_ZERO",
        "LOG_UI08_TF",
        "LOG_UI32_TF",
        "NZ",
        "ORIGIN_1BIT",
        "ORIGIN_1BIT_NULL",
        "ORIGIN_2BIT",
        "ORIGIN_3BIT",
        "ORIGIN_4BIT",
        "ORIGIN_5BIT",
        "ORIGIN_6BIT",
        "ORIGIN_7BIT",
        "POWER_TF",
        "TRUE32",
        "UI32_HI16",
        "UI32_HIHI8",
        "UI32_HILO8",
        "UI32_LO16",
        "UI32_LOHI8",
        "UI32_LOLO8",
        "UI32_MAKE16",
        "bitIndex",
        "bitPara",
        "byteID",
        "byteIndex",
        "eq",
        "float64",
        "pSrc",
        "sPackShift",
        "type",
        "ui32",
        "unint08",
        "unint32"
      ],
      "writes": [
        "bitPos",
        "bitType",
        "pData",
        "pDst",
        "sPackShift",
        "sTcmdDataConverte",
        "srcDataF64",
        "srcDataU08",
        "srcDataU32",
        "tmpGlobalBitIndex",
        "tmpGlobalByteIndex"
      ],
      "global_reads": [],
      "global_writes": [],
      "input_fields": [
        "pData->bitPara",
        "pData->byteID",
        "pData->eq",
        "pData->pSrc",
        "pData->type",
        "sPackShift.bitIndex",
        "sPackShift.byteIndex",
        "sTcmdDataConverte.ui32"
      ],
      "output_fields": [
        "pData->byteID",
        "pData->type",
        "sPackShift.bitIndex",
        "sPackShift.byteIndex",
        "sTcmdDataConverte.ui32"
      ],
      "undefined_calls": [
        "ADDR_READ",
        "ASSERT",
        "DBL_TO_UN32",
        "DEV_GET_COMM",
        "DEV_GET_POWER",
        "NZ",
        "UI08_BIT_CLR",
        "UI08_BIT_SET",
        "UI08_BIT_SET1",
        "UI08_BIT_SET2",
        "UI08_BIT_SET3",
        "UI08_BIT_SET4",
        "UI08_BIT_SET5",
        "UI08_BIT_SET6",
        "UI08_BIT_SET7",
        "UI32_BIT_SET20",
        "UI32_BIT_SET23",
        "UI32_BIT_SET8",
        "UI32_HI16",
        "UI32_HIHI8",
        "UI32_HILO8",
        "UI32_LO16",
        "UI32_LOHI8",
        "UI32_LOLO8",
        "UI32_MAKE16"
      ],
      "invariants": [
        {
          "kind": "value_range",
          "text": "bitPos in [0, 4294967295]",
          "confidence": "medium",
          "evidence": "decl unint32@14; literal@33",
          "symbol": "bitPos",
          "min": 0.0,
          "max": 4294967295.0
        },
        {
          "kind": "value_range",
          "text": "bitType in [0, 4294967295]",
          "confidence": "medium",
          "evidence": "decl unint32@16",
          "symbol": "bitType",
          "min": 0.0,
          "max": 4294967295.0
        },
        {
          "kind": "value_range",
          "text": "lengthofAddress in [0, 4294967295]",
          "confidence": "medium",
          "evidence": "type unint32",
          "symbol": "lengthofAddress",
          "min": 0.0,
          "max": 4294967295.0
        },
        {
          "kind": "value_range",
          "text": "pBuf in [0, 255]",
          "confidence": "medium",
          "evidence": "type unint08",
          "symbol": "pBuf",
          "min": 0.0,
          "max": 255.0
        },
        {
          "kind": "value_range",
          "text": "pDst in [0, 255]",
          "confidence": "medium",
          "evidence": "decl unint08@17",
          "symbol": "pDst",
          "min": 0.0,
          "max": 255.0
        },
        {
          "kind": "value_range",
          "text": "sTcmdDataConverte.ui32 in [0, 0]",
          "confidence": "medium",
          "evidence": "literal@24",
          "symbol": "sTcmdDataConverte.ui32",
          "min": 0.0,
          "max": 0.0
        },
        {
          "kind": "value_range",
          "text": "srcDataF64 in [-1.79769e+308, 1.79769e+308]",
          "confidence": "medium",
          "evidence": "decl float64@13",
          "symbol": "srcDataF64",
          "min": -1.7976931348623157e+308,
          "max": 1.7976931348623157e+308
        },
        {
          "kind": "value_range",
          "text": "srcDataU08 in [0, 255]",
          "confidence": "medium",
          "evidence": "decl unint08@9",
          "symbol": "srcDataU08",
          "min": 0.0,
          "max": 255.0
        },
        {
          "kind": "value_range",
          "text": "srcDataU32 in [0, 4294967295]",
          "confidence": "medium",
          "evidence": "decl unint32@12",
          "symbol": "srcDataU32",
          "min": 0.0,
          "max": 4294967295.0
        },
        {
          "kind": "value_range",
          "text": "tmpGlobalBitIndex in [0, 4294967295]",
          "confidence": "medium",
          "evidence": "decl unint32@19; literal@26; literal@51; literal@61; literal@73; literal@85; literal@97; literal@109; literal@121; literal@133; literal@153; literal@180; literal@200; literal@221; literal@243; literal@265",
          "symbol": "tmpGlobalBitIndex",
          "min": 0.0,
          "max": 4294967295.0
        },
        {
          "kind": "value_range",
          "text": "tmpGlobalByteIndex in [0, 4294967295]",
          "confidence": "medium",
          "evidence": "decl unint32@21; literal@25; literal@152; literal@179",
          "symbol": "tmpGlobalByteIndex",
          "min": 0.0,
          "max": 4294967295.0
        },
        {
          "kind": "condition_range",
          "text": "firstTime in [1, 4294967295] when firstTime == TRUE32",
          "confidence": "high",
          "line": 29,
          "evidence": "firstTime == TRUE32",
          "symbol": "firstTime",
          "min": 1.0,
          "max": 4294967295.0
        },
        {
          "kind": "condition_range",
          "text": "firstTime in [1, 4294967295] when firstTime == TRUE32",
          "confidence": "high",
          "line": 47,
          "evidence": "firstTime == TRUE32",
          "symbol": "firstTime",
          "min": 1.0,
          "max": 4294967295.0
        },
        {
          "kind": "condition_range",
          "text": "firstTime in [1, 4294967295] when firstTime == TRUE32",
          "confidence": "high",
          "line": 57,
          "evidence": "firstTime == TRUE32",
          "symbol": "firstTime",
          "min": 1.0,
          "max": 4294967295.0
        },
        {
          "kind": "condition_range",
          "text": "firstTime in [1, 4294967295] when firstTime == TRUE32",
          "confidence": "high",
          "line": 69,
          "evidence": "firstTime == TRUE32",
          "symbol": "firstTime",
          "min": 1.0,
          "max": 4294967295.0
        },
        {
          "kind": "condition_range",
          "text": "firstTime in [1, 4294967295] when firstTime == TRUE32",
          "confidence": "high",
          "line": 81,
          "evidence": "firstTime == TRUE32",
          "symbol": "firstTime",
          "min": 1.0,
          "max": 4294967295.0
        },
        {
          "kind": "condition_range",
          "text": "firstTime in [1, 4294967295] when firstTime == TRUE32",
          "confidence": "high",
          "line": 93,
          "evidence": "firstTime == TRUE32",
          "symbol": "firstTime",
          "min": 1.0,
          "max": 4294967295.0
        },
        {
          "kind": "condition_range",
          "text": "firstTime in [1, 4294967295] when firstTime == TRUE32",
          "confidence": "high",
          "line": 105,
          "evidence": "firstTime == TRUE32",
          "symbol": "firstTime",
          "min": 1.0,
          "max": 4294967295.0
        },
        {
          "kind": "condition_range",
          "text": "firstTime in [1, 4294967295] when firstTime == TRUE32",
          "confidence": "high",
          "line": 117,
          "evidence": "firstTime == TRUE32",
          "symbol": "firstTime",
          "min": 1.0,
          "max": 4294967295.0
        },
        {
          "kind": "condition_range",
          "text": "firstTime in [1, 4294967295] when firstTime == TRUE32",
          "confidence": "high",
          "line": 129,
          "evidence": "firstTime == TRUE32",
          "symbol": "firstTime",
          "min": 1.0,
          "max": 4294967295.0
        },
        {
          "kind": "condition_range",
          "text": "firstTime in [1, 4294967295] when firstTime == TRUE32",
          "confidence": "high",
          "line": 146,
          "evidence": "firstTime == TRUE32",
          "symbol": "firstTime",
          "min": 1.0,
          "max": 4294967295.0
        },
        {
          "kind": "condition_range",
          "text": "firstTime in [1, 4294967295] when firstTime == TRUE32",
          "confidence": "high",
          "line": 173,
          "evidence": "firstTime == TRUE32",
          "symbol": "firstTime",
          "min": 1.0,
          "max": 4294967295.0
        },
        {
          "kind": "condition_range",
          "text": "firstTime in [1, 4294967295] when firstTime == TRUE32",
          "confidence": "high",
          "line": 196,
          "evidence": "firstTime == TRUE32",
          "symbol": "firstTime",
          "min": 1.0,
          "max": 4294967295.0
        },
        {
          "kind": "condition_range",
          "text": "firstTime in [1, 4294967295] when firstTime == TRUE32",
          "confidence": "high",
          "line": 217,
          "evidence": "firstTime == TRUE32",
          "symbol": "firstTime",
          "min": 1.0,
          "max": 4294967295.0
        },
        {
          "kind": "condition_range",
          "text": "firstTime in [1, 4294967295] when firstTime == TRUE32",
          "confidence": "high",
          "line": 239,
          "evidence": "firstTime == TRUE32",
          "symbol": "firstTime",
          "min": 1.0,
          "max": 4294967295.0
        },
        {
          "kind": "condition_range",
          "text": "firstTime in [1, 4294967295] when firstTime == TRUE32",
          "confidence": "high",
          "line": 261,
          "evidence": "firstTime == TRUE32",
          "symbol": "firstTime",
          "min": 1.0,
          "max": 4294967295.0
        },
        {
          "kind": "condition_range",
          "text": "firstTime in [1, 4294967295] when firstTime == TRUE32",
          "confidence": "high",
          "line": 284,
          "evidence": "firstTime == TRUE32",
          "symbol": "firstTime",
          "min": 1.0,
          "max": 4294967295.0
        },
        {
          "kind": "condition_range",
          "text": "sPackShift.bitIndex in [8, 1.79769e+308] when sPackShift.bitIndex > 7",
          "confidence": "high",
          "line": 290,
          "evidence": "sPackShift.bitIndex > 7",
          "symbol": "sPackShift.bitIndex",
          "min": 8.0,
          "max": 1.7976931348623157e+308
        },
        {
          "kind": "branch_condition",
          "text": "inside if branch: *firstTime == TRUE32",
          "confidence": "high",
          "line": 29,
          "evidence": "*firstTime == TRUE32",
          "identifiers": [
            "TRUE32",
            "firstTime"
          ]
        },
        {
          "kind": "branch_condition",
          "text": "inside switch branch: bitType",
          "confidence": "high",
          "line": 44,
          "evidence": "bitType",
          "identifiers": [
            "bitType"
          ]
        },
        {
          "kind": "branch_condition",
          "text": "inside if branch: *firstTime == TRUE32",
          "confidence": "high",
          "line": 47,
          "evidence": "*firstTime == TRUE32",
          "identifiers": [
            "TRUE32",
            "firstTime"
          ]
        },
        {
          "kind": "branch_condition",
          "text": "inside if branch: *firstTime == TRUE32",
          "confidence": "high",
          "line": 57,
          "evidence": "*firstTime == TRUE32",
          "identifiers": [
            "TRUE32",
            "firstTime"
          ]
        },
        {
          "kind": "branch_condition",
          "text": "inside if branch: *firstTime == TRUE32",
          "confidence": "high",
          "line": 69,
          "evidence": "*firstTime == TRUE32",
          "identifiers": [
            "TRUE32",
            "firstTime"
          ]
        },
        {
          "kind": "branch_condition",
          "text": "inside if branch: *firstTime == TRUE32",
          "confidence": "high",
          "line": 81,
          "evidence": "*firstTime == TRUE32",
          "identifiers": [
            "TRUE32",
            "firstTime"
          ]
        },
        {
          "kind": "branch_condition",
          "text": "inside if branch: *firstTime == TRUE32",
          "confidence": "high",
          "line": 93,
          "evidence": "*firstTime == TRUE32",
          "identifiers": [
            "TRUE32",
            "firstTime"
          ]
        },
        {
          "kind": "branch_condition",
          "text": "inside if branch: *firstTime == TRUE32",
          "confidence": "high",
          "line": 105,
          "evidence": "*firstTime == TRUE32",
          "identifiers": [
            "TRUE32",
            "firstTime"
          ]
        },
        {
          "kind": "branch_condition",
          "text": "inside if branch: *firstTime == TRUE32",
          "confidence": "high",
          "line": 117,
          "evidence": "*firstTime == TRUE32",
          "identifiers": [
            "TRUE32",
            "firstTime"
          ]
        },
        {
          "kind": "branch_condition",
          "text": "inside if branch: *firstTime == TRUE32",
          "confidence": "high",
          "line": 129,
          "evidence": "*firstTime == TRUE32",
          "identifiers": [
            "TRUE32",
            "firstTime"
          ]
        },
        {
          "kind": "branch_condition",
          "text": "inside if branch: *firstTime == TRUE32",
          "confidence": "high",
          "line": 146,
          "evidence": "*firstTime == TRUE32",
          "identifiers": [
            "TRUE32",
            "firstTime"
          ]
        },
        {
          "kind": "branch_condition",
          "text": "inside if branch: *firstTime == TRUE32",
          "confidence": "high",
          "line": 173,
          "evidence": "*firstTime == TRUE32",
          "identifiers": [
            "TRUE32",
            "firstTime"
          ]
        },
        {
          "kind": "branch_condition",
          "text": "inside if branch: *firstTime == TRUE32",
          "confidence": "high",
          "line": 196,
          "evidence": "*firstTime == TRUE32",
          "identifiers": [
            "TRUE32",
            "firstTime"
          ]
        },
        {
          "kind": "branch_condition",
          "text": "inside if branch: srcDataU32 == pData->bitPara",
          "confidence": "high",
          "line": 204,
          "evidence": "srcDataU32 == pData->bitPara",
          "identifiers": [
            "bitPara",
            "pData",
            "srcDataU32"
          ]
        },
        {
          "kind": "branch_condition",
          "text": "inside if branch: *firstTime == TRUE32",
          "confidence": "high",
          "line": 217,
          "evidence": "*firstTime == TRUE32",
          "identifiers": [
            "TRUE32",
            "firstTime"
          ]
        },
        {
          "kind": "branch_condition",
          "text": "inside if branch: srcDataU08 == pData->bitPara",
          "confidence": "high",
          "line": 225,
          "evidence": "srcDataU08 == pData->bitPara",
          "identifiers": [
            "bitPara",
            "pData",
            "srcDataU08"
          ]
        },
        {
          "kind": "branch_condition",
          "text": "inside if branch: *firstTime == TRUE32",
          "confidence": "high",
          "line": 239,
          "evidence": "*firstTime == TRUE32",
          "identifiers": [
            "TRUE32",
            "firstTime"
          ]
        },
        {
          "kind": "branch_condition",
          "text": "inside if branch: srcDataU08 == pData->bitPara",
          "confidence": "high",
          "line": 247,
          "evidence": "srcDataU08 == pData->bitPara",
          "identifiers": [
            "bitPara",
            "pData",
            "srcDataU08"
          ]
        },
        {
          "kind": "branch_condition",
          "text": "inside if branch: *firstTime == TRUE32",
          "confidence": "high",
          "line": 261,
          "evidence": "*firstTime == TRUE32",
          "identifiers": [
            "TRUE32",
            "firstTime"
          ]
        },
        {
          "kind": "branch_condition",
          "text": "inside if branch: srcDataU08 == pData->bitPara",
          "confidence": "high",
          "line": 269,
          "evidence": "srcDataU08 == pData->bitPara",
          "identifiers": [
            "bitPara",
            "pData",
            "srcDataU08"
          ]
        },
        {
          "kind": "branch_condition",
          "text": "inside if branch: *firstTime == TRUE32",
          "confidence": "high",
          "line": 284,
          "evidence": "*firstTime == TRUE32",
          "identifiers": [
            "TRUE32",
            "firstTime"
          ]
        },
        {
          "kind": "branch_condition",
          "text": "inside if branch: sPackShift.bitIndex > 7",
          "confidence": "high",
          "line": 290,
          "evidence": "sPackShift.bitIndex > 7",
          "identifiers": [
            "bitIndex",
            "sPackShift"
          ]
        },
        {
          "kind": "assignment_value",
          "text": "sTcmdDataConverte.ui32 may be assigned 0",
          "confidence": "high",
          "line": 24,
          "evidence": "sTcmdDataConverte.ui32 = 0",
          "symbol": "sTcmdDataConverte.ui32",
          "value": "0"
        },
        {
          "kind": "reset",
          "text": "sTcmdDataConverte.ui32 is reset to 0",
          "confidence": "high",
          "line": 24,
          "evidence": "sTcmdDataConverte.ui32 = 0",
          "symbol": "sTcmdDataConverte.ui32"
        },
        {
          "kind": "assignment_value",
          "text": "tmpGlobalByteIndex may be assigned 0",
          "confidence": "high",
          "line": 25,
          "evidence": "tmpGlobalByteIndex = 0",
          "symbol": "tmpGlobalByteIndex",
          "value": "0"
        },
        {
          "kind": "reset",
          "text": "tmpGlobalByteIndex is reset to 0",
          "confidence": "high",
          "line": 25,
          "evidence": "tmpGlobalByteIndex = 0",
          "symbol": "tmpGlobalByteIndex"
        },
        {
          "kind": "assignment_value",
          "text": "tmpGlobalBitIndex may be assigned 0",
          "confidence": "high",
          "line": 26,
          "evidence": "tmpGlobalBitIndex = 0",
          "symbol": "tmpGlobalBitIndex",
          "value": "0"
        },
        {
          "kind": "reset",
          "text": "tmpGlobalBitIndex is reset to 0",
          "confidence": "high",
          "line": 26,
          "evidence": "tmpGlobalBitIndex = 0",
          "symbol": "tmpGlobalBitIndex"
        },
        {
          "kind": "assignment_value",
          "text": "bitPos may be assigned 0",
          "confidence": "high",
          "line": 33,
          "evidence": "bitPos = 0",
          "symbol": "bitPos",
          "value": "0"
        },
        {
          "kind": "reset",
          "text": "bitPos is reset to 0",
          "confidence": "high",
          "line": 33,
          "evidence": "bitPos = 0",
          "symbol": "bitPos"
        },
        {
          "kind": "assignment_value",
          "text": "tmpGlobalBitIndex may be assigned 1",
          "confidence": "high",
          "line": 51,
          "evidence": "tmpGlobalBitIndex = 1",
          "symbol": "tmpGlobalBitIndex",
          "value": "1"
        },
        {
          "kind": "assignment_value",
          "text": "tmpGlobalBitIndex may be assigned 1",
          "confidence": "high",
          "line": 61,
          "evidence": "tmpGlobalBitIndex = 1",
          "symbol": "tmpGlobalBitIndex",
          "value": "1"
        },
        {
          "kind": "assignment_value",
          "text": "tmpGlobalBitIndex may be assigned 2",
          "confidence": "high",
          "line": 73,
          "evidence": "tmpGlobalBitIndex = 2",
          "symbol": "tmpGlobalBitIndex",
          "value": "2"
        },
        {
          "kind": "assignment_value",
          "text": "tmpGlobalBitIndex may be assigned 3",
          "confidence": "high",
          "line": 85,
          "evidence": "tmpGlobalBitIndex = 3",
          "symbol": "tmpGlobalBitIndex",
          "value": "3"
        },
        {
          "kind": "assignment_value",
          "text": "tmpGlobalBitIndex may be assigned 4",
          "confidence": "high",
          "line": 97,
          "evidence": "tmpGlobalBitIndex = 4",
          "symbol": "tmpGlobalBitIndex",
          "value": "4"
        },
        {
          "kind": "assignment_value",
          "text": "tmpGlobalBitIndex may be assigned 5",
          "confidence": "high",
          "line": 109,
          "evidence": "tmpGlobalBitIndex = 5",
          "symbol": "tmpGlobalBitIndex",
          "value": "5"
        },
        {
          "kind": "assignment_value",
          "text": "tmpGlobalBitIndex may be assigned 6",
          "confidence": "high",
          "line": 121,
          "evidence": "tmpGlobalBitIndex = 6",
          "symbol": "tmpGlobalBitIndex",
          "value": "6"
        },
        {
          "kind": "assignment_value",
          "text": "tmpGlobalBitIndex may be assigned 7",
          "confidence": "high",
          "line": 133,
          "evidence": "tmpGlobalBitIndex = 7",
          "symbol": "tmpGlobalBitIndex",
          "value": "7"
        },
        {
          "kind": "assignment_value",
          "text": "tmpGlobalByteIndex may be assigned 2",
          "confidence": "high",
          "line": 152,
          "evidence": "tmpGlobalByteIndex = 2",
          "symbol": "tmpGlobalByteIndex",
          "value": "2"
        },
        {
          "kind": "assignment_value",
          "text": "tmpGlobalBitIndex may be assigned 4",
          "confidence": "high",
          "line": 153,
          "evidence": "tmpGlobalBitIndex = 4",
          "symbol": "tmpGlobalBitIndex",
          "value": "4"
        },
        {
          "kind": "assignment_value",
          "text": "tmpGlobalByteIndex may be assigned 2",
          "confidence": "high",
          "line": 179,
          "evidence": "tmpGlobalByteIndex = 2",
          "symbol": "tmpGlobalByteIndex",
          "value": "2"
        },
        {
          "kind": "assignment_value",
          "text": "tmpGlobalBitIndex may be assigned 7",
          "confidence": "high",
          "line": 180,
          "evidence": "tmpGlobalBitIndex = 7",
          "symbol": "tmpGlobalBitIndex",
          "value": "7"
        },
        {
          "kind": "assignment_value",
          "text": "tmpGlobalBitIndex may be assigned 1",
          "confidence": "high",
          "line": 200,
          "evidence": "tmpGlobalBitIndex = 1",
          "symbol": "tmpGlobalBitIndex",
          "value": "1"
        },
        {
          "kind": "assignment_value",
          "text": "tmpGlobalBitIndex may be assigned 1",
          "confidence": "high",
          "line": 221,
          "evidence": "tmpGlobalBitIndex = 1",
          "symbol": "tmpGlobalBitIndex",
          "value": "1"
        },
        {
          "kind": "assignment_value",
          "text": "tmpGlobalBitIndex may be assigned 1",
          "confidence": "high",
          "line": 243,
          "evidence": "tmpGlobalBitIndex = 1",
          "symbol": "tmpGlobalBitIndex",
          "value": "1"
        },
        {
          "kind": "assignment_value",
          "text": "tmpGlobalBitIndex may be assigned 1",
          "confidence": "high",
          "line": 265,
          "evidence": "tmpGlobalBitIndex = 1",
          "symbol": "tmpGlobalBitIndex",
          "value": "1"
        },
        {
          "kind": "assigned_value_set",
          "text": "tmpGlobalBitIndex assigned values are subset of {0, 1, 2, 3, 4, 5, 6, 7}",
          "confidence": "medium",
          "evidence": "literal/macro assignments",
          "symbol": "tmpGlobalBitIndex",
          "values": [
            "0",
            "1",
            "2",
            "3",
            "4",
            "5",
            "6",
            "7"
          ]
        },
        {
          "kind": "assigned_value_set",
          "text": "tmpGlobalByteIndex assigned values are subset of {0, 2}",
          "confidence": "medium",
          "evidence": "literal/macro assignments",
          "symbol": "tmpGlobalByteIndex",
          "values": [
            "0",
            "2"
          ]
        },
        {
          "kind": "modifies_fields",
          "text": "function may modify fields: pData->byteID, pData->type, sPackShift.bitIndex, sPackShift.byteIndex, sTcmdDataConverte.ui32",
          "confidence": "high",
          "evidence": "field writes",
          "fields": [
            "pData->byteID",
            "pData->type",
            "sPackShift.bitIndex",
            "sPackShift.byteIndex",
            "sTcmdDataConverte.ui32"
          ]
        },
        {
          "kind": "reads_fields",
          "text": "function may read fields: pData->bitPara, pData->byteID, pData->eq, pData->pSrc, pData->type, sPackShift.bitIndex, sPackShift.byteIndex, sTcmdDataConverte.ui32",
          "confidence": "high",
          "evidence": "field reads",
          "fields": [
            "pData->bitPara",
            "pData->byteID",
            "pData->eq",
            "pData->pSrc",
            "pData->type",
            "sPackShift.bitIndex",
            "sPackShift.byteIndex",
            "sTcmdDataConverte.ui32"
          ]
        },
        {
          "kind": "modifies_symbols",
          "text": "function may assign symbols: bitPos, bitType, pData->byteID, pData->type, pDst, pDst[0], pDst[1], pDst[2], pDst[3], sPackShift.bitIndex, sPackShift.byteIndex, sTcmdDataConverte.ui32, srcDataF64, srcDataU08, srcDataU32, tmpGlobalBitIndex, tmpGlobalByteIndex",
          "confidence": "medium",
          "evidence": "assignments",
          "symbols": [
            "bitPos",
            "bitType",
            "pData->byteID",
            "pData->type",
            "pDst",
            "pDst[0]",
            "pDst[1]",
            "pDst[2]",
            "pDst[3]",
            "sPackShift.bitIndex",
            "sPackShift.byteIndex",
            "sTcmdDataConverte.ui32",
            "srcDataF64",
            "srcDataU08",
            "srcDataU32",
            "tmpGlobalBitIndex",
            "tmpGlobalByteIndex"
          ]
        }
      ],
      "summary": {
        "requires_observed": [
          "inside if branch: *firstTime == TRUE32",
          "inside switch branch: bitType",
          "inside if branch: *firstTime == TRUE32",
          "inside if branch: *firstTime == TRUE32",
          "inside if branch: *firstTime == TRUE32",
          "inside if branch: *firstTime == TRUE32",
          "inside if branch: *firstTime == TRUE32",
          "inside if branch: *firstTime == TRUE32",
          "inside if branch: *firstTime == TRUE32",
          "inside if branch: *firstTime == TRUE32",
          "inside if branch: *firstTime == TRUE32",
          "inside if branch: *firstTime == TRUE32",
          "inside if branch: *firstTime == TRUE32",
          "inside if branch: srcDataU32 == pData->bitPara",
          "inside if branch: *firstTime == TRUE32",
          "inside if branch: srcDataU08 == pData->bitPara",
          "inside if branch: *firstTime == TRUE32",
          "inside if branch: srcDataU08 == pData->bitPara",
          "inside if branch: *firstTime == TRUE32",
          "inside if branch: srcDataU08 == pData->bitPara",
          "inside if branch: *firstTime == TRUE32",
          "inside if branch: sPackShift.bitIndex > 7"
        ],
        "modifies": [
          "pData->byteID",
          "pData->type",
          "sPackShift.bitIndex",
          "sPackShift.byteIndex",
          "sTcmdDataConverte.ui32"
        ],
        "ensures_observed": [
          "bitPos in [0, 4294967295]",
          "bitType in [0, 4294967295]",
          "lengthofAddress in [0, 4294967295]",
          "pBuf in [0, 255]",
          "pDst in [0, 255]",
          "sTcmdDataConverte.ui32 in [0, 0]",
          "srcDataF64 in [-1.79769e+308, 1.79769e+308]",
          "srcDataU08 in [0, 255]",
          "srcDataU32 in [0, 4294967295]",
          "tmpGlobalBitIndex in [0, 4294967295]",
          "tmpGlobalByteIndex in [0, 4294967295]",
          "sTcmdDataConverte.ui32 is reset to 0",
          "tmpGlobalByteIndex is reset to 0",
          "tmpGlobalBitIndex is reset to 0",
          "bitPos is reset to 0",
          "tmpGlobalBitIndex assigned values are subset of {0, 1, 2, 3, 4, 5, 6, 7}",
          "tmpGlobalByteIndex assigned values are subset of {0, 2}"
        ],
        "calls": [
          "UI32_LO16",
          "UI32_HI16",
          "UI32_MAKE16",
          "UI08_BIT_CLR",
          "UI32_MAKE16",
          "UI08_BIT_SET1",
          "UI32_MAKE16",
          "UI08_BIT_SET2",
          "UI32_MAKE16",
          "UI08_BIT_SET3",
          "UI32_MAKE16",
          "UI08_BIT_SET4",
          "UI32_MAKE16",
          "UI08_BIT_SET5",
          "UI32_MAKE16",
          "UI08_BIT_SET6",
          "UI32_MAKE16",
          "UI08_BIT_SET7",
          "NZ",
          "DBL_TO_UN32",
          "UI32_MAKE16",
          "UI32_BIT_SET8",
          "UI32_BIT_SET20",
          "UI32_HIHI8",
          "UI32_HILO8",
          "UI32_LOHI8",
          "UI32_LOLO8",
          "NZ",
          "DBL_TO_UN32",
          "UI32_MAKE16",
          "UI32_BIT_SET8",
          "UI32_BIT_SET23",
          "UI32_HIHI8",
          "UI32_HILO8",
          "UI32_LOHI8",
          "UI32_LOLO8",
          "UI32_MAKE16",
          "UI08_BIT_SET",
          "UI08_BIT_CLR",
          "UI32_MAKE16",
          "UI08_BIT_SET",
          "UI08_BIT_CLR",
          "ADDR_READ",
          "DEV_GET_POWER",
          "UI32_MAKE16",
          "UI08_BIT_SET",
          "UI08_BIT_CLR",
          "ADDR_READ",
          "DEV_GET_COMM",
          "UI32_MAKE16",
          "UI08_BIT_SET",
          "UI08_BIT_CLR",
          "ASSERT"
        ],
        "undefined_calls": [
          "ADDR_READ",
          "ASSERT",
          "DBL_TO_UN32",
          "DEV_GET_COMM",
          "DEV_GET_POWER",
          "NZ",
          "UI08_BIT_CLR",
          "UI08_BIT_SET",
          "UI08_BIT_SET1",
          "UI08_BIT_SET2",
          "UI08_BIT_SET3",
          "UI08_BIT_SET4",
          "UI08_BIT_SET5",
          "UI08_BIT_SET6",
          "UI08_BIT_SET7",
          "UI32_BIT_SET20",
          "UI32_BIT_SET23",
          "UI32_BIT_SET8",
          "UI32_HI16",
          "UI32_HIHI8",
          "UI32_HILO8",
          "UI32_LO16",
          "UI32_LOHI8",
          "UI32_LOLO8",
          "UI32_MAKE16"
        ]
      }
    }
  ],
  "relations": {
    "call_graph": [
      {
        "caller": "AutoPackBit",
        "callee": "UI32_LO16",
        "file": "/home/hp/文档/output/CE7-FYQ-src_flat_out/AutoPackBit/IP_AutoPackBit.c",
        "line": 38,
        "kind": "function",
        "resolved": false
      },
      {
        "caller": "AutoPackBit",
        "callee": "UI32_HI16",
        "file": "/home/hp/文档/output/CE7-FYQ-src_flat_out/AutoPackBit/IP_AutoPackBit.c",
        "line": 42,
        "kind": "function",
        "resolved": false
      },
      {
        "caller": "AutoPackBit",
        "callee": "UI32_MAKE16",
        "file": "/home/hp/文档/output/CE7-FYQ-src_flat_out/AutoPackBit/IP_AutoPackBit.c",
        "line": 50,
        "kind": "function",
        "resolved": false
      },
      {
        "caller": "AutoPackBit",
        "callee": "UI08_BIT_CLR",
        "file": "/home/hp/文档/output/CE7-FYQ-src_flat_out/AutoPackBit/IP_AutoPackBit.c",
        "line": 53,
        "kind": "function",
        "resolved": false
      },
      {
        "caller": "AutoPackBit",
        "callee": "UI32_MAKE16",
        "file": "/home/hp/文档/output/CE7-FYQ-src_flat_out/AutoPackBit/IP_AutoPackBit.c",
        "line": 60,
        "kind": "function",
        "resolved": false
      },
      {
        "caller": "AutoPackBit",
        "callee": "UI08_BIT_SET1",
        "file": "/home/hp/文档/output/CE7-FYQ-src_flat_out/AutoPackBit/IP_AutoPackBit.c",
        "line": 65,
        "kind": "function",
        "resolved": false
      },
      {
        "caller": "AutoPackBit",
        "callee": "UI32_MAKE16",
        "file": "/home/hp/文档/output/CE7-FYQ-src_flat_out/AutoPackBit/IP_AutoPackBit.c",
        "line": 72,
        "kind": "function",
        "resolved": false
      },
      {
        "caller": "AutoPackBit",
        "callee": "UI08_BIT_SET2",
        "file": "/home/hp/文档/output/CE7-FYQ-src_flat_out/AutoPackBit/IP_AutoPackBit.c",
        "line": 77,
        "kind": "function",
        "resolved": false
      },
      {
        "caller": "AutoPackBit",
        "callee": "UI32_MAKE16",
        "file": "/home/hp/文档/output/CE7-FYQ-src_flat_out/AutoPackBit/IP_AutoPackBit.c",
        "line": 84,
        "kind": "function",
        "resolved": false
      },
      {
        "caller": "AutoPackBit",
        "callee": "UI08_BIT_SET3",
        "file": "/home/hp/文档/output/CE7-FYQ-src_flat_out/AutoPackBit/IP_AutoPackBit.c",
        "line": 89,
        "kind": "function",
        "resolved": false
      },
      {
        "caller": "AutoPackBit",
        "callee": "UI32_MAKE16",
        "file": "/home/hp/文档/output/CE7-FYQ-src_flat_out/AutoPackBit/IP_AutoPackBit.c",
        "line": 96,
        "kind": "function",
        "resolved": false
      },
      {
        "caller": "AutoPackBit",
        "callee": "UI08_BIT_SET4",
        "file": "/home/hp/文档/output/CE7-FYQ-src_flat_out/AutoPackBit/IP_AutoPackBit.c",
        "line": 101,
        "kind": "function",
        "resolved": false
      },
      {
        "caller": "AutoPackBit",
        "callee": "UI32_MAKE16",
        "file": "/home/hp/文档/output/CE7-FYQ-src_flat_out/AutoPackBit/IP_AutoPackBit.c",
        "line": 108,
        "kind": "function",
        "resolved": false
      },
      {
        "caller": "AutoPackBit",
        "callee": "UI08_BIT_SET5",
        "file": "/home/hp/文档/output/CE7-FYQ-src_flat_out/AutoPackBit/IP_AutoPackBit.c",
        "line": 113,
        "kind": "function",
        "resolved": false
      },
      {
        "caller": "AutoPackBit",
        "callee": "UI32_MAKE16",
        "file": "/home/hp/文档/output/CE7-FYQ-src_flat_out/AutoPackBit/IP_AutoPackBit.c",
        "line": 120,
        "kind": "function",
        "resolved": false
      },
      {
        "caller": "AutoPackBit",
        "callee": "UI08_BIT_SET6",
        "file": "/home/hp/文档/output/CE7-FYQ-src_flat_out/AutoPackBit/IP_AutoPackBit.c",
        "line": 125,
        "kind": "function",
        "resolved": false
      },
      {
        "caller": "AutoPackBit",
        "callee": "UI32_MAKE16",
        "file": "/home/hp/文档/output/CE7-FYQ-src_flat_out/AutoPackBit/IP_AutoPackBit.c",
        "line": 132,
        "kind": "function",
        "resolved": false
      },
      {
        "caller": "AutoPackBit",
        "callee": "UI08_BIT_SET7",
        "file": "/home/hp/文档/output/CE7-FYQ-src_flat_out/AutoPackBit/IP_AutoPackBit.c",
        "line": 137,
        "kind": "function",
        "resolved": false
      },
      {
        "caller": "AutoPackBit",
        "callee": "NZ",
        "file": "/home/hp/文档/output/CE7-FYQ-src_flat_out/AutoPackBit/IP_AutoPackBit.c",
        "line": 143,
        "kind": "function",
        "resolved": false
      },
      {
        "caller": "AutoPackBit",
        "callee": "DBL_TO_UN32",
        "file": "/home/hp/文档/output/CE7-FYQ-src_flat_out/AutoPackBit/IP_AutoPackBit.c",
        "line": 144,
        "kind": "function",
        "resolved": false
      },
      {
        "caller": "AutoPackBit",
        "callee": "UI32_MAKE16",
        "file": "/home/hp/文档/output/CE7-FYQ-src_flat_out/AutoPackBit/IP_AutoPackBit.c",
        "line": 149,
        "kind": "function",
        "resolved": false
      },
      {
        "caller": "AutoPackBit",
        "callee": "UI32_BIT_SET8",
        "file": "/home/hp/文档/output/CE7-FYQ-src_flat_out/AutoPackBit/IP_AutoPackBit.c",
        "line": 157,
        "kind": "function",
        "resolved": false
      },
      {
        "caller": "AutoPackBit",
        "callee": "UI32_BIT_SET20",
        "file": "/home/hp/文档/output/CE7-FYQ-src_flat_out/AutoPackBit/IP_AutoPackBit.c",
        "line": 158,
        "kind": "function",
        "resolved": false
      },
      {
        "caller": "AutoPackBit",
        "callee": "UI32_HIHI8",
        "file": "/home/hp/文档/output/CE7-FYQ-src_flat_out/AutoPackBit/IP_AutoPackBit.c",
        "line": 161,
        "kind": "function",
        "resolved": false
      },
      {
        "caller": "AutoPackBit",
        "callee": "UI32_HILO8",
        "file": "/home/hp/文档/output/CE7-FYQ-src_flat_out/AutoPackBit/IP_AutoPackBit.c",
        "line": 162,
        "kind": "function",
        "resolved": false
      },
      {
        "caller": "AutoPackBit",
        "callee": "UI32_LOHI8",
        "file": "/home/hp/文档/output/CE7-FYQ-src_flat_out/AutoPackBit/IP_AutoPackBit.c",
        "line": 163,
        "kind": "function",
        "resolved": false
      },
      {
        "caller": "AutoPackBit",
        "callee": "UI32_LOLO8",
        "file": "/home/hp/文档/output/CE7-FYQ-src_flat_out/AutoPackBit/IP_AutoPackBit.c",
        "line": 164,
        "kind": "function",
        "resolved": false
      },
      {
        "caller": "AutoPackBit",
        "callee": "NZ",
        "file": "/home/hp/文档/output/CE7-FYQ-src_flat_out/AutoPackBit/IP_AutoPackBit.c",
        "line": 170,
        "kind": "function",
        "resolved": false
      },
      {
        "caller": "AutoPackBit",
        "callee": "DBL_TO_UN32",
        "file": "/home/hp/文档/output/CE7-FYQ-src_flat_out/AutoPackBit/IP_AutoPackBit.c",
        "line": 171,
        "kind": "function",
        "resolved": false
      },
      {
        "caller": "AutoPackBit",
        "callee": "UI32_MAKE16",
        "file": "/home/hp/文档/output/CE7-FYQ-src_flat_out/AutoPackBit/IP_AutoPackBit.c",
        "line": 176,
        "kind": "function",
        "resolved": false
      },
      {
        "caller": "AutoPackBit",
        "callee": "UI32_BIT_SET8",
        "file": "/home/hp/文档/output/CE7-FYQ-src_flat_out/AutoPackBit/IP_AutoPackBit.c",
        "line": 184,
        "kind": "function",
        "resolved": false
      },
      {
        "caller": "AutoPackBit",
        "callee": "UI32_BIT_SET23",
        "file": "/home/hp/文档/output/CE7-FYQ-src_flat_out/AutoPackBit/IP_AutoPackBit.c",
        "line": 185,
        "kind": "function",
        "resolved": false
      },
      {
        "caller": "AutoPackBit",
        "callee": "UI32_HIHI8",
        "file": "/home/hp/文档/output/CE7-FYQ-src_flat_out/AutoPackBit/IP_AutoPackBit.c",
        "line": 188,
        "kind": "function",
        "resolved": false
      },
      {
        "caller": "AutoPackBit",
        "callee": "UI32_HILO8",
        "file": "/home/hp/文档/output/CE7-FYQ-src_flat_out/AutoPackBit/IP_AutoPackBit.c",
        "line": 189,
        "kind": "function",
        "resolved": false
      },
      {
        "caller": "AutoPackBit",
        "callee": "UI32_LOHI8",
        "file": "/home/hp/文档/output/CE7-FYQ-src_flat_out/AutoPackBit/IP_AutoPackBit.c",
        "line": 190,
        "kind": "function",
        "resolved": false
      },
      {
        "caller": "AutoPackBit",
        "callee": "UI32_LOLO8",
        "file": "/home/hp/文档/output/CE7-FYQ-src_flat_out/AutoPackBit/IP_AutoPackBit.c",
        "line": 191,
        "kind": "function",
        "resolved": false
      },
      {
        "caller": "AutoPackBit",
        "callee": "UI32_MAKE16",
        "file": "/home/hp/文档/output/CE7-FYQ-src_flat_out/AutoPackBit/IP_AutoPackBit.c",
        "line": 199,
        "kind": "function",
        "resolved": false
      },
      {
        "caller": "AutoPackBit",
        "callee": "UI08_BIT_SET",
        "file": "/home/hp/文档/output/CE7-FYQ-src_flat_out/AutoPackBit/IP_AutoPackBit.c",
        "line": 206,
        "kind": "function",
        "resolved": false
      },
      {
        "caller": "AutoPackBit",
        "callee": "UI08_BIT_CLR",
        "file": "/home/hp/文档/output/CE7-FYQ-src_flat_out/AutoPackBit/IP_AutoPackBit.c",
        "line": 210,
        "kind": "function",
        "resolved": false
      },
      {
        "caller": "AutoPackBit",
        "callee": "UI32_MAKE16",
        "file": "/home/hp/文档/output/CE7-FYQ-src_flat_out/AutoPackBit/IP_AutoPackBit.c",
        "line": 220,
        "kind": "function",
        "resolved": false
      },
      {
        "caller": "AutoPackBit",
        "callee": "UI08_BIT_SET",
        "file": "/home/hp/文档/output/CE7-FYQ-src_flat_out/AutoPackBit/IP_AutoPackBit.c",
        "line": 227,
        "kind": "function",
        "resolved": false
      },
      {
        "caller": "AutoPackBit",
        "callee": "UI08_BIT_CLR",
        "file": "/home/hp/文档/output/CE7-FYQ-src_flat_out/AutoPackBit/IP_AutoPackBit.c",
        "line": 231,
        "kind": "function",
        "resolved": false
      },
      {
        "caller": "AutoPackBit",
        "callee": "ADDR_READ",
        "file": "/home/hp/文档/output/CE7-FYQ-src_flat_out/AutoPackBit/IP_AutoPackBit.c",
        "line": 236,
        "kind": "function",
        "resolved": false
      },
      {
        "caller": "AutoPackBit",
        "callee": "DEV_GET_POWER",
        "file": "/home/hp/文档/output/CE7-FYQ-src_flat_out/AutoPackBit/IP_AutoPackBit.c",
        "line": 237,
        "kind": "function",
        "resolved": false
      },
      {
        "caller": "AutoPackBit",
        "callee": "UI32_MAKE16",
        "file": "/home/hp/文档/output/CE7-FYQ-src_flat_out/AutoPackBit/IP_AutoPackBit.c",
        "line": 242,
        "kind": "function",
        "resolved": false
      },
      {
        "caller": "AutoPackBit",
        "callee": "UI08_BIT_SET",
        "file": "/home/hp/文档/output/CE7-FYQ-src_flat_out/AutoPackBit/IP_AutoPackBit.c",
        "line": 249,
        "kind": "function",
        "resolved": false
      },
      {
        "caller": "AutoPackBit",
        "callee": "UI08_BIT_CLR",
        "file": "/home/hp/文档/output/CE7-FYQ-src_flat_out/AutoPackBit/IP_AutoPackBit.c",
        "line": 253,
        "kind": "function",
        "resolved": false
      },
      {
        "caller": "AutoPackBit",
        "callee": "ADDR_READ",
        "file": "/home/hp/文档/output/CE7-FYQ-src_flat_out/AutoPackBit/IP_AutoPackBit.c",
        "line": 258,
        "kind": "function",
        "resolved": false
      },
      {
        "caller": "AutoPackBit",
        "callee": "DEV_GET_COMM",
        "file": "/home/hp/文档/output/CE7-FYQ-src_flat_out/AutoPackBit/IP_AutoPackBit.c",
        "line": 259,
        "kind": "function",
        "resolved": false
      },
      {
        "caller": "AutoPackBit",
        "callee": "UI32_MAKE16",
        "file": "/home/hp/文档/output/CE7-FYQ-src_flat_out/AutoPackBit/IP_AutoPackBit.c",
        "line": 264,
        "kind": "function",
        "resolved": false
      },
      {
        "caller": "AutoPackBit",
        "callee": "UI08_BIT_SET",
        "file": "/home/hp/文档/output/CE7-FYQ-src_flat_out/AutoPackBit/IP_AutoPackBit.c",
        "line": 271,
        "kind": "function",
        "resolved": false
      },
      {
        "caller": "AutoPackBit",
        "callee": "UI08_BIT_CLR",
        "file": "/home/hp/文档/output/CE7-FYQ-src_flat_out/AutoPackBit/IP_AutoPackBit.c",
        "line": 275,
        "kind": "function",
        "resolved": false
      },
      {
        "caller": "AutoPackBit",
        "callee": "ASSERT",
        "file": "/home/hp/文档/output/CE7-FYQ-src_flat_out/AutoPackBit/IP_AutoPackBit.c",
        "line": 297,
        "kind": "function",
        "resolved": false
      }
    ],
    "field_accesses": [
      {
        "name": "pData->bitPara",
        "reads": 4,
        "writes": 0,
        "read_writes": 0,
        "functions": [
          "AutoPackBit"
        ],
        "readers": [
          "AutoPackBit"
        ],
        "writers": []
      },
      {
        "name": "pData->byteID",
        "reads": 1,
        "writes": 1,
        "read_writes": 0,
        "functions": [
          "AutoPackBit"
        ],
        "readers": [
          "AutoPackBit"
        ],
        "writers": [
          "AutoPackBit"
        ]
      },
      {
        "name": "pData->eq",
        "reads": 2,
        "writes": 0,
        "read_writes": 0,
        "functions": [
          "AutoPackBit"
        ],
        "readers": [
          "AutoPackBit"
        ],
        "writers": []
      },
      {
        "name": "pData->pSrc",
        "reads": 13,
        "writes": 0,
        "read_writes": 0,
        "functions": [
          "AutoPackBit"
        ],
        "readers": [
          "AutoPackBit"
        ],
        "writers": []
      },
      {
        "name": "pData->type",
        "reads": 2,
        "writes": 14,
        "read_writes": 0,
        "functions": [
          "AutoPackBit"
        ],
        "readers": [
          "AutoPackBit"
        ],
        "writers": [
          "AutoPackBit"
        ]
      },
      {
        "name": "sPackShift.bitIndex",
        "reads": 17,
        "writes": 2,
        "read_writes": 0,
        "functions": [
          "AutoPackBit"
        ],
        "readers": [
          "AutoPackBit"
        ],
        "writers": [
          "AutoPackBit"
        ]
      },
      {
        "name": "sPackShift.byteIndex",
        "reads": 5,
        "writes": 2,
        "read_writes": 0,
        "functions": [
          "AutoPackBit"
        ],
        "readers": [
          "AutoPackBit"
        ],
        "writers": [
          "AutoPackBit"
        ]
      },
      {
        "name": "sTcmdDataConverte.ui32",
        "reads": 12,
        "writes": 1,
        "read_writes": 0,
        "functions": [
          "AutoPackBit"
        ],
        "readers": [
          "AutoPackBit"
        ],
        "writers": [
          "AutoPackBit"
        ]
      }
    ],
    "state_transitions": [],
    "missing_local_includes": [],
    "unresolved_calls": {
      "ADDR_READ": [
        {
          "caller": "AutoPackBit",
          "file": "/home/hp/文档/output/CE7-FYQ-src_flat_out/AutoPackBit/IP_AutoPackBit.c",
          "line": 236
        },
        {
          "caller": "AutoPackBit",
          "file": "/home/hp/文档/output/CE7-FYQ-src_flat_out/AutoPackBit/IP_AutoPackBit.c",
          "line": 258
        }
      ],
      "ASSERT": [
        {
          "caller": "AutoPackBit",
          "file": "/home/hp/文档/output/CE7-FYQ-src_flat_out/AutoPackBit/IP_AutoPackBit.c",
          "line": 297
        }
      ],
      "DBL_TO_UN32": [
        {
          "caller": "AutoPackBit",
          "file": "/home/hp/文档/output/CE7-FYQ-src_flat_out/AutoPackBit/IP_AutoPackBit.c",
          "line": 144
        },
        {
          "caller": "AutoPackBit",
          "file": "/home/hp/文档/output/CE7-FYQ-src_flat_out/AutoPackBit/IP_AutoPackBit.c",
          "line": 171
        }
      ],
      "DEV_GET_COMM": [
        {
          "caller": "AutoPackBit",
          "file": "/home/hp/文档/output/CE7-FYQ-src_flat_out/AutoPackBit/IP_AutoPackBit.c",
          "line": 259
        }
      ],
      "DEV_GET_POWER": [
        {
          "caller": "AutoPackBit",
          "file": "/home/hp/文档/output/CE7-FYQ-src_flat_out/AutoPackBit/IP_AutoPackBit.c",
          "line": 237
        }
      ],
      "NZ": [
        {
          "caller": "AutoPackBit",
          "file": "/home/hp/文档/output/CE7-FYQ-src_flat_out/AutoPackBit/IP_AutoPackBit.c",
          "line": 143
        },
        {
          "caller": "AutoPackBit",
          "file": "/home/hp/文档/output/CE7-FYQ-src_flat_out/AutoPackBit/IP_AutoPackBit.c",
          "line": 170
        }
      ],
      "UI08_BIT_CLR": [
        {
          "caller": "AutoPackBit",
          "file": "/home/hp/文档/output/CE7-FYQ-src_flat_out/AutoPackBit/IP_AutoPackBit.c",
          "line": 53
        },
        {
          "caller": "AutoPackBit",
          "file": "/home/hp/文档/output/CE7-FYQ-src_flat_out/AutoPackBit/IP_AutoPackBit.c",
          "line": 210
        },
        {
          "caller": "AutoPackBit",
          "file": "/home/hp/文档/output/CE7-FYQ-src_flat_out/AutoPackBit/IP_AutoPackBit.c",
          "line": 231
        },
        {
          "caller": "AutoPackBit",
          "file": "/home/hp/文档/output/CE7-FYQ-src_flat_out/AutoPackBit/IP_AutoPackBit.c",
          "line": 253
        },
        {
          "caller": "AutoPackBit",
          "file": "/home/hp/文档/output/CE7-FYQ-src_flat_out/AutoPackBit/IP_AutoPackBit.c",
          "line": 275
        }
      ],
      "UI08_BIT_SET": [
        {
          "caller": "AutoPackBit",
          "file": "/home/hp/文档/output/CE7-FYQ-src_flat_out/AutoPackBit/IP_AutoPackBit.c",
          "line": 206
        },
        {
          "caller": "AutoPackBit",
          "file": "/home/hp/文档/output/CE7-FYQ-src_flat_out/AutoPackBit/IP_AutoPackBit.c",
          "line": 227
        },
        {
          "caller": "AutoPackBit",
          "file": "/home/hp/文档/output/CE7-FYQ-src_flat_out/AutoPackBit/IP_AutoPackBit.c",
          "line": 249
        },
        {
          "caller": "AutoPackBit",
          "file": "/home/hp/文档/output/CE7-FYQ-src_flat_out/AutoPackBit/IP_AutoPackBit.c",
          "line": 271
        }
      ],
      "UI08_BIT_SET1": [
        {
          "caller": "AutoPackBit",
          "file": "/home/hp/文档/output/CE7-FYQ-src_flat_out/AutoPackBit/IP_AutoPackBit.c",
          "line": 65
        }
      ],
      "UI08_BIT_SET2": [
        {
          "caller": "AutoPackBit",
          "file": "/home/hp/文档/output/CE7-FYQ-src_flat_out/AutoPackBit/IP_AutoPackBit.c",
          "line": 77
        }
      ],
      "UI08_BIT_SET3": [
        {
          "caller": "AutoPackBit",
          "file": "/home/hp/文档/output/CE7-FYQ-src_flat_out/AutoPackBit/IP_AutoPackBit.c",
          "line": 89
        }
      ],
      "UI08_BIT_SET4": [
        {
          "caller": "AutoPackBit",
          "file": "/home/hp/文档/output/CE7-FYQ-src_flat_out/AutoPackBit/IP_AutoPackBit.c",
          "line": 101
        }
      ],
      "UI08_BIT_SET5": [
        {
          "caller": "AutoPackBit",
          "file": "/home/hp/文档/output/CE7-FYQ-src_flat_out/AutoPackBit/IP_AutoPackBit.c",
          "line": 113
        }
      ],
      "UI08_BIT_SET6": [
        {
          "caller": "AutoPackBit",
          "file": "/home/hp/文档/output/CE7-FYQ-src_flat_out/AutoPackBit/IP_AutoPackBit.c",
          "line": 125
        }
      ],
      "UI08_BIT_SET7": [
        {
          "caller": "AutoPackBit",
          "file": "/home/hp/文档/output/CE7-FYQ-src_flat_out/AutoPackBit/IP_AutoPackBit.c",
          "line": 137
        }
      ],
      "UI32_BIT_SET20": [
        {
          "caller": "AutoPackBit",
          "file": "/home/hp/文档/output/CE7-FYQ-src_flat_out/AutoPackBit/IP_AutoPackBit.c",
          "line": 158
        }
      ],
      "UI32_BIT_SET23": [
        {
          "caller": "AutoPackBit",
          "file": "/home/hp/文档/output/CE7-FYQ-src_flat_out/AutoPackBit/IP_AutoPackBit.c",
          "line": 185
        }
      ],
      "UI32_BIT_SET8": [
        {
          "caller": "AutoPackBit",
          "file": "/home/hp/文档/output/CE7-FYQ-src_flat_out/AutoPackBit/IP_AutoPackBit.c",
          "line": 157
        },
        {
          "caller": "AutoPackBit",
          "file": "/home/hp/文档/output/CE7-FYQ-src_flat_out/AutoPackBit/IP_AutoPackBit.c",
          "line": 184
        }
      ],
      "UI32_HI16": [
        {
          "caller": "AutoPackBit",
          "file": "/home/hp/文档/output/CE7-FYQ-src_flat_out/AutoPackBit/IP_AutoPackBit.c",
          "line": 42
        }
      ],
      "UI32_HIHI8": [
        {
          "caller": "AutoPackBit",
          "file": "/home/hp/文档/output/CE7-FYQ-src_flat_out/AutoPackBit/IP_AutoPackBit.c",
          "line": 161
        },
        {
          "caller": "AutoPackBit",
          "file": "/home/hp/文档/output/CE7-FYQ-src_flat_out/AutoPackBit/IP_AutoPackBit.c",
          "line": 188
        }
      ],
      "UI32_HILO8": [
        {
          "caller": "AutoPackBit",
          "file": "/home/hp/文档/output/CE7-FYQ-src_flat_out/AutoPackBit/IP_AutoPackBit.c",
          "line": 162
        },
        {
          "caller": "AutoPackBit",
          "file": "/home/hp/文档/output/CE7-FYQ-src_flat_out/AutoPackBit/IP_AutoPackBit.c",
          "line": 189
        }
      ],
      "UI32_LO16": [
        {
          "caller": "AutoPackBit",
          "file": "/home/hp/文档/output/CE7-FYQ-src_flat_out/AutoPackBit/IP_AutoPackBit.c",
          "line": 38
        }
      ],
      "UI32_LOHI8": [
        {
          "caller": "AutoPackBit",
          "file": "/home/hp/文档/output/CE7-FYQ-src_flat_out/AutoPackBit/IP_AutoPackBit.c",
          "line": 163
        },
        {
          "caller": "AutoPackBit",
          "file": "/home/hp/文档/output/CE7-FYQ-src_flat_out/AutoPackBit/IP_AutoPackBit.c",
          "line": 190
        }
      ],
      "UI32_LOLO8": [
        {
          "caller": "AutoPackBit",
          "file": "/home/hp/文档/output/CE7-FYQ-src_flat_out/AutoPackBit/IP_AutoPackBit.c",
          "line": 164
        },
        {
          "caller": "AutoPackBit",
          "file": "/home/hp/文档/output/CE7-FYQ-src_flat_out/AutoPackBit/IP_AutoPackBit.c",
          "line": 191
        }
      ],
      "UI32_MAKE16": [
        {
          "caller": "AutoPackBit",
          "file": "/home/hp/文档/output/CE7-FYQ-src_flat_out/AutoPackBit/IP_AutoPackBit.c",
          "line": 50
        },
        {
          "caller": "AutoPackBit",
          "file": "/home/hp/文档/output/CE7-FYQ-src_flat_out/AutoPackBit/IP_AutoPackBit.c",
          "line": 60
        },
        {
          "caller": "AutoPackBit",
          "file": "/home/hp/文档/output/CE7-FYQ-src_flat_out/AutoPackBit/IP_AutoPackBit.c",
          "line": 72
        },
        {
          "caller": "AutoPackBit",
          "file": "/home/hp/文档/output/CE7-FYQ-src_flat_out/AutoPackBit/IP_AutoPackBit.c",
          "line": 84
        },
        {
          "caller": "AutoPackBit",
          "file": "/home/hp/文档/output/CE7-FYQ-src_flat_out/AutoPackBit/IP_AutoPackBit.c",
          "line": 96
        },
        {
          "caller": "AutoPackBit",
          "file": "/home/hp/文档/output/CE7-FYQ-src_flat_out/AutoPackBit/IP_AutoPackBit.c",
          "line": 108
        },
        {
          "caller": "AutoPackBit",
          "file": "/home/hp/文档/output/CE7-FYQ-src_flat_out/AutoPackBit/IP_AutoPackBit.c",
          "line": 120
        },
        {
          "caller": "AutoPackBit",
          "file": "/home/hp/文档/output/CE7-FYQ-src_flat_out/AutoPackBit/IP_AutoPackBit.c",
          "line": 132
        },
        {
          "caller": "AutoPackBit",
          "file": "/home/hp/文档/output/CE7-FYQ-src_flat_out/AutoPackBit/IP_AutoPackBit.c",
          "line": 149
        },
        {
          "caller": "AutoPackBit",
          "file": "/home/hp/文档/output/CE7-FYQ-src_flat_out/AutoPackBit/IP_AutoPackBit.c",
          "line": 176
        },
        {
          "caller": "AutoPackBit",
          "file": "/home/hp/文档/output/CE7-FYQ-src_flat_out/AutoPackBit/IP_AutoPackBit.c",
          "line": 199
        },
        {
          "caller": "AutoPackBit",
          "file": "/home/hp/文档/output/CE7-FYQ-src_flat_out/AutoPackBit/IP_AutoPackBit.c",
          "line": 220
        },
        {
          "caller": "AutoPackBit",
          "file": "/home/hp/文档/output/CE7-FYQ-src_flat_out/AutoPackBit/IP_AutoPackBit.c",
          "line": 242
        },
        {
          "caller": "AutoPackBit",
          "file": "/home/hp/文档/output/CE7-FYQ-src_flat_out/AutoPackBit/IP_AutoPackBit.c",
          "line": 264
        }
      ]
    }
  },
  "invariants": {
    "project": [
      {
        "kind": "project_input_field",
        "text": "pData->bitPara is only read by AutoPackBit",
        "confidence": "medium",
        "evidence": "field summary",
        "field": "pData->bitPara",
        "readers": [
          "AutoPackBit"
        ]
      },
      {
        "kind": "project_state_field",
        "text": "pData->byteID is read and written",
        "confidence": "medium",
        "evidence": "field summary",
        "field": "pData->byteID",
        "readers": [
          "AutoPackBit"
        ],
        "writers": [
          "AutoPackBit"
        ]
      },
      {
        "kind": "project_input_field",
        "text": "pData->eq is only read by AutoPackBit",
        "confidence": "medium",
        "evidence": "field summary",
        "field": "pData->eq",
        "readers": [
          "AutoPackBit"
        ]
      },
      {
        "kind": "project_input_field",
        "text": "pData->pSrc is only read by AutoPackBit",
        "confidence": "medium",
        "evidence": "field summary",
        "field": "pData->pSrc",
        "readers": [
          "AutoPackBit"
        ]
      },
      {
        "kind": "project_state_field",
        "text": "pData->type is read and written",
        "confidence": "medium",
        "evidence": "field summary",
        "field": "pData->type",
        "readers": [
          "AutoPackBit"
        ],
        "writers": [
          "AutoPackBit"
        ]
      },
      {
        "kind": "project_state_field",
        "text": "sPackShift.bitIndex is read and written",
        "confidence": "medium",
        "evidence": "field summary",
        "field": "sPackShift.bitIndex",
        "readers": [
          "AutoPackBit"
        ],
        "writers": [
          "AutoPackBit"
        ]
      },
      {
        "kind": "project_state_field",
        "text": "sPackShift.byteIndex is read and written",
        "confidence": "medium",
        "evidence": "field summary",
        "field": "sPackShift.byteIndex",
        "readers": [
          "AutoPackBit"
        ],
        "writers": [
          "AutoPackBit"
        ]
      },
      {
        "kind": "project_state_field",
        "text": "sTcmdDataConverte.ui32 is read and written",
        "confidence": "medium",
        "evidence": "field summary",
        "field": "sTcmdDataConverte.ui32",
        "readers": [
          "AutoPackBit"
        ],
        "writers": [
          "AutoPackBit"
        ]
      }
    ]
  }
}
