0 123 132 132 132 132 132 132 132 132 132 132 132 132 132 0 0 0 4607182418800017408 0 0 0 4607182418800017408 0 0 0 4607182418800017408 4607182418800017408 0 0 0 4607182418800017408 0 0 0 4607182418800017408 4562254508917369340 13781122946144774652 4560517920901055277 4607182418800017408 0 0 0 4607182418800017408 0 0 0 4607182418800017408 4562254508917369340 13781122946144774652 4560517920901055277 0 0 0 4607182418800017408 0  0  0
0 123 132 132 132 132 132 132 132 132 132 132 132 132 132 4605249457297304856 0 0 4607182418800017408 0 0 0 4607182418800017408 0 0 0 4607182418800017408 4607182418800017408 0 0 0 4607182418800017408 0 0 0 4607182418800017408 4562254508917369340 13781122946144774652 4560517920901055277 4607182418800017408 0 0 0 4604544271217802189 4604544271217802188 0 13827916308072577996 4604544271217802189 4562254508917369340 4551958314712030132 4561617704858037764 13823937468626282850 0 0 4606496786581982534 0  0  0
0 123 132 132 132 132 132 132 132 132 132 132 132 132 132 0 4605249457297304856 0 4607182418800017408 0 0 0 4607182418800017408 0 0 0 4607182418800017408 4607182418800017408 0 0 0 4607182418800017408 0 0 0 4607182418800017408 4562254508917369340 13781122946144774652 4560517920901055277 4604544271217802189 0 4604544271217802188 0 4607182418800017408 0 13827916308072577996 0 4604544271217802189 4563512540920341704 13781122946144774652 13772721588001739384 0 4600565431771507042 0 4606496786581982534 0  0  0
0 123 132 132 132 132 132 132 132 132 132 132 132 132 132 0 0 4605249457297304856 4607182418800017408 0 0 0 4607182418800017408 0 0 0 4607182418800017408 4607182418800017408 0 0 0 4607182418800017408 0 0 0 4607182418800017408 4562254508917369340 13781122946144774652 4560517920901055277 4604544271217802189 13827916308072577996 0 4604544271217802188 4604544271217802189 0 0 0 4607182418800017408 4562534254583441746 4555157532556867350 4560517920901055277 0 0 4600565431771507042 4606496786581982534 0  0  0
0 123 132 132 132 132 132 132 132 132 132 132 132 132 132 4614256656552045848 4614256656552045848 4614256656552045848 4607182418800017408 0 0 0 4607182418800017408 0 0 0 4607182418800017408 4607182418800017408 0 0 0 4607182418800017408 0 0 0 4607182418800017408 4562254508917369340 13781122946144774652 4560517920901055277 4607182418800017408 4368955796522032135 4368955796522032135 13592327833376807942 4607182418800017408 13592327833376807943 13592327833376807944 4368955796522032134 4607182418800017408 4562254508917369340 13781122946144774654 4560517920901055275 4364452196894661638 4364452196894661640 13587824233749437446 4607182418800017408 0  0  0
0 123 132 132 132 132 132 132 132 132 132 132 132 132 132 4605249457297304856 13830767014528775013 4602891378046628710 4607182418800017408 0 0 0 4607182418800017408 0 0 0 4607182418800017408 4607182418800017408 0 0 0 4607182418800017408 0 0 0 4607182418800017408 4562254508917369340 13781122946144774652 4560517920901055277 4601472083289459884 13821547256400052225 13829347719771606186 4606136534135933632 4599187380464329008 4600040671590431693 4595537071963061200 13829820897219686854 4600040671590431694 13772477584244144388 4562317380401949569 4561614568164457542 13824964222817316916 13823536467634211921 4600731531820947888 4604690283593861831 0  0  0
1 213 132 213 213 213 213 213 213 213 213 213 213 213 213 0 0 0 4607182418800017408 0 0 0 4607182418800017408 0 0 0 4607182418800017408 4607182418800017408 0 0 0 4607182418800017408 0 0 0 4607182418800017408 4562254508917369340 13781122946144774652 4560517920901055277 4607182418800017408 0 0 0 4607182418800017408 0 0 0 4607182418800017408 4562254508917369340 13781122946144774652 4560517920901055277 0 0 0 4607182418800017408 0  0  0
1 213 132 213 213 213 213 213 213 213 213 213 213 213 213 4605249457297304856 0 0 4607182418800017408 0 0 0 4607182418800017408 0 0 0 4607182418800017408 4607182418800017408 0 0 0 4607182418800017408 0 0 0 4607182418800017408 4562254508917369340 13781122946144774652 4560517920901055277 4607182418800017408 0 0 0 4604544271217802189 4604544271217802188 0 13827916308072577996 4604544271217802189 4562254508917369340 4551958314712030132 4561617704858037764 13823937468626282850 0 0 4606496786581982534 0  0  0
1 213 132 213 213 213 213 213 213 213 213 213 213 213 213 0 4605249457297304856 0 4607182418800017408 0 0 0 4607182418800017408 0 0 0 4607182418800017408 4607182418800017408 0 0 0 4607182418800017408 0 0 0 4607182418800017408 4562254508917369340 13781122946144774652 4560517920901055277 4604544271217802189 0 4604544271217802188 0 4607182418800017408 0 13827916308072577996 0 4604544271217802189 4563512540920341704 13781122946144774652 13772721588001739384 0 4600565431771507042 0 4606496786581982534 0  0  0
1 213 132 213 213 213 213 213 213 213 213 213 213 213 213 0 0 4605249457297304856 4607182418800017408 0 0 0 4607182418800017408 0 0 0 4607182418800017408 4607182418800017408 0 0 0 4607182418800017408 0 0 0 4607182418800017408 4562254508917369340 13781122946144774652 4560517920901055277 4604544271217802189 13827916308072577996 0 4604544271217802188 4604544271217802189 0 0 0 4607182418800017408 4562534254583441746 4555157532556867350 4560517920901055277 0 0 4600565431771507042 4606496786581982534 0  0  0
1 213 132 213 213 213 213 213 213 213 213 213 213 213 213 4614256656552045848 4614256656552045848 4614256656552045848 4607182418800017408 0 0 0 4607182418800017408 0 0 0 4607182418800017408 4607182418800017408 0 0 0 4607182418800017408 0 0 0 4607182418800017408 4562254508917369340 13781122946144774652 4560517920901055277 4607182418800017408 13592327833376807943 13592327833376807943 4368955796522032134 4607182418800017408 13592327833376807944 4368955796522032136 4368955796522032135 4607182418800017408 4562254508917369340 13781122946144774652 4560517920901055278 4364452196894661640 13587824233749437448 4364452196894661638 4607182418800017408 0  0  0
1 213 132 213 213 213 213 213 213 213 213 213 213 213 213 4605249457297304856 13830767014528775013 4602891378046628710 4607182418800017408 0 0 0 4607182418800017408 0 0 0 4607182418800017408 4607182418800017408 0 0 0 4607182418800017408 0 0 0 4607182418800017408 4562254508917369340 13781122946144774652 4560517920901055277 4601472083289459884 13826050856027422720 13828302655841107967 4605283243009830946 4603690980091699503 4586987150044615920 4601518615174489208 13827063016946475310 4604117625654750846 4545753680656151640 4557943277944758335 4563497697926952310 13819766069097794045 13823536467634211922 4600731531820947889 4605582408494394571 0  0  0
2 231 231 213 231 231 231 231 231 231 231 231 231 231 231 0 0 0 4607182418800017408 0 0 0 4607182418800017408 0 0 0 4607182418800017408 4607182418800017408 0 0 0 4607182418800017408 0 0 0 4607182418800017408 4562254508917369340 13781122946144774652 4560517920901055277 4607182418800017408 0 0 0 4607182418800017408 0 0 0 4607182418800017408 4562254508917369340 13781122946144774652 4560517920901055277 0 0 0 4607182418800017408 0  0  0
2 231 231 213 231 231 231 231 231 231 231 231 231 231 231 4605249457297304856 0 0 4607182418800017408 0 0 0 4607182418800017408 0 0 0 4607182418800017408 4607182418800017408 0 0 0 4607182418800017408 0 0 0 4607182418800017408 4562254508917369340 13781122946144774652 4560517920901055277 4607182418800017408 0 0 0 4604544271217802189 4604544271217802188 0 13827916308072577996 4604544271217802189 4562254508917369340 4551958314712030132 4561617704858037764 13823937468626282850 0 0 4606496786581982534 0  0  0
2 231 231 213 231 231 231 231 231 231 231 231 231 231 231 0 4605249457297304856 0 4607182418800017408 0 0 0 4607182418800017408 0 0 0 4607182418800017408 4607182418800017408 0 0 0 4607182418800017408 0 0 0 4607182418800017408 4562254508917369340 13781122946144774652 4560517920901055277 4604544271217802189 0 4604544271217802188 0 4607182418800017408 0 13827916308072577996 0 4604544271217802189 4563512540920341704 13781122946144774652 13772721588001739384 0 4600565431771507042 0 4606496786581982534 0  0  0
2 231 231 213 231 231 231 231 231 231 231 231 231 231 231 0 0 4605249457297304856 4607182418800017408 0 0 0 4607182418800017408 0 0 0 4607182418800017408 4607182418800017408 0 0 0 4607182418800017408 0 0 0 4607182418800017408 4562254508917369340 13781122946144774652 4560517920901055277 4604544271217802189 13827916308072577996 0 4604544271217802188 4604544271217802189 0 0 0 4607182418800017408 4562534254583441746 4555157532556867350 4560517920901055277 0 0 4600565431771507042 4606496786581982534 0  0  0
2 231 231 213 231 231 231 231 231 231 231 231 231 231 231 4614256656552045848 4614256656552045848 4614256656552045848 4607182418800017408 0 0 0 4607182418800017408 0 0 0 4607182418800017408 4607182418800017408 0 0 0 4607182418800017408 0 0 0 4607182418800017408 4562254508917369340 13781122946144774652 4560517920901055277 4607182418800017408 4368955796522032136 13592327833376807943 13592327833376807943 4607182418800017408 4368955796522032135 4368955796522032136 13592327833376807942 4607182418800017408 4562254508917369340 13781122946144774652 4560517920901055279 13587824233749437446 13587824233749437448 13587824233749437448 4607182418800017408 0  0  0
2 231 231 213 231 231 231 231 231 231 231 231 231 231 231 4605249457297304856 13830767014528775013 4602891378046628710 4607182418800017408 0 0 0 4607182418800017408 0 0 0 4607182418800017408 4607182418800017408 0 0 0 4607182418800017408 0 0 0 4607182418800017408 4562254508917369340 13781122946144774652 4560517920901055277 4604833331504264941 4598721597799324081 13827063016946475311 4600040671590431693 4603690980091699503 4604544271217802188 4603338356068200716 13828205368359040748 4600040671590431694 4547681234539311232 4558793635458269144 4563295207242713534 13824964222817316915 13823536467634211921 4582073237281558826 4605582408494394572 0  0  0
3 312 312 312 231 312 312 312 312 312 312 312 312 312 312 0 0 0 4607182418800017408 0 0 0 4607182418800017408 0 0 0 4607182418800017408 4607182418800017408 0 0 0 4607182418800017408 0 0 0 4607182418800017408 4562254508917369340 13781122946144774652 4560517920901055277 4607182418800017408 0 0 0 4607182418800017408 0 0 0 4607182418800017408 4562254508917369340 13781122946144774652 4560517920901055277 0 0 0 4607182418800017408 0  0  0
3 312 312 312 231 312 312 312 312 312 312 312 312 312 312 4605249457297304856 0 0 4607182418800017408 0 0 0 4607182418800017408 0 0 0 4607182418800017408 4607182418800017408 0 0 0 4607182418800017408 0 0 0 4607182418800017408 4562254508917369340 13781122946144774652 4560517920901055277 4607182418800017408 0 0 0 4604544271217802189 13827916308072577996 0 4604544271217802188 4604544271217802189 4562254508917369340 13784989741712813573 4551958314712030134 4600565431771507042 0 0 4606496786581982534 0  0  0
3 312 312 312 231 312 312 312 312 312 312 312 312 312 312 0 4605249457297304856 0 4607182418800017408 0 0 0 4607182418800017408 0 0 0 4607182418800017408 4607182418800017408 0 0 0 4607182418800017408 0 0 0 4607182418800017408 4562254508917369340 13781122946144774652 4560517920901055277 4604544271217802189 0 4604544271217802188 0 4607182418800017408 0 13827916308072577996 0 4604544271217802189 4563512540920341704 13781122946144774652 13772721588001739384 0 4600565431771507042 0 4606496786581982534 0  0  0
3 312 312 312 231 312 312 312 312 312 312 312 312 312 312 0 0 4605249457297304856 4607182418800017408 0 0 0 4607182418800017408 0 0 0 4607182418800017408 4607182418800017408 0 0 0 4607182418800017408 0 0 0 4607182418800017408 4562254508917369340 13781122946144774652 4560517920901055277 4604544271217802189 13827916308072577996 0 4604544271217802188 4604544271217802189 0 0 0 4607182418800017408 4562534254583441746 4555157532556867350 4560517920901055277 0 0 4600565431771507042 4606496786581982534 0  0  0
3 312 312 312 231 312 312 312 312 312 312 312 312 312 312 4614256656552045848 4614256656552045848 4614256656552045848 4607182418800017408 0 0 0 4607182418800017408 0 0 0 4607182418800017408 4607182418800017408 0 0 0 4607182418800017408 0 0 0 4607182418800017408 4562254508917369340 13781122946144774652 4560517920901055277 4607182418800017408 13592327833376807942 13592327833376807944 4368955796522032135 4607182418800017408 4368955796522032135 4368955796522032135 13592327833376807944 4607182418800017408 4562254508917369340 13781122946144774650 4560517920901055279 13587824233749437448 13587824233749437448 4364452196894661638 4607182418800017408 0  0  0
3 312 312 312 231 312 312 312 312 312 312 312 312 312 312 4605249457297304856 13830767014528775013 4602891378046628710 4607182418800017408 0 0 0 4607182418800017408 0 0 0 4607182418800017408 4607182418800017408 0 0 0 4607182418800017408 0 0 0 4607182418800017408 4562254508917369340 13781122946144774652 4560517920901055277 4601472083289459884 13828655279864606754 13824890652029265016 4602678819172646912 4603690980091699503 13827063016946475310 4604930618986332159 4586987150044615920 4604117625654750846 4557473655650183028 13777469449340918817 4563426375691062075 4596394032243018237 13823536467634211922 4600731531820947889 4605582408494394571 0  0  0
4 321 321 321 321 312 321 321 321 321 321 321 321 321 321 0 0 0 4607182418800017408 0 0 0 4607182418800017408 0 0 0 4607182418800017408 4607182418800017408 0 0 0 4607182418800017408 0 0 0 4607182418800017408 4562254508917369340 13781122946144774652 4560517920901055277 4607182418800017408 0 0 0 4607182418800017408 0 0 0 4607182418800017408 4562254508917369340 13781122946144774652 4560517920901055277 0 0 0 4607182418800017408 0  0  0
4 321 321 321 321 312 321 321 321 321 321 321 321 321 321 4605249457297304856 0 0 4607182418800017408 0 0 0 4607182418800017408 0 0 0 4607182418800017408 4607182418800017408 0 0 0 4607182418800017408 0 0 0 4607182418800017408 4562254508917369340 13781122946144774652 4560517920901055277 4607182418800017408 0 0 0 4604544271217802189 4604544271217802188 0 13827916308072577996 4604544271217802189 4562254508917369340 4551958314712030132 4561617704858037764 13823937468626282850 0 0 4606496786581982534 0  0  0
4 321 321 321 321 312 321 321 321 321 321 321 321 321 321 0 4605249457297304856 0 4607182418800017408 0 0 0 4607182418800017408 0 0 0 4607182418800017408 4607182418800017408 0 0 0 4607182418800017408 0 0 0 4607182418800017408 4562254508917369340 13781122946144774652 4560517920901055277 4604544271217802189 0 4604544271217802188 0 4607182418800017408 0 13827916308072577996 0 4604544271217802189 4563512540920341704 13781122946144774652 13772721588001739384 0 4600565431771507042 0 4606496786581982534 0  0  0
4 321 321 321 321 312 321 321 321 321 321 321 321 321 321 0 0 4605249457297304856 4607182418800017408 0 0 0 4607182418800017408 0 0 0 4607182418800017408 4607182418800017408 0 0 0 4607182418800017408 0 0 0 4607182418800017408 4562254508917369340 13781122946144774652 4560517920901055277 4604544271217802189 13827916308072577996 0 4604544271217802188 4604544271217802189 0 0 0 4607182418800017408 4562534254583441746 4555157532556867350 4560517920901055277 0 0 4600565431771507042 4606496786581982534 0  0  0
4 321 321 321 321 312 321 321 321 321 321 321 321 321 321 4614256656552045848 4614256656552045848 4614256656552045848 4607182418800017408 0 0 0 4607182418800017408 0 0 0 4607182418800017408 4607182418800017408 0 0 0 4607182418800017408 0 0 0 4607182418800017408 4562254508917369340 13781122946144774652 4560517920901055277 4607182418800017408 4368955796522032135 13592327833376807942 13592327833376807942 4607182418800017408 4368955796522032136 4368955796522032135 13592327833376807943 4607182418800017408 4562254508917369340 13781122946144774652 4560517920901055279 13587824233749437448 13587824233749437446 13587824233749437446 4607182418800017408 0  0  0
4 321 321 321 321 312 321 321 321 321 321 321 321 321 321 4605249457297304856 13830767014528775013 4602891378046628710 4607182418800017408 0 0 0 4607182418800017408 0 0 0 4607182418800017408 4607182418800017408 0 0 0 4607182418800017408 0 0 0 4607182418800017408 4562254508917369340 13781122946144774652 4560517920901055277 4593737425940797180 13823412708445207501 13829894918759239410 4605203808113355994 4603690980091699503 13817109462795572982 4603690980091699503 13827916308072577996 4600040671590431694 13780083980359001839 4555510405677743482 4563401751309410448 13819766069097794044 13826338867485237358 4600731531820947888 4604690283593861831 0  0  0
5 123 123 123 123 123 321 123 123 123 123 123 123 123 123 0 0 0 4607182418800017408 0 0 0 4607182418800017408 0 0 0 4607182418800017408 4607182418800017408 0 0 0 4607182418800017408 0 0 0 4607182418800017408 4562254508917369340 13781122946144774652 4560517920901055277 4607182418800017408 0 0 0 4607182418800017408 0 0 0 4607182418800017408 4562254508917369340 13781122946144774652 4560517920901055277 0 0 0 4607182418800017408 0  0  0
5 123 123 123 123 123 321 123 123 123 123 123 123 123 123 4605249457297304856 0 0 4607182418800017408 0 0 0 4607182418800017408 0 0 0 4607182418800017408 4607182418800017408 0 0 0 4607182418800017408 0 0 0 4607182418800017408 4562254508917369340 13781122946144774652 4560517920901055277 4607182418800017408 0 0 0 4604544271217802189 13827916308072577996 0 4604544271217802188 4604544271217802189 4562254508917369340 13784989741712813573 4551958314712030134 4600565431771507042 0 0 4606496786581982534 0  0  0
5 123 123 123 123 123 321 123 123 123 123 123 123 123 123 0 4605249457297304856 0 4607182418800017408 0 0 0 4607182418800017408 0 0 0 4607182418800017408 4607182418800017408 0 0 0 4607182418800017408 0 0 0 4607182418800017408 4562254508917369340 13781122946144774652 4560517920901055277 4604544271217802189 0 4604544271217802188 0 4607182418800017408 0 13827916308072577996 0 4604544271217802189 4563512540920341704 13781122946144774652 13772721588001739384 0 4600565431771507042 0 4606496786581982534 0  0  0
5 123 123 123 123 123 321 123 123 123 123 123 123 123 123 0 0 4605249457297304856 4607182418800017408 0 0 0 4607182418800017408 0 0 0 4607182418800017408 4607182418800017408 0 0 0 4607182418800017408 0 0 0 4607182418800017408 4562254508917369340 13781122946144774652 4560517920901055277 4604544271217802189 13827916308072577996 0 4604544271217802188 4604544271217802189 0 0 0 4607182418800017408 4562534254583441746 4555157532556867350 4560517920901055277 0 0 4600565431771507042 4606496786581982534 0  0  0
5 123 123 123 123 123 321 123 123 123 123 123 123 123 123 4614256656552045848 4614256656552045848 4614256656552045848 4607182418800017408 0 0 0 4607182418800017408 0 0 0 4607182418800017408 4607182418800017408 0 0 0 4607182418800017408 0 0 0 4607182418800017408 4562254508917369340 13781122946144774652 4560517920901055277 4607182418800017408 4368955796522032134 4368955796522032136 13592327833376807943 4607182418800017408 4368955796522032134 13592327833376807943 13592327833376807943 4607182418800017408 4562254508917369340 13781122946144774652 4560517920901055276 13587824233749437446 4364452196894661640 13587824233749437446 4607182418800017408 0  0  0
5 123 123 123 123 123 321 123 123 123 123 123 123 123 123 4605249457297304856 13830767014528775013 4602891378046628710 4607182418800017408 0 0 0 4607182418800017408 0 0 0 4607182418800017408 4607182418800017408 0 0 0 4607182418800017408 0 0 0 4607182418800017408 4562254508917369340 13781122946144774652 4560517920901055277 4601472083289459884 13829508570990709440 13818909108817837008 4598175219545276417 4599187380464329008 13829820897219686854 4605975682916830378 4600040671590431693 4600040671590431694 4559904871805690301 13782395218376462569 4562105184100942672 4601592185962541108 13823536467634211921 4600731531820947888 4604690283593861831 0  0  0
0 321 321 321 321 321 321 321 321 321 321 321 321 321 321 4599075939470750515 13819745816549104026 4591870180066957722 4607182418800017408 0 0 0 4607182418800017408 0 9223372036854775808 0 4607182418800017408 4607182418800017408 0 0 0 4607182418800017408 0 0 0 4607182418800017408 4562254508917369340 0 13785626545772145148 4606958772989694142 13818080997823996538 13818281068663669084 4591714780299890385 4606684343073081590 13822682016252591507 4596325837283644092 4598889120747945053 4606608600431970952 4562874851736833633 4556214195818630291 13783314641004086650 4594696253757897646 13814605051201990345 4589281247825631928 4607018993733778623 0  0  0
0 321 321 321 321 321 321 321 321 321 321 321 321 321 321 4599075939470750515 13819745816549104026 4591870180066957722 4607182418800017408 0 0 0 4607182418800017408 0 9223372036854775808 0 4607182418800017408 4607182418800017408 0 0 0 13830554455654793216 13592327833376807943 9223372036854775808 4368955796522032135 13830554455654793216 4562254508917369340 0 13785626545772145148 4606958772989694142 13818080997823996538 13818281068663669084 4591714780299890385 4606684343073081590 13822682016252591507 4596325837283644092 4598889120747945053 4606608600431970952 4562874851736833633 4556214195818630291 13783314641004086650 4607018993733778623 13819795588612144004 4591233014347214537 13818068290612673452 0  0  0
0 321 321 321 321 321 321 321 321 321 321 321 321 321 321 4599075939470750515 13819745816549104026 4591870180066957722 4607182418800017408 0 0 0 4607182418800017408 0 9223372036854775808 0 4607182418800017408 13830554455654793216 0 4368955796522032135 9223372036854775808 4607182418800017408 0 13592327833376807943 9223372036854775808 13830554455654793216 4562254508917369340 0 13785626545772145148 4606958772989694142 13818080997823996538 13818281068663669084 4591714780299890385 4606684343073081590 13822682016252591507 4596325837283644092 4598889120747945053 4606608600431970952 4562874851736833633 4556214195818630291 13783314641004086650 4596423551757368196 4607018993733778623 4594696253757897646 4591233014347214541 0  0  0
0 321 321 321 321 321 321 321 321 321 321 321 321 321 321 4599075939470750515 13819745816549104026 4591870180066957722 4607182418800017408 0 0 0 4607182418800017408 0 9223372036854775808 0 4607182418800017408 13830554455654793216 13592327833376807943 0 4368955796522032135 13830554455654793216 0 9223372036854775808 0 4607182418800017408 4562254508917369340 0 13785626545772145148 4606958772989694142 13818080997823996538 13818281068663669084 4591714780299890385 4606684343073081590 13822682016252591507 4596325837283644092 4598889120747945053 4606608600431970952 4562874851736833633 4556214195818630291 13783314641004086650 13814605051201990345 13818068290612673454 4607018993733778623 13812653284680407732 0  0  0
0 0 0 0 0 0 0 0 0 0 0 0 0 0 0 4599075939470750515 13819745816549104026 4591870180066957722 4607182418800017408 0 0 0 4607182418800017408 0 0 0 4607182418800017408 4607182418800017408 0 0 0 4607182418800017408 0 0 0 4607182418800017408 4562254508917369340 0 13785626545772145148 4606958772989694142 13818080997823996538 13818281068663669084 4591714780299890385 4606684343073081590 13822682016252591507 4596325837283644092 4598889120747945053 4606608600431970952 4562874851736833633 4556214195818630291 13783314641004086650 4594696253757897646 13814605051201990345 4589281247825631928 4607018993733778623 0  0  0
0 999 999 999 999 999 999 999 999 999 999 999 999 999 999 4599075939470750515 13819745816549104026 4591870180066957722 4607182418800017408 0 0 0 4607182418800017408 0 0 0 4607182418800017408 4607182418800017408 0 0 0 4607182418800017408 0 0 0 4607182418800017408 4562254508917369340 0 13785626545772145148 4606958772989694142 13818080997823996538 13818281068663669084 4591714780299890385 4606684343073081590 13822682016252591507 4596325837283644092 4598889120747945053 4606608600431970952 4562874851736833633 4556214195818630291 13783314641004086650 4594696253757897646 13814605051201990345 4589281247825631928 4607018993733778623 0  0  0
10 321 321 321 213 132 321 321 321 321 312 213 321 321 321 13837467042597044222 4612200775545783530 13833500347699958778 4599622126152290566 4602125620217529156 4605551531431086059 4599473145098714652 4605016480679096092 13826637674939583680 13829538694549556642 4601785621211222939 4591852412740019860 13805939315380839480 4605822058193710979 4602930097811293297 13825601166795636830 4601867310460349554 13828331765085247300 13829470340660085558 13821886449864499364 4600740201951236101 4570461300595723456 4590225677955044320 13815096432714304855 4603167956178938480 13828813098370069477 4596554234247069618 4604401006253623166 4599236786130711325 13827431680716223000 4602024295940275857 4602713325993708930 4604739778105730690 13813825884909182491 4591174353073022070 13807921195945965458 4595795522553256563 4603804115909508533 4593392231802866842 4604921307152644242 0  0  0
1 321 213 321 231 321 321 231 321 321 213 321 321 321 321 4599717638055100160 4613980144415937344 4613166763973743366 4590125684499780923 4603738834955668236 13828597774115991755 13812000801630288595 13828580904530594676 13827148803556845626 13830512941798112064 4591374966181730210 13805626832764365330 4600242824304899429 13829915422914829216 13812416040335236792 4595209983774210010 4593876023771466820 13830348547481191923 4606424636128863853 4599906392262440358 4596498687815934614 4589743204019528190 13813272860654487847 13812717708324758822 4593946144546911959 13822387828564387306 4606693593270155210 13826551954477981372 4605091698049936904 4599414427822737280 13828940207847227642 13826661151243941830 13812575968257765455 13807830111828768916 13816371679930934867 13801730970738021328 4600323252207295682 4598347948204180484 4579669385219600954 4606211628518243839 0  0  0
4 321 321 321 321 321 321 321 321 321 321 132 321 321 321 13835787380043106548 4600134617120147656 4609900751126622480 13790024609103808222 13827179521146201640 13828576262190937421 4604092635016033651 4603467305961470055 13825554274593871536 4604965913377681035 13826173383679692064 4601051338633878947 13823882579494241668 13829054272694247865 4600905326789329628 4602832074415301621 13826510887049681258 13827446892991249387 4605085402258943401 13809448868380916127 4603940832932505355 4590982565844859076 13806123977833388424 13809056203160750756 13822648153520133873 4604280495817147085 4604175439883788097 4604440152510217130 4603940280305348147 13822923904315799953 13827380579416254517 4600189077855298629 13827587344686810164 13813044058755569483 4588482396251440288 13809296020553235138 4606983081108100858 13821928263011058187 13811786913771353010 4595770427265569785 0  0  0
1 321 132 123 321 231 321 321 123 231 321 321 321 213 321 13827026859824818956 13835710098365308873 13836540834350712723 4600818220859109412 13827488920979224490 13827296846314995174 4594740172822141524 4604781892493123260 13827508879982188017 4606325103404675043 4595071419993628586 4600751421748328972 4602320145397971480 4601814464004137332 4604946771266750778 4587420793586617200 4605753855492333154 13826393701292028835 13829435507325583875 4599007325360831958 4600538263233832004 13812635005533010098 13798793088804896976 13812990372999736854 13818172078736427074 4607062747321220716 4586540975190682696 13826642488097241821 13817086218876269750 4605515282774657285 4605468077227035084 4592039033509619150 4603380418960961375 13781807493399635840 13804495261862690676 13814678700909582064 4598458768306049027 13819960967352173100 13827849926498229079 4603852800135367990 0  0  0
3 321 321 321 312 321 321 321 321 321 321 321 321 321 321 4608693450056449884 4599256861230990192 13837129218143349166 4568051307148033400 13830525919044252039 13813764834589059498 4553626323683096389 13813764803397057080 4607153911797607116 13830554425791042316 13791454248892259606 4544506562513189147 13804475813204504292 13827144245740705208 4605230315508267424 13809332556210125456 13828593636114432208 13827146075807295200 4607173512502606420 13809768377430708391 13800419434124690900 4584916870134606880 4582960317124023120 13808228340977381696 13813552910680137580 4599150193318382750 4606728023671494978 13813622396450830794 13830115621573360815 4599047571654634306 4607128800261673259 13810848638888251294 4591610916639639737 13806453647344201795 13808776442978877836 4583836657408980582 13822366236810388665 13814526616571241368 4594629344333771960 4606632458235309215 0  0  0
5 213 321 321 321 132 213 321 321 321 321 321 321 321 321 13832975497807987601 4612628302503765574 4612231744477947468 4602734286236891374 4605209379230005898 13823636121211945747 13829076620274080899 4603116976657978423 4579584806534103648 4596813389051803264 4599049081245853241 4606556576050206201 4590823252188269798 13829184913446589908 4602887242270621012 4600544981070928086 4602794935050094728 4605101769457330714 13829837382450946873 4593991399866925784 4600289591379392693 4589224514435220518 4584896563372354584 13813687062689590101 4603421779277705204 13822223614968153930 13828395267619519781 13828852568474355603 13817713224779803147 13826655039671759655 4587928073493348428 4606704524483369973 13822751521803293044 4590935790213593441 13801198711985524268 4588717632639795725 4599791630864575613 13821621837664892158 4599793831649026519 4605735358480980549 0  0  0
12 321 321 321 321 231 321 321 321 132 321 231 213 132 321 4610898578268398960 4604454557359257232 13837527064108067812 13829730609666546691 13824485046836689028 4589181383955887084 13824536618336598580 4606102209176437997 13820792431884722562 4585845877506838501 13820977025587482214 13830296798482523893 4583537441785738243 13828435320502714127 4603973802896228190 4555760773824061712 4603976043623567144 4605065797628670492 13830551088020886558 13804986017216561757 4580817385208196087 13799543621058942064 4587412813026448712 13812919202525648034 4606832503256486640 13814105027041701870 4598406869396955371 13821822827795761472 13804505415696067464 4606857974525592426 13813526569305564943 13830520824403591979 13809384516591642676 13807796167470453222 13812645808046881019 13810265673519787857 13820085551589875505 4604884170687413434 13821581939586349696 4595467371038294612 0  0  0
11 321 213 321 321 321 321 123 321 321 312 321 231 321 123 4613135949056510584 4612959147064987838 4602867250085373836 4595796792455458215 13829677152841252819 13824054543590783168 13811851236181850056 4600613235670256622 13829842606694167562 4607013378575272247 4596082254832857209 4581075381660150139 4598487059526117987 4606700582481479349 13819052458319120588 4594835478356496400 13820752008099859102 13830202161061660220 13830110259302155735 4597397787301215870 13820099478443313633 4583773879443224792 13808756121089770110 4589881760411411122 13824233178682696314 4606433208172934065 4578438361565888864 4604200925692903552 4599086476136605847 13827670191714895660 13827195105328043329 13821778673255350098 13828152280671651166 13809809465259584162 13809481230694552384 13812356468828060307 13818131636997216809 13825416595905397884 4602865954316159349 4604471727146024576 0  0  0
4 321 321 312 321 312 321 321 321 321 321 312 231 321 321 4610540012847684564 4613166690920771318 4613867788062502464 13822171363374195384 13827807664697361838 4604121948277763038 13825046273794015841 13826182912711461279 13828152546641938908 4605826743894663823 13826069160526421669 13818386350490344531 4581320478982845796 4607124905988357305 13816042176264678756 13826071856024089806 13814252749008529566 13829296698382117202 13829333546650827001 4589904056447553561 4602632503174266312 4588316082447969060 13802948645693113168 4586694465672581368 13824704624037378951 13828552211784837383 13825383353077484556 13827273447092097418 4603766461374092411 13825308859343614890 4603977613337087780 4591812022368797818 13828378333285571898 13808388111782646587 13812781177113154158 4558872091222664320 4606021387354418847 13822770558126380123 4599381929080426450 4600227426446498791 0  0  0
12 321 321 321 321 321 321 321 321 132 321 321 321 123 321 4608757415916027844 4608851575876651548 4614166166381658530 4591984665762731571 4604156650681903057 4604847163707582894 4602892057824648218 13827571028287601218 4602928665380418957 4605793867325125214 4599693676782192221 13824532195268820271 4580244302765867116 4600576625977267564 13829865267766063985 13814292420682009103 4606467636126049005 4600528426424418400 4607147263540735841 4590005213087241548 4587068235488205336 4591230376535609902 13809224567250025418 13814057258762588959 4604931967546733771 4603649042426715116 4598367685471982799 13827458225224571764 4603901019970534875 4600994268471612378 4590523799005436021 13825618529592112896 4606062619942890640 4582163024455460397 13816601835054485354 13810300332628050888 13826204326897471635 13826797936765556348 13820657025027048622 4603443413307981961 0  0  0
4 321 321 321 321 321 321 213 321 321 231 321 321 123 321 13831217964824888585 13835207215046253414 13835393035192018972 13827520879711480251 13827612832289998058 13822927278810534986 13827574272199312561 4599760529441505676 4604136428665364975 13823083704290122836 4604097189043785212 13827625033310247393 4604442010984181920 4604623048004093899 4588664510836808352 4597567856356382828 13822497850009028542 4606498845833075168 4604294626020176407 13827214538871873902 13823844954353038442 4572700090317324208 4587991960264270996 4591125532476669940 13828102210440622534 4602898057452016820 13825007831066925564 4603066534920201956 4586906422190050224 13829098873822617699 13824590112853156764 13829205369346492314 13822786720300290909 13803154071846644950 13813064823091187306 13813583790120656664 4594149370070245808 4606327332404369028 4594641245277595301 4600214022791038697 0  0  0
6 321 321 321 321 321 321 123 213 132 321 321 321 321 321 4590194725552117280 13830374303467888856 4603572851795331820 4605830914079169267 4602918949089775258 4579500563263079968 4601110424544471311 13827391563390405306 13827303970797090184 13822938069737609492 4603122010851341955 13828473501280112700 4606669780553563938 13822744749389940286 4592024670369572205 4591448580302130687 4603117291769832546 4605657627092183933 13822789240762922935 13828517187983951559 4603104393744180343 13808101967979531334 13796398570021873872 4585487354306589656 4604697264410643653 4594211356513367828 13827630254564831678 13827117725182783184 13822478222929960537 13828082995732810723 13822543637401507038 4606669706496771092 13817291281183186040 13810550155565306412 13796412413658413548 13779575344770171008 4600875659596229104 13797212286784062048 13820117401574544708 4606210356552570145 0  0  0
3 321 321 321 132 321 231 123 123 321 321 321 321 231 123 13830198038759566092 4612241704802975990 13837416130416023350 4605126235016928429 13806651607286406384 4603898530112280053 13824051724658072704 4605117683344100119 4602719840645551659 13826078786876160592 13827280937271494541 4603440176679305546 13815795192980113357 13830143137293923979 4598691530952342723 13830348191349185860 4594692065911782114 4594483642450356612 13819152275001568166 13821662434780499935 13830094991291944211 13814656390531025552 13809354339601445258 13811212719664384909 4596715357097892124 13824799492567201720 13829454926593698848 4590085126992167092 13829546472276567283 4601840599752192707 13830328507405296668 13818342038265758582 13818075878876362082 4586636042518060405 4572181413277372948 4592177033696011318 4604596734345886184 4598318418864787376 4600737323909943377 4602867186908888209 0  0  0
4 321 321 321 321 321 321 321 312 132 321 321 321 321 231 13828087594523374956 4609683195023149684 4613621146819507780 4590199245699715970 13819686722663143481 4606976287713983362 13822535548677668454 13829993731945094847 13818535348774700301 4606725702484134182 13822179613365223303 13817313931708876756 13826456402339234174 4599655648230720246 13828481070346956133 4604415394511406100 13823144888798332542 13827281678493776080 13825550158040420056 13829476394540150366 13810096092514354205 4586391006027107976 4591250190246748622 13813780579681044212 13830365291249114554 4596447605565125837 4583487563521939622 4595180276689883429 4604639263833918761 4604265093777217347 4593103181243667779 4604178031156384151 13828179238988166180 13806529548725945056 4581107043519690298 4593647678385719428 4605876846816226445 13823366042566976168 4600883983630871767 4599346871781314459 0  0  0
4 321 321 321 321 213 321 321 321 321 321 321 321 312 321 4610591579800072664 4612544728127532704 4612294372669675392 13806054644989561845 4606398314152161318 4601009781601814750 13809222132397591832 13824394108184183382 4606390809453137206 4607172719322788250 4573741629495598545 4586788117909363690 13826614133088259708 13828626160841997961 13821667728979257724 4600292522532121127 4585982078558536488 13829916138004616353 4604845850039043538 13827104807935552656 4598465761409554938 13809778403403051338 4573527346014483712 4569261038638220640 4598618806774446639 4592786632753754436 4606776393161230159 4606835871996105878 13806198703588578692 13821972162146099930 13798191119055252184 4607122210982824895 13816338397682022429 13799300290054607478 13809681147122452449 4573425552583441113 4606147719971419717 13824107729418373606 4592045144019569423 4593075829878450641 0  0  0
8 321 321 321 213 321 321 321 321 132 321 231 231 321 321 4612172759700748916 4592397531424201920 13836306448255063290 13808486992407407050 4595376799812825538 13830414299685184730 4583414551434155683 13830414888079030736 13818783109002112346 13830545867391617804 13808209619116761987 4584075153583520904 13825384970430425285 13817480328740436268 13829434579603509272 4599293318948718695 13830103382495771387 13803718066439262992 13829019497364591013 13822102096031647002 4602366055252834769 13806193935637823916 4584951200947767028 4576660971731781968 13824714734570413446 13826838754888357523 4604373471195391654 13823378203293387994 13826891309378148243 13828069458196697418 4605684324675992432 13826504148564521055 4586800312491763210 13790979164066938980 13804188200522538792 13809092212053297790 4600036565133055568 4606067464145711850 4592139837649702618 4600407621437093335 0  0  0
12 321 321 321 321 123 321 321 321 321 321 321 231 231 321 4614208515930274910 4612213911659683726 4612713361395133890 4595090737793200320 4603896322318151508 4604972734537042472 13823130987951477226 4604976127503153080 13826608223614232988 13829894311376569356 13818400121889386983 4599774091288853855 4600175403950672802 13827133370215304298 4604448190864471032 13826709278611498578 13828182820448484763 13823509708075382858 4604801558158486792 13821899276451695388 13827144310480626905 13813922156336015352 13813036656838502608 4581311287312641656 4606648160442975690 4586527418319302904 4599731513229231185 13806498055061566592 4607163913387417684 13811977249749781528 13823137731089723004 4586848116775131844 4606641063612165632 13813318447882040132 13812956694765115182 4586336034676013867 4606106409445003057 13824254884841873639 4598647966199360480 4590026811346900179 0  0  0
5 312 321 231 321 321 123 321 321 321 321 321 321 321 321 4607537222798701516 13834558560371701899 13816964593307357440 13830503966950519407 13810234061775371736 4591506922875659899 4590542026970992373 13829733143275161461 4601042131225523645 4589512112278212782 4601140349367689051 4606349384287617159 4606276300326185657 13824459145307127101 4594466716046537111 4599079735416698206 4605617265587762468 4602258507783496118 13822767361965551206 13823971346593971848 4605981705090378305 4589224596670619370 4587920741392520408 13812551220314459909 4599535615583705694 13812787748213866222 4606671118346831846 13826055253984662841 13829278804370387714 4592786537329759408 4605400936457778725 13826129840138599919 13822671651013681983 13809592653666353320 13814158120631966128 4586350276204324417 4604407665639187805 13824188543466322752 4603063144596943159 13814424547645882875 0  0  0
9 321 321 321 231 321 321 321 321 321 312 321 312 321 321 13837006780076050916 4607719666709390024 13834174116264579999 13822973708286142521 4605218550706329938 4602942791970763465 13829015519881691918 4583974933290795696 13826575886050385635 13825183263948790164 13827155603905970328 4603929589660426282 4605626597624391116 4601666025281621561 4599877737498759267 13823437309107429184 4606175225283112226 13822300975125148274 13824888886047161908 4593250613595912472 4606212060684241840 13794698236922973088 4588450474110058856 13813052012832104181 4585424205921449152 4603815089627899314 13828562474726009110 13827056347926028747 4603852896135025526 4602284061503248668 4605293599506202905 4601938540120244105 4600985391240152765 4591155379107982050 4572947188098778816 13795864963641397792 4598614677793966205 13824566904079920620 13826068897841007036 4604533374096013372 0  0  0
6 123 321 321 321 321 312 132 321 321 321 321 321 321 321 4613367784056359832 4611740447676833026 4607493690902879764 4593738130948554417 4607067696245464933 13814956004726490616 13827528005330778614 4594804091961919937 4604761185620911058 4604812606921199501 13807383958724687118 4604258521459380627 13830438849780328369 13816241501383743214 4592733275100082755 13805584657177513017 4605329229548254709 4603644023182510957 13818235303591494447 4603550892656968776 13828632772436704869 4571727721898854144 4565754596864992256 4586360850517596552 13816101058582781956 13826336554955567324 13829108740532599397 4605885295525705352 4600472209176792274 13823406789090526243 4602721443397731823 13828375891270487714 4601109693029739300 13808943564857272502 13800729661262176727 4581033514274333367 4604532020823431961 13822908387135934269 13813684254255577220 13823527858204344508 0  0  0
3 321 321 321 312 321 321 321 312 321 321 321 321 213 321 4598379993339531528 4610293609472948436 4605515700383545456 4604380557989126441 4604409051159665307 13820299187627863234 13827365495578726730 4601804275804077712 13827091867146860564 13822967002473084718 4603248084502805949 4605003409163737149 4597422170995253271 4603634713031105495 13828407677783012924 4600599729805216155 13828529387170092818 13826061656877634776 13829601557984977703 13818956809224485097 13824442155320583108 13808680376446759108 4585557971804142680 4591335268479121182 4591617479030537246 4584283445354680098 4607136334417454324 4600950818024869726 4606392440765837116 13812838007646753728 13829740397812031300 4601029403853996690 4590136245837982491 4591133551435963510 4578972734077291112 4588060647419714676 13819218896693740336 13825816748700240320 4605661683942976354 4596156894462675898 0  0  0
10 213 321 312 123 321 321 321 321 123 321 213 321 321 321 4612470016986911030 13831229689996053269 4611048393388863552 4607145998299568753 13799380449825137952 4591109327148708406 4591006282599327666 4598916712105895959 13830127668115069579 13804222904190075861 4606791839314634925 4598908855986304591 4603158687909302150 4583227311529891408 13829046504251036160 13826047664364035689 4605471481573690175 13822566757586914358 4604177439409882462 4603451414734848165 4601981796674888939 4590574431165636574 13814077774869890421 4583225292515997080 4602019881188507983 13827370892800743210 4603633381408632526 4600184314017143768 4605041315519655283 4603010772086368607 13828834400953749937 13807593283202355944 4603462519339154998 4592455802736782302 13804840728731776563 13810515410954984797 4594524717338335666 4585046717351424311 4590763259476102000 4607044369214670480 0  0  0
13 321 321 231 132 321 321 321 321 321 321 321 321 321 213 4605845633531227424 4605408288847591408 13824402857648736896 4600266367243453852 13829059869043592256 13824478067740814634 13824580817351292047 4598124915005524278 13829415758057560159 4605662192761851450 4602543185055865943 13821690678816798950 4598468688461407737 4602136074933673398 4605755781667134875 13829063184492681194 4603124188692623866 13809691667118655112 13825735606305041814 13827770245482054694 4603024605963330875 4589281903322872494 4591858084873832970 4589577762232621572 4604634723590343930 13821894189951232091 13827337120636570091 13806591569061913600 4606383166062471532 13824447278642380190 4604448065607333193 4599284937780424224 4603997908472218049 13806164655505588524 4588990588139323802 4593297934497527884 4591174556295939422 4595553874694245918 13822899964716064200 4606502562461717934 0  0  0
3 321 321 321 312 321 132 321 321 321 321 321 132 123 132 13827355044174553976 4602600313967859848 13834354298030412859 13828102202166342300 13827271297687262279 4598318199631164754 13827598433440064601 4604806387799946698 13813917967110754169 13817512912817505285 13820923466795494786 13830218557353969274 4605113688082135835 13827016589541831963 13819552831502837194 13827120989086992801 13828622773054449530 4564998937052448768 13818083769565195617 4593255010760457358 13830382172598312121 13814490514467224285 13807389866328775488 13810934796206546951 4601985153493014865 13821874407726444762 4605792101426608838 13827626853035751499 13828074971188575780 4594159345247284469 4603360721742333594 13827264295787705324 13826190064388645434 13813584170092963942 4590022778222218863 13797722842866674040 4583716274050558555 13826504942098330286 13808893947966359052 4605683567844144431 0  0  0
10 321 213 321 321 321 321 321 321 321 321 321 321 321 321 4609776723742800140 4595848156981648624 13832392256833053537 13822751851999073954 13827943144433527652 13827210857859565484 13818760494702759700 4604435719970035427 13827833543669443968 4606575540968654971 13816149219255133756 13823219690868795262 13817079922688181690 4606494434958223699 4600193013827455667 4590077307919117397 13823438542320154934 4606568561895247787 4607084971921096658 4594378245677240477 13806134265752523627 4589959873433065678 13808494114677597984 4588542922996314996 4604968077218191942 13825979563372439483 4601423810926961556 13826707908359353801 13828908289204308224 4589105176295007593 4599452413775180584 13822328437857788343 13829658545830848994 4591692077193209086 13800498757253986628 13804417871415175208 4603975062497796680 4598600905784461827 13825108545875566790 4602349822720424465 0  0  0
2 321 312 231 321 132 321 321 321 321 321 321 123 132 321 13835368474500615544 4606787837115614336 4611942056696195712 13829964664427187734 4585688303896851636 13823417833614349925 4599999644964143995 13812254808246837141 13829962807795253430 13811783418468738081 13830531305187465419 4586369986434014083 4603158289908864945 4603177621446005846 13827139628293060676 4601409209923721031 4601749845262272427 4605235505124592089 4604604144291422531 13827855281642518674 4576652619844170893 4582328614602960864 4577450904751633344 4584698706616131352 4595000659832571810 4604587146443011898 4604330753772376044 13826508656705438493 4603937976044924474 13826374759165466636 13828922072680652834 13822261882294242475 4602601178438578233 4584922736174914270 13805553806767419822 13797524566501062796 13826563751163370602 4596962347889209409 13815812698676759834 4605332216449145281 0  0  0
7 321 321 231 321 321 321 321 123 321 321 321 312 321 321 4609213097407035312 13828696961743709564 13827692337445417920 4589334477310957526 13828998229598420380 4603202332482362544 4605966549895767975 4599534137748186743 4600551309142435069 13826006700330431158 4601922767228241846 4604810371614058438 13820107770306162899 13821597104721354986 13830054122668189953 13827339626404860342 4605050790999976697 13812363427532956400 4604808370793868439 4603529907540911470 13822860274139265372 13812778128017741856 4576219159122277416 4583912068342083024 4584154951709395184 13828910129942479090 13826728685995031934 4606185881260020126 4598790260867563007 13823496196122013722 4601890724088420010 13826060305294088330 4604798935251223165 13806407472222268986 13812812799866272266 13802230010708437294 4604471168113117764 13824738322362545805 4599959488229267337 4597944613745628594 0  0  0
9 321 321 123 321 321 321 321 123 231 213 321 321 321 213 13834388707886531157 13831778405296342290 4609318263660924680 4595330166081782561 13824963200226769134 4606117296964772871 13826310368405131164 4604607714679396130 4601933679901035012 13829035190019859695 13826453665742314468 13815986847238704660 13826675572143582503 4603628570274398840 13826556346324823597 13828418786418373011 13817478402183957984 4603866222127368395 4599189623635404665 4605236834162857947 4603038463951100888 4585965576348183060 4587160532095853940 13805163369270459336 4599064434077796215 13829367220990835917 4600801046563216910 4601650906609974963 13821220390824828753 13829325631701926889 4605787168917498411 4601486613242090017 4599299882529076564 13809086047235470521 4582723936459544742 4587144762710781478 4604569927313077561 4591708557014136209 13824768535108768174 4603129369763795018 0  0  0
7 321 321 321 321 321 321 321 312 132 321 321 321 321 321 4608759204006191280 13823979914165286608 13836386834519171712 13809081453814821613 4603755145778098869 4605237358049822156 13776575531103991267 4605242544613640183 13827131390157223050 13830547777054237664 13805965071239214064 13807692240393288941 4597398173989078815 13829918485774921825 4598894145283693634 4601444980933515009 13818675041256843978 13829526665912466751 4606035874013958138 4599570697910229649 4600195413123923786 4586378769397225292 4587883022120584028 4590281734904665400 13824370909394737897 13829518226142680797 13820709387134826143 13827642997120705428 4601933266674719644 13826734537161451628 4603702373038198411 13813858226283469189 13828621903718977254 13813991611513298744 13810669496331136667 13809165362120956430 4598784999418198819 4604654660683043410 13826633318639472209 4600959479197975318 0  0  0
2 321 321 0 321 321 321 321 321 321 321 321 321 321 321 13831202782741310949 4612531664269975588 4610381441911947740 13829339939785411186 13823785271464351784 13823057434922038979 13826061284796207822 4604205759905245534 4603113414460434295 4580941748811189583 4603954482406459910 13828453955140195293 4606588807817402363 13821585947524420918 13821596927897232757 13813459164512490087 4603156170598961099 13829021231256425848 4599958656084511745 4605327957741035455 4602635161355860895 4583455530532631208 4590035053784949416 4585572807201815148 4601090029113787896 4599349620703908977 4605876616589563724 13829727005140325730 4589286889420985880 4601124803449380121 4590108831881809448 13830075788067989134 4599303896826009725 4589473744456783548 13794924311462328708 13811716617322021642 13819380447624491659 13811262862506335851 13824415223845886190 4606199357768307951 0  0  0
1 321 123 231 321 123 312 321 321 321 321 321 321 321 132 13830855233354726668 13835123861349133808 13815840292588190048 13827467574464997838 4603804970102500762 13824629269757251264 4600480409802399244 4604991649096600995 4602978970336443776 4604048001467133438 4596063624977427338 13828155450984282335 4603373089211334161 4595951863308044518 4605333117733215072 13814741231108602161 4607019228102337216 13818487486816216519 13828855428762051440 4581801569469738923 4603436719993348563 4585431788498083060 4585074586345599568 13814963687451096496 13823759740997754072 13815804447074953704 4606476445546300222 13827108467174830440 4605113116014057290 13818292504584897596 13827786336965610820 13827208739645467506 13823415821106079843 13815668152398771638 4581142277593837340 13801881438230024384 4593972219462093510 4606285288110658721 13824377261481029808 4590949136197058101 0  0  0
7 321 321 321 321 321 321 213 213 321 321 321 321 321 231 13829029179459281464 4601475618880011504 4603916405475256572 13830526880051605726 13797974350276427520 4590276622756191695 13812685750068216051 13825872017920413909 13829377128653600039 4586525699105414442 13829398421184817922 4602464935837404323 4596486744574286419 4591985719981390318 4606947014307343991 13827501264851354965 4604912344646320198 4588785505970495060 13828053537131397461 13827455154633948087 4597062005765528404 4584715844115030776 13804077730179392600 4588681809594432876 13829735256934838498 4599937217659587121 13820807445503728870 13822611484124924892 13829943504226432671 13819331210798718292 13822077983063596763 13815272952083540908 4606776108803154868 13810506838769023826 13795309843453482672 4587277980143729812 13826923610684497045 13824648008152155687 4604191996573310860 4594174108171551693 0  0  0
9 132 321 321 321 321 321 321 321 321 132 123 321 213 213 4599781048258278512 13829065891692981552 13831633081721091722 4592054677918329277 13830113973615599244 4598920475446517242 13812679771000621159 13822423690516807085 13830123768920656776 4607116102293342736 4590348384302598876 13814659811633609314 13830243058162506194 4594890922958491327 13819986607152962365 4598346219153005785 4602772054279214276 13828932090815343475 13806163221776023460 13829159862583829766 13826356431473264734 4585040210633638700 13803045071433570800 4584236364954298776 4603782243820487463 13820692798437165422 13828295346335808617 13828532294771904771 13810667781656641312 13827216473396593388 4592254545344294203 4606937444319805981 13819972848577529698 4567037577287199024 13809911251871558240 13803915067492330648 4599119685847849965 4605621662766657779 4600342096941438485 4591223856518505742 0  0  0
2 321 321 321 321 321 231 312 321 321 321 231 321 321 321 13836781171283775191 13834618069619188541 13830204969333931056 4603209169365989218 4597288285450852569 13828735289404639498 4588874605984259120 13830292077418239340 13820893396141405360 13828996577568229354 4590524521043810988 13826557314075926979 13822367279543864317 4606774093639540206 4585314780244445016 13829613445446060416 13822265353267365939 4599754285162028694 4599665280847988867 4589546873521842717 4606647301427756635 13811092508678971130 4588570375961175388 13808481998820035780 13828740249595404260 13826903198409408032 4591378572874218466 13825862906874619905 4604766537660893645 4602213135198746590 13823351015717943004 4599670969584581632 13829433059789229152 4571252356210717663 4587669114553718292 4589554653220727040 4606194189581505519 13823271149176078000 13818891213191563469 13822940343379267216 0  0  0
10 321 321 321 321 321 321 321 321 321 231 132 321 213 321 13836042630545016412 4584692156660417920 4609286397602139608 13816185583160516693 13829602865709310410 4601468842034701272 4591763834049380104 13825034389063006207 13829570919010123437 4607080526021059520 13811905712119952690 4594150081791065057 13813572618987782665 13827329242423808021 13828418892602661416 4583214176429818319 4605053127502365992 13827358302040715202 4607152690089331366 13813049452914727418 13809562180919457974 4582970532784917744 13794537836138190160 13812067472176874672 4606611723501575176 4596804972671514192 4598695502601897853 13821684200358773570 13816877733108229956 4606807982707425650 4597720332928747416 13830280129403997248 13812225870002355390 4574051415430829672 13812562720612482685 4578873956495940352 13824894026334348740 13822345679174864016 4603170737207359139 4603983791293170088 0  0  0
11 321 321 321 213 321 123 321 321 321 132 321 312 321 213 4606476447695503168 13830508522084991348 4610103399845211512 4605700880917850377 13813355510145137000 13826451539406431427 4599154944715743460 4606166155491093915 4599919137317578675 4601912335083547764 13825249146060019424 4605054156831888599 4594049635233722048 4592519174725676332 4607045182058706678 4589724100588875523 4607095711441157022 13816632110783284180 13830448955535408716 4590811652123432943 4593726873329916649 13811497870615229658 13812668198867719032 13815173544067929244 13829691474033767882 13812819018623331536 13824644701077690192 4600802273834656346 13826063406008648558 13828477081420012310 13818322515071369392 13829317497207760546 4602311803938091246 4591584218990147095 4590901371677939851 4580504030556657278 4604223030933493579 13821868552955543517 13826551663368893423 13824979822982407029 0  0  0
12 321 321 123 321 213 321 321 321 321 213 321 321 231 321 13818490976265051216 4611517036485906708 13827856953070561548 13828814273228532998 13826767353073413554 4592942374226488289 4593936495710479436 4578194800655040016 4607102502838500337 13826733676886743482 4605514710337058230 4589481429641763035 4595975742306220036 13828410865527463054 4603754103010679877 4582146310963726996 4603885228433136802 4605138287514555056 13830389877595380081 13817300404462530561 4594101793125614711 13812263087045202077 4586603111831187960 13811091612283001690 4602929853453111871 13818985590893894572 13829025661192222819 13828274211245960766 13826620926338257906 13823410945135513187 13824329581097892803 4605440957993035646 13824807034878940459 4570384065670709120 4585723725019484661 4590656995354377006 4603384682215041238 13814663214228611584 4596016865186387873 4605272635629572015 0  0  0
12 321 321 231 321 321 321 312 231 321 321 321 321 123 321 4572532083081500672 4606549207197392296 4595791314642363120 4604531068939241896 13826678705271199307 13824633399687600164 4603425556028157285 4593803913710872290 4605401586958668961 13824300869381491111 13828858525213303098 4601289546943711921 13820724697053677964 4606714213725147238 13820568452909235240 4606498551552711737 4598752734014061541 4598318060531567752 4599208771552729564 13817847842666525982 13830015068376097044 13809158554795953799 4585256756344895776 13812965851386525546 4603988672468365625 13827827800872935224 4599288795239994773 13821856052916960292 4595522868756258848 4606708439515682996 13827992690005579892 13827805082967627523 13813255687815155140 13813165645817044786 13810471162175515405 4575950889688855968 13824018310303310218 13826689434764859810 4604680608288440320 4587424704935319440 0  0  0
0 132 321 231 321 231 321 231 321 321 321 312 132 321 231 13834061490190336203 13804930363426444416 4573648466017043456 13821575326140182113 4604106064086493810 13827936365463797589 4598712723791596679 13827420985081836218 13827893575626269870 13829892461582322241 13823812418200094151 13804856076492430234 13821732659475454537 4603773303268695317 4604830624150072910 4601217617905676620 4605040478995910115 13825934625152387392 13829382907644211457 4595690976326792272 13825307529540053891 4589746765493781982 4590368939520230114 13808936123810476638 13821848635398656715 13829009151075784764 13825915592607405042 4598939875371463053 13826559601362723682 4605180032712578247 13829818837544827626 4589233283895527942 4600709920719076508 13812787372833848957 13811111219174279877 13813397567360378127 4604765737151071351 13823124593731658679 4593611827490219747 13819749722689686634 0  0  0
9 231 321 312 321 321 321 321 321 321 132 321 213 321 321 4614124292211527782 4609574467058765488 4611890328685305786 13817540001175139952 13827211358679491698 4605066164238409318 13813224863455128368 13828429405503377396 13827321773182352358 4607071654523998321 13817730213215805841 4588916718986400103 13821701592243586185 13826166731239681856 13828920586713272838 13824594088257307684 4605588709183871833 13823948019420178555 4606014434671857742 4597959163105049464 13824749779692726891 13810244974492889700 4580533632261760168 4590828096642277198 4605586578015306197 13818633151092975092 4603062042841384367 13826642454227824763 13823081677697016225 4604961542064858973 4588005116009324322 13829895600674696762 13823735270374027795 4572673323845984760 4590798179743859698 13810737167843403436 13824375850476179134 13822727391435020275 4602409867815489243 4604541059496165294 0  0  0
4 123 213 321 321 231 321 321 321 312 213 213 321 321 321 13837606884055854055 4607412158629861476 13834723575054978185 13827514639136258323 4589268979724674964 13828269510560999856 13823943644961069722 13829519898470943384 4598431518057189808 13827345318355935641 4601974712386186558 4603677653537260271 13824780942161537282 4594021893942645152 13829590311573805662 4601313846812337616 13829138631164994923 13823010149751410211 13828727948159274555 13826240673279403827 4599163119629372963 4584965327151885620 4587222892218009708 13804074927423492008 13818689113932913416 13821861470965815320 4606717094269459892 4606964304565933854 4590987950972425396 4596386691063964132 13817469059808227056 4606818251859453091 4598030696299520546 13808634044647665295 4584963255854499415 4585659487801687989 13816958903538407809 4604333710336644871 13827457830466721245 4591523700966730400 0  0  0
7 321 132 321 321 321 321 321 321 321 321 321 321 321 321 4591852158156079520 4604281482274746036 13833197035095591557 4601118841165276591 4605561052989620580 4600802910592164434 13828256132413999138 4603170711954597153 13823726673047542460 13826264813497456787 13817637755975854758 4605741601448927706 13825783155467175761 4589352874673966277 13829401647944980312 13829302670416075203 4594156159082962576 4602487082768238560 4594664903039025199 4607076403756409297 13800949791430908350 4588348106046023188 4580946181522700792 13808684489763033034 13829581779182069067 4600469305305320676 13821505725373204556 13819384645064339714 13828865784065642876 13826511203139921520 13824432312426730603 13825047820580606427 4605349125089333758 13808556150857325380 13796941788010358892 13812168978717251268 4603886100546645231 4595645560175840211 4604100403353181887 4600239805591283027 0  0  0
12 132 321 132 321 321 123 321 321 321 321 321 321 312 321 13820688579691958016 4607281965961832392 4613805795618874710 4600181408868674278 4606335413728699218 4597114371662130209 4595452414538513773 4595173392831889486 13830288380842197933 13829797526073051936 4600682137186527762 13815083048269112926 13817365629155383036 4602482711815867751 4605938300069752525 4601489737561187727 13828328996291408611 4602583836609513810 4606199776446877516 4601603532008192849 13816065674548014265 13810697851291012804 13804981737665620312 4590176737034254790 13825289633652422166 13829526157196699033 4590135782126330845 4604454656126782234 13824440727621310292 13826840568250731869 4603145056661133408 13820324776749220397 4605430751314174473 4586914116195124043 13813162424548911902 4585731145332273838 4594075610285152496 13826814715756828783 13826362091494997250 4603532046579593969 0  0  0
9 321 321 321 321 321 321 321 321 321 123 321 321 231 321 13827000020571360712 4612745285915722244 4590259952225207552 13830365765841996961 13817659276275197901 4594422548784245750 13809077914844961435 4605673426256222594 4603153816385835756 13819743857923497438 4602998976820812887 13828937627335132437 4588809103049024535 13828787316697887654 13826878204345257122 4595906003069936491 13826711713228066386 4605359960204494082 13830379014626181836 13818252571085624021 4593017179555533326 13811804702591775396 13813610260119063228 4583714448277232624 4603915085327972119 13814055291705954766 13828447802918871540 4593272842903529780 4607117555012730583 13799639741886720992 4605032747498249108 13814224124473485700 4603963631325682439 13810959357789774700 13814082092815692612 13804532172888472775 4605821104117408973 13822384796807667957 13823055214118139636 13824390718254245859 0  0  0
6 321 231 321 321 321 321 132 321 321 321 321 321 321 321 13832149738366686846 13836286083201456807 13835217098333801344 4598794331547627890 13829988512819633434 4596450091274164734 4601235982357949551 4599279054555800906 4605854015859084646 13829310258398196936 13818216672572016916 4602355269086887432 13829654959637669795 4581067197795516232 13824883606962811515 13823521047186762916 4602966663806410136 4605080475055606769 4598027492041130511 4605800383046976048 13825547980380289792 13813789721038500426 4555047972889039616 4586007151787341960 4604013932847588493 4598202040540900741 13828020886574281861 4604947908355779359 13812545146500270132 4604086454219428012 4593316825329055776 13830246729449696650 13820814408270583192 13813860510790954904 13808351151162061725 13804574678465106566 4581735754551330910 4606067894354253597 13824192659999795222 4581188189393661795 0  0  0
13 321 321 321 231 132 321 321 321 321 321 312 321 321 321 13835558879474206723 4611156152339130584 4611261743937662308 13792390026490327787 13830499603879091386 4592601745282517768 13804148225201865688 13815968774957937498 13830498284151498654 4607180958173953431 13795691884184408691 13804022496512415125 13829841283200864704 13823952354135189707 4589763333678809398 4599236814693208970 13829005868316259444 13825471206470251780 4597743249379249876 13824410127267114509 4606110426342079106 13813823205047715359 13814815273401121196 13810935429512907568 4595746209961700860 4603008771896617456 4605595588395413718 4606966265789154335 13819748146031358843 13814232509245466225 4593215848682362277 4605558926337574543 13826593829918463977 13815779957592161426 13811479682974290563 13811872763832510693 4604909442584162697 13823216414940589585 4595170808715837146 13819553112987321963 0  0  0
5 321 321 321 321 321 231 321 321 321 321 132 321 321 321 4586857413073599744 13835938716266397194 13836886162039771731 13817105203730369912 4597707109464613670 4606851039417800617 13824866114303471460 4605919577930351990 13821883839067952882 13829580275306441800 13825191613295132633 13796970456517989632 4583175439743942450 4603223441412290331 4605631082712013475 13813228254176536410 4605623716573551638 13826570040730070652 13830527973051366896 13810031821072556328 4589089056554145287 4578519243447639976 13814973139928203764 4589521904017025414 13828626383618222952 13800432100560625280 13827115656452131267 13824348536565196608 13828268978715927348 4602929982454938683 13825452052350385711 4604170181631837590 4603420673667419970 13810843900448806124 4592031841040929960 13807900499011781946 4606214205921339190 13823549388730683665 13823724286154790776 4586189546828803166 0  0  0
3 312 321 321 123 321 321 321 321 321 321 321 321 321 321 13835304784748294926 4600162957169740360 13831107917263168298 13823980731311176358 13817838612069800334 13829753608808915728 4606440652942408657 13818521036664340967 13823547960554559337 13815108649298236481 13830330149624734887 4596333411148720356 4600807128128978525 13828974264698290634 13824321105994746651 4599177821232767556 4602978590281031417 13828652022741006242 4605974014697547665 4595976034071246437 4602017065828130298 13813270917922290997 4591311851654048180 4573660246566204448 4600699939293389391 13828928551564387632 4601233842289832391 4602898695992420056 4603331993755868811 4603852022202481894 13828364080466795981 13806451592733931652 4604057969599896721 13815342249888668803 4581004801144255721 4588313854846726080 4600916194035438388 4594745219333666684 4603444810330985112 4604363597039156080 0  0  0
8 321 231 321 321 321 321 321 321 312 321 321 321 312 321 13817889719617294240 13836189879639971716 4595427659239419088 13818000211334190352 4598519449344799107 13830114107959472868 4606206117531227296 4601824750978737626 13802603216782712816 4601358227939253411 13829204663882534080 13822601628828522479 4604835979341142533 4604155128358991571 13816054868077774305 13804855923790591001 4595910184179319215 4607021429791384228 4604235810525458765 13828068704140033526 4594637345309558242 13812788675940364862 4591166332834131516 13811344125036698132 13826088544441828145 4594476679064399291 4605839746615660282 13828768605808406002 4598830297486764758 13826272588406611487 13822825854990902284 13830074582107808568 13806595118746985536 4556464858696094464 4592385297851571197 13812564098796265173 4604845500438239631 13823259492059646183 4584739282881412651 13820592795476364231 0  0  0
5 321 321 321 321 312 231 321 321 231 321 213 321 312 321 4602938456420913516 13820628233445827824 4593816335331635456 13821883005318144707 4605988602572897838 13824587093785652813 13829065258778301040 13824729026724736854 13823318384123017801 13825704939603563808 4598282240810278764 4605729074659863752 13824610372343934101 13829055325244080957 13823507322764631947 4597646675832017934 4598748140102591630 13829925436341500236 4606069702890854130 13825603043748756913 4590270102177922098 4585332017633744392 13808251555163089550 13813634721432478493 13821207011313017628 4603637141678081292 13828373843330628348 13830002700507652081 13823238108780219695 4582238217228610368 13821430814097374531 4604633101249934697 4604047617254428545 4584418276067583079 13806004240270919571 13814015964195844765 4601492665140359754 4605468991902660009 4597581722743503454 13824721384843070118 0  0  0
1 132 312 231 213 321 123 321 321 321 321 321 321 321 321 4612118480913043392 13836493656408015606 4612613595379652418 13824014743782185381 4605909951418316484 13823094953408368039 4603194798093394810 13813255724125924608 13828997614310249884 13828164238800690650 13826116493168151823 13825159630572859928 4606468419617066320 4589793431992237613 13823954931011895701 4590828577881476434 13830519540538227906 4581562519813880620 13823901869498839219 13810981243306725605 13829863154144031328 4590838531128251948 4559200620786792704 4588046927465340772 13828838291106505613 4602598997954440740 13822716727077938928 4602803579262059306 4605898060146382859 4583856830160532784 4598789720212335578 13817540620013961108 13830092316314759607 13814252472578719940 4586811517894250015 13807001977490783923 4599859286442514252 4557300925172239154 4606188629284889306 4599091243743413021 0  0  0
13 213 321 321 321 321 321 312 321 321 213 321 231 321 123 4611862894170214158 13832080631630762210 13817861687643080656 13813519072625330406 13829178948982729969 13826281940528282074 13804706040559286060 4602934245023883906 13829192506189618506 4607154556653710534 13811348055099257253 13811731359617210924 4604697938472906562 4603101497605635492 13824610838725764910 4604093255430859758 13823567423870025439 4604130604116104599 4596715870275997426 13828345898808764085 13827146137748177165 4585419735950413528 4585030008055344768 13810427837690750445 13827061654657885906 4605289127108780820 13808920118633260020 4605073770012384787 4603616531931652693 4597099486113429638 4596245931531986715 4592313011043681936 13830327034847533151 4573720598276650061 4585612219637560316 4588431675083912100 4599647871769801419 4599170001617930760 4603676010162749880 4604039006215868167 0  0  0
10 321 321 123 321 321 321 321 321 321 312 132 321 321 312 13831461518590199644 13833445964899488082 13832912489886715936 4603394022588590477 4604108251110132778 4602318670203435814 4593881738388459822 13827460177703702240 4604866878825849488 4605421255500578724 13823666688260411964 13825448052010224120 13829484220744751778 4601177475933669859 13820589670078345694 4589835721263400110 13823334492317048996 13829962607624801070 13825461824313998192 13829107118622387569 4598676311878654379 13812869897653825860 4588086416195010872 4578201618112802880 13824124233449552340 4603679558995229129 4604363777060161442 4606373148017601313 4594651435396897422 4600612619010387929 4593883892482171562 4605171836267486409 13827095862278929164 4589591198663198886 13810446055010327009 4583268637392778040 4604532438801171322 13823112875429965680 13805561333594084964 4596044196338120940 0  0  0
0 123 321 132 321 321 312 132 321 321 321 321 213 321 321 4611538329323096704 13830673407263661620 13835822049963822409 13818349794271673121 4607055171155409291 4586690163524536852 4603393681354572410 4588432887850834840 4605498470288053590 4605371588728217674 4594837312307520699 13826775363562214668 13789679852183048812 4603334163980062888 13828930659701913397 13793077846606193028 4605558564424610237 4603334190843322618 4607182354497401400 4570824506135609342 4554861883075845276 4591119317602791534 13813727704847617344 13804659915970696704 13818612700616579505 4605220171381570639 4603578318620652535 4602694814007943104 4603506582367918482 13827228759261178786 13829189120824855130 4596182134623508747 13825910828595825134 13814420227211784439 4577219046837766221 13813927990444388979 13813206868183258716 4599119249818398387 13823011436328970755 4606199505613834537 0  0  0
1 321 213 321 321 321 321 213 321 231 321 321 231 213 321 4611612163371847460 4611230500498040416 13837421057305973730 4604412333178023376 13827917169110443061 13817681674025336383 4595443282041026682 4600081584177163866 13829817476837624730 4604481317393350536 4603678122417885280 4600329195548645613 4601593375343317377 4606223304390692507 4591209850729800768 4605740223258519829 13823768332292409675 13824141555622852243 13822774906192559072 4598159263607615392 13829785288926827785 13811988234655189408 13811831226817249616 4589032851840779528 4593360784277396224 4599962958597409038 13829917007591415111 13828371423380111476 4603915005622463835 4594251702784163276 4603952651122425769 4604363051040047355 4599823583564835275 13814117814822200860 4580396916137099419 13811627390026584874 4606035785862400058 13822896006819993350 4601276410242174567 4597949752662373258 0  0  0
6 321 321 321 321 123 321 123 321 321 321 321 321 123 321 4610975367237660224 13831129114185310762 13823142027942756904 4602490500224861227 13822382454861824114 13828933783641479555 13827010198637154792 13828675841809665466 13813516139765876996 13827190193406752409 4602990530253143386 13826656041298609018 13826767879945240972 13826101752813968785 13827303235085701498 13827700705497467876 4604741506286143640 4586328215181551440 4601674067648329922 4601983076894137987 13828464608980926315 13807730900480727540 13812605173866086702 4588237982436606488 13817825350070834029 4606013019652929832 13825517766237466440 13830306320069912613 13809264574283158514 4597443392600631221 4595694945398305200 4602519263112464572 4605849650724842721 13813592674387963074 4586610419874811012 4577577761360323136 4599152008591045866 4606022616807606189 4599372694933731627 4594898478689565969 0  0  0
4 321 123 231 321 132 321 321 321 321 321 132 321 321 321 4612112021065234046 4612554056183829724 4610699281429378716 13802667262743421140 4601683618386737444 4606241533791075514 4596606030938295015 4606080203734195352 13824836759681738362 13830359503856198674 4595608931432799244 13815545810256337142 4605428462731559687 4603311108325671712 4595023271787305429 13826887279102722238 4605119979007522485 4597543328725327995 4575003657755878496 13822151533381042625 4606812509532467754 13812590785160840868 4585228392134785060 13813877464301245968 4605453588604400425 4597086233667491064 13826470299240725613 13826232523831746410 13818640112901449130 13829087298839844123 13822024922213229430 4606828851121537898 13805512525361622362 4561995611019407872 4591494026847561789 4587810924765558982 4603781084266364443 4595834200481549803 13825250393528415242 4603660555879795790 0  0  0
12 123 321 321 321 321 321 321 321 321 321 321 321 123 321 4599395593331518800 13831569205543918468 13828091424787260120 13818027727536521184 13823018465198324855 4606561094370758997 13829026356131963974 13825473682853126387 13822493930411859859 4603003319349502105 13828925516327337138 13819894371406167011 4595064606830134106 13830129683630536274 4598275302333914453 13824742646614166585 13822483273546116988 13829222780460943791 4606183834841855401 4584375303404782863 13825269833492984975 13815162717435532773 13813626026659839906 13813764946066996252 4606399729690841296 4560913658053071360 4601016553855874391 13822135122312115924 13828027415832033597 4603889798866267426 4598965509204732976 13827803222713011618 13827462170428204143 13816883838036991654 4584962968690954949 4590214298777811938 13815154268955405637 4590616716139706552 4602448427266116966 4605955087637218995 0  0  0
13 132 321 321 321 213 321 321 231 321 321 321 321 321 0 4612687710915391522 13822771561854741656 4593189546068487104 13811350639624976296 4606923238232415608 4597523202064273025 13821727343038213302 13821113916545555953 4606604393146091422 4606858920835427209 13800018447449288427 4598453085976519223 13827993102891141910 13823400256075114010 4603604686623636208 13824944590808922490 4606269730533060320 4572842658972723072 13826443633812656008 13821737031511750274 13828733923571809830 4580030278409738664 4583687808357555184 13801514078250785904 4593859842290910211 13827090275441325074 13828549309935801094 4581609290669660736 4605251042062905567 13827117514680280565 4607103781411794454 4589310719985115189 4592951692402061150 13796612827218316350 4584218395150601402 4580172750414933245 13821242850379861066 4601494869106163487 4592475192508576903 4605930341457192194 0  0  0
13 321 321 321 321 321 321 321 321 321 321 213 312 321 231 4605874238022003948 13835222533226817198 4593972989341257744 4603464666273739276 13827684278470722996 4601542668596566234 4605427756146822028 4601539283549011242 13824270085629259108 4590608719792119752 4603465925147145809 4605426837853237272 13825600280792386833 4599894635138392272 13828837263612144466 4594074731040669382 13829471702019527164 13825248060928864824 13829378025622284838 13822926282183156177 4600352150247977382 4587414521127928716 13812665049506150590 13811029388529116714 4576217568286300352 13830545548565633510 4586442036390162984 13827623386130624080 13809022895674963220 13828187478499172151 4604823830323365017 13805637094094057824 13827620391752147750 4589145837244362351 4574537578307957176 4589974952391514780 4599380834461889341 4604633386688268901 4598604060804587963 4590482826124858583 0  0  0
13 321 321 321 321 321 321 231 321 321 321 231 321 321 0 4609440019811018396 4607478261328651328 4600998124199370760 4572386056877657805 4592166507487084018 4607133357455173566 4606561581837218609 4600198921686301555 13809670455157964581 13823615279932427544 4606517810623789204 13814891550913767786 13806025845212609570 4603467597556678862 13828832348608662609 4601356320366628624 13828082908802713240 13826410509512892255 13829690853778169716 13823495205755870768 13820936093435945239 4569899213172628128 13808365390505270532 13790526936229455200 13829187305322886663 4602917968043621855 13811779108766134574 4602862793233768839 4605819083945760325 4591488511431963460 4591756698317093865 4587445867604229776 13830499149077318108 13804904588573860034 13806786360090954700 4560468134111396694 4603720579485704579 13821262580588472586 4603050076247627627 4602850606451855542 0  0  0
2 321 321 123 321 321 321 321 321 321 213 321 321 213 321 13821766664642531824 4600935778719152736 4593682559984819904 13826652625682303795 13828523554840935033 13822101760358091926 4599287270771544104 13826204948144024955 4605355168180555302 13828416096133148124 4600234182251772487 4602989975306390232 13829177729927274435 13826009279934141192 4595873137735166034 4597146051655540525 13801613313095291944 4606958118412914533 13825744794775530525 4605986863058625391 4593356167180608836 13813654807967056421 13814570927781358002 13782627677244066432 13826883309140462890 13828326927432939640 13822217529694194125 13815533054244787284 13822124431246058258 4606765793583921939 13828742954474411301 4603533589800130529 4591061599287109372 4592925033807642728 4584924655239337150 4575928141815787431 4596131182160800668 13825898047791075920 13817816700432181646 4605709079220929219 0  0  0
11 312 321 321 321 321 321 321 321 213 321 312 231 321 321 4611962812627477010 4600933300725310568 13821916512840487696 13828488511226727829 13827196027384196150 13816194913114742671 13826752120394648014 4605043872660288177 13822282219017422650 4598512285427324902 13818256880275602502 13830104650781646861 4603542946003849980 4603375319980459381 4603202754383002151 4594855286679946995 4603555188077123502 13828629912298402337 13828639194685459665 4603189651963302581 4598442161730164616 13814587793154914760 13805304245415229152 4576801582642687472 13825559287963122304 4589279167422795176 4606091525282619314 13827006110950180924 13828281556317634204 13821934362257660838 4603937298317060497 13827500918700690760 4600737592420631185 4587394663676626028 4589616103354120850 13809287199866949711 13807313949959346568 4591432962034350513 4607059884792975743 13817288958304654334 0  0  0
13 321 321 321 321 321 321 213 321 321 321 321 321 321 213 13835747036227421050 4600143758322642520 4609044494255381812 4594936990729387743 4599097922214310704 4606642118949210700 4599190141821565595 4606192683554943453 13823121942145385954 13829999241591061599 4599832373156044411 4587402736897335726 13824032613537422422 13829570615468003617 4597694654812056946 13829822317535536131 4600034292868547203 13818905086413938262 4589980795089447920 13822195140408343699 13830152694799618315 13813085982038867551 13810435050378793482 4588410284942463460 4601923112704850609 4598274902299685452 13829216043979569352 13827659622980900336 13826214249503957744 13826236370235739748 13826718990141524979 4605527175857109651 13812642866346097236 13814743085662189828 4586295791263669228 13791318398334452969 4595106201623554066 4604952572403988651 4601131437113032338 4602102159391549740 0  0  0
13 321 132 321 321 321 321 321 321 321 321 321 321 321 123 4610537499728859036 13817538111327684464 4603815918151710400 13826179569916745972 13829271303596040195 4577681876462656512 13819226484105238037 4591754107203765204 13830353504165602965 4605716906412583413 13826095153025479196 13820097023620849751 13829741036058872299 13818678616814162956 4600494080952403584 13814640672845568720 13828817028908900795 13826800688744266102 4600968226972790911 13826638909020635536 4604647822837427451 4584883239970689104 13809292453290209744 4590146867669038618 13824735276321058024 4602291785950886726 13828458303353034570 4601512949777715621 4605853848982294242 4598885706565051018 4605314391213108740 13820120529715837145 13826701904160791644 13814629225880349294 4567253763295964592 13799806275985748004 4604460863540048412 13822242455544665225 13827761106036844980 4595397645601272108 0  0  0
1 321 132 321 321 132 321 321 321 213 321 123 321 321 213 4611208566906755240 13820036594437239152 13831458174080350744 13821512125793917215 4606881259813574623 13812345579918847086 13829343177509136103 13819521408373581671 4601991968087247751 4601500317507119828 4595218867769158148 4606145113818613333 13819191926974270610 4604734744771842177 4604119696515777296 13791331190079693888 13827598854607639939 4604846597363016335 4607027544781578590 4594034931180330249 4593703304140102719 4574182103859585408 4590852532757608958 4584629908317622248 4599658193034937771 13822848420869632544 4606159332046857432 13808032265219553760 13830041704298089634 13823008500071260484 4606665844938333753 4590598305821863300 13822870747670395422 4566973050182984688 13814629752739443327 4569434337863449052 4600660737718634027 4595226711674919188 13821685864625913109 4606000559105809359 0  0  0
6 321 321 321 231 321 321 123 321 321 321 321 132 321 321 13837421806139136016 4613647863935844570 13835414534228522434 13814988346334358685 4603192111387983540 4605605246315593294 13804514766986417573 4605629405247206638 13826600509647521396 13830510800119829505 13813067879897026387 13813025868538402391 13815124536441364671 13828540390793878421 13827154456796226422 4603586929460048091 4601820349062556787 13827483803169407960 4605320709082833161 13824949417481499365 4601273291993706767 4581115573680330808 13812758619540012274 4572719910325924048 4597020308895757440 4603010467614529247 4605516633731396298 4605291330111154493 4600756228412978990 13825515419150531974 13826708356724360392 4604898469885794615 13823139749526488791 13806742618111673650 13802185072041771163 13812402959129366594 4605231446107666777 13818272534888824610 4584011578092923006 4603580523824268623 0  0  0
11 321 321 321 321 231 321 321 321 132 231 321 321 321 321 4600981189025291200 4613080144228743892 13830571681227224958 4601215263047504294 4598379956713230955 4606008538870656277 4577584698743724544 4606787298451615278 13822316848585732349 13829726064574024065 4593933943464145362 4600831817900344973 13818516589729144458 4606530053400639902 4599702857205901649 4607016774289696961 4595935556021177825 13808440370483838555 13814844049788551327 4599490182772179709 13830029096161221557 13812646591883027332 4566370956482387456 4591778421673397792 13824930991436659265 4594821753827180240 13829520921332675734 4605739550673931240 4601290096611524884 13823175617701411292 4599453668331841904 13829586009269766620 13822753322174083224 13812048504781837432 13814271967201602146 13811245265151198709 13818922004213583320 4602683011676512231 4599206014812790554 4605289043325716490 0  0  0
9 321 321 321 321 321 321 231 321 132 132 321 321 321 123 13828538867852561880 4605826256940861776 13832430151857498365 13824254002815103412 13826642619357242604 4604669035236858082 13828717581492887338 13818848108442985617 13826765408087123527 4601849346732809752 13828805351556545976 13823893733896069267 13825959448036275808 4600720611759429963 13828535441676298370 13823437482441618561 13829707987857083768 13820846053850953360 13828691243611646507 4594978395845150638 4603465120879878947 13812891745143546400 13812765935271902672 13809756771098812644 13828669477956216348 13823887483457729052 4602318956524231891 4602388622746432084 13829367220574518726 4592589122889631589 4600426488959237362 4599422552990347524 4606014496723198916 4588445134068665616 4581314874615857190 13814075333743149390 4585333400025015960 4604049938677910334 13809766091738555791 4604984112938461417 0  0  0
2 213 321 213 321 321 321 321 321 231 321 321 123 321 231 4605627316709156892 4608192029567479792 13836948947845919686 13824687267056305470 4606309402493900098 13812826524780578384 4604255752539924450 4598473229520117662 13827743456301813810 13826983299296647470 13823110234878966496 13828057113046789510 4601824765552503378 13827219215997226252 13827234089157210924 4598058456283645224 4605100195796193597 13826860857022945878 4605893457797665616 4592677277000287803 4602709006045222970 4583212206566161352 4590895141118962232 13813893419981546015 13819604255473575286 13829691728781686587 4600506318715391064 13828775868138744376 4600342298287774887 4602098321115240325 13826622478525194448 13820205794485807399 13828737460724981467 13816262859013329849 13806822528210364954 4584731871965962335 13817995415295074212 4604131865708978342 4597696495814921989 4604439564338472783 0  0  0
4 321 321 123 321 132 321 321 321 321 321 321 312 321 312 13832332796492744824 13837065086900995442 13830337828326264232 13826185730644320841 13827351521134727345 4603266850520678120 13808303379374272158 4604245243247900962 4604823193124802700 13829262520306734872 4600181600426014870 13823679733840003072 4599906058528958093 4605607002309327364 13825088826047176179 4604590174485522417 4590344226578997548 4604458047410065586 4603676213576401661 13826586520018073518 13826594485865037746 4567552782316782400 4591032220806407872 4589214084109562308 4605537158977218450 13818947235500306500 13826483422960296994 4603249676654900420 4601704202758386732 4604440115927890928 4593359692969829332 13829448730676272137 4602041798271855519 13810508170209374013 4590763479066032843 13810436364515431487 4600193908084305575 4604878619453022505 13819315885324834516 4585837616886432577 0  0  0
2 321 321 123 321 321 321 321 321 321 321 321 321 321 321 4602670661060453472 4609833971077257576 13834562666436575993 13826416634290930994 4601860812558744751 4604551196203266585 4605144888746943951 13812397622697218896 4603853809217790922 4599618891087023644 4606178778155186708 13822781314623262500 4602029171051707185 13829170624614432063 4598384041904130895 13817977036143313915 4596931203187873004 4606865179503870406 13829409821305160215 13825817984653264985 13807029519927763772 4590997677831522860 4583732021129049960 4573421905364388272 4596493418041620318 13828808934824409469 13826551636892441486 4602739803112570908 13824229215158117986 4605058979632914817 13829093141007476778 13824915023248257068 4599570657587843973 13799125366173627719 4585616332567871770 13814085688516438684 4606279056091077261 13821860510077562366 13823639995256582653 4596465015770673428 0  0  0
0 123 321 321 321 321 321 231 132 321 321 213 321 312 321 13833984874753849022 13835060778862701110 4606127092078079704 13825537596033824243 13819084293833041871 13829320042114167024 4605449039437965778 13825728224559724628 13823164360383015233 13823426268006441352 13829267199365424824 4600408885679525286 13812659306043624357 4599539393828154344 13830043610213099341 13801058682430669219 13830062742165564545 13822910758466859504 13830535320750201288 13800408065201883380 4589300900194329581 13807769346908157148 4584533471476652992 4591647310775778172 13822548999785305322 13829728151890667102 4598819585327495598 13814568948422577720 13821925719206096194 13830178839832655597 4606712529750093349 13822786114081292607 4557538190527097728 4576335759241592400 13815131448202831603 13809082927974108990 4599590597212130280 4604978414233163286 4597780617221981699 4597040474361621155 0  0  0
1 321 231 123 231 213 321 123 321 321 321 321 321 321 321 4611802051600768704 13835226685303017314 13831592382117843977 4603422039302439568 13828286215186878913 4599394191130184699 13820673754919802500 4597329316672405632 4606709380372923060 13828580442440711629 13827164475504690440 13808858288203451527 4585844014397412062 4600609511957863303 4606480030511206024 13810088185083444296 4606484111707641134 13823949911573910128 13830538119043059425 13806759954887529636 4587928065322979711 4567977035622078272 4590269358243729030 4590800316812532418 4604518017961864625 13825535754875806527 4602957438079895976 4591855614014667882 13827623890245678598 13828134831052750859 4604506927604340383 4603291392624104063 13824754398500134494 4577104467378430484 13816287195603495864 4576636662374886624 4601078450243110191 4600098723474173739 4605227860146857608 4599092948191381400 0  0  0
13 123 321 321 321 321 312 321 321 321 321 321 312 123 321 4612646243509480870 4613748574867232904 4603355059918698496 13829258319966799374 13825579101066501049 4596603809164319517 13821023706835352253 4604598151882986745 4604123102285869348 13825331205886921254 4602829478484847614 13828050843453194142 13828952443899675896 4602422347502974248 4599019153253194276 4602538157062999230 4605998366765362534 13811910133837483528 13822196895084149242 4591748815549715331 13830132503890396691 13795273075237469744 4578514047357010712 13812286509955039943 4606328428290982825 13822924793336717224 4598573816871246079 13823045489584783780 13830037411263158978 13805541045107100112 4598425282206052604 13813095893020761944 13830212147924665043 13806183224719874612 13799797772834316350 4588279394712080068 4578678804141648646 13801756595936306831 4607142717068068739 13814667468590964474 0  0  0
1 321 0 321 321 321 132 321 321 213 321 321 321 321 321 13835512746979373606 13833186375480242743 4612693953189050284 4594823421506946023 13822314701519849558 4606671376767840870 4599526267047354995 13829533060036944428 13822972351548098776 4606575305406718783 4600124712356712148 13809884584414823258 13812237348593001346 4601411227491213682 13829662568328665940 13818497823728577848 13829603863824530240 13824527580558012349 13830413779542164230 4593591982929321707 4593674143963489388 4587646599710170700 4583004472146911720 4587822452816428884 4606708315483866493 13822657092574018853 13813332474094898952 13822771564674653635 13830037259127240446 13815400195149660949 13808927489510836766 4593324496350630577 13830482810764362288 4585544738947810590 13810158701719411030 13810972254958196803 13823495608116005853 13827534596914187111 13818214781610579564 4603907742274272395 0  0  0
6 321 321 321 321 321 213 231 321 321 321 312 312 321 321 13827392987404169028 4608746159137701968 13828036502251412728 13806705121125267070 4600071544795303315 13829963451552606518 4607142561174266409 13813429205543533644 13811722927546491324 13814530193891741031 13829939841029024929 13823379357869227794 13809054566793228447 13827215927707791548 13828538444089678707 4604026238089662337 4603350247628531652 13826013451585357968 4605014526651995927 13826260523669891616 4600639726793562581 13814226735209988471 13809962352082957309 13812174235983126167 4601704341500988240 4605645702273288051 4599734745256296140 4598299597475854285 13825668819795889729 4605736749486443059 4605898168485775708 13822229470857609132 13824728064660395576 13814917235785769836 13810889505141172238 13808611171141364550 4606406438732264453 13820979939331403410 13822822615782644982 13820873770576883224 0  0  0
0 321 123 321 321 321 321 321 321 321 321 321 321 321 321 4613085114274792928 13836227718143288478 13837424544263284357 4598587386243222253 13828127130270945208 13827185847413458671 4606370148001343833 4601011428962528048 13813719199457048586 4599304237914278362 13826483520073608090 4605163162231537856 13816993313152053970 13818560681340041658 4606984908753851494 4603218501140359984 13828983558756854516 13813073005068886904 4605553663109827233 4603029655757849153 4596236437977579988 4575663434719088304 4589972178466171558 13810475136768282551 13819664376618897250 13823172714608190045 13829827718671522815 4604663276184552658 4603450336744358510 13823739296546773063 4604163751415655237 13828173827116705258 4593825375744885570 4580752176869258495 4589469164415041879 13811490474714825564 13819703780048880311 4599280234706334922 4606540608207266568 4584613684839737561 0  0  0
11 321 321 321 321 321 321 321 321 321 321 132 123 123 321 13823265751052062080 4599770105111317408 4612082005376059160 4604474444633001728 13820020376315630497 13827707792357106884 4594232045444318959 13829638019335626513 4601172665608357214 13827859675095480642 13824021334066546397 13826942718708685641 4604383458646899139 4598090671255083086 4604308045109972750 4603349597718121815 13828387826198710624 13822543494504349954 4601624786883604675 4603593742128009905 13827543591550704112 13812675733605478566 13811684631574490960 4584494215311199472 13829065090707476191 13825263594557774670 13822600620491485824 13826259418881139742 4602347691945785444 4604508197257869398 13818746286909097992 4604914599164994293 13827318137638076534 4589714905165984014 4583726677697411921 13810864805375110195 13812863494801487341 13827623667539316232 4604743019978179899 4591390116059900522 0  0  0
13 321 321 321 321 321 321 321 321 321 321 321 321 321 321 4609183741721662180 4604654754378602440 4611425700997531164 4603412388067122662 4605452985788821900 13814898866623550692 4601220240319629922 13824208796829312180 13828899086982600572 13827828680346583658 4601502060240425206 13826679936275849483 13826344217651659469 4604551409674398771 13825401407810483222 4602553044356709028 13819244792497097060 13829202327996090467 13827743939073034847 13827684376701406632 13821543626812208644 13811186516151466916 4590903309357085396 13813599741737254232 4602145038653371910 4595576177005014369 4605960680521874885 4594378833009884660 13830390267455044142 4593550394585752580 4606016322565465089 4589492766076259180 13825826020344142417 13813535497729813042 13815401142377700151 13791955018822264784 13807396268093897278 4605001600287642941 4603144316907215081 13818365998669915497 0  0  0
13 132 321 321 321 321 321 321 321 321 321 321 321 321 321 13835121683085768694 4607691377536421812 4611961173116638186 13803689310168029900 4600491947717100538 4606510638759655935 4606304145159182050 13824121167777539442 4595527160197441182 4601425070676156187 4605723572351453367 13823084520506597375 4599451903625620867 13828229426874924448 4603478550217970122 13819140400626151967 13827478798343601195 13828121727116958542 4606545042428714313 4593720024387672230 13823298465157664955 4581307469239763604 4589423258829526534 4591280798784336888 13827706899338717552 13826517281070235260 13825643026996257186 13826187671554295717 4605637418084820651 13820451343834388201 4602828711189088018 4591565254926017776 13829210843535772657 13814786698204221680 4582705141549047205 13812420604163648690 13818221905389763417 13825304315411177276 4604979603244882815 13824981582983131940 0  0  0
6 132 321 321 213 321 231 312 321 321 321 321 321 321 321 13837501857284099191 13833257712323826382 13835412232042444830 13810551525416066882 4594322897869374826 13830450986643313662 4602160521328855931 13829377460599141754 13817909867308004305 13829479585700570607 13825565802731738298 13806259229368207332 4602424456943029121 13827739203136940072 4603036947121463580 4601381887257153995 13823372172661440878 13829047593356840801 4605039223027708945 4603900331394278264 4593566335690139961 4579844619940661424 4584198730891525904 13812762392512768960 4607146124873181547 4589269448757943880 4589198013172199879 4590857194867712480 13829479061686536875 13825438149608810752 4583042929166705999 4602129694197137386 13829496571659364368 4578522630627453894 4573292664887096768 4589865735190270990 13828060055983509151 4602126102534823776 13801101623565051718 4602739532579074405 0  0  0
6 321 321 132 321 321 321 231 321 321 321 321 321 321 321 13804633717790399360 13835590130800224016 13837555003452887308 13826210374059605852 13825968989475272250 13827829738484768647 4586829297206570551 13829025714597610628 4603178078331317765 13829242142152216366 4598270276434322527 4601827957634492390 4603661238319015947 4597760925132404061 13828360358525915744 13807815852001526241 4606822576954527060 4598682589283564312 4605313695690322439 13817813344393237848 4603507557150986408 13801578494768821904 13812301503155557591 4587148122033386724 4597998273061343610 4602162055551467176 4605806368138569706 13823906287606490645 4605835012051039220 13823580717792124780 13829577348409148236 13820964158636964809 4600660730839533670 4576573254393922668 13812696845340186442 4586493891885742998 13820364996350671670 4595745896601414953 13821582650580015817 4606508759553778285 0  0  0
4 132 213 132 321 213 321 321 321 231 321 321 321 321 321 4611128156581207504 4613406403975806242 13825518674501040752 4602863109361782964 4578148373955411680 4605865563004606198 13819407885942929631 13830311389979241490 4593852734149283288 4605672244652498186 13820842014562970565 13826087806685645786 4580291260161109522 4603124264747110346 4605699554665000381 13817117158802703084 4605649649323621890 13826441454156509140 13830480301859458869 13815054101536925651 4590655602136696605 13808313788036569504 4585840777270757936 4584468757424496072 13830287200057517068 4594440640145395990 4596102560818160699 13815243187960404508 4602351159462769335 13829388463046962235 13820471269634304562 13829329190878607531 13825201996300914438 4586479113237770082 13794986954755269944 13809382987125711299 13818161260211024626 13826888966220817499 4602775358034053980 4603602892181433615 0  0  0
10 321 231 321 321 321 321 321 321 321 321 231 321 321 321 13816435876035711552 4607542536601493972 4613736106737017804 4602655090066153708 13829258053590072838 13817435052357340918 13829246745219646739 13826156026507036377 4590895945330608754 13817712022118790388 4589925497115427724 13830436875562267756 4605699560825174552 4600524815108308398 13824191343290370827 13814252814325220742 13827150998038941120 13828556102221397282 13826437054801461444 4604338509817505249 13825814828422679681 4585764312120876672 13813071115150374253 4572825018689216992 13826425406073291493 4604508927172522806 4601970401002533512 4599962536832517326 4604360199980646364 13827290230065503046 13828434881917851978 13819185119217266348 13827108771483183964 13812916329472907113 13808982479177887347 13804837886062714059 13820987682852005120 13821851981071295966 4606283418070420065 4598208848453600055 0  0  0
5 123 321 321 321 321 231 321 321 321 321 231 213 321 321 13818664584623037168 13828760313478285876 4612851033836316336 4601908575112797068 4586018689744891016 4606177327966615352 13827580801016591420 4604235600570233922 4599327682013453518 13826816423322268344 13828200629885725458 4599704244428206748 4594669588108985475 13830357528352083318 13817626578183581814 13815942584425710425 13818259647113872468 4607013113081616116 13830393796173822043 13817380122777646003 13817280070205012336 13810226945815605639 13806813541676459740 4587460067771310428 13828321087113469350 13827243006876683595 4595865222558380702 4603477923288421092 13826209815103301055 4603767313765316407 13822382641280249787 4603366424729173383 4605034872470918863 4589013119853461918 4580868308430723921 4585460493834445427 13825308201976242327 13819371203431977675 4605023434331882563 13824590677594523066 0  0  0
1 321 123 321 321 321 321 321 321 213 321 321 321 213 132 13833793776509429340 4609662596394948412 13834674637165233763 13827832982687865088 4604626146396548318 13798914336877639232 4603865105168082910 4603673038072035395 13825652682608584964 13823124605727798829 13823139285574034899 13829459018577023304 13810939887818035809 13826715709312494244 13828909485685109046 4585023276042472258 4605533997318555048 13826732395819443862 4607165379068571911 13811771266901661201 13805551889022122750 4581725902715218324 13803445523407494184 4591533864418617452 13817110232983382938 4604396590092092732 13827959649107488521 4599903098957834620 4604511446517898555 4603767538689402103 4606548773089555456 13818575173959728365 13822955280837342744 13813889523086873292 4588171844746575133 13799782266436493328 4599278176025946461 4605544490084789810 13824492972275774703 4584703057100045705 0  0  0
8 321 321 321 231 321 321 321 321 231 213 321 321 321 321 4612001140816206790 13831364085220105818 13834265969336158323 13828280756267566031 13822458246177535028 13826882064113832621 13825541962443361435 13824023090785017021 4605309377786680533 13825466083532404014 4606025192094635019 4594494559517014950 13823192772035332955 13829815176610892682 4596454423159924418 13826565629327288843 4582663111192067712 13829023728793970561 4604993772687215158 13824177576223031671 13826228470962977501 4580266344780625464 4589889683079875338 13814566609476438082 4602672014909671784 4605252787300759949 4600239997367229452 4597692777698194384 4598735859777874598 13829924370403160218 13829052980406365068 4603137682818825409 13810085122878485192 4584761893609062311 4592479341282887603 4584519321897249682 13817844669790274040 4604689857353320117 4600484725303205672 13821055135022569740 0  0  0
1 321 213 321 321 321 321 321 321 321 321 321 321 321 321 13837414908823245027 13832656849629713580 4611218742896912016 13819584460194123749 13830315999277140141 4593196002933273216 13818427194204262876 13814284081683639268 13830399013393560172 4606885099773961775 13820159925017726771 13817660565974708012 13819366532029464954 4586726893562771760 4607009735921092073 4601449288648472322 13829593435779791760 4593664342735906352 4606118396380460198 4601726487872778469 4594557425804316363 13813306509379231410 13808876771387149754 4585767365319604344 4606332827063393027 13824402269687879645 13816217536120842433 4600970315156838569 4606396669510639926 13811031736039011932 4593663407085270868 4562835843358229376 4607111896533656133 13811532412394583202 13812756398310949646 4584137858206992078 4602900888411667804 4599052285290423560 4605351812289984579 13806623364183160751 0  0  0
0 123 321 321 321 321 321 321 321 321 321 321 321 321 321 4609387049079689040 4613802523182329602 4613575190345488626 13820514708081351273 4606821272001829703 4595365728558797537 4571746628371024781 4595558880760850823 13830411530730496775 13830330955046143056 13820360769886432013 13809802628373350301 13825147153599172127 4605951837058558015 4597401797807562342 13827848003674243252 13826045215885997377 4602776654710934192 4603176575061248662 4589704051437574423 4605639751651735672 13810189579902754240 13812440220997690807 4591320200399124718 13810633163238191048 4590616200657240587 13830512701862205081 4599423453813170497 13830040844943696193 13814813802254436760 13830071446046277431 13822852304459099705 4581446684150934098 13814865264272619149 4585182822644806696 4589384054497270906 4595610308634268651 4605565715117339743 13823307794533369765 13825037377783118133 0  0  0
2 321 321 312 321 321 321 321 321 321 321 321 321 321 123 4612264071623197812 13836268290440367219 4597322615857272864 13804660616220763304 4606469347277983108 13824059671205453846 4590871017397420234 4600690810691563744 4606434182848145749 4607147218524292037 13803534761546438852 13814300252897728627 13823215594041004933 4601141843678919788 4605768333217787411 13826845745646314240 13828701943858990345 4594632227441463780 4604773131920476865 13825040912556915772 4602823677965459094 13809968503176937216 4586559694031637820 4582417612534370324 4600555281024453556 13821903062309542619 13829508411172711710 13822673696512303590 13829994327391446529 4594611979457937254 13829380461618206997 4597040173274854692 13825017955459549829 13810705789033862716 13805986993417658316 4585659490611837582 4600394383728274179 4606099990638993937 13819351972221553185 13796606053327158456 0  0  0
7 321 321 321 321 321 321 321 123 321 321 321 321 321 312 4612534935535444976 13831502940780410042 13831448201862790294 4602797073671362895 13828541545202927695 13823630925400498539 4587984473991355603 4601859880024719454 13829555292222463301 4605890723615938613 4601532322599567147 4598632657586713828 4593831405181010132 4606622499090171805 13822845004647168964 4604695437140668105 13822651950602356846 13827092809664006895 13827651124313806344 13818067974344409828 13828025108522557336 13814947941853428653 4591247329952606940 13810065653921280653 13828619223501105888 4597305869953220112 13826741280121161201 4589332906312788224 4606785806977066935 4598827928440976977 4603722865590077515 4595918884144377262 13828439634552975214 4593461408262589074 4589574733635992722 13798404930869811976 4603685115571107354 13814272237120602073 4602822290535148494 4603520108516377766 0  0  0
3 321 321 132 132 132 321 321 132 231 321 123 321 321 123 4609889860601846160 13767092235935219712 4612313724207841344 13817285576648354787 4599884653928001606 4606546103208447517 13819426496528597937 13829912837543281602 4599392721241749642 4606936395307910454 13817432897053585882 4595950580306152230 13828808696439545051 13825389662637454898 4600301001033440026 13826218005794482303 4605856212701975197 13812528254199836740 13822175996224389166 13821228466958524370 13829903474580848629 13810583473176611498 13810070109056056743 13814286468087517837 13827203618693070599 4604578813075500372 4599373968179596179 13814916937220776710 4599675586904316348 13829995808369557105 13828503943893753612 13827125044798764028 13817635017963659313 13807382754320120534 4589774017300371090 4590295144904296643 13824062071340887359 13827282249037756972 13821839946800261847 4603668293601769068 0  0  0
6 321 321 321 321 321 321 231 321 213 321 321 321 321 321 13836601872754968551 4606755643905477384 4609621341849876672 4603999988558949476 4604061051579926135 13824131303945574015 4604947271468766518 13827249050642473447 4595811505613469946 13817172148849955895 13824520597882946015 13829659744256776681 13818005190113206991 4601245894922841418 4606232545283678098 4596671185865210607 4606266339230697284 13824013542653595326 13830250377401437068 4593765428583395991 13820604113753899044 4587741778115264828 4582002315194624896 13811308376107673303 4604241701631348678 4602233420086611921 13826646406131307180 13827171422684252764 13809883223946614160 13828571561639455521 13824169998645377119 4606090142473292404 4598483042300753050 4590172216449688792 4575915089894986176 13803605027578842927 4605574147995091188 4589845419369159692 4594982205073508804 4599286139281554154 0  0  0
13 213 321 321 321 213 123 132 321 321 321 321 321 132 132 13836932920308287560 4608285934731459848 4612768645617739466 4602148132630756858 4596282833218198388 4605921382226539848 4604465230333844100 13827664137023088666 13820687865820365046 4603033468792847801 4604543078264728387 13825284391689466337 13830083495448033468 13820276145930040419 13821045885241388572 13811849940654602755 4605767444985225266 13826365714750053273 4599325663043819136 13825931245743437380 13828854121532851014 4585070928120347772 13813809412268789127 13811164807678863476 4604737862437670826 13823290007050843137 13826867701281088023 13825377731014742588 13829519309016321658 13810896633096139359 13826096669363662611 4599265113476914131 13828800578918214080 4590708949155151344 4588498207064524738 4558311286713343744 4596355768439466449 4600809476781006216 4606083852720559703 4595638787599730777 0  0  0
5 321 321 132 321 321 321 321 123 321 321 123 321 231 321 13836429436422616220 13831420592195859774 4611860038191200916 4596544462596761277 4606835732819448174 13819142365134412050 13829872679238354169 4598202633724068405 4598842481142181155 4599473767506349236 4592634872954843964 4606644031890611170 4600193233076522056 13827411558860450098 13827556144443602323 4605492394681308041 13817246285466506515 4603294233110412376 13825279123218630854 13828281891394198293 4602347702677917230 13809460324782350624 13808698895604191274 13811376162937284468 4592136606993664730 4606644666954822175 4599511380009838146 4602802016117018160 13822983500516204244 4605309780216681461 4605846594414855618 4590744752586627600 13826205795114908630 13811547711867401898 13811086925353026098 13800236594069191090 4606364030024564875 13823564373297162656 4599787781812749929 13799318507798269056 0  0  0
3 321 321 321 321 321 312 321 321 321 321 231 321 321 321 13821009795501639472 13836052501971578953 4604189622572385480 4585540446930271944 4606604853622549351 13823354871996063541 4604369264546246342 13822059411057881804 13827586626994591891 13828077983511304247 13820318447699156994 13827437738709460739 4603939197467875991 13827386457607342609 13824475998579452964 13825792983196761608 4590057427521076084 13829391841444809723 4603538848792681177 4605000094782523403 13821852896923476363 4590856564459924852 4570417677006248864 13800924365540212712 13827774358280360051 4604670506657160384 4586642024303187320 13827970119150785145 13827771406797847863 4593192677040078968 4593053650604925984 4587331170194085382 4607109934323492039 13811793855237586444 13812725233656134438 13784143588484111824 4599436717878828237 4605468121854695823 4602261344983621957 13822582763767756110 0  0  0
5 321 321 132 321 321 132 321 321 321 132 321 321 321 321 13836785138480936173 13833447879055571199 13835076159151982434 4601484998594146368 4605376267646544070 4601158227446888312 4604797014921799251 13810351803676658920 13827638219501981276 13826239723003181676 4603569004094257760 13827026077790852580 13819416584842484553 4606995980275481970 4589520123994766857 13801954796416154360 13813162804968876091 4607158846182777859 4607016076359555448 4595995262584038452 4583208602443086724 13791433842959583424 4569172420527549504 4589720799947870278 13827877647714413463 4603972147557746386 13822503110899206624 4604066697988180543 4604949858185426087 4590457610965131112 4598709979166098704 13817646187309321810 13830100258043212687 13804073906775497710 4573861948346115579 13812920682068572902 13822548327935604380 4604417659860804503 4599522564038216759 4603276968205681810 0  0  0
10 321 321 231 213 321 321 321 321 321 321 213 321 321 321 13824885911095189072 13826891384040529796 4612314365844878740 4605997256369194449 13806162080951728892 13825964574576091175 13801963296393266006 4607157988113228410 13813257962508296454 4602600645140761759 4589659282298984224 4605973164339506973 13824253395567301974 4605454294930653347 4601456121591601758 13823846951040946005 4598791161096791574 13829484888900923048 13829068117508847828 13826194005207339949 4596066150029857573 13801434521477322480 13796931972781548800 13808774935258861728 13826882339712047624 13813521968447472316 13828771960909404560 4604508889998927037 13826364598106413229 13825483437784844228 13824129175258502796 13829127011546331201 4600342693979505315 4585454315132327346 4577966973611571305 13794078904085452472 13824221497429148507 13817631772143480623 4592640773543537229 4606276753025637396 0  0  0
11 321 123 321 321 312 231 321 321 321 321 321 213 321 321 13834914698279168148 13834810440483258082 13826281086126247748 4595984149528169643 4603698108641978978 4605083447127559906 13829248944690210994 13822108510579739322 4601520301303749408 4602368725133856735 13828196628431937204 4602158216458772648 4606298347201385853 13823903647532154284 13819893496821701553 13791270681018024149 13825636079227069940 4606091765674890338 13824826697467300730 13828682194325565366 13824809831790065007 4585122053075336128 4590711878923311420 13811203778762896752 4606172966979685716 13821399374936090393 13824046571853597716 4598573301630606106 4606841796632004089 4578578480009708648 4600352653815994238 13816482466874459527 4606473169556918921 4584483473863967294 4591108753889889816 13810177438386131853 4606127582870577206 13817494778763245073 13814015194701348747 13825203553402060538 0  0  0
13 123 321 321 321 321 321 321 321 321 321 231 321 321 213 13823686501965620824 13826915472054996684 13836695767909213504 13828919126221762000 4600594620184413127 13824738639702839960 13822383829524914907 4600056384675324492 4606163271367015539 4602538595161008369 4605853523393796505 13818886679470876652 13819785757582405097 13824638470180255069 4606139394318229127 13829336307854824758 13823305713112614020 13823572662347312835 4601961144614293809 13829090863185902160 13822351982366342808 4589911209742640406 4589139251045733332 13809263028137417978 4604298792175858138 13828142965790058297 13809259747060687880 13825958073510809026 13826016076030992695 4604589021470237015 13826422170779540965 13825410299879798234 13827861103799759914 4572947274657627856 13814908924586502894 13809365473872331306 4604211550638837183 4599444882193060365 4600836251147849891 4603025654665326541 0  0  0
8 213 321 213 321 321 321 321 321 321 321 321 321 321 321 13835089684551107078 13834158908478533904 13837340517663984058 4596827773118701406 4604222819944571350 13827941721153905131 13823547966013649356 13827141980001363764 13827812413745562398 13829725651132656243 4600953168008794852 4592617331525844409 13828276648946712599 4603086304630822830 4600520315457957921 4601001398649469364 13813594595687813156 4606373726896618410 4602909509386861795 4605693742015546239 13818456756190577502 4579912673787358960 4586059069050370976 4589421748290524350 13827166191687483469 13817325803680624778 13828484528488668902 13828544491865766666 13791691670859454400 4603846881802655816 13814212024796121385 4607102570569273815 13815351719903171929 13812775265138253540 4584205803867735158 4584853187186834664 4589593403067799275 13820771855550858499 4604178350758281200 4604537396074327818 0  0  0
2 321 321 231 321 213 321 321 321 321 312 321 231 321 321 13824747153833793168 4592766663096181760 4600957427507858072 13826013527412510444 13829305033859163404 13815333064886071674 4605280847557376731 13826021096680564944 4600149607921398502 13823532121658753535 4591810532264194861 4606530258371371742 13829526223439636357 13804674608515541696 13825394608902590976 4598123373593262178 4605593703369676809 13826138916134089058 4600729474081118848 13826652607821344263 13828075020100771064 13802779523646188368 13806096467054220460 4585873920642209816 13828602976620304569 13825735591230740819 13824103124013863642 4602452926405028317 13829365791649576996 4591463522068972340 13823991639122381362 13816475277570991930 4606418296029267433 4575310161165722468 4580858202981607007 4586598939076867308 4605469325228478067 13822259542669376848 4602370691390497386 13820946222262904357 0  0  0
1 321 123 321 321 321 321 321 321 321 123 321 321 321 321 13837106885383007849 13836933961858330134 4613705861570534302 4573205685689461866 4602863565566459598 4605865890966496672 4583026570368292570 13829236219538020374 4602860990538498450 4607179328654281343 4581096832051382978 13804264139868352813 4595746917287925793 13830282494053951460 13818364342424197440 4599812810194010972 13814649063388111248 4606602428838341072 13829853637444549453 13820680852291583445 4599325517072038010 4589879008507737942 13813908789521986292 13805510182537492664 4596737920340611864 4600381516461625765 4606317240107442886 4599889838235926812 13829593407320191346 4598857189904824771 4606414249644684648 4598203028475118636 13822740886119498193 13808645401076729904 4591243766796094544 4587771087332210999 4600996510783488326 13826803612732813748 4604503233154846294 13805672147394251598 0  0  0
12 321 321 321 213 321 321 132 321 213 321 231 321 213 321 4612667221086563982 4611304640518088328 13835501866014563832 13830125103905723604 13822002742217415094 4593904328510256586 4596914746467316705 13829756387708243455 13823364753568603922 4596964876252192994 13822554253643235642 4606526179595877774 13829692591322044815 13822408361248289900 4599180937079051042 4599549013157427336 13804850640910203652 4606687599139568132 13822002374187571031 4606771819492502903 4592981682373206271 4583679467590949024 13809205314897460983 13811219173310464010 13828574546992220377 13822811072722517604 4603015782907450940 13826450345363626193 13813498890421182840 13829072090987821279 4599223752467876532 13830052998300286503 13816332766781587512 13808976915857973635 4584828702199438733 4587638684365116957 4605842366322113974 4585155997566735035 13822515644617246283 4586592330346724343 0  0  0
6 231 123 321 312 123 321 123 321 312 321 312 321 321 321 13837414168412458123 4612847313017025878 13831107284826306652 4602521016182054768 4604770499867767918 13825541647669918594 13818761811106077814 13825131420536948880 13829443918279681415 13829237009059133927 4602788129169983458 13814817170169750475 13829761729182172078 13822278023246847683 4598887912559217618 4599376849664539326 13830080389708712019 4586908625149698038 4598368284143055984 4594010542368592315 4606786221139102554 13808533172252571878 4584400500004138736 4591733482335494012 4601299593984938682 13829700530088034936 13808773181340113704 13826038816887349664 13819735495767963186 13829141037802074966 4604983663930791170 4600429687843780438 13826380149212982780 13810121457224096399 13813184365702188117 13812899260971368429 4599470969938417141 4604824430143401647 13826449439789354746 4598283186270717497 0  0  0
4 321 321 321 321 231 321 321 321 321 321 123 321 213 321 4604746137159559156 13821648666850569656 4609891630130695704 13817693454909732150 13829789015115768043 4600466679124162440 4605174502570129591 13823165999866504338 13826318933706093521 4603696073760903987 4596998504767919622 4605017552970174993 4606163971110717009 4598517230832443499 4600436086062844698 13824287520364461222 4587311444187959388 4606409994369429000 4597356887764075360 13830210969233174230 4594650532785519806 4583732718557329360 13803584994240005516 4590120924289470324 13829773195648879711 4599443067267678280 4598204239805523926 13823505529932296273 13829880604692871640 13816966383698809000 4596124583472417066 13819869497524900184 4606820882283942864 13801211561669010758 13795568720719701308 4590523415499224286 4595114690817689108 13827632738381122944 4604443820185303315 4595606669640971863 0  0  0
3 321 321 321 312 321 321 321 321 321 312 321 321 321 321 4608713921156052988 4607065206271935368 4613477436512974920 4602932780987227842 13821722179382854903 13828828952911661887 13801488293192585385 4606729204943456031 13822681790047007756 4605822664348809993 4595475893173035458 4602651463485062925 13817601798007716962 4595382764881445860 13830328735289401203 13815900432756040541 13830386957716130507 13818229396147139736 13830410778793263054 4590732716827274967 4594813876524152382 4590424436949114618 4576995099633724328 13814508353964937040 13820506383746302205 4605398168898717465 13826546480698143748 4606874976007888485 4591964615952418370 13821129515898820094 13817402119977061046 13826850645905950822 13828725433029746468 4585968843225033522 4591844740579340618 4588061739068778849 4603394261147246813 13823137484063921260 4600429053702232699 4603936454878974805 0  0  0
3 321 321 321 213 321 213 321 321 321 312 321 321 321 132 4610514761679373972 13820880628231457440 13835139146665351416 13830050934661343441 4598193339351695162 13820240039258093598 4598661659223105197 4598220398221562772 13829897805443905174 13818979897362200378 13829964221752313989 13822590678062433634 4603260876716748186 4604494086753000711 13824876318327992544 4605393111975565887 13826880302737172380 4590810816266474180 13819659336225256772 13824187933472777420 13829622013833504311 13805631344157294888 4591142321202268984 4589800267312755836 4602310734249229478 13829134239126322119 4598030306603643462 13829099707825684110 13823478731674907735 4601084465155400845 13821704790441933244 13824314085721945767 13829451895061456994 13813021181871613702 4580390419177730725 13814730982361788197 13821033165077398089 4592565106183971658 4605788252575298369 13825455014773974906 0  0  0
13 321 321 123 231 321 321 321 231 321 321 321 312 123 231 4608908686825383220 4611860106643910594 13833947315540510920 4603148979557986061 13814106976267272896 13829018236910240200 13825319907264900939 13829301950856927629 13820409259638700614 13827813616523607807 4602693908772048257 13826178003303994961 4592401950582134513 4602911035532065267 4605775629169724184 13818103268657696635 4605806508930767816 13826125326745052603 13830393715967269044 13813492361732748797 4595370837549086956 4589314519344994504 4576165366638777984 4587129728349895120 13774928253487130624 4606790005889081082 13822302969039462096 4605124219495204798 13819227041505317799 13827028707222696375 13827277966201217811 13820659524788715004 13828193175743052395 13796726837178348112 4581060178838121975 13813707189283553882 4601444841215140045 4604055447631592734 4589382216017551742 13825513056328071185 0  0  0
10 321 321 231 321 321 321 321 321 321 321 321 123 123 321 4613793768426713682 4611627654683046024 4606321992573090800 4590726462388407608 13826493495906149018 4605664555977570078 4607088616780643269 13810993244568170039 13817379191844859580 4593080767318794996 4605688337510794866 4603030721751897500 13821748131500885776 13826696541996517854 13828553073671688748 4596962050357515431 4604936097795950850 13827170732384828216 4606648703849546842 13823011913315490750 13813249859445703349 4586495200822625760 13813739800606755660 4589646629241731142 13827014357487229132 4598310564798435941 4604947257031590769 13815819707896203091 4606376614332512251 13824232596971407831 13828639075451177487 13822870082626447867 13826274722042798326 4572326563767720752 13815559900168462376 13810060814885984530 4597057231452093267 4594966322235191168 13816359760613989399 4606780795182739193 0  0  0
9 123 321 321 321 231 321 132 321 321 321 312 321 213 321 13836052399465248064 13837269949041832773 13831046293679774180 13829396161924128634 13804454762871014272 4602502378503005996 4600361441076557627 13827656333812338228 4603886645356894528 4599446009480463498 4604791870162745484 4603561654295267305 13813876938511129799 4592772422790986056 4607095391507777925 4592708334183668011 4607077759071027847 13815470088752084520 13830468334928929853 4592028096344902856 13814714184931613479 4589938539860688398 4582645785816405184 4590853516048813352 4601675564148680748 4606074576300745432 13819129770889739624 13827512519148840617 4601940674668023604 4603509163877326881 4603609324617888263 13817655499881687800 4605243787704748258 4585648004431547298 4578946842237069668 4592455278666212574 4598299212087341091 4600973825905463822 13825380401491857281 4604888646754503851 0  0  0
13 321 321 123 321 321 321 321 123 321 321 321 321 321 321 13835677113202236852 13832238761814132416 13813697863450708672 4594498165343479357 13824075120509047286 4606360182279022477 13821695861153182889 4606026792317071973 4601174070723960369 13830146281584471631 13822381099176998364 4583773587096193536 13828022757508191063 13827639524408661169 13818311426929865822 13826616126748069337 4604495181540442876 13824916209646877272 4601021198737972340 13820611725429415340 13829519305816668768 4589849393825831838 13803993462616649056 4591785117275807116 4606515895083500113 4597890413790386928 13822261993943770923 4599881374364988769 13829249223781618257 4600648459974732008 13818086237679577638 13825303033890844774 13829430961329346611 4585037108615913059 4590270738379748818 13814498123810044357 4570291906915601443 13801263370024858674 4607000151308518949 4596365933535387880 0  0  0
9 321 321 321 321 321 213 321 321 321 132 321 321 321 321 4607589706700891024 13837092692135312921 13835024176654243799 13819823189650826167 13824997735547680651 4606049071520744272 4597926235257594276 4605759691563289976 4602346013737533924 13830092444615254117 4599253225540969553 13812567710402713180 13830069634711504143 13817604842959703991 4598923458785196494 13822626920995975863 4593996116614636825 13830025435534492149 4591383927713282468 13830382949798044650 13818678023071522516 13806257621956059040 13811993005510900391 13814436069522112272 13830066140633791132 4596963683526551816 13821267005749422734 4598924765315864019 4597718254732240671 13829893608744554396 13817692711892121649 13830077333115475885 13822223642857548954 4584848762607282325 4588959323024060858 4590769052305970507 4586073504650388764 13820512654280957236 13820467920299326196 4606724619765968854 0  0  0
9 213 321 321 321 231 321 321 321 321 231 123 321 321 231 13820614789982550416 13822636427163827104 13826147136671241208 4605736450932206253 4596076335708664971 13826127061740690717 13823587496041976433 4606226808957163894 13821774867299131494 4600952268304505263 4600970591074778711 4605561621456563707 13821728774124330504 13827806880613018395 4604213361807377751 4598492604051328888 4603716292333030819 4604854716440382762 13829903785898668714 4600377812723920960 4583148069789553735 4583912229163899888 13802167007851451752 13805585639701754216 4602104330644377368 4603891137300180817 13827086233750131266 13828831164783259866 4603473174049411141 13799481074019020512 4600089303154263868 4602690704093571747 4605277569380236346 4581128737169279814 13807895813591297599 13802814339341960628 4593827176993255678 4601049557502974158 4594626895431994850 4606194069617163711 0  0  0
8 321 321 321 321 123 312 321 321 312 321 321 321 321 321 13832172238283575223 4613638108077213892 13830522609824047392 13822693593458988821 13811450150537815004 4606713623070737534 13828456204925527793 13826715609792438255 13822214417605807723 4603216610479048162 13828907480860952745 4594133681177309509 4601867446780143078 13827082957088449149 4603979766195459050 13814984073522782596 4604348901852245622 4604676071513277751 13829521122153142716 13824078229418039474 4598221696968063822 4588941143242909364 13810822264164567152 13813147471030447402 13801521799447698980 4605968707395546200 13826061593099793096 13822442377776387238 13825714616365014921 13828966603152474244 13830139761366123953 4594219436692829236 4598448102449352761 13799687771940161328 4589313067779229412 13814090674952693202 4603916948480470243 4603246085524076108 13813467604284788858 4602864314265941474 0  0  0
10 123 321 321 321 321 132 321 321 213 321 132 321 321 321 4604070321408453392 4612357267156152822 13836581984007898262 13828261912708338512 4601993935155034943 13825698781578173643 13824583347113702077 4597690512795147816 4606073216183620180 4602847616838591589 4605874235767000514 4580561806368711910 4600473472641044717 13829543517106398322 4598414257586517950 4585487441803613684 4599049596367489164 4606765222405849131 13829881073454733575 13823355168622526932 4594411433310353451 13814915801501379368 4589720109997348872 4590612912106972624 13818736506262553148 13829863168492769189 4599860479466126393 13830366209093295762 4593439405539165976 13818408728123438718 4592486289309584276 13823607836496749604 13829878016365212186 13804792915724746453 4591046718026677892 13816127190791175354 4594067501127136217 13829127628139653522 4579105771255419695 4602881795480275302 0  0  0
1 321 132 132 321 132 321 321 321 312 321 321 321 321 321 4612511256538748832 4605030815688518240 4596017486843073232 4596393277534678541 4606163536103764952 13824541300558760626 4603065737832661354 4598229357012045164 4605387655156118078 4605520265352152470 13824007332560988167 13824804261230670253 4603520353843073916 13822168405787469077 13828329100886397701 4590153777029948179 4606742043937841628 13822435624723590658 4605392445404806267 4593330289807491191 4603454224582376199 4589461737229752102 4589363931567678608 4575866672062057744 13826387595630663364 13823781184238329057 4604983463478892882 4603192801215697783 13829026274778785716 13803063528694483744 4603878256344023637 4601113488881435248 4604070951583722231 13811313574401208968 13803983248083154611 4590028930086407965 4605188428937766951 13823185979791021531 4603644785105175537 4594617610593903819 0  0  0
10 321 321 321 312 312 213 321 321 123 321 321 321 321 321 4609279380482057252 13828512560243196732 13821235809214019504 4601210740384198984 4605301408564403825 4601705917429687487 13808252773010992520 4602713885871319430 13829321774039453152 13829722403627667959 4599915841713812218 4597699402136211429 13814977704163931004 4607021001913481377 13818376420490173922 4604857706692547814 4595629420859334671 4603994553515693848 4604151939155608400 13811883825291196687 13828265592837521236 4567281620071027552 4584313557831181296 13809432415799846650 4602084493759513738 4598312480816272256 13829166385574466319 13827959075589062412 13825293527645520412 13826343413272738875 13826272095183899263 4605838779331073240 13807815475296597999 4586416124241633768 4574096437547050634 4583045217611960479 4601087198319659538 13809717280298558688 4605741979906111919 13823360831027005775 0  0  0
9 321 321 321 321 321 321 321 321 321 132 132 123 321 321 4604839636688977264 4603708349640599928 4603733172980558848 4594596625059012852 4607058315632353778 4589585447964607115 13790348301060027761 4589665215800556375 13830532718726336967 13830451604950558749 4594578370478479013 4578372366004311025 13824310294854658054 4602941563700404147 4604899101947272992 13828497723868634558 13827268340112661413 4584956593470181640 4602530430928234164 13826614879409196084 4604160969483473316 4587216191449026968 4591176987538100238 13813555992368446077 4577338312471382308 4602125811055467365 4606128329816780173 4604827555913490092 4603503568885377292 13822869376494259450 13827619053562544220 4604080301659595201 13823173231914667739 13806146820838544050 4592907406015486238 4587700135753054057 13820411000730833631 4604278892460346139 13814033365486992483 4600395407526252319 0  0  0
12 321 321 321 321 213 321 321 321 312 321 321 321 231 321 13832530560577825885 4611915550784913834 13832385731729420225 4605012971723438541 13824924043000381078 13825726896212019422 4603949256404592846 4603858286285218513 4601543821437487553 4592804324984572363 13827318501419070407 4605015328274906629 4603381884213759738 13828850585465703146 13814641502878657418 4604721029094560634 4601966784550102245 4602766469559193763 13823728762243524710 13823551677640692193 4605880308494855005 13807241091745154428 4589640132846401832 13801322120206397864 4601537593462110013 13829620036199192926 4590272870172469724 13828186566124337716 13824357965645069288 13826412893689189480 4602820735646861374 4595599301542691218 13829094688573016809 13813458528598349837 13782665722735808456 4575309724520528806 13811811012602586506 4605584653606365329 13819490547956772269 13823444244453314020 0  0  0
11 321 321 231 321 321 123 321 321 231 321 321 132 321 321 13810188761870689920 4612147540899613878 13832146252682003018 13828857288204335939 4599123601124205791 4602674297001197422 4601222780178596213 13822344004365998439 4605911576048272840 4601003214045872954 4606340707436005932 4592729665831500037 4603268468269265097 13819742719175284098 13828754617885389182 13828465437262463326 13825711203373647448 13824655968103571281 13822457427881682603 4605863239519545004 13824710926921748022 4591848149076081902 13813123520482491552 13809086780003294615 13815166075394135112 13828053288416687057 13827712233641722144 13829678746569279680 4600057422168907735 13821316287265483766 4601211981877266450 4603523730386239926 13827736667161922827 4589528789728233877 13815648601068623876 4583234936512069043 13828220971098916272 4599302797856536892 13820597787120004632 4603135631929048008 0  0  0
12 321 123 321 321 321 213 132 321 312 321 321 321 123 321 13819493228983536656 13827094686835390924 13808652754818976448 4582392572382287059 13819796174110971545 13830367383077954105 4596997344305323405 13830149628708180397 4596431831333146892 13830336692789543415 13820376512464647689 4581839052558025440 13817276183571008530 13827383547193512087 4604932838752051133 13819865357877717336 13828060386224221077 13827493265682072144 4606914438940813587 13821162342765543977 13808819997039115963 4567616682311610016 13814825907581848871 4581702740444564280 13826046894627279822 13824312019901002058 13828450718560932664 4601402854571860214 13829509361597516798 4595851159577413528 13828323838734043579 13821050985271275085 4603714202004845168 4581639462442070737 4591019816466907470 4584970131606746191 4600236113417250824 4605069842953355156 4601966608482149455 13821892127987146950 0  0  0
9 321 321 312 321 321 321 321 321 132 213 132 321 321 321 13834994858954912935 13835322528480396318 13828122721471037280 13825370493679228589 4601427280985372634 4605157913548968275 13828443967814451383 4598073945546529651 13826895881554194015 13825101189115538396 13829366134179162677 4596928259282622359 4593734409190691835 4605349916775069895 13826871738896143604 13810946447700453037 4603583308745014008 4605363231578515282 4607097758508939626 13813133463905738730 4593100562239734911 4584280774718220800 4589874670076762942 13810539500316046935 4605320613568904222 4602083600059816900 13824081449092645300 13826973586967774148 4602762863103771448 13827082425915488259 13814375765904280082 4604686195855925194 4604348460725180190 4590176317428179351 4587176471586993686 4580359508238706700 13818541991264079866 13823223750066432078 13828151120071527885 4603246588583359598 0  0  0
7 321 213 321 321 321 312 321 132 321 321 321 321 213 321 13836556042853711721 13834277016263547015 13825152624692881528 4605510300682084263 4602760647489161260 13822063646295576131 13826507404872478847 4605645689794233332 13814818267567961847 4595768808440489906 4597458316541450744 4606783989777230233 13829263812704348058 4590016379706012026 4602772701798346732 13817300200697732144 4606506557466285319 13823463083988746204 13826025463228458984 13823758086818671735 13828596407689514157 4591081625670490574 13809203479182885223 13808908758193505268 13821029490328686186 13818595644965259270 13830168935452786151 13821455635612460506 13830032859075808542 4597322738611665005 13830012317679566180 4598899354285099782 4595667342464664386 4581806703836557988 4574246038100364338 13815375100831989057 4606479147715842200 13820261659541681552 4600342604919747644 4583403851494443974 0  0  0
6 321 321 321 321 123 321 132 321 312 321 321 321 321 321 4609517590052458352 13836871976025932481 4612171748897225556 4603221828545582953 13827573951366443082 4602467146916263857 13828870655127476065 13826562642715976236 4595291247669381609 4594866029896422180 13825910332880159198 13829257376050490868 4596137662123088186 13810496720008499772 13830373592511318862 13827043949182288662 4605166040917485626 13818259390552874674 4605094758017435320 4603838135745922664 4593358348112147704 4588620085646577728 4591076131345123722 13800997908501034496 4602681311960437816 13817354774196719536 4605880797122123689 13825904057011131056 4605104247861805633 4601017784061719958 13827965830732741171 13827174810152396386 4599420421780844134 4575689920170271711 4585205045898258079 13815314628471575548 13818841024477253195 13820710333588626834 13818863792187591980 4606659134411327126 0  0  0
10 321 123 321 321 123 321 321 321 231 132 321 321 321 321 4613568671019529772 4606787499091897328 13835640316168095529 4606629803844867795 13794717224844000064 13823255998437847667 13821630922981187862 4604175596153093403 13827861079818714155 4597547891333728468 4604892642673563701 4603798116931088616 4606176353323909298 4600646007875914026 13821440371588138042 4592779882071346848 13827898385634029150 13827853104654946064 13825064236057706951 4603526132927188725 13827581735779173055 4590190818348232918 4590793308489189408 4573620065440193104 13812189402361791688 13829650210048459944 4601463683255774364 4600320353826894822 4600564000543690794 4605804242752332369 13829901028299347034 4596752797585817404 4599238874377860128 13813693581602935177 4589418007250930659 13810934066033792147 4601914328918863496 4604298891867395204 13825326641143998957 4602234174180793646 0  0  0
9 321 321 321 321 321 312 231 312 321 312 231 321 321 321 4612876147825852424 13832938452114852267 4610072162644347964 13827835870868648043 4603800366862246021 13823349426873902880 13827896188162664869 13827719109805028457 4595775808950325620 13817054978103489434 4600423088387647774 4606449276883515304 13826750129877190840 4600006417156792567 13828182565886507452 4601918850252782485 13827020035026060176 13827393120790900694 13827634582902414912 13827961764838807741 4596012785832026284 13790295943812796928 4591040023703796958 13813901394942035332 4604379845347289750 13823024938567035778 13827351420775371834 4598282746008474472 13828034798460985362 4603982612718331739 13827655990812008319 13827033375560839955 13824450545148356854 4581895606078933460 13816448195788659702 13804511467439394388 4576136833423694898 13822493494012578773 13827693863879092815 4604168349848434492 0  0  0
4 321 321 123 321 321 321 321 321 321 321 321 321 321 123 13826750079204760336 13834132270291311927 13810313930854749760 13828175308733145878 4603416997596470355 13823279784913250976 13821170006889270033 4598255670252423012 4606614503105556087 4603879937649435905 4605132231972265575 13810429727578654480 13822771648634567023 13825944713518037229 4605463563865225974 13826506778806159537 13826938475973860733 13826788203587814206 4605127219489570876 13827226797501724174 13813926913872719272 4587190799249522040 13814348068839732240 4589509460714656422 13818609665645326521 4576996661271259672 4607053214475078347 4606906204317559954 4595768644924722954 4595069244533920159 13818986183562679819 4607029500308554973 13809396731675807626 4588399642835545849 4586249747959962572 13815066940791892455 4606249186594164218 13823254656344227622 13819961464906074804 13822764602920519957 0  0  0
1 321 231 321 321 321 321 321 321 321 321 321 321 321 321 4599687327088800688 13829360814705132900 4612695104505760420 4593162445062361665 4596175843399064487 4606946303162912185 4582618060194469323 13830382427198760002 4596121669944445983 4607116916208642425 4560108988903367311 13816710659702220111 4606373854802928223 13822162302654118545 13822470215318098098 4591024130284586875 4605775912875475461 13826314554589414762 4600959980786584218 4601871367572556500 4605319491514945508 13803682080848059928 13813348343461175613 13812581631626490990 13826100343478934791 13825311454869675640 4604756246450217260 13828322616272276619 4604022898281531504 13816150802007579068 13824657731915092844 13827010329753851598 13827612809373775497 13794741725890984096 13807276406587851943 4591438622360898840 13819977454285214111 4604546074399138087 13822803345261131560 4603540959402099404 0  0  0
10 321 321 321 231 213 321 321 213 321 321 0 321 321 123 4611414356907025644 4594696291917007984 13835008228607654700 4605126304475124253 13825842831768758404 4601008018642008564 4602338838183985281 4605986246534300209 4593793735670251132 13824535489284072791 4591643821845287525 4606319949386190066 13822047836635639018 13829729279692691278 4599301426034678277 4606046565930035371 13823781992941836341 13822636599083707118 4600858021098063347 4595900436999188393 4606261362523413788 13803038019835019736 13814525080578535640 4587061558560461648 4589650493316637782 4589603760594743272 13830511629338131042 13830517250175002105 13811321551033914190 13813293878051396118 13812005280302178806 4607148037737909348 4589313886094781316 13811437591987960987 4580291555122909859 13814215126067952577 4582367294008769723 13828720991873260103 4596712560356076230 4603280675712543767 0  0  0
10 321 321 321 321 321 321 321 321 321 321 132 321 321 321 4607832154840023032 4613001165770266968 4611604096761608372 4586404521573057401 13827302371843680953 13828465059822413192 13796535414366658355 4605098002517268811 13827309384912516852 4607173817692587030 4584780377871472646 4584214408536225513 13813637431560558285 13830411997020071874 4594903302926427572 4594469410160878027 13818637765168051144 13830325024613505420 4607056825370378572 13811073840680099110 4594859532459932226 4591640784957192910 13812839750574720680 4584695715555049068 4594655352479895028 13820231073077789382 4606867211815477232 13829946501544326596 13823430811662639001 4589617851951724540 4599570905810695375 13829746873381224476 13821602396188556319 4588712778400197142 13812683023986024008 4590747842923252920 13814760396731783273 4596520000853477123 4589339817526067707 4606933269138513349 0  0  0
5 312 213 321 321 321 213 321 321 123 312 321 321 321 312 4607318376853115900 13836323877262548776 13829770541473504160 13827637646457033761 4602240885348505931 13826614672888106864 4590676573656657905 4605454402980745702 4603426728464946840 4604768549991599343 4599927832645228145 13826826705482846814 4598477362148186121 13826752229780939156 4605122456472493633 13822618406703442874 13828836638084594685 13826038120375150357 4606396313731636386 13815637742360584895 13824154337082661335 13808204710954974586 13813729177567761045 4589925602000091144 4602989135368441141 13814322427749080492 4605747435578070093 13826398730290993515 4604762810674625085 4601207263914977012 13827414031830184687 13827639537115214653 4599866682517964350 4587503143690488039 13800161533283128076 4591845640596127930 4605383875728171631 13815129999906752426 4594495609000064142 4603333197854769677 0  0  0
2 321 132 132 321 321 321 321 321 321 321 231 321 321 321 4608604203392365120 13835424968605172535 4613016988464725436 4582769258914549216 4607110091848741596 13816974644365457825 13830454800846971570 4573642753378536168 13817880178231569136 13817810191499997982 4593719434700334715 4607012585263448350 13830205747482834437 4588061093316084189 13821908372475124720 4583767813506102194 4607132133662705648 4591992560234413464 4598609607620808495 4591161297648375019 13830171303346590000 4566885681129487936 13815103973393856452 4588051190178067436 4604246780258606708 13822961955428225578 13827506218069244081 13826401256159179855 4600765865458258288 13828254435002586468 4602725436601345252 4605907683171046102 4591035201128586916 13791544428520815488 13813837294027337497 13813680129254133988 13804242053164692250 4604956495875392589 4603522715653834191 4598787435752912948 0  0  0
6 321 213 321 321 231 321 213 123 321 321 321 321 321 321 13828473320970980240 13837161824742225837 13820459835031450256 13829631182431760386 4585090568351267976 4601592439836299688 4599020586207652617 4605237197172218016 4603084929345149657 13822917979963064148 4603757618592962906 13827976839671985909 4601741804230143040 13821143967684199682 4605935436354178241 4602389358982667809 4606057046944503415 13799761024142208288 13828318366065824761 4601255742933344557 4602747088072515787 13814690919887406992 4585941703469368636 4591080101356326108 4606978341175642313 4589608270612780272 13819754251107797543 13819990148040132860 4592411522054442256 13830306415767897264 13810045802869115944 4607108861742614472 4593258291689521548 13815626474399113155 13812588684404600618 4588026277850712141 4604341894846555259 4594861718853563284 4600972336557584390 4603443093933686848 0  0  0
0 132 321 321 321 123 321 321 321 123 321 321 321 231 312 4610599839434927792 13821295417504225344 13831760963153429974 4580314331357201105 13789688748424826112 4607181227043936884 4584981579702041428 13830549388531936288 13791099972336454656 4607176201599282116 4584986578349645252 13803665614045389307 4603662863111918409 4604051142515468730 4601792934035329470 4604880942950939910 13827548953341311885 13809573696965912172 4598590432826255333 4600177863531004784 13829578330849932702 13813319589577343410 13810780155071540679 4588535856754509532 4606001755818601292 13822042014033411881 13824427172073800356 13824280577649622438 4591031503430647484 13829757186301455588 4598879964158511221 4606792081567164583 13808531798659946137 13813337970154889448 13807087893155937150 13813175789505293044 4604115682371634675 13804104498851852615 4603800955082868323 13824481714238406480 0  0  0
12 213 321 321 321 123 321 321 321 321 321 321 231 312 231 4613711164660275230 13831021806982797726 13835208321234475426 13821323929256407509 13829768209171725968 4599578666002544341 4603080376952554729 13824404519205879090 13828144490311648457 4605403413901090560 4522369109689870571 4603549495754104989 13825467916126191168 13822997619483199198 13828931373409637779 13828558575849498803 4603520167843897828 4596546438199526896 4601215889684721257 4604785722408910364 13826364090290261962 4586229040071614872 4591484065817224730 4588319612314550400 4595527513332058120 13822306145694784796 13830013571656214070 4605599694198574358 13825655401301562885 4599136518299198830 13826392781918824118 13829008198367599866 4594803430931719808 13813327531039919927 4574304147668428380 13814679539650164866 4602202059019802674 13824726652487079727 4604166870687861460 4600680343452333353 0  0  0
0 312 321 321 123 321 321 321 321 321 321 321 213 213 321 13826905436949588496 13829018182874384180 13827347995148329020 13800701133251122830 4607181884200824401 4566722535524673960 13828559422533303306 13800051585491349264 4603827803864726185 4603827639723270009 4572619752381235578 4605187894455373991 4595166676057973878 4605954159700791493 4602243372721856306 4604055459156089376 4598447240108776358 13827938718164169301 13828203338475531688 4601395891124863737 13826228080942740005 4589799587889320062 13813768917921649330 4591595679849166356 13828193284120803475 4604102549385050497 4594574261010498030 4595047599625381515 13809554692407536136 4607053698989255688 4604074318046525634 4604946833018434647 13813553130470699512 13814557755844724645 4592574170571013733 13804937791959561403 4601854853116999963 13827133707191295352 13817291105396658901 4603811628052120323 0  0  0
9 321 321 321 213 123 132 321 321 321 123 321 321 321 321 4613051953485093296 13832772196205135027 4614038188866178360 4601991407954799803 13823103202608775244 4605567471991923952 13829087954129597039 4594222796680223602 4602936584202009299 13822321079598847438 13829934937349386063 13820351483427628861 4603824459081201551 13828493979912082987 13815869775191554276 4604707613155667690 4603842432659287062 13822079594680921541 4598787698415844083 4591617365972388316 4606767699235851713 13814359308988239856 13813428567693009351 13813564792378528439 4605581240086544465 4596722826568183240 13826313104125129390 4601015737471557242 4601448877326549892 4605422576963954442 4600826054206222503 13829449218915543589 4598526367829761309 13810341645357679848 13817216961303958866 4576989579047858676 13826103445749387523 13816727681076374043 4602248821690446660 4604562582702903522 0  0  0
11 321 321 321 231 321 321 312 321 231 321 132 231 321 321 13824749810010794968 4610586284345523516 4600084624299793784 13826951223916758970 13815805754739008470 4605315500881909962 4592722622090405500 4606910817363679221 4596969933783715781 13828682532863368417 4597042854376930039 13826679668597414931 4601552190025905342 4583641622870716176 4606270992244492542 4594571085406876397 13830444346412056487 13809664390912567304 4606161409035084392 4594694930780044956 13824902726596788558 4585157791784565236 4589372212095818094 4589640638717053516 13827532317596712780 4601332918566004223 13827082128272371996 4593255452214031038 4606030141739790828 4602221852604019069 4604820177400731382 4597891287099609498 13827223365280697546 13808964606082334200 4591429710921765632 13790408397738668048 13817818209372546479 13816767963678382002 4606582306860174115 4599155451831298276 0  0  0
13 321 321 213 231 321 321 123 132 321 321 312 321 321 231 13836415512413258509 13832675823072372580 4607721359778729492 4580081111124940733 13818602460390521660 13830424932592134440 4591833428024004561 4607012234408027019 13818518371376527467 4607136644584074685 13814917205900077039 4584763116885702636 13826285698411616198 4604859297816223270 4601154908870100229 13828974163887573630 13822906795511297472 13825380702920890578 13820042431051696561 13826825384582978311 4605228810858200444 4585585429540354744 4589194397542836296 13796540343506197072 13826756423796410042 13827268177282871144 4602786648575832542 4605518688315411676 13824749618877100356 4600702307465499204 13807354172096903447 4603967908012512427 4605067731341623237 13812690862058303955 4564973355956627504 4585207266448112420 13825665187384005394 4600069688329554151 4592937900503217981 4605333681843228741 0  0  0
12 321 321 213 123 312 123 321 321 321 321 321 321 321 321 13826926929519791476 4604871286398817708 13835115687543108720 4603024309123521824 4598233872866584288 13828786899394346026 4601936011182774642 4604588177113643264 4602963598487697685 4604542395366003282 13827446415293403201 4598483536306853640 13821061207397728346 4558522663946058240 4606926875712782149 4600128446082066257 13829918726124502816 4590991414457591732 4606309644066073418 4600319358007922711 4597080209066542343 4591713100191372318 4591829710750317862 4590544984149703070 4596460540761187932 4605536676341641964 13826406761397880684 13830365423864479270 4595733628047025189 13814610883890105216 4582502346636534512 4603099078999413511 4605714416381313717 4588381135619213288 13814167995228616968 4593670926333156526 4601242759697930547 13825017294682284606 4604048354664706843 4601773633868273505 0  0  0
5 321 321 321 321 321 213 321 321 321 321 321 321 213 321 4612991052055622346 13826526307388798892 13831109767858756532 13823057142114000763 4606527534117156614 4595271105699604690 4604839647090420481 4600320676312503473 13826613078759304182 13826807916284759370 13812526964011603333 13828836913732170790 13828117077058096074 13827621765367013607 4592929763230014372 13824280251738461260 4603200989292906302 4604715800573268386 13826534742566555399 4602382904018133776 13827653237278242515 13813315995571239874 13799764000266160208 13814925378334638784 4605168525488469637 13826853603858726829 4597233737416567165 4576715959764786944 4600270129568294985 4606555971444647810 13827223148998162676 13828034723753407833 4598897191262157890 13813292018937167978 13814737043930530946 4582858022981637128 13807184914266918190 4605835798084029084 13812017736982144610 13822756382377522736 0  0  0
10 321 321 321 123 321 321 321 321 321 321 231 321 321 321 4610106737405236216 13835513079711035213 4607304164414018288 4596216468893428418 13830233052917123168 4595594886459259886 13828589746574871471 13821784454931126067 13826637853492477017 4603507004548486368 13807360664835950036 13828802180356254969 4601213102181651828 13816750324333328778 4606282297960838069 13828079286052789332 4603147740637670788 4601084112350566583 13826471049485344425 13828978086979829779 4594335080518522930 13808067307599507408 13815104259673364676 13815163979727925965 13828847262649103975 13820514640274611754 4603060393408408547 13820557284769990086 4606937359761944688 4589310561867607664 13826428065862046461 13812967428912177128 13829092282819995749 13797443208296469208 13814867026229034173 4592347122602935238 4578118688835586237 4605467759121750554 4598833952183944340 13822736612142227836 0  0  0
13 321 321 321 321 321 321 321 321 132 321 213 321 321 132 4602980174179419032 4607994180230049976 4604327215904528564 4595726642507051860 13826799141160063790 4605306760370790809 4605268590116086245 13824171985415316150 13825554935184395248 4603478545107938894 4604566156688826990 4600645943919041236 4606356739566075075 13815572934724322896 13824338831116922224 4597382229142900573 13827743477067471149 4604381620367279869 13823360393864562403 13828016337592122396 13826960696625364162 13805479731580311480 13794588184751533472 13812856547834305094 13826229634619142700 13828902806634274496 13821560670556068478 4605116818023764776 13826725996316427632 4598621166101787755 13823682687783738052 13810797845400175792 4606536097679670279 4584720783242234176 13808338981201790562 13811263894757202572 4599309502990707673 4604750193065308150 13826072179897487702 4594970635035674347 0  0  0
13 321 321 321 312 231 231 321 231 231 321 321 321 321 123 13832319143480268232 4612314429537239438 13833791888372040243 13827810497829294816 4604013045063970192 4599264915342577723 13814167309932638222 13826080084414261817 4605920915527153036 4604602827408944058 4603323316457873453 4600968905370465228 4603169792691953001 4598100977238188779 13828702430752072904 13826022249512501807 13827541433827478937 13826551823662688154 13827549763842797828 4604516522084490696 13821383065611252972 4588568908122905400 13808085808853725086 4583983638181459920 13826485798065605440 4605587031672415614 13817914791556154403 13827707165664146189 13826445798753842829 13825804807172225296 13825714518895984318 13818471616420535355 4605929877094746747 13812510492128132828 13808831672369199536 4566734926408560992 13821747845404775598 4603113163534579222 4604587602673606836 4600026253665664491 0  0  0
4 321 321 321 321 312 312 321 321 213 321 321 321 321 321 13835116375600967442 4596355256003566400 4610833409020772652 13824979111661130759 13817938824013358598 13829520029419020211 4605503961160773846 13825749830679007248 13822864247370236915 13823877783981398405 13829316336439660547 4599703107322032970 4602937121035848064 13827135287921618245 13826765286327398631 13828758000676046083 13826873234573860784 13815050782941555804 13822126608511551576 4602816070611697969 13828836497800841514 4586823132042021276 4585059887405448264 4581153076461010412 13808531414704182016 13830543574930585648 13808549092095502024 13828735091779220837 4574388023373364032 4603603018951583203 13826966394808776538 4587175990524851568 13828728505636179761 13808752732236824166 13806284839164506864 13809493595528077162 13800661841797478166 4589948645784922904 13822714241579760633 4606698438738316879 0  0  0
7 231 321 321 321 321 321 321 123 321 321 231 321 321 321 13833378847903230427 13836255438757323690 4612643349820853836 4592808308593285580 4603820143790856134 4605119870234681966 4607124323108627980 13813691576051467472 13813934202790561804 4576465370634133913 4605158397579905901 13827235663435652953 4600260217436008284 13821609373446738796 4606241556502891059 13815477278422028690 13830260079868080899 13820883921726039347 4606506614580322506 13798985206007589078 13823888389562785742 4579583073302189672 4589586286027396300 4586391199236670944 4605752430285427134 13821237016183168650 4602386709655209983 4602927512343494063 4603236787842092638 13827285363923555097 13816545197397231728 4605301427952251051 4603580361835818890 4580478798874062879 4581006040748773412 4590303420044514081 4605935828155040459 13819396042691204608 4599189427471509445 13823966638230165949 0  0  0
10 321 321 231 321 312 321 321 321 321 321 132 321 321 321 4614145967357191358 4612942363144649592 4608648751838840772 4604430525046779458 4604600655334299893 4591426983105830892 4603327003851234845 13827190088821856502 4602944621933303826 4601535438319255960 13822701167036102335 13829141192985057160 4605949529876205093 13824711730128540606 4598566474377566240 13798243169548058889 4602928637536858932 4605825744406332950 13826095400211626360 13828168043253908655 4601822499065494468 13808961488040560237 13801780230660419368 13807068371342479212 4602177285676827082 13829183457363076091 13821240848618550034 13822320063547956653 13824416455580338505 4605958533796642514 13829036110371084368 13823119356798974586 13824998069865497316 13779033272670772128 13799089931484655452 4587060901594852099 4605942042862533941 13823297290996354803 13823276191233841420 4594774415480878448 0  0  0
13 321 321 321 321 321 312 321 321 132 132 321 321 321 312 4606897446238041560 4608707895823944868 4613255169199776128 13813402058932894970 4604878246532156098 4604154285433901234 4596208456972385760 13827328649013766864 4604854078247835259 4606983273552570406 4595830832998520147 13815071255347445367 4606251469846874271 4600365995519577523 4597839955074868825 13824993425296684890 4604535394470365925 4603163015495449346 4585323507697338124 13826976266177424644 4605355148282218167 13811318057968627460 4583316720396588464 4585191886898470392 4597672005901185722 13829739017172938077 4599837601802498529 13829745598854667316 13822993398914534744 13821544022070011514 4599802511764066078 13821593309931233415 13829705555471641754 13806226383059517244 4584724708103884250 13811706549140774728 4605746114134840743 13823374741422628960 4589169306831872529 4599539994644848492 0  0  0
10 321 321 321 321 132 321 321 321 321 321 231 321 321 321 13831724412300894459 4612709908500034294 13836715436773444044 13816370802356015482 4605584048800986813 4603190551498518623 13830106984971136857 13821632463517175744 4595613357668064290 4598877521311839539 13826127059959131801 4605481359801527231 13822378174405618740 4603179231703192119 13828545486972419036 13818243668794907644 4605143601410841578 4603701347798826185 4606659450194250397 4599160209869323710 13817625430360195086 13813716945678180908 13809195038792262007 4591808404614097606 13813963281174758660 4596971036015243885 13830309409925901711 13825518634102101266 4605849924787924314 4597435767427003285 4606088781646316362 4602256046969975636 4584744655853462600 13815132008169364858 4583255313642405261 13814149108225612693 4590990494519309387 4605696011754836452 4602820145708369764 4596069106446668670 0  0  0
12 321 321 321 321 321 321 321 213 321 321 321 321 312 321 13819369737364078656 4603424621657447720 4596100839453411504 4605945483174968983 4601998764144092451 4596562406051373890 13804959736110709752 13823769909018534864 4606528941759868637 4602726954959638674 13828791819075256827 13822674875034223170 13826497982809449519 4601474796895677522 4604609312620240180 13803182057948171802 13829293956824063220 4602768690640752802 4605698626498488860 4598527905831493932 4602304605036005684 4573456080728300880 13808185005550786512 13809264422761058221 4604478395307518849 4599476599221037814 4603917620397484386 13827090019078629070 13819072202699043102 4605084677733704514 4600206876795446950 13829916150257140691 4589810966904095208 13808090687616165521 13807182831045777096 4584100704729895901 4603164536369011633 4602970229536630301 4600533231510609190 4602809203448737438 0  0  0
11 321 321 321 321 321 321 321 321 321 321 321 312 321 321 13837619929703338941 4597025875566010816 4601412913082907584 4594171141614898628 4602747987219321446 4605833873655312452 4598355815757450083 13829177852865965952 4602018646531782479 4606782179770127136 4594815578046876352 13821534670924006939 4599602770730884390 13829732129736797637 13821666577660807284 13828053215255121207 13812888250994173404 13827746798871417022 4603653129758047558 4601093122714386016 13827658922472072507 13814029241062661266 13799324076801708208 13815135169267837072 4602805518473629622 13824255794365140148 13828379989241716667 13802761884759753616 4606103991185663491 13825587112117488723 4605900076104894547 4598258770024916757 4601720406912694397 4585249672583603836 4586009317321379286 13816500475249871162 4604443595286110455 13823478544679110212 4600327619392070781 13816630238314765356 0  0  0
9 321 321 321 321 123 321 321 321 321 213 321 321 321 321 13835288258441478862 13823192830984849728 4612140838164758678 4593982006255177052 4578364593666228352 4607100943031803838 13817078224000991233 4607110589649401744 4571793355044052736 13830401297833756199 13817058649252569391 4594000384582058089 13822200351903297097 13825812212638723960 13828980954621873090 4603103694190836731 13828664115372838054 4598647599999921370 13828631880590166174 13823754264429849173 4602543975798358495 4590944101222309486 4584024811643565272 13812918612339095526 4599861302112318914 13828915106781605240 13825354222999527509 13822527894891354619 4600295336365361188 13829461927371416615 4606177243043246924 4601640563204335656 13816877250521109154 4585558405799508548 4586455582509237567 4591767685630545732 4598943810865305632 4604606877328821743 13822191552511517732 13822221591631863045 0  0  0
9 312 321 123 321 321 321 321 312 321 321 321 231 321 321 4609335339203238040 13822541544013209032 13835101592385297009 13829345119149809984 13816904215967416478 13825783054838755708 13823781821989714023 4605409172608237620 4602025982580485255 4599662365222971415 4603426015312230055 13828224570598201608 13824198798332626024 13824682835607711196 4605506069592201781 13828811300322243847 4603440248402095680 13814450319745026404 13824933977837218228 13827777813857702108 13826718861620500030 13807531925115180544 13803752120497094388 13805637850098745272 4599401486347038276 13827613923258113670 4604184990699320558 13824180709386154006 4603083625237422313 4604831255300442442 13829305311316641453 13826039821557569855 13814774894685484220 13802391292439930928 13802702841362783546 4585310836307674791 4604136502543706868 13823948703844779973 4598581499493849174 4600022268646691753 0  0  0
12 132 321 321 321 321 321 321 321 321 321 321 321 312 132 4614076539696526020 13832954194811458201 13822017225133356632 4603779244550331877 13828591097502467026 13808811516659653824 13824685361426987259 13822401651915557696 13829251391518345994 4604101907461086655 4603108465226444940 13826202049178729667 4603263083205856619 13828239721593454151 4600138208329443430 4605291801388647446 4603692037869993415 4582712974929757296 13821116811452209288 4598531769554193721 4606579196588336069 13810853040007367815 13812743091171260205 4588161527435590308 4581637396497418060 4603434254878890609 13828857335843106481 4605448466288187516 4602117807764982974 4600119874858372124 4603485077916334919 13827516985329189300 13825361680337575136 13814107073962977681 13810993479501844400 13801608663181847402 13828101343430563003 13822394863980737571 4598723463652081818 4603138529497977013 0  0  0
6 321 321 321 321 321 321 213 321 321 321 123 321 123 321 4607842241133873352 4608411194656513024 13835274956801493562 13829178524445507742 4602953724490415226 13806820251039178328 4601000689308475811 4604307020285369702 4603661734246382299 4599824528790973707 4602724565496914085 13828686480302330088 13828073826910866644 4591445506537823099 4604324612152994455 13827563687608162681 4594500894236016402 13828116481803422234 13818653741860831090 13830414819793910218 13809930588897708154 13809161171692147719 4584797245639984824 4585647687873084156 13828049295720094821 13827638628556392202 4594456964757164277 4601550100107655838 13822113373125800541 4605868497124713292 13826377940675613629 4604307047795668191 4602659347139433688 4578085083143273420 4574011272792981472 4589073202709036710 4606810006664215574 13822464671088926468 13809429536156030897 13821060126243433558 0  0  0
6 321 321 321 321 321 321 123 321 321 321 321 321 321 321 13835900439955535692 4614255809367671902 13837236874365116706 4603879454439339241 13824604562171459343 13827403835612839039 4598742643532485059 4606349640026028347 13822657806073712197 4604668487024986299 4579415723378495843 4604416249127436303 4604450443030831314 13810961652629188048 13827992070938602134 13820353138412939412 4606602515931620546 13822061644058599344 4604334435704012589 4599962800998331191 4603945744207548876 4585240378158508188 4573274655524134880 4581378735215932728 4604028852570200172 4585561164742236192 13828384704613644167 4601375126355219866 4605450008509931062 4600984917690295966 4603834602547573952 13826847554805214774 4602758652676035903 4575795722108846506 4583661948347457410 4583977272834055642 13810668532406775920 13827770530764660844 4597982139672301717 4604286361252270928 0  0  0
0 321 321 321 321 213 321 321 321 321 312 321 321 321 213 13833573768365551118 4609664102556977188 4611042624890195856 13826551524776742244 4604943381452316315 4600083771141562750 4598887298537164961 13820699312002450925 4606551852076357915 4605195626268808746 4603757403958722093 13814646728435585810 13819357961317997031 13829443642872380224 13825011462119826362 13819569321577350539 4602228977176979988 13829276058874968954 4606843335830224979 13813518811928287551 13821744197254724645 13814137584407724400 13814608841437945580 13815060456691728581 13823142260870038801 13829762874146836842 4597496305078412646 13829975449735931872 4599084308282617326 13819198461367669607 4591806196458314684 13822067187252316051 13830150960327494607 4591101039271145966 4589696673105344147 4592601858559874756 13815479181357809101 4602829310345455468 4583688555853197175 4605826399406583064 0  0  0
13 321 321 321 312 321 321 231 321 321 321 321 321 321 231 13824342573787292776 4614185527563166194 4600515417496675688 4605115756462019609 13825997603132805648 4600859191654434877 13824000619761118853 4593992567284416640 4606395623370696136 13826114394696218716 13829269405304573689 13814432969040670856 13818550387271264299 13828075814850133870 13827568037804034645 4606431167270810017 4594061868473569786 13823817756326261217 4600217217309719616 13827630898697316455 4603955161025050644 4587794367542674784 4586481370584487912 4585959551327003164 13829755333613229728 13800205584681113104 13824459647743477292 4600541658287516128 4600101606427788851 13829228018080075140 4594764805192092761 13829960673091735515 13822835481324433243 13812739325965304519 4564759751997630336 13810115281591081234 4600673463595329979 4603336737148894958 13824577848918045756 4603470586189858781 0  0  0
11 321 321 321 321 321 132 321 321 321 123 321 213 231 321 13815839116504330912 4612354792188255916 13836668528310331919 13827267931820395954 4603668425326311194 4602210519471569228 4603250152366822756 4605250987987187187 13821651561384480020 13826306307566668681 4592202397551523844 13829136277469324652 13826988076421044930 13826887381602180326 4602972112158142364 13826259664568993216 13820073066856232627 13828988775596920067 4603590044118895566 13828551973491673464 13819165162992479135 4584733741187954136 13814650227501112930 4588558498133455408 13822029403874674620 13825086478007741970 13829211685701609194 13819130461406001642 13829156929786747658 4602703786657782094 13830044351821629596 4598982275624178707 4594649978777899000 13804040748251971378 4591944838879547248 13810468539350760751 4599164018914331154 4604181770375817845 4599664960924207585 13810510151827806073 0  0  0
9 321 321 321 321 321 321 321 123 321 213 321 321 321 312 4605403660715459004 4612263023523707418 4607615031329924832 13802749115668249442 13829290107752575454 4602775369681697844 4578013759747104784 13826148863561291126 13829289566153991824 4607180864370750915 13797152108224569387 4580706412878879385 4586339071274998740 4596035873376511504 4607008824185802617 4606332485251478487 13824644357717976767 4586274221882047242 4601271501500984725 4606158891120685503 13819411536254098883 13814596780125093024 13812081852586169744 4573505892229353568 13825943741916202187 4595669724139684844 13829207853632987168 13823689709672753083 13829917639872780126 4580595407914462496 13828638395570629231 4599476552088125476 4602910309227943750 4584078632627142067 4591064349211299376 4588186073610973924 13819351040738296509 4605169882861071865 13813246095820162275 13821651457090657397 0  0  0
8 321 321 321 321 213 321 321 321 312 213 321 123 321 321 4609956913664832544 13836211065845087085 4612552474251521606 4606479500564885381 4599741853768447721 4596045950690768438 4597008357718933602 13829279816025852231 4602037079704697800 4599442798125177860 13824007915612784804 13829336851295911416 4591565028885028292 4595276150032320054 13830382061035814271 13818808203797499554 13830260560112707788 13819176167960896784 13830375053243413168 4595951705149636504 13812586569887390306 13812829423041817986 4568759042606362048 4590357343521377450 13818547088897396050 13817979530310505054 4606951615146006708 4606022080267019355 13825787524810632548 4589986724897385841 4601990547330442917 4605931932094975110 4596822467899280124 4590979392321394785 13811243520013729489 13801133031210209678 4598365779896365733 4606232514569917447 13824517649881325197 4593598504659614308 0  0  0
12 321 321 321 321 321 321 321 321 321 321 312 321 312 321 4606201433680773464 13835228813153898524 13836505295660925522 13827445024371024463 13827657236533413576 13823048359644634764 4602582733121060734 13810907531812159264 13829361679551708782 4603322450523707504 13828149175559882615 4600320022756588425 13829370068399501983 13822267621659913829 4600913387257475200 13823021577187418465 4606665501852930039 13808860200305702132 13823676715709443859 13818502999325399292 13829787886123245385 13808088332031695674 4584892172717474488 13811530555110383120 13824724672616774308 4601539300164011758 13828682033145092348 13814323332811271676 4605847294893644339 4602828317787165070 4606284631503020438 4598884603765888142 13822899688181195190 4589836366853768452 4566880729618827912 13784985217433741472 4595555364679240247 4600513518994423615 13822660714674488152 4605855650671325710 0  0  0
0 321 312 321 321 321 321 312 321 321 321 321 321 321 321 13831145143119883900 4613146177637370986 4589275556009641696 4564551041611807824 13830410485073989273 13818955830005949064 4582700663664981263 13818952623501425108 4607035870092360127 13830551755776550446 13796738014983634068 4582511234440693672 13828542054298248166 4599212908380901729 4603127589818233366 13827069562145562664 13818595495630414918 13828500098028823829 13817765502628487083 13829982977946200152 4599420240754022912 13807371094401762784 4588141563168062780 4562301109106264704 4594154856700241714 13826353629856759118 13829062183480416799 13825639359969646237 4604500796261207958 13826305952572628798 4605992113203626704 4602160551963843105 13818211487481323357 13808490259874853760 4587678813178578365 4560699158082086581 4602784551454011286 4601858446925457745 13823364823468944172 4603931813725548800 0  0  0
3 213 321 321 321 231 321 321 231 321 321 231 321 321 321 4613179214734560016 13825650821314580192 13831567403164068149 13819346630641199949 4605367659435997228 4603323312071716792 4603187963675796789 13824113876165459542 4604771054149861142 4605462636407536788 4601893893634457030 13823713513629549969 4584237620572248373 13828007260755256080 13827818307702701627 4587875530435421557 4604450351510896640 13827990847786744528 4607165506161381091 13803633363217573607 4588682740301171945 13812639920496451546 13814202874132939680 4587241530207007284 13825351281185218032 4599503886953151076 13828988469196167019 4605670544927036756 13818497936527254082 13826314982840981343 13822591838453630392 13829938161196401282 13819499108945100600 13809129426723065651 13812721510249502296 4591142889701784462 13811794061064339700 13821510702430939177 4606472114662239325 13822333287504491532 0  0  0
10 321 321 321 312 321 321 321 321 321 321 213 321 321 321 4597008580489262384 13819673107455600832 13836186297054004786 13827378313552511445 13815881668001387020 4604969830196867222 4604149759102869539 13826663101645026245 4602449465420952406 4600434248984804624 4605523422648854444 4601596331039216803 13825053824318150779 13817251572077522376 13829528581107029582 4600718125004617467 4605935948940408604 13822870288453464349 4605433017689598310 13825878433365297936 13823023852471996100 4577811406639401112 4584946986155476516 13815122188917274949 4603267372145655339 13811510881545135744 4605588113173549316 13820539265010348660 4606738453612203510 4596966946191320648 13828702702745655414 13822539849041754583 4602905673397196606 13813529976536651465 4575554847761240252 13813149042774844968 13813109367394353076 13824705764203560686 4600016017826362809 4605657713742432141 0  0  0
5 321 321 321 321 321 321 231 321 321 321 321 321 321 321 13835957475327607104 13833709461530252254 13830987208489411548 4598411318707842727 4604263362490589599 4604375862071435128 4604718119330271348 4599630633740090771 13826973363603644172 13827265990059114154 4604107056736129893 13824320752702385102 13829987901396667321 4598859012462582411 4596276201607954836 13823210308437492331 13827379989875179730 13827679300140434042 13812956634860730657 13827901908103300198 4604528941909219377 4590353079156500196 13812585540125386260 13813182708134089413 4604884230805371998 13827512514324048656 4590513204340970924 13826971814114200622 13827086194616077936 4602760410431109816 13822217815615388621 13824754817451556040 13829265491867331119 4591496656732496711 13810029419009037578 4589387566556401329 4595387142993199775 4604068209616265529 4603193195451152009 4589644954339570872 0  0  0
5 321 123 321 321 321 312 321 321 321 213 321 321 321 321 13832546255628899521 4612820592889350240 4598719123722030520 13812468343324143674 4603269186868559653 4605582597556156086 13801232390383842155 13828972098170431687 4603273295809212330 4607164478167666406 4583014438882974803 4588474785394804015 13824769533672792583 13822928576481404599 13829133380242381806 13821570772406386959 13829224791500790478 4601932709241065224 13829362859444952565 4601027440252038619 4598778072409466447 13814718837980990607 13806339388000943604 4591431963649250190 4596031422139290809 4606168747538416570 4601231780188402240 13822752686854866467 4601961978395176675 13829017120613970060 13829916081854450854 4582858125677161232 4600317449049425508 13783510709650397824 13812204392743189870 4593324204268603998 4593484724119892333 4595978524157995363 4606224983869825642 4600662015517320583 0  0  0
6 321 321 321 213 213 321 231 321 321 321 321 321 321 321 13834420371629650626 4613005908814713272 4596087589414943552 4606180977355082155 4598308994101477694 13823873347973820063 4575741545161262269 4605547739249139859 4603349236621469785 4601925671378692847 13826173192175777766 4604709591376917122 4599186404178094649 13829547154238112041 13823217168459268610 4586248366482548854 13823293833048398758 4606614337029593382 13830113566482251092 13822471399259509393 13812986595225252942 13812656615150422468 13812923801707174888 13810036219437380154 13825977581488659636 13829294184489997490 4593284363590617408 13817863003148095435 4597070015677596573 4606861771397809786 13829254722006373907 4601969125058670262 13821037081990959116 4590770237779678898 13810583356754225110 4585099254555945068 4597072345131250502 13822182245989098400 13828345119290351304 4603116122985570640 0  0  0
4 321 321 321 321 213 321 321 321 321 231 321 123 321 321 13835798076630116864 13832539647429280300 13812872952432256672 4599082649174653740 4606761268571319058 4584949905495201328 13827216548778087553 4597248192561077491 13828248613602280358 13828002405735475223 4596466049111411978 4604186197746043588 4603053909859480912 13829019313305440885 4594061092675575367 4597062175319286383 13803828521313557328 13830334308812372130 4605485018722173944 4603202695146968863 4595391798541626403 4590445489093857034 13807654424884488564 13809589881240323728 4593850674905409876 13829308182925467869 13825881576096044821 13829048762804240276 4595423852340084872 13826281290136520700 4603021515728176766 4602262706744890240 13827807556592935654 4588351020381632368 13810727546075149090 4588534948576870250 4576214012858259280 4605186120727793461 13824076587767832745 4599119748691843626 0  0  0
0 231 321 321 321 321 321 321 321 213 321 321 321 321 321 13837536082752857000 4612227168419775890 13834349829422442339 4598724489720964350 4594654207214920464 4606711355946913922 13822333815433593311 4606764544872357052 13812814300885977592 13829778314681861270 13821722113101257197 4599295614786848256 13805801445184867076 13818548464528907896 13830425800247224617 4601154530298594724 13829640018981833674 4594287934771336318 13829737882985378977 13824359536010086089 4591177188678191411 4587028883463183000 4581284333108010752 13801063600409431000 4591847527548219707 4606630622087489122 4599614549416256526 13830387647791797471 4585674793591705158 4595930686329281008 4595061630317953346 13823213597146903040 4606508387155017628 4581230470985939340 13810472874552143665 13799935001242639100 13826399510451416045 4602880921717518049 4601383304799956906 4602711089381567688 0  0  0
5 321 321 321 321 321 123 321 321 321 312 321 213 321 321 4609558769516854208 13825730444618886960 13824252614754213928 13827699372906463388 4600382959807200333 4603833892545966718 4603358262527800436 4605418960318444753 4594525517418193089 13825147277283899780 4602013642993476179 13828425856171721712 4605891413583772640 4601621805561990246 4598483532232581199 13822279585813014856 4605747697851617502 13825273716914806906 13824721221424583028 4599323468383938672 4605817702184957478 13809601457144603239 13813403704924799023 13792027358923247680 13817891083209613386 13828094386698065053 4604214683990005483 4605919649611726432 4597816795952416162 4601790328887286555 13825844531471066910 4603970876604433113 4603483340569055425 4588592027070717864 13811510839782931392 13807393309156240437 4569309354266548500 4604298838257806357 4600379622532029250 4603865634698732124 0  0  0
2 321 321 132 321 132 321 321 321 321 321 321 321 321 123 13829956244596834672 13834462160577061975 13819263548054380976 4598711823860705118 4594377729915337678 4606724044453995287 4602790130974767467 13829280237698490014 13804862670488016720 4605488311707030389 4602533746413097862 13822705458586275535 13827983512742108163 4600841312063583383 13826729256144166856 13820964196751483900 13829752573623321034 13823164775844752449 13827486015505070161 13815839170130103832 4604876674043591359 4589434382001591484 13812206552676949236 13812376250435433392 4600777987231426559 4606156105800858704 13821312722775684499 4602182645876426131 13824660984181096022 13828512479188033277 13828646209393225712 4596013951962200885 13826820332450802899 13801600729256315628 4592171118735382153 13807008755696650572 4593577866407545783 13827967359322163839 4600791554499978399 4603273959693429057 0  0  0
9 321 321 231 321 132 321 321 321 321 231 132 321 321 321 4613394157382159676 4610411130031493400 4599634915294729368 13829002913417684104 4599311752212344133 4602059717145609462 4587583890285806086 4606000166293762190 13825917123914241216 13826579907275103913 13823956564619102769 13828169566409495360 4603042036120090526 4605431521055984721 13821294323056204000 4605566095595524643 13826667140074767647 13812169609603756394 13819255634322696360 13818556724605201690 13830267831748349871 13785748483069660800 13804560835060252000 13813275435001971783 13820463603591402616 13827929516902940190 4604214464325890336 4604805715834197656 13826695271727185570 13823574842137930066 4603940828412473174 4601126639027065360 4604005576766375797 13808565935034714282 4585431519707207598 13811554508454862225 4598848281731507548 4606732916408904506 4591845838663457608 13822343355513445527 0  0  0
7 321 321 321 321 321 321 213 231 321 321 321 321 321 321 13833507644841819973 13832288259149801663 4607214797581184768 4604956965687086180 4602313416590605871 4601787627618637374 4602669675285282463 13829314110991574554 4590674322200657066 4601390766913283479 4595013286047618761 13829553371881036862 13812154069015890801 4576671450724886848 13830537911107729533 13818985151203043497 4607035269370451673 4581466184123576512 4607020732698640816 4595644713641982800 13811766458049472826 4590461131481204858 13810889191000188624 13807150027581018536 4604627796288930297 4604249230370495157 13818990215936521634 13827274359090415847 4602907169538428177 13826640249866663731 13822218281998103766 4602849048828855704 4605427169054661454 4583800158252669453 13812473151297319579 13813244722207806033 13800834089858085938 13827057791082219632 13826442412244085316 4603351258503709361 0  0  0
1 321 132 321 321 321 231 321 321 321 312 321 123 321 321 13831931267586924303 13833604968088396913 4611483726138192800 13824471519044523467 4593402758949408076 13829680106545890942 13821935420565790463 13830215881499177914 13796078844699838464 13829380136820456446 4597923795406733373 4601413492525076725 13804620405472316620 13824377946457644511 4606400251999299562 4575043397178012346 4606401063774116423 4601009419393866087 13830552522099372594 4579540758105173165 13803029295434955392 4591234961776567086 13808827709547952004 4584952671938774284 13822182126016864513 4604453480131713624 4604100767273549535 4606612184762229639 4599943696086007204 4585527896435442194 13819857203910738364 4603821310897599702 13828322579348565590 13807602542716239565 4589986462708144616 13812832640988925495 4598883041793359646 4603697037460006403 4604202210202762974 13822529937645824846 0  0  0
8 321 213 321 321 321 321 321 132 132 321 321 321 321 321 4612991120607058266 4595418912221695344 13830860502909676766 4587950210665491488 13827189716693557499 13828551203153883089 13826008020524909761 4604104153254704480 13826635225455898506 4605972826480978971 4601192264922167356 13822018368491308030 13823613732109691052 4583224795436179528 4606558669907587699 13829132103076870833 4601188239833572199 13823199904189611186 13824201384574230439 13829729482180466988 13817226297211986185 4588908284499412928 13813707041082834260 4580611110342876136 13829162190733499697 4602701402522709349 4595687015509660434 13818245340293845421 13826585753982038940 4605503847625832248 4602769566345865191 4604112967282063240 4603151640719655582 13814359552908654066 4587135059884892256 13801109631907122162 13827265883473071154 13814523532721055433 4605065875477198633 4588751348006910760 0  0  0
11 321 312 321 213 321 321 321 312 321 321 213 213 321 321 4608574078491698784 13835693409682578013 4601225020294004984 13810358712796494089 4605479017776460305 4603428996154502352 13817750508337527516 13826801659538627642 4605374114319495666 4607077513472115735 13810234116902367118 4594388570123150192 13825819057702577891 13827138105905716580 4603708764959340865 4603930981661374250 13828147952439147613 13820960653491860657 4603537021994769874 4598692716220145001 4604963287082368462 4583977997685698192 4578316551825225168 4591367602785581874 4604055816660811626 4599139589332566096 4604426102970797233 4604839182274777546 13812050140610434344 13827583634763321324 13818391302098905965 4606740941384374900 13821784218372582096 4590946230282434184 13809545212560640592 13804030545139869593 4605169750785611414 13823057546082367219 4601694186277540297 13819879034098240240 0  0  0
7 123 321 123 321 321 132 321 123 321 321 321 321 321 321 13836824066087114606 4611921243494964256 4608581051124416736 13813491994239699442 4606377472118677059 4600989446404598758 4602522110586720116 4600671566574500376 13828568440690905365 13829362740846361454 4594232212763903292 13825633176770015212 13821321072141081967 4605485308858573737 4602957801862809077 13829275733414284413 4590051812235952212 13826124021812790702 13825187646564631246 13826766330344189326 4604283391378762389 4590948307959276678 4584577744796230688 13803683429153442808 13826251818275309065 13828768991595954444 4598903551391751354 13828854059320912091 4603328812035593938 4593357420823066436 13821779632723718737 13818758305925946032 13830097438137523645 13813444591339408179 13811456802746055326 13801985064994587880 4606059830770919196 13823925478722848898 4598653478152855086 4598628226112660665 0  0  0
4 231 321 321 321 312 321 321 321 321 321 321 321 132 321 13834434358787884634 4613623132980294682 13835326153541978300 13825199614968591322 13801594058420399168 13829577669033913571 4605741767502289564 4599603783300252089 13824810084479192529 4599055699005538502 13830051361290910753 13817540475550864264 4598532398999087066 4606825372319666536 13813081547489344064 4600145863054256905 13808286589423012032 4606575362941231397 4606221578289978747 13822030127307825380 13823421596021904806 13807233332622384044 13808236345778552756 4585289601656773124 13824407573151293435 13828259628665517578 13826292451957310297 4605393134189762255 13826675372491723751 4595781669147090288 13824911192725374185 13823297015017579498 4605650444330399725 4580617259126675882 4567461044543283652 4587841515770719193 4594379928743785167 4606197811195847274 13823565096537763663 13821991991648599351 0  0  0
1 321 132 321 321 321 321 321 321 312 321 321 321 123 321 4613076269856927144 4610114282197561964 13822220319962073696 4599771231769912744 13826172683057885238 13828648928770792012 13824056352079911207 13829107146527207251 4600507766730823576 13829263074461691027 4595596865179575266 13825764359070395315 13825528599036628717 13826965871450256818 13827358425649581485 13828799819477234167 4603506766765960599 4585334822745106728 4600162045457260142 4603006663799939581 13828421511189352195 13809839084703296608 4584509482291977168 4586447129945521432 13824810371980948314 4606288521530272558 4587724998223091828 4605275706691448394 4600955591158369683 13825397975761965636 13824951185949377407 13818253073941209596 13829513276355942669 4587196502950492387 13809629791287708155 13806015928473175358 4590679287682605390 13817208651966227823 4605896558736734573 13825894200797820328 0  0  0
10 132 321 321 312 321 321 231 321 132 321 132 321 321 321 4613120059774833982 13830449803206410536 4613562465994461686 13824955648341161430 4591003077557867544 4606228290114583121 13828830249780849198 13825554410408708806 13823361698863895465 4600725056863098150 13829446219393754008 4598690894309204228 13818638849954583890 4604799423744910177 4604084944795066705 4607045555442628669 4594659442131495419 4590662006140217746 13809123132293245377 4604122052737947146 13828303197379557439 13796590436677177760 13813930966626186279 13811562465527713092 13825561750259766098 4603747166931453200 13827199119949060383 4603459543840019878 13822633529392529030 13828284754911076999 13827468917991101937 13828048900174033904 13820329476278405586 13801990204985628860 4589255767125050267 4590057132243127912 13828154751968554424 4600078661765266676 4593825077909780758 4603259763065993079 0  0  0
9 321 321 321 321 321 321 321 321 321 231 321 321 321 231 13835927194278528486 4596611690629126960 13834774799722026457 4597895638295242122 4575707023023079008 4606913861847245752 4600866483156333672 13829762912630776396 13814687132591044220 4606139352700079384 4601054727456764083 13820614364322612570 13823515600887207657 13828749129811693390 4602341370230784834 4595239936234873934 4601807530556902782 4606066804793563136 13829814895909430065 4600803070624702437 13806957129048929111 4589544183800372304 4588506511652334116 4589275583511311852 13805084899742244668 13827933631254911622 13827896117975628701 4604523640439501281 13826145697975141000 4602544393023281919 13827934069317492424 13825806804542363883 4602773052672294442 13814347901049877751 4587321116894011060 13809805264255913585 4605865282344411370 13823276554695611283 13821831839978814035 4596246773930502056 0  0  0
3 321 321 321 321 321 321 321 213 321 321 213 132 321 321 4607358232352511468 13836648508304215056 4610834487314595188 4601865855820295695 13829353383297902961 4596551944193994364 13827262467478941792 13818085456651781574 4604997538414835874 13827175722019769665 13825592821711752752 13827130978983902995 4605567016609407836 13825344446862340804 13823131413518531291 13826689854493113886 13827284123614480960 13826213269455312348 4582419710364155782 4603742284656308779 13828624880650716394 13799538710292925328 13812627592690020592 4580282339852859712 4606712254419288768 4589389546122191324 4599292942736895513 4599402262068507963 13821752848736368792 13829755511471157701 4581944965723989072 4606849126379063176 13821882817668314207 13798568778486610469 13783279462108180480 13812781985750276299 4605417734479736499 13821686619905783557 13823415735490489437 13825632273165291903 0  0  0
5 321 321 231 321 321 231 132 321 123 321 321 321 321 321 13831550555406780675 4594623287469636624 4604740668130449884 13829820381863119182 13823497261073785122 13818570355802133804 4598361747196997591 13829351995718968358 4601344001322620165 13822404891710059442 4599933705979136995 4606183995852653261 13822685752978533686 4603759397704797985 13828027092840758636 13825094329682092259 4603329036509889832 4604369125868130395 4605722933930572488 4603010999047341409 4591715696088263995 13808251519880108500 4585458519887369080 13802794511593206144 13829627199823226920 4600795933476059830 4596273164088296312 13824845342734052544 13827833456133449806 13826685033678844700 13814374036780416472 13826925394591630695 4605356980560093861 4586081173461281924 13793111945037797944 13807822197123853228 4605314301290483765 13823851079554522256 4603570715126845372 4590484635431965415 0  0  0
4 321 321 321 213 231 312 321 321 321 321 213 321 321 321 13835532271723526270 13833098488931799242 13821636402414070368 4607162007021038526 13808417486504323639 13811909400077490018 4588927229635200350 4590801248378660609 4607132953393214933 13807318078679111092 13830516536702276500 4590935905303208205 13829581709744539428 13820869112419890956 13824041192127198282 13788664142982008984 4605930393916335222 13826128379153842054 4601814586125886069 13825204805289561333 13828468352951169574 4587656641466778612 4580050527441042240 13808427059459504036 13809584650877215188 4605634131980163809 4603210217105203502 4606652926575973449 13818121375776721092 4599079457586399352 4599709850997107705 4603027777514966859 13828509099613163309 13799360537793809936 4585402219094162381 4587654448924894920 4603846951760499093 13798035495411157250 13826852910684916758 4602640448725770398 0  0  0
3 132 123 321 312 321 231 321 321 321 213 321 321 321 321 13835183213987419553 13832029898937978645 4609608967771216352 4597276433668145100 13830068994719494144 4597558935816912196 4604225166257523569 13805516707356509920 13828217090176976570 4604532784741535837 4599491762131902489 4603853466576018508 13830415673074305021 4589495588307293900 13818358831973541523 13818666425211893514 13826794598361522268 4605334078857244345 13809412721856108221 4605471132814286243 4603444397658104244 13814246646671503850 13812865455447956756 4590660802971583258 13816117743162869232 4599526097308370840 4606633380538339254 4606388091981323813 13823204329647248574 4597355710755582242 4600787219713467456 4606117035425091594 13821690917829723098 4589422395388263930 13808829603705788103 13816294185327538629 13817833013787774595 4602411471672087328 13826106326792989291 4604459907407008061 0  0  0
5 321 321 213 132 123 231 321 321 321 321 321 321 321 231 13829565779657010236 13835429860436952814 4612845423127515682 13826851960810704679 4601718082523350730 4604241796785780788 4593191958384715794 13828543525678833227 4603747079359311530 4605376158145492271 4601670485957085821 4600960147125055966 4601171105021127026 4604247070952634946 4603670825944774665 4604153324622391547 4597575150580380307 13827948381935430770 13827144695894876456 4604487490841700804 13823353503235702935 13811358289928360816 13813319497792060532 13813918018715607948 13825278492741106598 13827324540187255209 13827096986087164219 13828906172726529821 4603368788952558042 4573454189919605632 4600003399464855466 4602733669640262273 13828641430988285724 4593465489982205712 4565052817301953373 4575821104996556064 4602786280877043072 13824527641833158264 4604176753226096282 4599947554012817609 0  0  0
2 321 321 231 321 312 321 132 321 123 321 321 321 321 321 13831671838868744097 4613496393213717082 13833046119460679677 13827430839020422111 13827834132740740746 13822330727735238972 4604427823348976897 13824199851140422670 13826953900889135554 4599118835587525898 13826914010058855261 4604876678635839645 13827433206245427363 4604718013553869154 13820210342035413340 13826194873952028631 13820527253389949338 4605627875649949430 4603163694655257009 4604034765473510283 4602856082286975716 4584057013336675224 13806012808034214740 4581511039135317992 4604573827685217373 4595110563076261885 4604338038613168654 4600682623486590030 13829672243129114794 13819263968277547810 4603457161378169190 4600856914802502356 13827897344056446590 4584477719705243860 4584133396421279291 13797968802511656998 4600818213643166575 4604034842398327942 13824293865329348892 4602745189669612765 0  0  0
13 213 321 321 321 213 321 312 213 321 312 321 321 321 123 13833654589967056042 13828054439049165172 13835799799174363916 4601147411980772553 13828071242890253607 13826506628532537502 13828461609460414609 4586803470348034152 13827304773027103696 4602469231736907498 4604371579462985093 13826383088154296879 13822274418902919103 13817257968333516123 13830085303742687923 4584442304279128637 13830476593720425802 4593765766876757240 13830162014172020027 4575859062585050327 4598929064690824992 4586490042253547880 4571199113772542496 4582294961100186028 13821025626022835086 4606460565239054968 4599322241193745168 4605809100331082793 4585413167443365720 4602944468992117973 4602239746344203049 4600707221632809194 13828646659045885633 4557838946315872416 4587303075118028332 4571582201460000064 13824115985474779821 4604033076627217691 13824661683970986564 13813450706097652236 0  0  0
12 321 321 321 321 321 321 321 132 321 231 213 321 123 321 4611813891901140652 13833353413516765036 4612348397334723508 4601651632822088703 4598528143394101290 4605876714975267046 13826004083232793994 4605987844707200772 13803579103191723376 13828265677073105211 13824579191637617050 4602843880022258758 4598388835386711085 13827438515939268829 13827939413235691691 4580612966839243955 13828140994806255872 4604309408036317712 13830238782397728629 13819404823171041215 13819041381268375174 4584110909391031952 4584182871149522384 13812409220306885732 13826409479154781081 4604670558942723062 13824866442570588013 13828949145090207866 13823162101018660421 4601913668749444168 4595741265597443860 4603614094845262315 4605164339788143924 4584807723700078952 13812515368528709438 13806114028976202562 13823081753336508286 4603244794716180141 13819579740489406714 4604749188827496152 0  0  0
13 321 213 321 321 321 321 321 321 321 321 321 321 321 312 4608790180500114376 4607356998703919008 13834956897462261541 4603419447054702068 13826176159672433668 13827221846318180782 4605488164710250213 4601026831454245048 4601188450963664230 4586327555185044435 13828342704047078062 4604074624636729402 13828170950506435351 4599731468467523067 13826845923561574814 4586919309636517337 13829120062905132546 13826405632014706881 13827636417948370948 13824686116832150953 4603602000461522972 4587327723485503492 4576733429804272808 4591266947672944594 13823956962946322558 4605131083099151868 4602735608790927356 13829846426830725671 13822156657386641998 13821826005466640654 13812368538494913898 13826666817593639456 4605565400435153556 4585173454308687666 13813288985183155486 4589465492253386302 13818175559274384390 4597773158678991619 4604250107464262295 4604308116047188190 0  0  0
2 213 213 123 321 321 321 321 321 321 321 321 321 321 321 13835404370589603994 13826513843650511876 4603339661358173248 13828531274986083145 4600332554376308250 4602786196756215376 4597688884265170775 4606477031143499600 13822583238858931116 13826821277885118569 13816493598925979944 13828771990661755865 13824378682275801986 4606395086088953021 4585534121212549336 4594078960357581954 4591948005126376252 13830423820458126020 13829681852601485203 13824180747707401904 13818504573959434710 4585867810209115248 4567225460310316960 4586145942285176364 13827792139215340342 4604607264315596014 13815010131949252198 13826135562442357977 13826777319685908160 13827267704293590718 13826138391847854470 13824087768217896883 4605077844929967922 13807647914516898442 13810425479665684488 4577367961353673452 13827062117262036568 13813322083677714281 4602777694078033997 4603569350379055531 0  0  0
3 321 321 321 123 312 321 321 321 321 321 321 321 123 321 4612097043076280566 4614064032735728384 13834851212129699033 13812982089084920578 4606184703608421858 13825191202989337035 13830440179293572208 4571866728647393816 4594886621255312141 4594326911188118009 4601912042830465104 4606080288252398862 4603531268504641483 4604451579596311784 4600896488766337253 4586973581397605937 13826305552163583313 4605811118726846667 4605404401686378375 13825783351126865079 13823296016210283853 4590127421820069586 13810695587130921024 13799248100944188656 4594075606450059736 4585589156448315348 13830464052826376414 13821465768870596376 4606901601558660198 4568545185506247040 4606814958701197370 4597990528400656479 4594258804352239032 4580431676142018701 13812861198564070567 4588720301096934407 4599583276883011220 4599929740097677259 4605898333267476216 13819416351245119371 0  0  0
12 321 213 321 321 321 231 321 321 132 231 321 321 231 321 13815186843699465280 4611961333172748236 4613954263061176828 4592073387899007566 13829420969039657854 4602221845120508658 13815658999371222904 13825763803715837494 13829371036567419099 4607083871343114571 4585796070234080921 13817664921324612253 13820191558563989006 4585045440848385538 4606971658886190448 4606116314091144911 13824688470951996078 4596606148946720810 4601263606141729716 4606325412257220129 4588842696845695529 4590037312920227890 13789230892344969600 4587538800786072052 4599742115940941370 4606633188279389011 13812965865212717262 13829229690428728134 4599710679231355584 4600880582800820035 4600854130709607332 13813549171315204275 4606406724822978677 4581407820343875397 13809831736736360122 4590187761349787036 4602915596572201837 4591385983267852780 4600105483995454445 4605074776352055785 0  0  0
12 321 321 321 321 321 321 321 321 321 321 321 321 321 321 13825140049385894568 4610153753507630980 4605821865972628344 4603178299453340765 13815135743010182380 13828984415274351031 4604132350435129161 4604067899755890193 4600280265743250078 4602715199876653607 13828301400359391516 4601391660431228500 4588207687024983740 4604132195687032444 4604912513954537637 13820783864349106753 4604819803028464466 13827268412439151036 13830301065764247826 13817428548112635547 4596104158736474761 13804784368472738168 13806325624881791604 4589675476004678600 4605348399334094074 13826887179505549787 4593281989171379981 13825111691846902796 13825063870804441431 4605159157019658794 13824365359482349528 13827591584432445167 13827132406748005835 4575208133176774904 4590006342435430316 13804222854221152902 4604202092574366142 13821380269215111183 4603993058803951496 13822271772605389891 0  0  0
4 321 321 312 321 321 321 321 321 213 321 321 321 321 321 13835738156245882638 4586369714551332224 4611902359770340718 4605037913864010709 4594991953228622358 4603824394522475332 13821753021190648582 13828836040044173916 4602914285180872503 4603512684935975982 13826634827944962667 13826720042631195801 13820168313872972569 13829846972487151908 13822911350525495007 13818479459703161189 4600195970697013784 13829810613388642464 4606852083218237408 13817603752263991347 13820775698904904727 13812585020780457509 13790660237369970016 4586586392957249044 13821889485978151749 4585302940888944368 13830216502995752064 13826871986156934953 13828708394044022770 4594058826481555112 13828396079383501843 4603629067668694212 4597633293165212188 13806526946654154868 4586666462426737709 4588393181316597825 4596424621919126731 4605260840154165928 4603264228377496556 13794646795648557252 0  0  0
12 321 321 132 123 321 321 321 321 321 123 321 321 132 321 4612908513589672814 4610342639747476060 4603300737252740612 4584639930198861987 4607170539288836939 4586040972724320444 4570007723831003846 13809431140041542036 4607174819426861751 4607177991202556142 13807964293988042953 13795418086760815440 13810475512680814668 13829580130520777729 4601774530196502284 13822686317635484122 4601617729199116119 4605750479925898491 13830090174518705636 13815269309671060550 13822458739351789282 13814368683381202170 4589213999165819826 4591240018583775110 13825481078805737696 13828132785312073472 13825979634552995265 4606083844599742696 13825108905806257189 13818634287425275926 13815127930804643572 13826183891696270960 4605846300696128944 13810777562329968632 13816745518092065326 4587923569327830828 4606502404337741344 13820515156074758059 13823465337865411134 13813765841538949326 0  0  0
10 321 321 132 321 321 312 321 321 321 321 123 312 321 321 13831910948160718793 4604721685063825440 4613558418360154784 13823238319931552745 4604800126786790073 13826805276896681934 4590329253642483520 4603958173770590408 4605044401985301494 4606603431933052210 4596963078092881394 13822062497864917925 4606722008583347177 13822193651825933759 13817359058355006130 4591154322251141841 4604042608492602015 13828332923556046924 4599120997478639717 4604505525469422419 4603974610579813700 4589539597056185524 4584555430795833040 4590122701102954318 13824505161048829594 4598218948229305704 13829423904050286998 13809663274014864616 13830240030971973548 13821699192815549756 13829736537333327717 13813069213985406246 4601066092514933216 13814267377921870053 13811062628360468784 13808227567020600364 13824711963741747646 4599355208312988164 4605806763713148730 4585530837331603023 0  0  0
3 132 231 321 132 321 321 321 321 321 321 321 321 321 231 4605214517094776796 4603198113500656416 4603431594554607084 13823325032375745137 13820386779161647844 4606386037296743852 13820035479006886330 13829927350277366606 13822481424960759840 4606406524681324436 13822356085453389204 4598699454262820370 13830478836787780132 13805197219089925822 4593762552870156394 4593036780071611717 4598811948561788130 4606744270688231187 13811710938407192302 4606805789728192590 13822096039506583550 13813160621598831560 13815130779285809568 4587566096545366860 13829479191972984354 13825559015091169736 4584858521808549848 4592123298152755998 13821710514688409638 13830196849056863280 4602001023713379312 13829133883838522356 4598662804397544857 4592651032375128446 13808021965508534789 4589296452571995636 4606759029685224009 13822152576735134048 13822446242986515932 13796320166035179973 0  0  0
4 321 321 132 321 312 321 321 321 321 132 321 321 132 321 4607794351862181828 4603132970554066584 4611787595593873632 13822901102276514562 13828597270632907722 13826327373634341432 4605302485617591855 4590580897634887320 13827004798732945854 4602839370035069286 13827104233032848126 4603513323077967772 4606507369787966731 13823184015172630802 13818578481347549578 4599577545667253943 4602565037001064265 4605430316499945631 13819450826721720964 13828753532917151552 4603295209405136498 4588718647472850492 4590804360740448982 4582838687464916588 13827462451367190460 4604964764214390798 4582230094743916208 4597795528619956316 4597710703857462046 13830027611906068916 13827988373396890582 13827067277364044777 13823100394774190270 4583093745641208913 4577474463280238756 13815462807153236950 4601136552700996902 4605600480154848832 13811143713201640871 4602019930136776527 0  0  0
6 321 321 321 321 321 321 132 321 321 123 312 321 321 321 4607801092813349948 4593683475436621360 13834714071051554681 4604089390566325759 13816533701606173548 4604885215463216856 4601639725328390441 13828210985110748434 13826113620613154539 4603677904670761853 4604141473290738488 13824854907906559781 4597995922241620721 4605362000210512644 13826508010504094261 13816345914060497947 4603471658099878637 4605386219241152134 4606845861803666108 13817319280047359686 4597674056283797670 13799239961030772224 4590696880621475614 4590051266743151458 4601322741262099754 4605983462362346840 4598373137999708950 13819031747374212718 4600219025345505246 13829780034262324256 13829538554563176982 4599817790454406041 4599266238409531600 4591049505683143550 13808782849033740207 4588668707138787504 13821161317751889460 4594886402042325756 13826854182283642745 4604977943232269333 0  0  0
1 321 132 321 321 321 321 321 321 321 321 321 213 321 321 4611962236976778512 4608589709931270068 13833767044546554119 13819305839934533082 4606614357264761638 13822353875005197328 4583662026085330672 13822356652811786208 13830150167627718192 13830390676257327631 13819297111223275639 4584120746795206841 4585475954164784525 13815802078204209402 13830495832870159688 13817170273355704454 4607050924305495517 13816082612532480944 4607101548744153250 4593916476736975663 4582140324578622905 13811022207922169453 4591105147732873044 4591777425165932112 13829232524693571111 13818007825900389107 4602660003248361312 13825818186291778496 13815963944182919216 13829351075498344145 4595883015570789696 13830394807114334850 4581407183500940982 4590431134010185300 13813083760859538012 13814919054075055570 13827466790361933995 4599525727276207356 13824093255652533303 4603184900349120518 0  0  0
7 321 321 321 312 321 321 321 231 321 321 321 321 123 321 13834347278738712340 4608800405827684600 13831138662769291440 13826362742135315921 4600314252221620111 4605024277478123219 13828340822187810373 4596289391598859956 13827187068606151773 13823910446251173272 13829728263480606587 4595380990114438348 13821691228719843752 13822912508203636216 4606367826144152057 4587104571284551482 13830055451289894371 13822892388491552730 4606866670213165874 13809288497382636273 4598344486212091557 13811502594130444954 4590421960384565468 13811433961765536768 13827841105414365742 4602813920991549028 13825987828482120187 4579803947389847520 4604520421823620121 4604566602640844747 4604617178440863961 4602469459505863162 13826050389509542586 4592375460642974896 4580428810390619450 4583405415292301696 13826189207278513867 13820855658319700914 4605056942333308357 4599293717567188903 0  0  0
9 123 132 321 321 321 321 321 321 321 213 312 321 321 123 4604658438809584440 13817776731895053504 13821992509168963944 4599320351931805774 4606381518156958057 13821864137316903174 4600838219226845055 13823923819022771943 13829060940173940593 13829313372460199065 4594756785254105864 13825730413679907569 13782365393328757707 13828004072368188893 13827827314782342011 4601191477122963051 13827255697012745822 4604040906298747369 13829732153628193849 13822279254824317227 4599069480249479485 4589313303064444534 13808663364211194228 13803811903682112652 4581423865828402428 4606550682763713452 4600289407916437347 4595746166180855782 4600118213055676782 13829795619718551958 13830401219547260495 4590817734022200862 13818398878162899127 13808995984742479049 4579359443772175841 13812630876008648034 4599737982843328998 4596416366019924709 4604097852734166862 4603969027231110140 0  0  0
0 231 321 321 321 321 321 321 321 321 321 321 123 312 321 13834063054096773490 4608301284280174300 13835549869372262678 13829141575397039444 13824318259146239568 13823439279483024281 4602738150531145118 13823803563228843892 13828539052693479989 4595661855157305564 13829062280995304565 4602867599063447777 13812472795923097233 4606715761560413051 13822656707019318846 4593319654002585387 13822498897451486773 13830063077503808880 13830471768966721356 13814959429302347660 13814889642823948204 4586745311995018936 4588328459418861188 4588779348489855324 4598716566260994034 4605656755133674458 4602341889291571468 13821249076990430132 13824685193671794091 4606035940104046174 4606543393082376968 13823542269581279046 4590572072425740960 4591052541603419794 4580587736359093356 4583412220419660836 13824824974559905965 4603038487981139621 4603912420963660716 13823183869079691784 0  0  0
5 231 321 321 321 312 231 321 321 312 321 123 231 321 321 4612864881169664288 4588748435085075712 13827116103897538392 4606003224428797496 13824893837385767877 4597601898680608068 13825446604238863052 13829468841567081270 4591479675675321345 4595100434879319348 13819435612747690116 13830262659376661337 13823436503161389205 4603064819614925988 13828403226669539031 13828806177984649437 13826864341914599374 13810057591863129280 13825580769775535283 4603555744724520765 4604002655740058084 13810435681710663367 4589169023256076830 13813601109995278765 4606715569870691081 4587593091853433004 13822692118070826800 4593698232728442240 4605789137548318842 4602852314210960207 4598928759135393303 13826337049201720944 4605336095549207655 13804210864785452205 4574399132075908608 13815863105283725692 13823872569262102244 4601690498250850674 4603988717256037614 13825897756140747891 0  0  0
11 321 321 231 321 321 321 312 321 321 321 321 123 312 321 4610608533371530144 13833399418265877277 4609110049124805916 13830261165198291867 4574242384353468848 13821601688612075865 4597580079898820156 13823578215969104129 13829673254847220797 13815078094565036859 13829940766043424523 4599965704152800758 4599987415284396346 13828732816770822624 13825881086895692638 13829573807324311426 13825065239676688676 4590951782480226388 13822232799629468362 4600995802466465589 13829356668991048761 4591165303644835948 4591169935906184776 13813462191968710029 4598369686823821905 13813563571214135666 4606843226948838048 4606428487123891356 4599679752382705357 13820528848054324609 13822519149271909323 4606638546112452633 4594834041546636006 13811582886332496189 4593832777200428257 4586727779191982832 13827517674080034229 13816333190709385148 4604827468031545176 13809847937085127471 0  0  0
2 321 321 123 321 321 213 321 213 321 321 321 321 321 321 4600899377342567184 13833616549115056964 13829295909978607820 4599751562854458305 13829134908160997448 4601238852606623300 13828597754530784601 13793111772606623744 4603780505864965630 13826256681842206779 13826400739620563101 13827496596787659359 13823097007851167832 13816965198395340799 13829956965722102736 4605322315503104567 4602621310726903003 13823375928526181086 4602745546991351911 13829284163683138521 13812981021519310665 13815208996131604800 13805025893016567432 4573558667657350192 4604711250724662421 13826926173552548309 13823200664196190032 4603694196341943821 4599703506996974038 4604623057795325516 13822683099991492416 13828112389547790575 4603659545867854818 13812446917116412576 13812624158608842319 4587362797311392949 13818950822508181147 13825396256004272706 4605874003026839256 4594606068917191869 0  0  0
12 213 321 321 132 321 213 321 321 321 321 321 321 213 321 13835323862541853872 13822871251027352544 4613657108193365710 13817244591711162481 4607084043691430422 4589590760675332618 13826496635378535273 13803058008603449376 13829071584440568536 13828980290491146936 13817823566686293691 4603087950511691857 4556423981947239112 4604901215397776858 13827538133109235463 13777762422745803485 4604166097382811600 4604901214880879882 4607182417558904764 13770953384234105582 4557877966566708639 13808945592769925818 13796141916252170976 13813521819901371581 13802047838167043358 4601521850044373755 13829653383459311470 4603778901506266579 4604553665133091084 4599686208441809353 4605226075708931592 13826551109119534330 13822094012695103044 4589469667229972133 13811104894166139406 13795913812446983388 4599310385385478024 4606921117189664885 4590791488654293920 4594858783059734499 0  0  0
7 213 321 321 321 312 321 321 231 321 321 321 321 123 321 13834850684088359704 4596884018425677984 4583606470384899328 4600395683558507385 13826723799830066870 13828106965126136349 13824806714565360073 13828776322213722182 4601102361281489770 13828947264094695252 4594928081392165778 13826476341562678597 13828063569822416831 4604019687531881561 13821034282712992048 13827685201070110326 13827099758686675077 4600777952867876676 4592636102637445198 4601706929675520066 4606174916706168291 4589295336124027668 13803962288745422828 4587556660113666624 4602710043166704895 4605440329823438035 13822623329086820386 13826327339811492722 4573332169988403712 13829181240661722668 13827688576756198152 4603499229854611951 4601435314122054684 4568271452148938576 13813635356979941148 13808118312890136206 4580509927617354095 13823055563036971746 4606541260057862461 4594937253848197262 0  0  0
4 231 321 123 321 132 321 321 213 231 321 231 321 321 312 4598659753658970136 4601513223513216352 13835564796887866219 4603553531473472939 4603752151352768405 13826140864005432750 13828771263821021320 4602180392357545635 13823629566911454351 4579526622054533741 4603825676864980522 4605188411008041414 13824528925308915211 13811935288919125360 4606351193040242656 13822923240824525734 13829851247411135484 13820056433449654186 4605822437993447643 13823942232609220929 4600229699294502606 4584935971746511692 4590031745214162110 4589881310438032856 13828058034653996913 4583302889023394152 13827766767536569022 4594125338858164238 13830317819389039899 13819077243462982039 13827646720883206280 13820688457828139837 4604482072510730247 13813222206947451610 13813880828089984584 4577730980800380324 13816778521800647572 13828761898943852119 13813475277575052154 4603411845541520527 0  0  0
4 321 321 321 321 321 321 321 321 231 123 321 321 321 321 4599074773214370616 13829052059496834356 13833455197327321009 13826708937969715836 13828421460532762949 13822422132143946142 13828723665567504557 4601482012093458076 4601255348128207556 13819451882663141134 4602302819017092057 13829262138492012606 13821057070903869333 13818644293444911918 4606793053490317639 13822480405703192337 4606721076430714696 4591397782497431176 13829866292310002239 13821847452025657719 13822005175788241437 4591162249222474466 4586304971836240496 13801756986033402944 4599420619761688395 13828100435429865137 13827017423967583793 4588808999402236120 13827167930220358190 4605192734199292240 13830066337119980106 13822179222495580852 13818142047189437504 4572850785026632398 13807954664566186305 13814917399618499034 4606484043833667186 13823841494722369704 4597544269620937740 4585890657909987137 0  0  0
7 321 321 321 321 321 213 321 123 321 321 132 312 321 321 13816526655916623456 13830030639963362064 13831714975972834361 13827174568915796496 4600938435529469508 13827568995350026599 4604943350495063335 4590274003929102982 13827448981855765984 13820187692817900218 13829759217653307581 13823380196862777714 4604840864199905502 13821771155891465603 13827125025467815410 13812937223193779406 13830060991298927068 4599423378947286108 13827574158278260320 13819535649479644790 13828008482882562860 4579172157538701712 4587171136125397216 4587861434482188108 13826922154491558241 13828732645257730418 4590914135585230216 13807232270133481552 13814303845232073108 13830516658486139098 4605398404203873200 13826921832946553104 4584073206091081904 13809653596609003498 13811867948260512911 13803730470193285553 4600462414425572438 4605204994012139525 4599742518529743959 13819024835269623536 0  0  0
13 321 321 132 321 321 213 321 321 321 321 132 321 321 321 4614093104895593822 13829551317505129324 13833693524167004931 13828734257952954170 4591600341216260046 4603534788120563957 13820900232359636333 4605939768944557344 13825161077037727610 13826558081081908816 13826007972532571243 13827541548281630279 13826384772484106236 4595014761178312630 4605631193852037074 4604492976808388086 13825316121661763084 4603085124100737294 4602112951499007370 4606041902193717586 4593952867720155119 13813143159705521784 4591782148519497110 13809151166756045063 4602048168047626770 4605637801704672408 13822664285309238434 13829388207963103191 4600223933182704019 13823015562572502424 13818346918408489930 4601341379666127263 4606194936336263163 4588958887171647322 4592630070874671769 4581066443861429366 4603811207712178558 13794717053845203818 4603924237088669845 4601749423502144494 0  0  0
11 321 231 132 321 321 321 321 321 321 132 321 123 321 321 4613449566090813954 4613110842112591400 13832551673185484896 13825814495663332322 4598389690126546091 13829052766914318057 13829301140107577131 4580750308397338304 4602755786572137085 4594497218584236636 4606866552021598382 4596981194853836590 4584844295175597121 13822888086750144815 4606690183705732747 13825292620906327901 13829163519708209697 13821987671059018534 4606177256959252799 13824681151439142336 13818882554375740624 4581507343449760960 13809828365142768733 4590505663087539022 13810253091539214776 4573866534504923712 13830544480836281942 4599398475634514038 4606714774186345640 13799655987053425280 4606704815493979252 13822771646421711951 13810190953938026764 13813959133252298095 13808675589806966254 4584121216398273334 4589579894547094255 4573502895838093003 4606935228448829597 13820551535579644549 0  0  0
0 321 321 321 321 321 213 321 321 321 321 321 321 321 321 13835010064181992949 13826124138977295996 13832259664190234292 13828475874442458703 4602747442696713191 4600662661582925995 4602745474948020413 4593031802664501788 4605866022466231995 4600667806304998651 4605864852791976490 13823292664039477361 4602013041754195880 4604726066788042547 4602738245871500747 13828524379684920647 4603668230198530762 13818574919921663719 13824803697885876889 13822715648585011616 4605793106792748812 13814346477197631284 4586163452147913924 13812944269683342712 13823796312704965836 13822972461708083736 13829353815558166760 4600886751138147969 13829659244857238800 4595248483501509482 13829078227004717060 13822157402833864910 4602127746802411424 4590295551189131764 13814095043370093432 4584137570597098204 13827496116460127159 13820858363929612316 4602108377157938052 4603035399067020846 0  0  0
13 321 321 321 321 213 321 321 321 312 321 321 321 321 213 13837044691855820102 13836400112160196725 4600596991299364584 13819103688067926497 4602506103778677674 4605851483868664979 4603495438090050458 4604908188274277320 13822517976874665172 13828627675516879250 4601742492048560322 13824715047600252332 4604620370197379773 4604217876696200235 13819555430027988350 4604127176653623882 13826588187469357572 4602679979133701842 4597330253383693628 13825808346596174164 13829147309914495941 13808715320881487076 4582009663168264364 4566549453129431168 4599356753047078385 13828882652927103432 4602444626593254610 13829560998963891897 13824832868117752232 13817818867906181186 4599614475750250324 13824016071809378261 13829302681062352234 13807202593722938612 4582050658444557651 13805386587300700993 13824095190579609155 4599711798208449343 4604471092860459411 13825974423125201594 0  0  0
11 132 321 321 231 321 321 321 321 321 321 312 231 321 321 13834207723570914171 13828043443238015208 13837032098810827869 4592156159443751226 13830419459107577506 4594126546584694634 13806964952063401314 13817626389077972843 13830460797552564853 4607130171698556803 4591805218369245183 13809556514697872421 13829113444327079047 13825512686257153200 4598550686863668579 4593790696306286174 4599308454798458472 4606651692319979989 13826295610622396834 4605608593371792975 13819836877438022148 4583479152102577200 13812884729308455989 4586989404909507496 4591500338164811027 13821917891939524446 4606804237083373647 4604368201399513463 4604604113759994176 4593977899031070729 13828031580693400133 4603994103929344688 4598242729804203215 4589432687912233380 13805669802023253707 13810879862007469793 4586879232596692544 4603246779325327119 4604497543638521729 13824856676996678441 0  0  0
8 321 321 321 321 321 321 321 321 231 321 321 321 321 213 4612681911797329376 4604040237081192080 4607920183194103716 4599034225866056230 4602871105822090351 4605378614914895732 4594251645698789968 4605421405329665854 13826744104198189420 13830051669949504456 4598798444302629737 4595145988542776696 13829075541530416760 13824223641151771116 4600473536556485667 13825782342551480526 4605905117809119165 13818589392923860740 13821675461658638741 13822871269431139953 13829749449214474305 4575542783139487328 13814300399558328980 4590865913313502070 4600528231312459034 4596136859139953624 13829692258780580132 4606476491269454036 13818283953490313017 4600045474199137340 13813493174315411812 13830266907892881588 13821148954901663930 13814644374965961567 4587570980248710210 4589204487184370898 4602871984153965066 13820781521271043145 4604778172125682421 13823744686443591487 0  0  0
8 321 231 321 321 321 213 123 123 123 321 123 321 312 321 4611186548995437804 13833174697636301545 13810329193784833344 4603939406677831102 4603316967356139318 13826180421038286463 4597064021105473435 13828547652311264449 13826860204611407760 13828181041768237858 4598440907055571838 13827154038467609022 13826404459403031637 13828438821969341760 13823381966139267569 4601851365621107038 4590984023927340600 13829533404208928124 4604563502370902969 13827292858263360856 4599078112378921987 13809194831795282711 4584272923413585328 13814215542748810191 4604306220276044092 4599839163150994924 13827380850581251958 13826890349073824998 4605167971313161061 13820215912075496991 4601415476614257836 4602941917956582438 4604764331438153234 4585785589886321305 4589332412485144633 13812633774417430632 4595494380515177324 4605616013816347721 13824091029405221721 13823938669732707902 0  0  0
4 321 123 321 321 123 321 321 321 321 321 321 321 321 321 4609119849242237016 4613347390491446104 4586325094168829248 13818800969130284820 4604974532557122422 4603871625631689511 13810383604200409577 13827382843219584702 4605023009986671896 4607035037194491572 4592017928466099090 4594517206672055851 4599381564050857571 13825866590399448230 4605490801098964932 4588706356915642252 13829153295196272125 13826342311531727980 4606701268711511328 4596982645348128528 13821137127558077682 13812908686404861668 13813028092372171324 4587876604876970448 13819414107673482934 13826165351362118773 13829087120567890469 4597007795482689137 13829236098137523669 4602196869816707589 13830169029596828295 13814655460812379902 4598615349395092585 4570448580085931424 4589690993373304586 4590845409203349969 4598862533581247223 4606472349788656778 4599167611555025281 4591837711858948729 0  0  0
2 321 321 123 231 132 132 321 321 132 321 321 132 321 321 4604251221196966932 13827640185328412108 13837229439891741850 4597850589534403265 13828278394897046497 4603752828791784131 13829811342029832485 13823951164352459952 13815651650236049064 4599371738890736602 13826435302810195538 13828555380373754863 4604084192863455031 13825129529234073784 4603640412988713280 13828169644959840777 13819691313997926578 4604012798539776919 13818681903776859869 13829395060257716941 13825334367363068512 4591817137623428186 13812800303916388357 13805797036873580748 13806010339497841784 4607093933973147465 13817501634493946480 4606676728154674868 4589567732855359470 4599495133008158225 4599606734582980170 13816838303752801336 13829980093059496426 13812693747083859450 4590544442203523278 4589186949791118907 4599692164946192981 4599713715962481593 4605963797240186937 4595206860103044765 0  0  0
2 321 321 321 321 321 321 321 213 321 321 321 321 321 312 13833954331412201551 13831591134735221668 4613311327349474530 4594007697224634952 13828866864230988215 13826655002974056631 4606142185550117535 4600090694190694223 13822468032298922315 4601719771641291655 13825350726288705781 4605080623290745139 4596779216388008885 4606583348142560000 4598891722514220085 13827585571921628525 4600050935263423904 13827420455528900751 13827954107416687480 13811677091077933010 4604485750634534127 4585611470328929124 4587864792102811688 4586007807351129380 13827727287834197538 13823532200027705276 4603868333938515374 13826096966902552246 13824058216145637428 13828484746000683530 4602890830240724408 13829182918075529250 4590805820952920692 13804667280927725678 13813164703363730467 13805387103866558585 4599704644478607038 13813499822749690122 4605552252653930603 4601952512133435331 0  0  0
3 321 321 231 213 321 321 321 321 321 321 321 321 321 321 4614113606819143740 4612820745552735592 13836845458250919814 13825098524019812468 13827356298086147448 4603757732555703687 4604420199022475610 4595936993818493690 4604441492925849600 13826637408475554750 4604847624317165420 4600213486569844603 13820689771186586068 4593045117783931050 13830258231354892419 13811894220989742478 13830488632518069088 13815660991585663720 13830305419917324239 4584797860496010661 4597501295761476579 13811018292786220192 13810392952691101690 13808771998459515182 13820711185255892958 13827438018387078803 4604675650547474514 4606946706614386386 13818431191567428572 4594855285309614138 4579666968699347488 4604827998669679493 4604245843379606890 4580463515831560238 13810527713192349533 13812241365968143558 4599842571355243565 4604267077677779423 13826867010046322127 4601375883703892518 0  0  0
8 321 321 321 321 321 321 231 321 312 321 321 321 321 321 4602588096259163480 13829056698681454364 4604939689484647548 13827460148853826890 4599444784491608990 13827698271271269514 13816336210568811764 4605850026559994216 4602774201335077566 4604890202720696794 4601126717074262797 13826252999802082114 13825458533178373201 4604773620370350992 4602590859512287513 13829302479695615327 13826089352225223066 13812806467601134526 4596416318098761895 13825280187712641209 4605978162202606594 4585903203082834844 4588561347392428912 13815118237259403362 13823899412525473354 4606504383885253580 4575056296589550720 4606404217384328699 4600422517832114412 4594852493624047890 4594326138155021548 4589471110336481802 13830441397618875304 4585640327030830606 4586320505280534238 4592348552297977531 13815344789146277997 4605730094796954674 4599507765402015072 4582499133889901194 0  0  0
11 231 132 213 132 321 321 321 321 321 321 321 132 213 321 4612326491875491946 13835687377015283171 13836441297550132618 4606255539238157739 13817919938669641964 13824534751952814274 4601323394237885477 4584819843967494955 4606324295251072483 13816802426313564167 13830448711454917165 4591324519431728707 4593577609172453978 4606995511531837486 13818323842292780104 13820392867222303801 13817260289265526120 13830258337695088458 13830267012546935935 4594738730452974659 4596274006973744369 4583105588089423744 13798754287968268960 13803234220836715352 4605024962772320086 4591531065152294192 4603960885002765912 13824665722278185428 4605588947513621461 4600495784447996852 13825917592876943173 13826590027927079425 4604176336795020978 4576472300772706436 13805627061368387463 13804377208960459907 13819815535645139187 13822241442834074481 4605662681916583560 13824790917954615096 0  0  0
0 321 321 321 321 132 132 321 321 312 321 321 312 321 321 13831551149533039816 4603065228347193992 13831377201212722750 13829914165579820167 13823319462534819474 4593690028165099580 4593149292383743859 4586422905672118184 4607111190030153488 13823368078585094218 4606609081376748741 4559215169466581729 4575801094328523945 13828232489470556129 4604211114177725255 13810270238878846146 13827579266885344465 13828223121455456909 4607172277483237359 13806336667796229108 13809311498009819558 13813842411053684332 4577282493522365208 13814507806851614757 13814502363893322433 13824725326394608994 13829654313648208554 13826130286169615292 13828367949252408678 4601048238536139872 13829259080270012744 4602583583872794924 13817909057990911652 4590683349965536531 13794346505425661344 4590978750702963938 4599530952407176201 4606824786747295436 4593968558009379101 4593497949968506848 0  0  0
6 213 321 321 321 213 321 321 321 321 312 321 321 321 321 4612711413471490986 4610422438852470200 13837505344902919458 13804389041529132837 4606133275009048930 4602102737914711808 13808806191599123677 4602087713395528354 13829504225412780474 13830546865238464379 13808368308158280671 4582471409041505130 4606802012685036917 13812517801338437230 13822100426518938220 13820714186896767238 4601524430824742608 13829391805705485328 4595532991572526179 4606262099670408065 4600937968255983847 13805446859338927468 4589883095165485992 4591793347268011574 13825302305770384757 4603765995587599898 4603904228259039486 4606029843264108349 4601817732767612512 4595914558377739302 13818715108670089541 4603944367924296475 13828289908813020191 4593173526567014876 4584752234733738244 13805905425919171702 4600281846882020530 4605423198150312811 13822334170389711751 4591075656994332544 0  0  0
9 321 321 321 312 321 321 123 231 321 312 321 321 321 321 13836623854420546679 13835219885622548128 13826619102761332748 13818328841148288470 13829992091267103660 4599228606949839214 4599227166878453429 13823250967388020205 13829533553203832502 4606620291282231893 13810353555126776427 4599877641367519803 4601552054583837714 4605278187712848904 13824828814187674367 13827664000522346420 4603622192811021477 4601167101756785841 4603484623195968385 4592696212960547880 4605381599178719848 13812188001995523940 4584432088858968008 13812824631210216768 13814279752642897592 4606512985378126946 13823677586712660439 4603001834378001363 13821877212483798202 13828757846699605342 13829111936495872915 13821848023173380283 13825560644346809248 4588498638272210094 4578557751521435504 4589977658989674022 4596749209806934765 4604826170776851241 13827219355322644200 4596400865117904276 0  0  0
8 312 321 321 321 132 231 321 321 321 321 321 321 321 132 13836308337394052308 4614239926949546668 13832692303143972801 13819687700373514882 13829230027302209483 4602369118281738378 4594581935270321698 4601963759802199118 4606056072147400950 13830271056229784059 4598035735860535094 4585471790356926143 13828437615216206573 4603495675569077734 4598295618835746192 4600610298943592989 4604831648793996071 13826525737234204221 13826196587227587872 13822879523724623813 13828688616599659924 13809506955278580890 4587171164470673944 13813291133860073048 13829055225750003723 4602613796508922515 4597903606460737616 4601548445013543853 4599518526661991461 4605729818502155633 4599754034326009875 4605427283268787617 13825827339122758349 4586072299628027903 13812612130291227733 4588912309141220829 4603596462114041775 13823377560389049729 13818182611412620681 4604477622460326547 0  0  0
6 321 321 321 312 321 321 213 321 231 321 321 321 312 312 4601728957594791832 4601656605035958112 4604095781704847816 13828397352542388174 4603671187006208990 13820540220067383424 13827130875505534341 13826776147905018553 4602930377768594828 4596129651065296054 4603031419058503606 4605558846415729905 13825399922609945082 4601224202939260057 4605204619672971620 13829285686792954082 4566803334303620032 13826156595024420828 13820326752242016458 13829724598873391088 4600143457278430085 4585999682952541316 4590567546217399130 4590614027577808350 4574562383326753024 4606979338793876784 13820143531653233152 13830537623945760469 13797076493833641116 13812294846925573264 13812283390472342840 4596772319341346849 4606962508347149885 4589198889658540803 13810156502714874372 4591537426854699831 13822528818125986651 13826560155930533177 4605087501386728667 4591353337769148716 0  0  0
0 132 312 321 321 321 213 321 321 321 321 321 321 321 213 4613482176109763264 13835808161926801828 4609505999520649052 4587832962586925147 13808911400593969832 4607163362115435697 13821648003844344689 4606871705560461373 4587329935470882204 13830242065580892520 13821685969378916316 4586193587881073261 4605920182689627822 4599208149642781384 4601015159652567311 13826125349860110190 4601605539371107191 4604841097522940707 4587065791131617090 13829145254728133635 4602993291280198929 4587591151199191420 4587881987909090572 13812999925678241928 13825740265025581435 13813057366916705802 4606038297232394394 4605827890154657099 4596534107146937993 4602429489233081528 13820190962642390083 4606969793853692331 13809225327932282703 13814431981445600995 4581788130570293774 4586513959780603416 13818409922917651660 4601011432628684328 4604562863847807616 4603145729404439808 0  0  0
3 231 321 321 123 321 231 213 321 321 321 321 321 321 321 4609660858657098528 4613090538088637616 4613570796202973016 4595079350429814975 4604718248046775371 4604186411394003825 13828355555392620980 4602924577133196698 13824035167552036352 13827256259311368855 13824983938617866583 4603900156682742805 13818826984838613932 13830395293096653853 13812912808884421750 13827972215636698926 4590337846726978182 4604447906642561606 13827661109193768628 4595285472346561106 13827982432481773842 4589898643244606806 13811065235940895277 4590643871092299902 4598891818884555790 4605155245022561936 13826606531391412017 13821758563740193344 13826053924530246176 13828981097523645627 13829839387137907312 4600628293006486658 4588495901608193352 13812796864887424368 13812373953902301374 13813963714070867814 4599442079622282309 4602700700631175072 4603569048129879454 4602995149135606699 0  0  0
9 321 321 321 132 321 321 321 231 321 132 312 321 321 312 13834812217262138425 4609295078437805420 4605927137988943456 13816175527194303167 4604805511886908222 13827558395415800997 4604667122739362819 13824278877644787988 13826636237247547813 13827707594192801034 13826454573040749540 13825783935963136143 13826729776945196046 13828225383807360337 13823264182006302785 13812063063347044294 4601937239513933558 13829532573277328286 4605522796238052826 13825864571899766417 13822590049920870083 4584374514729815528 4582248993064578072 13809229596899427882 4600202968827190033 13825958644862980053 13828660325752193023 13826582106639884909 13828694462467446495 4597837384195474196 13828264048181353901 4600052162428466896 13826630219699051735 4584553178547256528 13809955307602358770 4575681094868973478 4595580436690246657 4603940548547716834 4604557358300859763 4597736784082356735 0  0  0
11 231 321 321 213 321 321 321 321 321 321 321 321 321 321 13834301983898951996 4602833745321157256 13831637639776171350 13812538707104916786 4606703639828094667 4599356289912792682 13830395448641368048 13816266261012926236 4594505969635900489 4595520739165216608 13822461187527463287 4606617370558262385 13824297722870984714 4602138759422774809 13828621940621008073 13810809142964024062 13829367243202795729 13825936492327680480 13829779355519202085 13818273233536522279 4600397049431714696 4591593324095497812 13812182755967552570 13813684438691002476 13830123612042520679 4592480405014539436 4598817972852044480 13821660097332241539 4597303719045008480 13830012769256084549 13818537231744762504 13830267248578822155 13819285121555119616 13816716565155006172 4585272954238246690 4588342956021347912 4601446180579535617 4596756651898464797 4603851990099196274 4603670104259022562 0  0  0
5 321 321 321 321 321 213 321 321 321 321 321 312 321 321 13818344802388693280 4604342882050082204 4599345655620819528 4603548624621470970 13827156265685863564 4602735391815423172 4595090983311656647 4604590789704474130 4604321560307280294 13828622817375507469 13822877733487535809 4602924636616720115 4604562032419435128 13826318820868771356 13825427076658609982 4591064609636652652 4604676875757796453 13827729332678581207 4604475872045599830 4601694157528827642 4603209217862231994 4591228199824469214 4591255933320931662 13803356927614529392 13804009513398666400 13826150024279411563 4605916016961632496 13809305360012012608 4605914144365536897 4602769620249931956 13830545881494270972 13806410714965891704 13808622164354344376 13812393742408722280 4589501810378302350 13814723810684569416 4597466036508012758 4602035599561572421 4592775268279596314 4605811260966168513 0  0  0
1 321 312 321 321 321 321 321 321 321 321 321 321 321 321 4613694982041046976 13836943280484132464 4597030151331740464 4592260564313607557 4601611357144373513 13829576465405858562 13821539024627692420 13829256915112789056 13825199504359148289 13830217130423413279 4598542325879628062 4581379649291881806 4606509523019478353 13822140285453906966 13821593433925879580 13823505593472466179 13829375193013982248 13823180069504855192 13816908408956967163 4600981651601648068 13829704500424462138 4591486928914362652 13814717353204883357 4591155671505593266 4591857580171782070 13818838165143855150 13830370070096456286 4602374199748438962 4606003787208834090 13815665634459155592 4606010234086892638 13825377690964865761 4595336526194750324 13812545897276885114 13809928962701689342 4594236420861438996 4605192496062481949 13824031347171013209 4603583587147370367 4595499364222300123 0  0  0
13 321 321 321 321 321 321 231 321 321 321 321 312 321 123 4613046298936070332 4611746899715175942 13837342597180458132 4599685332944449719 4604391277510982758 13827330773988006787 4603015814623061574 4601242882889768183 4604760602750546678 4605150683086584845 13826853785966003238 13820847442547875666 13820538308616861861 13807380347952013632 4606953788939011000 4583863452226510410 4607172867338823828 4585375169412807548 13830325959200643692 4585317351876304742 13820500106498901097 4589899885839911176 13803115593759712304 13814702559654507263 4607048570025661665 4594224910499198260 13815169618412575564 13809237666574288848 4604898087446474488 4604158994048725266 4595189530237159486 13827406814995735258 4604848228619227460 4590331272774393971 13813473639871416095 13810263019898711700 13819173581356533600 4604404308719620491 13822165700512261921 4603921437931208889 0  0  0
6 321 321 132 123 321 321 312 321 321 321 321 321 321 321 13828911877568885400 4608844836294371300 13814754390491440928 4596517575825806388 4604198352884938476 13827987404323577042 4605308676517472919 13826429609984083945 13822105693327634837 13826730636776799697 13826131373181696279 13827313371176641853 4606257452010464994 13821280491882404648 4600314648393284182 4598984337566782722 4606741888419851216 13814660441111283926 13822960045735245522 4596058155669073274 4606506582037666771 4583193955349163136 4583504215859703208 13807210834095949344 4607153375290696448 13811207891090638328 13812182567060731362 4582372084190712312 13826264281541152046 4605845635416208637 13813569342339719440 13829205533630896714 13826237896339797930 4583242805282520331 13808983445373625644 13800505345974216774 13828907774632014240 4597072833715482189 13810954725479695809 4602953488868831610 0  0  0
1 321 132 321 321 321 321 231 321 321 321 321 321 321 321 13836841033152368755 4613255509066702724 4610835241363717220 13807006139392659263 13826911355611253455 4605406674362766045 4586381443912213078 4605396285000322626 4603545014259846841 13830542607549011731 4587532841844191366 4570259484540697932 4583897619322272426 4606095253229584237 4602235822671217064 13830507198757274168 4589835481588195709 13813290094028120359 13815114349704906614 13825525376968078173 4606072180057433708 4588412685708780300 4588060731305660940 13810516772696173770 13826061261891152542 13818727882489658716 4605814612121598406 4605827493250489410 4591055495006971976 4602858608216051979 13818467754818342333 4607012546539072888 4591975519241711900 13813744260948492926 4583816972906985054 4585845489251995065 13824166878867694564 4603683931888925999 4599056494590052464 4603729446284177907 0  0  0
9 321 321 123 321 321 321 321 321 321 231 321 312 321 321 13826574228845706500 13837077076259277777 4600141547280467448 4605296628741721662 13810205092365397712 13827046462547231707 4603596151294759548 13817015851294486497 4605280379729801954 13816150320967962594 13830474512476703442 13813128059498696615 4580743390966497083 13824531638287092348 4606365879397285444 4587137061524558277 4606360747465558436 4601137987702585868 13830542492166528153 4585450612946442428 4585371705134724144 4590792482308083106 13814442415916180392 13813152594489662714 13829410409413701248 4582557467165869200 4602447488113338072 13824453291464294878 4602684749697147536 13828407876245094116 13821765856062317725 13829341310465256182 13824739777382579847 13816031894301115406 13806352884763381780 4590786926001172966 4599144650597513101 4605590747757907678 13821896654869457397 13823315021014276825 0  0  0
2 321 321 132 321 321 321 321 312 132 321 321 123 321 321 4613241601645808872 4603008969492835152 4614171290253108600 13821361744496001864 4606782904827618390 4595065147744035640 4591188415763973814 13817783792337706436 4607049116757912539 4606870086633469625 4598284144203700984 13810866369555776865 13827104161791160881 13819460531363012709 13828421638603312914 13828248216929034564 13818809663234361833 4603986417259314042 13821668618989995486 4606874620712612504 13808655079070350840 4589283366851484470 13796500268994305696 13813890724791641194 4586271663035329676 4606642931132165919 4599764773513589526 4600847324073797960 4598978035341636657 13829371414164251720 13829800200551727379 4595349266421939164 13823564565761580567 13807688930156901548 4591470371369461654 13807759168913244287 4598857570887635891 13813476438017102608 4606722562206265523 13815569439080187979 0  0  0
7 321 321 321 123 321 321 132 123 321 312 312 321 321 321 13823290665555084504 13826117107474435020 13818222963707494816 13829245416191847844 13823667264300958292 13823646665196855484 4598982892286477037 13829877555410365485 4597824442895832672 13824741856741843644 4591673957669136568 4606271289893419734 4603421576124776740 4605149832904560907 4598076577564375576 13792403303507678156 4599188076717177089 13830121700476900005 13828868776581836873 4603162862575660678 4595677579592099303 4586242674871937752 4587861537651440280 13814863009557627820 13828476450696464758 13826939367910962848 4597208953839397344 4603917728479572168 13827822025067288862 4599598004220937742 13809508723092887056 4600793993129463196 4606440090531367208 13814204378984733277 13809511618287979608 13812904173530333179 13812608428713105594 4605021684638302990 4602424612920116916 4600729289355698496 0  0  0
4 132 321 321 321 321 321 321 321 231 231 321 321 321 321 4609607995077289040 4606805333812006280 13824998276984295712 4599714335294809273 4604334336956536836 4604011854607309109 4606077653010144746 4582514549823601880 13825677372750267045 13823225106915284111 4604744008648024549 13826879054096125690 13813517591358598407 13830319899932212788 4596863156086034344 13829649485005241098 13806346379536355464 13824900181355490804 4601421229160587974 13820657276825426441 13829421102290250215 13812557240844576886 13815220283886923685 4590429275900767302 13826265169987238114 4600985184689478512 13828292541596502893 4605762657354733442 4600473610951834341 13823970028231336835 4593731733315826026 13829043309394208490 13826409057572182995 13812902189484289305 13816773700447869579 4584749344768613015 4597882741856095857 4592070163220211837 4606297658867132824 13823224924004555019 0  0  0
7 321 321 321 321 321 231 321 132 321 321 321 321 321 312 13835333703772079646 4610997412471186284 4607834185049352996 4595207072439040293 4591675114286077275 13830383674677247316 13827276663446355855 13828298995291484571 13819134060790190914 13828331366428943296 4604072311569294693 13812630681305376735 4604536346917576810 4600078291011934350 4603689232452516706 4585140844286190853 13829482249929175925 4602173064181155270 4604544585251599890 13822666523472366795 13827261857123909522 13812780670868754893 13806124630060998880 4590845661412778316 13820235309414645530 13826222258626156566 13829001982141652830 13827794830215021033 4604274516534950375 13821390852429692834 4604371702670653210 4602873364799765716 13826092656982976352 13809896601901259558 4575721882237070206 13815344769819182705 4590366346644232323 13789047410908546011 4606610376385504671 13823198174459905749 0  0  0
6 321 132 321 321 321 321 213 321 321 321 321 231 321 321 4608769445625533932 4612682074187550370 13822736631465698976 4591009623352130641 4602789425297613753 4605870000648986600 13821836677829249626 4605728301120125753 13825608079561428746 13830193486112865923 13819221018050301069 4596739173708068634 13822478636826300350 4604978737690496636 4603415164890073231 4601420972445283248 13824910422635232582 4605291751072794963 4605838885131691723 4602473955512102954 13819500045899306056 4589630717837529494 4591086979098710814 4557550925132894208 13828774258492148074 4602097697190980608 4600350058245087646 4602433086292123450 4594657829186119226 4605924747921319285 4599903555706667795 4606017178404819950 13823344153178845482 13802267611140293196 4587008800520302275 4591961977991730169 13817660330601990135 13809029229815477807 4599890863613560523 4606524070193186437 0  0  0
4 321 321 321 321 231 321 321 321 321 321 123 321 321 321 13834212959157071736 4605357096545352604 4609606705471062060 13828191127170043401 13826552135967254766 4600582423090927715 13827326703168901762 4600875677168392873 13827442425883923567 4596743364139943884 13828112788268479318 13827415545336955105 13830366147727687360 4592260459840800102 13818807732460645724 13816648364081356995 13830465934050536052 4589898159073753749 13818470274088327938 4591286893103222070 4607020919264411258 13813481851017705672 13804293087100964308 13814177646777432992 13826780627211167797 4589543791600494096 4605480660277624081 4600883601085250961 4606204379765153735 4596819484452235634 13827929912608750552 4601743848979081148 13826456545313138403 13806653808669773654 13812693769980732654 4591280638565621686 4605475587262295426 13821903918221079259 4602710690803296035 13821121033284534369 0  0  0
2 321 123 123 321 123 321 312 213 321 321 321 321 312 321 13824765451869747280 4609010113919758060 13833956383401187507 13822836886621828035 4603967106301550115 13827807712309636452 13829927318271593316 13823367516541602359 4592280827582994469 13818882073761486203 4604305952423396681 4604580680447448244 4603013750418404884 13828788829154526739 4598266347960365768 13819033434785434260 4595869409002197504 4606875081795592744 13828969049332411038 13826634738516945567 13810015401472065426 13802132793643247704 4584952895842546336 13810122139799667610 13825043519187406480 4605074015266307013 13825419050817254242 4599842238945508118 13823066858869969778 13829455528192451706 13829004538341552336 13826493620229968380 13816242091959440772 4587739255091661354 4582720554268781232 13790425739372820522 4599704754829537696 4604363853338992800 4594827669674147536 4599566784484972388 0  0  0
10 321 321 321 231 321 321 321 231 321 213 312 321 321 321 4614188310514465982 13835850551293521176 4612808651600808368 4599467365689088191 13824065290639578921 4605947357964873238 13818509669363317792 4606048368634608651 4601897407407178385 13829943964342840074 13822265658799324103 4596973257349398763 13823333234900591426 13813259176943948332 13829962346428442768 13827760358252212815 13827446502872861601 4599230718709016380 13827260163324947404 4604950345337151731 4595605415274666534 4589177273568629684 13809101272671981130 13806911541203879712 13821800291484297948 13817769349346950705 4606763825451448596 13828747947302334696 4603453701106234718 13817302109400406854 13826407636580599324 13828727658705431562 13821921429070792704 13808865834916087776 13813015369914768884 4571736701709773747 4601743322053096008 4601613435226378072 4604619499632966542 13822537177002089648 0  0  0
13 321 321 321 321 321 321 312 321 321 132 321 321 321 123 13831952720631477588 4607312921766277888 13832039785744974199 13818483495566943031 13829117317967697184 4602824523526485684 13809239718506508791 13826206507011450842 13829247503304965417 4607051854036425667 13818357534284900896 4587662219446960350 4599319895791267262 4601483354312231151 4605784298646411901 13829563904143528787 4601675206248402366 4592034191717156514 13823005952399777006 13828608381757621538 4602906277018302765 13814149546795259903 13808710121153551792 13813309647497401983 13825831691080675734 13828766005504320403 4599904408390047148 4606006349038230434 13825718856806011897 4592617383882974703 4590296685029531295 4600060524637702928 4606567445114538306 4586625508168487096 13812686752208318494 13814345508251392131 13824986361435607322 4591780413437544635 4602832299897427734 4604723379059551733 0  0  0
5 123 321 321 321 231 213 321 321 321 321 321 321 321 321 13835263239551207102 13830552319896218124 13830110978817885332 13827989503108049446 13825199762893476523 4602970694391888488 13826715741628226880 4605518834543683454 13813623400100316988 13824230827624705776 13823546099515639582 13829139709349804323 13828190232749976377 4603896045951874639 13820808211816843215 13807274237689986467 4599258442631522765 4606734431249305998 4604252564131285312 4604546925488885934 13820126238862814369 13814791862330548352 13807225226158691648 13814014213166168127 13828533988197875719 4603842426785421404 13810652036218655264 13819729702253833999 13822786012690550861 13829893230773579766 13826940263900578456 13827932296544012422 4600387681523904256 4588653124283286851 4592204551053946438 4586698115570778457 4605997163123216998 13823337186838679733 4601449175996557566 13813728377050970892 0  0  0
2 321 321 321 321 321 321 321 321 321 321 321 321 321 321 4613085072593302234 4583375768500443904 4612357699749890222 4599400944701940129 4593570671188648964 4606641857160440719 13829718597971615711 13821486401321631586 4599789298628943703 4598632476583929597 13830201037423060514 4584939110744091408 4603464641456036448 4598680876359098519 13828394043364838772 13828149548320276964 13820308522159572119 13827358242914610625 13823227958079931723 4606606391489249394 4590227627801820691 4590794476403775694 4589688281002282342 13814769926970881375 13817739496646364452 4604867164090151263 13827434350838534328 4601032183894022938 13826562774852564049 13828061067692643694 13829664862402295695 13823734573384160259 13820581967298012612 4591913261287396898 4589241161744302320 13813924081626556216 13819056038552228693 13816427962776290570 4605651281064800027 4602810329625643693 0  0  0
9 132 321 321 321 321 231 132 321 321 321 321 321 321 321 4607078673816105192 4612693703939248276 4606282140659221000 13818301618042922503 4598749860918841863 13830068276380087171 13794767806395657578 4606805538272964809 4598827533971538081 4607066425300124530 4587318101542283209 13818018735062241944 13823425917547784522 4601555105374466550 13828990977883846604 4595332303899556148 13829099698893145786 13826207229712995529 13829828042941104659 13822892730226544539 4597173316146615566 13794159241209214816 13810643221654059124 4590365245499054508 4602785318763390099 4605718210105856005 4596072994748720218 13828375085463474432 4603086051921619433 13823491637562589490 13824325792144793760 4585625639459422556 4606406598975911982 13807120799179597232 13811081181220813836 4589848557456416299 13825780724589102232 13813625961913890688 4605158596513447425 4600824194569690343 0  0  0
4 321 321 321 321 123 321 321 321 321 321 321 321 321 321 4605457158920172488 4611790370314373760 4604107434905590936 13827358297378965152 13828381679682189273 13814496672036159326 4603800725053094443 13826873353713475182 4602770435928001442 13824972119155139098 4598592182578065214 4605879862642393751 4605707497643796441 13812346897331027490 4603083473723666724 13826480878825434671 13817578132706924375 4605605066134748327 4583079209061597972 13830448929534797604 13817960107317526813 4571586572186593920 13796691271422768336 4590289493712978214 4600551827451222837 13829439237812491359 13822339675607596937 13827392190187634008 13825703887805450043 4603487138882781522 13827474487921429960 13808499754131010816 13828322298650215822 13803711856954908091 4586795841360717771 13812372335176077755 4605354933206349360 4585835842800998082 13822813288817541824 4602772325427100466 0  0  0
1 321 321 213 312 321 321 321 321 321 321 123 321 321 312 4613312843062761230 4606967951220357736 4597219374783169168 13827977844073652115 13819195094060459006 4604258728879154197 4601224385705024729 4604118003389134496 4603792326526723178 13826598604024991901 4604736078012612251 13824134118466594370 4604485228735698195 13827351897566585025 4599192331234101359 13827864804632732708 13826435631842147483 4601995563281356289 13817276311799199801 13826399015347023867 13829043126381310719 13811451437692895312 13812748238953804125 4591575480477496656 13830305925991367928 13813405922294410210 4597132801422484712 13819949680708723676 13818791696238288844 13830222251724018484 4592599911857745128 13830392394313365193 4594695024381403060 4590393376841511011 13813060784070631066 4589915593139534995 4600453724599003718 4605911959235287804 4599112228774002055 13823661357850173000 0  0  0
3 321 321 321 213 321 321 321 321 321 321 321 321 321 123 4614122234829860486 4606605924833568896 13835180056942233602 4599390516502128497 13811306610156227232 4606702653767214118 13823537563478144983 4606430882421692644 4595404638362220700 13829447287273696539 13824181614300068781 4598563057822807893 4602991892007710659 4591084313035445968 13829115963036384778 13826634522705077844 4605176909983830496 13822033923682985433 4603836405493996463 4603784317936274489 4602066529639570402 4589633502874130258 4585105774844730316 4589960667898743562 4598396539042770191 13826146717416841726 13828922443284837810 4606861143664809248 4592399522565539484 4597885348970191946 13808671459604124802 13829230987581720314 4602864224570041342 13812124567123884039 4591003123626724299 4574182483236033864 4594423999497258605 13825574995063454208 4603260108889704937 4604120892187861074 0  0  0
7 213 321 321 321 321 123 321 123 132 321 321 213 321 321 4608525524013816236 4606958916012512600 13830638963735654586 4591518007280131370 4606969284163730373 4596165315627874096 4604327849998318468 13819959471982262838 4604486661111213047 4604697553858941629 4589421452466392337 13827730719013912091 13823986705169845278 4606450697667179448 13814205386149317096 13817647134102706408 13817967046820583334 13830359675770780673 13829759930657729838 13823617951171335189 4595951863734300398 4583453062125360808 13813839501422521679 4588113571043208068 13825464383092875988 13827081579951643536 4603900055202394034 4605623981739634901 13810716387064384240 4603219424696809826 13822671595026287337 4605267421365949751 4602961856099564320 4589846296238485573 4588416525628770772 13809662890010914072 13789652156100524086 4605322687492006288 13818398945148896773 4600689768636771941 0  0  0
12 321 321 321 321 321 321 321 321 321 312 321 321 213 321 13829273047615090640 4613484971726834934 13837416004708137099 13810974293973469834 13829250984275443546 4602819130263211340 4584466859355043708 4602810964499293398 4605892972870758668 13830538226269388441 4588807987809071119 13780009409965758635 4595017915453793067 4592404103089873376 13830382120823870604 13821710846093497562 13830144986703889667 13817851189601573518 13830123102993054181 4598680688732983659 13817121412454574790 4585870455259324144 4570235299968329632 4590194783177282220 4596831508484056985 4606497479468316296 4599398420938442840 4599803400603958420 4597631274566113854 13829748066589346118 13829797067859314780 4599109619965589780 13821809068894030508 4585358615795953650 13811541133521406983 13811535707249698484 13815745398360833213 13820165169039395495 4605759308124728524 4602400602500529502 0  0  0
3 321 321 321 321 123 321 321 213 321 321 321 321 231 321 4594536334466626416 4606190659025874328 4614005903236825382 13808355767587600823 13830542626061836342 4585751714170544358 13821600979885121490 4586792545892993144 4606879560067817623 13830256244789237379 4582149915582129714 13821622736411056061 13826178756056004480 13828160752247229941 13825028773435795399 13828154314384591554 4603978600744711457 13820334608942648315 4601678025888241399 4596874721528303682 13829382556427883775 4586793242322752232 13806014789686895648 4591552726409831088 13813734018908716714 4607000852242733997 13819149897008452660 13826856047238236217 4592048350665108563 4605392869121350008 4605416708085995749 4595346606609297018 4603304015609957484 13810007095110175568 4586933273029471615 4590953331441300177 4600199780065788587 4606379449980261808 13820609214375918598 4589980201893033401 0  0  0
8 321 321 213 321 321 321 321 312 312 321 312 321 321 321 4594935701938633184 13829540792987723512 4613909929946145986 13825950313041489552 13825885466892704344 4604636883834938922 4605211703720351910 13827066851884397558 4593249410569603934 4600537593234441719 4603753687305707384 4604357851546664950 4606497306649323892 4599299411317738907 13820494422625719922 13818718008202929913 4605868439688188167 4602516632024829875 4599831834911835152 13824533915309553480 4605765778351086038 4585421265683157860 4577914144851061712 4590061787335293534 4606096813295425286 4601585640656349993 4595765061821498616 13824168244348362457 4601967835954022450 4605332935749083422 4598441548152721615 13828494551357299737 4603388345032955279 4587506311525084394 4587436915593059966 4586497800232409470 13827606072326614230 13817912412338249264 13822069455219229864 4604200320204715296 0  0  0
3 321 321 321 231 321 321 321 321 321 321 321 321 321 213 13835807440761498729 4612938835357469944 4614033032185961304 13826605994757791512 4602382221905446953 13827594582908204852 4604069561421759987 13821076525194875127 13828015016200412952 13826107468948352582 13829137153385235334 13819146192091845680 4607021216076558611 4594112342378978990 13817187789884629414 4594861220904812319 13820742248168978110 4606829646677568964 4592049596976834964 13830230400833848639 13821376744941482047 13794968095716705280 13808972516559821802 13813358999422328373 13828635588251957236 4596703768354240512 13826775637726227502 4593644466787924576 13829361131580587902 13825718441815279910 13826990157352493086 13825173545922636484 4604089667384161042 4585688729918972055 4589548443095581577 13807352108103955572 4599307291059379569 4605969000774343804 13824042528480755770 4599096751101436628 0  0  0
7 213 321 321 321 321 321 312 231 312 321 321 321 321 321 4608149075346953980 4611107639836988376 4613341071669005414 4593763883467820337 4585707106290739024 4607102108968114683 13828064320379121325 4604363864622725430 4589452322835550900 13827657689536156938 13828082556643305630 4592986328268831981 4607096965451638037 13816216928797113794 4590244165016978058 13814010127071816682 13830041476198685918 13822847205532900996 4592561820834384590 4599304467049826701 13830045661084981548 4590059900879571470 13813115667463319079 4590299613723428190 4606455952723570994 13808949904010567160 13824099000825602417 4593964867530153225 13829716618328736222 4600869690528218341 13823713285691739749 13824600517913273879 13829012650787529352 4586049236075004512 4592241191732210042 13812573985866071026 4589387043066733554 4597341389459393614 4592920648618780263 4606866641808986418 0  0  0
6 321 321 321 321 321 321 213 123 321 321 321 321 231 321 13828926413421618716 4611710496461572560 4608953733734111836 13828062456512908734 13827217537616090972 4598782282041380460 4603896392436229430 13828462659980332236 13814102823749055419 4598550138814401256 4593261136938562895 4606778992502023123 13825139225441250778 4597755321133078786 13829302011193900049 13802292514232016216 4606838638122983705 4598595069688863696 4606220737107712696 4594011091179170057 13824772389421729641 13813763274928475730 4590458194759243286 13815016366523018319 13830297954626229846 13820702840830212943 13813035523837628170 13816051799023348610 4595565795813947683 4606982465348178049 13820077780849558908 4606801167484123616 13819663630019430880 4589399738167095325 13813195570444143498 4592791148639467348 4600503270395091868 4599160495950878401 4602088825591369538 4604824843481283321 0  0  0
10 321 321 321 213 321 321 213 312 321 213 312 123 213 321 13834783135502671724 13835518162658733902 13815464358867189184 4594830571702429137 4597691431396002349 13830183521468314409 4570102379000368237 4606918928830022250 4597817848514652362 4607070422861926909 13809447510695260226 4594635514877492635 4587534928685101381 13830298145845445130 4597500280835514250 13807215049091504642 4597456835644113894 4606937078536143949 13830539018727673214 13811652658183844094 13803589126547309385 13812013492551526036 4559519883222226560 13812797604436952682 4577420361921799744 13830420063962926198 13818728221937399618 13828202373492301991 13816946388319418488 4604141678722036147 13827615985015224948 4593289981084895022 13828115183534109714 4576934053983247693 13778911270184642688 4590999125424264828 4600506192394551537 13827025970179132822 13818782849268445696 4604257958251122392 0  0  0
6 321 321 321 321 321 321 213 321 321 321 321 321 321 321 4603010799843922388 4612522685652490606 4600575341382702232 13827513966912570011 13826324037209907268 4602940759301591225 13825614603694273982 13821463660111271978 13829149061285277659 4603387006310986280 13828850343787645625 13814395485028759739 13823533309676459046 4600660234517693482 13829188627756401775 4600928870689273536 13828352651511577392 13826200138689666594 13829125766644295572 13826301838640853729 4593015779289727214 4591199658539529296 13807444647482583272 4591451368920378196 4591140410003230972 13812637230920392380 13830499552984502524 4604746813424940606 13827627870658527940 4592543192283111528 13827653687780381428 13828167304169387424 13802646787992088620 13814060371303371449 4591594845237871922 13809492674045070370 4594559959470662190 13808116868881947235 13823015908414554465 4606560536792994477 0  0  0
12 321 321 321 321 321 321 321 321 312 321 321 123 321 321 4600334126844130600 4602656874869098768 4602454381857584152 13826060032823816154 13827999469393057120 4602419976302193411 13804802755835689982 13826513750651798229 13829059314788827936 4605968289244574767 13824746259126400732 4598389747648947209 13827030954301575183 4591399675675285290 4605270985081898666 13816690029913971414 4606918792497579513 13820033524184968522 13828610444654249536 13820510766778599418 13826769348590615192 4584755848549847020 4591184310450478196 4584268700147606096 13829795221520199315 13823378557157649253 4596174267867751916 4594809367761728124 13828374005995089618 13827251296924153773 4600338451162439684 13826496234846095206 4604922484994659281 13811488794908541589 13813981639923716764 13803480488879108724 4604633945210989612 13823644467112634531 13826282014159447337 13825287845214425833 0  0  0
6 321 312 321 321 123 321 321 321 312 321 321 321 321 132 13834288872537143104 4613198038591473196 13831966227313369735 4606686468402337317 13822708673823701710 13814561127063960903 13821174108370875181 13829233866256495144 4602011041910847004 13820569108170115905 13824532999275826973 13829489420579910250 4604079375741270428 13827106566014188671 13824883211515671218 13823018398939835490 4598759393496096320 13829654900473880470 4604286372630981346 4604789775844306885 13804671734396383866 4585910657032530360 4590483120653951684 13807960562773957760 13825050986385508039 13826317683914824472 4604682394651172928 13829573479248400344 4595617161349881808 13824556291843827423 4591261648304651868 13829015401816800707 13826514789905500913 13814009155980587009 13799238443760336991 13810192519158743652 13822469602047538273 4597275635579976110 13826158863611010548 4605131810499897155 0  0  0
2 321 321 321 321 321 321 321 123 321 321 213 321 321 213 13833229545049546189 4613834683404975140 4607014845330867128 13829991336753088863 4598252976149931017 13821100374125319408 4588437401813424132 13826593813292054918 13828989992243521721 13823227364492600614 13828647587076802991 4602774717605288245 13824867114339571196 4594733225117789196 13829540522146372443 13826563415193942247 4604735113064526242 4600864835161506127 4604552222547773471 4604188680810024886 13820836325933743742 4591153300555082528 4585500863056672728 13806547401574503360 4599950476151328843 13819639282643525703 4606428927308909199 4603400915185409801 13828054926896842932 13823817715584501245 4604805885770573776 4604144300333190944 13817494212363965114 4550922664740842880 4585245495389223643 4591469093700829375 4605508976749672996 13810856895164898818 13824705057160376512 4600427015896591699 0  0  0
2 312 321 231 321 321 321 321 231 321 231 321 321 321 321 13828616761674058540 13831404622274420577 4612159785169045840 4599794533046963749 4603438674582635430 13828184512097086166 4595042270160279782 4604795990292699355 4604102981129880962 4606517907744972454 13823237548665304781 4594736672296734071 4599039006049829297 13824613889249658444 4605895344220658775 13829667491679775713 4595339516639237019 4600830099356351867 13822696694520388645 13829573592614469179 13822949029392083743 13808097333003186708 13811874761285137488 4589720710707551206 4605393084514317554 4602435335906382462 13823314664417909284 4595976966876681252 13828374765926629683 13827170168677359158 13826659443221998755 4601498259707095374 13827846550941085531 13813654565420107211 13796841086705726912 13811638841279742314 4600916407766892503 4603731582195546220 4600983518383477110 4603050542096285930 0  0  0
11 321 321 321 321 321 213 321 321 321 321 231 132 213 321 13829129160775016168 4612980312165474660 13834878443580808642 13820006639801000445 4606983407684200893 4583566731343909576 13827321789895290389 13818194572256561693 4604941758912302901 4604831046713430592 4594143341470048317 4604115126052942222 13830372608688204705 13819736636643939105 13799430382723696130 13819661896576152091 4606950515948089570 13815849366435730472 4584288808405238162 13815570441016204649 13830501026060789479 4589598812417458830 4587581275187905860 4590216761088269150 4605739898063281486 13825091726032229337 4599225869689826689 13819066469696893712 13828447726593060798 13827101625916965558 4602784248568210471 4601995151579019028 13828071533758654490 4588557781459364870 13815196622292613200 4569105627834482880 13821590145040005015 4599467332147947891 4606023204173067818 4598559796159395149 0  0  0
2 321 321 231 213 321 321 321 321 321 321 321 123 321 321 13835455031595425618 4598979405508939104 4611764147490886150 13828216777613433959 4600244477889978363 4603259165819441659 13821970954008164352 13829930371490111636 4597916464988629989 4603704917610013680 4582982658246850056 4605281531767961390 13830203492522407798 4598633964103588493 13805664892825390991 4581617753010937766 13801100006637296123 13830551943563132514 13822009346798316327 13830205366540354784 4572718700893200384 4591819963408322286 13814177673009340652 13796827233044935984 4604630507350920516 13827117903563130353 4599477405978517818 13827705384620654596 13826338014356497581 4602672893924619162 13817498047995693972 13826757454745782624 13828789294582306234 4593453719309067095 13806382442487018625 4585980139411222536 4598563497609009581 4600355111246959296 4606014819815227458 4595518358989443255 0  0  0
6 321 321 321 321 321 123 312 312 321 321 321 321 321 321 13832564852626457960 13835432336418855740 13837175003713767520 4604155041156639935 13824907554744404381 4603644328164005851 13828213535096291598 13821856399178827560 4603733973397687330 13815760084665613058 13829285395273205909 13826054888254968165 4600184076594562617 4605624295994504042 13824799396705618217 13826468582528220095 13819250531115443900 13828902239999512502 13828352193178853796 4602952927642437624 4600598662342906824 13790843502597359456 4591712714814281222 4590954453298135310 13813967887285248388 4604228545437954888 4604803731256319832 13825450029916617541 4603818030355548168 13827170560341270022 13829479037064420093 13824155778878246372 4598392180772656703 4593857744224300980 4575684102052174268 13802428683372993392 13817589082305847890 13822114157825263558 4606707098094972515 13812525664328438420 0  0  0
11 321 321 321 321 321 231 321 321 321 321 321 123 321 321 13837422679591753842 4607626518190647932 4610832651674623772 13829552668092067006 4597197558235530474 13824258483057583536 4598548205439310312 4606825507104815853 13812815692368775793 4600334277186313768 13818570076815264849 13829778861156677021 13828392816580368050 4603676619476375415 4597170562916861110 13827387214763681535 13827753122195684411 13822878639018510841 13809989220573956328 13824072587541813860 4606458657293695635 4578937443709891968 4579620726635833960 4589766276733510302 13813449706633435884 4605214206561656564 13827126184313800597 13830272693451357109 4591159253796809750 4597498474809629130 4597689544236201430 4603736082162751681 4604933024086463434 13808344848354982898 4571969848022373472 4589375730922714416 13824996581366465591 13819166628834018294 4605586858492586763 4599199921052655233 0  0  0
12 321 321 321 321 213 321 312 321 231 123 123 321 123 321 4607165633731728376 13837089479934111537 4611972298571806264 4588729994770936943 13827815657021754914 4604621144865830980 13818584381486053937 13827975512660695938 13827672923205886156 4607038595513062235 13813773709866242219 13818275409075708618 13827380085708584107 4600524813335424864 13827494203151760776 4582216763041277688 13829261171121148051 13826193022102591651 13828407702562275351 13823331293239840597 4603092568809265921 4568947498571689120 13813377637178231455 13812744104980769998 13828535107198686566 4603629259583918138 4595559297956260918 4596092926121090844 13809440145117056952 4607006764183755340 4603588391866845655 4605333904690326981 13814131338389679632 13812001224235115012 13812244969417025807 13810971079826339524 4605250265762344750 13823405759164621932 13792798232326074393 13821928790836397577 0  0  0
8 213 321 321 321 312 321 132 321 321 123 321 321 321 321 13829921072365484284 4611462340510672544 4610657853856855416 13814685078074762939 4600609084993603089 4606446062493173586 4597268237112271832 4606339569664127126 13823484830894371880 13830284424359577981 4595417398028902126 13818672742468193685 4604076786628143428 13821605047866987502 13827958151205165176 13828167992195384467 13824810636325980727 13826260429757533556 13818822734166369785 4605975640905078879 13825485472481333655 4589323027942933698 13806333685634557772 4589338436622256956 13830550243653935893 13802511450058952800 4583514467678959064 4581325786037690832 13830319210276298598 4597317704054760046 4582406066506888656 4597333208896394656 4606945525409359620 13812540173925026023 4586015404743928678 4588653456457167445 4598437160413757196 4605780598293123841 4599694466123009784 4599148953795707741 0  0  0
12 321 213 321 321 132 321 132 231 321 321 321 213 213 321 4611003533052227284 4605840117061569608 4605861578639673180 13819128694695217024 4605684678293623100 13826240286729565806 4599918623554538288 4603134630714282398 4605014635869957997 4606461367067365942 13809560178690524832 13824065761607715574 13828983722385695451 13824883960658329074 13823512357045272434 13813231333172912461 13826499622646143528 4605670687460954117 13826587786566091267 4604596754854247161 4601283867505970592 13814669803776638604 4582209049508983724 4588328272270440568 4600060686536830983 13810808612096803592 4606584607855875736 13829568045243766588 13822856007411110896 4599451145764596764 4598806419494866346 13830060598859844272 13818282665476751330 4581166748953145112 4591353012373202647 13811712481548808828 4600032292179617783 4606674479230285958 4593614657386744331 4590451795058474887 0  0  0
7 321 132 321 321 321 312 321 321 123 321 312 321 321 321 13827339743208937616 13823813484601877032 13836710544638349998 4597461111732449254 13815696684543884968 4606888101816113629 13830277249908306034 13816266958518773270 4597025140722733974 4590955449991757777 13830444127895240431 13817199541419361751 13817211948759403921 13827044893425990632 4605213789346185790 4590133502589861127 4605197863016612169 4603773858660864927 13830452205617691145 4594208820576431446 13811426772520733321 4587114858704422476 13800125892797029376 4591138939458863162 4596290012780092324 13824712195427885777 4606128699511566986 4606730652474426285 13817566051006741162 13822085647417646902 4597898685553245467 4606228121428732546 4600458777621817671 4591366823939760540 4582009808990941580 4585472948423150271 13817383692248903842 4599904305768013044 4606458715255476418 4593790476682760308 0  0  0
8 231 321 321 231 321 321 132 321 132 132 321 321 321 321 13826159178798682008 4611827759447743860 4607353080455097660 4606586263763149696 4599060436521717589 13819610149062346597 4599234545071296171 13830112354890353110 4581398720629759650 13819048438835447910 13813743380576391517 13830377506041591355 4593231012417792955 4601889162640916212 4606118831591454991 4606646344122211404 13823106086548222140 4586975827927106420 4599406782633423677 4605595419853734543 13825492856250407021 4589588848337138312 4583243193040588848 4580197218310345336 13801005384357264304 13828038644968003214 4604418717137155348 13818543255683627984 13827691693377239576 13827959988509288226 4607055928310728069 13816935561680871744 13816136800740228516 13799608778915399332 13809377495194023726 4589147751481624658 4593347280352301092 13818489814396621054 13829093736614973812 4602734802667953579 0  0  0
1 321 321 321 321 321 213 321 321 321 321 321 213 321 312 13837113963361509016 13834095498521369583 4599095631487943032 4603645393761946745 13825967838159471958 13827141590953669707 4604511708786576273 4604467521863771306 4593876266744852209 4600321653466324454 13826197666768093650 4605135649508622537 13816166082892765446 13809320868348361372 13830489633376714175 4582298283401340659 13830545627057959639 4585607731791998492 13830494540876601540 13804393472213068899 4592852757844995915 13814365653387691474 13813354258936267610 4587111490024781016 13827846250391918139 4604498225089261811 4594020918798888907 13812220789045436672 13821391940963371237 4606889435152083753 4604590628244485586 4604196182828656376 4596883117984701995 4580302145988100278 4589714789707833318 13815354995409607982 13818327401831994517 4604425525326700036 13819547920384150976 4600251251669079757 0  0  0
6 321 321 321 321 321 321 321 231 321 321 321 321 321 321 13836180993238890346 13826068235890167972 4603849421960149092 13826491314162382475 4601082608239734952 13828101281444311447 13819962284797339902 13829745891958795261 13823514799463771839 13828844025534397917 13810346048164959658 4603438818333341227 4592557225678829956 13813367450096172693 13830475425485216708 13829112620074662241 13826412572828339855 13811098793137576898 13826334899879717741 4605725999641599941 13816777453390494206 4584118020700992616 13810743802021287437 4590579048117342804 13826289086856805310 13819762481740674196 4605617293770200810 13828652583049034545 4602276177868229585 13824010540508111450 13822756454877035558 13829251788862814364 13824422220968939392 4589153014717452386 13813714603608971118 13772285012052891648 4601659397951828049 4599337425453891439 4604947486008559598 13823763644210822767 0  0  0
7 321 321 321 321 321 321 321 123 321 321 123 321 321 321 4610888686365008780 4592878143679260128 4613241924063468676 4605168815834062821 13826065101106981828 4600544269645092044 13826792167963818845 13828775611271460499 4593852337881582616 4597849174179135152 13822864173406680165 13829790428295057003 4597000735070706940 13826470612241541062 13828831193650671876 4597266711846814671 4605689594812840004 13826082066478225402 4606730678288391980 13813247952571995329 4599152274659281653 4588591081183620236 13815241478058510439 13814737714602040589 13829295942372287571 13817758401702351096 13825849463748431452 4602142884026384693 4594390833933145626 13829388442414879115 4596263850299085157 13830363311755100067 13811689424571411388 4576698376520105316 4591435884440621647 4592925981507241861 4594033936576358298 13826671182294420499 4604659968437334959 13823779599860114900 0  0  0
12 321 321 321 321 321 321 321 231 123 321 321 231 231 312 4609024457893737900 13837596922025293445 4599635546252883600 13826206084849636617 13829161980999494376 13817341598842058732 4596079890511172470 4585525882298360008 13830380790772119255 4605687814570982692 13826346544956580505 4594317596965201698 4603608000664221248 4604318465075729194 13824493505651904770 13820236065376048903 13823554394539923373 13829722244346721389 13828469159592835936 4603901714651249352 13813246591677321145 4590609250145475026 13814380523111215840 13810980386830686215 4596824899234749706 13803941237401181792 4606975324042772694 13819111415610103407 4607016543527112290 4588345984718782964 13830194017597874212 13819395205999088287 4596571903152365888 13808066119790974416 13815559474950701279 13813301548257515271 13821717243197319909 13824142274550402759 4605460583391869809 13823366604165052396 0  0  0
4 213 321 213 321 123 321 321 321 321 321 321 321 321 321 4596464027231004240 13836815710398676803 4601471337942199304 13822071926264515212 4606814465206802860 4586800325475660624 4606029136502403249 4598594301743152929 13824361423578752545 13824289277056559828 13813312054022595803 13829767354414298852 4599776454440583797 13829197701191094345 4600960812404458392 13818411103740756092 13825628790856620133 13829328591911835446 4606521360151533836 4597340364976387023 13822446387301281048 13815233576597667194 4588753934202874120 13797962346979390880 4604513395347248685 4604476637968258867 13816978195251145740 13827886977903830106 4604572422913708804 4578550740579551008 4591662007321143302 4590307417518149514 4607112052759908384 13807017320873903355 4592775301318936630 13801364357553670889 13822040035069197748 4603833849601467732 13822756851729706085 13825803434745371795 0  0  0
0 312 321 132 321 321 213 312 321 321 321 231 312 321 321 13824992180129308480 4608160021753330152 4607625970516959524 4604995534256316066 4603974802946714982 4592575033389839662 4603025348216252078 13827946769478231942 4601833022408113906 4600331709266244325 13822158616458376886 13829515928669387457 13827428385599889324 4603558461791543054 4602053185563402053 4604997350108442695 4602833878114456903 4600850776784703153 13791198709672497052 4603693121471590261 13828666378847211422 4585220905037001932 4572540478601303296 4570011170538589248 4589855456328062770 13822411402617676399 4606748749739970562 13829115088195194748 13826342634723474789 13815463573546270620 4603016347077564378 13828683839005595390 13822244545675547800 4571554117864892694 13808227001001436284 4579131043093667503 13826881863232538598 13821740443916544835 4604972860411094197 13815828698368719508 0  0  0
2 321 321 213 321 321 321 321 321 321 321 321 321 321 321 13835781851770408550 13836316219169347863 13829171739498193840 13824413488409175794 13826800620839251102 13827868110448042901 13829105237332187262 13812424908468790544 4603043248003284250 13823502126577990927 4605470624873800089 13825405173728505575 4588895194900592558 13828864623932780386 13826771025707648090 4607023955558523239 4594621771740343166 13815917763309071056 4595532301058538738 13826619416492243215 4605446486701551049 13813038793893466708 13813389683589960328 13812368171089649060 13828498813446331022 4603787922724243912 13817106116403352312 4603795511824938686 4605205553135831330 4585618737679569392 4593492766784542596 13810717036862596260 13830475314398943678 4579831816069373342 13815503429855736468 4588226470985663201 4605736552592385504 4592874369918243227 4580849656585410247 4598327020746139017 0  0  0
9 321 321 231 231 312 321 321 321 321 312 321 231 231 321 13825029916211324888 13831962710658501801 13832846772009867384 13812548828957579128 4605643252641883723 13826551251974334820 4607159752087320606 4584981777631453420 13812540861248875109 13808323917308401840 13826573918562432421 13829015364653116785 13829004733446523357 13826463680058751875 13817178079006650342 4591992359631321573 13823742653811200519 4606486143444598304 13826514814400941273 4604938301423552336 4600217986675167764 13808109604491506368 13814676479342272610 4590059306355994276 13827787021698238957 13821493466456707363 4604273149218088666 13825351131109084866 4606051013451096895 13817977668834497607 13826541396463732068 13824551329547666137 13828035470007424751 4591552161503593092 13813601335583186035 4566945575800232288 4604442532013634747 4598798482821683338 4599625342933189398 13822833648268033151 0  0  0
12 321 321 321 321 321 321 321 321 321 321 321 321 312 321 4604912614649095320 13834877668108168629 13826617488555883652 13812726767034523800 4605615817422874590 13826589419349716498 4601849696096148747 4602895724480523576 4604665692492344925 4606179322961200019 13820006220598968458 13824413864945321457 13820688976710369123 13829388582901495286 4601543832181942492 13818095881205970287 4602227815526853549 4605978957033038332 13830210404440613625 4593800283301599870 13821247192751646160 4585313598002222552 4587328386542813396 13809048927184363197 4597319729495878790 4605988182541137832 4601655127907349384 4606106643157460685 4578282701374170880 13825578233446493468 13824545392628645342 4602632610821038726 13828401874457240891 4585099328116367434 4587400132805647538 4585778261656849749 4601613988159370135 4599050692973235802 4605799102057125683 13795948618974190544 0  0  0
6 321 321 321 321 231 321 312 321 321 321 213 321 321 321 4605636417802353420 4605996796798778688 13835054227040581731 4606697354425390336 4590318328609755260 13822701704563857337 13812271784551032860 13829744352697750936 13824429842506286267 13822772370318223150 4601003133104940411 13829260059216796216 13827053557012305743 13823739300590954582 4604468261770369883 13822583574763865185 13827869318105688330 13827334181435636893 4604743143048549248 13827020213797058188 4599342160139197263 13810686085431155181 4588057633527878292 13811284924345908692 13826984446973315840 4605302365626240272 13815058187562180175 4603409539017727841 4602862448058053719 4603810947266159494 4603091366079395977 4599455499593077486 13828518470472611982 4590325409690650994 13808430789878348326 4584791795153226726 4604677634093057129 13824737139108223778 13827653296996266441 13813690422274717616 0  0  0
3 321 321 321 123 231 321 321 231 312 231 321 321 231 321 4610541527283887720 13831832465314958094 13835985777169763432 4605338026858749143 13823200436001210160 4602686022931310716 13814981601453817163 13829534313574221014 13825188074212040707 4603566894382480195 4599278784439820993 13828195519885392927 13821955179334060208 13829770710480283565 13822511262441418536 13827438819794323398 13811524511588824392 4604970044087355291 13827902439774130280 4600953093059154187 13826789996134176793 4582569448057069112 4573259365771673680 4585827487449239976 4601313199173870076 4596459353501139752 13829497632729765014 4595963375486512588 13830311962220964555 13817312506449396212 13829525047558533556 13815983679576369304 13825167113575803277 13805766331856019638 13797243579453539726 13809240439826192770 4602895270044036095 13808810305361804282 4603200567029226597 4603962088269870190 0  0  0
9 321 321 312 321 321 321 321 321 321 123 321 213 321 321 4614098607106389982 13836440556977893881 4599567815049369248 13822723638954796707 13824540072827113902 13829229380169039134 4601622465907726459 4604762300648692974 13826230846151851353 4605742259985822471 13826414590119485488 13810294629954925056 4606823025752205534 13822064604401956259 4582262524336990388 13817311497884316964 13826278788471919610 13829118209262613961 4598042406625726993 4605416750039137339 13826422469597385176 13815050274623899215 13801655288378399376 13796857654612898272 4605402185851452394 4597423564140600867 13826511223680134930 13822666814059265051 13827185054625828519 13827984639029089162 13826129354386410657 4604889774207632530 13824802206158810152 13813632784607223735 4586265834008151830 4586336166431795162 13828178694062474208 4600889210952942963 4596131003789292867 4602768700976229208 0  0  0
6 321 321 321 321 321 321 213 123 321 231 321 321 321 321 13829608079170778664 13835282345132537900 13829526387406656800 4606298225236084040 4580558004725650608 13824821307368819044 4600166293957952285 13826774579090234393 4604752417899112210 13821120238253050713 13828880828595408214 13826316652381726173 4601126193965860940 13797742575244667776 13829746849790661962 4599260998247508886 4606652249065391662 4594000115325763978 4605884089911785166 13823131668219956345 4600724841945159349 13809281305317025050 13795692537215906816 13808622291312766966 13819494806707241183 13829754015715072762 13823602835415806944 4606962842439776651 13820384148151004108 4583606632467867080 13815559386466010604 13823347030386336817 4606560457779783334 4582874345149426994 13809127217151234728 13806808928529097486 4595761009374960050 13826141895640753397 4605016494138897745 4600152104939994331 0  0  0
13 321 321 312 321 321 321 321 321 321 321 321 321 321 213 4611743426517104864 13834633119409913115 13835643579848202843 13819574710972789587 4606856475344682922 13819079217954282470 4598536989868762389 4597481467165757102 4606594963887638397 4606667497512371224 4593977758288691682 13822544567467656153 13813856034780648496 13828666815472885464 4603644436825253263 4582741536280555014 4603646467456935986 4605326867848744263 13830522302238368955 4590360529157667575 13807569560235330277 4568095600698190784 13802154893282001832 13809479528389824295 4603256074093332840 4599541703743186209 4605008965549273544 13828902852982136692 4600085549072472944 4601854581615551280 13816835564373446732 13829435890349330208 4602083358960738196 13808456351149504957 13806397218825238146 13799132562310062098 4596026837746852199 4606570035491307327 13818582064711872467 4598772925899653233 0  0  0
6 321 321 132 321 321 321 213 321 321 321 321 321 321 321 4611647999595324396 4608186166642912996 4603588707151032016 4602176572063743922 4592687616558534118 13829423821532328561 13818915321199660597 4607036240488969999 4584225621913746288 4605953769293056565 4594237361658663855 4602393469117875480 4602889864543309035 4603887466943956932 4603300840543106861 4603884635843064977 4594805956913710279 13828369686932327327 13826676030765890426 4604995279844528970 13822809795665732013 4591485423567662938 4590827765696411716 13813073904047021223 4604569084740857215 13827880040415369988 4586231822601832942 13820444863211556198 13818444918729096169 4606838074391418017 13827575751555668442 13827779934246268390 13821918330685305904 4571392972279062084 13815387995694995692 13815503437044050284 13818476626074467493 4603563866875206933 13824919232161476023 4604038944323642963 0  0  0
10 213 321 312 321 321 321 321 231 321 321 321 321 321 321 4611523831691778428 4604317223963241080 13835137643123643526 13829923069238649593 4600180719916779932 13812989368636440574 4598274446477395047 4605102018806629756 4603452774596939721 4598437706204665540 4602924640005573239 13828820065285394329 13813640532421785439 13828791397950735715 4603481945300452030 13818837136302328777 4603514702318497460 4605256267261520342 13830388104757400299 13809561595952743910 13819265606537578487 4586663357979959800 13814838428645895892 4589041316652642088 4593021182616225002 4600620359278907160 4606419442644741909 13830481928682339284 13790666784262663424 4593730239372926203 4587494520106555544 13829857370075557502 4600559742656682598 4582927002131735816 13808828151085374423 4592803230097797080 4597681540810389505 4606639948489020413 13822859778582404397 4592690896640959925 0  0  0
2 321 321 123 231 123 321 321 231 321 321 321 321 321 231 13832713203679431808 4611882055954419776 4603785780271244992 13829136667784691293 13823108893597486727 13824615631102821766 4594417801512570920 4603659254320953375 13828570965414086061 4602845118962754837 13828017049793857763 13825401515657997175 4604535259035636145 13826129554556881638 13825916554765466090 4588393851756934814 4604788673933213702 13827640456128509880 4604532479926389349 4601769620430426893 4603106798986605638 4588686371841802576 13813539404307555727 13814472329693678332 13817368663022634257 13825275442994637259 13829467600309486021 13780067895124789248 13829539457741978064 4601979288817252962 13830473196588921311 4589123392434405384 4593218998892327104 4592267011018123943 4583309026961360908 13813367063960847649 13820424705408368114 4601658975372381746 4605570414828170638 4598811963666692248 0  0  0
9 231 213 321 321 321 312 321 213 321 231 213 321 321 321 13835349964336982012 13831489089136146212 13836400176439339383 4604752194568740391 13825100663725155335 13826199588900775460 13827651016196869396 13823845410505236609 13827231250708439946 4590949154156174165 4605478289769296832 13826760475119762433 4605076750249060405 13825104578819150242 4601979181846540103 4601222505166396653 13819598361024800639 13829532363979301673 4602445340987182017 4606034691156100212 4585558279706460219 13806659724586692276 13809459796660929325 13813190102549894869 4601291843678310301 4603516998659377482 4604345963566146381 4606335722909867443 13822259603651558088 13822605777875387133 4579945347100256352 4604942309676931622 13827490088961484024 13814131610315010870 4576921573952597425 4580236284951666126 4606241808095916254 13814589409810924025 13814066320945849452 13824046986669414536 0  0  0
13 321 231 321 321 321 321 321 321 321 321 321 321 132 132 4607964148408044040 13836597410219888273 13833177231445091248 13822979023628348950 4599421960558299292 13829550748707578264 13822722156689941230 4605830675639423644 4601277483465883022 4606191525000982891 4601223315365962824 13819004061130912051 13827128488154559222 13828275428581251353 4597850130280373219 4600033215084612630 4576263285523421312 4606601712941873880 13827860893802597834 4604163120958067493 4598324643809733014 13801182183213173248 13806485188329043240 13812816406614357514 4605564626092227957 13823175257694637089 4601948618608722636 4600177927541448393 13822709150794508271 13829454352773799472 4601657432231111045 4606156826546390770 13817406741468641665 13808006827411219458 4589124511221704851 13804528996623784894 4585058208327347741 13820464292769654836 4606847102704589396 4594695837110986039 0  0  0
11 321 321 132 321 321 213 321 321 321 132 321 312 321 213 13829634480648689224 13833883131200399562 4604646138704511744 4604263694271263458 13822710611368978862 13827549882519218767 4603594527223510080 13822206694678272726 4604890612504709390 13824709481767882533 13829698133942491505 13795166780930461440 13820300845464341639 4598804973428274141 4606588152692562464 4606879681677594049 13813458279732792361 4598024802967902868 4594223888474505599 4606782338337850471 13821712503230542644 13807312781631810892 4590469163745739750 4589178941831164334 4589385452147491920 13830068603393973249 13822759610468518385 4606151070889946105 4596435398746658004 13824584083654710419 4601958279457617878 13821611089080781157 4605839885053996563 13815096222923741396 13808637980866363356 4581326271923602574 13815520543282636801 4603983441694128125 4604979256823617235 4587734929197647497 0  0  0
8 321 321 321 321 321 231 321 321 123 321 321 213 321 132 4609541346470727948 13834956043198142669 13835683893890086229 4599681720458725878 13827204979568429028 13827878881770913006 13828289865819007327 4598656415753645852 13826974484906115154 4603336278497694371 4604725621027904522 13823851108372408802 4604508521320092000 13827927177298731764 4589148440898751710 13827843126121060787 13827604093957198512 4597937404923027188 13817240612856819413 13820276688502733825 13830265497069318803 13814922542906723645 13814775190035131356 13806799257454574688 13808080857514095896 13830540737460865723 13810054477797746460 13828823265797615612 13786474044527159040 4603484570915538500 13826849003999858587 4588109828684024480 13828811847762780801 4591698105210343800 4589011887487304400 4589912651864530818 4599898082629174433 4586354581319692948 13824189200527645963 4605825244112984534 0  0  0
6 321 321 321 321 321 321 132 321 321 321 321 321 321 321 13824139725511954816 13831860583328806295 13830422641808216640 4603222101142870804 13828797104221473800 4596208851060492753 4604691035611106870 4603493648537181724 4600117732690401764 13824310778775437850 13812054386976217290 4606399769066373273 13817290885463166184 13829906078939408388 4599948267450960419 13823968689700206807 4600370446333436167 4605785873217361922 13829777078393641864 13805521027037422154 13824353516698734570 4582798711251298488 4589302609694697808 13812808573431005706 4604573424926464761 4591708993158119116 13827825568278190033 4587778222986056312 4607003187845539586 4596061442872025216 4604497082157752347 13818764149469282493 4604399565590846449 4589712412583877804 4587615241798872719 13809224649504330082 13826830799762042897 4602621460972415070 4581135166454868816 4603933655935402431 0  0  0
0 312 321 321 321 321 321 321 321 213 321 321 321 321 321 4612625528420149948 13832050773253238490 13832388060474328173 13823786734035498441 13824561248381054156 13829006064600693923 13827998409778429051 13824917905096442830 4603075353404386827 13826852441199866929 4605351579754391839 13817413670676885575 4604443687703846468 13826383739933202807 13825633039147023506 13815007973066377570 4603469812615884944 13828781723617994958 4604584317660909948 4603625480976146874 4600105203707351826 4591861099451868066 4579966295426643840 4590392874416702648 4600947885494718244 4606067793034184430 13821776905952987818 13828955019087980162 4597168458604175740 13826264697660767778 13824259938415709061 4601375251220387967 4605474156071619692 4584894747142426866 13816710812483789726 4584578125028234702 4600747929132513798 13826289797173542305 13825456333153947188 4603506835287922285 0  0  0
1 321 0 312 321 321 321 321 321 321 123 213 321 321 321 13833286987318749112 13836660643014421604 13832581016446697003 13822082363210749916 4603366172940384242 4605091613159159866 4604978686392845416 13823557877973245892 4603097993946583704 4603513321888467185 4604776346100793688 13823063434172643485 13812811965876844988 4599394791967178698 13830066917673358176 13806997346532165072 13830087677637750584 13822745881294246666 13830531203217268481 4572611196513696167 4589825314099946539 4581366596591272908 4590926078043220222 13808055726786688256 4606018054022614240 4601826813455281734 13819459930401576862 13819071090033102075 4604106783455606630 4604753995159396189 4601906590801728151 13826961994859503500 4604079163944235127 4589176272107958952 4584509448722516274 13812630510764591730 4604535867255398686 13822348616818391666 13826802630208563890 4598138585541626473 0  0  0
0 213 132 321 123 321 132 321 321 321 231 321 312 321 321 4609100371598083452 13834459056399618644 13834336240384726758 13819687132474062837 13826465919568850170 13828878275987179182 13802894529189931444 4605668807629015595 13826543122383656486 4607002449939642131 13815113309598958243 13818771735316248356 4598675602877127636 4595981710815296582 4606658616765147126 4593860737746067201 13830363425332254588 4594864972393034740 4606748044472377200 4590339094859417618 13822385250568866859 13797908393001279696 13804093863519394632 4585723767915945844 4604256032300312384 13826603575768415047 13825666182875377514 4596074108623949438 13825925727133744612 4605818907557982157 13827963834627463718 13827533948256579310 13820655901284876954 13802152274222784592 4585941250972486107 4575682675773760770 4600468149683707410 4605487280231568434 4592409781383310647 4600261463394235787 0  0  0
10 213 132 321 321 321 321 123 321 321 321 123 123 321 132 13826106349088435988 13813713015524378560 4597865805730091312 13822068938737824084 13826676737377874768 13828511787870687353 4605983711105666202 13825973373991895641 4587701822554795872 13824485090306250892 13827453448143382439 4603867565656239168 13819587508729286252 4591376376547399508 13830340524609516700 13816101230655846588 4607064014593546410 4593065190777826680 4606950709201713553 4593926254009400300 13819119261287652561 4589648499225017722 13810246739702245908 13814807471696559789 13826134702063418406 13828515458815059050 13823834573000632872 4605051712453657664 13827026658535097402 4596985575855341009 13824198746144940300 13818927476981911400 4606285760012643108 4585382943586908892 4588916886943506560 13815517895269690328 4602934677303283003 13823269976543589004 4604357284138484433 4600173162244881480 0  0  0
1 321 132 321 321 321 321 321 321 321 321 321 321 321 321 13837282578946292166 13834683185382406125 4596034049877693136 4594265156041132927 4595338396912122336 4606957374299810825 4602343048434383811 13829406434040840763 4590675328593464644 4605966716239221617 4601913796450077997 13819957710883226644 4585051601153611566 13827876686705668304 4604576353349143874 4583648671013801818 4604583539891740005 4604499830385496366 13830545802699159994 13794778353784121411 4586448274637791698 13811899170799254551 13808015692298029384 4586907460991189056 13830346572652933065 13810220335956063516 4596680117378733997 13818605895154617286 4605092823423932219 13827112932061678267 13817276338343377685 13827300663934950715 13828375573738736960 4589558628196052762 13809743970687430658 13799104479207292988 4601213162661738451 4605274679691719855 4577318629337297546 13825345503379557869 0  0  0
12 213 321 321 231 321 321 321 321 321 321 321 321 321 321 13830627682700461454 13836297060337375612 4605482849987571360 4601830917645409538 4606062084483031252 13818584512477873367 4590372464188439008 4594496931332430732 4607054730657662008 4606173782763082780 13825326692221704749 13790983941984320625 4600928878484854685 4606041408017130087 13821977526192516541 13829712349931147762 4601273906975151735 4578220890533752344 4593718071835176518 4597935254942069540 4606837302299079610 13807038713433005664 13812844603551213852 13802885967188528832 13829469902556485686 4602226025083782951 4583931208577759108 4601152350568537106 4605343437746951611 13824982410695296007 13820902816046758566 13823811765605223717 13829628520570625410 13798853398569643795 13811927755998383391 4586578483430752340 4576084696946493864 4606201645080618125 13822640193547023486 4585844253095987415 0  0  0
3 321 231 321 132 321 321 321 132 123 321 321 321 321 312 4600066911375113856 4605759338055471596 13836942237057173396 4606657037869320547 13819890295617804015 4598493142906489018 4593310768267802311 4606701184294824370 4599064003072414310 13822707677199798838 13821538668730586209 4606424366071493016 4593869499639886162 13826798680587659579 4605398147494653724 4569860663222406534 13828830104118345884 13826847148803082550 4607105350345943925 4590390495918354259 13815498750008642381 4587783718184751944 4581605009644545664 13809800369942626650 13827633278469082361 4603163896880591418 13825807918802995342 13827741175369161802 13827954589120119381 4594400371399653442 13821829193981392719 4601466188353189019 4605935082465943213 13792787779003639808 13811800554667591774 13809670698430678894 4598241018249684131 4606121424918991596 13813640116560218100 13825406919202484480 0  0  0
11 132 321 321 123 123 321 231 321 321 321 321 123 321 231 13836934511307878369 4612949844111619948 13831021331472219292 13826653201382415035 13827728446604269933 13825253858210155416 4605431109957928244 13826749230561785130 13817308549661580413 13818751039124068529 13825009079773264424 4606103436806980067 13824571128677801128 13826571889708789885 4604634088657337770 13813460008762824624 13828440640551891899 13827304971694387112 4606330237764438272 13822827756862582081 4598676162972870502 4588279117328872524 13811398865472532820 4586308539098212292 13824349089450288013 4599813161809217840 13829186475441430894 13829052737782085916 13826224667930251863 4596002297446996416 13823812719037661383 4605233677279872364 4602582907554771080 13813630444232755528 13800580977034279420 13809706415846718090 4599022842604387658 4606051249333043508 13820387537801372201 13823688980896276988 0  0  0
13 321 321 321 321 321 321 321 123 321 213 321 321 321 123 4612821395413931702 4603869192252043008 13831395973654179277 4603996633068469266 13821895883384986662 13827978022857660838 4602190473296811476 4606062695474609359 4591705539465071176 4603569481986405086 13824263445164181872 4604420236360812238 13812859212328632023 4600153607768838023 4606557473149037198 4593741873737953821 4606535692905297030 13823344328213437383 13830461217845042024 4591490638291500979 13815804485471577664 4591105143890754432 13810960935650903127 13809562387031525607 13825886142708335914 4602627403522355234 4604619653891409161 4604942998603189191 13818814052775429859 4603908160868450953 4601616282442475090 4605831454559906920 13822232987426255105 13815201339414148765 4587295422682562659 4575481067929380268 4596512560874773283 4603937280163771025 4603849140852677309 13824585497250505564 0  0  0
13 321 321 231 231 321 321 321 321 321 312 321 321 321 132 13835407279310777959 4610427651769015984 4603739902409136012 13812675271851639735 13823880190285206754 13829860430444740883 13822747776500801543 13829377265801988674 4600508679435567613 13830071290940460493 4599376370066062827 13812662851398686528 13821702135715129860 13829845361329440562 4598904491588856576 4595942385684897772 4598065483465821702 4606737554715886262 13830081659146834077 4599083935433743549 4592544799779262789 4591812910259680942 4591320520853064678 13807127015028531516 13828393844905544610 13824602510622071818 13825981172394364610 13826413479803190367 4605672316729359929 4593583764200495486 4600175075627547332 4600195147904480024 13829287850694089724 13815258711704360572 4581367408860981786 4591395251348092889 13823362603866876119 13825087746601007985 13813945716552478739 4605552543267618715 0  0  0
0 231 321 321 321 132 321 321 132 321 321 321 231 321 321 13830284867911521460 4612285803070886798 4604848200908524244 4599896335461051237 13827608305849519578 13827438482680500924 13826415918768569347 4601364207834868584 13828076558655342748 4605084560632364475 4603615747164052756 13820328564972837964 13826251182641657984 4605322229514327922 13822673209092508876 4605781807925819717 4601421299554474086 13822789983601615324 13816587591382866198 13824798784959765488 13829606512294857797 13814863838193029007 13807396113246197672 13813684514346213333 13821440622523755994 13830125022362237063 13818990254672943111 4606772020649280629 13820005960624738894 13820276637289060033 4595199133208464316 13820607609279466166 4606823248562658029 4589354212388560614 13812906488498079542 13814133800466883433 4589297488460086302 4606299895223500174 13816361690670576626 4598323034364480374 0  0  0
7 231 321 312 321 321 321 213 213 321 321 321 321 321 321 13830627333345497142 4612149229452006286 4613777271207999294 4598253207740356670 4604360438322374318 13827681176056384132 13830258272196945107 4595644376129737288 13819022517346366481 13786272707939019950 4604519607461718352 4604568831585675031 13827174554355988838 4603143637497603048 13826525004804774657 4605011073876646136 4598401762091780501 13826914487783981351 13819154286279548553 13828678238115029369 13826795540548729407 13814661027630853472 13797302197721396528 13805696317005549656 13819844612047206172 13830042754760967447 13821785539677021984 13828779434801206325 4599328027978733239 13826110861986738997 4603224026468086194 4592492198796537348 13828941969314976599 4584501129642310820 4590685123728739367 13808321503473816496 4598724023295406631 4603649709090359690 4603879027128791026 4600670044515878437 0  0  0
7 132 321 321 321 321 132 321 321 321 321 321 321 312 321 13832339187472399224 13832291002434541807 4612844983791076740 13829782381015899480 13824314295842051182 13808511220206041139 13824301206779030664 4606415723450765210 13806583276608183168 4586239830479512263 13800316042134530142 13830545984075853234 13817956083979545061 4607032048611069258 13815424591342879056 13823268136795022718 4586633606665148056 4606617964392284466 4606518496261330778 4595521044563290678 4599670558062548934 4589865097944540670 4590169724836551838 4583751838867239376 4588633935248927825 4603972812369484166 4605048145549349951 4593965452327541645 4604952988070622868 13827356992417899659 13830458526499113276 4594195002965857798 13809508680325686690 4590057890718630854 4587220563526283157 13812454984311352112 13826493338145782433 4599053509461538446 13824535664325085079 4604124352736160495 0  0  0
5 321 321 321 321 321 231 321 321 321 321 321 132 321 321 4607755563720030760 13834549109477653987 13834557600317697486 4594453600973442135 13828856193484341900 4603270608825329709 13830445146080956811 13817932771973837962 4586139167342419886 4587512336908229879 13826635624634185692 13828965277341289150 13810078749180896755 13830473560181066000 4593699442173300848 4591465051976603137 13817209247496958002 13830437949319927994 4607132876970523437 13808283418343809155 4591828135014152134 4589627313192142470 13808679062251469870 4588208826686696864 4603731474148696255 4582758212091861972 13828633047177517086 4585027735972028360 4607162251543483129 4588480320667634588 4605257955344091363 13812493601048877861 4603711539622326964 13790879981648154944 13807699022066866138 4591200312596195146 4595793026872938464 13826917675632162720 4604846180745349899 4598150975563311368 0  0  0
11 321 321 321 321 321 321 132 321 321 321 321 132 312 312 13832131324862542568 13836374357477307402 4605662530302301292 4596330455202218449 13828952572147356178 4602979869114270265 13828854889584287569 13825031052150146736 13823907624846698896 4603127174315138828 13823475240051580143 13828349202188096419 4599918472510459890 13829326647140564253 4600260982950177805 4587053803664838075 4600981089016454045 4606396348136549326 13829984569249036066 13822430170857091019 4595725772109680685 4565520142465534464 13810897738777873783 4589247236858676392 4594880777870268878 4590619143395756044 13830409303055464969 4606666839836083996 4598777086403511732 4595499625132836471 4598956427692480710 13830153018938119452 13808284379737324264 13812830215565269517 13788837705962627280 4586967483796814762 4606604429297052588 13817939796680377686 4577507705538185106 13823139533916657318 0  0  0
12 312 321 321 321 321 231 321 132 321 321 321 321 312 321 4611786355716733154 4605641723480480168 13830487330109053688 4602745034247816018 13827439176039141586 4603228111288186870 4605406814699273793 4603537195344025296 13808139231962595872 13822682970038582544 4602077364837840395 4605626060972398214 4584327220032589711 13825622273829862356 4606090904206476648 13826503943891744426 13828229334394177454 13823946039319233628 4605691034898163973 13825548080196194084 13822166489408757189 13813530715684336442 13811959845917482141 4567552760400824480 4604498048130436660 13826320358211533532 4602243428640578406 13827902776846903417 13824731256257953982 4603270531292635308 13815005357330995020 13828148191261899520 13827613429857621017 13805203750940055067 4590434864824432791 4587171712488409666 4602390044265878282 4598509087035203555 4598538890901879237 4605271278585418784 0  0  0
6 321 312 321 321 321 213 132 321 213 321 321 321 321 321 4605261602021182888 13834727477212179454 4607442466427167692 13821340932076108415 13830120156809008753 4595854190519895448 13821413534215488715 4598030922797830230 4606619095204833350 13829995185953244559 4595771748860797989 13822348955158088476 13814705966931789479 13829065072038659538 13826437762470880515 4582650986526960863 13826474417861592334 4605712125541013524 13830513126979474749 4589295905058868270 4589772135907978643 4591273939365176472 4586526519521677432 4582438883520550760 13820583419434523569 13819081794449512974 4606801430368839822 4606953983163467170 13806513375836272144 4597176264558848836 13803455423236639008 4607029613581321825 4595752701574525802 13796898367415769980 4591400513144214611 4586833468799566714 13808091580487961529 13822043489234879940 4606679717870261511 13818829586213231687 0  0  0
10 132 321 312 321 213 321 312 321 321 321 213 132 321 321 4607718795690575580 4612187863361017542 4607878609010957144 13818448079245147381 4607017912211329813 4591615124835020300 13814039960108864247 13816050548743039312 4607095026470221772 4607028746309586742 4594729169696212615 4591872431001585621 4602215667251456516 13828294437517916103 13825375523110510139 4603914905744123929 4604071330833126680 13824370733252329194 4603646549780591939 13815373190561501834 4605271213260894853 13804716298239690284 13810453960174877456 13813954075410564381 4603188560449648641 4597132660505651656 4605388494323862736 4596619389189631881 4606252270227473401 13824092262177278166 13828794729769217066 4600578478055167022 4601839262379666993 13814331830921318898 13803180144460629836 13809264516105102637 4601956288729334254 4586277339983700679 4597426545791065046 4605892852700015671 0  0  0
8 321 312 321 231 213 231 123 132 312 321 321 321 321 321 4611874879068173798 13835040711862516407 13812165703610662400 4589966016768000880 4600012370459102315 13829951968674337236 4600408596704409231 13829447537098903304 13822472649032207122 13829874546098055208 13822930565617753880 13819607685616127022 13828946846899073841 4602068998168832243 13822958623717344423 13823105543602492595 4589601070831287927 4606634665811741505 4601963563206915338 4606120020282065610 4591911814855434490 4588790265511630892 4589893674400558712 13808530151700910318 4604281484245562560 4603924848199522052 13823611743301625616 13828014630461527931 4604312172119613434 13817663375232482717 4594847798558879721 4600124285058209560 4606464017648004397 4591838545042281442 4577714684782621136 4570272183297401296 4594769560413835432 4603002482440308223 4605616688214881166 4590268060403693560 0  0  0
7 321 321 321 321 321 321 321 213 132 321 231 213 321 321 4612000301610489208 4611495169207635820 13832010154429498967 4603668968751494323 4605092304730221592 13819585385376698318 13811433248433142790 13819936091764993610 13830348789916533328 13828667968787650223 4603640083491693323 13814025009555915693 13829567103692523048 13825089687253983955 4590999270021027454 4600167897258904106 13828842475449213468 13825376486452105150 4598676131081751376 13823891945847436222 4606121513625191454 4590794774258501098 13812899212118197214 4585320504927767312 4606377914459629211 13822100566762771312 4599131418410411108 4600504296769235970 4605911398605240586 13823243593458843353 13818437943299495028 4601388636778017506 4606179436233486012 4592394169171337037 13809011410196673824 13800878263796778236 4598884069458243629 13823552831803740034 4606147395723741305 4587122162428255348 0  0  0
6 123 321 321 321 213 321 231 321 213 321 231 321 321 321 4613453020941027040 4607983632468985336 4614118541476457048 13811350387678388797 4606988142733455199 4596349438113842582 4599834329756507859 4596580869744758861 13829805615450824364 13829996881516239103 4580976082464837709 13823274498314906813 4596645692281342255 13821146223553982387 4606719561737547093 4603625853933256929 13828127562658292467 13822742706774545287 4605098044079600532 4603937170317064755 13798180173982738374 13814746796197523920 13812709202765646212 4591811818358706128 4598436336446243582 4606393753487395459 4599296460309593610 13830225947697141070 4597683941158864864 4593688903424991285 4586024878565389288 13823061224883510488 4606657113911330700 13811146336760842622 4590922405141722215 4592682827755724338 4603821221125371625 13819588704709720277 4596210446396004670 4604736267838120237 0  0  0
7 321 321 321 132 321 321 321 213 321 321 321 321 123 321 13828754023199715160 4591259085249204928 13837511372160746594 13816857056839538081 13828839496473228284 13826718059208721719 13812767919951340419 4603433293597700889 13828836460945952476 4607095094780341359 13812376826433144709 13817016199399271418 13826691033507668035 4605499321769356696 13816150532570081662 4605410201244368500 4602905933123387135 13822105287841927360 13818640857480449978 13821563618749383680 13830131887379385116 4582093316780839552 4578147886198329200 13790573390669996896 4593346379540325045 4606977091709484106 4595465865527333928 4558622677125057472 4595509521900880616 13830413833787756446 13830488836424515885 4593218323734589064 4581602286468728752 4579318468545074373 4571615483391851034 13805016356390614692 13826658072534440795 13823989245105550567 13814514190281507699 4604678546122322870 0  0  0
9 321 321 321 132 321 321 132 321 321 132 321 321 321 321 4613351746583239962 4613147339999363166 13831495444325714613 13826134830867886477 4594997712681224001 13829160384326933112 4586260435305607119 4607053491602689335 4595047599198641942 4605917213199113585 4586983683375464086 13826130850085689325 13812115755080695783 13822438202705074483 13830124353733233732 13805586960928463333 13830133705503257333 4599097680972528188 13830536131999730440 4585868332067432717 4587360911872825136 13808475051073668064 4591387062495999698 4576524486290893416 13814468416083787575 13824466024708675754 13829714896469161941 13829875616536969654 13822522848398630723 4597426514706293255 13823713483808714766 4605911586053645912 13823417548359502494 13809849054956720404 4572954246203566024 4591115941402325282 13824844738001594716 13817050020866177315 13818180945166404379 4606090739706813781 0  0  0
10 321 321 321 321 321 321 123 312 321 321 321 321 321 123 4610976846368937928 4589300458496530592 13835592423043127575 4596224646506689040 13829785520957655395 13823414963435020145 4591047264152956097 13823216981887543481 4606599326582467298 13830343893073823513 13820268601380909977 4579165617694259099 4600587259821266745 13822927970676100972 13829326512924160058 4601705918194803594 13828333353243361596 4602375881138088368 13828829813121137705 13826687513253492525 13817711927985832097 4591329544208087376 13807558915239221064 13806089734317758536 4603753353476926257 13825979965191170065 13827029013255075711 4594716739829122747 4605712615590951274 13826279383958865797 4605109899943305916 4597513459502622778 4603531239426132607 4590924175681690701 4567566595099217292 4587336748822490762 4605335665447547532 4586406672597588966 13821254237181813196 13823343785910039868 0  0  0
9 321 213 321 321 321 321 321 321 321 213 321 321 321 321 13835211150547624708 4605987719717331816 13820308087611629600 13829628144727555611 4600896684531168394 13819207581527355037 4600709113170074982 4606425779802818449 4591243495529160548 4596594787484349888 4576697730458168239 13830360588902309332 13821652382871520127 4606160837060867562 13823986123840162000 13824423037858002110 13825339522123885323 13828640244249519157 13829434317516240058 13809815905873768020 4602336422174428366 13806186951475687956 4586595080406832768 13804975287974994080 13821076347561937179 13830293560221112124 4584568058216303468 4596559982921641572 13813881323401985890 13830332515676225505 4606728599173444810 13820637483393724776 4597038284184977156 13809024725450701278 4577727966565694454 13809026915510943065 4603217347558207113 4602284550344557170 4597674855391781785 4603888191684824726 0  0  0
11 231 321 231 321 321 321 312 321 321 321 132 123 321 321 13830796905962254094 4611904495985380764 4613852795143842900 4604882208871882115 13823934998580180188 4603102012072921545 4596700703560583939 13827352963207816489 13828171233645556396 4603884825508867478 4604137665259909156 13824249010131175605 13824790914437905105 4600981898480331356 4605439143754455768 4606186621597097664 4585545032093842356 4601877431139443456 4594742354684294581 4606400567812780918 13823835183566275928 4572067768575476912 4589578464813480126 4575814630402096176 4606570597211822216 13816836295469470272 4599815663151344227 4591866721585624156 4607106895424187964 4590566483317663490 13823316376903659931 13809622302588440184 4606610149004531930 13786505631425371468 4589618827790217079 4569188512601041186 4598687270162539663 4604948935798147339 4600940046528121822 4592100103601557659 0  0  0
11 321 321 321 321 312 321 123 321 321 321 321 213 321 132 4613317869284808534 13835706607882950869 4581001923362532864 13820204530325391268 4606348214496074115 4600201637568213339 13827930985777299324 4592741218910437106 13827820879431050141 13827605814671800433 13824340916595719536 4603752943978341175 13813956217572300573 4605480299434989558 13826764333226068794 13808154225693799860 13826798693209827217 13828859480679202240 13830519360772198959 13810467665676559719 4589989824820336583 4585999874530138828 13812678709577513029 4580750669601171000 4600843910472264459 13828803682853485126 4601574398060177330 13812965830130692156 13826077650472752795 13829307765439338499 4606414730031571658 4599310571269554700 13821643944709005725 4590125336447776654 4579458413418294951 4578292656434189194 4599626420696803701 4605332856817724043 4599089386505607046 4591162651257844664 0  0  0
5 321 321 213 321 321 123 321 321 321 321 321 213 321 321 13822296139637854224 13834573747680606237 4611102928041569208 13824482103249241071 13825144907394594526 4605308903832423312 13829438994656632977 13809485692083427852 13825695057332484816 4598127916904284417 13829583651749471011 13823834386923226618 13795213818372396882 13828975320094883885 13826641553505270295 4602948960182127094 4602276173464700289 13827858472868513297 4605813242429687661 13822500367402802258 4601506496332144807 4581733809134653176 4590481075611397398 4554963007556285184 13825713203708566290 13829379171560629112 4592666349685619190 13817078195171272250 4596156380854555692 4606938218227656352 13829360847690221760 4601854142602588299 13819849240621960870 13813822494010371078 4578841059297930017 4580934021838957395 4600930883359412402 4603071931946534675 4603776375661475841 4600772231105017601 0  0  0
10 321 213 312 321 321 321 321 321 321 321 312 321 321 321 4613008942820141588 13837044493157507607 4602775583727680328 13785235645695617968 13829884678174460819 13823860390295827693 4589735728949050062 13823844600314538500 4606491744286954096 13830532116969643118 13806453555177489380 4589384357301886720 4596248879844133630 4602286268593650227 4605885143974988387 4606539543912127723 13823726419558335962 13796899231559840128 4599340501835742185 4605345419392606309 13826203844959756026 4583069448741911920 13812975907755125292 13802981904091654592 4601088934926250907 4606150213355021633 4596939734815274186 13817277755316058874 13818899214301328798 4606961535436129335 4606297573664251570 13824790057786236108 4586466522631016983 13811209709735988520 13796469393035078360 4587658397475824498 4599646704338788014 4593212032627292853 4581591860492536543 4606603045295935909 0  0  0
10 321 321 321 321 321 321 321 312 321 321 231 321 321 132 4612471250693311024 4594738563616482976 4611761042470309404 4596835139962270218 13829682502236187920 4600386787330993872 4594867689560091944 4601027263738230363 4606272927557445166 13830232024894342520 13817308351762675742 4597446566073765849 4602161678645341969 13826941255364841806 13827379420602441192 13829422664449849587 13820497786351578075 13824828191590196917 4593006361597850387 4605108946732002079 13827201082852084757 13814373962172990836 4591533102351336370 4582959210073806376 13829442094928570996 4591791145414222984 13825530721296888844 4600110833068808705 4605284088203909360 13826038712816581202 4599480336307103239 13827006196576057496 13828096631488323614 4590038557385452988 4584634067190777806 13815570205772839086 4601256537883981719 13821739645908153804 4605760005235376845 13820239242371514474 0  0  0
8 321 321 321 321 321 321 321 321 231 321 213 321 321 321 4609474359033016836 4612569929841771178 13829665955481954552 4598197921314921722 13828025890829806278 13827381215883632414 13818541182039036900 4603823214113352593 13828401375747146190 4606763405825339804 4599059417872244607 4585600894784556512 13826183582041230772 4605311920689184030 13822943358373984888 4594887036059536622 13822219414418350999 13830055389290266765 13829136059113799415 13826394938154816914 4582032645498970134 13807246609091284328 13808331436968643344 4590099370820189442 4604692288070378224 4603841221546846605 4598791728343295615 13814843733189126200 4602644821091120456 13829311018805202166 13827706266819469584 4603550763695319705 4601234623067197991 13804833003256951867 13813722160556276588 4584669985871453901 4595220154417979189 4604683650965823689 13825755980098754447 13822764332171472892 0  0  0
13 321 321 321 321 321 321 321 321 213 321 321 132 321 0 13830334582176584792 4612347704472965852 4603295190821227692 13828794927756507531 13826892651631313702 13804350132299648568 13826724734508101845 4605258580886415778 13820688039438984648 4594526555559193635 13818714041721989226 13830319521746212798 13825360265389864505 13828129063096947844 4602704895504598114 4601209504056337368 13827665699697429275 13826977667591691806 4605220304312023575 13812929624254284727 4603753956714911253 4590751085779244278 4591801479561341038 13810011551510293127 4604245334068871922 4603324461391174479 13825474233620678287 4596733658649318916 4601942050156485268 4605950321094183108 4604555338497854658 13827672200705452647 4595990076076061108 4594017029138621548 4582691328142848294 13803650091735493365 13820646477680194663 4590963449391414649 4605771961009426461 4602318483887654046 0  0  0
6 321 321 321 321 321 321 132 321 321 321 123 321 321 321 4613353225276024456 13836260795230134710 4612274137836097384 4605015207819120623 4603570244864365960 13821620948825703115 13822728612185945552 13791132479673010496 13830094155135104424 13826672148527266319 4605387906929762108 4595911621456329983 4598848715442837552 13824827192050441934 4605874778204122097 4588594297425314629 13829499569364478681 13825437113906603934 4606786330543885463 4595794635203610941 13820770638372761747 4585602365169636324 4586151973548586348 13815038179881757423 4606735427951057617 13822403547315700983 4591214480478037948 4591656829991365318 4573445700473513184 13830511789533146450 4598996469220325583 4606774330724746483 4585129080335946568 4579617680530426690 4591914654961131670 4587006233190899425 4604171645192729490 13817429821821382318 4601140264605507647 13825647346528206564 0  0  0
13 321 321 321 321 321 321 321 321 321 321 132 123 321 312 4611277079565616596 4613760037983475348 13812312006428795840 13830009735161599665 4596428985907335932 4598660002529311228 4599375313151222135 4605555238811637792 4602281364378178198 13817244204251890043 4603009457095006377 13829055699862406235 13818340939989614556 4603979653011830367 4604908350350193387 4594628702331548662 4605061847868539794 13827189977218041364 13830331492723245499 4578320731491989164 13820494215553305668 13815063303906201538 13798923833283067344 13808014672569672172 4606438808812618482 13822610072937206572 13821558735335056846 13824208561744000328 13828111091830121854 13826568385461285648 13800517447626664308 4603679713675748213 13828676170606222685 13813748252202602487 4589065794654560441 4581701027745847290 4604680034614402740 13818383939990897669 4603790533380526491 4588563311342897625 0  0  0
10 321 321 231 321 312 321 321 321 321 321 321 213 321 321 4606901120656642880 13836921838426484824 13836153620680785954 4602682462635777003 4598716662650015353 13828926367735134440 4604085400644922282 4602582491300350944 4603308297626250446 4603262867086835303 13828957763614392191 4589259121845644036 4598914925061709960 4597949386726550836 13829880146140509767 4590765374050439877 13830282184694126869 13820785373981750497 13830130669951967023 13801281019090886287 13822500215717531422 13815111000446702964 13810072246005407722 13789932821822958208 4598837177058057828 4605682698533835581 4602179652007386014 4606799657910484262 13820949041675634990 13818644825769770218 13807963859825058634 4602686090730424338 13829338515823811308 13812856147202138837 13814023623095751410 13804219885335032487 4593802485091013543 13827211173661795084 4602702205539611814 4603391893387357180 0  0  0
9 321 321 321 132 321 231 321 321 213 321 321 132 231 321 13831268601791325171 13823314883622696000 13835931546718198954 4590662348727149888 13830153658279187940 13822141645996029247 13815876330353746429 4598599809066673822 13830155247309554464 4607097503893497312 4592615161158620570 13813886626123738702 4604691525114035345 4588190102163397075 13827745285661804298 13803946917852200201 13830509338222798322 13815134000705488330 13827763668835790852 4590645159867658364 13828022359522476086 13796766308677092992 13812455138470658256 13814785367623004333 4601977385727381287 4604760418588460525 4602704938692838577 13824743394482445340 4604296780134350932 13826917046355823995 13828551662998355555 4588796196546976308 4603812296685932555 13814886385814158828 4580344080713310542 13811859394361642996 13827322089400436950 4597167126503888140 4604308757148260451 4598636114833513737 0  0  0
11 321 321 321 321 321 321 321 321 321 312 321 123 231 123 13836112140442765178 4600747726526128552 4613246538405642366 4604921644511071897 13822047716976913637 13826965303461826767 4603787189975969548 13802327266664991344 4605219406273284591 13820660329535347494 13830199113087615086 4595038403980832203 4601356260357831195 13829463587593464691 4596860004875104160 4604466325859963434 4602139932968854361 4603035624700167918 13826722987756988950 13813878415373840749 4605510625871229540 13810506727612374279 4591539760438467686 13811717998819014160 13825512516563887468 13810863468087160664 4606111801203236144 13826144990785335456 13828741899768335272 13822780409770750127 4604660593890386773 13826946963036292650 4599968516379157993 13808166010796921602 13808350023328145700 13816099356970247272 4592200299092883244 13827464740354556266 4604147087296617020 13823228309472021417 0  0  0
13 231 321 321 321 321 321 321 321 321 321 213 231 321 321 13828433610765430696 4614095695947299110 4610823128406287748 4594701521824514697 13829186151135763687 4602742844549550184 13791131836328339405 4602794749343996205 4605907560849751520 13830447561459907892 13817334837757712653 4590191593892499343 13824393844154343439 13829652034680200636 4594733476329864376 13821958527136137176 4598745157864748646 4606461078216391934 13829394825266002286 4599673956336244342 13823536203480730889 13814295584447049016 4583866420623410984 13814545237635126988 4605579098558384080 4601399766182698604 13823790849611592819 13826582926171549845 4602365894182969288 13827619658488023341 13815851290291770401 4605052790046046554 4603908841306017824 13806336117683456598 4593542258564717874 13806618650908268773 13807306484446464735 4602864639072104631 4603042428986983119 4604123525897035193 0  0  0
8 321 321 321 321 321 321 321 213 231 231 321 321 132 321 13836709469390668276 4614185159450997044 13835048694321145191 4589256295084547785 13826924975673800315 4605378018712798036 4606620896761841937 13821133432347059750 13821597685179846573 4599826525859828314 4605074088491885587 4603080780561474303 4603859347612123375 4604341920313373589 13823613931704840674 13823714566002057583 13817845681664780143 13829808311278614304 13827686887418903954 4604605000788056535 4594954186602632984 13808593638134482970 13812600137382384645 4586373850410792572 4603402186515739562 4595072880470748303 4605360568795316565 4603597520736491647 4603339834674794105 13826552757251146903 13826487611093395597 4605405515398097528 4597601625260411210 4570524270323182720 13813902859255540540 13805222504825735182 4599764833951265251 4603991391458894858 13825143338089488099 4597106273614038804 0  0  0
2 321 321 312 321 321 213 321 231 321 321 321 321 321 321 4594298573176519104 13833187376303870722 13835852059022277300 4593039696136674012 13822920043012732159 4606625109499627893 13809846914949974218 4606659322860863017 4599669585452914603 13830484699398244849 13813786730051283813 4591523460988662024 4595276750560838900 4605253336745452771 13826904271307672578 13813750567259087424 13826867363663970384 13828780231199999355 13830395260647426735 4595772690172465407 13808984732870084490 13812675701165358637 13812912901616371454 13812621600207677468 4606919342288982562 4595509585756233695 13818414054180208684 4597807027736334525 13828167193081463748 4603888497820108921 13799240749592114736 13827445782568848569 13828353988339541217 13812650978463570310 13797010353498131256 4591360781761006420 13811640850271751397 13825438672847832065 13823474320656527824 4605449517457271238 0  0  0
7 321 321 321 132 321 321 321 231 321 321 321 321 321 321 4610503164049917824 13833840855539542914 4612192202753207500 4605775799364771600 13823788853965313702 13823967933927798117 13815774265622803211 13828930015710398147 4603243649008105591 13826282792131271746 13824853927469202997 13828139240749602454 13829210235454337806 4591694450967681322 4602826690517791384 4602826704726277134 4599752936722380261 4605263782199753126 13815065886122282822 4606608002400032809 13823125017048151498 13806855779115763532 13812628438305888478 13803505396575209640 4579779721786875184 13829356083365481770 13826017773650016710 13830544359842365168 4576580513199760057 13810218059997086648 4586632453289520784 4602648182648997204 13829346061894610037 4589175350003291027 4583510326960549665 13804645925418382226 13812899582741080372 13823823041197332092 4604941400539352832 4603021753237497462 0  0  0
10 132 321 321 213 321 321 123 321 321 321 213 321 321 321 13835492922174631514 13835398443889001641 4613093570164840952 13817077917687383291 4604463130727044302 13827895862565274569 4593198888124720837 4604624327637638070 4604372038325551828 4607046777866046939 4569460131686180803 13818768090771339244 13812580528341903303 4607080431760719749 13817445890009067564 13810605049098783050 13817560401507848998 13830455624530933776 13830525654352534006 13811558300913301230 4588419299793239560 4591779539180924662 4586307127821454552 4588016107434471592 4601757602567703819 4598415824551811979 13829238614547954622 13829122744182530379 4601730861488612622 13822522262288094986 4599110680284889446 4605873591148333843 4601279213139660865 4576347055200482452 13813840243243405388 4591097942408478828 4606659581192073069 13816112592996103863 13820691470890808013 4593961328223235085 0  0  0
1 132 312 321 321 321 321 123 321 321 321 321 321 321 321 13827081912078883808 4612616299621734546 13815397165520946080 13826195458872078232 4605828911012988329 13815812766609459572 13825523324366604200 13824007946743877724 13828690652937276424 13827993003956992634 13823501307005066652 4603574910760137518 13792190437553284895 13829131971600227536 4603033311197085224 13819597799559508318 4602943506581634818 4605610261182983013 13830379907540342583 13815477629407293282 13818538376593692011 4589943086644293444 13813660678842377359 4587252139383931548 4605477049102360011 4603448598195363367 4575141687936371648 4603447721519025021 13828849226585713260 4578044481048363040 4578629980793699200 13796223702112384448 13830553567770904968 4579254247458126577 4592356204895766424 13810426048650647836 4603925096243122292 13814472626212940839 4604880289960417468 4595446023696650245 0  0  0
13 321 213 321 321 321 213 321 132 321 321 213 321 321 213 13833427812668994022 13835838592747448385 13828658919474305092 13799853673877838877 4592427004497441240 13830501650914944114 13806066316424982105 13830499582890922744 13815780892453200020 13830551385911241937 4582366708906664992 4577965347461973494 4589110238847977664 4606758856243519923 4599015012010159205 4580903271431815104 4599004975901693060 13830149092883368104 13830535576750032435 4589326766405638917 4562439418976455348 13801217556104071656 4579817231958966296 13803765726589830560 13830445524649785852 13800642653428507682 13818113315306155991 13818126399314539539 4589693921681089857 4607051251265869807 4554912470674738112 4607159942975607258 13813123689545911433 4579138015842297604 13802218346726881825 4580311471167664377 4604715128890859159 13823357565118430718 13812860378856434024 4594163661074463550 0  0  0
8 321 321 213 321 321 321 132 312 213 321 321 321 321 123 4608688525667957628 4608742302248997536 4614186624976113760 13820658360677044187 13828813014538071450 13826468558954237431 4603466323518440434 13826590224804478031 4603438519539741642 13828548304814053543 13819359871531497542 4603579670743412929 13823274563123599950 4598736252399185418 4606238157247102010 13795168887652171953 4606764025587629139 13822469680130397056 13829998408576784959 13815831527298643787 13822962522090111416 4588184839275385444 13808137614082320042 4576861605649014888 13825651796565623406 13818226025097180637 13829330827641394132 4601119140010065819 4605629332409754434 13823884548801488680 4605156496782295358 13826399596077607228 13822992171279048252 13807710633013567150 13798305047974250350 4588389514757217288 13817159755414066200 13808664908659783508 4591990958357104643 4607055207377213384 0  0  0
4 321 321 231 321 213 321 213 321 321 321 321 321 312 321 13799199504326616832 4608187921650941712 13830789571626564844 13824382803389308823 4599515283764157739 13829236649637656983 4598224592532516143 4606626918168445480 4597668409825497838 4606079742316587268 13816657648194801720 13825407108491129973 4588004987475062657 4601680270350264050 13829600495668536959 13830315140013321717 4597205260341567551 4587606042969203118 4597181509015481500 4605989161652197191 4601686218365175709 13813291347058181032 13814610033269061082 13814761707767407860 4587667077397416336 4604792686110754638 13827639766668430694 13829513699469068531 4599948699779304582 4599262680763983181 4602025141317565168 4603418152099943735 4604191527939813307 13798889713706022048 4570782027464973528 13817917667166538526 13818362417706333602 4604389400779920738 4604253635562645973 4584354080480121495 0  0  0
0 213 321 321 321 321 132 321 321 321 321 321 321 321 321 4613722781893444974 4601284231248544536 13836857696695876200 4603509748458566587 13827033459201306313 13826298468720227953 4601714422543128917 13822392140431487007 4605778271599248322 13827588843209062286 13828171427886056469 4591589017369102362 4597964150427564706 4604800227481144171 4603867597271462002 4594878657801714181 13827610939782235603 4604680845645524931 4606792393271555781 13813524784650634362 13822104606596893864 4587722686775896628 4591293473357065054 13812287925925160516 13829925166855699810 13823464008101157865 4591039507255160068 13813744181130480172 13809373737232590393 13830518730099563704 4600131100349388690 13829955059055701333 4576610933375387760 13814303126419681763 4587744842839434416 13812910071295759375 13818160114055633525 4604036951906282977 4601227975830319377 13822709605430275264 0  0  0
6 321 123 321 321 321 321 312 321 321 321 321 321 321 321 13810827445641660736 13832835314665266653 13830321030353257944 4595577874535701803 4605650580947622568 13826309684441886841 13828834793388672470 4601403496665065558 4600903760277655990 4603220371038426161 4600091317982644814 4604911164468980328 13824637942566581778 13829367068947626335 4598388345882195619 13797134151731867465 4598922485037484783 4606791115030755467 13829714768687330569 4600906887434565325 13817160199900434271 4591567515457713316 13815113043573583666 13813779509569255357 13826912455682966748 4603453322757700506 4603123542649947195 4600331048599501696 13824379457059672707 4605697795524330223 4604598402360509455 4604485352145384830 4583133691557411490 13818246931451307129 4576250877140692640 13791402326727221514 13789781974001688710 4598546714711562265 13828239890172911294 4603688509042376404 0  0  0
2 321 321 213 321 321 321 321 321 321 321 213 321 321 321 13831532544230898215 13835957490669890158 13834827553907092803 13827821838932529607 4604546605685385980 13816670125980812884 4602734789004829334 4600269830957672984 13828579742982107892 13826126511667150652 13826992527728177246 13827070758891810287 4599782432781160818 13829714725544517050 4598182308435811499 4592074499191853464 13820784737733369504 13830266388168340098 4606597581013729340 4600050856177483593 4580159651081318598 4575944946319178728 4584244114496825392 13813246896324995477 13829426508400784603 4593159416486014000 13825509930785927278 4577599482245211264 13830237208558675745 13821778306102048534 13825769911982366754 13821012877208283280 4605765078794942978 4584368939558359060 13800085479247805090 13813221958682117111 4591765159965040667 4604085270518043681 4604091974948761486 13823495050767187355 0  0  0
12 321 231 321 321 321 321 321 321 321 321 321 321 231 321 4609166358013428892 4611108011588272916 4609477803312113164 13826263099944826360 13822248998207239742 4605394399776662606 13828270828076825810 13822410059201581003 13826906701666557956 4601070009467830098 13829742143513051465 13812140525344352167 4590705412955535055 13828882663381749844 4603347378718861329 4603094763633159180 4602854793783381783 4604093775900676354 13829054420449905837 4598329098968864312 4602469141970316613 4580885448971878356 4586671515556699288 4587784698705056504 13822910847951341900 13827442170111129011 13827693283382732063 13821515401948355372 13827282978537814663 4604747610972842401 13829762416437265377 4601014949492954956 4586554050767519099 13813193737283847448 4572776615081026992 4571513731437000220 4603422379972355704 13826294138039321508 13823545987346445989 4602702247803111855 0  0  0
7 321 321 132 321 321 321 321 123 321 321 321 321 123 213 13829064224041814948 4608671061558894672 13837104340958830250 13827878331315085980 4600377718141870539 13827006577831097628 13822349006815831098 4603789705166987048 4604699827184677041 4604007066942521198 4604369107764387727 13822961407385544706 13829959617177857455 4599326413141073561 4595322892129272838 4599788425452722960 4606538534506467129 4594580263872397839 13816068382103079738 4596312729858135334 13830318300332692929 4581768173903514848 4576952882541049856 4591381660164979130 13824909607600854424 4599224074939699018 13829160002528391205 13817190522930960550 13830115099569504094 13822091438399026192 13829566587157997712 13802168943146920064 4601870573500711799 13814157415378777139 13809070794027641664 4582407003060767256 4606210420688352369 13822080879571493154 4601602772302107235 13814285371560225924 0  0  0
9 321 321 321 213 321 321 321 321 321 132 321 321 213 321 4598503683776510600 13833367342813604522 4604681693401386588 13822917392041517928 4605090955857125156 13826514855234246758 13808343889427864730 4603342483334548753 4605546692206058837 4606684863060400607 4598810341397674345 13818355885269942335 13810666894342618402 4599523075749537310 13830054368015045948 13819142631799025428 13829946813172853794 13822648104981550523 13830390683753953400 4594849147781034790 4592280111636611399 13813731054300241653 13805770097943248984 4574829145853115040 13823280045333298652 4606107656737133367 13822868755241240995 4606544767101587330 4598613965185147008 13821460701007366575 13817199973964325578 13824000490657918945 13829773621176817365 4571801734082558579 13813916830469860894 4578517216958544250 4602724772365105899 13824514405900412048 4602522605149999370 4603361084904802574 0  0  0
9 321 321 321 132 321 321 132 321 321 321 321 321 132 321 13817423724910733824 4608100723466176552 4602695953431587200 4593049555406664312 4605909962085037605 4602661568735401836 4599802924138854355 13826109497629981421 4605310860407321379 4606579552608002774 4590260712110325611 13823370574811418076 13830499979804478713 13814899254395241856 13811411555945736609 13815045939012382230 4602972292402922866 4605748199799539698 13810876867944838089 4605750298717155748 13826398764658058451 4588838009389690564 13812800624748539538 4589173988222425640 13822106404958081484 4603591013117643984 4604912501163178155 13828031260402815506 13827379531010351650 4598175797257582094 4603891816059773857 13825477728450386508 4603712978247032652 13800211887494028932 4579867021182725940 4592421055252897246 4604557371252960958 4599455808676960177 13818878330428959239 4599055104859968280 0  0  0
1 321 312 231 321 321 312 321 321 321 321 312 321 321 321 4614222173789843102 4612890364057809238 13835125020296673596 4586762987547167278 4607044516192262439 4595227653841556760 13808167927102809892 4595283260133923900 13830419035092304769 13830540334242571654 4585884160055270244 4585845525048695249 4592488399146070655 13827258840350727724 13828442977424710564 13814501242501341043 13828511983582119962 4603829349992807540 13830464662811069613 4557993065313160460 13817614666642788842 13807918826641782016 13813082468870456837 4579384350660300688 4605752360650191110 4600742712821494474 13823741860226750203 13825102510928154218 4593246179348553244 13829531154445115499 13822513679996041846 4606389768945941319 4598639729434660884 13811998414937649100 13798321468366306082 13810819638778657825 13823199005674082204 4579104753227225297 4603006374306441559 4605125188421000432 0  0  0
13 321 321 312 321 321 312 132 321 321 321 321 321 132 132 4614004543759380008 13837003112728687802 4609490945224809700 4572506350905249644 4600173336309085756 13829947224620781392 4606386750551313994 4600544901660813460 4594666960511550558 4601073863808504920 13829212180334927638 13822936118340890082 13815616339795691849 13830013209371246355 13822894998615157553 13800240762269242516 4599573169747661146 13830056932750845856 4607132001100543273 13814965612645036438 13809842144607238445 4581692024485432256 4589650544021743010 4590738567960948102 4602761960041217272 13804757113893638374 13829297057084754832 4599066381473604772 13829952467818971983 4596330362206033151 13828814689714283000 13823508954919861539 13825496829290697357 13812593468459738300 13809519979930311610 13813893514223310293 13817494887375022018 4601104419977604207 4606151733100011593 4595045222796546540 0  0  0
6 321 312 321 321 321 213 321 132 321 231 321 321 321 213 4610881817135676516 13833543122354386037 13831637389746852550 13807339673834620235 4601450216845506950 4606295290452069151 4607008714385206362 13818383619455505928 4592522383953350322 4596132573955825225 4606167015000273693 13824588000570600191 4606058838627826701 13823759463715660813 13822594394688315710 13797193188351677219 13827363227904918286 4605052789983332261 13825755728819464323 13827549639105724294 13826658615361441343 13815216406958556746 13813364522818328250 13805618658827246548 4606609142892855164 4598969428170183646 13819447308190173897 4589339286221058272 13827687088595892092 13828111601342373508 13823258832033932813 4604209737417655235 13827468162714167524 13816010524717207555 4588894177106521430 13772402676570774784 4589486287356721581 4576040713358709193 4596786147211747104 4606957774916865897 0  0  0
4 321 321 321 321 123 321 123 321 321 321 321 321 321 213 4612775720059639994 4612186030672129132 13821031656136178976 4602870045248783046 4605563957551237915 13821020435162885912 13818269406349304290 4600234852601345060 4606440148005737206 4605727481450458807 13824985239305055445 4599442510750528447 13829485342608214605 13818475370854019168 13825022298001635527 13818497553941001435 4607051991765498763 13808942605785130939 4601646126864914665 4585947571443478076 13829615753260622786 13814291964177942928 4590314872078928626 13808051045916869594 13828042009157000005 13827788040164581606 13790906910409237760 4604312811750145026 13827940048049767862 4595607666572335418 13817061626726705642 4593754036151509610 4607037351348901634 4575960687209290931 13816713166772609325 13800273013929917100 4606460008915633553 13823745140314285686 4597712678471560942 4595248159727903798 0  0  0
1 132 213 312 321 321 321 321 321 321 321 321 321 321 321 13828354153151212904 13835500441487347818 4609211072049520768 13828285847336527721 4603939289059538959 4595488188946773822 4603820606513085224 4603531992107240406 4602709999817537786 4597017235883600948 4602437492097842294 13829167549902057881 4599680745859050112 4606351630239925379 13821625598685409874 4605549898881480166 13824478257391371696 13824234045221971456 13825461814399774032 13813448296257181477 13829481717249964030 13814567223271808436 13794881135661284128 13813290225591915160 4606056276668881874 13825667908875826442 13813246576561035775 13816108456301429662 13811442583106957208 13830484099694041451 4602157018278840840 4606067672755134952 13815361262100119856 13813225438306548485 4590625405290548621 13809149387054404931 4601118592687182743 4603582924864619266 4601158044170905991 13823718438936628114 0  0  0
7 312 321 312 321 321 321 321 231 321 321 321 321 321 321 4610012640407913012 4610043050784387460 13836830830398574566 13824773731224257492 13817255794449833806 13829597178108525634 13823680133835226401 4606540832847635944 4586049289268733504 4605603571900103171 4599918624430362395 13825091750550088547 13829621019505536927 13824559439724756665 13817939671035871360 4594417644201814707 13826920547020064887 4605284015285545890 13824585958352571910 4604350625441394949 4603539212661629909 4583019499802866888 4590816223736792236 13807798805832827092 13828905702888652051 13824169099910255366 13824604058537752352 13822560243573055549 13822792553493594326 4606253523980995717 13825847001865884628 4605932422653419065 4594197083258721569 13809566527350568890 13812519145158882141 4588346004304294058 13817675179298392869 13821485797235569660 13816304044272621867 4606743293357610331 0  0  0
2 321 321 312 321 312 321 321 321 312 321 321 321 321 321 13832527637192527155 13825401008187214224 4607614515418403204 13813643930937761191 4599226514236464764 13830086818272353473 4578980383135433058 13830109046651495093 13822633086257452530 13830526308358909144 13808867685523464661 4589692921528841208 4596299980880344674 13818020823179826904 4606897212424107256 4602808372153819752 4605894869386550552 4584156318315688272 13829062872240064454 4602539363705906134 4598099705002892745 13812015470938820122 4590273331652656102 4587873558976105000 4589282944985327108 13829761357347768476 13824344311757625502 13826687903971325734 13823648315053227511 4604793225529851450 13828920863911272827 4595804653514860127 13826446924184753511 13814986203065291342 4586556164135267402 4584975830336172770 13822275420146290018 4604816561831019219 13816995314392589504 13818060217620237877 0  0  0
0 312 123 321 321 123 132 321 321 321 321 321 321 321 321 13835995518750430363 4596359588449430832 13832750201459889422 4587813906653026798 13829568352200521616 4601811121771862343 13829691981790763350 4594539866862140458 4600879821011162996 13824676296881543991 13824786554059872074 13828728984956378935 13816911800234688818 4607112750488193041 4580061151852885760 4599743070204161626 4583491518324135376 4606651897760633146 4606582549878216815 4593392275311743220 13823128455448627258 4582227435526595096 13813594125597617074 13809925799197831447 4606627651215955891 4599355647536537780 13817613903457148114 13822030863657901918 4606556140518396158 4597813707241084950 4596617024667609526 13819248570619500130 4606826745405603974 4569760606487208788 13814429474218521077 13805812533810898185 4603829222484961145 4598710442363219299 4602046689354542787 13819340091689219688 0  0  0
4 321 321 213 321 312 321 321 321 321 312 321 321 321 321 13833001772337080389 4613202047741408212 4610931401365633588 13828854930631426442 4598351955445834636 13826264368925657054 13826131029715787346 13828345594067979913 4601128500112034518 13822226921355035430 4603600701846781439 4604881725511723614 13818639927141906867 13829385136537875106 13825379542445186548 13827273845223126273 13821769302149744612 4604713788793102054 13828330345150215352 4601185431813951578 13826130377947614299 4590734452412361670 4590503472992478104 4587244793670144832 13813903802178277106 13826085903714696180 4605920696734196556 4605722436149576249 4601464459126230869 4599667309773355719 13826408455620264033 4604909329229279212 4600643032205194210 13796272873981324888 4593455340664759010 4585081220389719710 13825073704297741704 4588714304655411451 4605454880015053442 13823893467474521055 0  0  0
4 321 213 231 321 123 132 321 321 321 132 321 321 321 321 4604373271033262624 13827159330438708696 13837517000073129258 4603031787143391643 4598371082346457271 4605387857952974568 4604345678763583748 4601187208422944667 13826926294771875307 13825868354527222684 4606016608707344424 4586824044209897982 13830454049172450375 13817849542496770198 4581793070633411000 4594497281325052103 13830452045696958900 4583449864925300293 4580574922416568503 4584270592147419407 4607177084358474951 4585025446092722216 4586007946160047608 4588684089031062216 13829466012092475918 4599995906784241032 4599476375074289114 13825618557983863863 13827661029404730669 13826584039636055991 4582114088992721811 13827356926525794914 4605055383601585595 4570504914870611672 13813561742677368968 4581353372501999647 4599753064969312339 4592821726939043461 4594725352051593553 4606476646272270838 0  0  0
1 321 213 321 321 321 321 321 321 321 321 321 321 321 321 13832382404956914760 13831560714672543652 4586785827491424256 4604232702415919238 4604773883118072260 13815601339495215103 4604677649497452802 13827114912204460514 4599274923220524748 4595039911847456270 13822177266150615555 13830055264845028595 13813285117196673310 4606797893567382696 13822082976936746887 13829968324079414523 4584790801306376686 4600037629775651931 4599927757179857441 4598846711780326800 4606215706539755569 4586324464861329892 13812769791651953893 13814479436408572420 4592254071416220277 13826448728111689593 13829044267120814813 4602742042661589112 13827768021005570277 4602820201005051312 13829252690931051922 13825624402940086796 4596487709798403862 4592927491910007635 4581693093435430316 13805792363390942620 13822359877397476355 13826370443797697283 4599570998480170967 4604663692744242681 0  0  0
11 321 321 231 321 321 321 321 321 321 321 321 321 132 321 13823296386748903408 4597538437666841264 4607772640647008212 13826981626888987073 4599744130636037202 13828057126536863393 4605048619556690476 13804569641803680160 13827365850240655242 13820886196934884743 13830025511845210464 13821390092114333626 13820676707593790788 13826585223568049638 4605359278822331442 4601268344496512490 13828700644592835974 13824925565094185455 4606084977114333699 4597726115959202689 4601151676340478912 4589963996029778366 4578119357742833168 13809609699387923255 4596852568451640759 4606135764409967748 13824545282288347370 4601740925720566544 13825460977201458521 13828412996970465427 13829367770887787151 13805932888133593852 13825970615603116074 4586491121663317159 4588726947456681266 13809765944068320576 4604394680838839029 13823439558889595958 13820871167792010945 4587556815845843917 0  0  0
10 321 321 321 321 321 321 321 321 321 321 123 321 321 321 13827776319689391200 13836625087415043136 13834411404805423800 13824197967237147634 13829442525844866622 4598569913193280615 4594761567448775497 13823459903353814635 13829846780347479316 4606322495976446474 13822875398797467083 4598671308471324289 4603393868537544179 4591719741815357236 13828835436336692812 13824305506242147435 13829008917135912650 13824049266824127831 13827927830565502737 4603142661860620055 13824979002657399195 13809989127615621735 13804280868312283136 13813810115226786172 4598844043418385140 4605408409801645703 13826250670682538262 4606508152760045388 13814604706231586730 4600310225314633265 4598115307017340874 13826851641857419429 13828474720734031047 4579423264669591500 13813030953007395328 4588984915112493775 4599888215606405022 13825049008170886723 4601651966692162651 4604462128683677189 0  0  0
11 132 132 321 321 321 312 213 231 321 321 132 231 321 321 13828599730549105224 13826948064390286116 4610747024869934924 4592344034294419518 4603841365986666313 4605110846095595981 13830185205307725591 4598527399423131602 13814339870852006502 13821773971692091449 13828114582664864172 4603867837074754423 4598667422986235915 13822652462756555272 4606362126787882680 4592927771577556183 13829910855977282642 13823403820024087561 4606767262664348753 4596451057442904131 13820531321445217187 13809249545834191911 4584288758138593856 13815034990552770548 4602668394666922320 13829338321354835772 13810570244929577104 4601726547670355536 4596700573716778056 4606008671087882711 13828231093933174656 13825261377920299323 4602519946094179076 13809437455293015029 13814949921987378761 13808134596889964759 4604171327880116257 4595666168819977350 4600305566758439674 4597478448940041680 0  0  0
13 321 321 321 321 321 312 321 321 321 321 321 321 321 312 13824572824935046424 13834843094084261651 13830482533200983644 13822014393793746718 13826877480977628014 13828369373940381413 13829664821176963159 4601475827905733496 13800379097356557168 4599690830455547914 4604298284855061683 13827427731359831905 13827329757259452020 13828417407949025573 4590283473507402080 13824672270532766561 4598498722595106016 13829341836015105860 4603932248748824753 13826848711487543553 13825961241001476115 13810964819759906628 4584658596762962352 4582120880964734536 13826606862779826640 13828882452495589084 13817793505439715268 4602722687606025783 13825637461171947743 4604654942080837650 13827450692343027900 4599625162776210221 4604292237964438895 4553535701880136624 13806177820841800903 4588714067102325064 4606259040559824408 13818965907792757024 4600937686367232732 4583097389475142429 0  0  0
0 321 321 321 321 132 321 321 321 321 321 213 312 321 321 13837345003689597528 4607392681107990140 4613306870102158088 4598659598931127336 4606746962453690857 4593959476465969534 13817031750172388025 4595395721834113818 13830347331419736112 13830128943492356574 4598245828163891396 4595172604932254731 13809418523849166050 4605825873234772325 4602914609789034956 13828552293714191678 13823486331457948786 4602831621199673870 4603825332286341404 13824035115064902044 4604256809975821514 4591053306876432954 4588371690371834092 4590717394632507246 13810246854834206256 4606737124215631872 13822574422307413042 4606626428555087970 4594467835846544689 4599311195036336160 4599845960273531783 13821970288085199347 13829642384236316417 4582643017880829562 4593157785014176352 13812278972962269720 4592057217377928714 4606131012011402219 4601415933480047997 4595538142601195737 0  0  0
7 321 321 321 321 321 321 321 312 321 132 321 321 321 132 13836911329786655848 4609298797603815392 13832050651765064122 4593619038023246961 4605682564996654809 13826396638770494018 4601541929941752832 13826349270184277417 13828072963799472736 13829571675390435093 13817770837285039645 13824796919821747814 13821517560508146741 4598270516076556430 13829961824364644131 4598491867064677247 13829734200278732567 13822803827847556454 13829930795024121402 13822982049441555196 4594866850599873536 4581496190230366560 13812941546204903157 13799471252534700240 13825839853073570957 13825516918071336236 13828168233051184841 13826311714589747437 13826144786736426442 4604281961015108887 13827799160848483002 4604659301127266758 4556625551679465472 4583852462468010206 4580906902283208808 13812580997351469074 13826389960343879241 4586233994893965141 13824209421381704914 4604860781255318966 0  0  0
8 321 213 123 321 321 321 213 321 213 321 321 321 321 321 13837619551276712209 4613814424486082922 13835835682963476491 13823908158615245960 13811315955296787544 4606488622257990797 13822645755776565262 13829947729362477571 13819131948054407552 4606017630763494734 13823470184624630857 4599771180440107722 4591016310203817413 13826681311472791576 13828905293016614814 13827908289052975626 4603062509293756863 13825236654006282354 4604502658832147431 4603732693417377295 13823433534595139355 13810966540109787770 13806812798934867392 4589600676917076420 13818707496480344803 4592115697147150218 4607000455117104617 13829700752596020964 13824413229327699158 13816321338344172278 4600678133016437172 13829713312041198858 4595063601320875231 4589935987873696549 4587346935842037674 4580162365788437218 13826761640209846369 13823940598271707432 13820860411545220870 4604316971803774122 0  0  0
4 321 321 321 321 321 123 321 321 321 321 132 123 321 321 4614109899763924810 4610203017326601740 13832781719181834192 13824164943679650023 13825494918670398100 4605288270908497339 4598686875992543580 13829477995756358734 13823955910617381064 4606059587512223397 4589576803455998874 4602294687913787075 4594129432381720754 13823602394106165245 13829844057225734316 4597652813302002550 4606420010340889674 13822927050733045927 4606840765157958955 13818735286663280619 4596798646320271265 4590132886822733998 4589653047301341380 13814589740819042477 13829018044230932106 4601818018830159863 13822951622172441841 4598933789256690153 13817919906853450046 13830055964171915196 13825621386323809698 13829467468561041253 13799279215909932196 13789369375980483184 4591707503962181879 13814972881454527235 13814613102100912555 4600158063378548024 13828116765002460265 4603349858805860098 0  0  0
13 321 321 321 321 321 321 321 321 321 321 321 321 321 213 4594586064639830256 4601735540302935952 4608862273476548420 4597376399244253400 4598521902665486781 4606603578514627836 13822939142026419399 4606518373696346440 13819271750105427728 13829807362876657540 13821793438470073545 4599060561508433702 13823110180189578667 13828823890575443103 4602384726574018984 13829734631294805204 4601110533421676398 4588353261933783180 13821390687997796800 13824618846529511712 13829414143287263430 4587737980017809656 4587497727982540492 13796369795490646608 4590673220015023198 4597105972069381692 4606928921329299330 4606294616611974299 4600860567713564822 13818586262018753416 13824696336982806626 4606192151839472488 13818496641945712864 4577062420948214236 4589610111687938838 4582542444334285309 13826131788309477935 4602609583054055688 4604463344109673280 13814230125473650736 0  0  0
10 321 321 321 321 312 321 321 321 321 321 132 321 321 321 4612448607079388862 4610357242957780848 13826818666670964840 4592990133841064159 4596328112952307336 13830313234357218447 13827162929693369617 4605176067315534240 4590767442209930920 4605140186590501281 4603552355026130534 4596867668588038936 13809909053313478933 13823000858864094639 4606666318546022448 13811374109912574939 4606669210965146039 4599584849655136448 13830532280035941158 13808831829487201800 13812138786159026034 13810165329759576439 4574777188982338480 4579762921119066664 13828599501968071950 4602970415102360710 13822840749296446333 13825523126501065127 13829160347345004762 13821602223635126874 13824370352929698264 13810256366456690636 4606393062025057168 4585201969259473941 4578028147778837482 4584774643748871749 4605169576687566478 4586688339447786203 13825358674400653788 4598018541794000606 0  0  0
8 132 321 123 132 321 213 321 321 231 321 321 321 132 321 4614169113630184070 4608809654748798468 4614187061454278392 13818589946778503230 4597707707614737182 4606794046287011521 4600523175990338527 13829473003140635231 4598800448971529166 4606367051481743490 4601088974107655456 4588462988775633481 4591110665109293917 4606216116592866650 4601627581401123537 13810265455557951027 13824955102305030497 4606256360171098504 4607136430072492690 13815306650832921043 4567718876815427684 13807554208271063304 4586578350067431976 4585037633384945448 4606981949134439189 4596665710373949237 13806715427204869400 4595368797633949297 13829367722607637711 13825426220636251862 13816682566021759148 4601784939071972898 13829516265222459797 13804953559070446631 13812107757460931324 13797325463428516260 4595418007565242326 4603070989685086224 13824664334929493047 4604515644842679828 0  0  0
5 321 321 321 213 321 132 312 123 321 321 321 321 321 321 4600081860248658456 13836592634454322218 4612402908673775036 4600443916837146208 13828515282079785073 13826141846169618420 4606378375223686140 4601058176583138310 4587272645343342396 4595328376046227591 13825746748567904381 4605909675749548026 4600055893175599743 4604959004332449327 4603167229773501309 13824163675622637672 4604100122970176693 13827322331353183106 13829180488680773712 4575866117633501158 4602956221697715282 13800341809616780592 4591839015439155738 4585709520875413440 4598296398292479989 4591616888885504980 4606837045677010750 4600832269307359116 13829811327412063824 13802632163344503736 4606110190858485781 4600622736662230492 13821977767705704512 4586507950264109872 13814947122332795240 4581129454700035110 4599691558453087377 4603431879990535786 4604796956685361319 4590808512504310688 0  0  0
7 321 213 321 321 321 321 321 231 321 321 321 321 132 321 13830545263416962732 13837478844497574292 13832829000881071231 4604615298280790101 4600255717340820888 13826915444136745330 4598182708093837063 13829922070659636064 13821903551997610518 13827426673476789908 4586450669384368308 13828359565365366628 13817690168944271313 13828996881483705733 13826443683291801492 4593733452286687880 4602943983559479124 13829102772934974484 4607016554971063442 13819341956061881418 4584051474612293413 4590572167340899386 13812634715429861725 4586684495266244532 13824504767814484593 13829236963455589160 13822729076482818866 4606373466513414760 13824069709380509164 13817563253342200131 13794708623902629466 13823258699814412797 4606629307777751592 4573840044616763358 4591380243598487098 4589288359584481531 4603220962581573054 13818428830160876122 4605451956381411554 13813979459679686645 0  0  0
8 321 321 321 321 321 321 321 321 123 321 321 312 321 321 13830640107077450442 13835255168637985962 13825520803996148160 13827719483445287822 13827294276694926328 13823369796020903846 13827570954042646426 4600162464746127808 4604032858871762643 13822239161917429046 4604304544915894142 13827614602647666133 4598794994873973139 4602046862439025302 13829099158402700361 4598862872528804637 13829433581337666472 13824028852969047190 13829783160707531264 13817271814655714787 13823942982270605741 4577237111561973800 4585225553152353048 13814429986012990976 4605988079641280937 13821899223201517910 4601206797208098008 13803598164095133805 4605607956034683039 4603260854318697469 13826003225934164059 13825985677876982422 4604583903744651560 13808927440304651634 13805158273349770204 13814220725157889498 13826589700327800420 13817388660193577013 4605085647575627160 13822134854123987802 0  0  0
1 312 312 321 321 321 321 321 321 213 321 321 321 321 321 13837333854312467762 13837359359148754962 13835745062023407758 4601386215241192869 13829387137433126231 13821291887629348641 4595385263381548730 13819208772159260142 4606889246825485631 13829536937944756582 13825262274370738933 4589775715907501278 4593811924404530604 4605930026024827159 13825908136349188327 4593713380376836991 13826108694932244738 13829230461999735348 13830406743091233823 4587059278071001522 13818805186784230316 4585715541086238708 13813793962320796445 13814214651277786604 13823202498361699656 13829879953360515837 13818490475416368045 13817583766560559543 13816946344879680982 4607023908313847291 13829917254500013832 4600138579661001388 13814322330652092379 4590061613557192934 13813782819021266066 13811750474755954299 13825329969400610088 4601834109784978490 13826429930662054943 4603019476559135819 0  0  0
12 321 321 321 321 213 312 123 321 321 321 321 321 231 321 4604659662590237688 4595917855991213440 4606053306812646792 13817872468485758643 4605932445006553927 4602430142256412872 13817294105808586735 13826090582115982441 4605861263305578225 4607003578060726723 4589116291269083731 4595952050173489625 13823083781611365538 13815796520080607512 4606605400221061340 13822606139924595606 13829888004674303966 13820364380181936774 4606192298607756339 13823561521904353419 4598665792622924163 13813964346499744920 4590355073108376058 13808891064319816256 4602764484350348382 4605814634796510177 13817767096969535196 13826700242407085263 4601955544658694921 4604292451055376744 4603964435569476595 13821782061886666672 4604656075621728884 4584436665071981474 4588538142686001934 13815271006095393828 4597018840106270106 13818056194264488746 4606014527253589425 4601133776921868553 0  0  0
8 321 321 321 321 321 321 213 321 321 132 321 132 321 321 13831459796502696548 13805865635403887104 4608225597884046288 13826634968390603471 4605468459369445100 13818272041769111542 13813833419997735887 13821399997871653900 13830247739401951326 13828944536340826425 13826346436739143738 4596519489221630790 13825947489453575475 13824778852535798126 13828355469523834068 13824619601251344407 4606093298930201590 13820624534699424204 4605028054405852287 4596624929993833376 13827087378139967924 13810548673011366004 4591825214866334066 13803159442909283536 4603324866545370452 4601794234025178244 4604349080509463604 13822114800812704973 4606214472568470160 13823390600533267956 13828488556618337223 4576042090660519232 4603914745260392712 4574385568400920940 4592423422177423979 4583962652984976672 4590699553152109257 13827234330468016595 13822032741231312734 4604655572884313524 0  0  0
6 321 321 321 123 321 321 312 321 321 321 321 321 321 321 4612444328052780580 4611929922353755284 4604892032456425260 13828490808547136515 4600133314532083917 13826288389985346314 13827203613030559884 13822261632064065735 4604681251480930069 4592347551957484373 4606167994254819339 4601751926643088542 13826509358967268635 4604804264597370729 4600760466996051952 13822976152617304767 13827176353865710882 4604550505687882450 4605082357142748583 4598361465047129630 4603459387104141981 13814079219100659272 13813022522141867636 4580497186569074988 13827267167966719123 13818516952081937142 13828342809763568722 4603893784252222294 13827568135365737657 13824022674637008029 13824970892804638875 13828077643090552020 4602947370036465885 4587664107381599196 13802304064926930950 4591579599011250309 4599490014437695805 13828427218717485693 4588811715298208145 4603179217187361783 0  0  0
8 321 321 321 321 321 312 321 321 132 123 321 123 312 321 13819040984838516512 4600100992215030264 13831129241200511062 4594805042609265620 13826091852035981099 4605823113871928459 13830159309959672516 4594146849307211758 4598324737475955365 13821462989947453586 13829223648311094923 13825344614556145793 4597778066684139172 13820685851289507140 4606681053401717540 13812305057592434854 13830321088184127202 13820387525517608812 4606904236699852407 13796281768614019321 13821422855200283236 4589282866240700424 4586266344756545668 13813396552375499384 4584467612356350944 13797120564655173984 4607178039060713784 13827118947422198562 13828623259357567775 4579269193651843024 4605247001065408517 13827120114290993804 13807048401662519472 13813271568930157508 13813367037371676127 4583202856793705598 4596984264952955857 13815734394439703821 13804973337617189146 4606913118005639784 0  0  0
4 321 312 321 321 123 321 321 321 231 321 321 321 321 321 13834747429327099183 4611560554387452632 4612909569189025272 13826830568300475664 13823295267252702295 13828138583685127287 13826093087988247536 13826501644436295240 4604168473483889766 13827252663392477605 4605017223579363432 4594482077517065454 13825282453408877606 4603527766591971198 13827506319751316206 13828183605029489647 4595054932541043191 4604084748442984513 4602642477798849657 4605268448361351786 4600212772904156002 4581590295818274712 4568139371432330496 13808661166354721446 13812567745275989816 4603920416335330740 13828461121518167857 4602769718677365562 13827316622214537338 13826717810938831336 13829273794742232289 13824747362467165827 13822179208663032492 4583634855676340279 4584091581631947706 13799497443253325738 4598115988647006012 13826850047320427751 4604946333281688133 4595043980850227668 0  0  0
5 213 132 321 321 123 321 321 321 321 321 123 321 123 321 4610496456853342680 4610591329340687492 13823098803085569368 13810573719190592675 13823929933957272424 13829858741686958172 13808081069528408579 4606497808437341373 13823909032790308666 4607167170693818969 4577208029402222011 13811777187227818826 4589534535234328638 4604674417899972852 4604381624717508870 13819935304895324612 13827544243574930612 4604636463826271830 4606969589268875017 13819382517504289677 4592094071934645116 4583621772650091992 4581292582940533964 13793664731542600608 4606209853097009455 4599218345454033652 4599632412167494738 4601533747540909199 13824183919019509414 13828822594157582160 13816506789417457696 4605965743348779978 13825833727959600855 4584160004634909502 4574909432972724343 4580023196547760934 13818202752142240242 4602324698376100372 13822996349863945803 4605354907963984320 0  0  0
2 321 321 213 321 321 321 321 321 321 231 123 321 321 321 13836705092819636870 13834187657699334539 4611099459030546008 4579114668618471083 13827165566979470111 4605214306946222121 13829502079434834429 4600136543193788073 4599112803854934471 13825489947246078893 13827801488279911414 13826464498138802692 4598709463319397541 4592646028021237948 4606765287342146840 13821187316323142155 4606910852004383184 13809623811149992896 13829920501211628092 13820361010364676454 4599036488196365620 4590256094664954366 4590421134321194038 13814704193909075471 4598141845758267034 13829370009474711913 4601392002363660092 13818358451859603961 13825574604847990942 13829345942977482703 4606776422055888990 4594444237089119126 13821695129573606211 13814500998678171320 4584232953546545806 4592568757295395544 4598933766754238342 13807508031367302604 4604911283712269887 4603538271469317960 0  0  0
0 312 321 312 321 321 321 321 321 321 321 321 321 321 321 13835454759336722350 13834196824616422299 4612713200708116810 13820844272297507945 4601453058563790584 13829401041616991665 13830098361358040517 13822383701933822767 4592165767022610621 13820232383795891154 4605847437020291928 4602289850443825243 4593324141066807552 13828831717996054909 13826733249755766387 13829418026972643827 4595979885536437937 13825113480748509655 4602158993698475611 4603191808367668361 13827707986598566311 13814916888033491712 4588553323107959676 4590901246622866294 4602915947073619684 13827039149403040856 13826885257164415182 13829205195652228880 13824014778395762262 13823473733180822923 13801270701978952992 4604405758485639918 13828051018050100118 13817478095445564985 4583656154931781787 13805110076991257878 13824635724085760089 4602254753639170234 4599769201133634702 4604420785700810292 0  0  0
2 321 132 231 321 321 123 321 321 132 132 321 321 321 321 4607225475761579400 4598107523160279168 4604029093371223764 4600911789177670547 4600959365402545804 4605574328756855488 13821559502839436086 4606384831620931214 13822920285587645086 13829479873197959540 13813427409461468937 4602097563125053240 13811758151627361778 4597466282541163291 13830297201371977333 13791244172537282266 13830311755588665530 13820846866059882066 13830539745435048371 13800720816864169883 4588246905975277450 4578202103067038416 13809539155871389031 4569872853775415712 4600775877281663212 4605999160367925158 4599074571054339523 4601270993938234904 4593227226642735132 13829643327442035188 13828900786087676324 4602336477145982656 13822800496826773654 13807784275863459699 13791989635608099118 13807993122577713056 13813188780070739348 13824311248312294056 4604539760243316371 4603371660682084604 0  0  0
0 132 321 321 123 321 321 132 132 321 321 321 321 321 321 4612177002437531952 13831471316450673492 13836482993079985645 13813279911651890868 13815822135718873452 4607105668041705212 4589045333977591032 13830488709754259374 13815505699682444756 4607141361940356671 4587882591821505091 4590349578338314571 13826670744358431542 13828856560158096038 4593990613995330204 4602071134322308401 13819173216334234422 4605968919103609783 13827649841835546562 4603170596601681018 4602374331560019673 13804902273638174784 13809393129970493159 4589752416356018110 13825847231372453758 4603565283867298945 13827265745150205420 13828926559598456795 13826635914640244732 4591734719260055590 13822447281958493545 4603292093819048187 4605077932402829912 13812065216429313890 4586875862290143453 4585510937450423796 4598941124282768915 4588834059678925319 4587791585914451563 4606758133739526810 0  0  0
7 321 321 321 132 321 321 321 213 321 321 213 321 321 123 13832881050520712966 4610486038014255904 13836524345025491478 4589812834351412145 13827540133273970851 13828240604320479430 4590677366402149590 4604898106505333987 13827494314445187438 4607127903481680559 13803077771265718326 4592507818451417737 13827769115964929599 13827629396551019966 13821702271654183175 13820891443592718274 13817295038238305874 4606856084687375720 13827716453956860542 4604711586599988210 13812745907733022566 4589421597685750372 4584561028408154696 4568611517088434880 13827937525052229932 4596501804927523743 4604252437671092183 13827590119008912951 4591731543042835558 13828167911313834939 13820314802371268921 13830321521906526507 4589490926005743281 13809104105926952685 13809776348443471094 13809895692949094303 4604482695866212443 4599128502712950177 4597715648141928495 4567766501216280129 0  0  0
1 321 213 321 231 321 321 321 321 321 321 321 321 321 213 13836272176091855297 4613490501384234126 4609391888710416628 13796820256635379394 13825060965568502790 4606241042972739135 4597511255062341059 4606016452097465711 4601493157509326669 13830309460445913186 4596731511965899334 4591720848215282901 4602004343985504922 4598537376315495664 4605781280910250366 13823005538744889764 13829032342006246339 4601725717687344174 4605583664500547797 13825803619227482771 13822357919170019566 13813280519386216007 13806639616312687188 4554650973371729152 13817435080877546546 4598775185559455875 4606726270022645130 13829938575012102622 4598886568036942490 13820456106053298100 13823115833246390833 13829782493001337194 4597260174271765862 4568411222964506514 4588819925446671582 4587185700737512282 4605669723192951970 13823101108545653562 4581137300746570595 4599906863470435052 0  0  0
6 321 321 321 321 321 321 213 321 321 321 321 321 132 321 4613851964691683856 4612092264689471842 13831204432580790160 4604611907439846949 13784577230649638784 4604475904057022644 13827646872907904277 4598166165256963358 4604409311585777754 13818856215242933005 13830269020158969704 4595576901039753028 4586701815840371402 13821771437691195904 13830229107177195188 4589413567759423726 13830212042238589072 4598446015090461597 13830525569078333000 13813480848002283568 13806628377848284664 4574062852770245584 4588062824294162320 4585350114188752424 13823836975540441496 13829725803005140949 13819117252745746552 13796334573992141888 13819562683945066516 4607009520640841091 13829889313180309478 4600352543026267013 4589602719606646386 13812004637671623562 4582745967963431112 4580513301715004288 13803551687530768610 4589841129279148355 13827537786314800609 4604868835392820209 0  0  0
1 321 0 321 321 321 321 321 321 321 321 321 321 321 321 4607568547259544188 13832890235250832702 13833710201505633160 13819352562597763069 4607019896870071487 13792204060670460576 13828907167882785433 13818267888202223546 13826538332270283557 13826452427342252727 13815415642931324007 4605673093780422602 4585198450297719005 4604615687720137892 13827836205153942670 13827707191991470518 13825912670629319936 13826396996622669792 13828111226254495636 4602612572083283616 4602170744992564319 4577818985838310976 4587133753066868884 13813205289140674208 13811080472864742714 4604405336633558621 4604663112432979899 13826407832532627585 13827190391522507575 4603240736701871216 4605743701078282763 13823515227052176990 4600986651080802489 13804450149802851986 13813577257866641392 13808835438825816298 4588585142020904162 4605156789187550206 4603865429830185238 4575772780359775552 0  0  0
1 321 321 321 213 321 321 321 321 321 321 132 123 321 321 4607357262668022180 4613300261894689102 13834881486527511465 4604408077224891445 13826388558472212444 4602353305884667860 4603602748615081246 4605360143183030662 4582700052160798216 13824205514564259041 4598598405880516485 4606064343810844071 4585000847668982065 4604056727597184832 13828362386200200785 13820674967466839512 13828145289717175390 13827331679179339077 13830316639690017933 4596100215089963160 4593515535240486189 4591165869079268934 4563857124391940224 4566442792959032512 13824462758969152517 4593959178307644368 13829667242198539223 4606019642628832115 13820959348812219587 13824831951936581373 13821874348462436207 13830222777088015019 13804671036771594512 13809110095638534967 4590244434169478280 13806387757876287770 4599061804430250496 13807905482345416850 4598834295972100563 4606368257404327160 0  0  0
11 321 321 321 321 321 132 321 321 321 321 321 321 321 321 13836643057280186774 4613958983077407322 13803639119292328960 13812679507526717027 13830531508462480050 13807851681868133856 4586376294996381098 13808350266451256424 4607168999490575766 13830527339323538499 4589205428752280222 4586670871130000988 4599674686875526771 13824382615449110434 4605833898059002189 13829878511399548648 4585000030251377768 4600491693875588652 13819125647868765237 13829767541276509832 13823630288579891331 4576493035879882896 13814960172630028380 4589925595608184766 4587667258605633310 4606228396323534131 13825057614163882557 13818841105371527374 4601719570692723702 4606078118377307312 4607031182730726437 4584787125631451034 4595640052674009145 13816532571646361335 4581282189487909634 4581173422038511352 4597298482886284491 13821204573579766808 4606263273086416289 13822293184994826022 0  0  0
13 321 321 231 321 321 321 321 213 321 123 321 321 123 321 4608616496984546444 13803798560710574336 4607956328612750844 13823203410590213482 4604047757942889326 13827642934328717699 13823619113829993685 4603322567433489153 4604795286709148708 4605974888625648930 4602648866912587651 4586296560282553650 4606314753504909169 13817253238666537176 13824389198367782864 4601285926788548442 4601333082317270931 4605383597976678810 4589616724721767874 13829613653172287899 4601591133406235670 4581473665462264716 4588247328236831792 4587043899462473156 4601898673433545453 13826238319532079822 13828043598656941010 4600821708795399889 4605784917031628016 13823506225872290661 4605346523003385808 13816858499992206083 4603512445028068269 13811380591455002127 4585677709263142842 4585564814456102950 13824451841144018180 13827328370370646689 4593803509544096866 4603888806484750867 0  0  0
11 321 132 321 321 321 321 321 231 321 321 321 231 321 321 13835129854312378871 4610113326035959836 4612348940986709502 13821684697349176584 4602721142590683407 4605596769765525308 4595117643731769282 4605950191836301613 13825638322116979229 13830122362685875088 4578733760176081741 13822551165337473317 4605785114471016484 13820061805394709944 13825916783411774390 4598174101145246891 13827491710611214121 4604556736549359868 13825564171865374710 13828047799377415575 13826099484980962510 4581665684738441940 4587488600398434252 13814450688531458328 4606357282272917298 4595315680850251509 4600548066613173321 4599810335256777159 4597342663119914771 13829765050071405760 13821269347089065674 4606811826586268754 4594498875083463045 13797362081535674952 4591859676738354988 4584457799774924736 13823206218404968130 13817764006826377084 4600971087837717656 4605699127162112906 0  0  0
5 321 321 321 321 321 132 321 321 321 321 321 321 321 321 4606898597602553648 4601608853266944808 13834273731554714788 4587107749136172692 13830245277209180628 13821641724860754850 4592758639773758505 13821499660557949254 4606840598307805268 13830486911317728518 13813444105947881340 4591617022620447933 13819854177089971619 13817689996362980270 13830272421119568778 13818755419652888060 13830271559416449806 4595620002434212808 13830228943782728173 4596498568069333264 4595363998899942708 13813227192876827900 4590186029866380128 4585059162757461452 4604343345563842967 4593909732235592986 13828003154503575092 4603998081117054052 4599873047052761175 4604307877770164883 4599730709931960598 13829920426306172490 4594596126683367955 13812619817571607566 4568953148176132592 13814546288903147924 4604979699143525937 13820391383991149012 13821909297058945359 4601603236747923082 0  0  0
2 321 321 312 321 312 321 321 231 321 321 321 321 321 213 13829965367965588728 13818522344687598448 4609198216130948624 4607076579640366770 13817617237340374180 4588692241757897952 4573868844322365268 4601315100425400428 4606331245490579048 13818042414814666950 13829604106276193230 4601241180603398437 13825182198892605043 4599982163143099924 13828937448042080510 13828884581754421243 13826383775703383177 4597068780848605567 13823596313668719780 4605087670665816312 4602930567042721230 13813534166018783645 13803941291649800288 13813604593169896783 4593336363858909158 13826459619452072656 4605646717859112409 4602658357605031118 4604981386021552910 4601317631361140256 13829277989498808802 4600205967798746426 4600211032311518971 13812647143826622357 13814070328230615003 4584664558987289548 13812875695663441198 4591025152175063494 13827576843245782450 4604791535794480102 0  0  0
0 213 321 321 321 321 321 123 321 321 321 321 321 321 132 4601020590859183272 4610891971857785764 4612614078739808638 4595372187384021968 13829935176251683992 13822828709372084626 13830088352052289683 13812966852253605199 13822629173255528818 4598477280285095110 4600119135438883113 13829607245942545626 13819047330144889698 4607014529737683619 13812767266286497136 13823387821667627288 13817110361106439988 13829899624415619574 13829818954759086576 13817741216775153049 4600310261594728542 4589329848215968950 13814137119620460863 13799379887373244992 13829065708311983312 4602965990630846017 13817679756231065924 13820477785260289257 13826591011757304748 13828741156582434943 13826093084023915608 13827269029090090113 4603440806588737368 13815089038644158850 4585906697682213501 4580321635538680424 13821866504372996464 13815063274197634663 4604172039102759051 4604386606385626841 0  0  0
9 321 321 321 321 321 321 321 321 321 312 321 321 123 321 13836071879832970988 13834695228088830926 13826333013013162996 13822826233418057490 13828502626248885735 13826486175362298222 4604699752860879027 13826709820247563028 4600573224933718610 13827042759585683816 13821983455635355726 4604870641858349795 4598986446150744333 4597869091868346944 4606502043881759826 13822165531982526372 4606695058665870328 13818173639817109290 13829763666353735436 13820347939686606816 4599935821870734498 13809583557066516634 13799221677029395432 4587432317048432988 4605869894098851408 4598869841407141691 13824832429530025223 13826174835393695034 4599836173689298916 13828633490962364114 13813733528129505164 4606229648820632904 4601608539440269507 13812184553247433813 13805056891144541016 4580921812367132868 4603218455138252836 4602050785485588375 13809014895048672832 4604341694695931074 0  0  0
12 321 123 321 321 321 321 321 321 132 312 321 321 213 321 4612448255549281496 4593701898698083104 4593016920543276384 13827911383602548927 4598327771079767611 13827480854587873983 13827900581791669389 13823026251374565796 4603815878668128654 13811734786768576746 4606346011609786263 4601182948860208693 13826387266020274228 4600710733215992828 13828279021865733507 13808972890372461592 4606048927104373959 4602393722028735027 4605763917978491471 4598866651653166412 13825239803628792869 4585134099138168328 13809753884427821098 13814194733683519229 13826709639197193202 4601303734713214774 4604493221461087812 13828670300809256372 13812415479327105216 13827032114636151778 13820277426842974734 13829687227988664220 4600343597236902465 13815099128015490049 4583558312676600578 13766332437855062016 4605800836663990043 13811610803891058911 4597422826340747759 13825583386500362632 0  0  0
9 321 321 321 321 312 321 321 321 321 312 321 321 321 321 13837010149855133067 13828139762002004956 13835344071605401968 4598526059478607209 13819394801162395778 4606678249759926159 4606741125794700815 13815364748971420757 13822303225498919463 4594628412479458516 4606970320224017832 4594699529721937594 4603063268601205025 4605711214985713791 4590003409709936664 4603237919772273345 13824741014917433320 4604553806710474404 4603797112576365442 13823216526618764779 13827871643850820004 13806087950011048288 13804269671811273792 4589649850334975102 13827425117309329327 13812308880309026496 13828350162820012111 13822044533953583288 13829728019464168437 4599311676995199766 13827897704919738320 4601129206743771568 4603361503542233402 13808600874098014004 4586642115572796442 4587305597780555055 13813358675718922930 4604657402471776276 13827328503249111561 4590406199197211591 0  0  0
9 321 321 231 321 321 321 132 321 321 123 321 321 321 321 13836768610116054682 13825434175706332896 13817829898576217424 13818850406770050513 4602115032557929448 13829345849358915154 13824183449773404704 13829100453145633824 13823777064918293874 13829664934354194069 4598674040565838248 4599663911620662462 4597786162882012697 4592684880402036304 13830235322530170588 13817664213851414431 13830362391758570004 13817879668597576116 13830198646645837760 4595387866655530823 13820404081234261527 13803639644971150808 13808441514706480340 13802236736956310184 4597647801392170003 13828132250214545286 4603943523187333358 13817973427914717640 4603790934205261260 4605085233467286486 13830195399297461716 13822036148629590899 4585419422651070272 4578399661425144093 13807412616300337946 4582663898948366766 4594277810861892604 13803784401991432203 13829227952614671165 4602700989110308449 0  0  0
8 321 321 321 321 321 321 321 213 132 213 321 321 321 321 13835308688770973328 4606629981553055504 4613601279278371364 4604569130808429652 4600649787364579193 4603473694037531354 4603475162721118349 13828619586039944108 13819494070906770051 4600645324674023828 4602375202318471964 13828620686420726108 4604972767858107087 4603857514438208135 13819032514429393039 13805542469669400333 13821529339949261298 13830267219726954117 13827453316651212371 4604792674708047205 13818810467521662770 13813499442099675967 4578457470294855592 4585051307210047176 4595008340317201569 13825977625280813970 13829231256430157941 13829796923645394752 13824201703879754052 4588369603204572544 13823659031328929308 4605129806556146680 13826218718996817750 13810381582712891436 4589444458525771464 4581428777632706446 4605603824947708112 13821617323092095734 4596210765382339621 13824389079006700308 0  0  0
1 321 231 312 321 321 321 321 321 213 321 321 321 321 321 13835729024429215086 13836269818045895440 4612554246546169320 4598548416537579886 4603049563409113855 13828718352829069276 13830214056275786846 4595560456888591182 13819982922695420656 4584149710997757512 4605579033255650064 4603297987248923800 13822025566030866636 4604538431780334695 4604043295337392105 13827198777021856457 4600530594790038339 13827665145660392933 13828103558567564872 13826921061792144062 4599759889265035799 4591038032765589718 13812582554779650930 13812759196652143221 4605940836576494747 13824626138985104169 13822123547091825551 13823698332132245575 13817632432865808831 13829819964192812133 4599917788184535285 4606245867668832626 13822039904475341540 4593404749113964969 4585412240327127846 13798880106159317516 4599969399012643364 4603651652728541156 4593449630116701942 4602623078331433978 0  0  0
10 321 321 123 213 321 321 321 321 321 321 231 321 321 321 4604634578799218092 13833444960121142868 4608661243121034624 4589423377625168745 4597824724569389638 4606898298731480616 13803876105636857044 13830285766575361700 4597881354433792140 4607161477231996901 13808181684526835420 13812184567475192919 4598989748895587765 4604699311851392278 4603787281023919683 13821276495015951404 13826717170181599359 4605220167787758645 4606499201782887787 13823924891977862695 4573786679666377747 13812864399654461480 13812273018363598112 13805475473623519384 4602030758611088899 13828287795241267602 4602209997895415778 13829506027228120929 13823405714275627001 4599210089527172976 13812553485906938397 13826604511646426287 13828979281856797286 4570665647686922220 4589978288334700568 4588332887243742655 4605703820099099862 4576299364144379357 13822098550436227969 4601306075793257562 0  0  0
1 213 132 321 321 321 123 321 321 312 321 321 321 321 321 4613710150951877410 13831864137356223806 13828123994308021456 4596187250826743051 4606468005574039736 4599764234615464832 4605982427093450525 13775627364521643008 13826027452135699496 13825313553720482962 4600702788913900701 13828735615404041526 13804243663705894039 4606136668042209928 13825462308324409317 13819986395684192098 13825341386037701950 13829322284588006723 13830358475856202991 4590498930446245846 4596050056737713918 4576317291164764800 13814112866336257933 13805702646513085492 4593091800598561000 13826919855845307682 13828699536782486556 4603773356102878071 4604188298568855262 13824428339881183166 4605152382761839300 13825070535187518594 4601756454509264006 4589689127679869215 13809475760377335870 4585078356943610802 4603837825576618326 4597271826059630322 13805036173045171363 4604877817159087879 0  0  0
4 321 213 321 321 213 123 321 321 321 321 321 312 321 321 13834655482222830194 4611783612836116664 4604963494012010636 13816605982292111608 13822652231418048930 13830039497666751572 13824597347708342577 13829158228553581514 4599650977610814815 13829653897346345830 4601504553954304913 13807692756846696804 13827623394124076057 4601182335135554405 4603662247702954033 4603147638078459689 13821780184329907469 4605302352139831710 4602500038282291845 4606012199468650141 13811141550033002950 13807153653801325448 4576657671254763088 4585780383201596016 4606562660403715567 13822693389885360887 4595862021425481700 13820537211586398610 13814055618973456571 4606925441540039647 13822252618017931874 13830066861369983349 13817850650720123135 13805369554547864360 4586406782241836300 13797663918705218646 4600543009774874079 4606481559321685213 13812973053138165914 4596089417902057269 0  0  0
11 321 321 321 321 321 231 213 321 321 321 321 321 321 321 13832878036575650678 4608307831191987296 13824511346452852040 4600987560737691276 4606372570208811966 13813981986225745572 4600616566903688602 13821592212052870714 13829540955635796581 13829009884538725843 4599591329954522979 13825211417285595220 4605764034801845752 13826336564677954141 13814243795809929450 13823239218442945536 13824392367627779814 13829165163232256005 4601139758993674835 4604860373008426514 13826290154909928046 4584083029348611264 13807035613136811496 13814872306750514138 4590423790932098818 4590121838461704880 4607127648600786581 4607052311063111110 13818137417732574444 13812894320436408735 4594547385225528612 4607046866506357346 13814309807722406752 13814813970947194456 4585856492262264319 13803020272947295139 4605662697049174518 4586817789730636330 13821612660906533688 13819342472237341521 0  0  0
8 132 132 312 321 321 321 321 321 213 321 321 321 321 321 13834740415081758032 4613505724817716744 4610799450545906304 4603384042194007651 13828034472355441896 4600574904404817599 13828007558681335414 13827606147549362399 13819093188781241896 4600675133168587581 13818653001579614773 13829703961209467183 4599216392651724626 13805674284165656480 4606742622348509242 4594916811278804675 4607063514199519137 13807017678028496224 13829995805085063543 4594943465000168488 4599209463697563637 13800865390927992192 13806888162870025148 4591842735485746924 4597933024101051798 4603875535053729803 4604795979379411360 4568366643592790592 13828377036732243656 4604047454950002589 4606911778782018909 13818182953043983926 13819247699335878702 4587841309824894380 4590831947966677822 13806218679052503202 4598268814294406566 4572361531131406288 4606010843108039675 13824645525415371323 0  0  0
12 321 321 132 321 321 321 321 321 231 321 321 321 213 321 13836634128152225389 13837045962741877010 4606510589149868904 4596163707048105135 4601948001003539124 13829354066912055358 4606116142434654963 4599178970735967178 4600148858163099788 4601420853429401951 13829058733564209079 13823270917558302800 4605126466695170957 13822329779832477052 4603256954212185416 13827232894567622445 13821395754092080086 4604801055078721403 13813598155694050285 13829868458454921971 13823797593305839181 4590480661921769594 13808403287194831326 4583724681962253296 13822609668445928478 4598714999632814346 13829734172619895898 13829417953224200133 4598962741384553258 4600652387303587985 4600435242743071410 4606407578082397790 4594712405415133622 13812156936091957483 13813052528040612541 4570734895404933086 13805931727423505464 4598960412731798177 13828444179865075187 4603325241424140688 0  0  0
13 321 321 321 321 321 321 321 321 321 312 123 321 213 321 4613525547113748926 13835831168710945132 13833136622008807682 4597832413026012536 13819328744939140814 13830123809580078232 13828294413861671619 13827490893134346230 13811979387663716944 13827107249499019041 4604726740602460534 13822445022152406064 13828221662832762599 4588502384254526240 13827573045457104008 13826714716461044908 13826702157717720292 4603452907233815421 13823329925524062481 4605543043334849202 4601909463644698864 13810690468798809284 13811602462792332336 4577807161161233232 13828869972824787792 13812075713918535872 13826764763748636980 13826085733895044452 4603311181317779037 4604019341131404437 4598928875705848412 4605555358801484237 13825932638349583157 4585494668217723844 4558542879526607176 13812797227197898730 13827251242839120053 4598416029935398667 4592341417339331124 4604659503713231962 0  0  0
1 321 231 132 321 321 321 321 321 312 312 123 321 123 321 13824283097804601704 4611775638046713814 13832833741915639641 4590943489721916019 13827661247836303530 4604742768922002186 13826497606848287323 13827340848327237680 13826349127018417192 4605659043870976739 13823425831860629063 13824773850085493223 4595044826688391397 13830334658471111184 13817835564548818957 13826563695178781079 4584760883859186120 13829022704338881104 4605510505978266233 4596994687267914052 13826394386129302091 4581099029679265164 4590873011273393444 13806862787901774972 4603874753826456857 13826729961933272151 13826214644400656759 4604378255489618920 4604697610768218565 4585476969360318096 4600048858337614110 13823892777739762236 4605871629841234569 13805816195121024978 4590024921514057147 13810637451472031284 4604282089698863768 13826160499548326035 4603584708865999939 4596477069086874364 0  0  0
4 321 321 321 123 123 321 321 321 321 321 213 321 321 321 4608102110133343144 13826501000959080372 13819796127125659840 4599715497318441418 13819347241369902360 13829859982492599158 13820812653995704752 4606585548077005428 13821990886800655084 4606404453029681841 4599148809922377729 4598533492844042826 4599709872877654526 4602964096395416838 13828553052017062302 13829683254030845541 4601166381111067876 13815593471237978448 4598496578473107819 4604820024703681305 4603756988669540555 13814718387587925743 4589500545821024138 13814211407758029984 13817522147992756646 4605218866550624634 13827021317822149469 4590858501423600379 4603766879551728051 4605194015602440514 4607062223140079927 4588161039447293980 13818054825491707793 4593123044579963511 13808300666389257234 13813415582766004023 4595590864481391962 4606793978574518212 4596563786484665739 13818099964129293614 0  0  0
1 321 123 312 321 321 321 321 321 312 321 321 321 132 321 4607667519225927508 4614093792871716518 4612446317623463460 13827798254078600764 13828031823922186252 4575701896174940848 4603780679557870137 13826900528420392507 4602763349353603699 13823565461579512504 4600128399654503132 4605925939046604879 13808816400584220480 4603794776625040872 4605206661108479276 13822665973822510762 4604795053999206272 13826969877349830136 13830098161613961916 13821830308397539778 4595212720439127966 4587004788013563552 4584637352039157240 13813280397368159509 13828294295663454288 13822515255308463967 4603478284881336688 13815525173093211084 4606566137071898278 4599947248340119186 13827440543779783814 4596365290708512702 13828116979258184057 13814369077646618002 13786840654643436672 4583794723714014327 13815025142800883435 4605599107586630880 13819655470182185250 13822273891228530354 0  0  0
5 123 132 321 321 321 132 231 321 321 321 321 321 321 312 4609882451161870976 13828295001687076640 4605481970196583764 13826152773520955483 4605508549852446064 13821999912242134754 13810381606696966548 4598947407243658602 4606776843309114906 4605904102155352802 4602691127210841628 13816038817051397872 13822551821458375706 13827205353655257305 13827991680681092840 13823244925300540929 13827200984911256875 4604464182853926267 13829542926229701949 4601954355646356772 13806038252018987794 4574971656946507568 4582499082437199284 4591163939296225254 4601514883511260858 4603075497882615650 4604635692800580455 13823431842819448862 13827209857986343968 4604409187097927404 4605628286848331407 13826552439104623232 13813858194905917364 4590483251788221946 4586638050957210881 13802887543988340015 4595123202685213858 4607035709328873296 13815548280516437998 4577146068921298690 0  0  0
10 213 321 321 321 321 132 321 321 321 321 123 213 321 132 4613709323122579202 13832318165098379982 13830883705735877390 4605188061543243384 13826675492214412732 13821797973951191198 4603826988224977821 4604593867700903832 4599324267106618014 4576582812851138702 13824427908041748256 4606390488889377401 4576199335581713680 4593017550370871773 13830493383601762306 4606434436898669759 4600792433033955463 4587974200585663542 4600857370120142583 13829754747653932922 13815446609429333505 13812571210291656058 13804358115650857260 13808585130161269438 13824595016867734588 4602850536527543240 13828256599863361054 4604165033872067713 13823943703097705370 13827322124617016514 13827114661803279403 13828429726139038807 13819191668417966828 4586342979415496104 13801611593584335462 4588735395624310751 4594061539413089628 4601436962057939104 13825619018566770253 4604970338250207874 0  0  0
8 321 321 321 321 321 321 321 321 312 123 321 321 321 321 4609015094556213800 13836700788282853484 4611767600220034286 13826202219301692114 13825338782639375401 4604675887242743376 13827352013955212889 13823271033284433921 13827690494437572106 4603251216838889583 13828911515057497204 13816546533676792056 4605439065322233274 13825147119522359318 4600585274757233560 13826074504174627558 13819011505559620468 4605792055385441134 13822654435873945785 13829427334667084983 13823726109732261554 4586160864076869152 4580209168470047904 4587686716476197052 4602243219019419079 13826978607617908661 13827314576798090708 4598397553738087516 4605310325912763392 13826510751430881755 4605736829691743725 4591454151674239278 4602995112793047207 13805701894068285970 13796183821862962844 4589303801485071556 13826990952636610129 13819089940397458367 13818102054646988846 4605022190446492726 0  0  0
2 321 312 312 213 321 321 321 321 321 321 321 321 321 321 13827882222310470528 13833306335108834987 13834348022607631750 4587522055606305036 4606955768105362673 4596985881281692212 13817525127576753455 13820043771019090540 4606896305936631706 4607083911058088277 13813763573538289182 4593617118274262182 4596996145781478559 13829619043372612743 13824013856680958928 4606766101049202644 4598701526726392880 13816042066649899307 4596647508621947193 13823256837233184420 4606420358352457334 13799121277890550888 13810954273773412874 4586095018244616764 4599812169796293336 13805241734928095184 4606640759097675485 4605185936107379034 4603283692622100334 13821894633797501319 13826296246134535317 4605591111328389162 4596737732546669583 4585506491656629869 13810234172548793842 13807544721833720376 4603484960625785875 4575677549653383729 4603695608013197750 4602914059347640433 0  0  0
11 321 321 321 321 321 321 213 321 321 321 321 312 321 321 13830079859435468684 13836530930561132834 13836879566533171191 13830427258190723687 13818337219746491845 4586849571677790915 4594948946340234922 13830436946484323791 13802193514555573967 4587070755685972772 13796555366563789005 4607171914532640207 13811869083251788128 4606691134526564651 13822818559289341062 4591119817687477070 13822716350626709085 13830058052318701127 13830503095578064694 13814044274056803248 13812827225149032981 4589673527309192184 13808646456066497462 4590364456487494302 13828684539806091313 13812397353625548593 13827013687929476015 13826312893347116065 4603259359823374807 4603882220555965335 4599140633900431764 4605589678778195367 13825687244965723738 13815307721484384416 13797732511231468824 13810170709633605097 4606253868438206195 13824123669966266118 4598063175895120819 4593924950508873235 0  0  0
3 321 321 321 132 321 321 321 321 321 123 321 213 321 321 13833901190112411204 13829908077923639356 4610121561133434768 13827052853257036748 13825543823305479976 4603898403439896872 4603083393698111987 4599640368228936239 4605113012839972986 13826717156606865276 4605534563370861277 4588028994463911041 4595827720327700913 4590816576005268920 13830365775111442831 13814842311850104664 4607120729177361144 4589620233449184120 4606986230755514384 4590411656364554517 4596072644706884867 4585765630679996144 4587451669352618092 4589688900094145962 4604814031886105715 4603141984921730719 13824082705234828878 4583014831612281808 13826955830531638787 13828746152053239705 13827630260876920672 4603391368121859916 13825270074942459152 4584106830910986787 13814169652149519788 13807333149831447108 13824825034180466706 4590544261275272478 4605394363364043664 13824347339853181044 0  0  0
12 123 321 321 321 231 321 321 231 321 321 123 321 321 321 4607625844445122048 4613236687485088938 13833879552472612014 13825007429773044881 13822953765576034801 13829066689343925753 4604486910376377672 4601862384477477047 13826499027926447340 4603218708136209356 13829005482454561246 4583984932762729490 4602226029815517713 4592833834207007006 13829408067706923222 13828065415666639452 4603711346450473150 13822698579258292490 4602686179090198103 4605206445289474749 4600407418885455114 13803574388743788564 13791160151421753280 13813662541334593711 4575880200563050720 4604028221242622880 4605021134773378716 4604919374806235432 4602675303449916114 13824886979778790198 13827517227421387451 4603333264742763367 13825734722106622351 13812332821216322581 4581699784415830604 4586893774591027954 4600898748778922351 4602309283610349836 13826586020556965805 4603077294389282218 0  0  0
3 321 321 321 321 321 321 213 321 321 321 321 312 321 321 13836239134926747025 13826437931510807276 13830765449807304388 4598898009836665988 4601062994491749588 4605962564792288507 4603782191952811293 4603626953865540085 13825981238489680676 13828094218362674278 4604319332727270238 13813787565551348793 4590488118165749618 4606568245810899170 13823417609885867632 4605015482769733520 4595377570386560066 4603825930156346178 4603989899973971205 13822797556839413255 13827795639265424447 4591115585658196102 4571980841373720864 13813273313764862383 4598478139465235429 13829324517077228018 13824755517049981009 13824941097261918990 13826089761143446676 4604876181976195170 13829277818430372561 13800765389534875196 13826168786847844976 4587511736243785917 13814928641814396489 13809239698189733134 13819961133175437266 13823567812064719587 4606351935473547131 13810466257800129109 0  0  0
4 321 321 321 321 123 321 231 321 321 321 321 321 321 321 13828940727910957840 4609801451027709940 13836849415724329338 13830275629433594628 13820021713797447490 4593979163124678734 13819023028890437168 4597227803498064248 13830175281907929309 4595258452047224108 13830124620953853440 13821621918796363212 13830378737301251960 13801121239047405876 13819609951604236610 13819444100388840654 4598679053913023869 4606653540504726947 4586469574311161943 4606826833214596230 13821992898793184265 4577804488582188288 4582961987673651968 13812355212454618474 4597585069439641765 13808958269320579996 13830298641308958000 13826806841746912887 4605322934443171825 13818706511078779733 4605177967621570522 4603645578704955264 4595055401315994677 4588983556085557819 4582532089569400787 4579430686585015548 13821965042657274280 4602464752446595047 4603828500732843862 4603052231494806913 0  0  0
12 321 321 321 312 321 321 321 321 321 321 321 321 321 231 13832568745823130449 13834258495485359425 4610610376210371776 4594332159811519487 4605298605869784731 13826906382693059580 4606968971805723551 13802883536720913160 4596947485944664974 4595009648193064975 13827058150289106281 13828520555362789845 4583367261300104344 13830513792800451341 13814598466553247710 4591082741312010224 4591373702444888388 13830479368024477943 4607143380870807182 4580965019819954609 4591233236340173217 13814893673260750712 4591594935065137638 13815163334371128293 13828418538537879315 4603016537779994770 13823517220844248060 4598331374189225822 13821649253342680890 13829937633686321217 13826884558408531230 13828785239283659592 4588231698444344875 4594926682546956496 4586347236597517052 13806649350640799637 4595201773848071633 13820095864598881639 13828646297184179223 4603164180643854584 0  0  0
2 321 321 321 321 312 321 321 321 321 321 321 321 321 231 4614171552548088706 13835611604638928843 4613665822049900856 13825520254629853740 4605939989806833918 4595950118363298030 13818207101129392018 13822301445020808294 4606672945263327575 4605995657441373364 4601135371490487760 4598588323140022527 13825884888607394183 13828225666230180267 4601914589156395793 4603160853044257802 13827590309474106509 13825932887689381859 4604235850860548618 4577550452874566196 4604837681280650942 4587994095198482360 4583510098925912776 13814572239285968306 13822029437429471793 4604350135331997670 4604240328880820323 4604380365817367562 13823294109577573930 4603907475479026570 4604209396868421182 4603940027727251004 13823821659154649739 13811810961288394290 13807598835699865185 4591003909374514480 13828706295162618203 4592579254727318311 4588979894792113071 4603522664525914477 0  0  0
2 321 321 213 321 321 321 321 321 321 312 321 132 321 321 4610826398318819004 4614146850740744920 13837477766983564354 4579526404000525928 13830500490819885223 4592470538182920084 13822546019729681133 13815788055440365875 13830069097473889106 4606750971627690739 13804605733549991670 13822541200368391459 13825511880013645843 4605056529063013634 13825005947026372476 4589668028547965053 4602960155042572884 4605780667708661060 4606100542773039272 4600269077010579752 13822497932206750369 4588600671301876916 13813546314932350594 13792951771777371072 13792365070196836266 13823162889400822171 13830018836604067906 13822296241756404530 4606281368457839049 13822882347026209057 4606790990601286870 4598594519970777877 13815365921530551899 4583967490093855830 13814150271944477128 4585269732378304052 13817340801453845838 4604775155880458938 4603785555143713432 4595553165682083705 0  0  0
13 312 321 132 321 231 321 321 312 321 132 321 321 321 123 13831401695354313317 13833217617322344493 4604843054006048176 13829910168555696667 13819612519319536108 13822723482867278640 4596091789145133672 4602184046394918142 13829294393054066916 4599397064090924137 13829285993681263345 13824267618556194351 4598250266917473200 13825841256570671115 13829066511401483505 4584161724364239014 4605981434285399894 13826015171344738521 4606882573041684856 4592010534930895394 4597623479316656239 4586790115099284484 13801806331994019056 13813070624102751981 13819209901144571796 13822922249375254567 4606524456006291648 13830398618671603742 4588237213072908024 13818900216959868147 4573174465365467904 13830046396260629802 13823007434729142380 13813019525345225506 13808372098667789152 4585249020539927041 13825783033275895206 4598468033601278198 13815023565312949658 4605626478466807292 0  0  0
1 321 213 321 321 321 321 132 321 321 321 231 321 321 321 4609187384376292032 4614210449289645030 4610139237321613048 4596365253231255063 13829999849462340055 4598749335472280373 4605375910879961965 4599479983924018093 4602740896889364176 13826650409600966820 4593605242392184488 4605512687091474242 4603916947099101711 4595436478090461482 4604935867103972935 13820161684821666026 13829628625993807428 4600654607352070306 4604848421743991737 13824355361417809197 13826367293186765893 13814806097325746008 13786501436250545024 13814980426983403469 4595472440998359284 4596057490469005974 13830246623096946148 4603528363799490826 4605034814440913034 4598327559297207998 4605245536191604961 13827124804815226270 4581310871762409568 4590170107420470714 13813919780965391469 13813433494006260577 4601216621580412621 4600769754493835192 4605531263273708916 4587146391419381305 0  0  0
3 321 321 321 312 321 321 321 231 213 321 321 321 231 213 4583112297724358656 13818937354498189872 13835003437061284135 13829517986047340754 4599042808203085183 13823488714229595702 13824918955020251330 13821852084085603819 4605911130253567308 4594953556300136097 4606429732202603992 4600274841108272451 13825520361946160543 4599509163212279458 13828939602295413500 4590384143037804897 13829751072568130493 13824341838277498679 13829462736827001359 13821651394077070030 4600928891377243496 13809039112723523975 4586752024795903912 4565228585137522880 4580586950741114044 13829836475242562274 13824084894376352089 4603262730055795154 13822694400316179203 4605050112240538902 13828978483928006165 13820964558314627714 4602808871678896056 13809785497602208413 13808529527880900692 4581904393582480221 13810665179165956606 4591111085920423759 13826957568507487303 4605317353909288883 0  0  0
11 132 321 321 321 321 321 321 321 321 321 321 213 321 312 4606865354802336496 4608397606387629640 4612980223045114532 4600183198124347769 13825493695417557486 4605433228050023508 13819336734211825894 13829502003629964782 13824780441305328289 4606399713422306125 4569595309174680083 13824388448732560722 13824531825492827139 13829183027955943039 13822978793996205514 4601163165384432367 13826038523671224118 4605021526390191056 13828832903752896541 4595615002257604420 4603220143482697795 13810960888511750221 4590396925064638364 4588500341972920740 4594844558970898282 4607057169691181841 13811150215893931548 13824848350652745647 4581688899565772320 13829663031059062754 13829540214773669367 4595107813636253596 4601427181352222694 4589511651115766717 13807141409497443351 4590700465592737484 4600247052450680844 4596132104614722242 4602846532869326346 4604918233529411592 0  0  0
6 321 321 312 213 321 321 213 321 132 321 231 321 321 321 4583385815715596160 4612821521374366000 13830085553175380028 4600228586885836192 4603779127452163374 13827790444738642078 13816913546915037656 13827901684925192228 13827833716778789247 13829862897807659410 4599786222997296618 13819030238887077071 13819087376619964102 13827777045088798037 4604471262690715730 13820729793386201880 4604670588166912368 4604069949280617461 13830164590103971249 13809291919530769130 13822236590614994539 4575314725477390032 4591121921161971942 4590349562735258814 13824579862088445580 4601744043816597912 4605291400675224308 4606132610975169086 13786961777846741248 4602111862837662212 4596769033281699746 4606227455048825102 13824165504680144000 4591823110768779278 4586428310443330807 4587439893238630332 13806231993184665484 4598642064914407538 4606305275480447881 13822978245072687155 0  0  0
8 321 312 321 321 321 123 321 321 312 321 321 321 321 321 13836441122317845748 13837147020006210748 13835977000997008336 4604662413880509590 4602960667383502719 4601707896931334585 13824652657399075143 4605794744071180905 13822908215334289854 13826504243936692945 4586795969168928441 4605684276714777351 4604782505341821095 13825998894777051710 13825392151460625781 13814709122024799280 4603601389670740052 13828688028180998112 4604239683104471582 4603799919026618021 4600803148757753952 13809240326959491456 4582515581624058808 4568925892082607776 4605193755218683080 4594532583994811248 4603658935113406077 4600947178510527725 4603791403139875323 13827576740792410870 13825677626243801364 4605088211752908917 4601340731977267820 13806386821445861040 13792727629293132888 4585708574204282608 4605193754893448002 13809527796582284188 13816686491219203782 4603703356795512008 0  0  0
11 321 312 321 321 321 321 321 321 321 321 321 321 321 132 4612163283925938912 4610097266332576048 4611956397932501462 4605986995688092828 13825678491301569032 13817382701173219819 4597854923646645983 4603945865328998913 13828113297256878516 4601517484762327016 4603577922000353536 4604220965637139654 13830124582350632656 4597426198585886630 4596430828182521073 13821847755990648566 13822509874730477286 13829786789845585267 13817890609457869297 13829877767154304445 4599978109705356936 4586619366714773496 4577589503858715840 13810001539762314029 4596366793017179592 13824024186233185940 4606281315706761772 4604432857032134874 4604513701067446843 4594527518014426346 13827770817755863958 4603539112023735405 4601054188561564997 13808687411310713712 4584817812052649617 13809688217935722084 13823233227353648328 4603816929843896705 13825454083291919241 4592472971112287326 0  0  0
11 213 321 123 321 321 321 213 321 321 321 213 312 321 321 13836704807916546516 13831383424242216880 13833371895741842957 4604574615112202612 13824549305883861270 4603283417138124061 13802617448218468721 13828880218480431554 13826776149201812807 4604512520956965001 4600958214018660531 13826809825718809800 13827845083763604242 4603430992654407106 4601113086961128204 4604196879869933441 4604825989788572867 4591046899278577492 13821607258792119261 4599762183967590604 13829711157425654215 13812350209085623405 13813459024285585506 13812715186769877637 13827040895604534103 13825064555127345390 13827451988748061306 4605278453994473132 13821720088171118498 13826567858566952165 4590285108537545732 13829265979296657192 4602764045995982680 4592834912223845616 4575271237161517716 4583334609039244278 4604082106422137601 13822717929046127372 13818771660203345794 13825442331204830971 0  0  0
1 321 213 321 321 321 123 321 321 321 321 321 321 321 321 4613481168559651034 13815656562921122528 13820313865879337888 13787855755715963684 13828518097596113756 4603879326216284490 4562810263809271914 13827251377352488742 13828518091408344654 4607182403235709365 13780095023675036856 4565974237120530087 4597322923928320024 4606788371482988574 4595845563286152850 13826611462701989876 13806844563008324064 4605619936161545286 4605339509434175010 13822290981677057348 4602962597130072909 4591010990347950774 4563830219823007424 13812559025225764116 13810245568255498796 4602839554064802188 13829241254346687956 13821762831716445882 4605550953202753282 4602775278065676645 4606857728852810254 4598087369969546686 4591691206537415275 4587396121792654766 13811319138553037918 4590365120285756405 4585376291533417669 4602951053499952699 4605761752959350322 13814532264338883841 0  0  0
4 321 321 321 321 213 321 312 321 321 321 321 321 132 321 4605107778681724588 4591464312431136480 13827764379132795344 4605742654880595447 13823988413417875603 13823915672385332941 4599889825077903212 4606485369811595623 13818742665774392742 4601207412379861700 4578625399233264149 4606355620920308628 13811618234211810896 13829722113842896229 13824539250067570894 4606341145001512345 13820498306558994508 4600148946989979806 13824578093809280255 13823475759335805321 4605698165590832938 4589832057463906062 4572263162703943632 4582765429202439144 4604622134030737786 4602708372287596530 13825765458936581268 13819958750403534222 4605512035707388243 4603059987084705101 4604185803454351294 13822240306937076865 4604359977119652298 4586190684588440717 4568079876679612640 4589231834039391663 13827267322190009390 4582999199934637723 4601524817905682372 4603914528289009270 0  0  0
1 321 321 321 321 321 312 132 123 321 321 321 312 321 321 13832335899826368966 13836584458272590978 4604373389898927732 4602366858181405207 4600698548094671750 4605238038840677847 13828654725002657454 13819555696705668369 4603422821719130160 4600516102765523271 13829653365738797742 4596871415323976060 13829249829140799038 13824885038891513929 4598742396270586226 13804594478532518531 13826194033953156009 13829261324782469043 4602841027707871203 13828192952631689068 4601467668712334645 4587979999775682480 4590983215358548660 4578162329086918016 13819900747190483038 4606849046421475725 13818874888937882856 4606428910332206484 4598198916594804546 4599286643696373138 4599874842286009192 13815057622942181384 13829957927273496723 4589796575828639511 4590108032836722427 13786614846287845296 4604619085571650022 13823569433920522998 13827007088486672970 4594351928024512525 0  0  0
5 123 321 321 213 321 213 132 312 123 231 321 321 321 312 4607399034985730932 4610077644777583412 4599276864807288568 13828660984642998904 13826986755828930055 4592405655141865288 13824148371466149572 4603886685773909378 4604166008242509644 13825506579714837106 4602371191837725793 13828203361442519787 4604166998733588363 4604898931381605076 4580173612478244400 4594309282430097666 13817861806928393311 4606990407495244770 4604776445533597638 13827391165516346913 13819918056989395822 13807097724819908552 4588143811103446240 13809323728438159143 4589769987606925914 4600598971028090970 13829837328540737553 13824078644889981121 4605919091194248235 4599600979359269299 4606442600024973514 4599726383975377245 4596773298952747233 4588274618574314872 4586693547125786243 13803494163171487001 4601520997150338703 4600879460691693644 4605302699781870090 13818107449356744552 0  0  0
1 321 231 321 321 321 213 321 321 321 321 321 321 321 132 13833749267196771757 13835395936986402168 13827430472885230068 4598522066098804846 4596688083643497944 13830015637108553810 13825041422421229558 13829108013820276708 13822691141807581486 13829245104640559730 4602695189245959318 13817344463099234250 4599469085200940519 4606325561009026788 13822063187233543685 13823914500263238632 13817780768038010308 13829769844203193714 13829352694563261050 4600878562896055449 4599045544637272653 13811001410400032535 4590830595015624358 4577350577596448408 13829372242336126722 13820863332859919984 13824935279191679170 4602584481672274068 13825046081335009331 13828274823756277729 13805385698160244992 13829344059032018317 4602680777200112261 4581578469189218208 13813201772500213529 13812904183712419898 4590807439058644702 4594255788089880846 4603771165931925209 4605075042048907791 0  0  0
6 321 321 321 321 321 321 213 321 321 321 321 132 321 321 13834605380674609299 4613456334517545542 4614244884182182570 13829249386288767329 4590748436819893076 13826154692809832190 13822154961178257769 13829671685168671356 4599534021274560109 13824860427310532472 4601299183690550096 4605338265735816818 4606798164331069077 4598655927020757818 4590670456623858450 13818990994144726952 4599824879116959002 4606485639327770674 4597339727456239221 13829637569088572914 4600454813602724861 13802275082474832304 13814655930509812912 13814053382299495498 13830364363422446995 13817948726099763596 13817535904907707450 13818060866174555480 4591166859098285716 4607038854719034443 13817411695718369714 4607043174806969413 13816059241043121886 4585713375449140848 13814406383665332006 13813752703602058902 13818195883507089114 4597042164381898843 4606829110250773474 4589500331392100195 0  0  0
3 321 321 231 312 231 321 321 321 321 321 321 321 321 321 13833319775583092830 13834863236460987387 4612943786301040462 13826779390282387387 13820718111113125066 13828588163872327892 4597694084143743579 4606027334560458893 13824771675380615110 4605190278572121140 13824865138162846343 13825198334566517164 4588775138544615732 4602649965369066922 13829337448801151222 4600408925460094666 4605310196542932569 4602360444962829422 4606511402599530601 13823390016326765756 13817549840538862133 4576709651779618432 13808982791783809831 13798516084222960160 13826731768794960663 13828779826484013547 13818111986250725482 4604525675354037984 13824096492743101704 13826873204731491487 4601134107616418770 13825139073893196746 4605304280715108730 4583138948992479076 4583138885157207461 4579890262789731456 13819718033631860726 4605170315779520897 13823682087763216266 13817842486101116498 0  0  0
2 123 231 231 321 321 321 321 132 321 321 321 123 321 213 13835972465227055255 13818630210045170928 4613601212972776154 4594318021772333045 4604492871710634996 4604464834185955078 13821629998068206872 13827453573599090930 4604577283582693290 4606789936580149907 13822076479708762951 4590777813945097249 4598832630115139983 13818228759782381655 13830058898324193825 4592354914584249458 4607051341126152489 13817306580128602500 4606751145826961428 13812572679666289044 4599061093486042794 4590971227461554780 4585289372235359748 13811260129016174359 13810193870203527178 4592408291992567448 13830492608758356563 13812514223181018726 13830487529142193818 13815566936843082652 13830527302297638481 4588384398437428290 4587737547389119706 4587803185926020311 13808601842736198726 13814381054745965841 13817098795883711591 4591436900127476563 4607022669956963031 13815354226475492109 0  0  0
7 321 321 321 321 321 321 321 213 321 213 321 321 321 321 13832109924263396144 4608647653168356212 4605409819681777368 4603063676092151953 13828769955718950672 13821542497305801289 4593276947075252916 4600304562991337292 13829852174282594974 4605663452786764915 4602148239411441126 4598998056560213067 13828008884061627892 4599290631931438392 4603786251747617737 4598709874196148929 4606713119239055434 13818036100362777898 13827294517037495801 4589333181399937947 13828457976358810433 13805476354388503424 4588014451571499488 13813257606796586269 4601914678435432394 13813695233984680778 4606152831664376933 4603801460487887927 13827676784656156034 13823944072594330048 4603875048300550311 4604737092899074543 13821769504279266603 13813706688338144640 13805745531863275237 4586581819468893424 13817484168637888223 4602478295392414705 4605811120694083772 13818061656810235949 0  0  0
13 231 132 231 321 321 321 321 321 321 321 321 321 321 312 13833013895122763926 4613190047448962312 4607438967837278388 4604977148965796987 4599351937907736130 4603351790945002899 4599420530223605426 4603480220062614185 13828234865501959137 13826704862642013594 4604877465796292228 4599871178437101393 13820165004329608501 4593882052893264467 13830271190044382314 4604798775355350137 4604246868522413697 13813053073390008430 4603973875262141978 13828095220637264426 13821146468374211744 4590077444176676168 13801007035997215016 4580995665375530344 13828846464482516231 4603238433306664502 13818493296518948549 13826793002058706389 13828230253822885388 4599654708199294708 4589283353999491141 4600253732122206993 4606539741999002908 13813098982865504872 13807461809977130318 4580818586471712078 4605444937843403901 13817280572671571236 4602745751389347859 13822382632652057467 0  0  0
7 321 321 132 321 231 321 132 132 321 321 321 321 123 321 13833436397226192294 4607820566566942444 4610070668243010292 13830114048259967420 13817854169286355772 13821932308489882544 13818232754180455005 13826254423158136174 4605721529541249627 13821824573284241624 4605738765855422293 4602205813484086350 13818053205837524960 13830003256514898246 4599230765514461973 4589224799968178746 4599117759017038696 4606741991200317685 13830430105539263730 4595115245123083887 4578736172612664500 4591123946476307072 13809056085706745815 4590476480950084714 13820866051590871449 4606886079580541916 13815701106306355548 13811456313542630384 4591594364649108784 4607126980412138526 4606924605985494389 4597653470358614126 4584576925408994160 13812818182682615032 4589819972729086795 4590468506916131284 13822967583267208174 4600161207972525094 13826223112788335184 4604496935364020412 0  0  0
11 321 123 321 231 321 321 321 213 321 321 321 312 321 321 13835148646892880546 13824202734884812320 13833320896323570661 4598516484506088504 13828616700466984304 4603203581184982643 4603120532475069133 13823371944944852822 13828378194157309386 4605303006033491061 4602773131158347654 4599732480250042298 4604095405999989845 13822043331027999830 4604486467052006894 13824267415006689063 13829797682595627814 4578843016067333216 4603922859060780771 13822263204776539584 13827972469087059200 4590118942065183524 13814771950159060671 13809852880750579146 4602768687427359688 4600172793317673550 13828580276898914328 4597807267150008362 13829936522218415785 13821977244027311518 13828988016078149216 13810387575156465776 13826605041515834698 4585797488000037871 4593111183226433107 13808355112825656654 4585350480314999446 4605082962733202378 4598290193925149562 4603464332010828413 0  0  0
3 321 321 321 213 231 321 321 321 321 213 321 321 321 321 4613466391036149294 4612767961769700458 13832801244008637192 4603495144198871234 13824373932102770389 13827823784579782968 4598267235063883179 4606402551916522407 13822757051849226183 4605070734062134229 4576661476776299024 4603969536726660426 4605427164691985713 4591821008906295452 4603441970745252485 13825408230183236087 13826121457847923516 4604710875399416887 4600319148155856595 13829254788931778709 13823578539409239696 13803372316250316992 4585608747978029608 4587057017828928612 13813147094806209522 13808335738164733000 13830526756777918640 4607133773791647768 13813677646744175886 13812946591405853806 13813496660553651080 13830521792362913904 4585737957730191096 13810432548008856854 13805221542743390238 13808526561637543067 4599849342043481372 4605134224650378986 4599587225421360240 13809125297170836918 0  0  0
10 321 321 321 321 321 321 213 321 321 321 123 321 321 321 4609179205454535944 4613273054825259652 4613052148593112672 13818238761480756503 4601172081926098166 13829611728105414978 4598080646905565681 4606232543819827615 4600378178461794303 4606785402725499480 13818398290824844141 13821348646273983016 4605835649810665959 4602905173159915390 4584419927376563472 13822200901282937849 4601122708499728129 4605959862466851216 4601620998215375189 13828246323271970287 4602697828043821007 13814587006340274631 13809788835425180752 4591230751966266206 4602053327400073036 13828915855381487861 13823133035192927359 4600925966019105478 4603000426965747245 13828232361292650589 4605275219474604254 4596705405317002463 4603387596987799720 13808949843697634313 13817133592824195357 13807101429166292782 13799969592549317903 13826070995830725739 13814228887858100806 4605924995364680858 0  0  0
4 231 321 321 213 213 321 321 321 213 321 321 321 231 321 13818856590352096048 4611736283190307310 13822217352603610472 4574936187609786813 4606787541467774005 4598945464364307862 13818824612402529657 13822215184607267887 4606659026839458513 4607044096054402543 13811867836436805985 4595102722842243552 13825629731815333696 13804875702862020112 13829463447874229007 4602947377367305734 4605301236818260682 13822548573106789255 4604493920121877456 13827053265521046471 13823642906729274222 13813022028545896471 4591573445608163852 4587742317216596028 13826198032283099835 4605445362160783023 13822199216276931159 13827236729706293768 13826812949050610698 13826133323650107120 13826755885355721300 13813954001195682203 4605486353324801754 4591730396968500012 13809172825109615904 4590057006920681076 13826829069035841065 13819577142084364690 13825595564506832753 4603819090286550012 0  0  0
3 231 321 321 321 132 132 321 321 321 321 321 321 321 321 13835041059148555271 4609869266654510780 4609590016367755332 13828002198379138128 4604416611246493150 13813740587071723876 13821676364184035146 13823673740640637482 13829595525835202408 13827386594373781695 13827131624316169300 4601633178916144873 4603054359207604186 4590014913366872520 13829088895852446680 13820851448482277969 13830056474397258836 13820935671112957826 13828827790923550061 4599425067076063394 13825953856976119408 13807291520258548308 13813296740721794279 13807836851886719552 4589086882999241130 13829786225046201178 4600865452061001533 4606308447802708819 4597159687890232540 4600301420695638749 13824703684890250886 4599756802617999022 4605738503792264696 4587769607807629302 13811217466012848866 13809027869181363626 4601687387882948023 4603090691695353279 13825892621123705630 4601517745646385816 0  0  0
12 321 321 123 321 321 123 321 321 321 321 321 321 132 321 4613266817392998452 13836090235035524749 13832090454919204271 4605310926706608997 4603565259232746616 4593276203808822042 13823080813949051109 4598409047509392612 4606324269592700027 4602768639298495854 13828363876202854635 4601037440401567515 4599073240274185653 13830099966271923841 13814664478731437738 4590607827951889600 13813098766193222598 4607129396118958499 13830107824365257162 13822550151436126556 4588411977104354342 13797872724907618688 13796890113024702288 4554142810883840000 13825956742954422522 4603908394888674360 13826876380397077990 13829270705214881887 13825477861042353662 4596855960356560782 13817626825075584086 4603695761953484371 4605177794031510456 13782038578552503900 4576164005400073887 13791185364997696668 4589469489896860506 4600925776894523463 13822870296618435747 4605864546323002171 0  0  0
3 231 321 213 213 321 321 321 231 321 321 321 321 321 321 13834004481816660983 4607789951714869224 13832910262944715034 4606701123957427021 4598025161516424006 13820061262315781276 4599258539880383942 13829396307764252518 4600518111699824114 13814412280364632359 13824690609545726362 13829663628313266850 13824276900417817335 13828899611896177110 4601152944310213794 4602449450045144948 4596141339503795924 4605845152020586328 13828532033388007297 4603077597363242112 4599436763653514894 4589111027094139172 13801274941886185176 13808542454990329584 13827660419518255481 4603777407647798344 13824079099493309298 13827057760663360354 13819191289759137782 4605103354230995780 4600990969033478706 4605029429632760353 4602731119524680164 13808700323394203647 13812545163219265999 13786818690980580560 4589434868842846600 4590391081806900186 13820948519345250485 4606883993935737993 0  0  0
7 321 321 321 321 321 321 231 123 321 321 321 231 321 321 13830795704685086886 13833370173268749528 13836596806815047658 4604563521218796252 4602688879533076079 13825975871202988846 4604438180859873560 13827070082191696978 4600425389017189602 13816406138857900851 13827047702491442132 13828602763149800977 4594453061041115311 4607084818351298936 13796984890614166272 4592149074006844556 13805218892273003440 13830503645835277290 13830407764109756467 4594400646993912593 13815666996800889969 13808130166084407594 13810410081025288551 4588443010869305104 4604707639442174561 13818069673420191928 13827592592428429952 13827126166409708798 4598719891317921448 13828152870715670922 4599087482475013359 4606710284651843494 4592459435406030026 13811370262712262580 13808686516219563314 13810535785892559856 4606517691744913357 13806964436279094807 4589632207027622206 4593933206148579963 0  0  0
11 321 231 321 321 321 321 321 123 321 321 321 213 321 321 4609630741013163904 4612479652760994840 13824521791247552200 4600958155095343814 13822720313114593998 4605908274109001769 4601944937312172900 4606117758547652990 4592394952065394784 13828670759366642928 4599992887450384012 4602691383636105014 13823142374430475196 13823497563012536658 13829384208786600621 13825146041507253400 13828307946197055713 4602391838329515710 13828991642845588297 4603176167999828813 4591363738450691497 13796110789869633488 13804793692676631956 4591683713922667254 13830040809548022403 13813647852249439876 13822873647246242268 13821987526817345616 13823678563331748875 4606176074461976717 13819326786057040424 4606519807374879370 4599543165467782080 13806231582695895866 4591534685202714613 4579349073056902494 13818545368216083133 4600669201912594837 13819585460912417267 4606145900680873617 0  0  0
5 321 123 321 321 321 321 312 321 123 321 132 321 132 321 4613762815148815828 4607957322371675276 13831987749637770575 4604935384478156884 13826726816213465198 13822909479352384344 4600193719903275112 13811372698621471684 4606557051153877944 13826526750494844555 13828899923148179548 4595198036762178258 13830189874501992156 4595632968573835884 13820360613125053381 13819988854436396867 13830303709920580377 4592609729073869692 13819430055044755435 4594596740785572824 4606911391251772497 13810833915267073482 4563381171149760640 4577976249122694424 4603481044993695308 13825102317651425101 13827608803309535804 13828771002301322588 13820524110491521682 13826543561467678742 4591799011911540310 4605979709623767358 13825858240858149706 13809061725044995204 4585030377965078077 13800134086910478816 4595013851097538831 4604103090674897603 13825848441998705284 13821426969913113683 0  0  0
0 231 213 321 321 321 231 321 321 321 321 321 132 321 321 13828113292582546668 4614246847376551940 4612211792046028540 13800212369859950828 13828612375491684851 4603761437894839738 4587671061560355836 4603750485673948042 4605233953072348790 13830541777856198283 4585932769313134436 4585171758433590929 13823833823940815978 4598811648996521726 4606112351970752925 4601993018050039308 13828453148246591970 4601703277156641715 4605406514668104439 4603355308491061857 4594831500174736387 4589814630955988972 13806959882554512700 4587307626722943996 13827156650648254667 4605100584946039893 13817761012841347192 4602878115543280302 4598543899549471270 13828832696019218940 13826795789891876303 13826765893700964518 13826680321694915954 13813286071843913188 13800425769859278196 13811310369502243954 4605789506082278879 13824364088873949880 13820363791146416877 13817902948378891222 0  0  0
10 321 321 321 321 321 321 321 321 321 321 321 321 321 321 4608102267474655004 4604602362916070928 4594433115658737488 13827005975481715320 13824943509024386639 13827524723087738746 4599299224429548561 13829640092279029058 4599227936221244590 13828136227584328926 13804906243687784491 4604313734650455991 13817062675355120410 4602311983539770454 4605997449906120794 13819336616661946033 13829391943700092174 4601845589149619765 4606948142796318690 13815737049493891046 4596366806128427747 13808577641498088790 13813435828027680976 13806737110639399596 13812880121124018952 13830533343866961084 13801904034730532608 13812873750186005350 13799297043839970224 4607161790896468149 13830513718548185007 4589558906165484692 13812822320987884262 4590245353254478237 13805863373411313195 4584705254938523113 4604798341348322771 4597821143116389278 13818250256664745814 13820708254903528764 0  0  0
10 321 321 213 321 321 321 321 321 321 321 231 321 132 321 4609496699434987852 4611470291761887328 4612537290633086014 13813174533157465933 4607141726236685204 4589182111826172464 4593141295501897625 13811318498424051912 4607106629534985960 4607096787189041620 4590290725408968379 13816197457653731160 13828104468199770358 13821194480219636468 13827330976820889112 13819980886465234803 13828899526433557306 4603034580867355194 13827435570294345675 4602907298776142223 4603080810646222951 4586033399552445796 13808575508933322570 4589819370603986990 4604581471729949149 13817189097082292993 4604399263495153722 4604112123027009479 13820438877260890858 13828026712821083982 4597970518490086134 4606886093794884525 13813143690428565902 4590640271613669296 13803909769097108722 13807374680652073829 13817889271112549510 13826601123158957739 4605473874638000394 13813856821251370829 0  0  0
1 321 132 321 321 312 321 321 321 321 321 321 321 321 321 13828322852862827868 13828086267734167648 4611094964309385560 4604079488012080247 13818427903836554548 4604816196967334751 13828047439013361481 4594648393407659282 4604257991020049067 13820556917658150060 13830327108998726746 13804282375769073329 13827172872555322194 4601037657664233958 13827540373557933407 13819471450777524761 13829710295376080754 13823823529775962132 13828364830578811048 13815750569553895178 4603982156402291845 13808579519926584592 13808752218496948176 13805086695878676744 4603241289349577551 13828207968586327060 4600334798836159532 4605615789612107654 4602875135492173076 13820211662544222872 13808655163199829509 4601333301633645106 4606320881243576542 13782853074398093608 13809780284326726284 13808312345770057887 13820112981939015508 13825730116672876539 4604620119215280681 13825324945534237787 0  0  0
4 321 321 321 321 132 321 321 321 321 231 321 321 321 321 13836115303705174620 4610719847420760096 13831074725126485466 4595380779924723226 4607024585364408668 13813133682625111774 4585717097403218521 4589350108569143008 4607156644070037576 4607040694431808030 13818833298792700099 13806715109291527885 13809394317949067668 13829001727307980831 4603217668948425884 13791193178219038544 4603222576859796744 4605635335575474525 13830546975347348875 4584816959508260934 13806185480534750555 4591572237710698328 4587473953627544964 4578453904580770176 4600371285533230475 13819837547211783220 4606334871712858379 4606348093723062912 4598810007858134077 13822605314235203788 13819596839697593065 4606613261123696437 4598893384556828205 4585471032010313634 4591693635998725076 4584834868883692019 13813410995434588830 4600987074285370669 4606206191455648287 4595864672630816080 0  0  0
8 321 321 321 321 321 321 321 321 321 321 123 321 123 132 4612843760628003628 13821795261159257784 4602812198775191672 4580872852723084112 4607177232456994993 4583930116227824096 4592796241390007590 13807839079840255200 4607120643952163854 4607123395140208870 13803018159441544781 13816203450159294485 4595175108237274182 13820214795976556331 4606846607456483420 13830419382977597877 13813795087650442822 4594677074588243477 4586554604148765026 13830318238896525841 13820579773711993164 4590209650236776488 13796304126343466368 13811547134957705754 4602638357998382972 13828378732327232239 13824622568863476113 4599782639250561604 4603729763612455388 13827945735852183856 4605364997090000210 4596765509640823226 4603257455470069623 4589408228556098899 4589131915989968790 4583987444408860492 13823822419362214432 4594389112101006889 13821920901135913632 4606048663342484188 0  0  0
5 321 321 132 321 321 312 321 321 321 123 321 321 321 231 13827271125565794692 13832239465388835718 13834289891337267904 4606854545033464039 13799341847760078528 13821857505327614522 4595749356186432711 4604934243682558087 4603896941946820929 4596201453135215725 13827500370553082067 4604701952778434734 13830066757571080931 13821071466204399953 4597166699609626403 13822516777983635720 4606161018619927813 13823326295583390152 13816268975534678235 13824201196229942090 13829748663070864761 4588588362641637136 13810267138454363898 13815057866996022768 13828762079428510719 4603514748046514538 4590679880570290569 4600146654099920991 4600241726562860234 4605911920791190114 4602295876446573364 4604642637767995142 13826097826669698291 13813993934033300164 13813780932173384649 4586454682686110022 4603417884883378728 4588404120784575241 13825352423325574480 4604185191316906427 0  0  0
2 312 321 132 321 231 321 321 321 321 321 132 321 321 321 13812520561087747328 4606168064038865624 13826357142657933348 13826213932546564441 13824421444973490286 4604938638242516967 4604670026698081587 13827684089514596460 4593704799388901590 4601958779191396773 4603639739474313410 4604014689397387380 13821355900840186828 13828359993160483437 4603639541323356111 13824287453618041513 4604016375417778550 4603996936500224450 13829494208424389336 13814218518382395444 13825381147430351152 4582760142233933676 13804068762853836532 13801786999384676272 13828448515012782882 13826728820892807184 4598830556778243952 4602274756412455300 13820162315763254436 4605856038015740306 13824789308091675044 4605292090428579141 4601540802507260124 13801691432184996105 4572099121297996216 13807651148305873462 4604029956113129470 13817939913196222996 13826976129260211310 4600889936974410159 0  0  0
6 321 321 321 321 321 321 123 321 321 321 321 321 321 213 13833661982852291976 4613144754059174240 4614120242587792552 4594094604996885514 13830095294531437871 4598787763080359844 13825672769023189746 4595927149549642751 4605899135623620823 13829357332683440059 13821606690082948541 13824770759364111047 4603183103607792339 4604613688387285332 13824684822809743365 4583025308041313087 13826274050342118877 13829211070146134519 13829030418787826322 4601998246224959466 13822628902578724894 13792904508493535584 13813183816937802292 4583783961733980880 4603344447520268351 13823542745759732033 13828169127822978514 13826115645889026448 13829306200956922701 4583379455616708616 13827338503073627552 4600111768476011398 13827648258122539473 4569535660947972208 4589269937812971900 13809668725891593301 13827315032845966341 4583143506304541493 13819655650968745528 4604856774951679226 0  0  0
9 321 312 321 321 321 321 321 231 123 213 312 321 213 321 4611215348654547524 13834162599398193630 13835810697842011784 4606828192365966401 4596319739394741394 13819536063886206262 13821991566579842037 4605219653465100796 13826585622831633605 4586044970082092558 4603495830062852651 4605433697017915222 13799443290627930575 13830552436611971800 13804614490194584659 4600758459796891631 4579489397168686492 13829827162764181069 4606455793768649219 13803440658131405017 4600754649023770611 4589644814482244382 4590402038964171876 4590125570973045118 13822122199842721861 13829069212126514849 4602180890282673897 4605236709122808176 4590666751198841180 4603716164076736023 13826528933169218790 4603072860140852815 4603860784739583390 13810764735398253372 4592406429384134607 4587785789746858183 4604765235182002280 13819060507154626685 4603585262329005710 4594104021337449552 0  0  0
0 132 321 231 321 321 321 321 321 321 312 312 321 321 321 4605509064028954256 13830841505665040910 4613110748616655440 13830182608769165733 13812983324924024788 4598642720694652806 4598395245705427813 4595006669326291498 4606743817117767510 13815964807583741529 4607041823030361711 13817489098785326868 13811824320731418620 4605871756186236449 4602825425334613111 13819679501007113774 13826200538609474984 4605677944012300842 4606988582211298477 13811370030089750921 4596339463775178346 13814396824985484557 13810422314700614551 13812543877542684756 4602136414265983810 4604331518752470619 13826578800163877980 4601333409874061647 4600503166015204095 4605577001530830097 4605142334891151753 13827165273217954179 13816143064031231796 13809183248918498397 13815751980247143053 13808061099363397996 4589833864509877962 4604503510412372523 4603586382251575882 4598361952619347389 0  0  0
4 321 321 321 321 123 321 321 231 321 213 321 321 321 312 4612488788501476658 13824348805783415064 13828109344535645560 13827280144015768873 4604318560235378900 4600159455663514927 4600297775469277316 4604289590602039785 13827271557287241733 13827653577195132258 13821944052740418307 13827698598904093728 13816008940472617814 4598216553222262917 4606833880016712800 13824613275430231168 13829549388885177532 4595826227196216609 4606287662099137624 13823952031232667400 4596529003708599015 13811159077439791626 4573687923067561568 13808496431474628254 4593399935125711736 13829469851742156254 4601958908981989392 4603096177032983149 4601707236294966820 4604560439445872431 13829011938869309097 4595126998484898432 4602990696180846348 13806992767795366352 13810825601414127864 4583281326992573663 4605920522087681951 4584480182126740068 4594946796732651613 13823922991481305971 0  0  0
2 321 123 123 321 321 321 321 321 321 321 321 321 321 321 13821730064500031816 4605410386145112664 13832094400349009238 13786821829580299264 4606677721029476187 4599617031019173118 13764492874880604441 13822989073452419180 4606677727610944411 4607182411651901812 4563062575973372133 4557009186541786302 4595546906036249347 13815278656012780984 4606993778354391599 4596363975409031023 13830287881748328796 13817430449859945156 4606855665462715766 4597079110683842847 13818006921165313400 4589835498486514736 13812677270444066302 13815194906427822141 13830407863469248664 4595365224623855528 4587647503537070676 13814424813384135904 13827997550398334439 4604411057296418049 4594798803522938902 4604268085201396163 4604657890215836381 13814293504603706051 13807393080722583764 13815519628480111540 13818304784732266600 13827906142931558089 4596934642944809382 4604078368579367001 0  0  0
11 321 123 231 321 321 321 321 321 123 321 321 123 321 123 4614199994343467088 4612758862006353958 13818903867428677472 4596737956705676095 13829360348124759001 4601796579002811052 4606870719676216583 4598300798125232680 4586572673433425966 13818106269220820621 4601347012649780403 4606204248453751719 13795018624717760961 4603503322174009237 4605437411845731952 4590649629150121972 4605414302318257342 13826854382647905869 13830523245739463501 4589306085179971779 13811115784315071579 4590869845204012454 13805642659375817992 13813180433368130829 13806498876147789696 4605963788600499915 4602693332314461898 13827666242321233754 13823949365043560640 4603811304004399394 4604780759812313186 13822890238271643410 4603555818711648339 13811874363261143732 13814837018787889694 4583715545674531882 13823352720961164671 13809652300354088982 4605776386335735469 13824325016401385252 0  0  0
2 321 321 231 321 321 321 321 213 312 213 321 312 321 321 13827080234387167460 13814753343422630432 13829256571443873012 13828258657064513749 13800898234020051560 4604181618221186623 4603956434123694978 4598351657750278318 4604673796919192812 13819069127564846024 4606872577500701803 13819258754014023392 4578180125411316177 4606509672333872169 13823871388893547462 4595218326969488809 4600368752034005283 4606398896070264953 4607053828478103123 13813424684590529396 13817975204022272266 4582987142330683824 4590627446743791376 4591568046638505434 13824921190485338659 13829186239056447364 4599061127517451278 4598477140360396632 4596207179724204832 4606675779608473373 13829283049661592764 4602543761044852076 4594240958666188436 13811119143463041022 4592833593854807523 4584830892816492083 13819383657382328843 13822355675087796780 4603423180323364271 4604778777860947750 0  0  0
2 321 321 312 321 321 321 321 321 321 321 321 321 321 123 4611801612581719510 4609059619871384848 4608522986835286856 13828145667289457560 4576526846232573328 4604305763031225908 4603399041565018173 13826185213884625227 4603861226254027392 4600091057792126660 4605896096443002084 4600369500982698825 4604205369655905369 4604011815495504006 13823586156530931684 4601505239725737351 4588016054805825976 4606271342359084601 4603599749776962480 13828389971661807932 13821377575373109018 4587754619295831152 13811384848844120205 4585118413135445756 13823138927471864280 13829931053054166604 13817525653764355136 4605807674006119784 13821094044331493768 13825599849563619279 4601043782719602728 13822051020761141633 4606002991820495905 4583763454619082634 4586105146069497774 4589463756530047546 4596514064672014280 4606260706292924335 13820716126041948784 13823848198682169027 0  0  0
11 321 321 321 321 132 321 321 312 321 321 321 213 321 321 4608687944909242704 4602832508352645420 4595505694822630288 4600091641608713487 4604385813670687707 4603854479126982778 4604026257267069647 4599115621091515070 13827831021895214731 13827596291559906186 4604103867943473849 13823172258642605485 13828840085578147019 13824112218849450882 13824905752812657614 4589353393089799170 4604291400654224981 13828133486625444459 4603428860427413180 13827135710980601539 13826269339764128435 13792821170558255808 13808687749463258868 13814995427050011698 13815012319698085608 13826355739454281692 4605741445498565569 4606790043891933040 4595784611145235758 4597344313076097791 13822005142814298932 4605609728572316346 4602549373689255488 13812428083901183248 13808074581740582514 13813530498660913801 4605529611203231279 13823867102500840556 4595305667171465549 4599371897970494618 0  0  0
9 321 321 321 321 321 321 132 321 321 213 321 132 321 123 4613906047964982832 4605363541929884224 4607948577966143788 4603399751332369139 4585294802213047566 13828877395962816812 13828740783557136341 13818731220707751678 13826742172069612639 13818318739431864370 4607042633021758341 13813168590586555236 13805111423483462159 13820954964248805880 4606931237267420998 4587383989228749694 13830296437954825558 13820909195909727178 4607169090090844943 4586476144646299257 4584801837075409392 13810623708376385901 13813148228932034684 13813668268621351050 4600420210314532346 13829778735434522066 4594805783299858202 4597781471352298342 4598324248445860990 4606606170212919702 13829616134830767395 13822686582703404110 4599350417685053958 4585084976290991336 13815475806104306127 4586164756349807800 4604788247237076176 4595809570452661409 4599189053977912997 4592632891187844996 0  0  0
5 321 321 321 321 321 123 123 321 321 321 321 321 321 123 13829314060773297088 13836609780622987000 4609539190791707904 4606300398598571452 13821940494801394682 13823082314933776760 4598700260143435298 4606820908204665570 13806861116243585220 4599600970012831743 13813012884185526877 4606657753950034428 13798686167187748190 4599337143345828722 13830097140479643707 4605367149100869487 4603339495373173768 4595784415508946930 4603597507436003383 13828361605573664938 13821644994745387541 4578620561060011056 4589873366156079786 13814299222820273314 13825504782786500864 4605336076705804653 13823958597057510347 4603362107238106598 4603628732785436621 4603123454363468740 4604202505096927486 4585490441942760388 13828232352570860049 4590771221177042958 4570170907840255456 4590129822882330076 4604104653186888312 4602992619708803320 4591986951731794087 4602857772981888886 0  0  0
7 321 132 312 321 321 321 321 231 321 312 321 321 321 321 4614249881710358818 4613919866986906304 13836522726592757269 4590744083153522170 4604775517334853881 4604257009711712425 4578833177757004760 13827657736392426774 4604791659248201174 4607149499694943071 13811168425464217516 13812864326239336575 4603473162655499972 4600548722993558842 4604596886037484862 13822519271324025357 13827965614888910920 4603870719878379794 4604925467580476301 13826849206611513426 13822503735099252980 13799532322802303952 13804908497309050296 13812381578114898128 13819144863149590519 4604759365001211176 4604095709443297109 4601383467096557239 13826434087499817812 4604685240550638262 4606146105649766515 4601127503187395636 13820231157760218450 13811268546466478728 13808869284640025214 13792484474841204972 4594284185122609227 13808459573128656965 4603995413999775638 4604922382947143888 0  0  0
3 321 321 321 231 231 321 321 321 321 321 321 321 321 321 13837475090644349872 4610787346632113252 13833149049640611957 13819328141212617456 4606914428595902636 4594646681809568542 4598023271700733956 4596247393844609666 13830096895307550590 13830111647256204324 13817636750919399006 13822006450225360739 4604466441351970756 13827376814261012091 4599173045820088484 4604493958191749018 4602992744121151354 13825527674050604087 4594265013146961857 4603067800716924844 4605629653083935413 13808944529562058980 13805911405495782008 13800390356538604560 13830281302439625245 4593667873860664301 4596735827682489703 13819785742007906307 13829620354548898478 13824163622467318012 4594171749096492918 13824708675571245422 4606229825603073405 4584670454243144053 4584912852904268987 13794810357826713243 13813271710794623199 4588413807588414333 4606113204530802974 13825392003444912321 0  0  0
2 321 312 231 321 321 321 321 321 321 321 321 231 312 321 13836256278869731207 4609092886794436052 4612716546818086668 4604081156724614004 4602916205433802047 13826422971450496158 13826295737510568664 4605672834213948516 4595322485125483381 4603043635262056693 4595414254995726014 4605590723663250662 4598779731738558992 4606675342465851540 13818677609956191074 13823555191209138848 13812087153508108544 13829928412322046682 13829547657430140718 4599533942018639701 4599513371939064542 4590407585178709644 4585328564920225640 4584193665361054904 13818186301058808282 4599715786119949549 13829914104537161931 4604629986300506954 4604352660544200874 4593737216727519939 4604296748778605977 13827364117654193692 13823311237936150146 13807091224351870420 4590822860747431835 4581625366485375721 4600707650330769219 13824278429920785716 4591511157598761335 4605587051711930357 0  0  0
7 321 321 231 321 321 321 321 123 321 321 231 132 321 321 13835575426671705094 4604513915703172332 13835376252954889373 4607107285153230098 4593808434565335424 4572377360244225312 4593531396292253649 13830171647839668984 4598370991077227023 4585688444807897709 13821692816017431836 13830242462780100642 13817090333599025329 13823519200171870313 13829875065796771533 4599861371444869451 13829565387737208731 4599060850765931884 13829929220306881774 13822085895440583831 4597668633711404868 13810751433939782304 13813416124472654154 4588015760204813272 13823923482068281649 4604785684663421873 4603234704727772231 13826131424720829525 13827621118096045839 4602994269588524572 4605123747461093864 13813913019420715649 4603859232633173199 13795840499952529388 4592230325160238460 4566142997045206816 13801859133781046785 4605216641025378583 4571706443416349213 4601839914295044655 0  0  0
8 321 321 321 321 321 312 321 321 312 321 321 321 321 321 13836704571601202270 13831818081731838051 4613121616968126376 4591046797801821142 13828222613655080232 13827541650752448343 13793598452011899774 4604191141374395333 13828250787318228709 4607146961959362121 4589582491688481287 4588312157481725301 13822249352693663628 13811305071437430472 4606784450340196380 4597343330547451654 13830318646130615562 4579025751047562688 4606552426108139260 4597124295378990477 4598961479665587791 4567370567340152416 13812694328697249836 13815096926199680156 4597396336677149680 13828945292296249666 4602883417595835860 4606912380553880190 4597735333009698754 13810763512147564376 13814023545033995558 4602845473857563347 4605840614613941855 4567663221180454384 13799285620553756106 13816473808576663078 13826782250440568104 13821924938849713101 13826559701275835190 4602933700762925599 0  0  0
12 321 231 321 321 123 321 321 321 321 321 321 321 312 321 4608488936815125320 13836735122144056560 4595241753856084256 4599186665347747067 13824974719901562072 13829149905037384639 13829954873375713631 4585256706698904056 13823474886050872079 4595906190584464048 4606256231866020751 13824251761823167897 13826141392123946622 13829074584631950176 13819875325434137273 4589863462231744792 13822041441816873003 4606804404345034386 13829267438463695333 4602209653477665045 4596438698995489068 13812862362398547274 4591355435329484062 4591816817721321062 13825705932908207461 4604269207844208250 4603198583763115286 4606066480001972931 4600806671097448651 4598623552060216058 13808564339127039851 4603766794117202918 13828601690634208192 4594586226223232530 4572861917391778296 13804147482587016900 4602864217447945399 13814106609088846399 4605063661520338015 13823711962082313825 0  0  0
13 321 321 132 123 213 321 321 321 321 321 321 321 231 312 4608188611834478192 13836218401366190581 4613681950532659930 4598222663899581130 4605400286842804235 13826420657741006529 13827103726565091404 4603258280761624670 4603116653182440065 4604889180923542649 4596199981191060356 4603916459079915178 13826206068053734296 4592236092726034292 13829197702644328828 4604866599227388721 4603110195515170988 13823972174230546562 4601326827384705871 13829022540069426450 13823554946088034335 13811254753488710029 4589206416590826822 13813940258552356154 13826383257983247351 4597195084320050798 4605504313438355540 13827894572244580398 13827390366583491169 13822220251548632572 4602027290728018664 13828101689403022623 4602726564154558006 13805905197816515516 4581540544249940477 13816115644329935295 13828342640844510548 4598740890698040335 4595012651553027850 4603312634259301644 0  0  0
7 321 321 321 321 321 321 321 123 321 321 321 321 321 132 4613082197879247914 13836227967256820917 4609802111224216376 13816307494832175047 13817386601229892016 4607040470213286874 4594620401451409511 13830388656091289001 13816431736740700060 4607018448733993652 4594052654265225167 4593960861391607462 13829384261314938720 4581937844033615880 13825914388575387952 13821064872366964848 13829607413242795352 4600489678417150188 13824833127285737932 4601702806227591962 4605234659134290656 4574161379183254064 4589808051166231942 4578503432669790312 13823689247367042751 4601725462078662612 4605515013577812088 4606397692312256978 4599781749645223982 4597353039474098244 13818838769933054152 4605630427369733571 13826350370315509020 4585910963065392057 4584924608973856988 4587531555918040832 4602820195576521463 13825930279388992879 4603311930005378674 13824371692348921387 0  0  0
12 321 321 321 321 321 123 321 321 321 123 321 321 321 132 13822176791519372888 4608673884848822592 13833752397387183345 13826276398640303333 13829069233413149886 13818452368233892108 4593713969339191334 4592900939707801808 13830422955317558541 4605756330861502978 13826393852771291957 4586697232085274960 13822161930559193059 4605778844716187902 4601860720243696462 4601191226272916704 4603000764826387836 13828158431123274288 13829321852006423322 13804444298871284935 13826092216923221885 13800461760993637632 13812477562689808944 4582782760480334656 4600390894664289716 13827154360199490653 4604372223831024655 4606517877600637866 4596594378919214036 13822729699273687180 4588040422350730617 4604975447500412956 4604061135486420543 4587626693235704196 13807714842505312089 13808038888466355437 4597266223133891340 4606857890570459917 4597272669364025368 4594248716701610232 0  0  0
9 321 321 321 321 321 321 321 321 321 231 321 321 321 213 4612596595755590756 4606212481943746224 4612723052170353666 4585766483707704497 4605805391537120846 13826320867813052467 4600336228026120643 13826094961829525684 13828571768015269607 13829908036282242223 13818511307086443620 13823043159772083118 4602726067323486821 13826788446536895046 13827287408738067794 13824859247549267178 13828839819196535759 4600792659582783246 13828266524077217810 4590195957727887241 13827505694792264736 13811389811374878234 4585463626441289064 13809166777632185629 4596151818078141508 4602457436519268929 4605842269538935938 13830284106249500982 13808515072310538032 4597839933930660862 4594457638275468788 13829404420795683669 4602073013236390677 13806494098126511872 4586242575514208004 13811939630088992130 4587052662394246218 4606112866611075332 4599302810621680741 13818657899167962855 0  0  0
6 321 321 321 321 213 321 321 123 321 321 321 321 321 321 4607393525430803492 4610416148841546792 13834820054383338791 4588996996871888098 4603040336336235912 13829107367829397993 4595615846386284405 4605573248735342022 4603053784773135942 4607019779589661706 13819148465277825916 13810206122192883698 4591880858427715064 4606752248292945261 13822240006859952019 4603356426722158145 13822303218388109482 13828429769277498637 13828859645058071951 13814478664243707347 13826744384582906915 13812964895677380082 4586355995523150888 13814055877415003647 4606347091071452418 13824496501848186673 13813485445648071226 13824502662844105152 13829177578691348411 13823043199172622687 4589976813907028964 4599678814010220775 13830012897658576199 13813334165782788045 4581342415292982006 4590991518190252512 13824922826225057580 13824592109767399167 13827005979654781732 4602819233474487234 0  0  0
4 321 321 123 312 132 321 321 132 321 321 231 321 321 321 13823998862531066696 4608058137614864380 13834045474452611976 13829693302834740166 4601287044745080145 4588519072702612128 4599921938285823912 4605450148456281786 13825631654869873326 13821488751774970939 13824448080836669282 13829447782870568977 13827888823406031752 13812157521314172286 13827920921014965224 4604570812709785458 13809776020232075419 13827877641245026457 4577728635971295543 13830529840577865966 4589924172783457518 13809168739692824919 4588530242754248868 13800165878627580048 4580483306722627970 13830279581461250392 13821352223485875348 4602013135253185172 4597250225567604541 13829270713609012417 4606157178808396940 13815162790909566313 4601826239450442501 13811396354152704558 4569776671479722624 13809993248019432943 4599362869383638614 4606034216318966634 13822453482902694835 4600591440243888671 0  0  0
8 132 321 321 321 321 321 321 321 231 321 321 321 321 321 13830495886077045608 13835093103492988448 13836037563564139764 13821932395725703471 13821895297213655046 4606498085189679593 4604878223093887291 4603130213064549111 4600497283567949713 13827044932245736349 4605295126419418123 4587529942582359398 13826800437686296604 4603735554775068084 13826302926376069922 4594490833781351637 13826578020425815504 13828899145971146637 13828741903946828409 13826537619499469978 4597618309022401312 4591276802519403286 4585528158346246312 4591403522851801668 13826486442400853542 4603368622645877076 4603630734580428131 13823777181290073136 4602298904255066467 13828701768371491992 13828285133807479371 13827509696663126076 13810320188513835786 4583669861973818186 13814575773127101094 13815076760805764708 4593123192047687473 13818133998287561482 4604640948645707430 4604196037019850962 0  0  0
9 321 321 321 321 321 123 321 132 321 231 321 213 321 321 13837620412627314828 4613735584910191654 13836837232138689950 13828087514671706408 4600845240893149909 13826595964222906561 13827575791913252243 13820562769648255417 4604559861527144844 4594841001476122969 4606190310573857158 4601385642084692660 4592698016121333497 13823863245332122746 13829823398308261534 4582963585229240958 4606510328901529928 13823856426736378967 4607123352877178389 4581096600562375112 4592790053724924685 4579053057173993808 13813975440928033645 13808197853500892922 13829845992775814386 4590781338605552093 13823877682606786813 13823931324699612611 13823786046573555553 4605784732735353476 13813100025349676694 4606492673942684927 4600468375069990189 13798486888954389930 13789031524174848816 13814470080197115775 4591486657006576282 4603752939594921724 4603543767312094964 4594713954519881402 0  0  0
1 312 231 321 321 321 321 321 321 321 123 321 321 321 321 4604303699873988748 13835378036738987631 13835293694473053346 13820953646994161151 4599666150010438745 13829776579566205949 4591154887673239217 4606668835815406330 4599443933072613521 4606895720462607731 13798630773038679420 13821550531012156220 4606506105203715741 13823299728392629858 4594741348965051645 13823158441099669613 13829992432194548565 13813468200506061573 4595336761775438132 4580618375976465759 13830420095095148879 4577696068611585808 13812962988501488646 4584733264972751172 4585977502616370152 13817116843335178419 4607102049299127426 13829871196996585604 13823922979438754383 13801046525014177312 4600515445789115131 13829792811723339220 13817324979608820212 4586010129029290269 4579951287462749200 4589181429151893511 4598708755187372177 13826418754256005371 13822215298689037426 4604836187500129040 0  0  0
0 213 231 321 132 321 321 312 321 321 321 312 321 321 321 13835438187458817049 4599963325224061504 4609184377432801956 13811017346311224559 4606449672543912564 4600726900881040121 4587117235720362894 4600769775024744106 13829814339128302692 13830531786977391446 13807319327983746632 13812706252968217606 4569410765165568495 13830218544251961127 13821917095060938107 13820638521915503532 4598408088638592904 13829998412161364831 4606951879642995586 4589259175366047587 13820306656942162974 13804657229894292424 13805574021733506604 13814615926934624186 13821509965402829010 4594668998642300905 13830161757973194852 13829368540461160272 13825556495441262106 4594593955787010956 13824771127423754057 4605993226656339012 4598179369937676452 4591057510757192292 4579186184381021386 13808458874226251613 4598236902494310000 4606528905205852715 4599998710584473185 4582097334166218383 0  0  0
13 321 321 321 213 321 321 321 321 321 321 132 321 231 321 4611420468560674948 13836086349530494935 4613227816268450548 4597244919694991030 13823326499344812887 4606371794544549272 4596539384990734006 13829618752633404500 13824138591127030147 4606757544744125057 4598616135778145745 13817207001880828932 4604830752995105890 13817566041297513718 13827484825820208149 13806932159370865567 4606923898702851116 13821052879826792034 4604239254577808699 4596109454285078995 4604605277742527826 13813650701938701597 13800310785597009024 4586258826283139424 4605837289455170225 13826276749752091901 13806480226077083024 4596345350517934562 4600291173299673568 13829729883566587292 4602435795586144314 4605089473612354174 4601186947009808147 13812482716842975318 13811840902818548956 13807087241817384317 4604005119973669847 13824754178227256078 4589233357156043107 4603827890545449711 0  0  0
2 321 321 123 321 231 123 321 321 321 321 321 321 213 213 13824376216033133032 4612865190113867380 4611867426788443918 4599679937139413236 4605289292410976867 13826183487274107776 4599701301738632825 4601079276992721676 4605812105485585370 4606113443763654239 13825241524749563101 13817123461699608754 13828322586802006631 4596493675816309403 13827192649172376846 13826014877473199867 13828737638785876514 4599773206382386512 13824816387604148288 4603281486553090496 4604495966298224869 4587949741689640144 4588059927814936308 4585014907460488388 4600261981656486627 13824507844539059052 4605681410103764478 4606550168382157142 4596427077285645196 13822592170489199368 13809338310398543148 4606169451489811906 4601939688761033740 4582900625491404736 4587499433641867632 4589085694548580782 4593935516221705524 4600843955541129285 13828261623787677464 4602840596897078074 0  0  0
10 321 321 321 321 321 321 321 321 321 321 132 321 231 321 4613741890136534606 13837301373512819628 4597475680592809472 13823720756986481652 4606284545591243763 13820759597452185354 13827183332492132637 13812258242715031616 4605179995968864317 4604357320149650670 4601435917063267863 4603451600216876340 13830091730320342484 13814129578548857485 4599163981214903560 4594027267509750355 13830372167512180124 4594496906938318722 4598827523764563951 4595704669697381501 4606649493301997967 13809978252077143463 4551615960381298176 4582684741268155168 4603628017484323891 13828020208318720991 13823207268216998646 4602836985074075323 4583971164309595432 4605877821635553204 13826993775949730583 13827805293653475729 4600686470720123092 13808658023592380661 13790801746999446768 4585406210494328206 4598230575739685622 4604171975712452583 4604158818985904527 13822691909163260198 0  0  0
2 213 321 312 321 321 132 321 321 321 321 132 321 321 321 4612375677250955464 13824595471235616288 13837580696328126426 13828245416042823637 13827386218727639743 4595061494310593548 4596511971075886629 4578753718552719824 4606992514236500420 13827282537124955865 4605032482514567044 4593479455060923065 13829338774316177253 4567021662183321344 13826066274468946742 13818047777377526856 13830136094200813997 4598347330457295632 13825652013315608382 4599097904457624829 4605607752548605196 13786717143673254912 13813547579280392676 13813728009521352808 4605722153084943238 13826460689589032825 4581346283239673360 13825265559528325322 13828031992753378830 13826256599412791485 4599065509546603841 4601401046064748886 13829223200637935142 4585799476857852487 4591648602852526006 4585078851149899594 4599236610556310203 4605872240347635419 13822601211001055067 13819162638220316963 0  0  0
9 132 321 123 321 321 312 321 132 321 213 321 321 132 321 4604679032588213412 4604960476725880680 4610620394674047024 13809408242636571600 13826917383027907860 4605397167627021932 4594271749852997142 4605299101786888780 4603537302793121891 13830456060507743126 4594134596935336189 4587685373910390337 4598354651461707740 4606435329447991750 4599118647253842479 4593986706171465995 4598642203489125363 13830120571383405806 13830160949507735681 4598857580793212092 13810871643162507970 4589612729029520464 4591383820759626656 4587619570860295732 13827760296839034760 4604692993098384447 4582549848227409456 4599006862564721382 4598208926096863884 4606473812682013783 4604125981126206605 4603963265803264483 13824034106125025900 4581809977681701410 4591258342266601446 4590804331318771782 4601101258777923397 13828079578570075657 13818431523351958682 4602917496024463630 0  0  0
5 321 132 321 321 132 132 321 321 321 231 321 321 321 231 13836834744436607933 4597010191610912656 4604678784842642572 13827660405540029068 4602829935258941760 13826247540182119429 13826762782760655033 13828875510283201664 13811115882647596888 13825181796803146743 4598471601194398056 4605844140757681303 13819203592440528576 13823608333040154261 4606395969260236387 13827483137943371324 4604794941521072236 4594928894781730294 13828113821697365378 13826698486908735881 13823818517024269505 13812254590218592144 4585689786801180792 13815068235585651789 13830498591121796978 13810830151238575500 4591798498370722580 13802952020790975338 4606660667743749916 4599708000431900644 13815979898608844304 4599644491106290631 13829986742794415918 4587156133955097842 4571639439399181080 4592650319366146738 4598878368613708628 13826175855645095261 13824326300432689803 4604473546686543291 0  0  0
2 321 321 312 321 321 213 321 231 312 321 321 312 231 321 4614127754374936718 13832901860202249163 4614011859209713842 4605500612650185693 13824048261006239215 13824841639628769948 4603386499567467298 4601980858298702368 4604234207771679872 13812452980630081187 13828730755385935678 4603580417592614695 4600416193296061730 13829588718891808902 4598184801454226007 13828485656521106226 13825147633151920979 13825184819806535688 4602824512465864714 13805885859923444318 13829258793382633192 13807994744485033224 13814914328798838919 4590247943331658406 4600995052960471920 13821962385208339532 4606028435330955087 13828091550810028388 4602353945753641143 4602493445944459056 13826536613193059169 13829046287709441501 13791165725854807848 4590499367813952403 4579536843347716114 4591618547271401639 4603010690522190894 13822507992747750577 13809474905091551499 4605256546776249771 0  0  0
12 321 321 321 321 321 321 321 321 321 321 321 321 312 123 13834847910576094697 13836568853850300774 13835390528278755516 13822794703080586925 4591503923598039840 4606668162866028012 13822005208281124375 13830206031456523626 4570260424418400384 4606342639986453471 13821701696781030875 4599671135755639678 13814909187306698516 4584039617357896668 4607137528564048528 13827326576272530489 13828446891938241556 13809169984337871202 4605030222280193960 13827331376913888031 4591273630239159785 4590271599174187546 4590331977509959736 13813565111688556173 13815929030014977860 4607128018282025134 4574446206445526592 13830338925214568106 13815693979465793037 13819375242243913169 13819308069465953326 13806921007905761936 4607018632006519699 4589646199581726465 13813062886004742707 13814673065377233729 13820318708634212919 4604371230157017734 13826782929886628785 13823131959374683052 0  0  0
3 321 321 321 231 321 123 321 321 132 321 321 321 321 321 4613624162932155436 4613900762110682190 4610290101799316012 13816228114411202057 13830289278234516769 4596818593595942057 4585041179374882674 13820372458215569268 13830333748481343321 4607118826848032561 13815509228366896362 4588459113119203344 4593388992338701873 4604330921845777287 4604659633280847678 4606960097643793629 13820351688810088021 4586183835662567118 4595820790060367600 4604454002729387888 13827787473627110600 13808689049971457764 4591743330160924372 13813161841415691490 13830311680399150981 13815156605589604412 4596675219429858360 13820831575616511369 4600125057840518845 13829697170095881231 4579663568898943903 13829909420606348598 13823732802527650680 4577082964962944475 4592431226823758924 13812743313281788569 13826990646847859404 4594293173006115832 4604961297027158091 4596972215941440511 0  0  0
13 321 321 321 231 321 321 321 132 321 321 321 321 312 132 4613393175949910494 4613791649204448246 13832544138291362927 13828557642956418402 4603586759964166204 4595739898609127960 4602868243162512940 4605201888546172238 13823282595943571796 13823355438794579268 13818827557712218282 13829835754387048475 13812680967073110839 13828827550716292609 4603446832095556794 4595626170518537931 13826828399557740030 13828662903513256222 4607017495987934726 4587941495047225814 4595749577181952166 13811398041262849760 4591356864665382686 4590685912249758842 13826235040276879540 13829224055789009710 4587683746091876152 13828462443253774874 4601603418260255756 13825429710184575126 4600404973173711227 13822130122469167936 13829505088616011415 13810218667186915470 4586486403186842374 13816715984356769517 4598721599300894987 4602951602154350284 13826075910401261889 4603781602299023918 0  0  0
6 321 321 231 321 213 321 213 321 321 321 321 312 321 321 13837452057357253158 13836766686504942095 13828737648316387692 4599325793277592969 4606214160633647778 4599506907570439483 4600482213440815552 4596210607291400212 13829697944432481460 13829392074644325532 4600994239015811940 13822016896165941960 13816981374128879029 4595398101707199620 13830348028443178904 4606134634906527950 4602087392558028738 13807558218156336252 4601802343210650497 13829357343562075783 13820134804404207135 4589672119025370838 4587687095220119736 13808993744450439322 4603056207698241103 13828444018270772381 4599913500648520905 13823894390866365966 13826870954725781466 13827954653308754108 4604925956813133399 4598242199859145308 13827054945071823583 13803436303905919860 13807774253105345772 4591041979914592593 13814668784468634806 4605257993329275095 4601216447892072367 13817523230070052740 0  0  0
11 321 321 123 321 321 321 321 321 321 123 321 231 321 321 13824553762867039544 13835653629743958036 4603603612262224288 13812971794888962147 4597517384893990701 13830287511461443542 13822612678258752709 4606460424092499832 4597868846869379578 4606718962960207952 4599373560270166937 4576134092255502561 13825709890130902144 4596587276133710420 13829222763121479038 4604051659891037216 4604780866347705380 13819424843386154298 4603449798876610650 13827382899801341519 13825819468389861554 4580597653734852276 4588308935187025836 13806786870491015572 13825100033319381453 4598463749961275676 4605866917021185851 4605716202228120749 4601966754453667242 4598986092365874210 13822713548421062748 4605803207260583113 13824765450347659392 13803523655501973940 4584836614648823214 4587946421612946706 4603219662467133887 13818649196972896214 4595073291324337183 4605328618776358870 0  0  0
2 321 321 123 321 321 321 321 321 321 321 321 321 321 321 4591697354359826208 13830663635863228894 4614053153293689756 13817928050411774733 13828935227887120680 4603148459058501591 13817247524408724889 13826385288791572517 13829053125136644288 4607003028925149983 13819629156720823605 13806766489536620819 4601812780043162473 13827265050832401340 13827192328870600083 13828684943646470858 13827026379657616959 4586606011795202880 13824422935095296383 4602254317296333600 13828554433271056459 13806317721164605996 13805304587571133408 13801539462188387344 13824261287186988345 4605717737992377353 4600369830631333125 4605172833342062376 4602909664500374673 13823288036816459367 13825793397881138932 4594571848351298837 13829303870428831588 13801802960693626848 13806774488942914873 4581276067363293032 4570082092611655077 13815045229957866170 4607132832154237743 4585756446038051548 0  0  0
10 321 321 231 321 321 321 321 321 321 321 123 321 321 321 13835554314331437522 4612005195662229632 13833647566989527420 4601497457753818685 4605978252390979250 4598050706699489386 4596756424219276689 13823597977922683979 4606347787369629816 4606063166795321718 13823208893309635589 13823177950931250171 13827996522007972743 13825181460689086882 4602969033098976174 13827462556323542395 4595558497742125611 13828149261974198516 4597696408976103132 13829422615924571518 13824675828790112277 4577856924859498256 4585447345330563332 13814504521258090066 4598552154345017310 4602732050226539985 4605551534918370682 13830089085667891346 13796540130707886976 4599386232093475436 4595116986049574566 13829316576799063961 4602286818546369000 13810998185937019196 13809255646366902444 13813271380977979930 13795385942468640716 13825891440791370938 4604046928318981407 4603379073686543071 0  0  0
9 132 321 213 321 321 321 321 231 321 213 321 321 321 321 13835962240283018959 13831697042294603808 4597064963074456000 4605272468628235472 13819572057797437021 13826807306713102939 13809584448147807237 13830223502093544659 4598450467222750402 13827080396573501449 13819187564356339500 13828457550440686596 13824840473089140015 13829651341626068692 4588253957223683104 13817232088870064052 4593602729607832922 4607035544423737550 13829581937765223385 4601209552580902947 13818695934423891258 13805140128702059700 13808887304673573780 4584122081004303816 13824374017134054114 13824334386801347557 4605551357191090070 4600983341246357162 4604687670068672257 4603210327230191974 13828918197687396711 4603217931167727725 13817221804589882027 4587037167011680490 13804520438081561241 13798400502958159072 13811730998731772370 4602372379816741936 4604655132056418496 13825977195690067477 0  0  0
8 312 321 321 321 321 321 321 123 231 321 321 321 321 321 4592863446895916672 13831574709102536700 13836086992238346930 13827387245375073198 4590097488540803180 13828370961031423140 4589571386300970122 4607153944368820745 4586059492588147213 4605005149527701163 13806249969284377991 13827415030951119595 13830499509240161807 4589442542275916580 13814386672785203535 4582049384420181361 13827515237423120110 13828290618975598819 13815821182679355685 13828267086398041250 4604093548516278513 13808130106767860318 4590733903114895966 4586982401926099640 4604248287110986693 13826981518124708739 4601343982856364375 13827654624453852008 13828160860923284446 4584958929471479638 4598943258832835647 13822650321782407980 13829691175669632082 13811050943288994266 13809101687117597577 13813682023587707692 4595318764025599736 4605343020817739407 4602338914579799562 4598607586199384053 0  0  0
2 321 321 213 312 321 321 321 321 321 321 321 321 321 321 4612329242791085944 13818069977381890944 13826576563233652896 13813630792597649589 4605658134859874776 4603139754535462309 13828141455813926954 4599576125339299844 13826925952937025032 13827642923989765830 13825147932370497596 4603424281776664358 13813169742110179069 4607159404261221071 4572835365888677854 13830356397375881040 13812993421693472951 13819633427674326981 13819602006327021529 13804584168226325148 4607005992966167049 4575782209659224304 4588318045829771692 13807197293105844220 4602837287130585748 13828882237191177538 4598401449106549996 13828469699754231850 13822585054812255433 4603228203155435188 13823818475516467875 13825909528901283973 13828618619352951483 13810649025789707482 13809222525758919368 13799499731776307852 4606154550436222222 13811219530841261616 4599174905380839789 13821784623697312164 0  0  0
3 321 321 231 213 321 321 321 321 321 321 321 321 321 321 13815226335398390368 4613315118747959060 13825472500313215688 13829199515506908254 4596336815676489520 13825843791378650171 13826137230256958675 13813116263447126589 4605899116503138766 4594074683464727781 4606979449637533498 4594978991883156512 13829547528980072443 4594306294056862453 4601539316144597833 4586372539978244975 13829838777786488585 4600665785226258528 4601911656965698594 4600223015320953233 4605484452770833688 13812064262629716896 4577989000485905192 13813707157859477890 4605165917435148433 4603807785800968360 4590510328920459684 4595689339061356594 13815075468136463882 13830361873870840174 13826988010623524286 4605148716045488996 13819349672060591552 13810005779060295871 4589358306729655002 4588780763745253289 4601375077757245813 13827066200142232400 4604130983383956382 13812862784071383132 0  0  0
11 321 321 321 321 312 321 321 321 231 321 321 321 321 213 13835349016627324262 13826478915039715408 4611622790366221496 4602986016236961688 13826961569775862617 4603529758206486864 4600317374227113206 13825455940193994292 13828785798914944107 4605026815054447248 4604016727997123830 13807000817327741073 13822898041526501721 13829917618893421977 13818862354111136980 4593346421684104729 13820636572104888604 4606884684133840209 13829996127056162006 4598951609686278326 4595833333561378038 4589081637448029380 4552380727418033152 13810913997925894647 13823242486234376009 13827293226791609690 13827752664605815916 13829745979638800650 4600997118949003900 4590292019257855580 4597466650534348844 4604065697340862887 13828037842333470601 4579133253568521562 13812216305986018309 4587555501783735261 13823053421708870380 13824235692755653293 4569129765799741245 4605867308354294400 0  0  0
4 132 321 321 123 312 321 321 321 321 321 321 321 132 321 13829726132125519220 4610046493516752796 13834450916037164501 13824805318281213273 13829305851508674302 4598518471684493048 4595258963041781078 4596943895639064212 4606837315111588939 13829531620313127400 4601955296762238063 4587745999051619367 4584886879760945699 4606954968664768228 4597126306794056924 4592206557796414065 13820579516270951594 4606904553545741033 4607128072720233494 13799519042582171740 13815915426256270265 13809437753474260340 13812650846881748110 4587730306530966608 13823434183622598638 4592747763369768560 4606535780881198972 13825975541803653585 4605553091464343068 13822240579634849168 13828686954398434555 13826614375912403217 13821005186327128946 4588246344619593575 13810348166130263399 4588254716346025330 4606332703687955117 13822227385063380741 13815784875590809064 13823811255684372534 0  0  0
6 321 321 321 321 123 321 213 321 213 321 321 321 321 321 13823248787420729016 13816870060720435072 4610948327198623392 4600120568255686480 13828515903441272242 4602883761056579200 13819523483414857402 13827034775490852861 13828473204529284676 4606402271848190218 4595435052835656880 13823674046734705580 4603548904764773469 13828540559177675182 13819857829305586910 13824109055715697818 13826076730843210842 4605113053077971360 13827853854533782672 13823886818598583738 13826992368194162946 13800947764376677552 13815196154901798847 13813739818598239914 13827473035241281054 13821648344963001530 4604555971476431060 13828025320720507076 4602539873014897460 13825876061388998052 13820589371351628388 13829041745831228574 13826120307939351937 13805757497536890702 13790348217749039232 4593684155749696837 4598541010810007194 4605400569980440237 4602684591963834134 13822882741708662906 0  0  0
0 231 321 132 321 321 321 321 321 321 321 132 321 321 321 4611021317392117108 4603345277813508668 13833883929613081656 13814438903330882918 4601230834854800306 13829683823031193868 4604817394393777657 4603916062183837136 4597221717573972280 4604206028980210254 13827368504685286935 13823638213429735062 4566043885707192809 4600905914097924462 13829796233070566493 13804762848352720226 13829794483421469124 13824277129328010712 13830552658423938109 4581118994406306516 4573937036121504917 13813237165540255295 4587410759958152268 4588522969991089856 13825752226634115891 13829378295457546731 13815388925127585142 13827958834782534202 4601926954329337077 13826341384527121484 4602764500948941548 13819193572466958697 13829117018977512479 13803038462160943032 4586436425059223294 13814869541748578914 4604903170919581457 13809106198857340759 4603107291795535984 13808682115958608786 0  0  0
5 123 321 321 321 321 213 321 321 321 312 123 231 321 312 4581655459947756032 13836899930400378350 4613171778896975514 4593120078335950609 13830215538432500654 4597998301353943266 4590048963524341694 13821098278054505990 13830270725979465445 4607094830497091767 4593922518707617464 4586507608478602498 13815943552440742781 13828975463301399829 4603172666098245403 13820341713177020343 4603260923010762786 4605348861847024369 13830285025853218795 13808252204462789654 13821206334308104877 4591621252865949896 4590477762048862916 13813057147915337143 13824496355726210699 4605949365987359391 13822261551017939032 4596988228254781598 4600922218754672700 4606185501328954318 4606138995641066027 4599166886840894951 13823418111752368174 4587348159532899564 13799447120129967828 4594018455220126605 13821991372638179007 4593564322760963561 13827349744277728187 4604507925977087920 0  0  0
3 321 321 321 312 321 132 321 321 132 123 321 231 312 321 4610472088966149400 13833790555362343513 13836413976463532432 13828880524450256747 13811375782629075056 4603382189772271034 13825553637011539529 13826202349374741425 13827978026719008450 4599753684436478103 13829242675078588049 4600788442966044728 4581124103531967782 4607138133814026409 4591668967288871752 13829797538228783331 4588270136095695894 13824200641973458647 13824263989682691307 13813909391261484920 4606394550979535616 4589678226094397708 13810973970331379895 4588502487457673192 13826597093418963567 13826156022833503073 13827411389452681235 4596718766223650322 4604236697333906647 13827936682444181372 4605390857024937245 13826358430622053106 13821908558326577674 13810778183683043834 13812356201389224498 4589541930179439132 4603448684198354943 13823672286141662319 4589814553422062521 4604649869474874894 0  0  0
11 321 321 312 321 321 321 231 123 321 321 321 321 321 321 13825075138355600144 4598736428675984024 4613584393222374880 4601973262401926324 4598836787832337112 13829112346058173679 13792917010606169495 13830066526793636821 13822892018981524642 13829540971818262922 4594655359142157053 13824879018091149433 13827788670408150625 4595533100184051162 4604471428679822563 13819516527888353761 13830369777225300265 4588173901556255936 4604430812490180737 13815013560983391866 4604596790283637557 13803431256385947776 4584946841081555576 13813359820707213240 13815897374347310824 4581713300270945584 13830498697091916120 13818818026275155454 4607037329031873528 4585915214695567456 4606990025324790440 4595564065777390940 13815506933239049964 4590126551323689862 4584832579511680935 13788228162725515284 13824894073360469930 13799265128141623591 4606278071315469110 13806912400184042902 0  0  0
7 321 321 321 321 321 321 321 123 123 321 321 213 321 321 4611852526127782484 4603192249613239348 13835117509364882698 13826160721915779869 13826536046286499382 13827459747399511004 13828109423123466393 4604344528027707773 13799970985843145728 4601865164265479632 4602199514554236680 13828341728376490323 4601013006195896744 4602508607320800222 13828485019995347940 13822191624309148986 13828145889990921792 13827111632439548861 13829359442896469760 4602172110858628419 13818245905375289822 4586673475015053824 4584514232911868712 4589210541852579292 13826989142969227358 13827680090097474633 13824501232738797834 4604497269974883592 13827858407586571903 4593782237417635801 13823839887300950083 13820221057033615464 4606292798686313901 13813393475549558126 4580922510210050314 4584953921412016704 4595137022383896374 4603371137197751064 4593043847058773996 4605303203867397833 0  0  0
12 321 213 321 321 321 321 321 321 321 321 321 321 132 321 4613121696253267632 13823305919640687664 13833588090578950088 4598563830435731031 4605261180597510326 13826540788561073229 4606706222160054204 13816409664921362828 4599059070016630709 4595323605544376445 13827008329208679845 13828542835027291942 4600035489538778278 4605373442218117494 13825805053836834867 4606455151749354035 13824124221779300274 4581957314187199488 13818798046563799564 13825236733987883733 13829414934448779283 4589563767981537154 4586452908635817776 4569674850475524800 4604142049652166148 4599316545134933575 4604303863907095941 13818297383964947081 4606700633220351085 13822093521850760692 13828139289556322358 4590210820761234028 4604273913862443334 4588943797519820159 4584172860606454112 13809901254448048778 4604560067455187747 13815036621385936100 13824763318954513311 13825089113668325621 0  0  0
6 321 321 321 132 321 321 213 321 321 321 231 321 321 231 4595834532256134528 13832222451920137155 13827566422934645772 4605775212735834606 13821873446084504000 13825419341990961522 13819679319784362994 4604025097562054991 13828159593253546792 4602656980228709445 4604584341903623874 4602586464623585674 4603498140779584483 4593050916213571362 13828737332200517999 13816355352653025813 4607106342066087478 4588678115309216884 4605366522291911618 4588408677505586799 4603574207618933456 4579016928508599248 13813659760369893866 13813011972819488488 13818567788047977522 13821588854952701459 13830131782336352266 13830425807671757630 4582550216445088896 4595174105131210633 13804582847948712320 4606888343669548647 13821596013050044813 4590660820574980188 13806760399305113864 13811935461142178179 13822215719127915989 4604264451108457698 4604272931260079154 13810344649570074353 0  0  0
3 321 132 321 231 321 321 321 231 321 213 132 321 312 321 4611444654432045772 13837172887028184107 4604424120679912524 4591598349186276523 13821925278712046032 13830174007825151615 13825256442132727617 4605771543978359116 13822167340088192734 4606144908215333051 4602030551747329285 13809641539392633757 13824347523686468422 13823746185671289736 13829068030763896736 4603965386473496084 4602979246491334541 13826499521584743502 4604029020650915460 13828389769834966711 4582266668087102975 13812721537073582925 4582536763540481512 13809369378298653722 13824137546929151903 4605957024489375461 13822697798914010052 4605729332194589210 4596299439732094560 13826117425876437498 13823821326315550579 13825385018477676146 13828775731933187603 4588654396348787234 13807461787934976939 4586777403723830451 4601635489062617125 4595345437401667250 13825398000896910651 4604916142249496498 0  0  0
7 321 321 321 321 321 321 321 321 321 321 321 321 321 321 13795164724233945088 13832192194722234744 4601080591703085232 13823275981513563552 4605843037324307874 13824149637634807336 13827852541927116608 4586751058688299192 4604594203856330838 4603802167645076803 4602883144318564481 4603400402587603261 13797071256231361811 4599677474578266581 13830038960172278172 4595131140553738778 4606552998013159810 4599577563078176564 4607058022047921130 13818089678836680238 13812304657159166686 4591095385780402740 4590670094275881166 4585616367185151176 13823911690824421440 4606453495401526576 13815224511289440554 4603302196289578256 4599407347186913992 4605003038087965149 4604736566582587484 4597534759618442495 13827352703672593271 4585752272053798397 4592304931235573598 4588803202860215962 4600969560270542381 4604357605170414692 4584029543810604251 4601994500032277551 0  0  0
10 312 321 213 321 321 321 321 321 321 321 231 321 321 321 4609059483194489720 13832912157489793724 4608658414156093380 4599115852819840743 4604599513588101624 13827243585612211559 13821380608438840364 13826797357682038332 13828524459689705572 13829843943163069994 4600684328665548306 13786290600706415954 4605546620815902157 13826680504537039670 13813354173034295862 4596897264206005900 4601275895057774469 13829480702221058922 4602977120835699988 4604525270874046593 4602097349686565542 4587954254483511884 4590643880024291902 13813515631226218189 4603072220960886750 13820091073530660286 13828867461316711247 13828345527883099104 4599101735117703616 13826795266069120082 4600284492332495088 4606553434457511602 4573217939137774931 4589982738974316572 4583872159027439830 4591625551701929184 13822265158477624402 4604581766813356818 13815504382664321720 13821720632029413997 0  0  0
13 321 321 213 312 321 321 321 312 321 321 321 321 321 231 4602757795037781656 13836620226761284568 4608185005836330884 13823847408650826040 13829855588568263555 4590480234098595836 4585431712661397176 4589869645485571058 4607152845308850776 13829880824297786081 4600506210040828351 4574090523956400343 4604635709660628675 13827800436454868787 4588768837185768464 4601147544347174134 4602579091263231140 4605054283104702721 13826589016446505260 13826258054227883891 4603964751294381262 4591845741835473012 4581184307215078516 13801004361349248152 13828203446678485499 13826400300582936832 4600957971968381361 4596514727961894604 13828312305765237193 13827203258822319355 4603958936973658576 13823917289774286342 4604164087840960343 13814415401544162334 4578634268580745056 4587251998755920652 13814293730066911799 13827281529806290717 4605062767077858398 4587274311901531613 0  0  0
8 321 321 213 321 321 321 321 321 312 321 321 321 321 321 4606031676351624480 13835768779260661789 13835345835937504517 4600174992062889402 13826863601860670821 4604678499259692055 4606563670763769963 4595941338950079080 13822663677845801712 4587136201843618270 4605246198544254144 4603737667941000960 4605330641172041017 4601963184764277435 13824182863411360886 13826508950734959648 4605568757574156457 13817975972018903548 4598280814678288126 4599763490543490588 4606332470761225796 13814262197608080879 4586955069068247540 4589496201448711418 4602306413622581429 13818130046187923428 13829327791358555911 4604331671198191632 4604330613281934822 4598292818639722870 4603133830830641324 13827972812233424180 4601482905283958829 13815721454766420132 13800079902262009390 13811044232932264140 13802543380817245448 13826942023445701549 4594088887606802189 4605281343607471927 0  0  0
1 321 312 321 321 231 321 321 321 321 321 321 231 321 321 13831582415791668179 13834493417363599551 13834653450844796414 13810983627772802833 13826582029265655100 13829001372655779899 4591590160417445831 4605579583443972552 13826602507821462106 4607128616678515237 13815858869880708863 4577624375333883452 13823088227462499144 4603082299579154706 4605097357600073488 4584428323236362743 4605575989141104293 13826673962816054323 13830027840140594938 13818578352726270366 13822308834638266071 13810854117986423133 4586783387598520100 4587965755141499616 13826514724560546828 13828152861077189356 13824204630264732403 4597313878361148068 13826862510437931851 4605155944808152092 13828779594248730113 4599752310594727121 4602521304179029110 13806872627186348545 4569916190667911440 4590638548362687268 4605951426404909277 13823971141562932047 13805128129903713527 13818023122050648587 0  0  0
4 321 321 321 321 123 321 321 321 321 321 321 321 321 321 13832556762239173338 13835981912495582066 4607724280471794412 13819616313863147371 13828421603050328292 13827091930283645362 13820089761614300467 4603993665557061714 13828158833146523461 4606802946534205445 13803273443656018658 13822210196374669770 13826792330227564332 13822093832213541179 13828420594087281711 4603055936993967618 4603272385750025861 13827144321013026427 4603633922334822245 13828530985139049883 13818939726099386201 13811056296327588692 4585984478701411192 4581508953436374040 13823798327789015321 13829184846847496640 13823793606531602368 13828101424769574000 4581068447149638432 4604351295995298212 13826720854786460146 4602946828863908796 13827168222745895673 13805456175190090021 4587750865141755368 4585741387461070472 4600814336509727865 4602363509724108228 4604552550330345051 4599610459297400710 0  0  0
11 321 321 321 231 321 321 123 321 321 321 321 213 321 312 4612771122809034764 13834897439408133671 13837159237833110807 13824838659766178202 4605860143197655215 13822290015111400438 4596000442642727294 13820814857084191647 13830145657070403951 13829485864325723528 13825479785563764669 13812528150841222175 13824538079110792802 4605087259620378302 13825832683765312397 4600360685903107157 13823283852343277914 13829306684683514257 13829024030164886764 13826407125763005320 13817614167525062131 13810767796625891572 13806835404055032012 13806361672551963816 4599169729622645170 4606685537116248625 4593231635097633668 4606465003086885258 13821738233733366410 13822296984875105941 13821350800284493874 4596317140567448405 13830096141924037517 13809864657545130040 13808105260735324861 4584606151337751204 4594549547535190690 13827499297054149690 13806906855858003680 4604795808352561494 0  0  0
6 321 321 213 321 132 321 231 321 321 321 321 321 321 321 13836573340117909092 13836212011311584793 4608588809956059852 13826344289767565468 13827029975878494753 4603472190038518578 13827654149077647022 13815896905507969492 13828094781424690087 4602738548495714931 13828625674955395423 13823431663679399819 4584909083699237633 13823269345311884383 4606622217157557082 13826484550273801171 13828670625813254657 13821946870340088244 4605702815264555328 13826096701110219488 13820304070469186029 4590139332995398270 4581682502576818764 4585123161843357848 13824067966013832180 4606119029057495655 13821814526198417004 13813417117440017386 13822753098276290945 13830063584284628946 13829814180926717205 13823328908804986538 4595993266375633006 13804883014493964859 13809997223525176101 13813116931196702069 4591132764381803255 4606329375553619926 4596306041142692020 13821176054310485867 0  0  0
9 132 321 321 321 123 321 321 321 321 231 321 231 321 321 4613755494248347948 4604003049769036940 4613053334448649228 4586199764594393110 13798317507004374256 4607174274046162204 13824640208549030113 4606339481320038145 4582636476801926936 13829705704922191113 13824651617862647485 4585197344016949928 4601252204279690279 13829371659718366579 4598379925902196066 4605462815556461528 4597422435327491398 13826421897137298428 4601061956304250759 4601583608454756234 4605374211126530062 13813810829230543215 13809887729048667328 13800200513150784920 4602424136513122827 13815751902854240697 13829360570371453695 4605054571469847763 4602990231245915242 4600189232313627033 4601327341653997517 13829098095706102612 4599823674977378276 13806429249237570217 13814401919123379326 13780340540283362120 13822028882898011379 13812903007396608250 4605235748130087808 4603144666491803889 0  0  0
4 321 321 321 321 321 321 321 321 321 132 123 321 321 321 13831704584660085776 4613855103154467738 13837613311390218020 13818591260160571204 13815973357855630304 13830370905588310488 13820083758062033272 13830257926368265512 4594379013515500130 13830223912341358409 4597433204932694173 4594189096299108434 4605407080998979875 4603353212846009990 13818222597009284746 4599454278169692545 13819529558042339743 4606524862299671363 4602699601736781218 13828707193803257455 13823173877186984505 4579619572193038296 13812213674144472599 4587107675468258600 4575572898808908256 13829754278893995450 4601093091663606982 13821122527212907731 4600849392271909544 4606153055084713640 13830294890617675038 13815601920970412286 13820248979562603296 4590058391294598079 4579913382628673552 13804290194412109778 13827437015049777318 13814518111410359393 4604742298481258237 4595688659222694411 0  0  0
12 321 321 321 132 312 321 321 213 132 321 321 321 321 321 4612171473066750908 4607422990508362336 4598591312606264128 13828565716030531667 4602581957079120670 13823978304780563860 4598694946590001752 4605593808292954699 4602567849837097645 4603231147760380908 4598669880545683032 13828570188549270260 13821647900008865651 13826922565788878660 13828398236143454966 13821267146400830049 13828051536608538744 4604011643703481955 13829977543704795066 4599974008785150340 4585926773862112709 4576810343322271152 13809037962281231351 4589879026085014696 4584141674946902544 13830493916099291458 13816102663008068119 13819260231497362726 4592199065157906750 13830346122642345177 4607020376026418132 4587313981270887904 13819104167327602981 4584341770152861859 13813550157651974417 13796298954754831715 4605102359315719904 4592970010160377922 13821475927221289297 13822057308764005875 0  0  0
11 132 321 321 123 321 321 321 321 321 321 231 312 231 321 4606176912027900472 4608180629458568092 13833872002642646261 4593979671733376560 4603732527273131363 13828532882347815830 13830070915141794051 4599289113138518752 4590797987575959605 4598974404363260119 4604683438327064762 4603809298528083764 4598605023059831227 4604178852350913809 4604420330826069702 13828634515991423980 13821714457298008634 4603219651675087186 4603156762806046728 13827842646551808718 4601840323118010064 4590051857751271050 13799819334962022360 4582305484913527764 4597171014554857158 4603765991964390688 13828319989035230210 4603723017994512466 13827736631238922645 13823984322413733317 13828355235245244670 13823844992311011118 13826365608938190466 13797442413513917862 4586426045318446284 13812747769164448746 4600107739241410257 4606814025675852309 13809712692208275783 4591547227407461522 0  0  0
0 132 321 321 321 312 321 321 321 312 321 321 321 321 231 4609556588418176828 4613197726910018976 4600290916333678944 13825043239940921271 4603217592606654250 4604476471770675941 4598146452778745418 4605625492085890069 13826084305205564551 13829299226477176315 13810644338547891763 13826112236897590344 13829796476273556375 4596631666313292798 13823239908590071646 13823017344659730827 13829412861704647869 4600102997644009170 13820697285253164102 4601616496470718975 4605997661581145104 13802785491918643880 4590077898581194942 13810423942585865594 4599403684562594986 13825509579775571476 13828963288632261618 13828253227962506720 4601125729144994572 13826266223207078552 4603461564458866022 4605198092123470483 13820402328185789841 13781085864346200128 4589478292598527164 4588894406361874402 4604400127033892687 13820795803543111480 13827213153784151649 13820416565613635800 0  0  0
13 321 321 321 321 321 321 321 321 321 213 321 213 321 321 4612574052084324848 13831570908214942968 13823469155928887992 13770704599158290385 4602893815274898679 4605847539394615179 13797369716209710985 4605847380485138234 13826265761434212958 13830554272685154738 13796343843926535254 4569639777570915045 13818371711057129171 13826102505526550544 4605807639351664271 13830391035516366203 4595238689948907648 13814304573535439244 13815154648961296275 13829168019447728316 13826265509396504112 4573641591953082848 13813057496766983514 13810395891900208096 4604837532250753438 13810335743666289052 13827593945534585354 13826912008728594751 13826143570844770287 13827135007682391150 13822687293997891614 4605909736569662467 13824349606274736987 4585888553854395589 4589022285098181360 13809646440294771807 4599228027637887693 4604341845709524253 4595889787825174378 4603881361723052444 0  0  0
5 321 321 321 132 321 321 321 321 321 321 123 321 321 321 4612149418026054542 13817282961688775328 13835758427223354717 13820101450311682457 13821708664003008152 13830039349701254784 13830221194339797004 4597148141981752786 4594699447078116237 4595259354946959989 4606643331431165877 13822373458695503770 13813875484320703506 13827868648228049075 13827921965912276170 13821201210058325726 4604506102658943058 13827577271682311758 4606887764689887727 4593014990550809721 13820670624402357628 4590460006756652070 4591084253189721542 4574831913076799904 4596593846192386798 13828746887263474529 4603259363839036750 4602696119753364129 4603413199101542596 4603941905759321424 13829113277089809241 4594621128047697385 4602868453539397548 13810829532585201344 4591634080818201110 13810793171155936131 4603139763326350346 13814646289912712701 4600188398920295481 4604897063553948923 0  0  0
1 213 321 321 321 321 231 321 321 321 321 321 321 231 321 13834882879153231421 4613612050017319332 4604245986696705040 4589557285955605133 13829113573907647692 13826395597688119750 4585224725028082132 4603049898339132181 13829114751138709707 4607156054997482134 4585656639270783300 4589439345496367411 4603454521340469947 13826734355691450246 4603308699058340744 13828632818189144371 13821044663780085106 4603313695162791691 13819529678139706088 13828597300263746962 13826873896507263948 4591092589368481904 13809480371078053050 13802596968635447760 4603615855558229075 13814423583636145364 13828681097607696977 13816187850669465640 13830493829779145701 4582830988802298480 13828652952127992183 4590037154038711676 13827041589049493725 4589609906510781670 4584463038268434021 13812713877448623678 4603395570535354642 4601467152338048710 4594752969653325649 4604236202453606011 0  0  0
5 321 321 321 321 321 231 321 321 321 132 321 321 123 321 13832752487585877004 4613883928813608810 13828305908361376756 13798463133617173474 4605910193534675499 13826161957575297352 13820599671260303716 13826057796124401376 13829078845447491902 13830325949544440374 4592481723289496664 4596221346199108880 4598409740847910132 4604214513871662365 13827795785424314908 4595456849596296833 13828214812294179965 13827395461332847960 13830093913936800609 4587320903315931098 13822659357089321541 4585353569994462328 13784269858251004544 4574008370053453952 13826218020062295097 13825065975582187442 4604749731348881375 4603612315881678350 13828710356763919326 13811653784268597340 4603629721232393480 4601082485406210612 4604311001316037775 13802395205777258474 4582015467983392975 4583099780758083931 4598335030517225009 4606950782138643198 4589296266423609704 4596902671203113425 0  0  0
6 321 321 312 213 321 123 123 321 321 321 321 321 231 321 13828321611134888304 13834855088130322515 13827276346259168220 13823122591314021965 13827604642290996612 13827480160688284057 4604899578766173263 4597635956172862776 13827153593024912150 4603339933496065111 13827868339649867408 4601287202566670548 4565948803125358737 13830410511743536386 13818955139320913827 13824112285546690423 4595043564740492715 13829700822111871610 4606460024736413864 4589816300906134232 13823994030759789624 4585828821099463384 13793204152120694016 4589552678975971342 4603982021986574521 13827796593177611870 4599453133098028046 13826349664120201159 13827932969917730282 13825359709051065820 4603109544616833312 4593725372373297200 13828996013570038430 4587285831796515417 13810727507704467842 13808573540330339278 13826239545586341109 4601209769742268512 4596427281633600109 4604626000909597839 0  0  0
3 321 321 321 132 321 321 321 321 213 321 231 213 321 321 13817609405533084240 4603287887310811096 4610112411041528300 4597252846436570838 4596404148494872100 4606764268712066112 4584571382453546120 13830369862107822201 4596338701786269538 4606948289856241001 13803270498818029398 13820682986107788489 4602747639009967105 13824163201829017027 4605070916623978996 4598384179607773167 4606437861484518509 4599077665382325880 13828941210954002632 4587068785527881047 4603300906652634363 4591738686925214054 4585578336298272068 13808402570924934010 13820754676679452549 13821550766173891049 4606650691876971024 13830316248617732047 4586537824670096087 13820615265282229092 4579477441263449624 13830258873780224575 13821613315629041507 13812618236251264814 13814258045504859677 13806629557068177648 4591571272181903606 4605700118656711161 13826303770852232628 4591635470610897821 0  0  0
11 321 321 321 321 321 321 123 312 321 321 321 123 132 312 4598884235743865224 13836695495552775668 13835614494593438593 13829147671845724033 13819215730853639028 13826083558280609380 13822621580326185541 4606593567521110904 4595470715561845172 4601567192265903733 4599139989713783428 13829167548762086203 13829571775254792994 4600369775886848237 13821742768271017194 13824289029100255662 13829767755974268433 4589905306839371535 13820143088670404904 4595282530009357901 4606845862893525452 4591035897164611942 4582123157837919576 13803826548502146796 13822845193553525634 4601875302286639885 4605651186376259978 13830072950783818340 13818737025630644342 13821959761954108319 4580984662518274026 13829415190446695239 4602434618449898937 13808155318577336454 13814018071474007428 13806539908898760774 4601575255254509889 4599579415365545109 4604068903894885112 4602871148479522959 0  0  0
13 321 312 321 321 321 321 321 321 321 321 321 321 321 312 13836995437623062285 4593891016972017712 4609756436216358956 4605878530812081654 4598312633176001498 13825143998228660837 4602818122857919046 13826162927859316539 4604361386712771296 13811240853046068612 13828925634567324811 13826690902117299052 4597527337543653941 4602156308362663992 4605841037659138178 13811693303272533608 4606101636285349054 13825538697133604782 13830293805631725756 4588983650711949442 4597485176897326159 13808440385035151860 13814945444752569890 4579447606847201640 4595194939864324972 4604453548815265190 4604455504970350736 13824985600177430941 4604349253503475248 13826766674646998381 13829490227329228462 13820122694866016682 4601273021514362005 13812539649095901674 13812042432761488166 4588271583982338329 4599797887648675531 4605425429044765370 13824915467605788430 4595625371273904804 0  0  0
9 321 321 321 321 321 123 321 321 321 213 321 321 321 321 4595519186396745312 4603259701118164716 13836890101809344210 4592061151269802946 4584780331277823852 13830502222084440514 13824540342700289050 13829711614850040197 13813238392791172808 13829685112034094318 4601258326879027180 13813779841694481015 13822783238660216177 4606098987114473925 13823402224492856488 4596084502028514236 13822533990765778332 13829949865465020171 13829908122436336453 13823618640904982723 13813208403088655473 13803793537976734548 13808375652956026446 13808453626036487012 13827313188203000800 4585792446418605608 13828458101597346183 4603288963312233131 4604452287649338391 13824937370503869563 4602837117607682350 13827997385616911573 13825479811810650118 4585271996118024573 13804171509275699592 4584700250118727302 4602486310227362560 4584919044711342940 4596105730767907684 4605830823226874587 0  0  0
9 321 132 321 321 321 321 321 321 321 123 321 213 321 321 13826159048300651672 13827862188466956184 13837549677863438710 13818676578227690026 13825506505409562678 13829349251719504953 13818641931312952568 4606100790564968431 13825040633239838983 4606918733052734026 4589786986668504582 13820806228491977274 4600977579397018316 4599613152956137325 4605853756106750860 4603743825701848423 13828626255941140874 4576888459214974208 4604239541676396015 4602886052826212446 13826254876319273104 4578677111673226584 13815049098425061042 13809407013856391879 4602638143327252916 4605533700628177222 13822290659366393977 4603916815450552978 13826702074195759516 13826193929227805168 13826844810492510950 4589788469438933417 13828803654335103980 13812343751193128431 4590792422263090163 4580914773810714850 13826481198576084729 4602492251779869667 4589672813403185870 4604253297279303718 0  0  0
3 321 321 321 231 132 321 321 321 321 321 321 321 321 321 4613343059452338514 13830844060379674038 4612945576288744680 13813940661347472180 4590014439543164399 4607127187322720854 4565362486386170311 13830529321826903957 4590042371216022174 4607152119315095352 4575618578850538162 4590543193726315690 13818399650770077235 4604975873185539232 13827268691634267882 4597993933798295118 4604070606026077873 4604617696540088787 4606784235995849666 13809193483366007689 13822293154823579790 13814385265407570664 4590306413170564736 13814673141481956628 13827418753105298014 4604431386114216526 13822526555537594553 13826983532607266143 13828016147569063877 13823282242015176878 13825314585584798141 13809593148466116802 4606167972965785926 4594206677707830769 4583969770762307988 13809955968052539912 4604373916113380562 13818225368239457139 4604431625604051754 13817508775062961442 0  0  0
11 321 321 321 321 321 321 321 321 321 321 321 132 132 321 13836684695341265475 4602826097653267688 4603869564042421612 13800722558360344194 13826563424347145514 13829027785937377010 4578078420635361520 13829028326192910552 4603190349247772973 13830553285258328693 13794623468594678169 4580157019074480067 13828909131056947137 13774464382571376640 4603364866649190498 4595527179208730971 13830122150814353559 4598176458567185754 4603115362110688468 4599185537331353162 4605184057433074331 13812887693799350829 13801088710540254912 4585247738101770680 13824362929926346086 4594356248862213280 4606302601738093506 4603569829044263990 4605270733418495972 4594354941755895802 13827762953214855191 4603569750484807405 13824363161527375953 4588456704939731916 13809904066704450233 4582949082820845138 4606133210099331184 13818318710572608862 4598518851776889507 13823917472555308195 0  0  0
2 321 321 312 321 123 321 321 321 321 321 321 321 321 321 13827306254179957048 13821876855861402568 4602567941995379008 13809921547666788359 13817126408152725862 13830472251635535710 13822454720700347301 4606710913528228144 13815840716608206700 4606757194855121047 4598946808320724364 13813818830868827238 4603966169192441149 4602274162168383796 13826941105425172883 13810121030890205699 4605420385137417668 4603510729548112816 4605061800237602429 13823411161987204897 4603029945502366508 4585988189296788420 13803371055113503280 13803946952971374304 13822307415566328015 13827531042539184909 13827743800008896440 4558305597477668480 4604653461077915745 13827805211305967536 4606789325639367694 13819868171227957166 13820098349136314593 4576985252338545399 4560891975674057488 4586699478947723211 4592454888461804310 4606373887055826406 4592946508352451744 13822254175856963193 0  0  0
9 321 321 321 321 321 321 321 321 321 0 321 132 321 321 4610140574433574236 4613282960867356124 13836531055139524748 4598871611621575421 13827268784962191813 4604627643190517764 4588002194502110049 13828177633844108384 13827624060595661735 4606785067154431188 4597588798664608791 13818950446568938688 4594001640948273318 13822428546097571100 4606685221725819491 13829115076870117194 4602160133453179512 4598506499952753340 13826279854915248753 13829021657021148812 13819311154620807786 4585862094506798340 4590658305522392116 4588411218772342168 13823146379025939308 13827763460143593462 13827307260280978802 4578835062677766272 4604264907372246536 13828182837398034922 4606648968909379405 13821693023010543625 13820460722294681815 13815776787351910870 4579564615485069836 4569440564876513696 13817748282866214064 13820487443239338004 13817117306093553384 4606787842714976658 0  0  0
4 213 321 321 123 123 321 321 321 132 213 213 321 321 321 4609399491345707216 4596336668918714352 4611475925587596140 13828537576807074901 13827204835325000167 4588269833973075576 4599067612912579503 13822243260058758148 4606366158730242992 13826545843592662492 4604683865375205050 4601096252960159764 13822197995928024818 13825678980055287465 4605648213144481006 4605784304770278243 13826364530138605163 13804122607010390064 4601817700551238701 4604442699907724845 4603201020068550309 13814103102259451447 4584987118984786052 4530367077040619520 4594225440638931337 4603859576300588770 13828418874325014905 13830442961616010368 4585172689009735816 13818050696647160746 13813080096452574712 4605155162689745341 4603833183735290281 4576521004243640633 4590739810439755109 4584750796341467479 4600172151036531676 13825690939518840734 4601638547592117188 4604175515649971423 0  0  0
3 321 123 321 321 321 321 321 123 321 321 321 321 321 231 4612657358644483702 4613933758586716128 4604249653951739732 13822020723205765291 13825024046754651927 13829229390529230933 13824005407715797759 13828404585991119553 4602864587865805826 13829473185165583785 4602200397843962260 4585801323488977545 13825596195760703413 13823490519926818558 13828789676333828308 4600824110517059825 4604734801885718664 13826578358415596994 4605250078355631057 13826811380904803524 13819877636502707921 4578221142981862168 13810823458556592106 4590635856043429904 4603662846380911754 4603904275952412365 13825574425275290648 4604433989768467266 13817601446139625924 4604527882770131061 4600554463929132998 13828381467944844761 13826299077688243727 13812644616681313954 4590001966356577032 13782510369143233920 13826335642231350347 13822891092464266801 4605146174926915147 13816267732784877515 0  0  0
7 321 321 321 321 321 321 321 321 321 321 321 321 123 321 4611691793015984036 4602963720836593168 13837580073884100630 13823593026244157967 4606563493057429072 4582288697880775044 13829765020791518356 13823545880004657749 4596128778963376521 4595949674015085769 4587258388579681305 4607010287884107323 13818761271080777680 4606026851792808166 4601932985552520718 13823455047785574845 4600497596961289822 13829241713111565652 13829819752142428125 13822641162937010699 4597988391069185558 4580457001976167032 13807019915739043420 4591294455541161098 4598793420064759309 4603300512479422881 4605125241240761845 4604435463129588037 4601454469845975130 13826723722417421618 13827495430867366967 4604477427293604242 13821955290479671031 4588801289547796328 13811211596060046444 13811528535413469778 4599033039716019445 4607041395843014636 13815665044488604088 13813201396207371938 0  0  0
1 231 321 132 321 321 321 321 321 321 123 321 321 312 321 13833843679825509502 13829099957080033116 4612760368712474660 13824010453430412075 13828696160122361132 13825502675643974973 4603020092425141957 4597075007238664476 13828878649005156820 4604922276776025935 13826657568163672600 4599833298526272478 13821126591567495475 4591320096895981018 13830255266845618040 4606842436700685903 4594829984298887006 13820545425762523434 4593902488554866682 13830403546084765075 13817091667103878323 13814464636862034301 13813501453128659184 13815086774902547922 13825562093997952022 4585489364098660816 4606104770832596851 13828734252253761208 4600983323271099524 13825071477780178322 13823777388523548814 13829772429670396576 13818392068442990821 13810271214699445489 4590717293081080672 4593202922539969977 13821555409926929782 4600528271635972322 4602181354402058239 4604971052521445073 0  0  0
12 321 231 321 132 321 321 321 321 213 321 321 321 312 321 13835825677443044238 13835467652957964295 13829413394512400556 4599055122440114923 13830127144754838462 4588468956920711000 13820557014312013562 13817162524949171008 13830252267183443186 4606533876041667015 4598643421883653412 13821552668324364097 13825886547215370565 4603911275767601936 13826902451969177406 13826356057141904089 13828385138575649379 13823751395942453422 13827748538202584846 4594018859032984973 4604594181894333025 4579218389844304752 13812791706902529056 13814099737114634360 13823112299921189866 4599217622585260178 13829561805333214205 4604708783961744428 13826209849746535668 13825217370179890965 13826954202582000587 13828737550225992849 13810584595319797910 4587343797620880164 4590608333715214731 4587135954930613992 4597234468054208014 13823789719518412645 4597459319306370101 4606010331005325632 0  0  0
0 321 312 321 312 321 321 321 321 321 312 321 321 123 321 13800141366042622208 13832650347938815227 4604277569868737772 4603881161010867816 4600717633808760558 4604188562414955661 4590491868369967525 4605602834622705812 13826590029546623731 13828478436583648944 4601033303078330865 4602512385707926999 13824828568351172082 4606038587517283986 4597312584593366065 13829669725719238395 13824544986748530057 13816379666384925542 13798034595497638237 13821617318194244139 4606887057767636660 13803886455103005068 4586025473389289896 13809819936415377901 4604855327428110964 13814224232425898707 13827539546309984852 13825973985781441793 4603561307871425741 13827220174247716621 4601812406866874190 4605353062691647518 4600893836514928482 4578665192778938358 4588831408285207242 4575093829679351516 13825520882494445915 13822130198696439514 4604791018898045554 13824234420617652485 0  0  0
3 321 321 321 312 321 321 321 321 321 321 321 321 123 321 4612365911147876532 13822490441832173832 4613179088189998464 13817079701787462282 4601756080022442750 13829516070068148098 13821689970069679987 4605798320581447143 4602067073971969648 4606803345544520273 4598840118814675684 4576405890991421432 4603470052877792758 4601068130766503978 4604453538206520315 4605430464141361666 13820366936908740431 13826513372723562364 13813437519614714567 4606151671908595644 13825301996040076700 13813469596135946092 4591036706486596730 4580383872719905716 4600958703793400731 4606154255964616436 4597355052359682990 4600116110796062684 4590097568249884324 13829930903394142696 13829128244125462490 4601918650998247315 13822203068798002567 4587592078893305894 13808658947216632039 4591816081492360074 4606400717276853420 13817657813203245802 13816226168690521640 13823618151022505891 0  0  0
9 321 321 321 321 312 321 321 321 321 321 231 321 321 321 4607787284512530840 4604376983366946352 4607281760908739104 4595655228604482317 4607023061819823662 4587581156641055344 13815430726739772166 13808332024070379224 4607129847924469271 4606986865030775756 13819179764084485711 4591495809336531673 13825799546442786148 4605848158624880010 4596198517645958634 13809073666641348144 13821327898571201717 4606903511447928089 4606039271514016625 4602021232959810632 4594619354894352887 4580921734805626760 13811240411456813530 13814962155493756132 4604362805614547525 4604699858318241777 13811885194010793037 13827806968781473731 4604283748889477623 4597776396274441080 4596819862371338792 13816961376513047446 4606905948261414783 13804973607341470904 13813219450055436026 13813992732760210066 4603038825963435719 4601194507534560207 4604743564700223304 4587011987147423845 0  0  0
1 321 123 321 321 321 321 321 321 321 321 321 321 312 231 4613747336920817008 4612075433662540770 13831027359142438664 13830264122133951142 13818387642070533220 13819478356188368208 4591338066192994687 13830017807473921941 4599565177004858715 13820978057909954159 4599053910258816952 4606508129302956110 4593191651077178584 13829126701988161816 13826295465754841037 4582805773141275624 4602978099268065348 13829163822600736065 4607116337115602164 4590933018515524058 4590715222386193585 4584504936210079488 13813545701431367597 13792981932134237600 4577086852487960304 4602116788069814280 13829502809655379945 13826778363228316864 4604676993066381346 4600451620167507251 4605507106425755434 4602760670800754296 4598710155407550764 13808240799310751408 13813385662285952369 13803080891685190523 4598750603415752037 4606727774556271509 13818818064470734348 13820722813745499805 0  0  0
5 321 321 312 231 321 132 321 321 321 321 321 321 321 231 13836993626779610628 4595381957486812144 4613158998626445640 4605170920780661136 13825044952748628219 4601717642119259580 4596828027324477768 13825737616423700052 13829200110317135713 4603515872211836983 4604974353349486231 13822094932659907668 4606666228908603706 4599372744983566989 13815654086137579221 4596078464244100893 13828511886573723725 13826991420728154431 13821962095012320150 4603124750654888105 13828659500879139566 4587430842709779024 4567252581677129536 13812275366431496631 13823698443660136875 13829208156746108433 13823787156508884379 13821308525911979158 13822451956641276810 4606482555686630234 13829625171570641942 4601450518923611330 13814960537129832064 4567195660959231784 13813000635775802488 13809074939236303757 13813030428334023299 4604796304635355287 13824344097257553470 4603030843018967018 0  0  0
7 321 321 321 321 321 321 321 231 321 321 321 321 321 321 13835491988216868572 13837276407427514494 4614141331214758234 13803164998320408338 13829975062765856669 4600022524124619162 4604174180730246753 4598240808390558404 4604493663364063672 13828264687523735235 4598006434130547823 4603754055450976081 13817958898107090104 13823729819618016538 13829800631781098270 13817815376103946301 13829728203522279062 4600732053535107253 13830353792989247348 4596125662649094729 4590591996995788061 13807443654976556276 4588999572679844400 13803815847146243168 13816506223604803450 13821748602380588919 4606805087474265480 4603226921092791545 4605189482014657541 4598735243877115902 13828928926958941217 4603312887511571708 4588079544856069088 13807243240993582936 4583358714617399554 4588518827941493800 4580900036445644998 13815299433423180526 4606862671762276504 13821309766800423153 0  0  0
7 321 213 312 321 321 321 321 132 213 123 123 321 123 321 13832643095926836845 4613778588603295558 13833697733781884820 4606670477843825581 13822700492079755218 4592503924454400366 4598309018905848194 4602377768013428508 13829084100395118846 4596740451881189744 4605535955807803113 4603008990596529772 13825258770915958748 4605528863063182066 4600053325122442826 13812741150763432814 13824747960130992519 4606295854984747295 4606169703106035210 4600661467660725832 4598115313194571075 4585147982199537356 13813599706511180157 4585486471417124508 4593386482356856663 4606516655788054681 13823481488067248426 13826993621824767378 4600054195906106274 4604600359467004666 4605265923332428133 4593842650989932286 4603605302183367204 13813838288865832056 13805346807568239155 4585853837866748467 4599296484259614369 4600159812340627034 4605074446650555724 4601442429095891507 0  0  0
11 321 321 321 312 321 231 321 321 321 321 321 321 312 321 13837152912208807921 13832320849576020722 4608845026790632452 13807493556585523003 4600909929274694425 13829791126404287847 13805197757361689685 4606418479459580158 4600921763592211793 4607176470272678608 4584686977938329571 13804297117599959753 4598339889880753669 13822460789179707664 4606442330372178848 4599680758053028615 4606459015773591902 4596630913220874268 13829711447543169440 4598220038361074999 4599771978533499905 4586600018944754356 13813569363074905205 13806204758596211776 13829039586199880766 4575090793107031352 4603174247854555390 4603170378022377369 13807826965212156494 4605665376059658016 4582294763033670319 4607177980470295548 4581805034200447941 13810961313252493423 4574052375411324592 13813530756341169402 13814611774862682580 4603683445326715667 4604442257751291411 13823627812165142329 0  0  0
3 321 321 321 213 321 213 321 321 321 321 321 321 321 321 4611147134884171536 13831976206272402041 4608503709301597672 13827631992401767804 13827025028081283741 13824553555204040440 13826938472645338580 4605223305893074042 13818722489864111664 4601428014338148732 4593981558958739410 13829587224693342925 4606771786593205685 4595863637329042104 4597583927072022029 4584782704312900928 13829130068978595860 4603027759834897883 4599017732095620053 13826111096487400901 13828838056988296294 4562899925493920384 13814888860353958394 4587047381630619744 13825716188381496725 4601950813631690350 13828269620206819971 13828815926064720952 4591862802005232918 4603417971101246585 4599833722998529435 4606124039610802566 4599486435267145510 13813795113139697480 4580670732048539416 13812944133245878706 4600464205011697377 13825314440485223000 4605280751411093554 13818203676411405919 0  0  0
4 321 321 321 321 213 321 231 132 132 321 132 321 132 321 4610920536037889432 13835200537825967211 4606277466432023928 4584234037666072106 13814422081567645770 13830515013795438918 4597777018460941346 13830253183337965848 4591378210520767895 13830289431338133258 13821211247630764934 13798768533636658984 13801338996145122077 13829234229095625455 4602868699682817161 4593786698741919167 13826213979438216688 13829164215936825537 4607107466916971185 4588347214072958646 4592989073317156937 4590027486616866688 13799246214883065176 4590741409169015066 13829411192650647157 4601685548169688502 13819731589449354195 4600292034674049765 4599640680376991774 13829374436277741848 13822816237538801438 13829041684744987639 13825200251655815621 13814194299642766390 13810543672489083535 13811491136047893572 13825681852014310323 4595185475055064434 4604778198145453718 13825195367672090883 0  0  0
3 132 321 123 321 132 321 321 321 321 321 321 321 213 321 4613592813549004736 13832749585630867144 4614070968367319482 4602081340043191756 13825114894239918692 4605042720670508566 13822387049327510832 4604776469623952584 4603690214995377332 13829051310588918833 13826158863197064751 4596706605722732149 4600829917138549011 4606181352442994975 4597386214412271574 13822110439377760921 13816584959204296836 4606752500038295337 4606042955061170221 13825016021082414392 4596476894999846156 13812883106882452934 13813653683504444453 13808811052964848970 4604642175265681574 13820704871906504421 13827475292299035826 4603938090278235755 4603464719979944305 4602602497698159238 4598610220140692286 13828546135671833352 4603278932342203060 13797540488405130772 13815744476391125810 4581819962318696284 4601413110293093327 4604651542602196875 4599251400032914357 13823357167833758016 0  0  0
3 321 123 321 321 321 321 321 321 321 321 321 321 231 321 13831659360325829984 13835051101336650011 13835140758088828307 13826143123203361103 13827312169304904865 13826721560791979083 4603633947639277549 4596602764928016863 13828466592478848692 4603671576005388229 13828213642480608556 4598762396166361003 4603894645387618608 13824835254080807120 13827312719026377910 4600808430935486234 4606224427854078807 13820136231067437332 4604148852323861910 13816662508714140375 4604829745296830700 4581400508521308800 13803763478601803200 13803142728550769680 13829247968524062373 4601076750964326172 13822742667123283132 13826137628823642055 13826520041983498516 4604119083858029644 4591625580154977326 4604709134948923076 4604313658736318370 13804522527330333807 13800838589105102975 13804844959831696510 4599868857216003965 4602446964838691764 4604901273121110203 13822349025584628862 0  0  0
7 321 321 321 132 123 321 321 123 321 321 321 321 321 321 4611865023642942226 4598202482816481032 4595238340777217472 13825657251917126673 13825109337706790804 13828352940116901886 4606072099589673775 13819467276257212585 13824985892274097493 4587672623391517033 13829412794423155018 4602399169716291906 4601206865458629326 4603685659974325559 4604222508471130660 4606131284838747497 13825082445412192060 13817717133946675502 4596795006191540990 4604058174074662759 13828095905291151501 4589255462875841482 4588681552205868888 13808940409060666858 13822514056838697080 4606662159491313560 13817631492379349722 4606334939976981517 4599643084846900133 4598418830695391586 4598988491806697596 13810449789786860848 13830142340246457513 4586165256346171367 4589523226963226714 4587622047857277746 13820557886323449502 13808223622023620123 4600905887054555308 4606171605219546643 0  0  0
13 321 321 321 312 321 321 321 321 321 321 321 321 213 312 13835115387562450037 4603274375765389004 4613415375992325386 4591326492709835416 4589886788516023702 4607120050916476583 13830102439790274311 13822320136769805823 4592576599768365756 4599054922997791906 13830134641655820788 4586178711614003542 4603013389440561712 4599939015499070313 13828468360982144740 4592017178136285336 13829933724733909175 13823353031467976596 13829088941585774792 4592570774390122756 13826371766480561732 13813678490112798490 4577151213960581360 13810861526097711524 4594025420215943836 4606611714617943416 13822867931294461160 4607006109729811871 13818785584968142518 13814763612526338778 13817709770616786774 13822527186910052046 13830029118909941922 4580162272767855376 13813355915597402031 4588224771086405222 4597716513761911461 13822235914698496251 4601678901041370012 4605509612416239203 0  0  0
6 321 321 321 321 321 312 132 321 321 321 321 321 321 321 4608737074091952152 4607994259811471532 13819983094510165344 13814926838530934838 13825906768600365178 4605969391534363680 13814827878294049901 13829301823657544280 13826049354302283184 4607100863877648546 13817200764810262103 4585342312292129674 13829861447611276688 4600600937595860584 13773364778232862720 13819236120751131185 13825084488631334924 13829431643816427670 13823110462746002585 13828824758258473141 4602381630580541504 4583906949684616712 13814936739270327172 4585099972030341696 4599134757019956960 13830129270720469873 13802919636161801632 4605572060266861026 4598518833121594993 13826079641731597846 4602379069373438276 4594235247790063954 4605957887452311596 4591828478010321362 13804651940429648629 4584298230695387992 13808691040974058124 4603514809314818589 13825050367296515882 4604215718956421138 0  0  0
8 321 321 321 321 213 321 132 321 123 321 231 321 321 312 4614063483098614004 13827763308843572476 4609503144624518052 4588075621333950621 4606886356253526763 4598113215461771148 13814408875220192928 13821293819294071510 4606876131624024412 4607133480515624301 13813441425188301602 4589865867365213720 4598836626129367552 4604682471622758588 4603842316379070711 4606660861279097761 13823021799738984102 13810488248519630504 4595434375516632126 4603638804493213346 13828534722138254941 4581020551757218284 4587932180768116132 13814494177633655117 13830435472963434610 4575475744444264352 13818370309973821200 4593351578275057233 4604497720924754370 13827869949451149162 4592462173916219899 13827962150045846840 13827794551854362466 13793466426389314024 4592086639215996284 4583084168310196500 13824177312886902626 4594623213889239640 4605318814657138201 4601549812306631096 0  0  0
12 321 321 321 321 321 213 321 321 321 321 321 321 213 321 4611440349172611732 13826064860601631964 4610863045535955760 4566689994284832041 13823463434737287988 13829963071044682767 13815578062479202310 13829917529251789922 4600052681379081112 13830504970335663431 4591660572855259100 13809171942956896892 4596846764353265227 13827819540219422377 4604347974173889746 4601953835727525302 4604393766803889869 4603206177081145754 13829312285011494851 4596230896867415589 4602089744407795319 13798624321669310000 4574865828546902832 13797606114770035360 4606965374203278990 4596947336545093345 13808071316941143320 13803225736089632160 13813598238799581050 13830526556179790562 13820382852738789077 4606942427982434009 13813229403280628690 13796404246535360366 4573706275062779311 4576361627076418024 4603132877525019083 4593816058125913448 4603239725614203637 4603611374258477260 0  0  0
10 231 321 321 132 321 321 123 321 321 321 213 321 321 321 13835928036604704327 13830679865128638392 13837201862557706013 13822188070279834606 4604208728820063254 13827720598822316167 4589826321226820323 13827836435751142069 13827962825742059421 13830155221276208102 13821592338927105364 4594623222240938925 13827506763517586833 13825881151045890142 13826654955204153063 4604928822897216852 13824735677051868343 13826099913446811957 4573368614396233808 13828389223819114103 4604033066005860928 13811689579359421911 13811600449046537869 4590190838126788252 4605626488974722506 4601136931291588730 13823877544049451619 4602879027618455856 13822775668037508879 4605301918622708568 4596632508929525505 13829227291012804361 13825684095383408629 13815178432491784539 4587213439289213748 13783707140968540032 13827027912643357049 4600141343295527309 4604483045927058288 13815364395285763694 0  0  0
11 321 213 321 132 321 321 123 321 321 213 321 123 123 321 4592932501739149152 13827406082707369656 13822249162284939392 13828545280979988655 13821497348033719840 4603385087503247062 13826375705280504181 13820486342873709952 13828886824082731794 4599619181368475210 13830042467174721039 4585649089402016391 13828475356288887813 4592995958770361678 4603836179566061594 13826958940360849320 13825436178251158172 13827398299976320139 4597011230912085189 13829448929149219941 4601378359598547154 13809414371705945204 4586513218288942380 4581812995933762600 13819255771608288714 13823928100946312672 4606327639077101376 13829271767165425782 13824000826789625096 13823162812985451831 4602307074869086983 13829109014916328876 13821650901503604899 4576971416008071244 4577334200695543442 13812472413404538217 4599740950404601130 4593985737485130412 4601669500820377846 4605556159228504420 0  0  0
7 321 321 321 312 321 321 321 312 321 321 132 321 123 321 4613198478510890766 13836671599224733175 4613556363713225948 13810850752871400510 4592277924411560364 4607120315550272656 13813648857873352275 4607100816832060978 13815920330774825564 13830515437936085418 13814010489318426566 13809598458778799803 13828732911988650049 4600561393399488646 13825440977183331639 13823871923977439773 4598771981522436025 4606110577636470026 4602119029916660797 4606097275568398528 13813865943172674373 4569859078006795360 4578649318330798784 13814189814899747034 13825231145028533499 13823778614349332660 4605457457116233371 13825605600120216786 4606006394277733492 4594027028012665652 13828332842517557407 13822861707076524275 13826707007568666564 13813471230859892298 13789321750536321208 4586242329991931358 13827221498347269239 13820321853344890402 13815810904503573068 4604823786163587398 0  0  0
6 321 312 321 321 132 321 123 132 321 321 321 213 312 321 13823910040616665240 4610358092114998292 13829521486303739364 13820237416758561109 13830301954787698772 13815110061374374740 13830218227012243904 4596098878025567283 4596028466629556516 13818527808634655840 4594038495005784323 13830345336882406314 13826011211128491557 4594043166727853544 13829263469190950667 4605687540158097488 4599897285846113082 13824790901021414416 4597738126141633749 13829911135198379937 13822175810401637705 13814476059865271684 13811593577189029805 13806670291573818208 4603355594781616950 13828569066380851978 13821473173438168854 13818932541673457768 4595545151748652948 13830266998908281043 4605368227238352685 4603586511919193725 13808795704838733112 13786649442141834608 4584717774074680615 13815530599084485548 4598101303457224392 4607027593473149816 4595594954692382688 13810191888039993823 0  0  0
11 321 321 321 321 321 321 132 321 321 321 321 312 321 321 4614221209276844724 4611055264755917060 13834196146003973676 4602806056236170840 13828478215883407044 13823869135685392999 13828003414936169614 13817686503622916112 13827694799479360170 4602157609998831358 4603782007359660187 13827176693486093164 4568604337977167465 4603990135239719448 13828425901435110674 13819565599602841622 4604925020781660899 4603874774901398421 4607009477387642351 4594469457303918560 4593779223411237625 4580561209902560064 13807889837585577004 13812262714699713863 13826520024133806234 13827626107379921551 4602491776434722030 13828138993052907474 4604242581784075176 4592108126308974466 13824240941644116612 13822471114609403195 13829345659210379029 13804305366466903996 13809213412039903636 4588074234792829593 13827170594908927359 4599602730363005762 4598968689334005844 4603980256026769899 0  0  0
2 321 321 231 312 321 321 321 321 132 321 321 321 321 231 13827840406898084048 13837412258319778752 13826593342042427692 4603702422616196109 13826945482545705964 13826177463642477012 13828420552504027845 13822140134330567798 13826781176365734843 4596475512658779020 4604920237856628726 13827230292657162729 13813242703974882996 4605941559473296785 4602690757927145224 4584204840962274692 13826055897684771094 4605968193481216165 4607154906251481417 4590240118231846082 4577261773948706825 13806446411037735968 13813175537244578960 13809999111223220992 13821214421843299751 13830091322431284468 13819943609143041124 4604899520218336690 13822741354776324702 4603447550930698670 13827133903980737888 13801719165644679552 4605239663882268181 4590650075399827026 13805634838521489471 13804315413609353411 13821551920478242083 13828489728165067553 4593102731215502778 4603346102868662947 0  0  0
6 321 321 321 321 321 321 312 321 231 321 321 123 321 132 13831150761319243106 13830607820020850302 4588954657366927296 4606642683779809537 13817904104747300364 4599197332517827770 4597368880925456863 13824173239942654824 13829560902085576886 4598244717622710118 4606337546814685578 13823135535401559649 4603005816105324630 13828370552475362928 4600376127642506312 4600333096233885218 13819223009260825877 13829747528113622271 4605009044141472075 4603812674957261052 4595676570090204233 4575363385524999248 13808070936521679642 4584288725029507696 4605031922293768049 4596024934990010908 13827130865079364492 4591970917142657128 13830366547411324452 13818884321394882246 13827316236111804420 4589794189614573896 13828434733948229158 13804449068633314559 4583245000942133354 13807670780787423288 4603607678533950014 13824550858902446999 13823758545827369868 13823793564376226002 0  0  0
8 231 132 321 132 321 321 321 321 312 321 123 321 321 321 4609279605259807364 4604966133732096216 4614083592184788652 4596308392049556593 13816955832742751124 4606933074919797479 4588652935231328122 13830452628820894430 13817507595484567568 4606987788890951468 4590761919747581530 13819336915633266222 4607104670200166465 4591533040881559356 13814522844721218550 13814892232059205134 4607141380317180636 4573889359415700786 4591164383593423365 4567541020994409486 4607145673582714390 4590908580815866930 4587649661877952520 13814334266525336290 13822348429332028425 13830154495990541109 4577525422030985448 13828358887411796239 4597817894952977457 4603657468230324061 13826809971326575841 4595324375467787785 13828693211598622398 13813522963696438426 13815692764024112748 4583608914795744812 13822078470344489046 4604709008769783436 4598565725406180397 4597842160742421339 0  0  0
1 321 132 213 321 123 321 321 321 321 231 132 321 321 123 13831538412067941818 13831323742710403938 4608150479544009208 13822725121985604657 4587891755785161008 4606709058684494869 13822251235552573969 4606691689729868536 13817935840420965098 13829688519046963779 13822828432581794311 13822136229065025078 4595934118806885330 4606889667793793107 13818641564588848819 4590858004047678277 4594772985939118378 4607039009846012192 4606988221327854262 13819722872908972584 13811307036302189394 4585085256494996520 13805730340396923028 4584852667019911280 4603068908436425450 4603686491598860444 13826724835738182629 13829081117465091241 4599718430502943393 13824848679848743840 13813235749186253229 4604626152749329924 4604427636222650553 13802812138169202292 13810809263952189705 4570176998601066176 4600550593901122756 4593311048658978814 4605654479642258911 13824027078800761492 0  0  0
4 321 321 321 321 321 321 321 321 321 132 321 321 321 321 13837456745069399748 13837314583121934540 4613068310864187464 13822525682515636044 4606754209647068964 4579599606109973696 4596508402937531819 4587374364809675888 4606981966945594944 4606556681873846107 4599085418840707919 13820080267174471743 13829956626681569308 13815339613183521508 4599861532224598506 4596929535344763217 13829880606370865554 4599300064439259712 4598827998545152440 4600259955181610792 4606152126081709022 4572204488763691904 4580915529240318968 4547556628669852672 13828152207191313443 4604270082666507438 4589443756135516904 4598811027393661868 4597010775169607812 4606582475985894651 4603734076096687006 4604510673885119682 13823396851422055337 4576237427059889723 4572928825046901366 4580201865199355490 13827277339292527273 4595960701377822378 4596352447924322664 4604670295076885113 0  0  0
11 321 231 132 321 321 321 213 321 321 321 213 123 132 321 4611771310377521678 4613207228066197952 4613303801869513268 13819480947874634690 13827592608880418755 13827994919080858144 13826887085357890905 4604128268576856090 13825332703121506772 4605218291840685475 4599719614306243663 13826278029278336157 13828511184319595106 13827258944005854605 13800916384633740800 13826984868802488936 4604851215290009359 13822332547239227913 4596171696704401843 13820477153767767367 13830156935649773702 4584615059273118016 13811842649383874762 13812089620153234989 4593035165762285468 13830375382411929276 4594963184580683766 13815942930175275272 13818795275752924260 13830362436408616939 4607066678908707708 4591584973444379732 13817141351327333541 4587449369883270878 4589327231576674964 4584876896005708834 13826669719159381576 4600293093707437371 4599320282692665911 4604171233814921527 0  0  0
7 213 321 321 321 312 213 321 231 321 321 321 321 321 213 13830608941560394010 4593854026599161840 4607549946011048396 13822286612364222593 13824635137591839282 4605911487852669848 13823554352418507415 4606098557704074162 4599240483855120705 13829525990831824339 13820482556076037726 13824399397307209527 4606799525395951525 4598788985930928410 4587389710292584574 13821562117048491057 4604786359721979288 4603860141986486591 4594301231671495362 13827103838555548745 4605147103578392807 13800496648397062504 4564965368865371328 4584381938336178280 13826590756852053038 13827023228131036895 4603245374888728037 4603482764086369576 4595847472113385510 4605258380355822645 13826793465750582039 4605128990444953977 4598255066716906748 4581961832298636538 4580843867408376509 4579777751144321410 13821051250858333187 4599825573890261178 4604763570210531401 4603046354977748765 0  0  0
1 321 132 123 321 321 321 321 321 321 123 321 321 213 321 4608860938776271760 13818037038096458192 4607035275181217408 4600942535982619236 13818953240900854708 13829630728762962375 13816747101377042592 4606839403835541982 13821372721232251556 4606343911698259257 4596641697972934221 4600278015544305880 4589656052298654338 13826981941180618188 4605330952995680701 13819220513547551664 4605153052768836440 4603620419340499627 13830376244947358220 13819356136082264099 13811922053097327378 13813731333756851276 4589955919875358582 4591760952427004652 4605946973725473193 4593924214187167972 13825833568968671586 4601298309292982906 4599772445566897969 4605743774381490447 4598646708930666418 13829938369779149128 4597682456974215730 13815714346365008234 4590008503706744408 13812861718302576408 13827953097729862094 4601163909009357696 13821817764713198887 4602687780864251187 0  0  0
10 123 312 321 321 321 321 321 321 321 321 321 321 312 321 13830824848125585692 13818795474645378048 4608830743690141232 13827493228473736808 13823303933601754148 13827545363436394147 13826198717863276926 4605865211077904738 4589448226002662112 4603088361184767919 4600656146286545709 13828240146321180861 4589870436504706192 4606673960230114702 13822866909144597780 4599545586569148925 4598786778740106470 4606296953037305314 4606665230688961875 13818684755988896156 13822216476681515318 13814944516703024144 13813400827316221522 13807836227990154240 13826793119310662708 4605219745285924342 4597153224435238838 4604762885176580245 4600609822980980937 4603244502976751628 4600063246398803026 4602496500669018560 13828719897899454018 13799806812248816860 13816394081442547628 13810184097396389285 4596434120543106439 4601345871564499790 4599580604981925472 4605549317076775927 0  0  0
10 231 321 321 213 321 132 321 321 132 321 321 321 321 321 13830413383117885820 4609788368464353044 4611386644483942776 4586301962892663657 4563651477652807184 4607174229593498185 13829196886956006831 4602919725731551195 4585282116382250320 13826287031914881219 13829203571554056566 4582445804479023132 13820943393091951467 13826432861204784813 13828816850657442008 13830289755730689418 4590377470768105228 4597354213943219733 13812072128925071969 4605708513688320260 13826455848595384721 4587969741122237836 4584502128703121360 13802056742489493480 13830545008039643005 13794865008330897294 13810104015594672382 13809550977908698352 13822897218446158628 4606685338033869785 13804443615562277655 4606693562155203566 4599515881857985838 13811266316251208820 13806113223947304543 4582507078344438139 4599364244735219418 4603680080707629532 13813887665758534046 4604670579443184772 0  0  0
0 312 321 321 321 213 321 321 321 321 321 321 213 321 231 13836340088642673154 13826762799874999840 13836523620620270258 13823164228184824275 13825286652490309378 13828948441792380644 4601935907485390834 4604318634573865122 13826676922856226122 4605570466502768849 13826685480373460755 13805317502646882684 13825124736604886920 4605898078161202085 4598215244197888132 4595959043978227644 13819209014241030199 4606862427177631482 4606044228404755703 4602322031796306987 13813698579056997177 13802723500735814184 13800221821920540696 4574835965408141024 4604815146376428930 13827398662737433624 4595863755012162794 13820881266915556720 4580119009282478592 4606936585224224494 13827264994048335432 13828393500531841164 13817545743332769634 13791847238088654811 4576944218553502872 4580118495289753720 4600058003638269600 4605208282661187454 13819347485458950761 13818023374330015953 0  0  0
9 321 321 213 321 321 321 321 231 321 321 321 321 321 321 4612113480058887864 4609961916323987752 13837432665812076366 13830287356787425864 4597776706473696951 13808801725445025054 13820570177722135856 13830040737413975894 13821448696907545142 13814777882190356236 13820890938601267909 4606896512783268713 13820364709214035015 13816776834119582044 4606899290014574613 4599136749944614672 13830117588436516528 13810902167605250784 4606532022349735297 4598764904943435490 4597938969807365559 13809895688198657658 4589111578557458140 4589389819705078036 13798473554128742920 4606804116022714562 13822207928024726432 4597559281467271365 13822036570117467015 13829943476590647554 13830306505785759086 13813339969285083592 13820505683834502384 4586072984923572558 13814422693655696672 4582536036509216028 4604617573437684681 13823464820401053476 13810692403935482916 4585835450778899568 0  0  0
8 321 321 321 321 321 321 321 321 132 321 321 321 321 321 13836518414863973392 4607796267166962252 4613507977376065256 13809187771964492380 13813199745963776640 4607152310873401636 13826893680244078675 13828759325573957052 13813868499907053306 4605415418176832341 13826904414341961400 13800932367331475670 13828220820535201878 13826703353174023957 4599998655939958969 4600585366961450044 4589583901243904318 4606469887635415626 13826511448741523509 4605534985800297068 4595260997865342419 13810277754989804160 13814537563721098544 13812651120779959286 4605873693196765864 13825920527173296697 13818423504875478834 13813845911689089444 13824911516319382768 4606245318366718980 13826166325774593496 13828326203805485052 13824484008539139308 4579750802380837154 13802711894891951148 4593192664309739382 4582829003972102423 4606508510036993291 13815324591025085305 13817407393710386312 0  0  0
4 321 231 321 321 213 321 321 123 321 321 321 321 321 321 4602170748833525888 13836887932512294434 13836754216107072536 13828075258657240825 13821617733563177710 4603944472557877674 4598999712507146267 4604705089388504730 4603778191576727638 13827152404237965844 4603942358664784944 13825155885197960036 4575494383874658526 13805949904281928852 4607179556904768501 13815656577356029940 13830501539730912615 13805677535214392772 4607131646248550996 13815641406016503462 13800385582112292980 4582267945819614592 4590468701326351454 13807344420831137500 13828795506586879344 4600713668009328064 13825092233619128989 13822253630134527254 13829792408671862519 13822087919581649248 13826217005005275242 13814962314455730403 4605828558312104376 4583128408981855325 13813245558112746096 13809894934638346491 4595702326767639725 4605927425904267570 13813202913208015738 13825730040023134550 0  0  0
13 231 321 231 321 321 321 321 312 321 132 321 321 123 213 13836369006072233901 4609684890017360808 4607835888009121476 4598567529098383155 13829474507183332866 13824056745038977201 4601107401755785633 13821706257812976610 4606041092886122396 13829377610405689575 13824213976519622837 4598948673354308612 13816559334128981374 13824322869575692931 13829717195973252345 13814275077208347138 4606409379871570514 13824176709770127380 4607085130685025403 4584728740547810798 13817696202246098376 13815149818377425445 4563399135647566528 13807218177772634080 4606914994071736480 4575787763409670560 4597877313401450976 4587028405312476752 4606943751869721860 13820598092670416557 13821083355229049713 4597401839627155030 4606679962676384222 13815432778708352615 4568753049489096100 13792741592927050512 4598356986844647882 13827505788335024724 4582413104362615189 4604507106907176132 0  0  0
13 321 321 213 321 321 321 321 321 321 321 321 213 321 312 4610641212629660376 13825417473064273072 4607582931549563516 4603488759642439206 13827449053651251942 13825544178934568345 4604838166414517569 4604235540102361517 13799990890528985968 4599502938488561943 13823231044708057972 4606116102807280546 13808382943046087026 4594609966831194006 4607073917570150391 13828378531708626892 13827380681150991419 4589937578339971561 4604037934622850601 13828274058776016236 4594080600270164763 13804111191596911144 13808138679913192842 13807004723096354292 13826919750302125766 4603801551526482053 13826087117204532019 4604382488464708582 4590186771860390802 13828037475603481309 13824456014089660109 13828547079339525113 13825621851683499523 4571838044853307108 4572804586342294820 4586684601223246163 4594183800337510974 4605848065352408898 4600993761705177187 13821831362632235031 0  0  0
1 321 123 132 321 321 321 321 213 132 321 213 321 321 321 4612918105119976492 13837485401611424989 4608292985465334868 13819724552224719153 13830349931789554832 4589827265181603244 13827322789800955914 4590057579118830734 13828426092139398221 4604849557846038915 13819682127636033714 13827326077515182747 13823126262394137857 13829966382824876920 13816030158521637288 4603216397028976049 13815574496044063264 13828951871437622618 4604991864262870556 13823162514352195177 4603205417224206170 13799489650937632168 13813885692301279580 4580284190226065652 4605205719586111740 4591370442381292147 4603742897694793392 4603256726600466132 13826327827776858905 13827244103051834286 4598521359555650738 4605762914064170212 13825452351478538853 13795040599525627908 4583748451844900032 13813670859587252546 4605290876164213591 13823920230057585184 4589440150787672498 13812636579954011331 0  0  0
1 321 312 321 321 321 312 321 321 321 321 213 312 321 321 4598571528031782616 4607502002892580324 13836595476452363753 13829617091211257427 13821882889862081486 13823416367439605810 4600655868169094915 13829307758883303742 13822945964359886776 13820350279806319806 13824802444151819868 4606066193464256894 13825499428976428182 13829470520197718849 13813558824064438548 13821968282485663664 4589131103970717344 4606821162732279172 13829109771386546676 4602165667007180983 13821901967798109377 4549403139593685504 13810916352895432084 4586911247888853672 4605181492620105048 13811487501558437620 4603813889845122921 4589755606414027144 4607159908391337619 4550012466138451968 13827171914018305329 4586517302858249572 4605199109749652540 4584810269598098959 13810895369635850687 4585086339689974137 13817544975135248537 4604537515599442392 4604142299782822229 4584866053646865959 0  0  0
1 321 312 321 321 321 312 321 321 321 321 321 321 321 321 4614164238385520168 4612104521624651492 13835443181982264890 4594869683137057252 4600363069384976855 13829787641977866696 13797994313659352712 4606524321291818464 4600429802880382614 4607068697451119893 13811177182495365935 4594545640143186030 13819182174431020556 13830219443824270500 4596284700490198364 4605417769893804976 13821787169000264555 13826348285019038843 4603266166926296534 4588888914608603530 4605585639003563576 13812674513445342640 13807898147026932520 4581624408299123288 13826190322379136492 4593072682985353588 13829193621994388311 4605047587936443228 4602799827665811145 13824118454534365722 4600697893304152208 13829204799623558094 13823415325555717397 4578079284780244552 13813299502268887247 13797248752926189665 13826805937250069476 13819704417417029068 4605186594979078304 13816459378729443944 0  0  0
7 213 321 321 213 321 321 123 312 321 321 321 321 321 321 13830774532404812652 13836121282408954746 4613040954566609448 4588222908955600081 13828011073196501969 4604427804233492293 13823045848424666737 4603957763004359129 4604394966598142536 13830024824842983714 13821906126096126587 13819860789053702098 4599909954587281084 4601433738635974366 13829053108237417354 13819751754715812624 4606297563765726740 4600572815876172983 4606430514645229001 4585080425072589505 4600850812127765956 4585104677957113048 13812751821268030030 4573119632114558800 4597310760512661169 4606230412655605199 4600628483787381697 13812733132078518658 4601047359869687756 13829743876768024278 13830301738496122668 4595671087149599029 4594602082098572578 13810537164280656404 13808452297721086915 13809918243070233287 13808060049964248135 4595347523784370731 13826829970437194976 4605299534875876985 0  0  0
0 312 321 321 321 123 321 321 321 321 321 321 132 321 321 13835638845702035098 13836815539053732917 13810484848114777536 4598145342167015536 13830042729265150370 4597087171718174386 13821997329742460355 4594526030036644480 4606730957541747868 13829911340341949705 13822396156164750936 13820549477390971026 4586254379267223319 13828311535936665968 13827482668435546765 13828568183945847742 4600657483808241168 13825906081099630627 4603804710648141276 4602989114765530254 13826672183828395899 13812927637571626140 4591386203890002622 4591754260036906942 13813123578313165662 4605019655906422141 13827367821071483514 4579123708784706816 4604016497385791835 4605030407597671348 4607159081400028848 4586616627778606296 13811645064382528336 4578126001712350376 4594011749828256870 13813012939814047238 4595621281521976917 4606349360966815429 13824601400927546367 4581079878159887331 0  0  0
3 312 321 321 321 321 321 321 132 321 321 321 321 321 321 4603509319028942716 4604843270000658352 4607579012413186780 13827842272542294866 13817235035046032906 4604509628285679477 4595667967337735610 13830406621049907715 13792361083530316096 4604409145130931561 4593657290096153736 4604578670949374039 4594643662525611074 4606017738413684137 4602097916873358307 13813696828951063110 13825350335568943017 4606136299139725480 4607049626587288208 13818703573099324931 13788779894474234256 4591213268604428506 4589474579098336362 4590156439319712514 13828744732352084693 4603468081226273404 13817121050156185146 13826765494737971579 13828835137888620746 13815130840521328454 13818331039076817672 13795799169978021824 4607065193357521105 13809742423436776468 13816263168440371272 4588848479819083312 4602230296084171720 13826601852087716681 4603361393889213211 4600112601859625904 0  0  0
0 231 132 321 321 321 321 312 321 321 321 321 213 321 321 4607259004103923904 13836492799995644155 4613738552658089774 13815917646192533286 13825701782206934790 4606012204722791812 4602973819838458257 13828458780334280165 13823472936840457947 4605733827612089121 4601318760903237905 4599796125185936803 13811913451179862565 4606994859323049256 13819547755425517577 13827974970954843368 4591544040643586346 4604426187927750102 4604463285313932899 4595622878066674785 4604419079969466771 4586612463747262128 4588526450532821516 13808466507835675450 13827062176659162138 13824586580478742505 13827588064991739459 4601725044214562312 4602825535530799151 13828126754019468505 4604048964706991540 13828276318380784382 13817185021815661008 13807317675469518119 4590068024157311108 13800151548083028336 13817413393253572788 4604892436732644019 4592130830612263167 13823333870770682787 0  0  0
10 213 312 321 321 321 312 321 321 321 312 321 321 321 321 13832684301191319347 13820239162960489456 4604111570147941580 13823240979992316375 4595456277397733783 13829857283388700430 13828317490455884633 4603018275807608545 4600553007941768334 4603243933925836642 4605605095611813650 13811284433999613779 13819516841271941368 13827155493759261493 4605004208660842954 13828359664148698821 13824203918858402360 13826227363321558868 4603803586918141890 13827618497941394821 13824140457538476423 4583045939511392864 13814056504041994914 4590115219035769494 13823474612379973820 4606250401096204263 4598396779736756836 13818950295653141494 13823185145033583130 4606489783366785928 4606434889245144075 4598767348254253443 4598737538608224980 13812663266083740254 4591419774511061227 4581752560133769437 13823370556536661269 13824202126478291971 4604943281757527636 4600743998589416038 0  0  0
13 231 321 321 321 321 321 321 321 321 321 321 321 321 213 13836460902488670242 13831371855261911485 4599189216739221680 4590970773216495729 4605492920899607553 4603367471249878580 4607110071472048847 13816980758228414398 4582671823687796136 4591245129059195602 4603306581669843012 13828904029418121712 4580114140154538896 13828367292764660966 13827429189766902910 4589061753551693072 13827412117925648366 4604988703147318464 13830536169417862786 13811039939315092334 4585441778215442378 13802128300012779992 13805423552382161720 4588393362563970624 4599940901602072305 13828558965984221844 13826252529390327554 4598664504211944359 13825093934738298826 4605836529563169421 13829613943564702700 13824984393083867367 4588841809902222792 13803975696223953128 4588065178821310011 4582872015917185770 4603084444241426633 13822014352549951195 13824782162769586184 4604165301214481170 0  0  0
5 231 123 321 321 321 312 321 321 321 321 213 231 321 321 4601700475482705688 4612266488417801672 13832930172801036926 4606393109997662513 13812766615376303270 4600950717397912502 13823599041533049391 13826791081307337533 4604724163843193887 4595923933360518453 13828846731645575859 13826546721568099840 4585478196833854573 13819619438822098941 13830372608426926127 13797076400560236223 4607006019339870750 13819632110236003173 4607176116937690957 4578796356583760158 4585200794401687044 13806010376780351700 13810011714288299754 13796069939895232736 13827414369872154228 4603991358936698717 13824221160656242272 13828181606154406470 13827529843810680281 4593770088739745864 13819103009233493040 4600457136513817299 4606356100200149330 13800960236670907889 4586938526307631058 13804011655975296340 4602416188245315841 4601653380610249890 4604650085057767581 13820700214265477191 0  0  0
7 321 321 321 321 321 321 321 231 321 321 321 321 321 321 4605166632793376436 13832958328409923535 13817863940169743312 4602302897365859495 13829069559433643698 4598537771534754368 4605483341927824218 4603028338997179596 4597334505205718444 13823075654140195251 4592631661875975934 4606603835284720112 13820820148835291392 4606179596377387208 4600819933018077116 4589397009671439830 4601254897263421956 13829696069518220604 13830293380350690720 13819092084153095008 13818128456752002004 13815076274741899447 4581120248731539892 4589389109454390306 4601012518684397088 13829542537974467078 4596896318716927714 4595452286383629621 13818121301612690335 13830305937538286749 4606249201816689201 4601483973685532773 4591272202005214819 13809668050683146872 13814070266465882709 13813321342036140755 4590675105445183226 4604008618669159657 4602774046776216359 4602002792640826830 0  0  0
3 321 321 321 312 321 231 132 321 321 321 321 321 321 321 13835746780220271233 13836188321427576018 13833583872159158443 4568387615482106591 4601590116518024540 13829637583769526417 13794534872082277404 13829637509480086656 13824962293146511227 13830554353659237316 4572075190192202278 13783065188882361351 13827825176133852586 13819361654864392968 13827776941385306723 4589747458202595253 4606657570036191673 13822968405277158678 4604602789449759429 13822052042280533553 13827339061143720287 4591211864577514894 4588368024259853068 13814500348606857416 4604743446334591780 13827294839895034811 13821442478592922343 13826771115772392126 13823974076235431493 13828015119508545482 4600213585529782286 4604182485470836498 13827407552126162657 4587667122014524206 13800401139879774960 4593828087951464292 13822562403051903748 4604096901399235500 4604099278074231981 4596494370385364889 0  0  0
5 213 321 321 321 321 321 321 321 312 312 321 321 321 132 13836334917779307554 13825670098312528240 4605864125640179640 4599703712713247869 13829931635293696477 13817809278126845998 4603866929477521242 4592352949988407556 4605089728080741886 13827843091578079696 13823339109356142909 4603795176575189229 4596445904324223485 13821623073746025473 4606694397833713704 13804796579307219708 4606862251967721116 4598418249750498535 13830366932201918852 13813235479900283426 4596003944236877569 4591125114278197072 4589598119055392230 13787280969146182144 13825955668105122914 4604258533500508354 13826473405325866079 4605324154076088135 4591494485849144812 13826959600671537135 13823420611215481043 13828134670669778096 13826797896805015617 4568209690147154679 4590318694652548430 13813874677439958261 4604743669924911120 4598300969450987371 4586099673290913200 13824670403486847387 0  0  0
9 321 321 321 321 321 321 321 321 321 312 321 321 321 321 13826273931106665784 4609023316257492752 13837618460762807636 4590081321640203470 13818132205391066686 4607047459921100470 4600538344682611616 13829728663214303498 13818744885853050242 4606474808671432213 4600668680251838419 13799782011960548237 4606595067326255686 13814666551688755083 4599851896832766931 4599849520650057734 13804142105703122820 13830006718293468784 4591329853381491530 4607142786875193332 4579784657687633872 13808582053351671454 13796578891566125856 13806009681846983252 13828540517744052550 4603832876616539614 4587577138666152592 4603005175923360412 4604492002698581654 13825505195733067499 13823008706839503690 13823116153943602890 13829485478957210228 4582108843361305138 13801097456618479078 4585185018930655434 13825269449159272081 13825031114754498432 4604892721870856141 4596254926042180639 0  0  0
12 321 321 321 321 321 321 321 321 321 321 321 321 123 321 4613100850746829598 4610879285206895056 4611205216554361368 4588701036062988801 4603507139385177833 13828787102104654366 4581112018401404318 4605420506640330830 4603523714276784984 4607164973578269237 13810796296559812106 4585415955093792900 13824420391225717930 4604167988048219427 4603797702207507402 13825669855825804163 4601339395014396227 13828463043929755175 13828541736944805440 13827071536475514693 4594366804720032470 4589520593486162284 4585134080613728280 4590767278852505568 4596161940922912860 4606847649696187223 13819306339230982964 13830349432160911284 4596608125514635430 4587165138432544096 4590830949288197314 4595440367006812904 4607011315128464142 4584420269460862054 13811403904517423589 4591499831281759054 13826347523387727535 13824798774739595152 4604620417186212660 13817457030134011174 0  0  0
6 321 321 321 321 321 321 231 321 321 132 321 321 321 132 13835259871199581858 4599952674992858824 13829659879445733180 13819721415295434542 13821859698594091880 13830038889320356327 4595804697437900794 4606594188218071990 13822520065149965445 4606844334358057919 13820980000457633204 13817478148408491353 4600494001123768431 4606470408024736998 13814649245978151472 13817391832623749869 13809768571335000928 13830463898956619770 13829794812659590956 4600648036018638306 4592420125691947355 13813469261513959304 13813509542813962439 13809644614833523872 4598953954243916191 4605908161120204180 4601249347553661590 13826596149330327193 13819819343427802099 4605408930076139703 4605151074662055258 13825533533677432861 4601273614745544382 13815613762936442027 4582444833696859016 13809368396497327485 13822491680801776299 4601484412194908761 4604587268507996204 13825370743722628635 0  0  0
5 321 321 321 321 321 312 132 321 321 231 321 321 321 132 13824649984661226504 4612218937273455782 13833235243535108766 4604956581791041263 4599823600156018556 13826614903713529133 13827162350725900913 4591575575429387516 13828536822959271875 13820143719650334648 4606596716428931227 4598807590492220110 13827703371611502037 4598799944700151947 4604229718298262761 13826472191111612936 13828840611127125002 13820215090254353829 4602384117150003571 13826169126851681321 4604562006682651296 13813809718138035580 13806658456411954484 13812915929547525702 4605972842695379653 4601748803829995042 4597184489973534701 4600964869372021114 13829551276430180856 4596931967608150026 4598974011726738174 13814988069863765563 13830111468092119120 13814975301476249349 13805805101339929414 4586409186721096492 4594379504074012410 4605856798245537462 4600346763394283795 4600285550880073652 0  0  0
1 321 132 321 132 321 321 231 321 321 321 321 321 321 321 13831166128975641478 13831303879158782543 13829089157361789524 4596805619719522645 13828222461033434324 4603913291843725322 13822701632460105755 4603269891663746421 4605043318423424624 13829882762286312650 13823559973990977712 13816168891396614119 13828855835160628455 13815577144032074834 4603354586967829459 4597634175997727301 4605763011894591823 4602406677708127156 13826367482316584517 4602936162483499929 13827482615097483809 13807533867679581056 4590939967431423506 13805418706977770156 4605767628852429894 4599709594271018411 4601253354747097690 13826327271386774264 4600682497116872440 4604957033120314602 4591046475775273580 13829275597429513105 4602732188635909968 13795799147921899318 4584896715264480150 13814417447513623864 4599602273705645180 4606369172469417922 13822376697978534778 4598197070463776359 0  0  0
9 321 123 321 321 321 321 321 321 321 132 123 231 321 321 4611475833196463292 4597106251901024768 4598917458542430088 13827382615508152573 13827901054002267738 4598851379960300692 13828291066591168316 4602859717076069302 13824448019109791054 4594226473177046422 13825718765378038188 13829339304557347490 13823694608041097842 4596538149248230718 13829712789154721637 13823763552771413303 4605928848691792108 4599907523353485041 4605842135461239826 4602065891397812407 13821241404473223868 4588275612467419992 13811532534881442391 13804495755422207244 13824971046027182263 4595750685232793458 13829466255450288119 13828630452689142598 4600774019487286894 4602238287609380192 4601481125317540499 4606287580554559958 13807624319047324304 13804288331576244508 13813454042116218778 13806240351159131528 4581356993487068026 4604745220946788885 4603067166218690510 4601055548924581158 0  0  0
6 321 321 321 321 321 321 312 321 312 321 321 321 132 321 13830100636046033620 13832741417879419391 13833475148789310983 4603358490507943473 4593743249931340408 4605452241267832143 4596318172446985434 4606611920307211787 13822242282139792404 13828693447574440510 4599551559807576407 4602803196083372424 4594330289327248815 4604963629777122529 4603952897373635365 4574946995914934197 4604005832577193942 13828412341136623406 13830461283151066941 4592866182857453493 4590956962971610938 4586560915299637468 4587349388544865124 13814369332116067631 13792305326566419712 4607048677099867568 4595352758406580098 13823339650170209387 13818371302205282122 4606487532190674147 4606614357673986972 13811787613721415216 4599882710096615021 4585049598089617245 13815580906889600817 4576024606491016906 4599544656115235738 13821091159271225370 13828075320287462343 4603207197042217720 0  0  0
5 321 321 321 321 321 312 321 321 123 123 321 321 321 321 13832984976372250764 4604463310121278116 13835276378813760788 4591533165674526837 4606871385171619358 4597903382590595622 13824161588242041033 13819272309499393831 4606276497219448690 4606404813651746475 13819080565326029272 4600222888132071016 13816474309295044550 4607109064725165194 13810752213882969696 13817109353293531973 13812717541315209516 13830462543870754932 13830419250298306116 13815930415481571535 4593974178825201739 13813883976101987744 13810148808165556077 4586019207403535748 13830010787189821306 4597448113485590734 13821610182159805868 4591768122845780435 4606203134899374953 4601645009559986414 4599574096380988480 4600713556306318003 13829294682701133457 4588144423804567125 13807942450188769800 13813765031129514042 4604312770016699739 13823175456990966978 4596372981428949858 4601747484508078152 0  0  0
4 312 321 312 321 312 321 321 321 321 321 123 312 231 321 13836351556730469561 4613122765757856802 13836333208795085887 4585331073654978072 4602485161241162978 4606024142451070290 4597041602411350451 4605804517371008598 13825772659496374456 13830330799960709253 4596655423511086544 13813551095469877282 13818569340695555560 4603859364016861174 4604997838088231986 4595811585073320889 4605153763152966533 13826994366456424538 13830270734066246312 4585704980486927461 13821403922366031248 4580349255723178968 13811253380845483824 4586103086946169916 4602794251821014529 4605362171370559938 4599378423825996734 4596865145525827355 4597771313584494442 13830079591302659698 13829036670308684246 4603160329464505184 13810451758390558012 13805178789017478800 13810504224341630676 13810041825783427056 4600746712063252395 4605269784668140730 4587145484347272824 13817797355382089356 0  0  0
11 321 321 321 321 321 321 321 231 321 231 321 123 231 321 4613373493534313296 4612640733256229952 13829113363024460360 13814281752923651831 13826919408121003532 13828734758835490230 13808500631899135156 13828741416049188639 4603586070114127598 13830515188374227789 4590398201234754341 4587174285147487935 13798884319449766340 4594991782778979529 13830435736677302426 4606764443774087157 4599044017785947134 4586130361827433820 4599093823116381386 13830020402840800207 13818176163498966523 4577911573145821424 4591694747204801526 4590707571383700146 13828910939256910636 4600348105208626352 13824983921060201288 4580371471319156848 4605201039891972916 4603809559222372479 4603360208448308228 4602716543461410407 13827345696326342146 13800515176299546016 4593806944150888356 4566639228279034400 4604586624719720189 4579219910800481451 4601097352235260724 4599560036303156604 0  0  0
13 321 321 321 321 321 321 312 321 321 213 321 321 213 123 4603902076685008556 13825111319087606896 13832003314467987989 13829548722795696029 13822723274118269277 4599685490763181824 4597382530011638966 13829959319754998262 13822003270832101736 4600851811645599013 13818609409966040573 4606295474151758447 13824293525324396325 4604135815645586344 13827244693020085104 13828417443786705940 4594200981282492103 4603862661427635393 4602734826456248654 4604809808004398574 4601751684078568004 4580239528409612980 13810728782722944400 4575910991766391144 4598148570098172040 13829232887730166844 4601922696767433411 4603017582826142033 13821933986568843502 13828737689272412839 4605430597832641309 4601692063320451776 4600716404152637433 4587416778875023295 4580096660539174533 13797167221628558370 4604710146815893243 13800540889514416484 13822982997763176242 4603615494114740979 0  0  0
0 231 321 231 321 321 132 321 321 321 321 321 321 312 321 13835265308210568688 13834990054705379428 13837481674179246000 13827210671651715933 4603575952644266803 4602590688948987420 4605160159512825579 4601537411167882248 4601886870143502204 4588412537002813210 4604216250286054462 13828208307837476910 4606129700119621743 4594479544562004793 13825066775636706866 4602026454877698950 13824561738088177017 4605214284465183171 13813128006001454602 13829624135971867463 13824914767086068471 13801854587778115176 4562404401899358912 13814351132634590367 13828247455625080076 13810943609012660264 13827549126151120368 13817357957610541080 4607077263855572896 4589925509258174288 4604073202967916648 4594335173876592156 13828231170874332923 4589549797033235422 13793998822037745740 4588354182407834668 4601310627101673846 4602639856935818132 4604969578110134945 13811852913520584510 0  0  0
9 321 321 321 132 321 321 213 321 321 231 321 231 312 321 13827477936076719080 13832437995690763733 13832388501468053231 4600932925191266690 13829114244169712926 4600210334146308263 13812757617199320216 13824647404868850514 13829691402829426646 4606397124967522255 4599808748963612694 13820653080168906543 4593020340976156222 13828862742944436641 4603325203583281597 13814855763779859344 13826790007334403069 13828821635593521502 4607080952000733762 4585859554624807182 13817741149603662345 4591537336494065254 13796444945685081552 4589360209280030638 4606257224983978063 4601410637224640240 13815358661710320492 4598523299570949373 13827988273189660799 13827357440757424041 13823344808299018718 4603142094207687759 13828368815376051637 4590181747732217529 13801653454378521600 13814218189932370650 13822572334406089644 4604124529767735773 4598838649916971314 4600642141283398497 0  0  0
0 312 321 321 132 312 321 321 321 321 321 231 321 321 231 13835460128137478247 13830238675962747044 13833802969001246781 4591125709271933269 13826860094017293571 13828775747145262551 4604690155833667433 4603511937152132267 13823432612479990182 4604342303715204044 13826489203390066052 4602314274881174559 13810993608313129448 4607009236823432120 13819319253963328708 4572007447003129065 4595964769669787302 4607020593983406062 4607170243379776543 4587361523420745285 13802782680662665157 4591315139131493222 13800690312723526696 4588977117026552820 4603414077282992168 13828392239142494640 13822270594413116317 13827415477947746654 13827390893428414280 4600755551188757536 13825818161632958977 13809251732208404456 13829405621279454386 4586510459500541189 13807427598329362249 13815091235100864697 13826786045911328226 13823516992834134165 4604748467294047404 4570702198764658134 0  0  0
9 213 321 321 321 321 321 321 321 321 312 231 321 321 321 4601157373123161416 13816300140522010848 13837579880886780324 13826121090300670078 13828832278981385600 4599015074925156695 4602185920661223998 4583240080274386592 4606109333045187181 13828034655923532249 4603466904749995773 4600317326360869554 13828683726313418665 4597889900158738043 4603219621027416035 4603426792854061969 4603316976473127159 4603382229425424208 13819016368901455683 4605241868314834421 13826892413105859601 4565320029378524352 13811777120462692090 4590672988080087540 4603486384816780171 4603669458242040940 4602943290750318808 13823862331750659079 13823714095993397890 4605816055000347149 4604601538846365922 13827857509145249110 4578385606711676352 4577049716119138824 4591242460594792168 4586258506677221422 4599670998798015507 4603839934020587446 13825255978127064475 4602989983930385971 0  0  0
10 321 321 321 321 321 321 321 321 132 321 132 321 321 231 4611750891889680112 4604951158238687300 13835170015437212164 13826207753756016032 4603118572486865418 13827461025460858065 13817835522815152979 4604469906887012984 4604480291106575984 4605768425753353575 4601934745568474586 13822104505127237992 4584438977806695251 13819991336145720940 13830355447430570999 13822458518608475050 13829968702288911306 4595954719494646239 13830133532919958878 4598863455868416485 13814568612098122120 4581769274025433312 13804295717202602400 4589633535330855186 13826816329414955735 13827120472411551649 4602898118153905312 4601592789664365887 4599099140748223192 4605796171604282335 13827685682537114082 4604710080378751843 4591569291345465023 4585213488252394886 4589119928601291888 13805110883766017702 13806494390603928475 4599428281375277614 13828309987728781644 4603376747545313932 0  0  0
5 321 321 312 123 321 312 321 321 321 321 321 321 132 321 4612889451070362528 13833395470868526732 4593376571802685376 4589402329876665355 13819312395526701846 13830374054026997711 4598569391187340878 13830028104545769223 4596332166902066612 13830194906424314790 13822078859925243386 13800753676041291321 13829478822356513078 13825268582897421606 4593741941940167405 4602208568734811247 13829186026328605068 4597708707492514560 13781744421376586445 4598515783397346438 4606850652234394451 4586560864158575628 13801480970860064720 13811552102429332618 4604390458688041523 4604650240311126003 13814100367251642512 13828062904375443312 4604310165446230756 13816188644631601964 13805949865765166316 4594173910083628162 4607092432274161524 4583339375796116151 13808439626917391775 13811867250589669960 4590632524953850927 4585599401753203407 4605335973838383249 4603577178563041858 0  0  0
8 321 231 321 231 321 312 321 321 231 321 321 213 321 132 4609817163940331716 4613565964361955184 13833248967527006497 13824841027207380365 13828253576558381066 13826124937245701122 13824261322215585886 4604155273918915900 13827234515361230161 4605448885634615778 13813057106316901713 13826822629562065233 13823225300350296732 4599615742623465685 4606096287049076122 4599465805572319274 4606470302251960606 13820467825511678368 13829496049530772579 4596638594693284178 13824648453564294711 13801919875069285712 13804345170149893260 13811582187220066708 4604738772572132876 4599894315985091804 13826873504938386446 13827666893735657979 4602192963251870458 13826599617654103770 4590858347799501981 4605475618765499824 4603393874609663978 4580646523638638146 4584674535192009748 13810509725746054577 4603934014151492437 4602811045661323733 4596695852223021311 4602964089293929325 0  0  0
9 321 321 132 132 321 321 213 132 213 132 321 321 132 321 4606047072512503424 13833973273915971888 4613064991179742732 13823465287970171054 13829951075748245894 13810618563494667068 13815939714275370187 13800561961736905664 4607127581370286179 13829904549094325182 4600151299859549437 13815141314224500553 4597975494342974253 4599020727037442047 13829861592015212026 4598259643283514596 13829997787507870346 13820983443015505362 13829974529023193114 13818946211269385230 13822537576642330302 4587873968636143424 4585155718701007244 13802511256828595648 13828198354186565172 4604158821845365457 4593012987632769785 4604243176028045102 4604652403445662103 4595307246637125520 4584269964908873500 4596513474013278792 13830361163989366494 13804246596422307349 4588608710928880110 4582061988924709980 4603030217827457838 13822681074757767516 4604296993924105476 4600639370821803688 0  0  0
3 321 312 123 312 231 321 321 321 321 321 231 321 321 231 4595219891314174000 13834302131915348665 13836542182840301224 4597525851672892101 4600012311857438968 4606343004481114143 4590937381566176790 4606470697953124602 13823884660221917453 13830273593545423993 4595186103482404892 4595761466258640658 4603984655019210024 13821522568523814970 4604681927889151155 4601853001840332035 4606149263621055779 13815238710285444044 13827083170538535431 4600743087962258635 4604338163483880191 4571212303486389808 4590859551852907796 4590995739677696166 4606515947392810650 13823400723112037988 4593999292217851467 13823467349023132663 13827861683360387407 4603737745504323529 13816966198766949906 13827128884967634875 13828527880948923489 13803110837725829806 13798577723869972176 13816817629235943776 4604857774139797763 13821778126636350161 4599201151926673012 13823459685650974210 0  0  0
5 321 321 321 321 321 132 132 123 312 321 321 321 321 321 13827021504207329736 13829843123942475932 13832343582365501021 13825353729926028115 13828721257096455224 13824086106195751476 4605290263988793862 13818594976583901320 13826858979556749088 4600949381119782800 13826779079632408937 4604540454187620179 4606715832165004709 13822435924386558929 4592331230124951865 4593356818020539986 4584138002509261394 13830484751031791264 4598965761702815134 4606765345444942323 4589276690440636245 13813081422279908480 4580305804824621388 4591396828583687004 4603409149819541791 13827003921755957466 13826442194141474333 4588281891135808744 4604445137254372191 13827993972323437644 4605488084111217202 4600612102186289689 4601573284736253254 13815330750736423220 13812120659361264860 13800087078665558652 4604953097045065295 13825356771442683129 4602883471876107655 4599160732306229193 0  0  0
7 321 321 321 321 321 132 321 123 321 321 231 321 321 321 13826142556660995280 4587487259948558912 13836994569447510854 13830468524920177095 13809646689634671651 4593891739041770695 4594098408733059012 13824514285461126901 4606278167744994592 4580328648145859390 4606362469003156897 4601175558606286153 4604626019822811786 4602997504362244709 4601736949009268120 13823969684817145117 13820925120817944199 4606221513194951497 4603421584770437826 13828860318464537384 4585804390511916893 4578101790419551936 4573140559356216704 4580466182861050200 4606725825434248230 13822497380636530560 4590762296229274291 13815573175303451317 13810786603529639808 4607121535596719144 13822383785722266827 13830119789744581206 13813761161441093276 4577581009781253495 4579816459754595943 13800438118231784074 4606817335002175044 13814433551268343708 4589644211951303680 4586927246499619997 0  0  0
1 321 312 321 321 321 321 321 321 321 321 321 321 321 321 13814343935860709152 4609809129076301168 13825024020442828256 4606742422868839689 13821790101939229144 13818337270541518433 13816822644893779906 4594868217568379136 13830372938716014158 4598781007794317599 4606746490595823721 4593192922992650811 4602003496615757078 4591971524407862972 13829480749861782140 4600780667316261406 13829772181701794246 4592020956662579228 13828698477090224055 13824155889787740786 13825372814338712279 4582103037913876916 4573909709893907920 4588827884425109592 4595040814576899346 4594750631957705086 4606951675795086685 4607057782318177151 4572029452426841536 13818510585762778544 13807740664198524904 4607073535402708123 13818018017877588480 4589219914006264305 4578138738731242941 13793817528991119482 13808081916917333648 13827244723966126137 4604001557782107313 4601324449147088816 0  0  0
9 321 312 321 231 321 321 231 321 231 132 321 321 321 321 13832095821066900513 13815902920770644576 13830704123766266636 13802701311011386859 4605743585945271964 13826429177105602199 13830551449841793070 13775276152802212032 4583102657899566137 4581880394912028117 4603058810933750878 4605741087199515054 4600508706182405390 13829723336139499340 4595611524134572111 13809918412626739473 13820139210947456966 13830342775924554822 4606498916002719239 4600205275051754793 13816702910898900846 13786449890260948352 4589822242614053548 4562396057565036032 4595597051310311876 13819206016617447848 13830251805351233910 13826317544132076753 13829165669304963748 4589286303767393380 13829016574700772510 4602682129212068478 13821508167575057710 13802855378496702861 13812158492599613026 4585426305946833540 4588703117550395462 4606112962167498958 4600215101324333077 4598249197914754656 0  0  0
12 321 321 321 321 321 321 321 321 321 321 321 321 123 321 13824819498604301408 13837534573291219520 4607869899511358280 4607089260277877474 4593840003721818300 4589001482125999864 4593501591154507430 13826438026928013038 13829029886858928808 13813398682481856394 4605648223474992378 13826530686736903495 4585700595154301085 4605866302593007017 4602850366674645899 4606470709116042344 4595338193466138421 13823347640079246624 13824027813675173101 4602525419137214989 13828571328321024612 4587328569451594364 13809862003158944602 13815112277298379181 13821914834611804149 4606838290458602452 13809703702997331433 13828996253327181000 13820080135564060036 4602875090212026474 4602550806774627290 4595527318182895511 4605849338827006882 13810952428339360115 13814030154649359238 13812857140887135148 4605775371373211638 13818654307948004548 13818863186445351836 4602386316256194029 0  0  0
4 321 321 321 321 213 321 321 321 123 321 321 321 321 321 13835810673651529326 13836186047511762148 4612126268952302556 4591489909078942150 4590360708935439308 13830485640854838422 4592343816857462033 4607095122783961531 4591081944346448772 4607090389587569438 13816265068339558398 4590816687072322663 4606816225594717040 4597669877436663724 4594746628625687008 13822046399171430725 4604402057792762854 4604183486015497797 4587419162286776857 13827698559141823548 4604739160282562690 13805459822370157064 4580180911476194400 4589090311087643956 4605201181299253842 4598399526971529850 13826663624601161914 13827093176771628587 4602384638730918806 13827150222707086546 4592697420913183267 4605696003276291479 4603028999866584586 13810519503724048447 13803991107970436302 4586502868504479414 4593795978643620160 13796539025957123871 13824612966236711553 4606266252226659490 0  0  0
4 321 321 321 321 312 321 321 321 321 321 321 231 321 321 13831827726594330108 4609845455472625168 13835353070473661141 4590810976108310070 4603173992657314595 13829000550372616772 13808608627291499619 4605666230958621738 4603166586893180545 4607143981179364455 13804253574980186069 4591184785666033611 13829259370329091256 4602775679854484873 13813629036048966706 13819936738143848571 13825587024697256762 13829258477051078207 13825583798820211410 13828006212932212811 4602777176996434634 4586449519050591124 4589649751516287182 4588337858767140212 4584801486000579252 13829263145978670187 13826185204472042756 13826911587859067458 4600828530915984084 13827835995753358508 4605404981803174351 4599600985032849797 13826003753522673406 13814311061540265951 13809026058269566276 4584181983150504426 4604516420866800967 4598789320599201364 13804272808422858738 4601739271073898159 0  0  0
7 321 321 321 321 321 321 312 231 321 231 321 321 321 321 13825241561883681608 4613876999339326274 4613292540329463116 4578774344069720514 4605611827313881359 4603255802655912043 4569301806672772046 4603255917071259548 13828984686723851228 13830553625180278844 4578455222438496401 4572293427573437395 4602433159639737451 4602650212724934517 13828011365901112083 13828228032636492046 13819697010556688728 13827317481127906279 13825363686272369745 4605776172270607038 4598590739092301252 4588568093624521056 4589386859955008146 4590356137397873662 4601611608926954475 13824088595605775635 13828824686664791632 4592657662703066252 13829378782305809294 4602343074047057070 13829570377415285899 13822480218043026785 13823165786460288311 13812629151144774340 13801725312902630724 13815140320789903439 13823435537506245585 13812711556562435967 4597769388417123402 4606296187721728824 0  0  0
7 321 321 321 321 321 321 321 312 312 321 123 321 312 321 4599849159171102080 13822130964840336344 4614069368546922894 4606499546176280922 13802995172040548584 4600546999674447842 4593849982236853370 4606747730712407939 13822052306381044822 13823513641803818283 4599194002681975354 4606115010725817698 4594011613294406389 13829904038597168891 13823313443100895443 4606529834620173589 13796673358010218752 4600402844229461680 13823324984909536501 13823764111978327509 4605919555416164439 4590312309901259528 13786734296719029056 13815142305637008690 13828675026570733810 13819271991546837735 4603418510211393923 13820152329286478066 13828842256857802930 13826475840252344344 4603342700833254093 13826555267276325376 4603592470011715739 13816625640405403238 4585695366593054866 13802396029807087620 13806674102490659297 4604180092883316674 13826454991620585245 4602749954045055227 0  0  0
7 321 321 321 321 321 132 321 213 321 321 123 321 321 123 4608994553264854492 13814291149619906848 13818217611951720368 4597749059099300720 13826354199836442931 13828856209404696663 13827968327900554179 13827523412992908540 4597350960180534116 13827488412853993009 4602898405503039139 13826397391739689405 4598903865018671584 13822933711979208023 4606275364829899602 4595361795448264659 13829713994684767230 13823982344266594506 4606653890611366527 4598471968496746839 13820002966763478188 13809563382254122743 13796959813436709856 4584820918381336128 4587458050008895824 4604885925210454089 13827537920956893332 13827131101097206158 13826027018361341626 13827003914759755538 13828600079292717678 4601651813281930738 4601537103025126823 13807131025478489138 4576544964549296510 4586533377950743494 13815932364407251029 4605899816092222551 13813691687150683069 13815669819992840343 0  0  0
12 321 213 321 321 321 321 321 321 321 321 321 321 321 231 4613780466961552556 4607366161400350076 4603453741642175440 4596060851489483875 4602301527283412152 13829263561734163050 13824540283876160078 13828310631097733487 13826166406390171621 13829554149605995483 4601861266022364133 4588188354043189996 4604690026539166489 4595603427920535308 13827555461105844244 13821426687537186075 13829072055431442269 13825891543632081778 13827356831751517731 4602856953571417995 13826593030786478879 4591340284095697790 13811738413906331008 13814579379189756959 4606765106444389954 13822462973468585356 4571136041846089856 4588413053821353784 4596165362405533044 4606995845971577218 13822364359134189500 13829957203799402400 4596461803670736746 4592239725406723766 13814858403797627614 4575200236441788376 4602035616113950050 13816356173947982407 13822906967249309027 4605521266210888294 0  0  0
4 321 321 321 312 123 321 321 321 123 321 321 132 231 321 13825992976774716944 13828944071898674748 13836363150434873886 13823726622456680967 4599140933702056676 4606080014451778006 4602059502769986786 4606087878554447610 13815752710014091728 13828784312855972046 4600317255328252552 13825461146841965482 4597104249450091929 4596337072016620744 13830148474259712510 13822490005411705688 4606684225857018906 4593747577696020990 4606528510915185343 4598368105235940124 4598503976741810384 4589552644018077190 13808779971784436038 13802073506757273816 13826406511429040046 13825510103339041171 4604467842179171474 13823081355084612695 13827323480482536711 13827764283305017284 4605132505564363870 13827010286181984411 4595957559615042086 13807282208390249564 4576716363803797421 4589853590576639647 4606341225492657907 13823112264145488893 4599489165543640847 13816452075495767604 0  0  0
8 321 231 321 321 321 321 123 321 123 321 321 321 132 123 4607438065565702132 4611860515127692238 13836355642269017917 4599818232744719988 13823056982802047767 13829462078168105822 13829988756339216888 13819487510142264127 13822279694681305114 13813254916331043891 4606486231636724096 13823864569189482372 13808313863463142666 13819232489649653026 13830392653988331275 13829778023169692618 13824111410866205416 4592236283595933428 13824336071374194578 4606289531631424157 13818186649183861805 4586866468547678776 4578786446334122904 13805602819426669888 13827994203974178457 13821685852591940923 4604021501259749957 13827837183214142398 4598275792652401106 13827569453461401918 4574032043569133376 13829940261896669784 13823580864459114860 13810957533925981276 13802515505816766776 13794197157281650620 4603901499500448747 4591632267371318185 4603744179191045348 13822568720646707514 0  0  0
3 321 321 321 213 321 321 321 321 321 321 321 213 213 321 4608274822795099796 13833828277401289460 4603320421532409380 13825150365890690801 13827409788153709581 13827054585759275530 4580403978710024133 4604286759378143698 13828162142315004655 4606217479900149084 13823178619111031466 13822351102891412507 4604507816340792866 13826770979205274044 4601085276584956790 13827836627160234778 13827605449351324398 4597996838576782852 4594020519326672912 13825323911994344479 13829454045261508951 4590300103094048768 13813604783189442092 13803559272513625864 13829103037987550286 13822763134482646886 13825009005904498826 13826449893951976553 4602672363925634058 4604244851764439665 4574692712568793216 4605434571026142054 13826879001559075414 13808450620782962716 13814649292840458548 13811089058680862387 13820235973253188283 13822577819354952863 4605264274564336041 13825879154083729285 0  0  0
7 321 213 321 213 321 321 321 312 132 321 321 321 321 321 13831312433797921796 13822607572307070000 13836250505475501558 4605183358165046391 13823830394768706230 13826075023879067087 4603311502999429365 4590997205751753328 4605531958162637115 13821790960756750968 13829853161386801163 4598773524262919010 13818174127015029615 4595909860063772364 13830282526386609733 13824115941362940050 4606184567922535050 4597630336432027514 4606338638842798201 4601192045907385827 13812762704378319673 4591325160828819534 4587299663924272648 13799088692709246248 13827596506125904212 13818543263569190428 13828049856703654222 13825456572154078443 4605846209378605708 4597738917175160694 4603356139334778176 4602623300861970845 13827399995982356560 13812692791249093119 13792123989867483158 4590639996560147152 4588745796888768883 4605508747603676517 4598736064944015957 4602153988023701130 0  0  0
5 321 132 321 321 123 132 231 321 321 321 321 321 321 321 4613601050413557448 13835678786834685353 4610901527091477056 13829103529999637840 13823531105799954708 13824395015553872007 4598342712264495016 13829867065816291974 4598753207765996034 13825664002885274036 4593881678694261859 4605995921922153863 4604050709595438054 13828042722219550093 4597574854532073098 4596379640018697510 13817332759418945682 13830290456473703710 4604759882702271027 4604299183744192853 4588457897361948969 4591278555291286912 13773841281660306432 4585683829868183620 13820028079472152371 4604437152496303409 13827745113225882796 13829378017852809160 13825216531143264739 13819593957757358016 13825119400351242980 4603197058378026417 4604468578311930552 13810099740991965146 13814321760408143667 13802865695588411966 4586512868942787137 4605519278600180318 4598921250661457516 13823080292501683319 0  0  0
12 321 321 321 321 321 321 321 321 321 132 321 321 231 321 13835490479105296512 4605923192953880664 13828873021766225752 13829782272338403275 4600954996951217882 13806344297097247432 13822926924543880363 13828506990195272202 13826450167167889375 13821175742172272065 13825859517175826865 4605727626364288909 4607089199154343766 13816555260128410842 13813897240953889462 13817546878669574293 13827386391946686237 13828290205912072375 4585316684996741316 4604950190265892255 13827473939331225073 13813757856977781493 13806240177947704108 13812041474394514676 13827764922508398294 4604114125622389806 4599038056794253947 4604467008964672514 4604612014603324888 4585484127010447952 13819332585371774948 4597583912307442595 13830139071314864166 4581631229135339987 13813478446617998512 4589380095828521674 13821859194257352548 13824988077543452957 4605644021088878758 4596935476764370030 0  0  0
1 321 312 321 321 321 321 321 321 321 321 321 321 321 321 13827230503100494108 4612135013356200252 13837099483203000239 4591947251089082870 4607104228602664914 4590723815329210224 4586874677585302013 13814460167935877608 4607136737827945754 4607126466204332061 13815000064858828336 13811486915787380875 4597142482418414147 13826674818760893273 4605307066414144402 13827466974122846342 13827734509410855510 13822630956899701780 4604664601457888213 13825181381966026249 13826286656992561260 4591396335148246766 13808599270808051824 13807382951131381132 13822631321627470940 13827940864247298808 13827243388199604613 13826850904071273002 4604171285500005956 13825301538549673798 4604897976432283373 4597461256258978062 13827171806877738445 4579399844689094782 13812729370195499893 4590409974311636678 4587031134198151995 4598560445603640731 13827624475288193323 4604342675678467281 0  0  0
12 321 321 321 321 321 321 321 312 321 321 321 321 312 321 4606193440866247376 4611979488665526744 4594678401395779952 4605560837310030722 4601357898774002852 13823917540095558720 13823318889235872513 13818196936729095316 13829871016661120910 13825225992143657774 4606197681750677974 4581389201855906822 4605500537702176166 4603380726511783666 4589544089743394114 4603173321185784994 13828169948888807892 13824054666002494909 13818849836610169870 4600050422261804163 13829821857675825533 4591243840480846756 4590307317670460532 4589543788239875310 13825269684922575866 4602378107743173306 4604902925028649756 4604980372504255750 4604065706357373492 4585742430518645336 13825505960676179598 4603417458663080449 13827526045625939274 4586895569068992713 4593514623335569776 13809623501406847856 13823052424039781592 13825357791786308832 4603900207908577849 4602870601891893370 0  0  0
1 321 132 321 321 231 321 321 321 132 321 321 321 321 321 13828316518326416820 13836510557589050715 4612832103290303886 13822872850247997498 4606689473876946436 4586195121861260432 13828317144578688384 13820823251559078593 13827115922811981780 13826724454321727914 13820881668245551559 4605244685957968063 4587506066257718265 4606173563412147491 13825276610398502224 4594795647052805439 4601686155346972356 4606118270435375434 4607060009893280034 13816419065287659201 13816397125895724603 13813133478722135874 13813301352296432476 13810977592723127101 13829619893520070354 13824046309324195407 4596865170572354605 13823647706599491393 4606464523393429608 4594089339786529494 13821536767490201432 4586516556729110864 13830260065600416172 4590483944598103135 13810503184735464024 4589305706956413322 13824952981517827614 4601199087323590288 4602883370566398300 4603575025700126909 0  0  0
3 321 321 321 213 321 321 321 321 321 132 321 321 123 321 4602968048841784620 4612967836477472918 13827308673332665312 13818238249414273917 4606875821545966128 4596543467172531640 4595670717033885063 4597530560522755526 13830156325275960920 13830291253464337494 13816266775302258431 13820143998712835412 4600565902378033342 4600915856959163880 13829039059465878104 13824939902610700324 13827973721364325423 13826470924940273962 13828872499138077703 4603343434314429522 13815010757051602848 4589514817761329604 4587164993178789708 4580248097739466528 13826566203320421871 4605254330873223859 4598499038702989685 4601726633645158866 4578108779845278132 4606231088012725517 4604477520608266057 4603743344104580497 13823495518091129626 4572366395185217720 4586635967783816990 4589812108724970460 4579556236690516537 4606412390057501623 13820717543340898814 13813555460457211453 0  0  0
6 321 213 321 321 321 231 312 321 123 312 321 321 321 231 4603376271949722408 4610070442328672496 4604171753567747048 4606892401227514822 13819766437327922439 13818019613732447264 13821567520748404273 13828104843902680786 13827292806699393995 4580619349028877609 4604079785481990064 13828347380950225092 13814953712848166617 13818848093964401276 13830373073574671336 4590217665932571364 4607003594712919792 13819121945306588768 4607113908193689406 13814741547080986407 13813844101470290030 13785623649934707392 13808662158854255398 13801721738783359464 4602564014939083554 13826501116367412070 4604243187700699613 4605435224494737522 13788267927804223232 13826878463192950296 4599554916356210119 4605697766265545546 4601643479176757429 4577305625211111338 4574304335155215260 13808659850431388396 4604816495959541906 13821782045138531757 4577929000606952079 4602601684453592243 0  0  0
2 321 321 321 321 321 231 231 321 312 321 321 321 321 321 13833606608286719885 13835801477738365268 4604876586006662396 13829459836627721247 13825082957872710168 4595317000057720579 4597908261386280430 13828071514295575697 13827360105006937830 4601086800065299112 13826280765329279745 4604881731863684283 4605549119809747447 13826719675579674304 4571288383496816192 13824582112107192960 13826963690240571360 13827677901199604764 4600756295237674790 4603179014374819636 13828146007768440617 4588096684430604908 13806270949541265132 4590198123887773790 4605172311579096097 13826912703013715614 4596524458690513398 13821605426405778406 13826883054346375626 13828436121556538950 4603368282797202304 4603061003139189036 13827050968887960533 4589955165947360009 13811862035267203067 13807331739351317657 13827602890234762054 4590952002186513626 13815101900296147292 4604737324083961826 0  0  0
1 321 123 132 321 312 132 321 312 132 321 321 321 321 321 4606519238277847384 13836320450916035336 4612805474874776026 4604268713069038719 4602173192366605286 4603267349901556834 4604109675583481847 13810005887492534416 13828310997793084895 13822970276929594324 4606105968726538890 13823192363699322682 13826819504124985562 13828775701213607889 13816360410113373798 4605001301693337401 13826881093122389730 4598604946074556709 13822235051517628433 4589906770129918375 4606775369762203492 4591765671567474600 13814125901608814064 13813680611994797200 4585398270030460648 4597743786895043899 13830289452964276198 4607168145535776320 4584932270711496824 4586718635249061976 4586352814841650836 13830290494934157520 13821058883026836959 4588734279094839907 4591295974224146882 4592215051437856838 4605647545958388970 13822788669840072585 13825503590112302182 4595529977420155921 0  0  0
5 321 321 321 321 321 312 321 231 213 321 321 321 213 312 4613550693071813738 4612308606954711380 4613726719635899708 13828143961447437978 4602245566278049546 4602443160691509368 13826744484148909514 13828874565649085688 13813276312845061768 4600183745426189608 13823064300770454818 4606015223066877451 13821663724009626408 13830123580583935382 4595154734366320427 4606357167018571458 13818978362590127368 4600481799914440735 13822993150411765693 4598099372568886769 4606378569710253576 4582090074911669848 4588002288489907392 13809252197695748183 13816161399142595316 4593767352865048282 4607050806446299217 13826148315613165442 13829276064814507206 4587757250086257553 4605851703975874802 13826004246630290565 4595003336977491344 13808530280170291220 13812205873476309425 13802867775295032702 13817153042744179739 4604102654718860576 13824186387542359800 4603824159508409057 0  0  0
1 321 132 312 321 321 321 321 132 321 321 321 213 312 321 13835309260073369206 4611006452154408540 4612904983301052854 13803236223508165179 13829705556084504732 13824673404019357600 13801702103873284843 4601304716931689865 13829705137395347733 4607180692377262180 13799375392581886553 13804124731432931659 13821649589595250323 13825385348053939171 13829191210269951714 13819950719680130496 4606135644126777801 13824614365840272242 4606683663243908507 4589499793915412193 13822830088731300433 13804253870252813408 13811000783685788218 13808227086103659914 13830335722062059961 13813555817202385844 13819933589638342700 4587727483631016928 4605631082625805933 13826578766531819242 4596829727452141799 13826553627799282459 13828785835268738262 4583825612884946180 13806422494905727243 4587528601907157242 13817954872935035123 4603284641281770341 13823844596261072603 4604627175766049408 0  0  0
7 321 321 321 321 321 312 321 123 321 321 321 321 321 321 13836955300804632460 4610455108570690796 4611177586681007600 13824048148114683677 13816923606284516581 4606398955259252353 13829845579416509911 4586942433646479087 13823997166401208840 4572002793440965218 13830475632755400263 13817293136623339834 4594885797925824619 13828624691520556802 13826932072015441641 13828286128109811812 13825885384713594269 4601714805418372804 13827350181108860295 4600452626416760395 13827543938061949476 4591756289161032034 13806157729283839968 4589682808237369608 4591288743945150696 13830218918863212365 13821624598867326457 13814249204397496396 4598057034696100796 13830241399836814701 4607110592522768335 4592638368125160913 13812226774063852594 4579886019607931598 13813931563807279688 4591199785791231035 4605736566410456265 13808344447760523905 13812202576530653355 13825953650622631924 0  0  0
11 312 123 321 231 321 321 321 123 321 231 312 213 231 321 13827317970131511564 4608631696506531620 13834814202545836796 4579581475455713377 13830012387790922803 13823193078844520937 4574667707311137044 13823191865722677369 4606641363682465071 13830553275158602366 13803674290205334167 4564772476618208143 4598148761678116829 4595306928286375344 13830134071537887461 4606719064350561164 4594769364689252739 4598640085743792382 4596201081775723137 13830311576696641394 13816890224309538160 4591104917424512202 4581908359220059320 4571557020501462240 4603736826945486622 4603602168724842972 4602730039425681748 4601869831244206670 13828734909333816697 4600789096010084156 4603954103027651041 13802495218837924324 13828455124218054305 4589737870335232807 4582877643267576949 4587911447752255772 4605679261517743053 13820369016589912453 13817810646027322393 4602082420073688599 0  0  0
2 321 321 132 321 213 321 321 321 321 312 312 231 321 321 4611206249268595812 4608436063053655012 13831119431541854766 4603705370186548574 13827177220685029848 13825727106421138317 4591956917208342578 13826440903226042406 4605681944114154515 13828598222780298198 13826595559214559223 13821913215361419884 4592595377767736787 13824382367792217306 4606341164364968347 13828197872166751660 4603373261397486208 4599957893612555544 13827540263539965005 13827922664579943050 13821088904436348547 13813831603013841413 13806801760061827560 4591140274418122654 4599562480590378317 4605708777224149783 13824968197705271911 4606460286146188184 13818842752349033090 4599997617675137364 4596977501674025606 13826226187815103759 13828992086099945166 13814405466069175526 13808965915531584573 13813635772737591669 4603157735063974429 4599025331116352972 4604892190540215338 13820560952132375998 0  0  0
6 321 321 213 123 321 321 231 213 123 321 321 321 321 321 13833778188526374711 13815101465334205856 13835135763646445628 13817147801829177440 4599312643589419629 13830023540636495755 13824648651580223849 4605753969665017876 4599748855648545246 4606258764248371708 4601605571775960260 4582744006039990776 4600938520505001695 4605509514668550428 13824563176018921480 4605609470605088616 13826237630858286740 13820400781830304736 13824159719886118719 13821664540195087883 13829492815471328143 13812205991207843760 13792520212974923168 4578671976358471984 13819095198848174896 4606848387465630616 13819717999990897645 13826766132230899131 13821883839264169830 13828478066730676031 13828703187912110580 13806109507006832763 4603640869333464314 4572907281725522405 4583050416045962579 4588202648885521461 13828124474562217778 4598297263697816046 4595814793353232007 4603630443652317678 0  0  0
5 321 231 321 123 321 312 123 321 321 321 321 321 321 321 13835559951868288487 4614078379010665528 4602112296217839952 13799475349113107266 4604938348715051888 4604123642944797112 13830000669273972642 4597162413224520929 13821808131265722229 13823260880555068774 13827150409739789053 4604505373032825746 13827171758287604660 4601948768340444157 4603864404058837560 4597924452243784982 4606127012650591412 13824284217811821845 13828233243473553985 13815060203858188585 13827518553323241045 4578904913680672280 4590576191856124064 13799287516079122200 13821661322313543454 4593023217501489144 4606818553332430554 4605031927377772450 13826839486348520356 4598614290567233560 4603540337191011577 4605388417857433982 4589139675077813280 13789576425186891780 13809331314690766428 4589938765033317590 13824353297025415593 4603340286724502739 4604103528560664997 13821921837380511410 0  0  0
12 321 231 123 132 321 321 132 321 321 321 132 123 312 132 13831795754760910015 13832547210124986717 13829589002864044588 4606871553979727222 4595303591293939190 4596267968287729538 4597203685040975769 13829935881743857704 13822230123395356257 4594013903607248725 4599470853068852003 13829988476724146285 4605326907558507576 13815900586467307928 13826933969338983128 4577996765990150517 4607059465148528083 13818457334500993511 4603649848684022413 4593549456302551525 4605240952091987809 13810930109197642855 4591621835006800416 4591171678517361102 13827829805267737298 4601568446024419771 13826653062164143332 4601185727111829566 13824156723392130430 13828920536369033740 13826795471945293470 13828819858657311873 4591334369570899154 4583421120870671856 13817348435544505453 13809253157220824150 13817916969657362624 13825117763381062486 4605953236049229479 13818899112468643546 0  0  0
4 321 321 321 132 213 321 321 321 321 321 321 321 321 312 4613194641917583722 4610137659699118772 13837573947442665217 4602291631553726758 13823231244887990703 4605454088042028284 4596405251391559779 13829231244491815732 13825718302769987016 4605874563260073339 4600746760552286296 13823154414835952999 4599026178387478979 13827732592074879443 13827522491701134286 13828113155776389711 13827059103264164169 4599199059810296248 13827101604218959367 4600740086555273805 13827694455239386480 4580176526333606408 13806948799069126152 13812229824493895767 4605766506807203900 13817627948245065493 13826225298873279599 13825660388580307077 13827302217612729633 13826973861516886289 13821430482881230613 4604986397498831906 13827005966315337862 4587141367205984988 4586849683713579232 4578028655149773154 13822605844179568406 4560869995399871063 4600947663954737256 4605931500550023894 0  0  0
4 321 123 321 321 231 321 321 321 321 321 321 321 231 321 4613995889798995090 4598427865255641128 13832698387210178438 4596926531407714708 4606750900637582160 4596991243457966383 13829935970933651081 4593972958064060070 4599776091295651497 4598961969988055092 13822001223929951991 4606420722526824216 13826885925852382850 13823627220337910699 4604639925229915578 4605373312665070656 13823849413638127533 4602094805117220212 4591889719913457401 4605837740637081868 4602822767995816114 13799266439125755856 13811001823096676330 4583335437050014400 13829955618827915407 13820044301583849196 13822300832595962691 13820689365539724905 4606945196231342473 4583905877600250320 4598682958257951079 4591345939309132890 13830158511730816928 4577320401259553054 13810427166550190991 13808225465121408914 4604331677361837511 13808237293287226645 13824322014976764953 13825330641267561091 0  0  0
5 321 321 321 321 321 132 321 312 231 321 321 321 123 321 4613874411800432098 13835332038600304796 13832217862885300532 13820532772313030063 13821381517480958952 13830047327348339186 13818444443336587146 13830056022642129044 4598790867688357154 13830205088629404206 4597011306997648552 4595269505820964457 4604049977719184023 13827687983370689682 13823013020921332124 4586170587022093798 4602115963764687902 13829494697466884436 4604992533654186763 4603234307895564561 4599691417861039025 13815071471989889584 4588084102252705132 4583152170364795232 4607058574157534537 13817478247017266796 13814689176886193080 4591539715176856220 4580305149994443608 4607140148593183074 13817401432392827725 13830468267220003569 4584010618002452084 13815690728361937240 4580687582562617836 13809373241674243708 13819227874880464266 13808916537231860680 4602020099936084023 4605972443946931663 0  0  0
12 321 321 132 321 321 321 321 321 321 321 321 321 231 231 4610803582342845296 13832757281489375493 4606585393963697744 13815765176741811707 13824065337744367428 4606413563298539328 4605817804585698841 4601663013075907482 4598869673847245057 13826214932761355637 4605444197901698650 4598772360826676386 4605701093947510516 13818178468198131497 13826291081117131139 13821998497899354301 4604576402373735411 13827379655920284604 4602239756296083550 4604353206018328378 4603135953493456961 4586083561618715212 4589358493308670038 4589260910825262854 4597228910557111294 4600840502185172676 4606188976353478961 4603298863419305493 13828704039948320688 4596818757363487136 4605303809158490232 4601932823079033872 13824324035642940932 4591284525310379674 13803078657575144550 4585438297816411621 4605903916352647538 4592012421657550579 4593969498993068939 13816581405232725322 0  0  0
5 321 321 321 321 321 321 231 321 321 321 321 123 312 132 13830780178152976010 13830394231740519012 4608546240652668352 4595218906141762258 13828298201603234602 4603942892477594914 4603283267505477109 4603622551294259018 4603211494087775302 13828810117972935198 4598521755625187388 4602918586081080376 13823338400658400668 13823815119771260878 13829277748653630004 4604574578042079265 13827883584021406112 4581087944686642608 13827049246866901915 13826980249396936432 4602794778659857478 4578809774881585008 4591404540017861598 4580770215189846008 4594788975351892790 13830347967471568678 4594387103831053910 4606031235552198380 4589523734613715036 13825771474105783664 4602023375404264495 4596443371538908746 4605945902430449771 13814287588384379900 4576513105922910778 4585975823331928582 13820545786326838334 13827429176256442911 4604494089192154332 13818988390102436134 0  0  0
11 321 132 321 123 321 132 321 321 132 321 321 123 321 321 13826699796345727196 4609456274041785040 13828711815626531476 4604588083032499100 13825650496563301248 13826182490753728954 4602926099197044193 13816678166865479784 4605750965012194891 13825394456217829885 13829385837524832975 4595171114854596094 4606699381943353055 13818915112218802136 4598541203422250159 13822827871579317305 13824652748633937978 4605810059651265676 13808692916023512852 13829554439782926006 13825268167480107236 13813538944001231844 4591126579088342898 13814482219594819300 4603941825349114812 13822784690888197366 4604470934575268275 13828465926732147180 13822038441304688144 4603373745405566342 4576840897268616448 13829711373137669064 13824651268633348172 13817583860723811300 13804170530264199556 13809911835001956964 4605318872246771966 13821927567097937734 13808107162135494389 4601977404359569285 0  0  0
7 321 231 321 321 321 321 321 123 123 321 321 321 213 321 13820014251432377344 4611425404994969184 13826648176365236944 4606448113971528221 4600261968678903774 4594580128240385663 13822157957560301885 4599895536494887428 4606231666397874486 4598631393336172306 13829331033107242885 4601259141383329877 13825737502325780498 4605647305191958102 13822104027066633108 4601216038471189619 13812584014283027180 13829706726133405998 13828475772688734819 13826544700271168002 13822753597300257820 4587162909753418440 13810313026359633812 4581594862700692820 13826467537945386072 4592848849668710791 4605650099424459076 13828983826557949851 4591439473199166788 13826558229789798808 13817627912828673802 13830456004421241163 4586273467988958456 13803050904086974450 13811603091811118798 4586003993397599352 13819105071649848576 4590101953937176298 4605480979177798150 4603135040145809011 0  0  0
13 132 321 321 321 321 321 321 321 321 321 321 321 132 132 13831265178573028580 4607988760619493700 13832128193889679257 13801481293710386114 4607157745873964075 4589922845892463952 13818193638385899076 13813366187142033889 4607045851319998329 4607070169819372166 4556604392552715639 4594838269521158245 4584045070460726502 4606498133555495632 13823910980487318734 13815679281091347185 4600554489565149973 4606444044462799230 4607127774047717890 4579061481014440900 4592527810863556877 13810416647468030020 13811997973793143168 13811795442054386384 4603959213138168023 4591205680522149401 13828403384518277182 13828447029921990660 4585700371113115980 13827326780097597650 13807384989411560912 4607138545103686710 4591453831102854739 4575453624842310104 4589789186924192692 13812535698297465903 13813074917176598870 4595160938514621596 4606460301467383466 13823319230602295653 0  0  0
1 321 231 321 321 321 321 321 321 321 321 123 231 213 321 4613283897136026266 4604753985072315184 13835810379716290472 4607035996678651886 4589783484006643972 13818482200675845927 4595530419683881236 13820320047554316266 4606824879357333511 4584860005774730965 13830318640133145805 13820645568052538620 13830353870599344818 4596577348703059364 4586191155853910282 13818759960958022968 13829667390665652982 4600820076452924232 4593262967682611832 4600530752137927187 4606434304250448660 13810522730077847012 13808712288828757040 13812271624829706816 13827257777683651936 13822179625342502878 13828022211364885084 4602750839507831398 4603105238550978576 13827537936910335717 4603427198890478539 13828634569553178341 13819824389528394785 4590759524725086006 13794610860252867320 4578219794055684633 4605573677792747729 13821195100134948518 13823936776951428225 4599832688101086672 0  0  0
2 321 123 312 321 321 321 321 321 321 321 213 321 321 321 4610986753140790220 13835708889542334111 4602395876336052192 13829714891009361477 4597595000198319332 4599990166872873731 4598229846752389248 4606888923791712064 4576368247997214464 13823118202133371491 4591650680652000926 13829981827566238942 4601439164259521851 4604567848495056128 13826565248752607436 13829457107292037555 4595955022082550001 13824964498949714414 13820002186606984357 4604289544646401186 4604520647502943189 4582705513200286804 4588251930014371548 13811265954465589584 4605751020275914556 13826121834337227694 4595873383398945562 4591123141504536418 13820050305970051437 13830319519536272772 4602979913464648501 4605703674584208349 13817216670419955134 13804198120643396912 4586321490999726642 4589487627388382774 4606184823607553500 13791464433814415624 13818528927769422212 4599203666446384003 0  0  0
1 321 231 321 321 321 321 321 123 321 321 321 321 213 213 13830967402570277354 13830865115727654236 4612821596789708732 4598329502035796451 4603643906902130797 4604942725034860199 13818171766886768612 13828223811335797198 4604054929822265792 4606761453428377549 13822199900055370065 13815008469780583155 4603765886839340414 13828605412877176972 4583263855387949616 4603347802139791235 4601443771378490724 13827814029344396178 4602983386235878164 4601724068235644078 4604640564896650424 4584711600299000712 13810671173466187632 4587320051605928640 13821873430446967706 13826584968652097902 13828612623711380708 13829118618611435426 13821763090636205059 4602212310447506543 13825522438346101030 4605259203571384384 13824247648580010536 13804716138286024370 4576909547449166139 13813345975031303449 4591889696771002027 4606613416963065506 4598622087052434595 13808418427136856885 0  0  0
6 321 231 321 321 321 321 231 321 321 312 321 321 123 321 13828520799438688296 13834071229368674760 4610212096417075848 4604814041236638186 13827625487311040066 4585486537245986136 4600700575907928970 4600521616107158658 13829100234017455322 4603145544422735726 4603872072664246953 4603071276486120900 13825230019884139139 13822688465400622040 13829057884673035228 13829243950184124946 4601197335436055440 4599232715023654026 4598204348879873683 4605856663015618446 13825287116402201636 4590703975736555432 13813604251800731242 13793053883856468896 13827486193074814595 4603958640419620170 13824089425028301295 4602138463231874340 4605003234708401826 4601816799700062536 4603460747963698383 4592900498708219556 13828767570618680064 13815501581253916348 13804983616254332574 4586353732904366498 13820283050924064331 4604527787856239316 13824607730148589247 4602942146303578387 0  0  0
4 321 321 321 321 321 321 321 321 321 321 321 321 321 321 4612241465060423174 4613952774383445266 4614019191328923534 4601824078816905916 4606158631411436736 13815097910580357728 13817199713001198786 4595435963123862939 4606968237779138644 4606122355340402791 13824773942454269679 4596134617036364003 13821333738928555604 4600261177672953799 13829636818693913897 4606889245556848081 4583734397243565354 13821574297961441572 13812852009840647527 13829926418582149637 13823541946674807163 4591624073039362334 4576823011189928128 4588167426849056012 4600277200015045018 4603755229062940066 4604426996100181405 13822032412928988528 13827307838808687701 4604634585360211650 4606175175439711358 13825243369575142367 13812572687430936379 4590434075608204527 4574495160934257688 4590271209467879827 4605858198722598107 13823804755629834674 13824374391654627927 4589306860050483758 0  0  0
2 321 213 312 321 321 321 321 321 321 231 321 321 321 321 4613450598940052002 4610449144279115956 4613419105941448024 4601385723498625978 4590316470506234708 4606284081293235631 4604940445275806046 13826815030175789927 13822561597938456032 4602701201285856798 4605447155106644229 13822616476845088103 4602719221222247191 4605947530202984606 4584295693235895040 4602501908761163842 13821685205473982092 13829047266037654670 13827949458123713556 4601503562682775081 13826527880822361936 4585069949593239748 13812771602822504920 4585672343002791336 4606906337463018669 13815329869228911456 13820605850940156152 13821084279151627490 13817848088918563262 13830196300001928948 4589291196406237400 4607037360051847834 13818550207015165838 4584623898019054225 13808594188578969955 13812997441067357038 4605854845608255180 4587811502715681580 4598269039553538223 13821888255088437731 0  0  0
11 321 321 321 321 321 321 231 312 321 321 321 321 321 321 4612303281360405486 4609844910127605516 13836986289557750570 4593791219801244486 13827883841670911313 13827843402218130102 4596875577834353858 4604551244506238075 13827610509768178615 4606897653973328218 13812587545067489880 4597862979608219300 4600405277823851379 4601918937323549554 4605440860612565187 13829325276313839335 13817786904563847364 4602369080845268652 4599769654826550625 13829446907615622511 4599812838575528592 4561277873217168000 13814561465133895144 13814275901771962621 4604456305684414648 13824105458442322557 13826951915003701189 4604311516039200249 4592043607440142593 4604703977853139480 13820563483511636604 13829782033810431778 4599769035354012909 4591010521250530581 13813183930450951026 4587839613011083024 4604916243440724800 4595954327046267670 4599626059271165054 13823733752938750241 0  0  0
9 321 321 321 321 321 231 321 312 321 312 321 123 321 123 13834290063329404401 13831209234956704395 4604415573518005868 4593798875032832980 4604537700965306914 13827816879005648764 4596847885899403474 13827898797601718861 13827638339373752030 13830270963550753599 13812389301715467237 13821230446324632359 4590147589682568484 13830399877359126084 4595222404114619424 13822481820785536504 4594136877946302839 4606671873875465717 13830106839544425535 13816864209827535356 13822199442218100872 13813347965115883242 4586196212170364364 4590577099274903460 13803965040233871208 13828671433536081441 13827056516567123461 4603913254052130366 13825692858902930373 4603606832937288554 13828488496019324317 13823876976369074334 4602787731527466086 13813948819080808787 13804097452578418310 4590640785487570495 4606255154989652784 13820407365616002979 13822087716322133476 4599499380977947803 0  0  0
8 321 321 321 231 321 231 321 321 231 321 321 321 321 321 4607832300252566408 13836149602713406710 13836736145440296962 4572637751990525402 4602594851800270271 13829371669050220761 4568192308737085394 4605999650066634340 4602595154571953903 4607182266362972985 13795614098242750614 4569554577713552385 4604527322448771562 13827305360293868903 4599194179710621046 4598465131829656830 4603934862852148970 4604672273360674624 13827466376943341638 13824737910977013186 4603769257752904055 4587731444431600468 13802760041786522160 13810189009033030615 4599109633696745756 4599958994378383998 4606166081235252392 13827064035980968181 13827330961607759018 4601976687176041943 4604755628575533005 13827695070896552912 4581402297696688946 13807705737195525096 13809916533794710992 4586964119025339617 13821403270937750069 4603344098730873561 13826556638861111494 4598182451476426783 0  0  0
6 321 321 213 231 231 321 312 321 321 321 321 321 321 321 13833147568043626770 4614002129378691770 4599315216086215968 13825096692821507311 13829243954810111682 13821809210087155849 13817423973767559105 13820740476602938162 4606860604877040674 13829511300656293445 4602082931835586957 13802645201980061657 13830426393226774052 4594742755770418441 13812757222862956690 13814761063272376801 13829008865872101316 13826521937793000887 13817574339754898597 13826396139546903391 4605660803727938100 4568998051228714144 4586762246086308608 4582246921036669164 4603650924541104656 13821748457377636581 13828300959534642347 4595605083870327996 4606868351589388366 13819432786018664590 4605143473020332063 13804119823165867962 4603880285314120522 13806897805900778986 4585978230235305900 4580260466310194755 13824650807353969822 13822105293160846089 4605471167314270940 13822345188190532677 0  0  0
0 123 321 213 321 321 321 321 321 321 321 321 321 123 321 4605130350456233248 13810795019362907136 13836075241185242343 13818551066592539785 4604428721219132349 13827853213152898758 4605874568432973319 13821583970856900281 13825215817349735706 13825896091569777996 13827619302367751199 13826513995342411394 4591209652531177487 13826056360263455438 4605929459986669075 13829403797337907850 4600465748218006667 4599280312481007544 13825700452245762017 13828565630565348018 13824292666505005007 4569994796768265632 4552369672923089920 13809512284731548282 13826019006632480014 13829356496392710520 13799558059348462400 13828082498101290414 4601281272082776166 13826440471376264227 4602222883694578642 13821805466359002602 13829108995798891196 13788057858256438818 4581469319977301457 4585405020717834479 4595009697261351178 13823822894523392180 13807132724425537663 4606387598665656408 0  0  0
6 321 231 213 321 321 321 312 321 321 321 321 321 321 321 4610403534427080804 4598051778707735648 13836147365759942417 4603983483799161889 13826704498936200838 13826107580313436264 4595332703061426514 13826388319485439933 4605612862956585910 13828256838925629752 13827123688596469798 13821497328788689100 4602205523232758487 13814609985268908605 4606064933476685441 4583665974539844309 13830487595030970383 13816568174293808326 4606103657293363598 4590459908733282753 13825468549830404888 4589377174164499726 13814600673299202828 4589225328633683718 13823849726674109824 4600500233114564838 4605783866073498714 4591033126183249158 13829594460959815523 4601605945543101098 4606476739594794520 4597853316039591179 4599148756265129801 13796679086894790176 4592954369286662451 4588456482135046419 13813663231406232856 13824592873801026196 4596082176341968523 4606137595147399119 0  0  0
3 321 321 312 132 321 321 321 321 321 321 123 213 321 321 4613135544881876060 13832575759141563490 4607411484200916904 13825064126536537730 13828583605392475877 13824927170573822243 13829607848288642258 4600366940167406734 4598067160482135358 13807764321185609679 4602693250417302571 13829334587293372098 4599968992352282222 4604803314865509969 13826770642844323233 4603832242436214104 13827342058421283502 13824929847224540618 13827809325190132947 13820148747308790002 13827735783891117039 4589374976643902174 13814614548368535532 13813861102502114269 4590355261157944252 4605662163227024664 13826503997940310374 13817593621005205266 4603181484054458706 4605555652957233454 4607064958329977237 4578345691380107584 4594950136677263240 13806591057512413324 13817084829541706465 4587425387380735912 4606299398473454413 13822008151985156310 4588536917429814660 4600708405273425616 0  0  0
9 321 132 321 321 321 321 312 321 321 321 321 321 321 231 13835321518091643515 13826308807074549952 13827834340653869248 13818561041335053899 13818611468828869118 4606925076416210550 4605556100103561897 13826696085450005844 4586185835840809500 4603113485934973249 4605408152583782143 4597584996602242242 13811783982056880084 13829039913222675188 13826519558739151790 4605151094258917341 4599290716120672173 13826504397699249404 4603849800480693464 13825313160172287463 4603817258006948347 13814765821460161544 4590347515550743674 4581747190549471796 4602190863467377020 13826973424316700311 13827338798724092030 4606105323626083545 4600012192517580859 4599396084070727783 4585187725123114488 13827999823713301152 4604451787354535443 13815621451354599666 13810413974087793850 13810022948119431534 13816730827651053092 13822129060728562976 4606574995783309081 4596011338891079766 0  0  0
13 321 213 321 321 321 321 321 321 321 321 312 312 321 213 4600850875077411304 4608855701885397416 4599438738805040344 4601225583961121952 13823152425245247282 13829132424965100979 4591369215653448159 13829713888633657783 4601083325744583578 13829681236647306149 13821563167061546506 13823324265163307915 4605893381091201463 13819363217674728302 4602308726097633800 13824399989013814485 13828906220839496667 4601005479688345086 4599339323070022568 13826452922595174109 13828549639054657498 4580063704282683600 4571311876148688544 4589224828406608126 4604787507499962476 13827605017515192779 4591409216302169076 13827396293313565804 13828173322621831991 13819484006481015160 4596319024251687604 4590479794005398850 13830345277183174066 4579541895249453959 13806295377010956974 13811952708448849403 4597555498922231133 4586784291667438594 13818915964397104403 4606778744716145950 0  0  0
9 321 321 321 321 321 321 321 231 321 132 321 321 132 321 13826465397118247832 13836898326406287122 13834882610282495181 13813092324510556574 13829206334677027927 13826244995790083973 13830092475394962115 4597038660301712000 13820773826495534276 4599224805583279679 4602296345415026333 13828951559080312452 13824676006587814692 13828317540120087549 4602728208216434218 13805274123299880373 4603275944826503240 4605596415924857799 13829703748487568661 4599762760490995615 13821659185722045421 4580099195247447336 13810032455315892576 13812215386386059808 13829663175841229788 4599338717565729624 13822422315007383196 13823904626785454688 13829683055222010526 4596290029629688122 13820016165929838404 4598928773902995703 4606585151694169776 13800395247160992708 4582262657807513306 13813270273554301930 4604395047006051503 4598604721856490335 13822806920443311912 4603471983562521009 0  0  0
3 321 231 213 312 132 321 321 312 132 321 321 321 321 321 13837623131783324798 13835716700310360015 4603470078771027024 4607042823515454120 4588167085710001087 4595161145081162937 4590794833391548103 13830380689680755510 13818880879503999694 4594693264341981844 4595920445863056275 13830286359048827259 4604017449503502666 13827613208160604287 13823431838601172747 13827260110699580346 13820491814094037348 13828221163183656850 4601250876684152446 4604529900122814214 13826684024828733540 4589067221619735812 13811482082363755821 13792511206149177952 13827722041780300004 4602680229292105933 13826312395548435616 4601710716425794221 4605946870171200284 4597723081293145146 4603356425559005216 13813318712455551341 13828885428550782427 13812961620997025438 13805005284309144008 4586222832902561041 4590249298576376082 13826772340915703169 4605468905479876076 13809581587972144200 0  0  0
9 231 321 321 231 321 321 321 321 321 132 321 132 321 321 13833405675334868555 4609286969515475752 4591308523800811456 4602703783851096854 4600412265105124800 13828565993420176391 4602960627145459129 13829157023367672584 13812568718504136312 13827689049122276677 13823931910754098626 13827163839867224325 13827291356794640157 13825101522171009535 13827195499523104672 4597392572327471605 13829539247133447456 4600891043445837901 13828173510663094390 4592765477730147808 4604191611239521641 4583378824207025488 4589264548664675230 13809950361299809696 4600288313248189719 13829148535379253988 4600715777394338861 13828645309481092485 13812042709942377799 4603694676012526985 13825943572101848854 13826350100881761438 13827732739411308178 13812388418112912754 13811051133343031821 13803841507360217948 4599887713827956729 4605368180254392516 4602112379854702076 13822716344706318414 0  0  0
5 312 321 321 321 321 213 312 321 321 321 321 321 321 132 4613361236625811502 4612586756806781734 13834120359760140834 4606373599373738931 13818729882941195909 13823832348882772788 4600415099683965736 13810457512143896238 4606516304643787534 13818924509214582111 13830409970938948097 4581588251357908471 4606371371700646655 13822824397568324234 13821775881291457259 13786809087820655453 4603861502968198776 13828532647668812537 4601142255818415118 4604534588870312010 4603345853937003296 4585723014439149264 13812876839345681130 4590479421743039044 4598608794847763860 13823627027107049034 13829559779292546532 13799183342529835712 13829886378869383006 4600478492463999061 13830209266441098251 13814980732241779537 13821667826686156876 13808816283976087690 4591320554585515330 13810934281015562424 13826086836261768402 4600786416628238438 4603897047177372301 4601450426660575904 0  0  0
7 321 321 321 123 321 321 321 231 321 321 231 321 321 321 4601482910080977104 4613521276002076588 13835438784443032821 4603214582545924176 4604831785124714096 4600431677210253253 4605237843639490482 13822901975547282095 13826308454211761462 13821882582217916869 4603489332677779656 13828405538995821172 13824574219314702983 13827659275961358594 13826987432155208629 13826804136311942772 4604571292352078526 13824138754983884977 4604445587074914922 4595936308637704514 13827788171518122668 4565771962085766848 4580709526565938552 4591624827411901370 13821345525546274934 13830007278254714185 4597850555886293644 4603502926276090334 4587730905893491920 4605422379480096148 13828468178469764006 4599781878946476896 4603063640534770342 4574009875362967476 4590406215944027356 4588377621565236243 4604665057001378999 13812216215671305626 4598994741718838919 4603799560198858371 0  0  0
7 321 321 321 312 321 213 321 123 213 321 123 321 321 321 13831208333767230159 4613480362684653606 4608654011563442372 4602987027838103197 4603856441907184926 4603244721674898298 13826517686015235517 4605061836057338920 13823043317053365496 13827315355637079874 13817319787522552929 4604989234932803970 13820208375839655336 4605888796162152159 13825518367320026159 13829234858865724647 4589811891067693798 4602824563551551172 4602240216598697296 4602781342332880269 4604621773586824965 4584732463546379844 13810510044478971972 13814525597765793620 4604089162974186302 4603241612197403450 4602701429552416328 4596573667490057924 13828522895959578343 4603564316454540871 4604711823088518354 13822259692295817715 13827168706025231614 13810977475561155627 13800213055694820796 4591383290080081832 4600663506183249538 4605636819011761285 4589305057099163663 4595097061893413559 0  0  0
1 321 213 321 213 321 321 321 321 321 321 321 321 321 321 13834301277534453477 4614227420210100372 13835470939869194586 4602976305202467865 4601598197127928869 4604684563472301891 13825852912187799049 4605896560067543442 13818350108727334094 13827766458091967656 13821861491301675041 4604229002357922808 13828478403031279585 13827289670163426582 13808923907331792432 13826493778198732222 4603855933398448320 4603113949202604412 13822915885271715426 4601642520168993307 13829072218780369786 4588048124548265888 4586694897462758780 4588467181885237480 4606916813116789076 4581168651942704336 13821197554532369858 13820599058377976185 4601652043974665113 13829367015192938711 4591138795707423220 4606248520137414627 4601493766560036384 4585944517416405457 13809613808646668858 4589750436689762431 13819696386683327906 4603856747612916180 4604160889218515394 4599939257436318203 0  0  0
4 231 321 132 321 123 123 321 321 321 321 321 321 321 213 13832835007289276454 4610347595083334832 4600266004104840288 4587849898351978548 13829287316045801515 13826128759443160797 4596563653819706532 13825853746553129810 4605811105592331157 13830349541969587971 13817931449707477160 4594583128868561619 4599359837500600692 13829011121080879669 4601997821362474466 13827232585925824738 13826475523481842168 13826498907656808056 4604556262703018454 13816550149122217516 13827814582833404108 13809716672871884346 4583607767327000944 13812453290596339728 13830297686856736887 13820842431491082824 13811557085225323922 13821040443691820730 4606846939412637912 4593925964790606314 4582336681780566020 4594263625017013748 13830461472275368894 4585748986037590962 4583873521711855064 4589288055508332551 4600194987992296338 4597850466685290351 13828180259320580296 4602842421405065289 0  0  0
11 321 132 321 321 321 321 321 321 321 321 312 132 321 132 13831494357554348651 13831034811533694628 13835840704172366378 4607058609163632843 4594751689914512294 13811791739538465186 13818380787066715750 4605745488369608605 13826204351574732084 13808139480661413065 4602851979421258204 4605867726357093611 13821592277251324651 4603032021382841241 4605411836659684996 13823547946893526258 4604641038703658305 13826908820866854751 13829633089928878754 13824976952919009643 4578896728473607736 4586898599399726360 13808910270521579790 4590176603344530528 13825287887875445619 4604502437053726493 4603084814273604265 13828360430109095467 4579581293298240448 13827437329589674724 13825462318377964059 13827956516635794776 4602900952910487821 13796836869286136544 13814228620061111566 4586622531109849498 13822928405836712144 13826994292670067107 4604203878408916972 4598753800043381786 0  0  0
10 312 321 321 321 321 321 213 321 321 321 312 321 312 321 13830331458542400172 4609877442574680412 13829139594588015368 13829877333892023184 13823115654230078178 4595520543079737516 4595345462049472198 13828601049205580215 13826931362296435786 4599788612062595822 13826254310382176393 4605219286765244308 13815094699799531160 13827571016535830549 13828185443934279026 4591079992126699284 4604765693595701635 13827634305941822888 4607103158939764269 13817289127002681472 13801516776514357284 13813578236958259703 4587863404848057224 4585771893350841992 13829165268593656618 13823657788632400618 13824017563444917693 13799895573943800480 13827990131006434740 4604469023258796219 13826352304640806846 4603530807296084062 4603593598422950687 4584404932158781796 13800468384360224142 4591598419278907882 4603293590027460146 4601421330295749175 4604426731712575718 4591979128733732489 0  0  0
7 321 321 321 321 321 321 321 213 321 321 321 321 321 123 13828776902646553292 4607078397858303048 13817077124846178080 4603998594964760305 4598273964565013014 4604649981554467850 4603094041267083443 4602705613257027818 13827581356506962067 13826345498787368320 4605612273879382171 4595857392444905205 4596378379829414574 4606712860735006741 4598102440059077971 4601874128148658597 13822701717056688790 4605678948055247362 4605989310842620031 13811287656735772754 13825950891096695693 13814844446520411066 4586526399069868600 13797838399247685344 13823341921105178147 4605495474210834428 4602068399454248102 4605392045117646984 4602833995323807645 13822463204841646760 13825791235562743758 4598504556206065979 13829041273110146173 4589403638639698560 13810855974783377934 4589230635279836810 13823884342098075851 4599327318959415416 4597159986684869601 4605754282227712666 0  0  0
8 321 312 321 321 321 321 321 132 321 321 321 321 321 321 13830365483223137524 13834978485427691058 4603591995780609060 13826822466666262961 13828507603341983026 4597981977866858176 13826806091376850668 4596115554441420972 13828650602701465414 4603239451940089360 13826993947545963994 13826628274430622494 4587087722327814318 4594602031211855516 13830440887784877351 4602839543877627793 4605755179193149850 4594707592366213452 4605868482013182702 13826219335218191209 13808959442091676400 4580911620364185472 4585020959760212472 13815215979276292968 4603509974489372547 13828656426222210178 4595005461566666216 13826716072465755390 13821944571496129684 4605132822409187830 13826641701274616816 13826505542552816917 13827078229936594518 13808139295841089200 13814997200382276561 4584816808658865134 13825948282788665002 4590773152448509548 4605231640160446010 4600283852054602186 0  0  0
4 321 321 321 231 321 321 123 321 123 321 321 321 321 231 4606878990980947176 4612238744878444982 4612346152305816098 13823537466691033905 13828287712027440407 13826562583362065306 13817094582110235576 13826521440966012426 4605597526815584117 13829871363889577870 4600290799399860149 4592192453240559934 13819733949184188674 13830366268933557345 13809078910769879420 4604873738271506157 13818917130550968546 4603981922027118827 13827293992875850220 4591877585392917963 4605052115176313332 13815165235048763274 13814313026678663533 13810081800063752340 4603909637186958080 4602800129060164392 13826729563290277410 13824914439443224064 13823792064487862661 13828913197058264244 13827270785710158830 4605128966644583880 13802684574285898920 13813913826997349488 4592808185537986612 13794139004966205440 4601198110730392453 13821801811102783987 4599894388180932061 4605360405907222540 0  0  0
11 321 321 321 321 321 321 321 321 321 321 321 231 321 321 4612292356930453850 13827750200564962868 4613973051367003772 13828712058307864372 4602858238725618647 13822652429684100011 4596934182798796335 4604686573676478826 4604088114418867115 4603276755787416940 4601869482358622227 13827736176276372053 13818919778567222461 13824331857307988986 4606256455144803810 13810551331634437822 4606408590959391833 4600923879070982044 13830401262143770286 4583610158890098866 13819081560206466165 13812839696456951930 13801897031401268288 4591707227688904356 4606019651343718064 4602122757262555023 4594443014235060552 13825838038261280933 4605305097874022524 4600292552477637739 4588307346890858824 13824097462221473932 4606447544119107155 13810701461244625934 4588568786273819976 4591221902229369837 13813315543307364631 4605332784802369893 13818677973297730070 4603381832928115429 0  0  0
10 321 321 321 321 321 321 213 321 321 321 231 132 321 321 4606355467903961160 13833038346380906483 4613326627118568620 4605862779260553952 13813604811803634670 13826189086469214244 4600912399210992894 13826337110060861185 4604889362761640094 13823018217123318212 13829143470106562179 13824660305089044401 4590833344620884902 13827140250825626830 13828565335386777046 4604032513133017233 13826570271115805396 4602821839112977656 13828346310094164915 13826508846360480749 4600085708268951333 4581335658746131372 4584451863258111408 13802031216855044880 4601343099882538914 13826175878790558774 13828254908147777857 13829682084548165371 13819450875506857568 13823962976468614218 4588020522051279712 4605706522887266117 13826463332089279364 4567694223238259828 13804403216850528159 4585016575053212266 13820403553579944017 13826914694661340040 13816152749788408100 4605061895052104485 0  0  0
5 321 321 321 321 321 321 321 231 123 312 321 321 213 321 13837433195417569647 13835461437286670450 4608099128050277936 4599217829338968754 13827963043806476144 4603856522268649585 13828991089950901310 4593789129629147485 4603113267212310140 13825535740320619451 13827762772842811904 13826493782758831899 13830120821245970105 4597419182986732213 13819881467236026438 13816287541204189374 4599994084124298162 4606546151036790268 4598794067879081194 4606353308847759275 13822589330941431612 4571614067673152080 13806311766199447732 4587943392112931076 4605690419372026002 4602974871156016661 13817622976612150338 4603138600275079091 13828750546653702452 4597753682447688146 4579314991931909376 13822025862048176856 13830202184727494380 13804070352855460154 4585269339832596194 13809995214068698800 4592771317536926739 4604417725396837160 13827704725341968733 4597273623707587458 0  0  0
1 321 0 321 321 321 321 321 321 321 321 321 321 321 321 4607976257491823764 4614253517979470436 4612017764232222116 13829413017418487396 13825666130960856958 13814597807301198920 4602136425971895332 13828554435358585166 13824557868926936074 4593809066090884163 13824376409646265527 4606320225107323959 13817165141364741497 4596642366259081000 13830282304206659276 4593983208002058553 13830242236660746686 13820617511830708244 13830398445507665395 13818246672537497045 4591596080637426264 13812427334587461300 4588810172237764620 13814119674130899306 13813414419594356799 4602063701491321161 13829488979540649775 4606362141598399251 4600796190273633101 4593924607339705934 4601061351177351700 13828676983214065938 13825203216062357370 4592374627830692576 13809802798736541046 13808517208689872975 4605175873281222109 13818555773369756476 4588030650830566163 4603617347118882565 0  0  0
7 321 321 123 321 321 123 321 132 321 321 321 321 321 213 4602313649002836104 4602332950729935336 13836094876923452579 13828683219449202820 13823231138096585978 13826089991093202159 13826486275450479342 4585658262219919096 4605699691293855714 13821866004995397302 4606627459070528527 13820414598226126685 13829291122051695932 4599204537178427786 13824394545108374018 4597208367199784097 13825920140765631612 13829122954238800562 13825319340317279817 13828880628955867699 4600068353721851862 13808375774347958510 13813265343232331842 4581304247173673580 4605976170804572337 13825023920302962649 13820886214451773287 4597208254016788958 13813228153473205304 4606931254712298160 13825102059335571470 13829596314434458340 4585415066270348988 13787917213767108804 4580492226968736460 4590471747985310108 4583924810956878816 4594936547124893888 4606444633385080813 13823555166054898921 0  0  0
5 312 231 321 321 321 312 321 321 321 321 321 321 321 321 4604356960507413808 13837458436024235792 4604011285451078160 13828523741946378568 4601932845004686889 13824891287715301670 13821305967725990367 4601232703595063237 4606051422155169339 4603434089534849023 4605230372402426159 13820232903702607031 4595069057356923153 4605712456372143437 13826252924208838361 4606741142488947306 13821992240595033790 13817650802024075078 13821767304784131860 13825575380858378620 13829120488656623548 13807776266657331756 4584995485636393184 4578446432487466112 4600053081317974271 4606466751393363964 13818472173970345580 4579793642708034936 13819084070122243986 13830403604784752284 13829969290057440462 4599901750385758113 13813666980487961052 4580859335388908220 13804501962674611840 4585779759360945345 13825792214188919558 13815791994309682441 13800172645861992550 4605988523644397556 0  0  0
2 213 321 231 321 321 123 321 321 321 123 321 321 321 231 4607305066912746968 4613549712555307606 4589283571881652160 4606110011315780316 4602191853810840742 4580196438696673912 13823054283282929887 4603979210728405434 13827744950890694918 13823089088175625858 4603587680017482054 4604709597850784328 4600087355303990776 4605936423757277641 13823556085646199134 13829903863124927700 4600376268368530767 13806781237541181824 4592689769799225471 4599886205948400503 4606569742831782611 4584093816468424440 13815218225549598709 4588068941772289440 13828849526806933920 4602535588985438344 13822758199068209373 4603309576979862776 4605263540949315192 13821047664866930918 4593976111892481875 13823749729000181079 13829820220087945633 13814534468764630900 13813419646417648618 13799939838992730896 4581753344805496465 4606451822603455866 13820261567852387084 13814043287347003967 0  0  0
1 321 123 321 321 321 321 132 321 321 321 321 321 321 321 4605402115283195188 13837141808201848828 4613797940145347958 4604805213155143746 13821711392806873394 13827179829810714726 4594274333943927826 4606843323278112020 13820896097974298892 4604137028893309838 4590579424880564972 4604886388708851617 13827224559919329569 4604506585900687044 13822980545937280338 4601039640509739079 13812201753913732392 13829748729000200482 13827490818573041447 13827930820039977525 13821532340384126120 4591051526921374246 13803284420449758400 4575743568010160920 4606183129970940215 13814633914716509904 4601751943768078776 4596125411201260578 13828873355937566224 13826490188066912872 4601148966642877725 4603349946913245690 13827901322544690224 4590700513384302343 4582893375326855798 4582126791057279268 4598317748008469064 4605912037327928149 4601909018630347625 13820514130560539157 0  0  0
7 321 321 321 321 321 321 231 213 321 321 132 321 321 321 4602360783000639976 4613236517420469312 13834201869866379137 4587011333326979595 4604159305501567129 13828265666572860805 13830542651884870290 4586759657964558734 13805618632644994383 4581123515892480707 4604894613669593535 4604171068189347658 13830056646375652176 4598309754131046316 4596480309576924321 4594753694748376858 4606248603856006329 13824527003414139778 13822247476796838731 13823546589016244131 13829533974797652170 13814777284077678242 13807631200328994624 4589667477537088128 13822941685230049598 4596814563609704496 4606468506104167336 13825008962388582660 4605621983247741071 13823309061910607249 13829068654548332279 13826239909938138754 13818911507317622090 4591021516912456730 13798621180036369600 4590528923099756447 13818773555462089356 13827012698486768583 4599185629958967522 4604596198691718525 0  0  0
6 321 321 321 321 321 132 312 321 321 321 132 321 321 213 4607447730244920740 13835938499344224692 13826653201332486980 13829373772553281807 13825434791224935001 13818569981150000010 4602577522367464235 13828756806791448344 13823150455265595842 4582558302234122252 13823840490511880817 4606513918034096300 4603899926534289039 4605120916754369931 13808950661646862884 13814370347681431120 4593358421194938431 4607081496342328374 4605083947502189492 13827178055898100527 4594372961703851561 4590540619851002490 4575599562785442528 13814393029087022244 13820247725939172402 13821999675000867800 4606617736904176969 13830340195557274273 4591498563462358280 13819564683350457272 13808613947594332064 13830164642064260781 13822247291358869719 13815405505145043870 13812420880558986910 4579904347869226082 4606247867893023302 13824096548802187844 13813834354007533625 13804203212322011078 0  0  0
9 321 321 321 321 321 321 321 231 123 213 321 321 321 132 4612799177286966330 4608883254539662848 13837534954518061856 13829648723361897831 4598859734085192344 4599593355922670491 4597773918011922847 4606766535364456969 13819100653075887466 13823636692266684309 13814180326039998231 13829894280444692750 13825119349133391775 4605692443324526472 13822811423512443845 13825977810988788708 4589404390412978872 4605974181575963940 4604873776012837431 4603101671950210284 4600596660384913889 4590213857112396602 4590949780683176528 13814497464905822703 4602387179184814562 13822175301132927239 4605628806039095852 13819302203439655155 4606189575217499957 4601166105268368141 13829246703209675990 13823467455684134404 4600463338147245519 13812437195694681467 4583109314945909478 13817250522830579010 13826683149411767094 13823282533074454059 13823022602828486057 4604182248596734917 0  0  0
7 321 321 321 321 321 312 123 312 321 231 321 321 312 321 13828458983913431776 4599130047715222112 4604728134742435004 4595290159598770399 13799646338349546720 4607051068792439746 4585594661775525204 13830546966773820158 13803465801952598736 4607044929979001915 4585895206381834288 13818645039154083117 4604166134068414758 13822364467181201581 4604352664465322525 13814602992050925490 4606096840141802712 4602086802694969241 13828222946727247270 13823766694683758461 4603201648434811950 4588575184559148212 13798574005571873712 4572711679981226528 13816750505246689370 4603561547417676662 4605311789583182612 13828426605868044708 13826644378754508596 4599265735760660462 4603886411255608659 13826659638835797035 4602905491576896467 13798473888006822334 13809119190006591868 4586500783722684176 4597285439234753122 13825451622664993099 4605399174578603669 13822392435636967730 0  0  0
7 231 321 321 321 321 321 312 231 321 213 321 321 321 321 4614175360532907078 4610044702366565932 4611355867233416480 4599875133457872575 4597932419719889995 13829714742229218985 4606471596413758496 4591827001253206821 4600453409286397534 4595714926992891608 13830237890284798581 13819379527166089568 13812409860864705844 13829941969435499244 4600106094053586425 4597778810023453883 13823550931292281776 13829665715413757616 4606903776989617152 4584260167061711246 4597994931239860369 13814275220848389544 4591617683233444848 4590286584710049142 13813765238632892506 4606515588046953152 13823693497625434654 4597989202553853992 13823183506463393544 13829722944219789796 13830250905867535906 13818396271778962231 13819731909476460348 4589523543515987887 13817036965495566673 4587712916925162214 4603206752580363027 13819047288239585847 13826087044903239977 4599968733547051231 0  0  0
11 123 321 321 321 321 321 132 321 321 321 321 123 321 123 4596442492944670416 13829917105557014316 4603245340633264668 4587577830872343092 13828080539554279843 4604358338408754924 13803967962618329992 4604359855435099858 4604721676463610078 13830541194831679514 13810618682416313202 4582260501164025608 4600602924485941486 13821607069241856888 4606169762016233286 13801845851052080665 4606822652553595897 4598706878978912243 13829860246856712041 13816598167404275546 4600268125247794447 4591861281371981488 13813833020972907836 13804746330685877528 13813044988432340224 13830186622100907884 4598610866665732031 4605815682512465616 4590992284434796796 4602879187019705518 13826275998830033936 4598515314640059772 4605448684249606950 4589332149661594150 4589513778695918756 13814527512280831009 13826095958734871637 4603046838678822955 4603437149936676371 4599677737152039762 0  0  0
8 321 321 213 321 321 321 321 123 231 321 321 312 321 321 13831175636160818628 13830513671301226008 4613056011247369398 4606522165100971818 13819152451838785548 13822951415427525540 4595379109919898110 13826661628676024418 4605425166613246991 13823059315059474589 13828774987677118405 13825952641640838379 4594150085740898014 13830418020100414412 4592202606237796292 4592672540394393785 4593339505153594108 4607060697326807291 13830411583585020163 13817028179013198582 4593711224853071688 13812715055687937922 13813516073560301156 13805678648902585536 13822277894522739043 4606148756715564536 13823586754571923043 13830112870581258358 13820651246708886466 4596807842125956794 4592298369711130252 4601003844996318247 4606347041640573538 13809308021117307141 4589994779923750949 13812001155270660990 4585574271923943599 4602406012285677648 13821148326606108561 4605745646715893404 0  0  0
7 321 321 321 321 312 321 213 231 132 321 321 321 213 321 13830897941116383356 13831377884735228398 4614127815135524316 4602933786919974741 13829150807490992289 13814592972507000192 13803907233780384696 4591630596953330200 13830510969777738119 4605821292916420113 4602924683228990597 4585462476862247316 4602036998188541324 13825876179718515415 13828190402086753088 13815936795328846320 13829277171100519062 4602692167352066193 13829463032443059729 13818016832460686093 13825191156097164404 13809687490732117421 4589257560980296878 13787481255327010816 13818438524349052502 4605899891967561918 4602454462208050450 4606566569384868188 4599020958110485276 13820088335369693543 13822888446443692686 4601236068241039995 13829181654033898402 4588948162762307445 13804956536279571280 4586186396590549609 4598139707905175888 13817808538917336626 4606119331706513037 4600381378619080069 0  0  0
11 321 321 123 321 231 321 312 321 321 321 321 312 321 321 13814661465925724960 13836297638324530781 4612371239933902346 13800030492534745992 4604886321887657125 13827554197845032833 4578471458993362001 13827553174042395569 13828258852169800648 13830553319150324558 13803507811384897245 13792645725014326401 13821810086836169103 13828441125293242382 4603459582913798941 4598779691495995064 13827340834042672781 13827953581220244641 4606477437665475204 13805321812098325547 4600647046643837624 4589754044403201768 4590724920482413398 13807223880618278688 13828841233863170190 13826509081952036040 4596442983794294740 13804080658773457392 4600277739090541384 4606553436371256926 13826829548760518048 4604927976239806562 13822567171182058918 13815910238853377254 4569431909594009736 4584404930391914636 4605271725460126304 4597478730035903731 4582977100711979979 13808825765317794300 0  0  0
6 321 321 321 321 123 321 132 321 321 132 312 321 321 321 13829515466815453884 13835838359970710914 13835816608538669172 13814057013894894968 13823567324772519235 4606537259753761986 13778103835773529671 13829938546599503180 13823590680017721019 4607150923898190540 13807869958915486109 4590264669934794690 13824178833979799597 13829748602506097232 13816577640646190728 4605127904777949427 13824251109951961038 4602571723543617582 13826001807926962111 4592172134586712953 4605933235094260689 13814557381874628434 4588983075602360992 4591734583474825436 4605615611533592042 13824233699519827240 13824211927637645014 13814500190202486254 4603614907116226162 13828680742752577672 4603186945342985286 4604389337251646048 4602013558319637137 13817520337292013228 13808233779028069199 4585538654917414002 13819068262410404144 13823546213841386240 4605084405835884197 4602651236749240149 0  0  0
5 321 123 321 213 321 312 321 321 321 321 213 321 321 231 4610761642001613740 4613405703276113746 4613053017865127422 4587364931988205646 13830274250588631192 4597900927746843076 13823784475851566106 4596620383240138612 4606317631402659653 13829887954610870986 13817435939090500595 13823388509180523676 4589229523785737615 4605986756875122160 4602567438116849159 13830267154636770308 4595422404738469858 13819049349401128012 13821273794539134664 13825449533326051483 4605836653007949507 13813688271826806837 13809067061181997399 13810916813716369319 4597376010337939515 13824534742529979737 13829477568699713923 13822946684914640529 13829511601274384834 4599667423058806788 13829806040167337485 4596830664932172196 13823127198970556872 4586388134548892950 4586300659647729874 4590504908182729906 4605978128893468100 13803751111702346900 13820269339703280403 13821627512434821827 0  0  0
8 321 321 321 321 321 321 321 321 321 321 321 213 312 231 13831813737436242341 4604703651146512248 4605422159445579552 13813681643441885222 4607095039078118284 13816305990909675612 13814151468173446032 4592451991987024972 4607096977741616625 4607122142356973658 4590957833053014472 4590110009696881346 13830411093170565745 13818840058641397525 13808098046296927824 13813514554433507373 4598231664635135563 4606862119873094323 13818327128206798270 4606745546859950873 13821770597079913371 13812023979028786624 4585148227721233352 4591143845410390410 4603305706420155525 13816900638916081186 4605495057562165916 13827333973798876152 13827702146650134045 4599920096906805811 4602792756181562944 13828029482111662038 13825478997584030845 4585241971418046762 4586702845078170170 13815041615904293836 4598826856361102673 4605350750142194478 13825224161851603602 4575564608335247354 0  0  0
4 321 321 321 321 132 321 132 132 231 132 321 321 231 321 13836517651158744594 13830842512158839098 4600553652365044272 4599184725015545892 4582322261551933200 4606747714798032541 4593265631749761527 13830489134524283214 13802747485228754848 4606682575536285621 4593165046237628259 13822566503876310400 13822411654232978022 4604963655390233915 4603451859386128355 4606396505554503673 4600960807147446609 13811644592044258848 13822078036808258695 4602840379197065203 13828829404314800633 4578490129506876048 4580200925349535608 4583535383687992016 13826291230971017821 4598810777450688912 13828759857085515712 4603875232779240320 4605025556463541690 13817774361918241237 4603287380812027965 13826800806388790169 13826781342577520399 13805973563009487006 4580289718329169932 13804175458480876646 13818137610521750152 4597867067056243443 4599941693514251994 4606213459808952229 0  0  0
7 321 321 321 321 321 321 321 321 321 321 321 321 321 213 13837509877389762394 13827204107120921212 13817218300125437888 4594863567247370645 13822670554664619288 13829984476913760466 4607053469942678705 4592320077999636156 4593884868858886747 4588609894445450110 13830050101595835130 4599520519691921595 4603966518416797381 13817953750000679392 4604939740326496633 13818590195107325682 4606543359434817349 4599610007786247810 13828277987059524765 13823133687579800536 4603328352999431177 13807253110234104204 4568374171310964032 13813482980383249039 13824083825581198872 4599705384993384180 4605897723281435239 4605891456817728636 13820047745827583674 4602172557262800470 4599737368530145430 4606452007650194972 13819943937775536452 13811134886415038982 13812276942087441114 4576000126187139716 4594732887393387791 4602741708136961650 4605802509191462965 4586675570190435860 0  0  0
7 321 321 321 321 312 123 321 213 321 321 132 321 321 321 13837315032026551445 13825499898303529032 4611778305908061706 4595320814267726299 13826657782877693936 13828803019828394545 4606630619388018111 13818113367821566346 4599219408637960680 13822436169102240425 13828832226924532812 4602734720128229012 4604000015402497910 13822532926267480913 4604473502782768104 13806239851768153460 4606351691753399105 4601214607804320273 13828413887128112853 13822236698558676037 4603394137068220182 4585502402826155016 4577451046529996904 13813791439310042896 4602652170244853566 13803420157360721504 4605982123726288907 13822887695241201318 13829928551607717397 4595293811865430952 4605415997885034692 13823635838377337050 13825490325434800552 13810870411717505359 13808687652058521274 4589221798090479814 4603348774842082955 13822782338989975144 4604960655340403874 4584926207646420980 0  0  0
6 321 321 321 321 321 321 132 321 321 321 132 321 321 321 4614231295443436826 4611617100764013988 13835570939887667128 4600725150163871009 4605871183869136233 13823196282003523446 4605534312326656533 13825935009197397639 13822413705139138166 13824668699622911399 13818388454608354564 13829575742200144842 13815715457946162721 4605361604232770460 4603519763812056597 4603086815964482402 4603092344505832738 13827276806221087347 13829036214866425550 4598279177040821178 13825929092911287458 13813292088104483343 4580212625602865984 4589379134386773542 13825982055032095262 4605646501082008322 4598291511584395044 4591229211038517940 4599859436681840408 13829966519250984865 13829324306944322195 13824977715390435559 13821403286091006701 4589425930713497651 13812522040053030222 4585913675326254139 13826840966792844654 13825298860095902556 4600508101976529868 4603113316494552247 0  0  0
6 213 321 321 321 321 321 231 321 321 321 321 321 321 321 13830471442503015524 13833732509925787132 4612490117016549326 13808512382366169731 4607151056296677870 13813504239308966971 13792078218174560797 4590128380364252412 4607156449956711320 4607177004021687586 4585157098890335200 4552060760667653860 13820864679184565916 4593539609020138376 4606868185956563772 13829064942936402326 13826364923095399868 13817279871771771105 4602678864657822394 13829076463589148302 4597324351052353579 13810126628383184016 13807350898884486088 4586180952743807800 4604966109615234527 13824184138078674616 13826266030833317978 13827365834599410370 13822489702455323406 13827860649525638956 4593271759709555994 4605983431037029389 13825762343257321111 13810008798155460654 4576344544958535376 13810841093876050350 4598884601989749426 4604353025135745437 13822209643260856363 4603606490748377511 0  0  0
2 321 321 321 123 312 231 321 321 321 321 321 321 321 231 13826431227490245744 4608943023759980808 13831955153811430249 13815175858987408493 13830492054413751796 4589216724345480748 13799211747715079021 13812552912636393133 13830536447283752724 4607137800340837465 13815198590951581141 13789604729883248070 13827186920264876681 4603251170102535594 13826400972074322832 4605186241670522764 4602539372254240897 13824062474137243725 4586746112101553788 13827522631407549520 13828274449965624516 4587203162024562664 13811417484063604506 13803802695405408108 4592229409314794076 13828579313274417711 4603723697766599320 4607113641069998976 4586201914624571475 13816395218010132704 4589329560168436154 4603791023732737347 4605193219733330064 4585585580275087074 4587095737910075918 13809852449425689478 13805268084282274998 4606183329820988125 13819003020557981935 13819559114706703589 0  0  0
6 312 321 321 321 321 321 321 321 321 312 231 321 321 321 4607944937107837820 4606717222633556912 13833578216334747043 13820766782489267822 13829819001898846548 4599494995811655668 13819472192989422930 4600301833849034803 4606368893782845094 13830143551740879250 4594410814392384018 13821740640572199709 4599313491454391167 13829545284922873102 13823111110787076814 13825368230522039065 13825191988972563759 4605045894692419947 13829020363369642166 13814035650812199026 13826519173724669674 4589508701825823256 4581088485427082560 13811472873287565991 4598777706657866415 4605572084185202546 4602593055108326139 13830025776537404222 4594195216877479938 4599208691562696752 4595772629888230937 13826530878357823549 4605494157060415000 4575002732505089004 13813627201154979482 13809711123227718734 4582143775336781485 4606456297668212727 4590026359574215339 4595229071933585298 0  0  0
11 321 321 132 321 123 321 321 132 321 321 321 312 132 321 13837433605043871410 13835237746115476800 13835840824922784222 13823036542553591132 4606641169287879419 4590199260857109036 13828175675790935854 13820026952257393644 13827351594854342848 13826859038097129773 13821923813929626210 4605028002202568236 4604460313681505091 4600873641934890153 13826900755240069769 13821271843670869554 4606395064045840989 4599604086118618714 4604246625817126084 13814215205703720144 4604783634618415176 13803810737024875840 13807285339895677448 4588833374677395596 4596873917285407520 4606276485097546821 4600538302329443501 4598457118220499624 4599471339297163456 13829732316185664119 13830014433431542780 4598997011414000722 13818667507362601632 13797369263576395012 13812958994830989614 13792684395366799708 4596789013571212570 4601515812802480968 13825421640590092833 4604851234339994426 0  0  0
8 321 321 321 321 321 321 321 321 231 321 321 321 321 321 13836219301590488033 13831315971754463403 4608991998352189448 4592539242746177691 4603407534404960408 4605440449704526414 13821683809662934927 13828457533572619527 4603466245258847524 4606822643054421460 13821942876719584308 4589404824332459080 4606902548706900656 13790247813425521152 4598079157438302035 4598041046163073000 13814143478711318036 13830243590755453412 4582269877267467361 4607149992617016190 13813917324743955976 4590541761491967110 13794151444928583168 4586422631380034120 4604522370470373018 4601277712070650312 13826683417815899868 13827692627093270679 4595747284003300760 13827923669029415737 13819557444227790049 4606172785394831192 4601179175127175606 4584626733710312164 13814312117633789763 13786100653835233120 4606519143521109366 13823484585742352753 13809262176657606307 4595271098912846692 0  0  0
4 321 321 321 321 132 321 321 321 321 321 321 321 321 321 13834093284632058064 4613845760665639126 13831559726312577640 13829081988039324178 4601135912961083036 13823502306749311610 13819423433926457842 4600745771824140909 4606278146631955210 4602800817106058060 4605570475758409203 13821523304809641549 4595456303820228118 13829378697599396482 13825368741828453175 13818609217633887835 4601526859234351971 13829509748027689299 4606913415139361484 4597531723753628875 13813106243772741779 13813744091336573327 13809802541722655261 4584459603772296152 13812777679298055492 13829977270261082310 4599904842990424226 4606314164016502100 4591236928203034688 4601211448780389697 13824668873899926797 4599800090600685303 4605738559821092202 4588302709783788049 13812558787711865173 4586555468835980668 4604997506859542257 13822509728548118644 4602684803492035864 4601038447713485433 0  0  0
2 312 321 231 321 123 231 321 321 321 321 321 321 321 321 4602006813885151728 4604527517104766404 13835145486252265344 4605331294534713522 4590904296831452276 13826961298633642923 13821961313336031539 13829052220329744447 13825706062514705352 13826433399320740794 4603094241701718660 13827296905676107411 4606322363094601053 4594316005047667854 4600909666950103325 13824646363532402806 4595106401830519644 4606204872553898766 4588973944090548819 13830337549669689243 4596712003074877723 4586891940198580504 13811176882645163600 4590798196057716968 13826284808187801990 4605245179406595692 13822943117436956046 4604451145409123030 4595540480554495394 13827808596300794197 13825829553659055207 13826895834749525728 13827311313307270711 13814815364980018684 13808722607786529514 13810127100265205582 4599362605435898746 4606592834649189868 4596387356362790747 4595427980848542250 0  0  0
7 321 321 321 312 213 321 213 123 321 321 321 321 321 213 4603658086730042892 4609942480060379624 13830384685944254444 4596162269639597100 4606539257201498189 4599369002563510043 4605603538018266411 4581447519548515336 13826638128754364796 13826331841317381956 4600346878938909566 13828410026601224261 4589998955190316387 13827334062346802174 4605045290191442085 4584365508052487850 13828420054083521874 13827362773017327698 4607153578908643090 4589769193967344071 13808876335840935480 4577091228572219032 13814899832481798876 4585822403400849640 13829892816494509141 13823170837569876850 4594958604363370568 13810792205891824994 4602999117619035153 4605768229074111916 13823759433136084009 4605137551026771267 13826171125528345565 4584064039511592754 13804336453051339156 13815071555244163410 4604797639682976307 4595901244227843794 13823224241782485722 4576798851306715634 0  0  0
9 321 321 321 321 321 321 321 321 321 0 321 321 321 321 13832269304411647102 13837087053799238121 13825588486283317112 4594049183991515846 13822270332126515992 13830080192275750370 13829627530307838666 4600335990204861133 13821244404711294047 4601247820033403598 4606124851409117607 13820111888729799364 4606705801156244573 4589861986979683747 13822678090612648371 4599453479093895540 13820652162122231763 4606461308736479746 13794710967326883058 13830299092970072382 13821057007919657374 13813767663975097359 4589204918931834134 4582387385764468608 13825536309954022540 13829486014818218468 13807761429026413088 4606116213593952577 13825544054284728096 4576136780226286144 13805345706388105938 13805553157123993104 4607177947591199190 13804433147535132362 13815217212475050619 4582475348471525983 4593413526268702749 4604764854222128852 13826716738918577152 13820224003471111965 0  0  0
6 321 321 321 321 321 321 123 321 321 321 321 321 321 321 4602612448403487056 4609421096979547124 13837464461941850148 4601555850905924671 4599048743670179489 4605814656624321034 4594730396090093696 4606320717029879861 13824212131536383186 13829525703135666145 4599167852875526800 4599971423699126017 13826306801595247219 4601625080514248746 4604706833747379019 4604696523437983931 4604303884895470940 4592829497432487412 13825030887453827910 4603443493985312472 13827664932376320396 13811457596733783492 13808091896572327284 4587980735468119420 4605933517615065727 4590346006788104448 4602695625268043358 13792000765449210496 13830438508580803990 4594929453298546193 4602751004537618031 13817553465560986314 13829203687593635192 13805550957329346878 4585933948261233251 13813055801188315517 4590781564692702283 13818548496322450516 4606142787680324950 13824739495562777098 0  0  0
3 321 213 321 321 321 321 321 321 312 321 321 321 321 321 4611049621679982736 4603045318688157468 13827261140996774604 4600822438856584179 13829142820513425968 4600199557215642683 4597885368789537030 4602264243405230446 4605785859039600205 13829522002492427292 13821465301895349482 4600758033273405281 4606588577110226303 13821140009226250744 13821828049905255052 13822427485397089153 13829920547779856552 13820307916278178171 13819581250492646613 4598729359095185711 13830011050276535687 13813390362671148415 4587543524352621180 13814667152213133480 4602823685409506908 4605636883954498520 4597011456035501986 13826142787188479424 4602692037691500580 13827840831617777398 13827744231492491133 4598158287465826655 4604313263339972208 13803623660899344727 4593775888596045387 4563150110787822912 4604921484543477986 13825297854389705362 13825285183917670557 13819279079665911297 0  0  0
3 321 123 321 123 321 321 312 132 321 312 321 321 231 321 4608570624108735664 4609052944041863056 13834506173330072473 13821479834987433868 4605554138860970432 4602832065195008405 4606739183449013554 4592138570994990877 4598931012466618675 4595853148775089603 4603255409499633852 13828794885289131403 13823146028567470281 13821116286406491161 13829746214947506837 4601798217406726813 4605452321750205268 13823873891095836044 4605612255671840644 13826402814055188903 13818531640474520724 13814952188475700520 4591401345334392896 13814340325390154605 4603227022863524002 13828947734488483853 13815376629552950044 4598196191975057089 4587599525557672036 4606881283560239121 13828652957179937418 13826660612711748110 4597645984264023818 13816808267649515894 13815518818277757525 4566878023921169832 4574323760040202360 13820822650864011162 4606076562896780916 4601262992021884171 0  0  0
11 321 321 321 123 231 321 321 321 321 123 321 132 321 321 4607470636146193752 13818647951474220512 4606965615202927760 4572257795145015108 13824964706048898216 13829636877134412287 13829439417826151744 13824874576402187873 4596664793866465065 13825725017739543426 4605254277211703359 13824022216483903273 13807458507537674624 4604893504252055039 4604168958116226352 4577719674711631518 13827540930574418420 4604897940918269968 4607177981666480688 4584133229815817646 4577474314015552653 13814197831988102207 13813330935557815309 13814159173643482373 4599635713106003964 4599371611457998104 13829554413238546565 13829219841639660958 4602728385748279136 13817487382375580454 4600984204212521742 4605405422865595966 4601541899733765412 4582568494083977840 4586986427634205810 13817253047274900644 4597366621338509629 13815662448296885852 4606889917440167129 13807730049077178448 0  0  0
9 321 321 321 321 123 321 321 321 231 312 321 321 321 321 4612354352309440284 4609634502291349188 4607636199342915960 4605076633099682752 13826982269002934172 4597128690988086063 4589027423833870872 13821968449384399614 13830193593576988421 4603936559067942415 4604922580574153803 13818749372038482739 13821666573278789129 4604657587454670511 4603986046116966044 4605588751983925645 13819283847166236603 4603004997615261258 4602738807600753404 4604197355853221340 13826450028754857812 13814011477451731834 4590414468748579022 4591022474142486570 4605890784499576253 4602133203973752011 13820234309199461415 13826133535616365745 4605709653382307433 13819837166841643757 4590681669472898337 4598755848074262224 4606783445589447053 13811083154570301462 4591228904416995801 4591864737899050424 4604595042956346843 13814927730472860479 4603280120602765728 4594424583131793073 0  0  0
9 213 231 321 321 321 321 321 321 132 213 231 321 321 321 4609072912577296208 13832021792006050838 13836969335854847560 13825215721580038867 4601976212017411792 4605044893127470957 13829540217208350832 13818118913805541270 13824865929672394977 13813950806862768483 13829417634302516678 4602306487597102405 13816471620689125370 13819585721484638172 4606945356496245726 4599215776645676722 4606507000492691518 4597194622264846428 13830052165000803890 4599539661511144140 13810464571859945970 13779439252862840832 13805194238921130152 13805467212434173352 13825055099476603380 4604543942643396379 4603127310110333267 4605666815015252273 4603163171167774618 13809211716152416384 13823030252526292978 4601593575011365488 13829062604902258900 13806876231106447516 13801039453640530443 4576551902919756456 4602176833704891243 4604169743760977890 4601352747601932610 13825597291413856541 0  0  0
12 321 321 321 231 321 321 321 321 321 321 321 321 231 321 4613411428235517062 4613534007643376150 4598299952370802264 13824779124631293965 4603570208416956955 13827635307626934607 13827615718568055101 4598822636954365610 4604312821780893352 4603592233444300375 4604912465968079678 4598729330653332607 13823593240906411221 4599352909636262496 4606070541712067988 13828906554565788013 4599869393928134386 13825378467688818620 13825104948441193483 13829513263839677471 4593945062128723803 13814678837551944063 4584734879384077224 4581077002594758292 4604953300131815032 13819988895509492340 13827179257591104478 4602374769037039500 13825545230550332529 4604817828076036592 13825106177676102968 13829266882341729434 13821641896829775238 13814355021894563058 13810111176760856426 4576488884968098378 4604328826776703955 4581665283426000491 4603612239584835417 13823305322322792094 0  0  0
0 123 312 321 321 213 321 132 321 321 321 321 321 321 321 4592554520232685280 13837210125111038492 4612064268715857900 13827126694197686451 4602216861534822446 13827181457648150012 4604437230795643476 13809099213002048168 13828012225159216092 13823612287490636146 13829468955547572147 13822553500201881949 4594144624065871851 4603133412588553462 4605591286467113253 4593135507192673525 13829064242660840919 4603023241492214707 4607033012028273409 4582127057610945624 13819024836897868886 4589229634234823246 4591719662491962466 13812239604133116602 4595053047592341570 13828031385465207037 4604251494064633118 4602532789366832478 4604049330174670512 4603370831321342700 13829250175377136275 4597728892203755997 4601969606336893246 13815306507318652446 4588831973693805176 13811998936921912068 4605325916181096992 4594220247866245263 13793945167512276507 13824480269670002474 0  0  0
11 321 312 321 312 132 321 321 321 213 321 321 231 321 321 4612723577670512528 4610500131671447976 13835319970327686320 13806474389482470565 13829413497961911260 13825806704476841704 4601825954796786897 4601303361077327006 13828614467717415850 4606203433122818473 13821203556506643443 4600595899329942475 13828706772186872253 4603594573919716634 4590330150778118880 13824304395178064934 13827135283679194671 4604235253290587978 4601842639821205578 4602706685942194991 4604801233365302350 4590452826518957324 4591642822744886296 13809499521931625716 4602596424025205154 13827303921363847874 13826846068985981076 13828076530432160803 4589634060012718812 13827720774317514631 4602293727998839017 4605074824704863770 13824774090167150455 4567354660525405816 13805708989103329506 4593866127427211916 13826446447595785368 13822310813546258913 4605244743520873763 13810928591689596959 0  0  0
1 321 312 321 321 321 321 321 321 321 321 321 321 123 321 13834485200315953658 4609079116480720152 13836764420164729827 4598316398391352820 13823151863091249624 4606324366773067160 4595142278358324939 4606624278546605661 4599153336962912783 13830120786109656868 4589821128444628655 4599041436463754550 13826916384917595778 13817280153673483186 4605309490018364956 4589623640365462124 4606952563598538002 4596865906464711355 13828752658423072013 4595720683983118335 13826697812924304057 4585558102725965336 4588400217791164160 4589759113577909978 4603915941665917378 4604854589980494097 13820086986096698220 13828287471135786131 4602955883443928915 13824211472735420417 13819165164859920256 4601063751326875144 4606220434486988887 4587576404155977388 13806469278455458925 4590409256256765855 4600505673053177365 4604965572858110018 4592663009681687456 4601794384868351450 0  0  0
5 321 123 321 321 321 123 321 321 321 321 312 321 213 231 4605591295399320028 13834728564747731781 13834992123657848984 4594614500343477611 4601638345054824819 4606138161966414424 13818645534192856091 4606215915004625014 13824566170134846385 13830319133407314241 13814283005840020220 4596730172990671524 13811169707253733925 4601601222823580346 4606248767069075811 13818367020865709797 4606119311129273839 13825018355057191415 13830423050789403514 13818608199212531381 4582705624634585705 13813304871568322666 13811460507814980602 13813564175083138500 13800170670573003488 4606152575996730546 13825406345966209618 13830550430479136493 4571771880475811904 4584177503373317108 4583797752985696488 4602035786654500242 4606148619198063799 13801669154293331192 4589749468019881592 13814918950771718446 4604406405952116272 4594557771929110129 13825904369282033174 4601288467469067954 0  0  0
4 231 321 321 132 321 321 321 321 321 321 321 321 321 321 4611137711483064512 4610206918267317072 13835779160713543622 4598083613412512281 13821503077500846950 4606609712268698340 13819892111551344465 13830177764768872742 13819768522776130700 4606706535790175973 13817635906973501163 13822229522641426560 4601721742294902514 4606083544474956218 4595347881324644612 13827770445162808315 4596983593697866254 4604386810388802488 4603293856323419369 13824730095737735854 4604512321403158567 4590766078083777014 4587883605419523892 4589717597774188008 13829951229094044828 13819135478733462204 13822623677293394128 4592955039050788813 4604155076241307416 13828202853896898094 4599812925024710011 13828078123738254660 13826936922727543453 13816001581155673718 13797514779809475720 13811019559977600355 13810587804266284133 4605830487003805222 4592189979806194313 13821203514151413886 0  0  0
2 321 231 213 321 132 321 321 321 231 321 321 312 321 321 4610239642166326208 4610911056598836512 13835321675263177688 4582448801576903307 13823102913702843390 13830026993735891940 13812847638897052437 13830015179431380108 4599692330437357456 13830531849588444629 4588084768556031391 13809961878892526589 4603967383424573806 4599966063660322410 13827685291142814581 4603530200674775140 13828651010445526667 4594811414983412746 13825739553072128235 13826103714604557193 13827986485696522740 4587192747596574952 4590676458488453830 13791436593026375232 13822054371756686832 4606186582697121576 13823576920184218396 13811398435389958624 13824097980893567246 13829820532476470832 13830185031175683616 13821031772320221363 4594841338440380746 4589033725602161147 13808285456378763583 13812854329773093955 13821693968715714593 4601343133007187315 4597705551204980455 4605688851837369247 0  0  0
2 321 321 132 213 321 321 321 312 321 321 312 321 321 321 13831352583133004885 13831761513001584561 4609281925436243664 13800152761756377965 13808510755192560654 4607176614609570307 13814712808412895060 4607138599510977005 4584987269441327672 13830515279839907135 13814684949597960470 13801970254456658911 13812875382800259555 4601972162154320871 13829518393432683246 13824690210443806805 4605286515115194553 4601657023594745374 4606308258963984511 4600974869435002330 4594304470194669195 4581754074598133608 4587832898737588964 4591752991617371754 4604171517105270674 4592208890604062262 13828201931012277555 13828262399604421919 4594040063702116712 13827425431263191582 4584711850286832257 4607049718302097482 4595223767310835302 13811174497814587719 13813280133368394116 4589683529827923154 13822077274677454576 4601838748678360514 4605562164190652920 13820079671852152945 0  0  0
11 132 213 321 321 321 321 321 321 321 321 321 312 321 321 4613272126053813898 13822862505095452760 13833343410976165915 4603984662084327039 4604840000046879771 4596050713560497083 4598400555753064259 4581492689274320216 13830236656569565728 13828011721363745241 4604231380433549630 13819067839547495807 13822932462953796417 4602798703127144430 13828694530595374519 4603501779107657024 4605075111642100860 4598209853360644609 4604815090935848280 13824013456492898423 13826536967744036840 4578307370594638952 13814205809350476772 13810969818312926836 13827885202393239155 13827240031134743574 4599520515479330222 4598738855223099652 4595359047577042622 4606679034502468508 13827424403717629175 4604981569746064957 4588356425966524808 4583907830420780459 13812171351363809157 13813493306181152124 4600092949883351104 13819244544696657359 4603995629669395209 4604017711324260480 0  0  0
11 321 321 321 132 321 321 321 123 321 321 321 123 321 321 4588809845893250112 13831384814470432728 4604838031657955960 4606440597320699220 4600583756022478782 13815493050893979558 4584543421060412763 4596044876084316922 4607012460517510257 4600809141849614271 13829685409472589176 4595052301930511040 4591927522004460579 4607132150187133203 4584638446239620896 13827170949635853213 4585758111539945050 4605202404708339865 4605152285747278531 13815104811344239247 4603802788756236566 13808185384476933792 13809100183042347940 4591692557459378390 4602010305087767658 4592194554775681449 13829475701247748149 4605158064938721543 13826313928621235542 4599883976817392029 13824786031352958984 13829131614726850438 13822915983790143352 13815590565151576756 4584030753148036276 4579575273188504536 4599963664898042427 4606345203715170963 13818511818119956065 13819331371303879488 0  0  0
9 321 321 321 321 321 231 321 321 321 132 123 321 321 321 13823321126949183088 13833820597801112736 13833846611531022347 4590656662665807073 4606842663156673522 13821710138677478246 13817798286804325879 4598515683889708721 4606750494367530998 4607054438593256538 13809494242258730168 4595033562782704382 13820499724167310821 13829600642842127751 13824061587104448076 13830330635351517139 4596707737346346604 4589903866615334462 4580416936707530829 4600804542712692120 13829816952138092469 4577342651254337168 13807166565111281596 4587587140971714152 13824957299933279662 13810461413851274579 4606255175133255012 4606080041351229097 13821051978978442533 4601185641424371836 4596081188724672746 4606916719330278563 4594427413884465515 4586338544060866591 4585577551724074350 13804164602736771850 4604489766112353066 4582744323497251015 13826822438164506925 4599012353402020378 0  0  0
11 321 321 123 321 321 321 321 321 321 321 132 312 321 321 4613947791907666204 4610412156489230896 4613788362478506544 4583317014735783038 13826514104274677624 4605685396860512428 13829837006526645648 13823151853663820769 13819562494258474535 4600700811608164693 13828412570907757291 13826199644084919023 4600573334013294903 4600373587625856562 13829162512880393556 4588998593600962228 4606309072451834642 4601330594489457481 4606476792987330718 13820276705018366004 4599493143526483896 4589393027098808736 13803883360758670136 13808388341319375942 4605068317012465761 13827339377407351877 13807261407329767088 13823937980218392330 13825875000978841202 4605228485054894733 13826209007334938794 13826846578293416330 13827143228532416961 4589097712300376903 13809764594520444604 13792720334342283664 4604534730940150237 13823697155216916568 13827085886040933152 13823158393574691338 0  0  0
3 321 321 321 213 321 321 321 321 321 321 321 321 213 321 4606232870490303408 13830097596245395996 13829541759999076116 4605709389838735435 4603106079327022607 4582992010684252696 4603018258066752267 13829012151469383612 4594753656007951465 4592299683208035863 13816394837576249707 13830442600255131849 13825072024862221476 13828540723402448051 13825070457917776176 4606217916849152431 13824628883793585701 13818282170001282253 13812638960819733897 13825490464562928757 4606110048655327563 4579258551345319600 13809492139041701117 13808277703148445648 13823304618327624828 4606620368397861636 4577288740083526739 4602132327305544582 4595793648921222057 13829324792087389821 13828857101551741618 13822359826296050719 13826089325055701368 13809875000767912112 4583562872442412990 4580671042393498068 4604645716298380593 13809545411710277165 4587442654348367296 4604413325573870022 0  0  0
11 321 321 132 321 321 321 321 231 321 321 231 213 321 321 13837443341173091766 13835774840063516474 4610272587749338096 13826451893563837424 13828778963350718333 4597910182298561792 13818032023936730810 13819376390581887081 13830283592375947691 4605604153957683439 13826637549816525517 13804524026797845210 13823773638733197470 13827287297981380649 4604246331203120514 13827774847317909424 4604261602233467282 4598277136413292614 13827117138398552046 13823718237458273261 13827789735563435664 13808637491590051326 13814618205318157248 4587467058234740764 4604938688126635412 13827301102999523085 13818577779196991337 4599450260479882458 4603350685871785766 13828329292601050002 4603374927179119521 4602783628818282896 4603907168856778421 4582360181237652594 13815387650231966059 13808565098817110368 13824702861845104262 4602939642033424819 4599010019158779701 4604228271219426922 0  0  0
3 321 132 321 312 321 132 321 321 321 312 321 321 312 321 13833011357147499486 13835073754588042424 4607903792279678172 4601414574718445278 4603207521531323327 4604564056518860585 13822438320327037401 4605645027952327799 13825542127708180140 13829219655140839519 13800082059530717348 4602892888299989145 4582389412306447771 4607155227581448890 4590000090423339446 13819974616201774087 4590233056477925308 13830333072810823036 13830358092710595239 4575300631864241365 4596645168919924950 13810597008348288490 13812559143824938500 13808131724251938064 13816514903179349882 4604523109158651378 13827848902830390096 13829025704933442789 13825263924815987263 13822808808729772762 13826454318434509530 4603068146501104126 4603929317772586149 13803681530186633223 4590396677612901514 13807035398846880844 4605763836598401539 13822033803969834557 13825548683702057848 13821238007726703318 0  0  0
8 321 321 321 321 321 321 321 321 312 312 123 321 321 321 4612860871134542240 13835130340494154920 4610232181321877692 4596593123145950813 4590310073878563260 4606960767735924065 13826064829576043524 4605960644445634363 4585426988007567328 13829115308427379133 13825992126062325007 4597001743563010662 13827256357332512659 13822179338915802186 4604651483683558184 4605101790931961389 13823024170865715054 4603095647375813221 4590642587781568141 4606274243773019691 4601411653817131700 13809526184933011933 13804347020782173068 4589054062671484200 13829174639450111399 13824124194449256760 4600127365506117101 13820510362657377539 13823392940665412508 13829737551040952170 4602385357485688645 13829196948124535923 4596788570753514074 4589318076362397548 13809356545138761142 4576114245528504504 4604427013219597064 4581532094048681277 13826776193669664555 4600656669716431357 0  0  0
6 321 321 213 213 231 231 123 321 213 321 321 321 321 321 13828980399780182772 4614202887451642424 4614000232694736478 13801330299746606923 13829157292244486974 4602992447833756014 4605736470185127302 13822429450581205733 13825218112947615292 4603068666459085163 4601662939990094518 4604595384386797328 13815957845510985215 4603592099218455047 4605303095067655464 4589763084767032140 13828657750109004904 4603667425318926246 4607105113244911800 4593529388970763808 4586534862229787689 4591108908554699496 4590406209827106660 13809192434779169722 13799638978173085992 4595666558979678384 13830406365682958430 4605117717935683941 4603830459889115660 4592460260239589712 4603913248057235627 13828366967335981011 13817749602171008852 4587684320301809517 4592930527622790538 4567499617718025392 13813301364888544003 4604393642019740177 4604570078519815371 4593181794020234635 0  0  0
2 123 123 132 321 321 213 312 321 213 321 321 321 123 321 4603906700831990240 4609065230154899672 4608069402349521508 4603889101023231444 13825418259148057588 4603738285753230120 13821576296422804924 4603861339221194687 4604782902641209100 13828130947714278759 13827138695410658441 4598778656978376791 4585381092321798783 13829751093841987438 13824451825106281799 13829446784410226332 4595231690124636389 13825150219519005167 4602301949113229012 4600462403053847440 13828687306050429188 4590787547928290840 13813899073254792349 13813766792703776255 13822224886684330260 13829303666836050504 13824595199585538789 13830173786315099202 4598363544048580025 4593461081947650620 4571325422675527520 4601536528703376520 13829650595629875793 4590353938915030866 13816127295723805612 4585401970265928864 13817195918948353928 4602231573709428050 13810316929744944597 4606003172074992705 0  0  0
7 132 321 321 321 321 321 321 321 321 321 321 321 321 321 4612337519865333660 4601974218302247368 13828964162781110524 13826982412724927896 4603910977189477562 13825689996665551723 13827860587535829187 13817459620535162844 4604480682009518259 4600521602139430241 4605010282907449570 4602937675124164799 13822948403718381005 13821354649544627036 13829766566854314230 13825966397037468926 4605984479995051524 13811391874565489096 4605421550053416848 4601491856409037178 13824346069493719805 4591819420274403116 4582915630620771944 13808168994794957790 13826701512695046896 13827049432934100738 4603103640575208860 13827387006186881635 4604890540321404371 4594727052890600674 13826070596193538927 13821843722887425064 13828957308818948432 13814507656795065576 13810820212040001386 13807707912163591843 13821565752217314227 4595796281899340999 4584692009232517686 4606730407096854568 0  0  0
4 312 213 321 321 132 132 321 321 321 213 321 321 321 321 13826267860521183444 4611778899725808778 4609845881743897532 13822838677256185305 4605105854790429489 13826517202869803401 13828239748084319140 13826648541034913272 13823467701774004634 13826833524258340182 4598990577931419199 4604965814655990870 4565052504919816464 13822899154090123123 4606693301299178705 13827107387469951773 4604873740860973367 4598295208603460880 13828633466350395329 13826809170347383500 13819726186634982986 13807346430769810540 4575951497168388080 4572525010826595152 4603482875265208927 4599320592846378506 4604881985188015124 4599413205583612657 4604990442408889828 13826689330324523304 13828234331820900422 4603342873940380025 4599903155453634149 13800635966037731678 13796718920171274296 4583716409818613619 4592712809764353265 4606225049901634252 4599090725504705115 4599299089534171742 0  0  0
3 321 321 321 231 321 321 321 321 123 321 231 321 123 321 13835372630028678004 13835666399344709084 13837340197229550834 13804301902557089837 4605845851574297360 4602893682588773279 13830551762411127421 13798180333068343980 13805775687634125101 13803706155860352670 13826268165247560409 4605844723920014548 13826351501838627407 4605781260077738130 4587262579224155847 13829144360209035341 13826369307177192306 4586590321700920156 4589280066376227144 13804150471703302418 4607162496573536826 13809200222545329776 4573194443299971040 4589351536011554710 13826213736797943578 4604470522606751673 13825925719252732782 13827128064657415938 13827888894352498919 13823294367352843106 13826858393595158693 4593697790013379382 4605361250038566064 13798934677204583096 13790593723546652832 4590126165962423135 13813473623857245135 13822964009908358327 4604941820606403429 4603285814890071166 0  0  0
4 321 321 321 321 321 321 321 321 321 312 321 321 321 321 4612955001022511162 4588610345311586432 13831179063822210072 4605316296068515828 4599559783166785178 13826180510968115854 13804812563221434308 13829019307998477116 13826573728384845423 13827033785520787278 4601827713765752354 13827412166451213564 4597302217350751023 4605694522152654340 13826069910941345974 13817044165660155329 4603002981337718380 4605695486654591819 4606877310024386147 13817069856767764812 4597287938437187556 4585322139439470224 13801681377742611624 13788088440598531584 4589368706039354638 13830528083296316244 13809270608750272296 4605167805357890895 4583059997890651296 4603847949520249358 13827194166715991110 13813226416901671188 4605162434464203350 4579671420864745811 4583300699048392657 13805586116142663108 13817907038854036491 13826167044493139057 4601450688220461827 4604721855298414078 0  0  0
10 321 321 321 321 321 321 321 132 312 321 213 321 321 321 13835427057553649545 13835103539361162714 13831213841210938991 13829922497363429569 4599400871149012330 13819208067106538610 4600297754829885841 4605284709593751314 13825899925444600682 13800447388816040079 13826277870498449967 13829211613347286231 13818262048129212494 13829723656662160018 13824037881066245614 13818393481806352524 13823598365750077073 4606436404369719851 13830318909798754251 4596688727410293225 13814499498752888264 4591717669743340680 4586965786498212104 13801624447532052840 13824861212602813456 4601893849277728695 13828543671890424213 4597917967661090338 13828491737231340832 13826849965680387532 13829361729826879043 13825044296868846244 4597228871847471928 13801074489406902546 13796229066938387036 13815865377669320577 4604390500318803822 4598408190842015632 4597637486226998564 4603868013803194932 0  0  0
7 321 321 321 321 312 321 321 213 321 321 321 123 321 213 4613902085808512866 4613663577905822886 4602655298138393472 13830382224593375496 13819532903191799075 13802804188689450000 4589261107403361096 13824075461485419749 4606447940992578743 13819164649567059971 4606281502635923941 4600792009323477928 4603126609565399400 13825847429872050835 4604277413420182343 13829044180259628314 13821573543327414001 4602570114848766841 13813155882029047934 13829072086309666583 13826456132576839319 13813885517992353736 4584824853766954424 13813667605975379416 4606685101638243544 13821603882762579313 4596664824845725300 13802848369178249408 4603599522149319368 4605364772289432845 13822940989785165182 13828366909206804572 4603267109159646480 13815324625438573473 13809544771261708810 13809601292442422503 4606516449132911764 13823769986511845004 4597062769892429085 4574561842419037211 0  0  0
7 321 321 321 321 123 321 321 312 321 321 321 321 312 321 13832654621262239648 4612015952934492896 13809849738629636608 13822740433998661876 13827790848979966753 13827381112107903713 13820627387433599426 13827029631834761562 4605029808596270707 13829849576182769804 4600625970988577726 4585476456817194868 4598199167639063842 13822456472699686886 13829834615584850234 4583256375363628438 13830087128504002811 4599379098930763238 13830262104226064135 13815522246926095230 13820839924118894904 13805068336515127956 13814411537512721341 13813515256917223444 13823837799795643174 13828012754465802462 13826818582449754774 13825591005786998188 4604412071020012470 13826442869569365672 4605339383820846779 4589902171988116954 13826967194756600086 4593016339879507490 13800286455704408708 4582187389984693502 4605267732073077664 4593711717093139255 4599610784262391325 13822914838651120568 0  0  0
1 321 132 132 321 321 132 321 321 321 321 321 321 123 312 4608243297367821520 4613409768413617238 4612275120782469056 4599538929123518867 4601042758347387470 13829224488235121043 4603436849243094001 13828716421758226700 13818264334433915266 13828243416643735398 13825080891631789128 13826019577975635949 13828418631026421121 13795346486588717792 13827370667671872611 13810947846346679047 13830521754483872171 4589551948695672329 13827352346882639694 4590789998462174734 4605019506992731841 4580455966436993976 4586104426402703044 4584424877951183768 13826225629488807333 13829200253766767009 4591232683566917772 4604674948244058608 13823870716352386097 4603393550660740968 13825288895519800166 4600277400445127504 4605470736238554960 13809429506498415933 4579228435436329912 4584792856792934871 13813311003151233615 4595034566038110902 13826337884178170683 4605631344609528144 0  0  0
10 132 321 321 321 321 321 321 321 321 321 123 321 321 312 13834616785000647092 13825907880291091768 4603879969570457808 13812577454566874631 4602643160954553178 4605965296794552886 13787772821094561956 13829353256097216759 4602659574729784206 4607164505750274781 4584354512906260757 4588136816057984847 4589174562779982117 13828111006095713493 13827689649602616579 4580676471969896664 4604335925399035524 13828116178638890343 4607163389654038224 4585027865629540751 4588159297367430897 13812471248710617389 4588081599045255796 4581324863460848564 4588372513821733112 4605127830112830961 13827250539564806454 4604437976557938921 4601317795604341637 4603399347449337832 4604628444100627542 13825570049691982456 13826163606386702343 4583277912970146978 13799363076291260422 13813839103967355571 13824863754143629526 13827225902759960741 4603942272422732087 4589296374511353228 0  0  0
8 321 321 321 321 321 321 321 321 0 321 321 321 321 123 4611107332698362492 4614246211666331000 4609895322509029224 13820833404078689327 13830246626953523930 13816622456085507600 13826407133720129427 4597402927304069317 13828846083360825375 4605469909781233674 13816844579380491735 13826714934624665026 4604265384596724673 13822641310966077620 13827564406468275077 13828178100877455547 13821490182182800401 13827217793746232776 4584209641362328499 4606438975299213476 13824190278261655108 13800148965580136616 4587055590791404732 13809369732172517575 4606809650978273401 4584827239184287394 13822139212428094797 13821249318268949150 4603736735700740611 13828289546414182104 4594587290220698910 4605254351983858855 4603577070331869668 4570572414411252308 4589127004454152834 4577981238325569054 4606249311168618411 13823727990630159781 13822106166519918429 4589457814481446377 0  0  0
0 132 321 321 321 321 321 321 321 321 321 321 231 123 213 4610940489310344444 4608069623613831588 13831016517790004576 13809450083055230083 13817635748533364008 4607084203061959000 13804507911497913536 4607091104409370640 4594239230568405050 13830545231426189500 13802031984158304012 13809777528121075525 4596945493811443769 4600799600640895738 4606215558015748363 4581268694830101287 13829795816886037513 4600899382422179315 4606968303156699435 13813025155315612230 13819940011729291230 13809358444320379101 13809539855011584381 13811270143803891821 4604115304619620811 13825167048438268199 4603592567114523538 13828125231969449923 13819555081293361628 4604073034020627059 13818959110200165544 13829393058152525875 13825289326701298425 13809319501372966280 4567870369742037856 4589570382329166540 4604992246158849579 4600276977214445998 13813226032462635295 4603005260195626828 0  0  0
12 321 321 321 231 321 321 123 321 321 321 321 321 123 321 4609907068023615784 4609316728872169060 4607514269054483464 4602488436079154548 4590294766121393868 4605998278522803753 4589252087426270747 4607093409193604080 13817040198383772290 13829380947875684739 4593055680755031447 4602311691517508098 4603285480851871572 13802465277570018624 4605591382823303378 13826723974458649109 13828056620660754149 4600588094591581822 4603487136142392746 13827771597755531994 13824572469473327431 4589768016104851578 4584702495736740880 13809805694622942861 13828444115009399033 13824510639816173206 4602531421449393662 13824047085163699141 4606348567701274920 4594914693802633140 13826162554595213427 13813013585316148628 13829257094374475111 13814428116972752298 13796802380063611413 13786600566728572256 4604456360811544944 13822148315248877228 13827201253720961777 4598039508957465650 0  0  0
9 321 321 321 321 321 321 321 123 321 312 321 321 231 321 4608500520907499840 4613527950187410166 4611220380131129660 13824480888361992364 4596716603535608310 4606158966514798902 4596352671299124964 4606915477598818452 13817457498658779136 13829551963412438437 4593340671499974360 13825013122451470639 4600744214783446429 4604068930694537522 13827368631475639136 13821816773717145072 13826883677082504204 13828399744369623906 13829480009865287887 4602137178754410633 13812069113119257051 4589069016420853708 4586526237683162752 4590558128493827336 13825869804752916630 13828422826410603107 13824628102277099002 13827369754388324815 13796822756057148608 4605047288574827034 13826815361709261329 4603993582940627421 13825880704303464630 13815129611305526571 4582051614639445192 13810413573933993698 13827110649072187351 4600892735853867977 13823996584920958654 4603180853280510462 0  0  0
9 321 321 231 321 123 132 321 321 321 312 321 213 312 321 4599415894013384384 4612462584664486490 4607881392678190788 4593099288980963780 4606899724159125490 13820440422430275882 13815650478370159189 13820012308200317352 13830307059303157987 13830441756580516803 4594104414388608047 4590290109093097692 13828493552609470463 4600554273852377560 4602761707972189101 4601761258097998134 13821203467720430784 4605926229754845033 4601800099705523545 4606212382567426325 4579148002032036498 13815199890297920053 4584917292936006860 13786390348345074560 13826656779422583445 4599767623157876995 4604937770766627394 4605560548802050501 4599385256082327328 4602256523092385497 13813575119686323747 4606155063841020925 13825283171021571325 4589469753625110823 13813195736506001999 4585552831990331459 13823717954865493311 13812751167856246914 13818945986892239218 4606365519200931436 0  0  0
3 321 321 231 132 321 321 321 321 321 321 321 321 321 321 4611301353709805896 13831848876805189367 4604595498336280664 13829111365663459775 4587559368232271228 4603043491024744028 4598722108170979641 4606223351753330443 4599989957825198054 13825419104597659171 4601707385994204832 13828435596021407121 4603211157802571419 4599354575255977356 4605081373970113048 4600612298328883135 4604660458294076842 13826746108444928369 13828159798277588272 4603742743361304105 4598733875103256895 13802748806348984896 4577517935722875440 4580171573328074488 13824291707163247950 4594612518192265838 4606308080048256792 4603922168940242148 13827501068358712324 4600786206125754036 4604088649383387535 4604795574651907854 4595276223596179808 4581868514378401562 13800413415176519566 4564121463557558228 4594073009745348492 4603999148621937903 4604523409160845582 13821694804816945275 0  0  0
5 321 321 321 321 321 312 321 321 321 321 312 123 213 321 4612131854884976444 13832346232424928239 13829052450948136764 13826989465358804001 4603228682771660382 4603271738895134074 13812638763081494385 4604243507799914036 13828178588058581779 13828701349183632202 13825708072619770035 13823731128452088471 4603466751304390621 13828368244733928283 13822183091841254578 13827777890145213774 13827427973720808097 4599230758463264440 13824608981138641608 4580285660201962820 13829720394406164984 13810742520054949226 4585925947145998508 4589608685212679292 13826269158115087196 13824557819159250474 4604862343255454456 4604084735700162722 4600120016682730111 4604159515829769329 13826437133844661060 4605699747710718204 4590862293220928850 4588877080599922564 4583463906305544090 4589454766482450484 13826170908877165913 13821781751608422328 4605131407189097697 13821839715146520527 0  0  0
7 321 321 321 321 231 321 312 312 321 321 321 321 321 321 4606586309451067520 4613253823504701674 13836295256543332051 4595821753231445023 13823573752643550577 13829775384392850038 4599630920485601840 13829224352766660472 4600969157578893192 13829882981471844861 13823835207927383436 13808935889226090986 13828041724440546960 4604154627794077819 4596321425387147680 13813278919891226454 13823483663168496971 4606561624586276228 4604381836576899587 4604091966524338232 4599185111959483469 13799332979616491264 13814270397311997887 13813957457556069800 4587350720254030892 4606953305998704218 4597039898746090938 13826899831301051710 4596546348270332046 13828552761207538008 13828777584754576173 13814596232610004275 4603483669074631509 13815435477033315844 4587532041188566298 13808412257184722379 4604679849415470380 13824217709791239613 4604335731243283527 4580861206628545998 0  0  0
2 321 123 123 321 123 321 321 213 321 312 321 321 123 321 4612425879920409698 13827547124521009656 4607530740263935692 4604657027266944059 4604394002257254732 13813358403959676648 13822096417204128491 4600631344374261939 4606089611517696542 4603896513986182065 13827056061975556435 4602168558064406109 4594427124210124930 13823253684654462917 13829899495079841412 4605835334913237787 13824882369076711845 4598997375570502238 13826099578344600258 13829039063538196094 4597442152639150244 13802858094417777960 4582524340828866056 13813000305601494656 4588659734198647083 13830538283886614703 13800566375910279048 13830509786146245480 13811882510168728838 13813862567742932612 4590436322638066020 4579913049486483436 13830524469861251050 13805921678735129798 4581010293406023093 4589554400632589382 4598494337378955757 4605393862910692853 4602900484634700812 13821991814962031983 0  0  0
7 321 321 321 321 321 123 321 132 321 321 321 123 321 321 4609991667598485020 4602986354752495028 13827006204267902368 13829887716700001728 4594025378190673329 13823397156607873640 4598691451297908060 4606050378932133249 13824202379081947214 4598261471169813491 13825442914522168974 13829177857431449877 4601214690219636189 4602638817577813062 13828388491855175397 13828414979185302348 4604002990648033332 4570660620125430656 4602557461412182457 4603377532869223475 4604034061557887604 13814821215797405261 13807067459012678108 4580848841848209172 13829674200288930099 13821326461969107484 13823449080906542148 13824788855363538498 4601721033096331909 4605241643675089158 13808208476726972104 4605928046025172333 13826123054018888372 4590814691383032170 4586235594662008430 13807704967765622430 13814939880707921053 4604852230841519993 4600268510245531437 4602016476801674865 0  0  0
13 321 123 231 321 321 321 321 321 312 321 321 321 321 132 13833550268161510047 13813791744634086592 13835497878540060922 4594685728863460916 4598216258873193663 13830153264961670292 13827561622728158917 4604833053454368320 4591015653487814226 4604736790762786718 4603800115121646966 4598745463166203637 4594704134399157389 4589491096103500901 13830427013773773219 13830133402929194770 13821595141850634647 13818511619206940419 13821730741679409955 4606869276243758751 4582871451432501681 13814544857714505487 4590099563664529690 4582171124777777108 4604356980757934076 4604429140848620484 13820341528858640415 4599349705253820614 13826521521259467952 13828498958655795498 13827451094427454874 4601984211777143986 13826932378414104769 13802891008243143850 13814346315252293502 4590464787761303164 13823597953495394352 13822455593268808869 4605491492191975705 4599848942131259493 0  0  0
11 312 321 321 123 321 321 321 123 321 321 321 321 231 321 4613913383484749056 4610237508582971528 4613025520092841776 13807456031805691253 13830364863386199679 4596445491553546211 4590168282071818857 13819878183427922940 13830338775732243663 4607152244222114758 13802081825277047612 4590481509954907459 13818447458093662165 13828494018192826181 13827087206976210514 4598507391767177481 13827265483279829078 4604700964515887231 13830097249350181994 13810207377519561650 4599276345997520443 13809900091439214711 4586814141825687696 4584198214440450048 13817903349721560770 13829815279832262221 4600296307151392430 4607081419173148401 13817679220828409286 4586531933702097032 4577998899579068720 4600340574627282345 4606541787496726514 13806207322231312526 13810588934813608002 4586515040811902546 13823742406054067128 13822350152206801289 4605704550478138283 13822015891757578501 0  0  0
11 321 321 321 321 321 321 321 321 321 321 321 132 321 312 13837144920275873760 4603553940798354788 13831348420273000562 4604885110549885979 13827417277623348008 4594305882817187426 13824010996596329480 13821465503359147837 4606176138741081612 13826443279793207059 13828004307961748795 13824908789569495569 13828379781801584697 13825486219197202270 4601826868529453862 13821969520440618893 4605917636384169665 4601448145283042486 13826874563584103502 4596506036190706152 13828574633702212321 4560384582497179392 13813440414659692194 4582372463815740824 13821949114642217752 4606679222447087911 13819228188523375064 4573596545322776576 13819430441583161602 13830388034412003569 13830213905924839172 13821878627591312464 4586846231536670560 13813465573436356565 13799437360262567570 4581552456127542067 4604564872841090941 4595951370447913948 4601321311046290316 13818333353826533615 0  0  0
4 123 321 321 321 132 312 132 321 321 321 321 321 321 123 13828963198000055708 13825177824518551584 13833821752406443611 4606736286222739503 4593524754502129908 4598814042333551297 13815402685010102468 4607101296685387208 13814269029374823460 13822331356775320760 4587803004932974079 4606772402744739835 13820980764452454666 4604614706378518877 4604109004298602038 4606530232396260169 13809075412877792544 4600365915699677878 4598913967649294589 4604463514073052854 13827439322074528757 13804086781325402348 4586880972066672224 13803241815683391592 13823292561072185704 4606227516840925428 4598781588779259369 13829393734699286966 13819566567750866172 13825161951176956911 13823304715941274568 13824311230225070574 4605799195998872321 4586427612231367818 4578650784884109112 13806382526669239743 4607018302505956198 13821696257116603495 13808242676267617956 4595677495378755259 0  0  0
9 312 231 321 321 321 321 321 123 321 123 321 321 321 321 4613073735359982046 4578585856605611520 13808938601849296384 4603447843609507840 13826836130930997533 13826582817946475066 4605476703485097106 4601532058448843837 4600706205112921713 4579597297870848769 13827688170105345708 4604763194280375999 13823024645700190637 13828391827222377082 13826580985786405829 13829276527776830931 4602486409736646676 13818144159230851278 4600727098714123801 4601380409391135023 13828884035963865948 4590225959659033590 4585785737309076300 13807905600864280520 4603155443959170764 4605468142061682760 4596256359302237074 4605678434931176759 13826433486359108008 13815859108013503500 4581084224673325250 4597235412802643140 13830324112327343910 4589580082286574110 4586857020006654509 4585954430803794346 13822706257843360985 13818461273930202087 4606594183109318748 4582302727533410956 0  0  0
7 321 132 321 321 321 321 213 321 321 321 321 321 321 321 4603094421068015544 4607841540505089388 13830375014380134012 4598342321601495671 4606562994575900376 4598285080612861873 13813648660404987610 13821336216789063656 4606881638100155856 4606846069389921151 13821917707211628468 4576473506389948810 4605490280109545140 4603356374109760702 4591707895871831160 4602141784220519564 13826465292106786480 13827792786191317008 13823267355520972684 4603661402241907764 13827977484335858222 4553452593904929280 4589477824326482984 13813385929948419781 13825914166944314714 4600594250798664035 13828581277025593432 13828889915622346223 4592642425171038048 4603295813775783081 4599164708769765688 4606430788886662314 4598332824474914501 4590682445939730708 13808580036066888031 4586227429329730078 4604582583540614224 13824335890219471540 4598939724403970181 4594167716304722259 0  0  0
5 321 321 321 213 231 312 312 321 321 321 312 321 321 321 4601338649600161928 4603119749551139680 13823084766957764528 13824429517685343157 13827205957944043624 13827503009912022062 13817422377619536516 13827626673974288334 4604708251348877318 13829671423264014137 4600642822743446192 4596070928631117412 13822810297897987315 13823665893603203668 4606039861672398918 13817098124480368764 4606551742284936728 4599889338661023203 13830004064446422785 4537700939339078367 13823244313523307018 13813541853543142434 13809594343203926548 13809521883158655159 4599386104289319035 13824073133161768401 13829332654330193222 13816500185077796956 13829839047744272670 4600381774246317703 13830023488674245976 13803823937162966968 13823129928112734547 4583755405604488138 4584803326588916171 4590907408025275881 4606335829836694512 13823468190802887356 4598942506199811560 4597906391676578443 0  0  0
8 321 321 321 132 321 321 321 321 123 321 321 321 321 321 13835600214551988074 13835139091438756513 13836304285197857070 4604237087044115900 4596669056363156236 4604567934497153106 13814768722330046991 13829905496459204829 4600171245620126244 4604783942786582384 13822612450230159176 13826997169279302507 4606182166137129488 13815487560958790248 4601709271618115795 13823073722859037574 4602842976750408911 4605264031634553832 13822675004901989465 13829194098729549601 4601346884177603920 13799826510051006608 4583207479314480952 4575729080783104848 4602017423024946185 13828953377863845790 13822998787636994342 13829525223595008772 13825003354175972473 13817666431556632321 13807408767010345591 4600133758136840748 13829950902058278125 13807221589184429336 13795278216415651681 4567354857582045292 4604440194824939845 13822148132269790296 13818179949905965561 4603952570256258684 0  0  0
10 321 213 231 321 321 321 321 321 321 321 231 321 312 321 4609132956640873712 13837106911987816616 4611287185926311936 13820755915403757933 4593798196810584368 13830240412303922836 13829314252407829111 4601483478163329115 4598382088734547418 4601816468841515038 4606208490839713964 4578031679916155660 4595571029741015849 13828204163721554911 13827399846869331340 4603500137995355296 4603651909085623010 13826320175170917117 4605261295595403338 13822267101998273287 4603083994302813728 4585371083680610016 13809218481948974948 13805446935607500280 4593385476544517108 4606969760210462305 4595614483082373889 4592466216783977641 13819463340221524161 4606960595748101512 4607062861966901119 13815146798689670341 13817186773373412601 13809027794929801434 13800418226332884199 4586276810178297863 4605815851766783133 13799168509593989439 13817668198979205231 13824024543754164516 0  0  0
13 321 321 321 321 321 321 321 312 321 321 321 321 321 123 4607456547839389812 13836311195426153342 13823942832669609856 13800495688670235943 13830335467922106249 13820427541082882516 4572797732021909492 4597053873636213436 13830335923189987952 4607181807697968434 13801023777351512384 4568916114896964540 4607118545108464805 13809220070105066232 13816116936870936992 13804784365927091015 13830421636878481731 4595290326462667889 13816480992037583642 13818538275938879937 13830365802358445909 4588755548046903216 13813028700423811764 13814333284203127460 13823824039518280220 13825313811818987411 4605423486562151580 13826126502910548049 4605637489924252180 4597629377724686908 13828523411663986366 13822821300958051318 13826458224030255752 13812318420040651126 13815836005027935562 4582481157749826906 13825151537915307774 4593296277689538394 4605791917224877654 13821741280973591115 0  0  0
11 321 321 321 321 321 231 321 213 213 213 321 321 321 321 13836152486354798502 13831284803981271502 4609415370093554704 13825862637992496036 4595765527302515166 13829226161745375032 4599861871184656061 13829276034148098216 13823918489206869597 13828765720799726983 13825686616743107528 4600105350052948610 13820733579786619601 4598548661506412568 13829972657958494335 13823720024560285278 13829764992221450768 13818807413430664488 13829658378602076248 4599204095935135106 4599216802446240080 13809793383228048135 4591069942054416844 13809297248453174084 13828071653689827555 13815941885209491614 4604305911329089841 13827671926941967537 13810629784762021478 13828136740866291565 4592863110013147754 13830489090557883224 13809143160086887010 13796375327020357096 4588004055716418526 13814639452581806706 4602226187651365648 4602631057083878816 4604260344886536603 4598462382753370887 0  0  0
10 321 321 321 321 321 321 321 321 321 231 312 312 231 321 4611998018712139286 13831213005193085797 4612130378411475300 4598896304863502736 13829964625649800410 13819973172382210320 4602898394811914579 4599715688817755333 13828596267791637038 4605386108576459582 4593224200516291487 4603465576497609629 13827061253409679571 13826929395377855444 13826211809477897802 4603731580927657705 13828488473286763444 4594931345351121274 13825954846049273093 13820521762797466523 4605744604478277542 13802540932069996672 13814482899143124476 4591233453011370414 13809344333671977070 4573133783821169408 4607174949862725228 13815868885556042392 4607128599321326230 13800279694745035632 13830493717481879248 13815891394853003152 13809221513662807828 4591232154765082201 13814401046168697830 4581411520942297223 4601570224633805060 4598633544766895676 4605477075700362346 4598595184252320109 0  0  0
12 321 321 321 231 321 321 321 321 321 321 321 321 132 321 13818417383550676176 13827799435205037540 4602885127948527520 13824692416842524256 13827467306263956188 4603783852656114829 13828895967026488505 4603362723399549904 4587595129489454264 13824114783385041258 13825800928444931035 13828579821987176659 13804672568820308182 13830505871976118134 4592004152903806428 4607061856683085102 13808680128693418004 13818272526153823384 4595000643377233278 4591681436040987486 4607020222005561109 4591147710042763304 13804245517979753408 4587107395451328736 13808074656102559408 13821767307501372927 4606862615099035774 13823334577919001448 4606345177674455622 4597641508700641031 13829982606916885590 13822977695373971431 13816694573866862664 4587136004014796337 13808792955197563832 13814095904706361562 4601320773182702675 4603873226361388749 4600666778812037446 4602844470912735608 0  0  0
10 321 123 321 321 231 321 321 213 321 321 231 321 123 321 13836480059280203176 4614131509049707820 4612959825874809640 13815637663262816313 13825767282307566211 4605998354556846947 13822280131812429636 13828935419016177971 13825918232562388620 4606740946853392585 13822527918237661857 13811349527561502809 4591584510696144100 13827061355974924962 13828616634012207098 13812691190134257678 4605227926433432804 13827119547162708653 4607121886764083447 4592598831160219466 4585298646201435318 4583262343145807152 13807126093834836476 13796445415505158112 13822656906001664071 4591795710190076512 4606687439160437992 13827970071760414395 13827687479684200377 13818438856049640548 4603832068450332544 13828076627160256767 4598769469015616796 13803717906288039429 4563395050231880674 4585256472894008019 13827998599795980833 13812695481548430559 13820151488504220250 4604137582726505849 0  0  0
11 321 321 321 321 231 231 321 213 321 321 321 321 321 123 4600963642129144736 4613147976111445646 13834019578276499489 13810856511393542441 4605283358271060223 13827060375937372003 13828676502713762208 4599831193834155171 4602737937781769302 4603661016677527763 4602770751566945365 4603644840526313848 4568500796248895413 4600922716012611231 13829792523142284475 4596925091305512874 4606224992295894573 4600762469699786615 4606971142627790905 13819680027379814375 13814103692047093863 4590161147292480486 4589986301955673920 13812471503648962048 4606842399705220676 13816586565209046914 4597992868076895596 13813922706933313490 13830413771538478398 13818158845305552234 4598348478927695777 4593853815639489559 13830166368505540586 4587286901691514163 13813027230247913469 4591060372688258042 4604861070515681611 13820415160138746002 13827171405234211604 4597782714183846074 0  0  0
0 0 321 312 321 321 321 321 321 321 321 321 321 231 231 13836567741206114271 4614170106748588956 13836189442129064936 13799851796458046318 13827080892556855419 13828653703021251340 13798247577113515720 4605282153421416914 13827080519425437648 4607181805086376669 13765426608906879622 13801254833799029504 4603231304019182057 13822104100684775058 13828558934163646070 13828999818509648973 13818684984852656345 13826366898283447550 4580713445194849822 4606682134775529682 13822955362269389714 13813332934072423308 13808727241599911278 4590977263409304142 13823227948125065369 13828742510405015182 13825942329333435816 4602466358519413765 4599031504264718645 13828937161108138222 4605402350149091588 13826256382451228724 4598857120273372358 4577350417664821848 13816574316128898674 13803123403218338526 4605793716170593864 13823415081709324579 4602820393532786039 4593303972741490177 0  0  0
4 321 321 321 132 132 321 213 321 312 231 321 321 321 321 4612483682833981186 4613234020137347732 13824598153480420152 13819146531260842882 13819796264508873150 4606841880411389685 4603642434856754147 4604901143048289774 4598571068125270777 13828512265473097340 4603884931216173737 13802987141748903791 13827053615469204480 13828558865975641953 4594301408061853394 13824782548987552237 4602275981343180352 4605077991912381765 13827533660582683526 4601008706721240725 13827189453905179433 13813325583663589503 4591594427096554938 13804202771563588392 4599320133738298146 13826658677108428640 4605032813121874326 13829738512691781438 13824432509812657670 4589622946032492216 4598593624258831591 13827977981821417763 13827354052184870812 13814612252132640796 4583171447144484513 13813595470285757109 4592996492724904726 4604698964973185803 13825147540058561891 13825968313720892753 0  0  0
13 321 312 321 321 321 213 321 321 321 321 321 321 321 321 4613823106198066142 4611975434879540748 4613179863498379696 4599546661101503296 4606053237785856722 4600133025272300376 4604898316333967020 13796271299914585408 13827541188696785416 13826772252166295815 4602404107171605666 13827443439423698632 4589891907898286038 4604281616839580421 4604764193063023869 4596994585246899458 4604526255676557088 13827627185144310870 13830315050592148029 4596657629687977552 13814962502793065827 13803153968418365400 4590858811286022744 4585672327059059708 13823602676908413018 4606205072010213851 4598527923664877570 4606431853930179817 4598928424231651609 4598590615404947434 4595104269292597776 4599914250743989113 13829864983718467408 4591322262524306920 4581942868115188000 13799133149723500520 13815720171220401986 13827922304021033788 13820321120887168634 4604157013187743677 0  0  0
8 321 321 321 213 321 321 123 321 132 321 321 321 321 321 13830438616753530712 13835864125777189699 13836370404729466496 4603489359136539833 4603869727780302998 13826070765522446895 13828806903879187848 4602645414428673608 13822803833823056266 4587081210349294069 4603520307701280025 4605412110709395405 4606967982457936202 4596884646362795352 13808472529916441898 13817409376735182416 4602264742826918816 13829369487923280565 13818652427156483419 4605852950538940072 4602581618460319011 4588430205680386756 13813922229331106872 4589472819722631464 13821183734107216289 4600385759662245768 4606249261180301292 13829644551654507615 13824858827352210703 13812211662305882958 4600272794362781737 13828935794651370402 4601582439069041770 4580150452424025424 13804841882578700142 4593119140977104154 13818155092143026275 13817265601527174354 13829089248403806962 4602744878536574190 0  0  0
7 321 321 321 321 321 321 321 321 321 321 321 321 321 321 13832795862374091666 4614210994209519490 13831487634169367067 13814491007469626243 13823422851927620415 13829932072988553256 13818668367473167152 4606519190006054882 13823096931472249386 4607014417484673620 4593788431801324951 13817699833178742335 13829684158649733115 4600771258471022143 13818631681949937576 13809018160046094579 4599418561450139353 4606704889574798664 4601366534299598681 4605938697327472726 13821965089208286395 4583339188669404968 4587756758948584812 4582140742147886328 13822090820217618219 13830100367720885523 13817608327758550686 4606578224408051753 13822517778029129452 4596128074092864848 13820689347156893758 13813592998977326471 4606921449085388830 13812278025629947972 4578759079456347365 4577926854836427992 4602881385524368767 13827077962182946259 13814635369578949995 4603439489020125306 0  0  0
0 213 321 321 321 321 123 321 321 231 231 321 321 213 321 4610961019329150340 4611982205962706518 4612123416944368856 13827459588286354278 4599393773565943014 13827710713992012002 13823221561751802793 4604320543725461539 4603990974152571717 4604227685373189901 4604106397214348780 13823148876596551639 4603673277014157107 13828676365003638503 4584526072168604736 4604678705134626071 4603327090940995378 4600683762165664677 13822910743842979325 13820300129366471570 4606467402049728537 13802714373927951184 13810394526066443389 13814558803093436823 13825333802116898898 13828868372683349648 4600105675349430451 4603238473283031504 4586591248648566176 4605613739223580441 13827736882604004641 4603406793857454768 4601532611225904650 4578594621877553668 13814151360209550043 13811803814827368310 13809342277013501060 4601627344575024934 4606216449981999008 4590394506163903316 0  0  0
0 132 321 321 321 123 321 321 321 231 312 321 321 321 132 4611722565400860096 4595592083038202736 4610356241443851084 4594148457374724119 13826505772355399219 13828962946579551928 4594082379502922631 13828868164469648554 4603276641949552756 13830382974164528725 13819406861900590424 13808903403443211344 13826809707002295957 13827541882839586124 4602038388929655284 4592651280717508844 4602692187632021609 4605903732986201665 13828788771045634413 4603154284876076290 13820438424048971341 13811160969471379050 4591505844067974726 4589789819968521470 4606849238819517198 13821869371713165540 4584071875171714016 13787962514302095360 13816228762302957935 13830496044041577810 4598525832072163860 4606792591721090144 13815954805986076389 13813392485207757940 13813900681382003066 4589618778308068980 4589665701098139934 4591909955371987092 4606220366810101173 4601467552473231292 0  0  0
6 321 132 321 213 321 321 231 321 321 321 321 321 321 321 4612798969982538860 4610609828409868608 13836470200500292424 4594265326259850780 13830437832006465772 4590110275114102376 13817238687632328660 4588389105894301240 4607090675030689554 13830386142635161824 13817940549607853050 13816729981029239618 4593337533732065545 4602897473072413005 13829140319179920603 4586665320065674936 13829214047635877081 13826257318284248361 13830479725999532979 4582832088571226123 13817083805523251044 4584674522428413412 4587245706058212376 13799812493696955280 4603341766401615348 13826687151467297368 13826840451153088431 4605350128447301848 4597144074181753566 4603242194079701952 13819418561917131558 13828670108875190939 4603413300948664470 13795439284731401496 4584498080083642720 13810765926264155117 4602129536296803878 4595303353407825686 13824203450088661777 4605108995315796655 0  0  0
12 321 321 231 321 132 321 321 321 321 321 321 321 321 321 13826059299490711824 13832770639118029876 4607341295795742224 13814611643200592653 4605681932707820145 13826456775647570592 4595863024563380544 13826262394925497505 13829036960296878186 13830359332154840206 13818922990133536796 13815753844477676258 4606122771452727488 13825360262209335410 13814607061609416599 4581066602890884704 4597387615207325712 13830315292327988231 4602142152722683966 4605896330095586163 4596732789987277751 13814462014748851296 4589229274648289984 13804449619847251200 13825883093226361412 4605230506874994424 13823919309441357464 13829265444577331984 13826169963170612678 4587131236931475917 13818232579215600052 4599990841776059595 4606489135392903188 4591910188464825665 4586356161265761372 4581120167774977787 4594174726698048142 4604624902344351576 4602993218312793036 13823956239515638170 0  0  0
6 312 321 123 312 321 321 231 321 321 321 321 321 321 321 4610988924396849072 13837388503752946922 4611630137957669636 4589836808624231338 13829611572064083900 4601590818445257252 13810547888735252801 4601545192778295341 4606264664636616014 13830520515803758571 13814223741967815919 13801562807122331628 4600762042291384930 4606430722217790131 13813145143017081404 13829777731099197418 4600850477319092276 4590349073657016944 4591910505543725828 4585022179320614653 4607131609470339334 13809764236068715421 4590192741334372348 13808337151476677360 13828831594676607236 13826342825838802980 13821547225886212655 4599820862856380027 13828491527139164086 4603018095254751941 13825672621277934675 4599967414093271326 4605428193089398620 4567807398240398904 13814653721853635806 4581617992254697866 13821610370015078839 4589562550518934256 4604039270526161080 4604590354548517489 0  0  0
6 321 321 321 321 132 321 123 132 321 321 321 132 321 321 13833080545640274196 4595193989201463920 13827641649849006604 13828426979906183258 4603950496046433640 4590002430653270076 4598156139879828766 4600861468789832594 13829494395089848410 13826909149678953799 13827450843280034726 13825416804527445229 4597466291231018378 4588273176979679856 13830297612711001170 4595357593252857075 4607004912827317120 4591692269807581240 4606802581905001939 13819362471264965152 4596954340322329257 4555251643428189440 4583304447342838968 13793492519081778016 13826541319626612123 13823206864248525049 13828380461307425928 4605333220576527719 13825839794097840968 13823539702243719342 13821441285950669840 13828778462997589667 4603062682835982906 13797691894827917582 13801110518685995909 13805735041742561924 4596672427070587729 13826619560248782166 4605377809905427221 13798422033625768645 0  0  0
8 321 321 321 321 321 321 321 321 213 321 123 321 321 123 4607110934715919472 13815843200083192928 4611709826418396774 13803938630732179277 4607162377985761465 13812681176024691428 4605585801444115002 13805556828154059616 13826663046057468121 13826664812192258714 13812554942672491650 13828937875458312810 13808921287397164423 13823444241246812499 4606587968761152395 13810504375200315119 4606589782117203704 4600038698797848211 13830537605002857768 13808139767069961813 13811043757567735750 4586734269730751556 4585616019235915988 13808108325806911382 4603139438045869576 13820931118105211849 4605392251767106054 4594998195367252082 13829763565532786246 13823825240307781817 4605548260929529067 4599744933230393640 13825421392866112764 13799780561335194884 13803285783111315879 4589338343275675386 4596823568230779675 13807569775842742587 4606737596787939559 4597248753008197326 0  0  0
0 312 321 321 321 321 321 321 312 321 321 321 312 321 321 4594872637506474864 13821031887039741696 4613450949762572976 13823481017449482760 4606366735228918690 4596829671390337103 13814689028772373434 13821744834235239810 4606830441092202672 4606546493300756313 4599503752233151628 4595552967951761001 13830523021890774741 13800832885703413152 13813999329761692198 13805149702949592066 13829883672655973743 4600482558339160069 13813853345439577578 4600490443932867518 4606480450293773180 4590663218758080688 13791612401018654560 13813129398838268084 4604096899315571657 13828312873050789189 13812145829658554792 4597346337355646580 4593440933024616728 4606878424961632145 13828018967359032835 13827391272162406692 4598185631635821350 4588943342655607606 13810697974481738975 13813499240707921885 4599753962613182805 4604283706815625224 4603558925704859872 13824368701661176197 0  0  0
5 321 321 321 321 321 312 321 321 321 321 312 321 321 321 4588252498747841728 13829294270624091780 4596323084206666384 4598518910238218176 13830191834590513336 13813843214747307480 4603350522002989060 4597350655988528954 13828629710949883114 4605137390688206754 4595122764131515843 4603692612544050735 13829043100275698223 13818850691685666540 13826285711447604822 13826379516163775403 4579639892511304496 4605775306503079340 13817585813512713913 4607042183480096145 13815690415075236617 13811370416664904375 4576080988935817728 13804756626282785928 13811414570173048974 13830445246834059570 13817774929410538051 13819517447166590916 4594689285600919777 13830275464522631709 4606998157180862876 13806194078035719780 13819734809017576600 13791473384820339576 4584620404374157336 13810668841743956771 4606012884694064149 13822559632428340827 13825134311013556310 13819813253429339218 0  0  0
9 321 321 321 321 321 321 312 321 321 312 231 321 321 321 13832996605979358290 4609416178011861260 4613236382872521914 13824602659733520313 4606138358355812024 13819951860983251478 13818225557660204196 13822344139058878069 13830037577538942282 13829598635146426167 13823584078955439640 4598408985479002802 4605421994092178059 4602737378570667132 13822629568375287413 4598273687210560470 4595515587596548291 4606737734181996974 4603004209215948220 13829149763734651119 4578274438639315507 4588077095406959628 4590453811130399496 13805717864785343016 13826467630690245041 13820577009976829491 4605447256198306510 4600163081641414569 13829948400432462884 13802531681163263004 4604985857285757974 4598775884482089229 4603488549273162742 13812840140404827520 13811433488895586960 4587454550175370426 4602045219051745714 13826165103387915921 4602846632330128000 4602697800621525838 0  0  0
12 321 321 321 321 132 321 321 321 321 231 231 321 321 321 4611863841988790776 13832704444444873771 13829554692467771452 4604503151302157994 13815040610028859072 4604525052965427344 13820335690672788250 4606412779564005565 4599827592455700894 13827653701701038394 13824116339353216791 4603773009687771898 4595199333671627980 4606477614318803372 4599972836663998639 13829488243321847550 4599053563448860067 13823625156929906518 13824992699181342824 13821447178248360557 4605945307653812211 13814196175035723839 13808986628694330992 13805010341279906808 4604932705247888403 13827212086102530752 13819889320874984630 4598378587613169864 4603268100053979461 13828593767616080671 4603645789823824776 4602981664279234806 4603476218343755214 13808735269027741519 13806955386930590488 13814112732559763289 4600887029186184431 4598669725377775890 13819561846729973297 4605842503652423942 0  0  0
6 321 321 321 321 321 321 123 321 132 321 321 321 231 321 13820462648702831024 13822984373171294176 4611905637258270826 4606236789838866968 4600711596560911399 4596914405287514955 4593238892864226478 4598271807517586634 13830189619059660228 13824787544227894162 4606140700644558930 4595727045878935701 4605900318681226166 4599594955948799649 4600793699479560406 4602719394200495879 13824056853773052328 13828488717490915297 13815205093459445646 4605925182638052014 13826046934402080163 13814207127855236117 13811166972418276074 13809742526305657546 13813494010877739245 13830394016127480084 13818735657977152595 4594191106436133841 4594944611110745757 13830348796814602771 4607068322905601631 13815096964675967592 4593656623121456814 4589414761023994051 4581903770064730126 13814142409519676044 4602266257781177520 4598459254001704277 4605716844687415062 4583244569178324677 0  0  0
13 321 321 321 321 321 321 312 321 321 132 321 123 321 123 13830692915165116576 4611856280654613250 4607488971249235656 13827246541090148700 13826758960134613590 4602810512051580384 13828487909897367146 4600964018359378716 13825912072344252135 4590178745084807195 13827924796195339046 13827870349243597292 13825408673025005052 4587199326404891360 4606140315049108856 4601679241884151506 4606069660420441218 4595833680701398470 13828446949277320287 4602300391297217647 13824766338362615562 13777464539808618496 4590841404636677710 4587415164072956940 13810357965036860552 4600602203240385698 13829850233627385996 4597999895608852470 13829565047094954040 13823963062653235041 13830269214367314409 13821336806081043200 13811048825184158236 13802254745999026948 13814933358958200602 13805736019639568678 4606873630760502328 13821981600144581579 4596681256873392443 13817231681901108217 0  0  0
7 123 321 321 321 321 321 231 231 321 321 321 123 321 321 4604026399162680224 13831474510671653028 4589476509213262880 4600985243478745923 4605524560416163618 13824458386647921994 4590164993953388400 4601211305479361461 4606326610164907455 4606377939291055598 13824228394091946322 4592420356093954048 4603117769880713112 4598908802095570984 4605235234793543811 4599260186937936665 13830027108425369662 4593924031575606290 4605167559229669434 4595319090119842551 13827012793464225877 13805108197284019028 4589284011536125078 4580249858656594248 13819162012047646528 4599841692126523389 13829846144743028236 4606265693667072870 4601584489537726770 13803609898604407424 4600864178288503526 13829027818828415972 13824040113073223004 4577583200830444902 4576320495067057748 13812925774426212590 4585865621223579760 4602932335842224902 4605011148327381769 4600495821769266438 0  0  0
4 321 321 321 321 321 321 213 321 321 321 321 321 321 123 4609317450654823928 4612525658973260414 4613839249272850684 4606452214460136223 13813638553054724122 4600637429793703803 13823934430026677307 13824514300253694640 4605612041507647930 4591594030566165829 13829713445420761685 13824444383955372509 4594101758140863607 13817434950950685282 4607013249798435405 4606820290040633335 4598413395042089168 13815062291961012462 13821368224766221842 4606778185981172690 4595164783345408192 4590055457326752654 13814843800935157127 13805908014983441344 4600709646484389669 13829838507052478141 4571347021562905220 13828656710635141446 13823119421597572228 13826168573240730261 4602204343845502747 4596274154521082234 13829278473802703083 4593029886278384130 13803141158974119398 4585534729168497431 4598907526627926085 13826176879296373182 4605444393648969908 13795234557309142698 0  0  0
2 321 321 132 321 321 321 321 321 312 321 321 321 321 321 13836805114351755491 13835703211182848570 13836045448826112806 13828070491147140762 4585407328078900700 4604377600060168206 13827247733577188055 4600182095544561161 13827714721450317381 13821975839576243215 13829939249154804495 13821140047114472965 13830526983327883692 13811017088176801526 4588556464689859792 4561205544144541478 4604831371385867516 4604243598162195043 13813659727256349992 4604225548260507280 13828182697620302884 13809224357593147012 13814393926556375154 13810030218413986685 13828460614072145772 13827223659939981566 4593106475253614664 13818984439592422082 4585213017381829720 13830403570731202292 4603719540517408401 13828533555524359823 13817570791355397056 4590474556847278539 4587121621814092403 4587426840272443346 4605663417606311057 13822311464069746100 13823322455405333988 13824825304194417906 0  0  0
9 321 321 321 123 321 321 321 321 321 213 213 321 321 321 4612344493250252774 13826077085388131316 4603723649187394244 4601302764442975823 4598945119377007210 4605896527568383329 13828403148847504079 4603832653373862960 4594991860451451776 13825890754708830779 13828041148280387612 4602478712784037763 4605965744369512925 4598821118849282048 13824475487386063714 4601176931881184435 4587286022345872816 4606351337026668328 4598713418986107068 13830167116559880478 13813536798037341726 4586442694355118556 13809424042365403031 13814944203929369373 4598917537605497281 13830069261721188034 13817639312973203992 13830023368126751943 13822626802005080215 4594054394389348065 13818743611371545356 4591415709960482308 13830379707761374082 4589343676739881329 13809492213946269366 4590621352644697467 13826053680854342215 4600271368715340148 4604262538433283227 13824220607311954160 0  0  0
5 321 321 321 321 321 321 132 321 321 321 132 321 321 123 13837312739041044457 4591916962210247424 4604164911398490748 4577974834453749862 4607034812006427384 4595649872164021595 4592226827130666690 4595570507195665754 13830360544939838372 13830504079787342697 4584436538267177480 13815323413742724099 4578309581273942108 13826139517457719380 13829295048014391196 13806843640501947525 13829294342175196724 4602763538086772988 13830550450452835291 4580556335230700384 13806090787318270075 4591801651390734724 4589723957108951484 13811905852555187860 4603534994994530909 13828688918186772434 13817271420538289258 4598888289626757050 4588678646211342360 4606780033093231539 13828299962141854117 13827010121383921362 4598441403874128205 4577435189039954920 13805563687199177280 13817303997904030316 4602707889837477792 13822203603862263083 13826782926815393353 4603324591375597437 0  0  0
4 321 321 321 321 321 321 321 321 321 321 132 321 213 321 4613989822022893682 13822967827464138080 13827621583850628488 4598534508726581838 4604486739619554234 13827495569679899582 4580564510273839254 4604320619611405462 4604758545404414837 4606846678444965276 13820053682947881834 4595373860342354521 13813067286482593317 4606959422399890764 4596727873990149730 4601994977767407785 4597023477637395050 13829290208279592088 13829510585481898085 4585483208243261494 13825435169832497223 4591175622875776140 13810605040993680551 13802774768523427456 13824750670825077540 13828537716716448337 4602017537861078192 13818108600035865203 13825009690963694079 13829505093503264757 4606196571061286909 13825142712963721127 4589653243208331664 13798326448092643737 4581530509928452966 4591981359140928158 4576643534027126466 4602299023406056137 4605379836051531528 4600185530721087611 0  0  0
1 321 312 321 321 321 231 213 321 321 132 321 321 321 132 4613712436855544014 13836934081315751706 13835839849681568620 13828141918799344222 13819480338190509525 13827431948188270603 13824736211050086814 13827108882347960080 4604125354619580100 13826327028196515437 4605044534388731952 4600333731766208365 4606459318484044678 4599176770510375961 13821418500635799348 13823836676172469350 4605941923754747064 13823133538871942714 4592531577896453167 4600946583388811951 4606356374720006933 13809643834987511460 13808730486162097646 13812552301681332596 13825245929117316338 4602971400468920233 13827974306194350724 13829565991526894918 13822130727107583390 4600108996474263848 13800991710193466688 4605362480206628742 4603603176354622602 4586620131262397517 4583018547990714396 13812797255872581457 13822693217205290059 4602780892574695841 4605077755657421841 13820827904934251461 0  0  0
9 321 321 123 321 123 321 321 321 321 213 123 312 321 321 4613515134752340192 13834876381295944618 4602939717308506196 4603472431401989105 13826775499668902376 4603248153339584428 13813308854193589652 4604077875399114527 4604946773719244575 13828802243554068240 13825750841072437983 4599849333152489996 13792626208847905347 4601501733268658285 4606287013352296653 4603160153654424653 13828296825637035399 4600220936052351566 4605677172588749159 4602670572025428092 13821123813143490390 13811435909218818004 13805415610437210540 13809659636317480064 4604104380267501525 4602996474592886700 4602942838585271338 4599923856347096147 13829111041886388101 4601193899476571123 4604192035684482132 13814605657394668769 13828199569882173049 13813113714095915393 13804268854537057267 13792929206161468544 4581998606274835914 4600099286939384312 13813210902084215153 4606562309891005370 0  0  0
12 321 321 321 321 321 321 321 321 132 321 321 321 321 321 13814963357926780768 4613923053729052310 4603938103740342400 4603523642634169608 13827887105781095242 13824066567480497789 4599390938605854230 4604031378438774722 13827764763124224599 4604834525613720951 4598825783770324995 4603665386195478268 4605146084207849002 4585601885307639608 4603869167124480630 13826818454501104800 13823147185143814614 4604810793699014764 4597886877876401296 13830014884670962724 13821191304482079050 13794080008183185664 13798127740971406848 13798354688064772064 4566870392466300688 13830128661067196094 4599144751321349254 13826356493529476330 4598280532555558406 4605434031963447660 13829163064704762013 13818444107860472653 13826124426798078739 4571832138776618683 13796525403770688728 4575744699834112489 4606015008717192931 13821100308445533653 13824572015547438797 4597900900207531241 0  0  0
5 312 321 321 213 321 132 213 321 321 321 321 231 321 321 4607783505637495908 13836766641707125344 4613779845724395026 13813489314017227183 4602434591034775886 4606015349297283336 4604505539660498311 13826890502544099835 4600744499472244188 4604546412327314599 4603952930455312735 13822393646525478841 4603777750909642339 4598331937414613485 13828203955351737897 4576918569498367680 4606652280194502904 4599757987387098361 4605227394160561499 13820377854153565854 4603424698589783838 4589901542721161754 13813049052107931615 13814894846604898711 4599927006602414284 4603447907507995594 13828146190739718124 4603733264563088252 4601699748829898674 4604016885449596023 4604535668299209000 13827647722497450806 13819979028534093036 4587978639405676224 13810433368120842508 4593173663958924467 4600508288532720151 4605521439425308038 13815486843848964023 13820896081339351000 0  0  0
2 321 321 231 231 132 132 321 321 321 123 321 321 321 321 13835710170930235196 13823279478596137928 4613958975671410230 13826176396508535756 4605553688581594366 13821630112899467650 4595562555366084719 4600731747449384554 4606306188632500530 4605734655393513298 4601215221949964162 13823291243560067561 4606274768445185035 4598893844511882367 4599573835978035419 4597356728405096419 13830099594509364506 4596961574028869883 4600405418918768196 13816686983887602694 13829831239881293290 13790367940562004896 13812686034445745590 4581451403697690996 4604235622677765621 4602987404309613546 13826156381054496202 13824563724797017542 13822391605667553247 13829282994457691444 13827048465041220291 4605304201019719234 4582366930709686072 13810187441875517640 4568531004198608872 13810640357212692345 13826724492022024652 4601621929285012423 13819529456411542345 4604130954897824126 0  0  0
12 312 321 321 132 321 321 312 321 321 321 321 321 132 321 13827857659498088652 13836196723201047071 4609056985481955964 4582642908690925996 4600222689985159059 4606562880278593160 4607151572385851226 4589339126338263373 13810921964738442873 13813733176659302739 4606545348428103830 13823543967191183862 4597377898584756459 4606881495830338577 13816494392253657832 4603259777724617356 13808277439374534032 4605604147646485474 4605321146719907691 13821622939624919916 13826529515462894328 4586866116527171192 4589242363458078618 13811393434839284781 13824567515690992470 4592682023168206818 13829669640267569648 13819194375990497948 13830393672295039317 13808669500135484395 13829560372379688842 4594632317149071605 4601431375571690628 4585467443528487416 13813011811237275251 13811495462848585566 4599354726170115444 13827278359170191253 4604343931892509378 13818414290046831260 0  0  0
3 132 213 321 312 321 321 321 321 321 321 321 312 321 321 4612546236277208996 13835461757621965214 4602348172558538320 13823206038383110250 4605981880711218817 13823583364129020119 4604544203133656563 4602532304576240939 4602750998529442679 4603749441436035172 13814011052807518803 13828582875919755690 4591558536276422877 13829259855802531496 4602747178742529050 13819715090348918946 4602375342431016204 4605854631838951394 13830331869743985581 13819120941554175869 13816993079513375680 13815240719039694245 4588105498816001564 4567649060187694752 4604330007189895000 13824643894138482761 13826914502012107588 13828117924952839534 13824760962981122464 13826350041988157227 13807766033828422864 4605372408762725660 13826956097639095018 13814737652314658612 4587084851759228088 4586739230454490631 4599879315615547534 13815592857694272063 4600008123665400066 4605957620991252899 0  0  0
4 321 321 213 321 312 123 321 321 312 321 321 123 321 132 4607887636727095076 4614247588924165406 13836570433047288719 13828818140022852048 13826830193516013197 4589427378984947196 4583224091359582505 13817856306197679017 13830452721933516431 4603486337526511189 13828720387330422416 4594014225997729963 13826275896770114879 4604668290098294192 13825194640384186252 4600553794349548937 4604251902818788360 4603864022370224440 4605025658760270604 4594886192867938473 13827218017140439376 13803758613716692628 4577440003217253296 4589158869909133468 13830428380037095222 4568672016441635200 13818546229420445077 13809634740382422615 4606847608669849893 4598477393111780610 4594978135703251558 4598537277331179154 13830097177032985249 4573338092913340258 4583684708780503817 13812030942797470374 13814805742853816468 4600497012950847195 4600888200516122870 4605641637303752292 0  0  0
8 132 321 321 321 132 321 321 321 132 321 123 321 321 321 4612577678868359332 4613518994337543526 13832000773540197911 4605556580006869792 4594292994839379116 4603175576621799973 13826403987707975318 13817467066203128913 4605660176844837831 4596162094528943055 13830377366224721712 13808629849834461553 4597264244871797771 13829341189698735924 13825115196618556570 13828885789002597462 13824593097059661214 4600890225183279576 13826361690362274315 4598625701059190902 13828745529390804957 4590537016495833080 4589739826035242620 13812335111735359575 13826347600160463818 4604257060755096332 4602768426017341476 13813270833602493354 13827284434677798359 4605087984494696071 4605768521436973106 4600372554575847539 4600670412234773558 13806817674343555006 13815073593200572540 4589793216526815360 4598071753910638906 4606004840377952597 13825408506821776017 4593432914357996681 0  0  0
9 321 321 321 321 321 321 321 321 132 231 321 321 321 321 4613560770454155644 13824696697813270128 13834736316350191439 13824850779267669044 4595020961416121105 13829531665615075535 4594401639454717670 4607032443653182519 4592532518963324232 4606186456959336834 13813905219721801421 13825145891398253825 13829445084496594035 13825010837694643084 4595962084536643414 13819747836834969240 13805091664085304848 13830370336448411406 4601547391440408596 13829623440776498382 13813083056775818023 13814979276981439092 4589554020578241012 4585807541002675648 4592882490402142142 4603050215525786611 4605679137997138686 13830403064255072491 4595719116124694064 4580403816076657864 13817676663304480466 13828941967284552405 4603155063335207007 4588574306764185434 4592426114905440023 13804883088451801098 13803839235271862485 13823549482868645055 4603039105091232400 4605021256273271223 0  0  0
9 132 321 321 321 321 321 321 321 123 312 321 321 213 321 13832834791385519873 4608700808236635248 4602865271912763840 13829710903101300748 13824624109540725716 4585673161452901426 4600533073071017153 13829229020944741138 13823478016741313264 4595758469269129534 13822612971219696042 4606581211244859538 13822399916460238245 13821533934966135508 4606475920965245469 4595184223020283454 4606612653377966920 4599213164929267676 13830014551747394945 4598007688920145150 13821073112000771466 13813945727260907296 4589577315112766534 4590033999759802248 13817927781591275350 4586458819666098750 13830444473629179124 13829667517678159065 13824543026565126294 4593171766642457319 13824358510638831866 4606355351635922477 4591989143176544102 13811944150604379527 4587993026265408250 4592071515874789254 4604908363399661142 13806406820896069683 4591566428741231878 4604091039030509586 0  0  0
11 231 321 321 321 321 321 321 321 321 321 321 123 321 321 13827993852259353456 13833421440552554887 13826172864676149680 4605722595322545580 4601194358074738386 4600002136467835028 13823512985195370249 13812575931913216384 4606562388565291989 4601075322972768663 13829711799215568265 4591666931285236888 4606736717595643107 13817307941403682657 4598735055324563098 4595693220048429411 13826033992389824893 13829180208993568195 4598218816881156040 4605888993574152411 13825157368276154622 4589831671383775218 4590730530846902512 4581603457853974360 13822875812724157646 4601668674115351428 13829073072548138920 4600704481773103321 4605985272632736245 4599245639192035931 4605938005204139478 13820683265580757959 13825222729336905862 13792624492950805232 4592401562410840182 4584975530214594035 4595977823308165358 13823906591949092806 4604999205984812470 4602591157822426978 0  0  0
4 321 321 321 321 123 321 321 321 321 321 123 321 321 321 13834744474066309498 13835102683191079404 4607313215560281088 4598477282953956174 4606659780535300922 4596509152537970956 4597129822881360997 4594428248612128464 13830232782838268060 13829996762026397291 4599116796901790084 13818636620096370495 4599438707106284054 13828001892015624718 4603756661458008374 4605855202986945933 13812874578310350350 13826214348848810694 4601110079191357630 4604428344896631478 4603485152940729449 13798260138218487584 13814386594583858146 4590963434693237614 13827160393532029638 4605043905366834531 4595420680571663228 13828507251878767222 13826646616095940218 13822214587846608964 13816729601072682618 13822681856553209658 4606660590564556041 13810389729838854012 4584396591282488026 4592648104651746062 4599958069342143379 13821128977891649012 13824728577833354013 4605377627227597810 0  0  0
11 321 321 321 321 321 321 321 312 321 321 321 123 321 132 13827867880511525024 4610844437613334004 13828022349751344116 4597152690923583111 4606144553001462988 13824428689571206376 4606917183967559721 13818284460115052438 4595673785256122647 4591466825575541006 13824932123629121922 13829600184435498033 4597272265971411538 4595237583493193074 13830191459006086267 13830183503753785824 13817477136460445320 13821503492245307912 13818788186697407461 4606967474180034237 4593877078236154957 4580688530180782840 4579947630720130000 13813155337994736500 4599711001677738427 4605737989317408883 4601369832380049774 13823308798224333504 13822650730497644255 4606141198463338783 4606061797133308880 13825062218451445531 4595929321364755832 13801268249400059202 13813343203408902217 13795599513433170830 4599600703534501125 4606425716844757665 4598187486805599000 13822284673670436032 0  0  0
11 321 321 321 321 321 321 321 321 321 312 321 321 132 321 13834901196501816600 4599835170628726072 13836891171942283393 4587428677838405854 4606064159711031578 4602317526820964323 13826782337870217719 4601175278068575177 13827843869696484703 13828862803234273381 13821320070872148174 4602949564826643085 13825442393831419193 13827467023085180794 13826881232849456184 4603922295760478893 4596873631481393487 13828209817893368315 4603694826174902131 13828056862614655859 4599429608455439584 13808927222988835636 4589444458566073104 4583115573552427224 13825536319497087700 13792312991672477952 13829490656424271823 4603820265116298911 4604502035604590095 13823121319964171213 4603763758610010360 13827958210504864638 13822975785227979444 13796212494667605844 4579458563518193926 13813726173053129329 13824258043269641884 13826584169833235613 4603492818235481275 13824651663744096706 0  0  0
12 312 312 123 231 132 321 321 321 231 312 321 321 312 132 4612153898551511726 13833596149773425611 4610805570500500448 4589518794826081002 4603092679077328586 13829069226078581322 13828510636878023745 4603198291821223357 4599115778491726120 4603856132184376492 4603807002129489797 4601951691155684141 4604513708586027151 4603751466734502065 13823323358160341038 4601821318016971775 13828471696410017446 13825186721106584570 13826481706756313811 4594946928488667784 13828942768677680055 13801836607593712000 13814841657436100986 4590815708765442948 4598836068855568692 4605250504303633834 13826487104656358321 4597956570134623423 13827072686684028511 13828312745707478421 13829891975819214798 4590541041077952432 13823663533523914513 13817017603453310946 13799874900703276340 13806904449618790560 13824935182590552810 4593248203933273549 4597771992318060425 4605907137270038017 0  0  0
4 321 321 321 231 231 321 321 321 123 321 132 321 321 321 4607355334035260248 13825128846090017144 4613671045067397274 4596490150882329904 13830351258592268230 4588448976074601504 4584704538307939357 4589365365637497094 4607158743207741802 13830361911394771388 13819777613370452030 4586512780364118283 4592582718675373954 13829455216649734482 13825437493630941094 4597762945764727372 13824822115514796755 4606010172437268057 13830238223729247573 13819988759586252850 4595004494971861680 13814141910310711351 4578307420860522152 4588877292063570096 13825193390152640757 4601255296487564827 13828628715451349754 13824769732553555301 4604212166378754794 4603630661745631193 4605218090985999424 4603680387459705884 13816875376974041524 13794628159329289488 4590521966834139370 13812798461925052732 13827419134835109551 4585338995842220079 13822568335580840627 4604413442277992430 0  0  0
9 231 321 321 321 321 321 321 321 321 312 321 321 123 321 13834373134513660021 13830591869741416042 4607725622815085248 13818518223046649378 4597309464390881482 13830193254878578017 4605288460643276268 4603700288636587971 4575702141253515024 4603494785812824684 13828363454420092366 13822091942696188878 13823778825057532299 4602993447213932560 13828371748878712363 13829889289934284180 13821709466916365779 4598610311588431601 13810679181759716968 4605418966812635819 4603509849051548424 13813096322528129116 4586603029991399396 4589809874696090306 4591192333434657148 13830473835813235272 13815101776485358892 4605717292749072914 4593819317881038699 13826332087601198997 4603031239726214528 13808429428184922692 4605755130402397299 13811843215591199290 13814590817065811563 4581628224436162956 4604252534303534163 13812842100873568848 13820686501845245215 4604475001419646415 0  0  0
4 321 321 321 213 132 321 132 123 321 321 321 321 321 321 13827655871845288088 13835766404742962262 4607377066938337992 4604098967442768771 4584868006415067232 13828326068697146604 13824999004744896300 13828686966421813746 13824615258685093694 13827044251845002761 4603658615036889361 13826112894731694203 13815199667367332992 13823260885191144306 4606581432292285858 13824296717683146848 13829147178011024487 13823437124307268621 4606371326664335404 13824448343834225587 13811470517195625773 13811136602191033248 13807179436600234408 4590428985105690138 13824415154911473942 13828691315870851324 4601797456856889640 4605299990016776781 13812459620124059636 4603657555404312472 13825236955971536570 4603632396014891618 4604054532894094965 4590436474805164034 4576174142824687772 4588675649508627590 4605866819013659743 4586663530351462751 4590359945225013198 13824159374887092550 0  0  0
8 123 321 213 213 321 321 321 321 123 321 321 321 321 321 13834623924347843547 13831878142826623773 4611601997952873456 4604893351526337851 13820672757177844012 13827191947754408883 4604063834222609386 4589555373460554928 4604963450789162375 13817136679003232483 13830300659488273020 4596308904838755871 4603808211306216919 13826869551685907163 13826137704648965328 4602265069001578000 13820731292569466147 4605822066968582306 13827109378337529589 13828519292701872685 4594200948302478206 13814125847415913293 13810674022256561386 4588058768125370148 13828008498382806157 13823325618537979187 13826980140491374245 4604305493136525908 13818504889306307316 13827975761878912176 4594537170914362274 13829856298227491688 4600086517009250208 4586623614999412751 13814408154386647542 4587745983149225252 4600640800077018708 4604915279748737179 13821460372849209614 4595812820773577067 0  0  0
10 321 321 123 321 321 321 321 321 321 132 132 321 321 321 13836303350571356135 4609925789227708708 13823157697659949328 13818467752636359073 13823853593204762259 4606381298480900936 13822647779376019765 13829262978135471519 13824458703361307820 4606606233275050185 13823369308664444507 4582383156999042643 4593118579440015607 4598935073188510354 13830096343533886714 4607019731596101184 13818916465602513212 4589484933144500238 13817887927731133591 13830012626550307335 13822586098164742609 4589538443012468716 13801813020963977304 4589704816723506324 4603254423356899489 4604648245797751058 13824373392972402536 13828752110048689103 4600026816511967188 13825789533830824839 13819938879707123780 4603572666961610249 4605144852881843969 4558643871807858976 13814703624181854442 4584867625184277307 13827376163338083050 13822225570676693647 13808404383010575974 4604527205236339774 0  0  0
2 321 312 321 321 321 321 321 213 321 321 321 321 123 321 13837163004244391985 4611984911500200984 4610932752482613708 4597425967821913673 13823642686952168597 4606298072030562900 4603282108341055418 13827877865513249717 13824782574913624800 4605301734763299621 4603667598523739475 4586876865944803373 13829397955089863486 4592561491566652296 4602278997040594952 4600951461936402806 4604591688720179248 4603343346554992823 13822042514059236015 4604418946675666857 13827538780946692987 13813984876100493853 4589473705121082736 13776677791797169408 13826438043628620983 4598973051349983580 4605259254051983746 4605412362257065562 4601855745249928842 4600602255363877412 13821334240740094918 4605748750277028061 13825747142649305511 4589295301187792849 13808736001931497510 4590168964424051282 13810121502447231266 13824120069621557769 13824220477106916176 4605629377777199953 0  0  0
11 321 231 321 321 321 321 321 321 321 213 321 213 321 321 13829657286894537376 4611617705317372256 4612909141686642444 4578718524548153505 13830362681064469285 13819919981026756614 4605759848199612623 4593404037265223055 13826281133780561243 4603032078094877205 13818505926555695793 4605612698189273740 4606030408985468317 13825028181608896714 4596637936550597069 13818945674534975245 4592427325869533617 4606985641662647462 13825256120809590857 13829562858345954370 4579887328750432923 13810973183685311184 4561824617314299904 13784634043418158720 13825176222725442814 4599771517016173536 4605611132066160526 4600128457292156181 13828558983907594110 4602816623272082393 4605535402555991960 4602935800352512412 4597457015251235757 4582257413282434703 13804704967784820151 13809570152020147406 4596835142795769976 13823012080458341010 4606258467772672176 4596335913388659222 0  0  0
10 321 321 213 321 321 321 321 321 321 321 231 321 321 321 4612940369310356886 4612089531462609232 13836769773097063127 4578665495996427409 13826436353894367202 4605739119840523235 13817861832206616365 13829038220524976672 13826368564757853663 4607082844446037354 13816471889778721114 13814594683898495840 4603751519998854585 4604925876821979569 4597618476371505604 4604736250634093336 13824905491603636694 13826304398161538880 13822330388359440587 4602639596951729607 13828898181693999983 13803906432642149976 13812867444705879978 13801257288857403416 4605818067261944089 13825381874099031268 4598291165414629818 13818896398647279864 13827891507547291187 13827740391588691394 4602658571539859022 4603022760029893833 13827666052425478340 4579039285694646028 4588553617411333949 13808806103778982087 13825554618121946438 13822239819141283561 13826954196263335916 4603374786653897335 0  0  0
6 321 321 321 321 321 321 213 321 321 321 321 321 321 123 13837231150730176136 4597419480318737328 13835164448918663598 13828692979477462625 13826992276015166585 13813221306254579230 13812419416378279704 13808979385622792426 4607158831327651562 13827002510743569469 4605342193956459753 13798431426760424179 13825264505834104644 13828709454984455900 4600865217079131492 13829495309474019119 4601996870496825475 13814389492433944819 13816282672360012506 13824116167091294933 13829766869343345026 13810409064430138925 4586206501966812920 4586151351096376632 13817690102866807698 13829877504477050330 4600021082795010417 13810894516601796620 13823326260261244268 13829976382474523958 4607078042543888700 13818008261591601057 4568162849189049784 13804023153186461783 13810896131584317422 13811231323879717159 13826456883087481523 4574040868311833337 4598749796294917264 4605286822835270902 0  0  0
12 321 321 321 321 321 321 321 123 321 321 321 321 213 321 13827672135344076212 4609089931350774964 13832667801922423116 4604581395467486350 4603837775668869428 13822709698288754010 4604142651552958855 13828294057137342922 4561915780708609792 13821006748307262541 13820072149946714749 13830097318291030294 4605255837193909979 13826336571431478951 4599348574615000345 4591535907069152846 13824238806464770912 13829760010075398056 4603675830549397517 4604901998504887318 13821786382497192730 13811255324308887376 4590470447399208170 13806259606409095708 13829252338398615630 4602721890147038291 4593013355921153799 4595622668249472040 4590321133466198770 4607008438573559299 4602425463597777762 4605918439150699336 13818217723939187390 4590688799567051723 13807063790967864157 4586960435976537873 4598808755129812849 4605641659949676445 13822437187077542631 13823172464831393914 0  0  0
6 321 312 321 321 123 321 312 321 321 321 321 312 132 321 13824683282309371216 4612647726155595002 4604104640415796220 13817708464743655266 13829816491562947615 13823700941779778044 4605292274749979921 13823008003447265862 4602821057017051955 13826914530969970896 13820394768263294286 4605136970164483169 4602698431202281186 4600461447372047626 13828557588453977255 13826416125123628099 13826642599435779199 13827156287966682950 13827627084693115070 4604781404416184980 13813825538510888813 4590883769955915676 4589868167274039102 4578186338756743744 4603206201288584122 13828158300356465195 13824004392055534178 13829006434578024238 13825456951355162146 13822627353716812634 4586940027311502640 4602554829875592074 13829371721979511676 13800007779979047297 13815889714021759646 4584037060942686726 13828649860216421245 13816903477442153293 13817072693480089601 4603482771454757978 0  0  0
2 321 321 132 321 321 321 321 321 231 321 132 321 231 321 13836575180989254832 4600905361940563016 13837518301455643852 4607059829466986571 13809883319560324051 13818247332900416297 13817880714371986177 13827448807713520195 13828219487419981685 13813163210738318346 4604968142173976498 13827427320970041835 4584288151492709483 4604848807403354504 4604218407155272632 4587651563979545387 4604202542157558825 13828224219485952640 13830538235595751656 4588385593646795542 13804353761573983587 4584355156466654776 13814409074552244924 13814791019186038074 13830269970798498519 4590458331447630260 13821043581147707175 13821508823239529227 13821685837521710397 4606584426110681022 4579366871581562864 4606848030852972840 4598527755552854758 13802717597624987050 13813241704121908671 13815962337800089626 4604890816995000217 13822967930091986997 13822622514108680085 4597183654725263939 0  0  0
9 321 321 321 321 132 321 321 321 321 132 321 312 321 321 13826568899630141400 4603071317340046684 13816561306760758048 4580180410581512039 4599960616961750007 4606614519737436050 4573427192876717943 13829987740236180379 4599959725412986101 4607181153996537092 4539431863996207765 13803859350803969263 4593807707469216581 13826981506840159717 4605264164600716404 4600656299423321301 4605030562939153627 4602858964672659879 13829768435323814504 4597749700798055862 4599651261377816805 4586824370840626216 13810469878972115008 4589693026671143402 13823931388825034785 4605275429901443316 4602356419997708346 13823221715113512169 13827001483700730002 4604643522394669890 4605903565033974344 4592535607065544382 4602695646356607498 13805364244987585620 4589233281685038374 4589667961726073897 4578246297009236151 4597265261163884193 13828174167096723655 4603928790560252694 0  0  0
5 321 312 321 321 321 213 321 321 321 321 321 321 321 321 13829905416300064024 13837444688361929519 4612146697907026012 4599601656169887949 4602261989391105880 4605516179564621977 13825499399117845765 4605665239769082946 13822393176679972783 13828927189412973233 13822174201983496827 4602635012936032680 13816999154717632704 13819733947387210324 13830301682682467432 13821035602618132518 4606798981048320114 13818539367303227444 4606856440068911007 4596678942899586852 13818526944459680519 4590458057354267550 13811912981317620900 13809024025910598672 13818159280332002108 4601583979724197948 13829516246277206356 4600059410529174251 13828852953797306630 13825423503246455558 13829851182692167868 13824002123422253444 13807458207778457600 13795059880135455352 4591394523607826247 13810817814982146772 4592068341533559120 13813990872278236807 4607007853548214282 13817761088164934384 0  0  0
7 321 321 123 312 312 132 231 123 321 321 321 321 321 213 4609047317814832344 4606390042816517112 13832608455228600101 4603326838950746213 4593328969274455112 13828855978475393724 13827568113201284013 4603954891994822200 13823818406412226804 4602236604283298448 4604998121219004287 4601730878412430957 13825817226038632718 13828706245533657360 13823565813956749074 13824788324376493957 13817680360382607698 4606205365839430215 13828394941404863125 4603488137120754153 13821947433001538166 13810040875562944416 4589457063366959038 4584198237084208224 13828519510004758881 4601739898394713678 4601732150593098930 13826657962081181808 13828791728823616472 13818899862374647910 4598730475728118938 13824078705691912925 4606071969165435408 4590285213681008508 13808303449860476014 13801833104943557218 4601245632383943034 4605013898746743484 13808938848703743422 4600748974568855589 0  0  0
10 321 321 321 123 321 123 321 123 321 321 321 321 321 321 4597788141207080448 4577393505433937920 13825768292726654744 4598525322317075722 4601627717493706038 13829255379356438356 4593334158400115997 4605977577589568308 4602407386479942796 4606781356231560228 13820957158978476536 4595662417318422647 4600978638579363877 13824823772765316272 13828803216486089842 13821845860773419072 4605264980149677644 13826557210708298217 4606050257143199904 4601604433232783581 4596523061526284488 4587273429770523960 13813589750181355940 13810470398919200144 4586224498945066102 4599056053831215127 13830134338589687486 13822485319794934646 4606401958666743552 4598589943912922980 4606753278099594577 4598652531360696390 4593805571632466493 4582844235323150076 13815129879325636238 4581276862727675998 4596292097545274284 4606908547059590581 13814463638800427810 13820156596669922130 0  0  0
1 321 123 321 321 321 321 321 321 321 321 321 321 213 321 4609189654050269776 13818673128211980112 13837151139327196518 13824514944938891827 4599389717318147956 4605856394079766908 13827515936256822088 13828281308896464330 13809873303958153440 4603792110363723806 13826801589461489125 4602862666614603090 13815878096269569840 4601036359878752900 4606336652520298168 4605836494013047821 13824852123780467123 4599035004182029615 4602809193046276448 4605408942686851876 13822458147521652256 4588203109507896340 13813841439264346661 4579887697766378968 4602671106337619672 4604637253246237068 4602417835078214381 4605134645226834459 13816365751360053368 13827169712700363551 13824100098834464418 4604362928419624737 13827060291286400554 13805532273931192062 4586353735935793961 13814267687597690091 13827767125598168577 4590413198054336216 13822472333639522631 4604053897163878648 0  0  0
4 321 321 321 321 321 312 132 321 321 321 231 321 321 321 13834858503246326655 4614248862472631994 4607395458599905076 4580483032443395539 13829747858262033017 4601116624924441708 13826605915503946403 13823358331590202340 13828297873184645909 4605626183500104484 13820450544364820877 13826205774035022920 13827707162402121601 4602126415100913203 13826578588834271371 13827396023984752853 13828218194129674073 4595390747618348580 13823036023317021792 4602333568388189863 4605482420540781575 4589498536626122554 13809647496667347591 4576374116553601168 4605189270911486150 4603236156821422094 13822071433909229129 4603461918335772689 13828839413225940183 4575612892393442560 13820523577917845883 13818660189337584848 13830196250534694813 4583114975045482975 4589982018294679127 13803743052143986214 4595979912377971791 4606440201760915864 13821387135075129644 13822666386272160412 0  0  0
3 312 321 321 231 321 321 321 321 321 312 321 321 231 312 13833900370297266228 13836284805586923522 13825084429641797432 4588379597276290959 4604189298794611525 13828232810133085802 13830406511098387316 4595116475781776060 4589920956002293766 4595338121261624881 4604713490075517507 4604175325607955444 13828966732136162893 4598621507651273836 4602605974079821638 13826619472335694773 13822351121526319011 13828501389587520303 13812793893587660679 13829791162982710389 4600830949202951149 13810726033336789764 13811186451369252509 4586644349840674276 13827915847823435250 13827330967844528294 4599008047046108973 4604476236284543756 13826716089893814871 4601342340035296958 13815489219682257004 4602753590506153290 4605875887568968546 4590624986656617912 4579636835398304588 4580450640635552942 13828006206185502321 4596169715621991487 13789584261692448564 4604204095257880342 0  0  0
2 321 321 231 321 231 312 321 321 321 321 321 312 321 321 4602901375068546864 13836653364203937404 13834125460512228096 4596032473419794114 4600728119535770374 13829655033339672576 13828233423535719485 13826434032461781019 13824127222872054036 13827333426346639768 4604868537961644399 4595920044391112064 13809302647572897921 4603911260045095062 13828482487967128804 4585221148494541885 13828475689289166790 13827294118944769106 13830541675252694275 13811110433229762097 4576016113236132544 4590089125092221610 13809912681634726212 4590788113598651854 13821741104234568071 13818678957683446774 4606734293911803501 4601186100136912983 4605991569101547480 4598536787864986770 13829389212916754480 4602080885472095006 13818132079483664244 4589612423685336206 4580251256832030580 13815198912722888486 4594876486141643742 13826391850982092351 4605618732007189238 13810986223627677329 0  0  0
0 312 213 321 321 321 321 321 213 321 321 321 321 321 321 13837531834504279602 13835478506677526763 4609214846744406776 13830524446319352253 13811861377573246615 13811827365058327166 13813545459356226375 4606351766929002244 4601101157343397654 4583846649775229673 4601155671556793484 13829736358079778492 13809446159657404494 13830099641357622840 13822647141249380624 4605318356703621469 4594875776315684016 13826845281977945663 4603649581569266214 13821922261091321558 4604899117508544613 13803514109436341824 4577229216845185072 4589842393426981572 4592896223241863801 13830412462991519557 4594032520743789047 13829277373176516764 13818529135031540087 13825791940528109636 4602682562756398561 13812236837813394128 13829326559772270344 13791173401565098496 13805735478772476947 13813116662061754694 4595227052355618358 4606464906189584813 13812902656611622532 4599727378342388791 0  0  0
10 321 321 321 321 321 321 321 321 321 321 231 321 321 213 13835190024552751460 4608388891713838960 13826836620031366156 4594700028260818497 4601569185196487520 4606151688662046540 13803192349668932539 4606255811519814461 13824997356283956615 13830446616271774883 4588012036251163597 4594368396992130088 4596603617442927148 13820242424355101538 13830147618489037919 13825491639047568675 13829456219821362229 4591526886159639592 13829282373123290127 4601383956068602082 13822114189473358563 13810730746788962660 4587785802372441848 4578204531950978224 13829729605245640043 13822920983968367622 13821752398448512804 13817943578963456868 13822975614091316937 4606572107719155518 13824073287710722748 4606156251136856041 4598178878671316397 4582837759463461030 4564426308884503480 4589667474342851925 13817733705503495635 4602991678892191016 13823259606795549723 4605000611486267647 0  0  0
4 321 321 321 321 321 321 321 321 321 321 123 321 321 321 4611868314368050260 13824730963477746552 4612132211746493840 4602548363030764779 13812838686724183272 13829361996439433076 13827935987297297970 13827026787266764306 13823458794313821053 13826087588311296428 4605298705028996697 13823295369854252461 13827495316839778059 13823011039287501700 13827617495431625068 4604308394816925141 13827334914416140140 13823373526973770086 13822747822446016189 13827770618801831122 4604028852803648492 4591356233292829830 13804849012280711060 13809723738212473367 13827595856727757484 13824061585332849688 4603852476116137487 13820348144055153141 13827943973526907468 13827580602038180846 4604557514090799422 13826829189577847848 4600741877806864648 13813914464578654380 4582283088726985350 4588920753169914536 13808140826148272465 4604589870045736284 13812073134085741231 4604469188644666791 0  0  0
10 321 321 231 321 231 321 213 321 321 321 231 231 321 321 4612031405608994656 4612814721114290524 4612037818322468470 4598914956300464154 13797583946535385440 4606792237834012439 4605915400823821084 13824929251602115738 13821807512663186482 4601246865942876618 4606273398157784089 13816811161122540071 4585397959795902248 4604003801035176623 4605034529793415669 13809986008719623117 4605041666668743595 13827362656105883765 13830539465844231395 13800657690588963973 4588329092855646406 4590548699185345062 4564449862070342144 4577598212423657984 4601586090635046245 13829352195848263718 13821075017664250580 13813180222686354403 4597425691361461056 13830291077443691977 4606240981473315490 4601659294899935080 4585758192537054616 4584765239340150109 13803739996873819013 4590012119911259539 4601495690928551455 4599712016538228079 4602532343869005587 4604264218769500628 0  0  0
12 321 321 321 123 321 321 321 321 321 321 321 321 321 213 4613826735674267362 4607306058994013028 4606197772861420952 13828811474792919874 13819617519978106136 4603198178289480915 4589524189708549253 13830262637920841768 13821306120970847211 4603465942405219926 13818254751681101935 4605323420835219264 13810567113361666865 13823634487244506504 13829918432700770548 13824980801176553662 13828997854831629468 4599954503365497962 13829621089994622572 4601354968107048959 13816742830918220003 4590454177739816694 13808760381364732618 4579164703879709288 13828919893188568989 13826472793415664243 4595508935438432284 13818259626148724349 4602766642372751825 4605791247577321347 13826520110042596477 4604157490012396760 13826087389120872265 13809799882809411239 13804648334958094269 13813473693314160806 13822142214302728057 4593874946267325955 13827394069864867670 4604425090863233680 0  0  0
3 321 321 321 213 321 213 132 132 321 321 321 321 321 321 13836772366352698214 13810348738349144960 4606900617827420736 4590174716193283049 4606988718770427924 13819442163922119111 13830060566772228651 4576892859116370288 13822924181651074205 13822763362174585947 4596591041899135218 4606512308535496857 13828503102225306694 13827182087047643409 4592642514040863620 4593208239236313987 4584099585274077156 4607114987988600705 13827169113007112879 4605197236275017880 4587590883241486262 4586204054125512184 4590780203300706766 4585646350945641640 13828485816608256456 13827051252453403775 13819103041949708805 13827286158719537976 4604718277204641456 4598311893637518675 13806257350597402800 4599336975096717466 13830094452154798479 13814600883521059644 4586608717985806155 13800566537469185156 13824870150748648173 13824708322366095883 4584321989459901049 4605320570705365265 0  0  0
9 321 321 321 321 321 321 321 321 321 312 321 321 213 321 4611343227707035548 4610106521114781584 4602062956480589152 13823311240813067987 13828776892376033363 4602398898908193738 4605395365975251323 4578822565774869760 4603558969667125301 13825802303133507392 4603546219777969254 4603928785691286993 13826202245960053679 13815144166488596756 13829206978523240099 13822650569877509028 4606705167553431712 4590379001321113588 4605358626951905467 4599178073508500793 13826232129787738361 4578383065513390896 4581796558445623700 13813862050772222559 4604879212805966322 13821738720683070554 13827085776644176290 4602230241172519534 13824978152069513647 4605036566720996629 13825499096046959565 13829285452457925520 13819889992496614223 4587870289979201973 13812720861050115846 13798891271250273560 4571603636185454563 13826325471257100938 4605241980688643713 4599453554002135834 0  0  0
11 321 321 321 321 321 321 312 321 321 321 321 132 321 321 4613561874683910704 4611300595854071244 13836693173827056190 4606973567691602562 13817547204763047081 13818407578402583090 13820035753574991400 13828714199059240081 13826671022570961077 13810814470903539143 4603485360869234528 13828808449193521018 13828442682836773438 13823166254891086718 13826467742223677649 13808917410542549601 13828970672062218454 4603265335734932096 13827332537479935544 4601832743956036383 4603743807772997429 13812561728903625652 13815205566083917562 13811705149638869495 4597075069833265037 4597377168806949817 13830091855069672323 13820479214321693258 13829974786187835252 13822010342407460838 13830107785609347744 4598527337220365832 13818129304595267676 4580655898926024300 4593495899233632856 4586165519046934225 4595812901514327549 13824647779568749552 4599520838116442552 4605615715244607879 0  0  0
9 321 321 321 321 321 321 321 132 321 132 321 321 123 213 13835402709735349687 4608394765566640288 13829614247446855772 4606027505118882551 4595985219564598488 13825184077354875445 4601962802785543027 13827242871684242766 4603788033154595007 13818586968884695401 13828313715376334345 13827296982479432346 13829145391740747630 13826233126886931674 4593969012753390282 13817296778744124110 4601623442715618780 4606169443518872094 13826235947873805202 4604760383532850478 13824988825351213082 4591332938821618686 4572754746902164128 4589530498950318518 4595909930580199317 4600509255186453306 4606336131856474758 13822321064916304304 4606299067230064810 13822760291457659047 13829992731199546683 13819963720060658772 4598715099127010114 4590465969880543455 13809840129506638463 13813005364541467111 4599745888685756268 4605194810809994970 4602356824920495474 13820748419264320678 0  0  0
9 321 321 123 321 213 213 321 312 321 213 321 312 321 321 4600714508259846672 13831117190038287566 4611425094430464480 4589439463489202352 13828741770702187763 13826933566474200614 4599431182528785317 4603441873455887298 13828262824479767730 4606688751825789909 13817648417284253621 4598970090477016515 4582939423302392638 13821646290849772041 4606880493276744822 13816386623277745214 4606817827287418504 4598295692804093604 13830490879465444337 13816574034572535362 13796207466964154063 4583265718563946736 4568290794822287424 13810047783140589959 13824069006653749489 4604481668401043180 13826934227349143193 4606411456912112206 4597019797302878162 13823188860532044774 13815854988178426125 13827671404594167275 13828079430624400057 4581020586163608464 4585945558405583421 4583758931181989080 13827526143856992013 13825042012910677876 13820711036152778319 4603196804140105059 0  0  0
12 123 321 321 321 321 213 321 321 321 321 321 321 123 321 4613320546950559946 4611897632230095764 13828800933322283072 13826958066252930488 13814913564136322225 13828696647779522439 13828684587661142035 4596471091000863270 4603357372888392942 4592301289634453410 4606953444465403748 13819651881717039495 4605358399267360372 4592471372439683816 13826893212558141216 13820384334583781472 4606904422830466635 13816368968830912930 4603243333046532847 4597146319026273062 4605349167954848158 13814599825437936116 13783240556995750144 13814401544007356120 13826029555510369200 4589675574746993596 13829328687798840807 4605762296683187300 4598600693622582753 13825408334177450545 4596521174592741578 13830188050735558192 13819568009084920790 4593433565231826157 13808707695851659639 13782589448471288672 4582818551186912706 4605032265966976022 13827025883512619485 13820371744889832045 0  0  0
5 321 321 321 231 321 321 321 321 321 321 321 321 321 321 4605949010923655192 13832425205462407498 13832963884940636778 13813457975271510891 13825873042303587149 13829369076063389003 13796267192882146936 13829389384413585688 4602532384254978390 13830528792715428666 4586172104732201318 4589193363388780098 4598058918940536085 4604857442815397564 13827163040019243018 4602796438730647667 13827364347772804406 13826639939348795007 13828952218704485439 13819038030421846325 13826411122469406883 4583673890739754864 4580164366361348468 13815236214126130245 13828595691287134840 13826303875370170266 13822984626400705942 4603764979473633448 13827122214480331177 13825716387544721887 4587383682527427883 13826784054734039533 4605489711572974379 4568899534106943376 4588185913525608218 13814437845345133899 4580559577577790379 4604976880426398320 4595003249681154550 4603894962456887701 0  0  0
8 321 321 321 321 321 321 321 321 123 321 321 321 321 132 4603668303720801428 4614014942539053586 4604095333858077356 4606938803060693525 4596459331598247941 13816062579256534718 13813730015583941388 13818360232471660883 13830407616236641563 13820360781361387954 4606875207164586146 13817626699864384079 13830228594134919678 4598461810398517418 13804338977063772992 13820285837818966165 13828900620978624216 13826375076601648025 13818216948770135812 13826164743441623014 4605777473038684294 13812959997683033042 4562770185928970240 13807784582387983328 13827199984828697164 4605150889326583338 4590412913773579042 4600908873977840719 4597611978266038913 4606148857371848532 4604182035519200151 4603467987523708292 13825298208825096811 4586115498134478025 13811326685564390473 13807962938509562717 4605545345123851488 13824630060981935803 13822729819742406894 13820043432256529901 0  0  0
3 312 321 321 231 321 321 321 321 321 321 321 321 312 321 13817975564189220128 4604069216120909020 13828466949973811804 4607126359095392503 13814347533683691216 4589624423127193435 4587590094391282192 13819248167614810772 13830384768200436098 4591780092182103429 4606989689353389598 13819043746204001472 13808432309361318712 4593591771310668305 4607107777718167030 4606340163988750213 13824502109341520361 4590630682979565815 4601253058457999251 4606297856733835371 13815114766619267728 13809676536321479392 4590093367507510864 4589533146382334932 4603559411560309910 4600003907887383122 4604664876472091563 4603473702593249296 4601206465573364608 13827781215097545699 13826452986942000106 4605719203633251024 4586393644494455400 4587320830245222350 13809344738818200280 4591095068156523209 4605712544537173488 13809826282892381914 4600921472650328370 13822755090118808724 0  0  0
4 321 321 312 321 132 321 321 321 321 321 321 321 321 321 13830568300063762184 13829032598187397716 4600348311993806176 13822853119708194604 13827193453012926412 4604563696462633187 4606668472659025354 13822057501375974792 4595752402459161925 4590634077594687545 4604730022577929799 4604307704405192379 4574261673233058880 13827395782766715740 4605025098489099521 13812424226584481550 4605009815367005868 4604015521263526343 13830537100002617148 13810911576810650569 13808584215490455990 4589669582055943924 13801414446413167448 13808800992517453328 4602977489082873778 4600157196647939788 4605071027643141517 4605736564521369328 13823121914177435730 13824716830118178222 4592228156694034756 4606009609040617183 13825728833062087788 4572120759386280604 4590278659579597776 4579524440138423844 4598891104074652038 4598945252475965037 4606260167113365706 4594824460769660147 0  0  0
12 321 321 321 213 321 321 321 321 231 321 123 321 231 321 13818826083054174464 4613351213094042304 4604514294827601752 13820125554523032170 13829220115745089688 4602311210702581950 13826254687745344825 4602793008689203357 4604310832959287591 13828988593167713675 13815763361407529348 13826529550471737283 13817278193339807229 13826250588604731708 13829137064281328400 13825208205072667244 13828071251541006252 4602855194286630884 13829488387003849017 4601782302253650487 13817634824908746850 13803957947947630004 4587952747139886740 4577860289067693264 13826470781425001357 13826524144638049097 13827214629972510167 4602592095895973486 4600744857917425706 13828527818092804742 4604257556006249797 13828169382035498323 4588661530216383368 13807055855230933741 4570782062701423444 13810826721684003960 4606871129128707528 13817107306820642620 4593152297759121059 4590451054642301923 0  0  0
8 321 321 321 321 321 321 321 132 213 321 321 321 321 132 4613866827277372410 13834711788089345781 4601843266159130496 4600220209432084515 13823208971129351446 4605979440004692257 4604417364874766454 4604668472511767941 13796945916430638080 13827154774027650905 4603603343442961165 4602665141013041124 4596820905012217045 13829222993404204735 4602286092524509594 13824039169231756007 13826255126769018710 13828383285683367809 4606252033551314414 13806087884292295721 13825005078123113379 4590370048171945728 13807975849738820576 4591674780652599960 4605509643350014959 4591924641197175328 4603324225234016502 13825731443226333642 13824801483400763284 4605046483006292843 4599491055457896672 13829625626509941369 13822485390790889337 4593092573737383310 4587279827964487263 4582583226877385187 4593518019153492891 13805902500602181170 4601233596366460304 4606272308389524491 0  0  0
11 321 231 321 321 321 321 321 213 321 321 213 312 321 321 13828605211488883072 4612284015452920368 4610191773572313724 13818421594538746113 4604513779082978596 4604403403170516853 4600701306766945742 13826930485999906212 4604483654627844176 4606336927943878851 4600592065128112351 13818918789249950048 4570136846140433360 4604882207697820588 13827559325437440625 4584173163081831938 13827557423516135466 13828250741173352249 13830550469306742764 13803970080334699145 13806036907453843219 13811197532722175405 4579640983242986240 4591417283578599206 13828607614809038522 4603171186906216015 4598700054139287117 13818127745137960075 4598362630630663422 13830130778519139222 13826962936087987401 13828665441081994066 13816546211981374946 4590141834940132119 13813601059385006707 4576500220890787835 4589049350807378705 4571911021546288496 4605339475300763342 4603605944313612459 0  0  0
0 132 213 213 321 132 321 321 321 321 321 321 321 321 123 13831754096056679554 13836464447811710111 4612764495313128572 4587401060930134046 4602858720495607373 4605855693973565811 4595667121946542166 13829153520516139206 4602717739711988925 4607023099147159228 4593796978634151355 13817447947129423775 4599244754364408332 13826928218817701896 4604839296749567386 13821056548108742931 4604527980870694379 4604195094819004448 13829843732632722959 13823918918343479540 4590211687340664381 4590263983308050888 4585957064797569948 4591433920218532364 13826977193890791916 13828708981088259263 13812803791374708912 4602221790902727140 13822280992792577766 13829030294573205016 4603951815540656962 13826341202140108879 4603153036472620448 13814164320647526388 13811150549616288970 4590454267218873152 13826211441519120727 13824048227673415755 4603251454252073827 4602794835699819948 0  0  0
11 321 321 321 231 321 321 321 321 132 321 321 132 123 231 13823315601719987160 4599183117597907192 4611519169999842652 13826544846819931116 4604120284416909683 13826109046846994467 4605654584145477312 4600911155669028994 13823996648680895365 13810914280400682269 13827264171880775330 13828492303715504588 13825462888520509828 4600633938171815918 4605336944459116338 13825778610137033604 4603939558665988576 13826916351328127488 13828205628576443912 13827529192879893177 13816084927986923904 13813406327481535631 13811407451593825693 13813312983729248602 4605451899522949845 4599826116427322764 13825694693726949640 4589333652889534394 13829305949030336698 13826085061492674614 13826823515955114591 4600442992086756200 13828014702051926674 13809831631280026742 4590366301557637564 4590118726897205310 4603895017458202361 4598339396639887101 4601576623797722723 13810921813286834251 0  0  0
13 321 321 321 321 132 321 321 321 321 321 321 321 231 312 13836784731825207717 13832385037127907097 13829872493782196712 4583586894800144964 13812584042592019406 4607161047228723482 13828088841767331743 13827735370045053068 13805783367033841528 4604361970980443472 13828067513653398718 13812701153481435021 4593298624671316940 4606184710466586906 4601624696803980062 4605440237452278564 4595368006437233606 13826641043199854678 13826761114627741676 4601307117107309744 13827821817457513794 4581399871901444640 13808199672316206420 13807206516129748744 13829645787045261933 4600519904565307069 13820356643766335364 4600849865648049987 4606425907768008590 13810206590524925373 4595693829803689202 13817154870880087928 13830330021906375728 13805966724806291704 13804911994939344435 4585265406611454666 4577454467927123172 13822266300256815505 4602712128335335101 4605504435278233926 0  0  0
8 321 312 321 321 321 321 321 231 213 321 321 321 321 321 4604485916867875040 13837382768191758713 13829034787008102384 13829039485040129562 4598501620168334321 4602426943513211114 13826222777354816306 13827725016681170181 13826141211137009263 4596251129462048775 13827640916278882306 4604567503603011155 4582113897722398385 4591030538350623631 4607144928868805148 13822576267210953471 13830079904111568541 4591218158554017370 4606744728414420850 13822589942005374619 4573466771080508586 13812369810725220362 4583552741407069016 4586211526092811292 4598257818185088024 4606810009707859592 13817121294753272594 4606876733771722218 13821692446734995105 13801076380860732608 13809831758266313152 13816679513400993604 13830480756735037254 4572773249347590322 13812848738339817938 13809621334457257270 13819424473307065450 4604222980354992924 4602714896832720326 4602040641768771267 0  0  0
6 321 312 321 123 321 312 0 321 321 321 312 321 321 123 13834880082323903862 13835979560603696029 4608834614248066472 4605717325512790118 13826372052800227932 4592533817331280858 4598908544193146061 4598483543503074598 13829822801234145092 4602011867401824131 4605390642330122954 4600506056376685272 4606835300683932720 13821580494330800826 13815983922338597968 4598600573652487989 4606424060901481571 4598967885947989210 4583429128616657141 13822679446313669281 4606726834633664523 4580501838660821416 13806623987829813932 13811981039649384020 4599742126780936481 4596672517545596386 13829817506249989062 13829226840385413499 13823279770386375154 13824095280692224286 13824238339485036464 4606414607733921400 4588942705787452784 4587943103198347185 4580769748889980497 13808488756743251470 4602520816929625882 13821919941123231367 13826025858158406909 4604128205667909630 0  0  0
13 321 321 321 321 321 321 321 321 321 321 321 321 321 132 4598338457335708048 4613799112294344764 4611200709786016964 13816604552140854559 4585873195762855626 4607111387983507535 13828284877229687176 13827497841624097013 13812594628814806046 4604056294075942630 13828299493672485924 4592461415350301110 4602977613701113472 4604321450889391457 4602679716082205553 13829076686837802077 4602821736319078729 4595917476646084654 13817229323304828877 13826212378108003502 4605790464242259804 4590141887376329446 4585507270559640188 4586148616542910880 13808115116231101657 4595689488107659302 13830401042150810251 4600758381713068233 4606338900148800214 4594722707295813706 4606451213161791247 13823921406699116856 13815244040464223258 13808799242980186856 4589703683591554953 4587586269747047874 13796284026039146555 13826862763891129149 13824512533113941266 4604414337812467981 0  0  0
8 321 321 321 321 213 213 321 321 123 321 213 321 231 321 4609251290987093872 4592060838433629888 4608048214556359752 13822603749168842153 4602479529011481042 4605524108298072692 4597065080815704630 4606022694946970185 13824955431649605690 13829884117844415434 4586397796389862265 13823818441518442964 4604988736149301048 4602201593813893352 4601799477257877033 13827414251622969134 4602372525072726001 4603446041856888066 4588687439393778670 13828181492386189306 4604244202519325110 13811766748849975786 4576590410112011712 13810595190530081130 13829097236814017873 4588896285344610312 4603056751551024626 4603086107059457087 4589874138366278000 4605697768424172970 4577748413083261312 4607142241256643338 13814784693701476683 4581970568755451855 13813181082557663252 4578834937786836066 13819653822528645292 4601701683116130731 4605279174281060400 4600418510509607476 0  0  0
2 132 123 231 321 321 321 321 321 132 321 321 321 321 321 13832892239950793065 4612735168715858262 13834853690928699361 13808900303922245976 13824832541937032574 4606290046614881372 13823966314058151059 13828987466773373808 13824471203350740776 4606484028450434792 13823557096720808493 13817417938657122129 13822936072878737973 13829352209278464589 4600463440613018968 4603799417942338389 13826008509626608140 13826969975656288351 4604564107469897136 4585708053737886706 4604514899915295959 13814123207342850149 13807699517890466588 13813633684798017906 4603588796340252625 4604552862383196199 13823721529647012980 4603192916148946925 13809089615348147776 4605647283769102786 4603337151886271911 13827898216548203291 13824566793915706154 13809769259574547748 13815986932918986230 4572691557058614088 13826200506144342580 4597978187662969744 4604210107401764922 4602205281083157759 0  0  0
13 231 321 321 321 321 231 321 321 321 321 321 321 321 231 4597082725426016608 4594837944323963184 13830737621987397346 13814125713092388917 4601515740219428464 13829619909166692574 13814807146292165533 4606209383415193800 4601637940156814526 4607110206603365869 4593425401429198012 13808499335896384940 13814070232440852202 13829895393519073336 13823637409705400855 13816639877435276810 13823444876162468887 4606525620236861726 13830458162274702800 4593407299411336790 13813866324179292019 4574886454331907248 4589240594178732328 13808085616013610030 13823291908532812439 4589499595352778542 13829973654228573136 13829216983912136698 4600799000516079381 4599870016406410448 4600755335268055740 4606425337988740799 13813807714811409856 4584677046694271539 4575865333485165027 4589240697419241103 13823689963257844797 4591120431771668808 13817466718443542412 4606416459757044658 0  0  0
4 321 321 321 321 321 321 321 321 321 321 132 321 321 321 13836345335712707725 13837232270500674246 4605392279595493140 4591904008314466259 13830170979320146985 4598546908505579599 13827230962486409193 4594535776233521046 4605032647874982044 13828475906472739670 13821448696700774572 13826854158077517339 13826716949878348074 4604737804430296824 13823777567191442504 13820349710647397525 13826729742897033250 13828650745270621424 13828660061034382939 13823738117692014282 4602465639908406846 13811438327165870176 4588501764528815932 4589707119972948854 4604080290030308239 4604543604363893066 13821820038576275606 4601963045581729618 13814939643609559404 4606124943447419850 4603567143700597421 13827858256305534887 13824037388969690805 13802363776611940126 4584584512184536084 13815282476461881458 13823271518476931314 4603196997737846105 4603498165850922565 13825500857130869196 0  0  0
12 321 321 123 213 312 321 321 321 321 123 213 132 321 321 4612793360467034960 13809018106667457216 13830839105570399190 13821248518963105960 13829705214335921469 13823316623863045078 4602689671822524947 4596040573043288024 13829149713911761302 4605659170864536380 13823862853762792584 4601018659911827144 4598790489455262491 13815743396040777164 13830129264061153091 13823660138615562491 13829924788550466326 13795937112117616640 13829524378317460451 4600002028087713398 13822512348546889032 4590433508239581518 13810901893319724519 4589738494200566054 4604122618151809508 4598943322762897794 4604405016934288442 4586609646535011135 13829965856852335692 4600025942620518476 4604927673739303204 13819816421202113711 13827223955146174946 4590904947894661226 4590156124729880430 4583141894636214106 4598260659199729007 4606031144234251949 13813380430666929328 13825749253395908793 0  0  0
2 321 213 231 213 321 321 321 321 321 321 321 231 321 213 4612603202675474768 13835555751096653902 13832040139350764338 13822007041510106203 4598587271870392282 13829849661646255662 4606686563105209568 13815183938156112886 13822660931192762981 13818899770606110019 13830166450309191559 13820845489165184015 13819289614581710772 4606702944400588008 4598387662478148154 13829371860040236482 13808616493617617788 13825944053549021516 13825303906996353748 13822807890151772323 4605642823469095134 4590404561346272170 4590519361241314306 4591300538866014620 13824253756080258511 4606111920714657614 13821578865679124736 13815196702335753270 4597503981017032330 4606892188259145846 4606380838085606258 4601100051215412444 13795838528525179160 4580421113072701500 4591870975112152371 4592274595794177652 13825131552434569878 4602968022498651245 4604572119046404050 13815561736421705825 0  0  0
12 321 312 231 321 321 321 321 321 123 321 321 231 321 321 4613831398702186464 4601907711638701016 4607802182370728560 13827730005970714162 13815035998443609224 4604666576998098080 13818560802487550418 13830045065088331358 13822201679652529555 4604549987012120236 13822753774575750736 4603862100661234873 13820191675777470650 13828069600454655548 4604085334790957906 13829493257630966767 13817826561500636743 13825104427786482209 4601243013084862887 13827617015120899999 13827020479295489463 13808912679344032874 13814027508904717242 4589545057346891054 13827454045227926472 13825720815124519969 13826783305950217655 13827896470947543628 4592950655977683760 4604479525537962032 13821912726000955304 4606000405175903286 13824518721848895392 4582907479537765140 4589287660200417000 13814539471962997999 4603893049918534592 4602714658733850426 13822328585850521299 4602741063087388095 0  0  0
0 213 321 321 321 321 321 321 321 321 312 321 321 321 321 13831563340483599217 13834807037435497066 4605738740926739496 4601994583707969195 4600209099495786172 4605464049838549146 4604980758113130726 4599377117765771762 13826712148150423548 13825409384870911572 4606068685335650496 13817146981633379506 4605057694506069332 13825085791560737906 13825432266631615300 4603802984192716720 4599663040906789271 4604537893678148522 13818322017922329818 13829029660696853009 4602976659168153860 4588357810075253192 13793772616942631680 13814138856488635240 13806397113464250000 13828830199321106798 13826842099914689332 13828811057856388264 4600232116627852946 13825435747703368949 4603496292166352359 4601997087244839898 13827504392710636476 4587542953218123391 13798923067194682528 4591002402342178913 4583083544957240914 13828808690027915239 13821645939855577006 4602976480837087206 0  0  0
4 312 123 321 321 123 132 321 321 321 321 213 321 213 321 13831478372994531746 13831528630637748059 4613833875813256640 4593578435433070000 13829787744934897463 13823966786106977238 13821163986816115319 4599946730192436329 13829710413019264639 4606849308607092974 4596521642399196232 13818877353073348009 13823317518584826346 4590418119697126132 13829959868150197097 13826818310203347454 13828724867041914034 4594575475427593046 13828143110757745543 4603569130690445505 4599512875353075804 4588015049443426152 13801519676229081152 13796219847157618992 13829030650325091789 4603043118243840886 4593954695191218736 4603085726053069535 4605726146370246382 13784976184299653376 13816097741243835756 4589828634502703560 13830474605056922728 13811106234798607205 4581290896094702685 13788571037013252212 4604059239547710166 13824230733875084545 4603769715063974482 13815645161475990199 0  0  0
2 321 321 231 213 321 213 321 321 321 321 321 321 321 321 4613346892647996976 4614033597542766680 4610217153871743796 4603370276627187445 13828765925803046251 4594869714607940511 13817759642592737756 13822285843135130937 13830065281666201527 4605416646601810651 4602881632298129954 13822158752705028725 4600254007598627372 4601939078255672651 4605469735614084623 4602958568005412239 4603685447018863366 13826828033720944528 13828433275498827259 4603978607759264611 13804848036023414628 13812774115387999790 13793255009800961120 4585190469976109260 13828181344744640070 13827442776929827470 13818686728353448487 13822698493282599513 4603166805072098481 13828491276730851406 4603571905219126208 13826179377947035396 13827074359811989197 4586598101646584242 13799210314464499804 13812047702321228124 4589270806233533080 13822635455711197524 4605419127559630562 4602703667147836049 0  0  0
8 123 321 231 321 321 321 321 321 321 321 132 321 321 321 13837617890124914713 4592360154707235072 13830823353672576230 4606204237814268486 13813134311873963390 13825108007878845934 4599541012054522224 13826830542075022780 4604853848886534565 13822718888234905957 13828814337418682213 13826047457935706031 4605643876198622019 13810887094538023032 13826560991282558848 13823470914247419919 13828887228894561650 13825272151782781030 13824795146061172982 4603375524676465577 13827797461869453666 13813382395119454100 4587499257182977872 13806458359855607988 4603062507903239957 13828221559114121484 4600798395963689434 4603472451574891647 13786354293607571438 13828832094248879604 4603577384272970233 4604223625363362463 4601510763169361480 13814390797201060717 13805613762989501013 13805231603369497125 4605953048727360059 4591101141711221074 13810525769550779105 13818391424516124676 0  0  0
7 321 321 321 132 321 321 321 123 231 321 213 321 321 321 13836937290617344569 13837408991005938501 4610486636365761720 4598463833093520926 13815714685857130228 13830176690725894402 4598150636167753218 4606891128124773374 13809066505913612952 4606562433020836660 13820777922109496115 4598787433570484868 13821632209726137780 4606372764042970901 13822931338174136115 13828623417187462630 13824102208530427454 13825669617286416574 13826626024200774604 4594024544798834284 4605514268642211285 4576934574219636632 13813455047328178445 4579490748661996520 13818214790515791563 4596404673931405052 13830256096951073326 13829449855045410502 4601254035202858645 4597467724069940564 4601836400536724894 4606142861027005249 4592585701347014648 13807868463461326146 13808882179399638109 13812235114946547553 4605767501502135492 13823907951404453247 13826101761715716429 13811747945679175931 0  0  0
1 321 312 231 321 321 321 123 321 321 321 321 321 321 321 13824510278399674072 4611958464611328542 4606537901234039592 4585184140681770953 13825255343115780712 4606186032298507788 4589186200369081915 4606184077743495554 4601836998621303362 13830531219483443835 4585927053798412646 4588749782953764080 13826758798573935390 4602904622352149136 4603796804346272326 4604691854876345413 13805619036295088904 4604389774636309718 4600454814016944236 4605838115871599062 13823648723845870465 4573048508567479248 4582244518308993928 4586067835702101972 13827107791021920714 4590620593099779392 13828593942201787610 13826770947290287853 4603796818652769989 4602891183431111788 4602963031844947096 4605173287103110127 13823121005620238250 13808375657359700488 4584845393169228243 4574580588555809130 4584861237899628729 13811665645934720383 4604120035975135572 4604916445214962149 0  0  0
6 321 321 321 123 321 321 213 321 321 321 321 321 321 213 13826840170926904752 4611266836748863160 13836454411794967612 4592858734313283616 13829450251758928787 4602067603337163378 4607116719049594301 4590532985901785998 13814441950776776414 4585930959908445392 4602188468364733642 4606103990250576809 13827659888641483776 13827604148715027339 4598993056182830472 13828011959143689793 4602874905316228293 13825350331319171204 4594786538147797128 13826275538070354294 13829083834332301655 13812418369895026512 13804230098155645144 13805700331515629940 4605296421698221074 4601194120099485510 4601739114216890414 13814489010639778414 13827353883678400902 4605013506193770526 4603631185503155202 13827314900270774259 13825551619645566649 13812838786515351216 13779722824526990272 13803092780741784628 13815142568691162076 13821034475300794829 4606369393680022470 4599566173226327440 0  0  0
10 321 321 321 321 132 312 132 321 321 321 213 321 321 321 4610100972664270888 13835555278785001702 4606752190634817312 13804143144280786125 4606914795229748876 4597861849249795087 13829337155199451307 13817439820004200168 4602377166507326524 4602694243357234798 13819750023043039390 4605755396765246911 13819378382028923633 13826274673533813319 4605649073819154398 4601728922625891546 4604535376350010573 4603119712653955237 13829419799745865826 4602234229584876033 4591922535484720844 4584777912863283404 4585963130203499912 4587249617102075604 4595067968322569207 13817310611689499848 4606980426233629651 4596858413172568280 13830218675510248933 13818526368346604573 4606850337286455012 4597666247977510700 13817201779535270533 4587078443833028181 13809311166488004501 4585059086328572801 4587526372495071296 13819707612113527465 4606874461309810208 13818239245218858031 0  0  0
13 321 321 132 321 321 321 321 321 321 321 321 321 321 312 4603350068369881904 4608921400503631748 13832429921177506215 13817660094666774814 13829918906187763394 4599805686833973113 13830446403117610579 4594723423016864914 4576077837780826804 13812243709607767792 13823082269868679976 13830015846854411435 13829494552261752559 13823732213487553580 4598881583130518110 4601804981002811488 13829124521366191527 4599029531232274817 4593955063247256576 4600751308135761363 4606370761371919304 4565205243172165760 4588608499172068484 13810914831252630954 4585202927919410640 13824661526417748966 4606331342763841435 4601704800575666650 13828791398022664364 13824120111448884986 4606231107613557240 4601193339424464461 4594948317531475949 13813160717759956392 13806607164030196640 4580765767327702046 13811766275507295984 4602354505596476016 13826629904545338874 4604190483370805237 0  0  0
6 321 321 321 321 321 321 231 321 321 132 321 321 321 321 13833577272288360945 4612049559113563732 4611125426405576424 4600302659804796494 4602935891247478848 13828437319597372858 4594929022295510621 13829171339032238815 13826122043927999774 13829797265152343959 4589322367857688867 13824178917559974647 4588843042442314978 13830080816899595389 13822705291415375528 13822556666757987651 4598754592562691350 13829737016220289734 4606733073349337358 4594606889126363743 13821960544322582503 13812906457381745556 13807842641751268020 4586900159082621456 4600428246149429979 13827591123766609800 13827308185679425242 13829719483008598414 13824379142934614324 13815592165782081976 13819388532788893924 4603756345449795228 13828406507152683241 13808539537214876002 4589626842196494309 13809544168594231256 13820334269576438637 4605158564821311048 4599038826267639747 4602797333991748873 0  0  0
13 321 132 321 321 321 321 321 321 321 321 321 321 321 312 13835502790267484406 4613946616397072206 13829592866809714692 4599417297649267602 13824028431944549932 13829336971684711457 13817843077301548798 4606111960199833146 13825138138787813202 4606608416379386772 4598546459462558225 4597237532717175613 13822327917274791153 4605575045381095400 13825850782013216040 4602845673733032627 4603276510750809169 4603945256298281664 4605409557374762866 13812762853526786485 13826880637178972964 4591622768487606412 13812861118663963918 4574684551387254992 13826647957267553579 13827885331019961754 13824774452123054488 4605236021768961660 13827137601736434724 13803855786831115152 13821629531185649939 13823274704051286434 4606309442915376094 13800613614632064566 4593105146528061090 4572265010087771036 13818754132479280814 4605251598261788945 13824124324912123791 13818736316571820856 0  0  0
6 321 321 321 321 321 321 231 321 321 321 321 321 321 321 13828552490328102424 13825228961906668664 4592674498719268864 13810993901742622171 4605228954758718187 13827129102694021586 4604316609123682311 13824712095577959247 13826905589539497981 13828119586470666099 13825210227540314059 13826158210350356279 13825386852454098159 13825297847850502760 13828380593233745566 13816435760180548977 4606101981033289556 13825336731900817398 4606088821311442847 13817027735565340435 13825348203084593275 13805325999661990472 4583216341867835320 13808194913344036974 13820814774540560642 4606772367451281866 4596025719086685724 4599114795326126707 4598280228557393629 13829818458270726860 13829880512938479388 13818066528567667588 13823297489511246135 4582543638343999208 4584250678858167644 4583560261925642540 4590749369050064403 13818416019824058817 13827188313682188461 4604999561051277144 0  0  0
10 321 321 321 321 321 321 132 321 321 123 213 321 321 321 13835455862808421514 13834128670511131121 13837013454800017349 4582422157111375018 4604486212354973188 13827970364403002906 4589187228710448454 4604578119805702492 4604484964778624464 4607162172582971089 13812352855903783770 13806896124054215993 4606909407120513133 4578710404344480832 4597958619063224709 4597005043292829818 13826061225150693569 13829091462218870026 4592684087365592020 4605968792723963664 13825849321495806701 13812518979844729860 13810291308249976061 4588027609094465148 4604952780985843670 4591043140479453436 13827425908311414447 13825823004950835558 4604853177687186242 13825353957576189068 4601652863110699718 4604166777141638741 4603588704121632967 13814283620580824336 13807550040001901908 13806527065328988366 4606226730486631982 13823977789158717132 4599060841420939058 4596290696064853457 0  0  0
9 321 321 321 321 321 321 312 321 321 213 321 123 321 321 4607964917944458196 4613304615544594646 13835831598222282557 4593847442941399210 13829726384892556543 13824216643109242576 13818765529061535615 4600421772196185797 13829751902534004851 4606969467373077663 4595909363269757256 13815835891282416737 13823425992844055439 4598909960888712755 4606180594673963940 13828993175182034001 13826426402445384022 13818027301663370572 4601546739847087491 13828651024291201356 4601459236161285434 13813490266816455479 13813151574564707818 13803207001078505448 4602589053863166802 4603087579719618675 13827639727072129358 4583450407375329056 4605096575106485566 4603934140043913159 4605997634202674509 13823074641145887135 4600258356352550379 13812791868729876227 13812808323045863902 13810374322944561064 4587295190801556749 4590731234694862074 4606972220802016500 13819431773675708990 0  0  0
11 321 321 321 321 321 321 321 321 321 321 312 231 321 321 13835904008959585647 4611882633022234040 13836709444346486225 13822605379909402446 4603373884783126467 13828356832532014661 4597443108250445936 13828087234562318326 13827384936290657153 13829860897588226456 13823776324534114380 4591265292423487456 4598335812162332288 4606794499328027174 13817271200124387565 4583266165557296508 13817688982141826418 13830458829495361510 13830244061962931748 4598223845814118472 13812506009146710741 4587365611130702680 13793323362074070528 13810151390687294176 13830306185925707580 4590239533325747436 13820464841140300005 13817036503526945340 13830279123123389426 4596776966604361013 13819633890003949949 4597557048884336259 4606753447615731136 13809121008384182703 13801824702157679271 13811368338321572328 13824151156284379870 4603453394354550956 4601213803028602056 4601581648675126029 0  0  0
4 213 231 321 312 123 321 321 321 321 321 321 321 321 321 4612012778557564332 13830629510637207780 4613657051619662598 13829485450425544683 13822610631412158814 4600111157904158426 13813849539684705821 4605775458275024792 4602954132690396608 13825430960323026283 4601575595627963288 13828470024285580878 13824779106557291044 13827484692370653722 4603735542977151674 4602505079962677034 4600946485386189014 4605131599166067702 13828378276710475235 4603888850231119672 4594566130061905883 4589224214641267468 4577487630162957288 13808604063995466110 4605243883027596548 4599996769453902936 4602775410391876118 13826425575706950248 4605283139106626327 4598890477518543032 13822471597718663542 13826086555768986282 4605466225232116543 4585283692743424123 13808691598851679408 13811183679539191541 4597765747898491346 4605798897685704540 4597969886239028153 4601992353288937826 0  0  0
7 321 321 321 321 321 321 321 213 321 321 321 321 312 312 13829312731403874796 13833489164287042015 4611522254775335164 4606325133776177940 13823410829354041578 4597722144230110159 13824202255916411918 13826057370972227177 4605101771323420298 13818049541358414104 13828664368404949762 13826893208523476840 13808222775703069537 13827015435687565344 4605326634401091257 13827044715530683557 13827104664720600062 13825993024187276018 4605304150900493330 13826057673947566518 13823356852380070099 13803794232644029920 13809244797202393136 13811177815348638154 13829844228932387943 4596540731728361956 13823007742818567443 13823754072591445307 13827942994534382184 4603557296469337060 13816165280693166796 4604243733985408618 4604753236405046420 4582770842822997915 4568150613133045392 13812617836855524223 4599272611786484312 4605155366536166169 13822072434336491151 13822201161383353323 0  0  0
11 321 123 321 321 321 321 123 321 132 321 231 213 321 321 13817025098377938720 13819453606989503584 13831444537264123567 4597958033911982354 4585775208561828448 13830275227924706104 13823308699414403601 13829916897724308578 13817037978073077812 13829701269361311356 4600291472561294819 13820219743375546433 4595484726223564159 4604860425515642188 4604001355587553490 13828224032132193251 13823039866247121214 4603425140708680669 4604011014767182922 13826786438352709817 4602531440459999723 4581950782743736684 4590207586974758516 4586022045760881640 4591836959362056732 4581353943662027560 13830507954664618577 4604767804552876449 13827660998494121325 4588771421971946578 13827618798901077025 13828159374365291007 13813947294137561802 13808831480323350642 13808404435218926298 13813406636507716991 4600536365578435170 4606332086339545486 13807069650888205775 13820359818184570074 0  0  0
10 321 213 321 321 321 321 321 321 321 321 321 321 132 321 13834675365326709370 4613764974104817518 4613533524452404928 4604416640123809222 4594240745544140716 4604544365777921228 4603374445382670561 13827816262594139618 13824737095651329877 4601454256558080522 4604517215753840425 13826623314342680476 13827372957858102533 13825082994530723241 4603745955855613605 13828379267065691537 4598926782732213838 13826795978590069160 4590402552489425344 13829167474012851580 13826295672003948044 13810726468228315223 13804753892921443860 4576987327372440688 4601694123169824666 4606225317590477079 13811296078179108360 4605756575524834776 13824202105555515566 4600257007585069508 4599171634579362624 13820039083890855576 13829916986710068053 13809373180187158411 13807797864802151951 13804940744727728466 13814338960693511623 4599146241252251982 4606685760885060865 13814164716881706954 0  0  0
7 321 321 321 321 321 321 312 213 321 312 123 321 321 321 13824059161137714696 4609413495353184160 13828392365490728064 4604099571082655175 4604204030891927363 4599895808547006876 4599456455859098657 4595140113474613770 13829945734722672382 13827684488313507654 4604698558690119515 13815668261525606947 13824503275393960121 4596734988959538842 4606152654753005834 4596201170816100461 13829922921395457574 4599288130900587149 4606183127232442419 4599111908833760753 4599869641220367241 4585831546569897928 13806333897522873344 13813101363316797776 13828921865939965844 4601477177950423808 4600457808391171472 4602863186283137680 4605715376653773338 4595232522985393715 13821274119579828750 4599686263762403748 13829752005808622826 13813057162946256999 13801770067517135425 4586794042464530093 4605712307440782786 13822852985846719206 13822989340126740558 13824666508121472361 0  0  0
3 321 321 231 231 321 321 231 321 321 231 321 321 321 321 13831187375305693134 4611855720285285152 4609588872679551888 4604779186300778756 4604141077300657744 13818090988958090841 4596271209719803783 13824679439868142450 13829509660954589841 13827409321330822969 4603739559918306468 13824994493049477333 4603016089732391319 4605209673703886522 4599402961449003780 4597026177566888757 4597660182548596162 13830077374947867705 13828884571952068830 4603384710102561525 13809824887913114594 13803403737838142848 13813948790985804405 13814724945118969912 4604065028194968140 13826496012133579527 4602860260545577680 13824228846441172975 13829064076688153052 13823890645462011986 4603965992796024099 4586080126095180824 13828436357626783377 13802175910581556564 4592583293478732983 4588479498694466330 4603382452001007142 4598308703157859631 4604731293760833957 13821800388509127629 0  0  0
8 132 321 321 321 321 321 321 321 123 321 321 321 132 312 4610710252396160900 4607813036885033140 13831647041136921193 4596299076674049922 13827941471182411265 4604263356198646958 4596442875222775954 13827359098572544290 13828183852616022264 4606814876422157073 4598757343580752926 4580162427148556107 13820733048290673268 13824804412287214416 4606041412263565900 13821718984569530912 13829091408859416881 13825704079298741577 4606629191802053713 13823096117609525363 4590332131034678095 4591100447400635598 13811531927553501044 4588840659527978972 4604978634557890698 4603877280395451818 13818645378944054710 13827350127259473723 4605062749843356381 13803172671259924224 4593317271734087048 4593347523771281620 4607051125086484841 4582033107472602096 13815306277149581462 4589231979685837125 4601411093633472669 13826079556510363675 4604508239624444227 4598364545424686389 0  0  0
4 231 321 321 321 231 321 132 321 132 321 321 321 132 321 4611982509971263110 13831442290161512390 4610356016606755128 13824844635804419465 13813664212994651178 13829635578272097317 4606262380683777439 13817055105206321059 13824647171603981456 13813769978159906162 13830455716731789084 4593627735269197405 4594170149920162086 4607051288417536558 4591735300608527104 4599505547480917424 4587144862435489168 13830057863088362570 13829976795498366914 4595039313545856569 13822671446293965167 13799410279034039784 13811835912904158029 4584547576783457016 4588129500649961652 13825434187528186997 13829502213377751766 13816358439953667080 13829487799185477610 4601916691947364399 13830480311678741855 4590190603274208333 13815425074513580065 13784582067391979904 4589412093618217901 4560725381124594704 13827760055320738360 4599168439860237194 13821643683231479853 4603623792731048492 0  0  0
11 321 321 321 321 321 321 321 321 321 213 231 321 321 321 13834014533962085312 13835377473093126805 4611124756066803584 13827121780332604936 13800642515104332128 4605249481810044552 4603915311707271185 4603379131962848134 4602768723212049283 13825315455443299853 4605526396268466264 13823363206088013796 4596440655491944675 4600333155745612745 4606344058024237345 13829731258689165591 4601172634796731652 4584837610178514788 13823630323159586502 13829028520829649672 4601238462700982986 13796229509838693040 4585306193090151920 13803986543862753588 4603272692804563610 4601680217498058419 4604429098020690896 4597615071145939164 4604665886125904226 13827424444843016844 13828666656868198935 4602967554774944917 4599140549771263789 4561290476533680784 4585304013835642619 4580854120321284255 4596874368459803046 4606033107417858241 13815490025678683844 4601793531073443368 0  0  0
13 321 123 321 321 321 321 321 321 321 321 321 321 321 312 4610472006909832692 13836170706627035881 4603692573026259336 13824151768582321468 4590093823957004784 13829795754731599296 13821451484028525896 4606742290135462567 4595827262708641716 4606146102775608650 4599065816652504070 13823468707539836090 13829000031506746986 13824177976492359112 13824216146482118242 4602904001851740458 13822336621712974110 13828742003570584919 4596350665509907106 13829383144319373888 4601796667464529953 13814789118221019741 13801116277103227520 4591431515617695182 4602364695391429656 4605905741367471488 13818834537869345537 4598276520251422663 13822966643489543852 13829736146357315646 13829092849242705877 4600770416395941096 13823854072092868738 13813184355930182902 13815644027821929088 4585708688422728561 4599238036744127964 13827790154636235349 13815721422454344755 4603961999218510386 0  0  0
7 321 321 321 321 321 321 321 321 321 321 321 321 321 123 4592488816006414432 4613370620115631554 4613427622472395256 13817240232302554143 4607096983539877251 13809751029608044776 4602814035795608797 4584452355684068816 13829263180247316133 13829178134088985601 13817367021816021487 13826177928043062305 4601072948343551961 13818493718228988528 13829623105753515413 13829371177069997057 13823702675317139054 13822986811413496666 13822032038533913579 4606411033190693862 13822365319619429854 4591347718186501604 4576902290604461336 13814385912884143293 13824701893957353815 13829183862550817672 4599381168312840304 4605039402424140990 13817812236240831797 4603856362897996569 13825841493467218760 4602765932222709546 4604555228393383594 13813499303261935024 4579019405294042032 13815431658709019679 4602257623843072605 4602544352363281189 13817685448163028831 4604606684134056560 0  0  0
7 321 321 321 321 321 321 231 213 321 321 132 321 321 321 13835952974311117776 13831565406445697297 4614132987327033718 13811986582242490846 4606216816167484153 13825089326476336294 4605042665306362918 13821501450733183345 13826927652871813807 13827351450159560443 13823809216983191005 13827547070728528227 13822176487821744883 13813612237787739294 13830152916110805560 4604911401626682705 13827324702215302982 13818703964000660727 13826947904577464897 13828422210040163654 4597837645541706972 13808341430929775646 4568521607410854304 4575776380231107472 4600872287757784926 4604887080721275463 13826355390511498828 4598687893904362655 4601888391627050802 4605788369544308034 4606041380165473484 13825807611048845528 13806286409091990776 13803493971183073304 13786788513626538436 13807873982485877880 4606576494626236988 13822165211580370123 13823008709161263001 4592474566453208662 0  0  0
2 321 321 123 321 321 231 321 132 321 321 321 321 321 213 4610618764839232748 13827265505014489548 13834537433504999050 13829109858114682389 13821704132444490639 4602275499356531006 13811988256154959874 4606437888965727922 4600764901235797273 13826411145915781783 4599122463555751929 13828621455513896927 4605654843621548579 13823737316000303604 13824522585473605304 13825906015519514265 13817555698573262186 13829288186356579138 4598383100132389126 4606442993052537225 13822419174680521423 13813054196804690264 4586298625695124720 13814506922663555620 4604215746776305327 13827928054156988990 4597094774149083668 4600840565392465814 4603524543684586792 4604473308530269784 13827185804473936288 13823913821152743882 4604301933540627946 13814999141507427327 13812735028119892650 13808393826609025924 4603040339872156260 4593712992972593566 4587526610204741892 4605655678158818497 0  0  0
13 321 123 321 321 231 231 312 321 321 321 321 321 321 213 4610938593197489912 4594420134814730624 13832283719250632246 13810367022376074704 13830140674752448380 4599000918140971718 13812535999264515535 13822317481626622124 13830141423264891045 4607154672017475866 13812628571020355306 13810121661510192183 13825429284902459864 13829518361369499786 13801369230414841408 4601749144025889348 13820619446788995428 13829340731614771190 4605048235601063840 13824395211823757815 4602689635154659802 4582160271627153876 13812622570384985798 13806125210466670984 4577221975417370144 13814771917707436700 13830514518946793690 13830237790476061408 4598364923968399808 13808528347971431196 4598402482600486072 4606830507657902659 13814337495764732338 4584504884358466156 13808936731838099630 13811182572676903700 4599586209280171258 4606594008370417595 13818741790316011638 13818901536582286561 0  0  0
4 321 321 321 321 123 321 321 312 321 321 321 321 321 321 4602129909778516336 13815040724116905728 4600080918368995416 4592891324366845077 13827423285350463444 4604923878064193194 13819713553890281354 13828337848185134854 13827186521480813538 4606941970200971929 13813635231080237101 13820320993807245725 13828646987347461565 13827090026159589724 13794246076324497280 13825610365929841199 4603626396852822041 4603925626307451273 13824079659172671298 4602724066406741739 13828479882035580153 4580057402019831232 13814852278405192597 13813699579197267880 13819035588691658890 13829791610930233991 4600159535196615471 13824305123820673078 13821821810242643748 13829436472130827564 4606256705600637198 13822503535580732519 13822828690014406573 4588157486572211236 4590983832443026547 4589547395085110582 13827490043102835706 13819705113477289545 4602535254154874187 4602967222741551549 0  0  0
5 321 321 321 321 321 123 321 321 321 321 321 321 321 321 4610890781998938288 4613981473999515338 4612031714557425170 13827210681810291072 13803890469876606264 4605177517276689112 13809749690231262594 4607173246716964499 13802144820041810816 13828540415797922155 13809563561501911848 13827211467919437843 4589837453073728731 13819399127479139592 4606994010926147142 13819430347242176651 13830248479052365126 13818802461371546932 4606992489711456534 13818836640224039895 13815657272495832652 13809804125613499770 13808646589175473902 4564517079663489536 13830397278713535980 13817245891615286112 4593939080695554128 13818169649702957924 4596136072782049171 13830271605038862263 4591935069350051108 13830305736508818285 13820121814890139586 4587019022036604537 13787964627183275698 4584246308937046687 4601635829516873479 13824238466642585254 13826467937652804897 4603477865443630182 0  0  0
6 321 321 321 213 132 312 321 321 321 321 321 321 312 321 4605567791226023500 13835045716131363059 13837523839862166348 13818446352332770272 4594797185508631056 13830320448488524381 13827471774182388045 13828331166351700320 13800353957470656208 13828169148673700725 4603930889390459338 4597319040608559874 4597681288890558016 13829658523711357979 4600246495469014466 13828233372816937823 4590074877615419548 4604172560152179313 13827194888805180180 13824758471015395872 13827408510270279911 4591720973240099520 13813625677629151879 4587553194264551708 13830117702180668759 4590354017685260040 4599027473771621584 13822366808064929505 4585064991183435731 13830146774103137222 13814197561918051274 13830521100879158347 13799741192688797576 13814093249792321609 13813840717491674936 4589596149032938386 4601229018782918134 4605759588281893072 4594967383899966259 13823532451396607801 0  0  0
8 321 132 321 321 132 132 321 321 231 321 321 321 321 312 13831710502202491096 4611816927555909896 4604725036362028192 4598730644944396294 13830034294886757308 13819114410449026357 13829195573260077443 13818135888712827051 13826094321875720046 4601730020272466785 4599016798289688455 13829146759764711462 4602175757440593793 4589358876572862782 4606093881504307639 4605968492968710762 13820657736558271576 13825112357491254351 4595253332458043868 4606931174720577404 13818403091679372767 4585754421981518616 4574947087231633376 13805362982860616152 13826989108389841722 13826418836466878730 13826818270817441861 4602922287465320865 4598708605432481350 13828775823257222521 4603558641458735886 13828692502392920116 4593031466947999800 13802874290958209346 4585940319221252764 4579764503611909226 13818090397945068485 4596839232855709529 4606627950671781690 4597245260751751990 0  0  0
10 321 321 321 321 321 231 321 321 123 213 231 321 231 321 4593526529121999968 13834836979535585129 13837464485457088032 4567253481052866031 4605405486434415786 13826918706962607114 13822291841596774995 4603318342902037496 4605088399679251272 4606791679343081755 4595366292647972104 4597639239993837500 13808584494658933561 4599980784084733719 4606606030097464977 13824200102417564850 13829332100713976293 4599229374448479978 4606435139406924488 13823547332441586134 4595272330888378333 4590575758521966382 4589173766396982914 4590984627395168396 4602582393879247468 13828822834887379222 4599449205206526294 13829295667464681578 13826119094241317593 4587136218097997312 4593577480710014730 13822445099114325404 13830067494209613407 4580891685665797409 13815104592614061097 13814635860341105716 4603898022542182624 4600985055115627731 13819409305595197091 4603837235068369562 0  0  0
13 321 321 321 321 321 321 321 312 321 321 321 213 123 213 4601235333841645904 4593962102164242448 4612373491380962170 4595414519989633021 4605037998945675130 13827168041479593436 4600153206495506716 4603046564693576046 4605023350218679972 4606432835718736910 13823462969434394790 13819038696737352555 4600373808695047338 13827070904500929198 13827823331325606794 13805025611925526431 4604885350140918189 13827552976362852214 4606533729656596019 4598401565990206142 4598434749003646751 4587108360153292464 13815135981992024844 4588731005333198396 4602911749783864612 13828914955671392592 13820941892335922366 13810351748117877948 13822481723559107413 4606751632891423248 13829196654400961294 13825864881918496967 13819653813250215845 4591299126375656571 4590723364263733470 13795137556579740104 13817508950636560293 4597058150306610512 4604243638267322288 4604409794850873277 0  0  0
8 123 321 321 132 321 231 321 312 213 321 321 321 213 312 4600056803366043568 4610570349670529892 4608277730916429200 13821617719305698510 4606588893172697412 4598192337777653483 13819690386848844399 13822524497633013096 4606567137285054996 4606701864575491578 4595896860156994005 4598402849175312972 4607031223646645969 4590818513744677532 4594977070206325183 4586046110353027911 4605004982116286618 13827408031289172235 13818946966458029489 4603996921888651677 4604858922845536567 13786735238731586560 4587787876031305068 4581414145451750220 4605937000423077966 4602725084748711531 4587007674213994992 13824863527166715924 4605223459703835534 13825084640751526130 13821775169331992019 4600229264529335106 4606223956087580889 4583328049226078688 4584921838064526203 4585556354773186316 4603124689018260377 4590298357291499084 13821606814942123090 4605311803484780165 0  0  0
12 321 321 321 321 321 321 321 321 321 321 321 321 231 231 13836844872967019511 4603017254991330928 4606460307790072728 4592350405032608754 13830087061170434565 4599067298221927428 13802226802103999479 4599073148950813821 4606767136097718145 13830502261827701014 13815656405759339625 4581224879362278860 13828191936701383413 4591131713696770411 13827574223526682419 13815390083209148216 13830505453518831866 13805050724022407728 13827558323490333128 4587780810469368953 4604866250662920438 13806698739890596396 13809113856163169300 13808450878957569262 13828677689918776651 4600652094968531328 13825553603486159302 13812677195949629828 13828949177291089950 13826646736614379076 13827019920209253639 13824569465049358731 4604259637487178394 4582049975166300760 4587778501129770070 4576510986619970212 4596397081093368290 4585151180346889276 4598401722338064747 4606670670307829860 0  0  0
2 321 321 213 312 321 132 321 321 321 321 321 321 321 321 4612239834688671582 4607720389185798384 13833890074198972694 13825604577335941921 13828442917083387562 4601483703361468743 4604051288787667467 13827287599520757294 13824432813566201952 4603493030039325610 4591003950041199920 4605401737859963168 4594923238015728672 4603874519678591610 13828372024397096257 13823305687211774808 4604970701072576258 4603189979053139302 4606497251984413562 4595453301149337762 4599804928088682613 4589564639914240722 13813846002181453532 4589809758757666252 13826538034834670113 13827863748384199757 13825124176074152308 13819352223934897531 4603856697484027637 13828325906400090465 4605477371146557252 13823027761003154256 13825728320161951018 13802118223574501576 13816499745768755118 4587004644224518921 13820980079890238012 4605220850750105605 4593963596362277952 4582762486152516454 0  0  0
3 321 321 132 321 321 321 321 132 132 123 321 123 321 321 13836802054628759815 4610641200406541044 13833726867299764000 4590184995987919038 4598760145126945828 4606788010438195859 13819011365496505663 13830008898876381062 4598930091380747312 4607009022502095173 13819533737511625478 13805150459134351233 4605476045128062346 13826685349429221863 4593947282573262396 4597132135497569177 4591022384046476702 13830295617528739833 4603060236283724047 4605530355040354827 4596287831219183246 13808731767370032938 4578578013216945832 13814643234072158117 13829481039494443433 4593982134677917881 4601853610664010145 13825570916272453627 13821839933880006450 13829110326626351354 4576187123785007246 13830145517201436403 4599035709411693486 13799222211843917320 4591195311790322304 13809284639212539174 4588646587230957997 13811358970281737634 13829169377618892835 4602919940218009148 0  0  0
1 132 321 321 321 321 231 321 231 321 321 213 321 321 321 4613281882121861294 13816251485220103136 4612648642500299558 4602675222646474412 13829327768122348348 4589239555059251906 13829340908659170406 13826062039662180527 13799209030901272166 4585758703037031521 13810865116039006058 13830535983963489890 4605109330031894554 13827137194689041766 13817907127257419284 4603639934744911406 4603932096330705749 4602186288644020829 13819678278728711241 13825226711952082680 4605998543802679348 4585014644762498072 4586130979208558344 13813876860024476624 13829924722900783359 13820607823523905530 13822289470359728364 4599482125091558288 13829448270551197117 13823450878075166791 13818873714351664065 13824694946965006495 4606174399325875256 13803929015128680503 4569877182710122056 13814917740812502686 13820761506325951645 13824009704332734533 4605962975844173365 13820663624270167015 0  0  0
2 321 321 321 321 321 312 321 231 321 321 321 321 321 321 4610753077487560684 13836848606722191990 4605937916972327096 13825527965298390319 4592159720974818174 13829437501042590223 13827244609994750115 4604051071068034232 4601193366872994038 4603713624337428830 4604937334761054473 13821239030492931273 13827559921476373711 4599986499623904194 4604091981385107676 13824858115554527744 4602984598945450567 13828084309764259574 13826998041259253513 13828477630255370564 13819903209794907648 13805417946909172396 13808778813709668676 13814988553183338223 13814037986802665688 4605250242745303436 13827070923511334166 4589231048345865974 13827041356703142190 13828661935250363176 13830504990851689365 13815577479170837772 4562360876837340800 4584832998581914767 4591654509215365587 4583080382400934831 4601511020958751840 4604210463373824906 4591129271136565479 13825163734392686048 0  0  0
1 321 123 231 321 321 321 321 321 321 321 321 231 123 321 4613142595384760080 4599573239296136544 4611988396321244224 4601028405506044783 4602943593303983378 13828245142377315470 13818971730440291569 4605788393454632229 4602712159053874191 4606238324625288059 13813293578480812868 4601592261746826518 13827001664088342728 4605342874334449076 13797912517003722624 13827682138545126129 13826255465746146552 13826165223943681141 13824457777421977239 13822552605126480998 4605908279364831819 4588191913879140576 4571900823673199904 4587513471597538232 13817809123861476350 13804852616999601849 4607083717185443703 13828284610925431474 4604088875152933595 13815039861344004720 13827378422742238494 13828338809908830855 13816044207531051204 4586245124829667905 13809823779936642336 13810044099344201938 4603326602332648650 13818249045936940805 4605308892243424913 4594331853075323104 0  0  0
12 321 321 321 321 321 321 321 321 123 321 321 321 321 321 4594775584538471792 4611022624587395232 4608485960686959184 4606342460362364577 4600079617729558548 13820698691209182055 4599256483167813324 13829891319309102176 13820243124798532994 13822192692204781309 4593575155208464124 13830106511820266364 13824320061676455691 4596850845806848592 4606187959921643180 13818635815015967444 13830312065019584964 4594804156238458690 4606272795098032070 13814328828939599627 4601402144686401635 4587198421616492492 13812638696140365478 4585000834979185992 4587714031414185184 13827535775517380921 4604886733664903047 4601399561951963496 13827481282289121789 13827113826541712199 4606297812171779387 4600013422167691880 4598187597550551454 4589711899194144955 4586252660717052514 4584296038334751426 13810665392628696813 4593523025714921181 13822861159982128107 4606615830281707790 0  0  0
7 132 321 321 132 321 321 321 132 321 321 213 321 321 132 13836887837788873911 4612065071920347900 4605159605406848900 4599461105555232017 4605515012743154815 4602361277734133983 13827152967987306877 4603270506781973404 13826420005520484997 13827975794338722595 13817092194581790807 4604380734526576916 4594196110430737785 13808487370612915994 4607088896972431424 13829258775465564591 13826107844179345973 4592096895240918760 4602634210271865188 13829308363926452967 13815249077191957609 13813256328918149327 13795366877788389856 13813535326869603668 4604554837024032010 13827531518229317971 4597764512224486870 4598311693990793010 13813186279592656030 13830226696539599980 4604095316452328957 4604876254043415900 4593348116394207076 13812823681428605197 4588117090104387658 13812216899489792002 13820866225766026991 4599046959578396794 13817343866963315461 4606429367881503239 0  0  0
9 231 321 231 321 321 321 321 321 123 312 321 321 321 123 4608542871868108760 13835521037398691024 4611841689479964288 13821936697956761889 4604893205879754926 4603653616666432432 4588575222308864200 4603972163051064119 13828421011815516468 13830199863204573166 13818728748787424223 13820407244582653375 4606950535375909035 13814704908565503124 13819946707397122104 13818877858427464618 13829494886908052794 13824906054601499910 13817620195204854389 4601983055770438420 13829436911605630909 4576342897420498328 13812698834120675590 4591812934297455142 13824735925631829314 13827110998364904982 13827495505193839360 13828396715782633957 4603944044401220146 13815772934700392361 4602485652940448284 4601892343376237026 13828241490511539588 13807500574669169424 13812026605751357059 13815159562428725779 4602582860633415761 13822128593531467909 4604716719290362334 13823978127557678588 0  0  0
1 321 321 321 321 231 321 123 213 321 321 321 321 213 213 4611179904545166852 4612885911038083974 4614126880487657882 4598846153125271530 4606611942112091178 13819759367103109537 13828606388136704650 4599978367014490501 4602796316038980446 4603135496660585683 4576727874871455290 4605693045251144447 4602184871116316624 13828804241944205859 13823476988020096717 4603836834498878963 4603509105239177018 13826088777944221448 4603739111442136058 4579111946754879240 4605257400194180534 13808438004151724950 13814750304823506668 4588193158666493400 4599176391297324519 4599547650799551123 4606232643246384490 13830120247107170952 4593887295475597160 4598668217303423951 13806725359075585040 13829979677837105370 4599985435042594686 4576379805321919448 4585298567422322777 4592422938404077512 13821949253592575185 4597001163641391819 13809513622691792816 4606609602163893852 0  0  0
9 321 321 321 132 321 321 321 321 213 231 321 321 321 312 13833704126622897842 4609323796710450220 4594958010793143776 4604028297996705326 13825358762187132299 4603614508703123141 13828046814814011387 13817044271597869554 4604308520622059996 13821144104081080818 13829457780855585224 13824507272457713516 4603063796681444077 4603425243638370184 13826994154510011730 4604067432403318072 13828257051960796535 13817256173485099662 13826292072480141531 13822890204119469436 13828623330863423497 4589176440751763836 13805623691523835608 13813719592504639130 13827007489841180260 13827412523343966574 13825269015818855793 13828364829005299685 4604017546230215771 4590419758182965066 4597964558659846942 4600769648094146931 13829528355601400101 4578619434430298018 13812974871407473663 4590152171963803440 4602399487054062768 4593841183399515154 4605925642032535855 13814495040182483213 0  0  0
5 321 321 321 321 123 231 321 213 321 321 321 321 213 321 4607512436767362544 4610387937424512968 13833071722020606442 13827160160392155549 13828588879269669535 13805468700892075808 13821634206539422182 4597453370016715447 13830007215789378925 4604835299154395742 13826767864316891957 13823213982855938580 13823915757604899371 13827190631544072476 13827668981070144753 4599197708680851350 4603649585720400333 13828144720999523591 4606029440174885514 13825833029987904807 13809247934639729914 4590646118797599086 4590839045598422788 4591057896760266110 4605228054938875537 13825897800325772522 13823910442574122571 13820412492489383406 4600092254943254540 13829729557267901744 4603420569765708787 4605332351328870908 4595353686446258056 13800830740344105496 13812950690028507942 4593911763643207356 4587543914165452626 4606676456472683930 13800973314908174936 13814303726026277036 0  0  0
11 321 321 321 321 321 321 321 321 321 321 321 321 231 321 4613853300661338304 4612197912226869196 13822905863807675520 4598159439076220838 4598973736003298937 4606484773018997931 13814737620675967654 4606782239094726903 13822082387994976603 13830229142017303330 13803638163089695173 4598460672600571700 4604667144080177049 4603266799152244484 4600899447075127869 13822129649117640175 4605092774390429133 13826725117333455792 13827249687873951573 4599094862669182226 4604598538252554690 4579053786221370520 13814292298036441975 4590676025897229234 13828912072738504662 13824846795638015276 4600502981327625353 4601990885788631738 13829534937877622684 13803990483456769240 4599864058067299047 4594970556273451498 4606508209816873227 4588524888835828791 4590564740393959955 4589557983216486894 13811748299989554825 4600512468720847613 4605761354040101101 4600488438036035847 0  0  0
3 321 321 123 321 321 213 321 321 321 321 321 321 321 321 4610654632053835228 13833856431808992931 4607252482526119544 4589103340769009663 13830536021333952312 4580059930116995808 4586254539479965859 13801925922486480480 13830545657144593469 4607156990444072003 4589178386785757955 4586127269144351880 13804663937245821199 4606125878454954261 13825501944032109470 13830261154855734663 4592002265664002649 4597516720883113302 4598217654076530028 4601936085852722762 4605849050562104020 13814359611253060042 13810189229375933716 13812519152501225194 4594466630051438293 4606292316112312828 4601016734661357220 13830443845246270563 4594780491409842700 4578048359301565916 13811133131208673190 13824330258787872682 4606398987231325572 13813797685384932281 4590337728532592629 13808378184499336488 4599149000822581714 4597470442074602460 4606395024342714816 13817840448293676278 0  0  0
2 213 321 123 321 321 213 123 321 321 321 321 321 123 321 13837352406098855852 13826360562649103112 13833859793453365614 13821370317309636994 13825059433639039615 13829305679262412346 4601446706929203428 4604889920378551802 13826122126521258477 4605994637713892926 13825983290197248521 4576537417085097723 4598788799556698277 13829724497870138246 13822599186807014828 4601589903973970584 4601042341148901896 13828749544227556134 4605850403644212216 4591263705415916091 4602816416586321042 4591440186145305782 13813364849014197482 13810018649329231396 13823757611748613785 4596167205809883884 4606348257731226910 4604452468914374577 4604518464323031661 4594049043891780148 13827065995469627151 4604325918426964287 13824210820999447437 13814539478182672061 4575135173277370496 13814536350387926334 4605502327885619742 4587636967957913200 4589408908035550872 4602017246537928103 0  0  0
2 321 321 213 312 231 321 321 321 321 321 321 132 321 321 4610755969079255564 4611119818202667860 13828819560590235616 4585856661023649314 4602875632365321281 4605850441291662967 4600562509551437564 13828714519306027371 4602130672078960586 4606489774226657052 4599209164562384105 13820865169701946865 4603732133030857265 4592373951321574544 4605198156960946864 13818561589033089070 4607055687284992132 13792544464402040000 13828474317323427740 13817167333068828507 4603815009898111170 4585526305226287864 13815157003631592260 13809019931526832564 13827311705211369798 13826316073383219824 4603191109585673872 13823483509908182233 13824904537204822653 13828984551003656330 4604301624789349173 13828100092633589191 4591149527275455287 4575053562688527884 4588987791264064908 4591422494954664611 4591771756338799061 13825015360910995806 4605556094436803724 4599988588443766731 0  0  0
11 321 321 321 132 231 321 321 231 321 321 321 213 321 321 13831647369660021636 4610491561898704512 4610160044296334680 13823162339770681779 13823019768041319745 4606102488402412358 13825593146620599077 4605996379996885363 4594361313565341848 13828861395026178509 13823686129544476653 13825192866167808334 4603540157779138493 4603613116278100743 4602947677537191070 4571872390311168123 13827511257667756554 4604924935292900708 4605410232436885600 13825041057954707380 13824197570514484678 4580237125120536916 13814617573176300796 13808542962166011776 13825771566404162466 4605922159866343933 4594923647022840316 13818992510175276485 4590517459398282671 13830378576901968620 13829259804772625902 13826083694634050500 4592927937258654350 13814651684742701203 4582523285501095240 4583844705421644630 13820363535884157539 4605014738693631045 4585900345255512403 4597999788379209852 0  0  0
6 321 321 231 231 321 321 123 231 321 213 321 321 321 213 13826159337754512764 13835444637118549866 4611958944510988384 13824344897192807633 13795335970511323072 4606409348947148448 4603259248884109274 4605249090053863758 4598250982373196687 13828024544117791289 4603750905238770247 13822730874469799204 4595345954524509527 4602928845794579235 4605668366176304604 4600704375723669230 13828858269215417128 4601498194257245562 4606322568524930809 4598180175123341931 13823262523392320767 4587968123444307580 13814701617527110624 13808884973197169118 13814255052368039088 13830458194059674172 13816505111384427632 4606524786513415028 13808795378884028396 13823768592363384300 4600247374385443978 13817625956486096158 4606463937989869206 4591235969293180048 4589525440733797343 13787209224116890752 4601003396285160777 4604557163050729089 4602693552001720546 13825312473480250081 0  0  0
6 321 213 321 321 321 132 213 321 321 321 321 321 321 321 4604703281336532948 4607815439423063324 4613635720088057402 13821117795888424200 4603331873384861365 13828614077430171189 4602071226636974686 4605164793741557120 4601323323704785638 4605849376830234913 13821812057824601522 13825180618424880335 4605780094193041508 4593880926053072973 13826227780137944862 4598194680547293156 13830133625446381551 4595220306669174249 13825571493694693836 13821949036460100146 13829092649054054012 13814716060848147770 13813704659356489575 4589886999654086244 13823812815986287747 13829890707299305109 13806938269893860880 4597600148259645782 13816936016108122202 4606861317981755375 13829623794050515698 4600083774632328920 4598413031511441478 4592281574016013501 4588507162317683282 4590010874221235110 13821742420779826911 13826307765939400922 4604474392165636960 13824328714312760884 0  0  0
8 321 213 321 321 321 321 321 321 123 321 321 312 321 321 13836139037552809120 4609817550747570856 13831457948294414813 13827118090646852538 13828565981145195883 13815337732633717288 13819157812695887542 4580842507776554920 4607027688881883260 13828428991368527433 4603817992298136615 13818097722695307171 4596392860000341245 4596443656779905114 4606809964111112861 13829331607925057605 13824688636219597816 4598538685589873270 4601983326228340356 13829497714269466027 4591107985557495637 4581755838097764552 13812746444425485237 13813633614510086466 13827978958381269221 13822674665076802388 13827189577235413067 13821802443678076598 4606722551339519904 13818751330008075082 4604014854365766188 4586268002035547500 13828394344072521298 4587940336278690992 13811347541383576606 4589708147413456216 4600512493351366523 13821920784788492555 13827965403965698366 4602896558178163144 0  0  0
10 321 321 321 231 321 231 312 123 321 321 123 123 321 321 4612550634026412586 4605481635187994640 4602679397876787720 13827378182352850237 13805469001351317136 4605037394318371210 4603338618267682409 13827609240957728600 4602090953685029302 4602699515576820930 4604834159649077107 4601750951704025882 13808976469881653316 4606288570002264319 4601465830388791862 13824659215143848221 13824370566210208528 4605469707574741942 4606330874180427529 13818027908892975023 4600808188725525957 4590240546102821298 4576238774313842736 13812957362700401382 13821952944817027246 13824775452150988512 13829303492355463631 4606616756048376394 13822824732692511478 13817463292152870290 13820383344829285419 13829151811862003719 4602493309559887562 4585050901332897638 4590358799665607983 13811853519537689290 4599014956645260616 4606190393352214995 4586807853152133565 13825218097312300793 0  0  0
2 321 321 321 321 321 321 321 321 321 321 321 132 231 321 13824998921473574064 13834321101219634532 4611918503441737498 4601745751935496636 4604108176193678401 4603618725939450898 4594321868758098563 13828034203594866057 4604289875699112127 4606123276026490746 13820387787940374271 13824556008380945885 4601989763921600211 4589931832776707492 13829509557136866034 4599454483624402248 13830039385457819656 4591129115273619236 13828995167539162286 13822901935361563135 13825308861203859544 4587156909007256620 4590427110688555646 4579747633424048600 4602569562175134161 13825031482924880718 13828284091907315714 4605714040064829478 4576577992078313208 4603103570186751688 13821027675878812734 13829620119164395831 4600440976081486268 13805552947272228708 4587300406613891637 13813621759326667810 4604341015046380830 4597516159751828253 13822573104008861955 4603753139680924405 0  0  0
8 321 321 132 321 321 123 132 321 312 321 213 321 213 321 4610796065852237908 13831629238281637898 13835840279071290570 4603380360376488285 4582362508077770288 13828895197624838540 13821004504038492705 4606840346719002904 13817547700347114470 4605214979378991598 4598571131068545342 4603231909917388106 4606172479748429570 13825275025123632431 4587910693609280700 13823160595209951383 13826698658373674605 4604901173913202902 13822636235317980031 13827683528875139024 13827518568218217983 13795101906154997248 4589449787976226550 4583336340641680552 4600946175030191051 4604508469464545375 4603446822323774429 13829784036887780886 4599589347745802084 4597681736236292492 13806554199017017812 13827227459584219339 4605161608641943151 4588881055091711564 4584792774693153492 13805111002550588510 13822716009694079061 4604728577946380176 13809294490232586719 4589829519686494089 0  0  0
6 123 123 321 213 321 321 312 321 321 321 312 321 321 321 4611209143672938692 4592776049491221696 4602768452479891248 4589748555987568788 4603809477183501915 4605173854950178825 4602285119799035367 4604141743340517396 13826741689686261184 13829432537727570072 4601097351688318178 13821589689644968316 13827732020487199556 13811715054444625992 13828075411931751787 4595942684279340604 13830346311216773520 13815358831938805364 13827872588572425739 13819964078472932251 4604313220484644420 13814806154230117887 4590639185965420360 4580759772697837044 4599757761206211023 13829647032376334150 4598676812662785917 4604288130408437960 4601549137432178827 4603490117347372818 13827421069492783830 13800746182657282640 4605002994524325424 13815342004708136355 13803945107660873548 4589981609548398606 13802732648956524106 13812947613182622194 4606198456053784527 13825134145984426096 0  0  0
0 321 321 321 321 321 321 321 321 132 123 321 321 321 321 4611049246057984328 4613707473227941864 4613686583794469706 4598726217966238922 13830171282623233582 13812893253228260124 13823212258896227451 13818501235271607704 4606505630554591248 13829623733665382730 13821058115445790036 13823786155143926294 13821083560841429554 13821876129100099356 13829957338162612156 13824631932268201986 13829092388215913446 4599934252925485756 13829432190845104964 4602241900449387052 4590835424418179898 13815189697181172082 4591408536925610798 4588461042885022596 4602792270203399082 13822427712130799185 13828797461128893846 13826094249159889660 13829322500504801150 13785341926432662016 13827803240613341261 4601000522837540054 13826891795242303216 13817051524533589694 13807887599237150534 4589913956142132592 13818563132019525701 13822810754766056649 4596640670844368065 4606364078594057501 0  0  0
4 321 321 231 321 0 312 321 321 321 321 321 321 321 321 13833887514259579453 4614037689200587634 4604717833964682712 13824074089716559476 4599328927850372878 13829342871084560939 13828016587732901081 4602395788919310808 4602671533101744580 4603363730283035020 4605530528781647774 4585429190677994793 4606961254430145167 13814607141453468748 13819762951220297020 4596803760679440840 4594248955430961135 4606885679426382481 13812166873759774863 13830426532978437363 4594820474126659119 4584029769637986208 13803576684789283700 13814859195459192858 4595178239187825028 13829873068026166926 4599853149981401970 4595140768081146586 4600325421302731241 4606411223608946502 13830301818665201891 13814928683695931564 4596908869852530677 13802054900501738698 13814347949024073784 13810315990073157859 13827375235960424853 4592978766242931899 4604630030567351686 4597577136274962721 0  0  0
5 123 321 213 321 321 213 321 213 321 321 321 321 321 321 13831797625786060066 13837266790353054391 13833947013199649727 13818431535925745436 4606123502254808245 13824989748955684613 13827154428874975623 13824954766018798430 13827381880884547330 13828440725056127982 4595244898446912426 4603770011792924403 4603519328025460175 4604629622942228097 4600277925922339358 13828741662328157490 4603405276199687790 4594848399359432558 13815239418279310005 13824005502101521660 4606433678815058860 4584750938590817368 4590454930673653496 13798914752757974688 13827878592377647004 13808918066572436100 13827944954428056747 13827516160670072101 4600826268378216726 4603894010639755057 4598326082279450644 4606434705405247488 13822518883443710246 13804768637980685048 4573466044592858100 4590736154358400732 13826506864278683465 4602053294298538209 4604160910605232763 13819628429916374967 0  0  0
4 123 123 321 231 132 321 321 321 321 321 321 321 312 321 13836092942615411396 13835495441782652782 4605256709532121556 4599765259127412453 4580651293943630928 13830022052710246637 4599280709377071380 4606655093239734215 4593825761202898942 4606174035555816199 13823108975998983450 4599311320801783642 4598465985689605512 13825099192718409226 13829238825666669315 13828229524871216752 13827497796562598276 4592931940795590836 13827090760770545315 4603606406832169230 13826119061553777014 4588394146927954780 13813923515921321180 4586866766565631340 4604437125814190206 13827563430629464916 13821828556326609887 13824671488411276528 13827664485882686894 4603575514721903790 13826779102576810282 13822526280054557832 13828347450109396563 4590567910317948043 4588691535825502337 13809794593435532249 4574522579783555041 13822068552011974719 4578948840961817099 4606823839508846676 0  0  0
5 321 321 123 321 123 213 321 213 321 321 321 321 321 321 13837440540867545930 13835151028209900040 13835738505681154924 13823018328059915767 13829189348713340386 13824474373896126538 4606645241514228591 13821768121562611131 13820345926088360214 4590114951719563716 13825325666577546251 4606145007798435290 4604390725307474610 4598269806376904647 4604275325844084489 4602578206460059177 4602833049338765764 13827840303283023404 13826308065740539549 4605533781249275361 4597477920397348236 4577525952844378304 4586827957171197052 4580457883786535336 13826177685988136374 13828332741714691785 13824431741582485262 4598448270096821447 13826900210658028669 4605014183092019818 13828894682038428438 4598744176737274004 4602726292685944357 13810358879539693518 13801394962749464619 4578316220775031232 13817928447111741201 4605329767884232737 4600022383783636162 4597948581554062787 0  0  0
5 321 231 321 321 321 321 321 321 321 321 321 321 132 312 4607039658121213832 13836834993402006200 13831752539308833024 4600295807877204504 13826748117887771783 4604741094328588468 13796761140375835992 13828620594382415866 13827123523635125481 4606551191128303104 4597216441738162553 13822306420482947296 4588620273617095608 13824846407071742337 13829648451989254976 4600627091939511102 4605747569617163262 13823883102669117732 4606467110178362311 13822898031118768365 4596971366647087575 4590450447108946326 13804699459061740512 4590664470538966378 13823688204707734449 13827506177875514190 13827428020716753032 13829790026699434003 4594049354591127732 4600511842771469283 13818403669534864910 4604818387406263460 13827450567953275764 13813150208486964886 13809950375940944413 13813956049197858993 4589244852067855915 4605353635726073546 4603140754246196929 4597866501367636353 0  0  0
0 312 321 321 321 321 321 321 321 321 321 321 213 312 321 13836991386434100275 4608793114334152488 13818852041387644032 4604151568789735204 13826193886469599161 4603055969192579152 4581142994204367561 4604801528930641032 4604273766418264667 13828283984073104093 13824950740012617351 4602641714083058506 13826191460980596119 4604908042118417137 4601216181516108578 4605823190989775521 4600521815214861785 4600276732270356528 4592937886733587701 4603081077748649643 13829030080645630508 4587446438075901640 13813539817151123765 13814802541129535885 4603207424187196142 4602931456111272354 4603935841784647039 4605479054419022178 13826138175677919930 13822223268625229971 4595442477708994460 4604293333006711445 13827968920911229267 13813234607662191666 4592368790602423637 4582537718508943110 13817088217273756769 13818452122256005706 13826923038273809952 4605157569830724182 0  0  0
5 321 321 321 321 321 213 321 321 321 321 321 312 321 321 4611722018928537302 13829646947976524008 13829832382704777684 13810227486274042475 13830534268151082350 13810473754833992546 4564192293267204189 4587099705166327212 13830544000045099968 4607172686092942146 13810229572502605124 13784071064938983734 4595685428567681927 13827432247618777660 4604796528222905226 4591475532237180054 4604980460147473903 4604014181406956810 13830364851713416678 13810418755201850378 4596317212343354751 13806108581674893100 4568497972154325088 13809144493504457754 13823845265236983238 4596513225408670903 13829683113244907256 13829687878038237506 13822329349641321544 4599284205946865766 13819800303238222163 4606587888488601804 4598986576674649439 4586646979362786302 4576490693547134916 13794594848955232824 4602521660246767915 13806707764008638235 13822192149921764635 4605582277796976972 0  0  0
4 321 321 321 312 132 321 321 132 132 321 123 132 321 123 13834267397900814111 13835266854718703908 13837220746618057864 4599289632819722160 4605867886748994865 13824543521429113289 13830102174594868592 4598508441116220359 13818328740268081792 13806361089810897022 4601697527936647544 4606235823907228335 4605277370807467536 4603704143344982133 13809077440384909372 13818773894315166878 4594981596883664996 13830298741331084104 13826863297266834255 4605135699807542295 4597578549344921637 13809112095039013834 4585036521723145844 13812603800525791778 13826308604931888824 4604150622012739650 4602945310102573876 13827637441812358146 4587096510536463338 13828169293445640892 13826169900688413620 13828273049910207502 4601293824285840320 4576538508546853292 4590025817518425676 13808175294228932396 13821870889173186647 13813700690811753258 4606795348986139981 13813671538387706617 0  0  0
9 231 321 321 321 321 321 321 321 321 213 321 321 321 321 13833031080946529668 4585435334882101504 13831167259618635208 13800347411714213254 13830204448597292089 13822013319563297069 4607050986427660816 4585538007448600108 13818523306870119732 4595289622763908885 13821971015432174548 4606702692589629076 4605122336074315553 4595454460579090618 4603688589850970546 13821636094989883811 4606874994460930803 4586775861098735900 13826800311525581875 13819437704991015456 4605285877296148982 4589373306004766926 13803579947388409632 13815222208894574344 4598508878810890159 13817021096703942144 4606778623613278470 4602988518914643222 4605779947176240662 13809299637330000166 13828766121906211834 4602869519026093760 4598956001283017141 13813493778447332512 4583030657589393389 13814511223763198984 13801161872164229999 4605252644525661399 4596523327172986410 4603433323629795897 0  0  0
13 312 321 321 321 321 321 321 321 312 321 321 321 231 312 4610861477638927200 4608638878903176720 13829056609373010968 4602630703370204222 13829011543340358735 13821668703717768893 4590944130460302670 4599835388384864298 13829974323501780730 4605949997760074005 4601650604429435877 4597900867401535836 4597169979491089300 4606949258174626783 4586230815008850256 4604105043298475462 13819086012335336282 4604754636927251782 4604653249278933480 13817386150765390328 13827687043059501473 13811705845794204823 13813027437985808853 4591466783152801044 4599958089007754104 4598985794035688019 4606187060992264507 13826461911939042652 4605702042535299284 13812581239313648598 13828409899909901271 13825390263856507730 4601824484449686114 4586465371509157830 13808272826984305354 4593168995218608672 4606313326981904879 13817605932842146062 13817772821980771351 13823769289357356579 0  0  0
6 321 312 321 321 321 321 231 321 321 321 132 321 321 213 13836516216341063602 4599051762181607624 13817579748430416512 13824662535266471450 4605735051534834366 13823197274027103737 4606309332810108591 4601264949186933589 13813975763672810251 4590054856244555632 13823228773216951756 13829980032314518750 4600522148199344838 13819721819999379623 4606309935067355432 4605848806482767744 4601878481315645648 13821694488279817420 13823528490615941098 4605989814068245875 4599851743982198444 13814578556275203344 4590452721273443712 13810850947575284298 13824569243211959137 13825701991951584352 4605119953779449238 4605560290273884425 13826636821160145003 4591293806400673128 4600723358975558248 4604215441143022042 4603850922632157293 13809273388726827265 13817007719618270286 13802405240431011904 4594823921308798610 4602916358260422954 4605413982358353733 13820788430574132090 0  0  0
5 321 231 321 132 321 321 321 321 132 321 231 321 231 321 13834618865583807015 13831213356754998908 4609204676695557616 4581440830658864083 4606935637880118435 13820884677318592022 13828778350140228336 4594707248848587287 4603363979601566016 4603542551805067342 4595450718054425564 4605235981871547563 13824189936521210596 4598336071569802857 13829479660357890430 4600121646583707476 4606525324738334084 4592683081627052740 4605788471075086819 13821928778828989864 13825338699914748967 13808491364906949706 13814429281525702712 13812019817930893936 4595925460660706528 4606210345031194577 4601077687516268490 4603107847236185186 13825013742803744521 4604571957357775153 4605519937712450059 4591289604154152304 13826694967003308450 13815948933191340208 13805201203416900216 13791413886452992368 4605293430929485054 4591574380409115074 13822906714161144101 4601136332430195942 0  0  0
6 321 321 321 321 321 321 132 321 321 321 321 321 231 231 13835031505532285250 13833415036020369943 13835658677056144562 13822228526530928075 13826181926799658577 13828822471180326754 13809049679195048492 13829082175792054967 4603098200371199153 13830166422940610975 4595949711475059104 4597133092145155476 4595495405565225262 4606386749871302278 4600364353393390107 4596286164365360893 4599743738497043527 13829838530968112091 13830234065491820948 4597637024585810983 13816749607518012782 13804013822002277516 13813409529528321173 13786348170077459328 4605033939301483188 4593003198377045796 13827291916007496508 4603372986914254452 13826673763538542406 4603450802674334572 13822361858009345398 13828879519028913263 13826052447523367830 13805099433080049938 4584741226268279703 4589447907626137205 13824018431204470474 13795468961635842139 13823129529006845632 4605902217524549951 0  0  0
10 321 321 321 132 321 321 321 321 321 321 312 321 321 321 13825342308340007488 4611184553642341104 13832462392776536523 13820265018053197663 13826443988232338503 13828856289644128188 13807644302332751562 4605687670932809857 13826509134379978599 4606968823477877544 13814799793628365864 13819568500345816834 13819977783021795821 13826707073802089476 13828692075320352599 4597115086201065402 4605043953608007902 13827024745765941918 4606761540759254171 13822457127071006993 13807984185815377599 13810818869482664388 13812268536648055956 13814262677358707205 4601039461897538222 13827150795015713508 4604188431626867377 4605084712001457244 13818370814005855311 13827138651088737958 4602574940321750519 4605074867039857254 4601076273673957489 13809391453557261774 4582766593982836382 13815742013378975435 4605522718754096146 13824141549550297639 4594599722499025658 4596547233436539692 0  0  0
12 321 321 321 321 321 321 321 321 231 321 231 321 231 213 13831258485750098220 13834757336780392108 13832262119735338052 13829577206622658322 13824966499209110152 13815861258168005888 13824020477150099103 4603720006511953602 4604357126230441352 13821006964200323351 4604065221059763125 13828024677830032102 4606778595238147374 4595575411170766385 13821068268196798792 4588414484779916003 13829612104919493389 13824998969825040590 13822276422683405168 4601026058211839767 13829342270062046615 13814418596390183896 4589997996938570286 4586927503921873816 4602185513313241979 13828277112198935550 4602089953281240120 13825257462351681240 4598047829878484565 4605878128038002798 13828340001994097320 13827106976779347712 13820617437922007640 13813456741311666503 4591782357892779161 4577252670788100868 4600533710846179706 4595647229515174469 13826731001307732489 4604488902674693886 0  0  0
11 321 321 321 321 321 321 321 321 312 321 312 321 321 321 13833148129759123099 13821693527168875912 13826094523488703596 4598280943826122730 13812719164847633468 13830234922981499674 4604455788855414186 4604511502485745823 4594124803204448232 4604206191343622640 13827922092543156606 4597285637409596160 13812044860774271038 4606788198369756919 13822206295629658259 4605547264515951611 4596761044584650244 4602989699293313645 4603322992575741445 13819853450954446365 13828708765541179886 13811731930596771485 13814853872775095829 4590921576944606118 4559713910258733568 4607159051617800451 4589851225356823883 4599007816192327284 13813005656482606784 4606755724401232968 4606778175404794015 4581607203480940288 13822366895015792369 13814388710058159418 4589880940230022811 13813941723397064020 4604233902523096798 4598096597944612611 4591822836338879013 4604391235935168719 0  0  0
10 321 321 321 231 321 123 321 321 321 213 132 321 231 321 4597001909086805152 4587575611276100736 4611697243224246162 13817925873625983489 4606852333708911232 4597192372733579989 13827076174487863760 13821853611957055199 4604866765403593223 4605157179477498855 13806424719751225963 4603861031970296491 4602910732361280495 4605827999562662968 13809509126469421312 13829091073515757367 4602755422242758810 13819742506716812113 13817899728939534378 4594206019369647312 4606992697565417661 4583433256813851152 4587870114918444892 13810266501320714784 4605828251113189648 13821182937297037107 4602131415459835207 13818228215108995825 4604786266738041543 4604125135268704752 13826079204096285152 13827270453264333624 4603451212925285084 13801358027480168373 4571422187079541228 13813435958231512614 13823569969412682079 4591149570900785877 13825160548025840890 4605479555586586134 0  0  0
6 321 321 321 321 213 321 312 321 321 321 321 321 123 321 4607995417538098648 13834265666423955963 4608466492413448556 4596601244980941264 4602723776204101433 13829096227780640217 13824513639676634655 4605569572217023052 4600743543513110501 4606158087165194758 4598473211029984777 4600495004320258544 13817048561869842426 4590292908909718044 13830455916617072760 4594777646711323467 13830401313293936510 13815049910410964596 13830372928085545146 13818527132304858906 4592651774283945857 4583214889842661192 4587847315533682396 13810197600639382557 13825951170873372976 4604965871355816010 13824836149195294314 4603037658581016692 13816948159012023768 13829046950538536902 13827683246391472719 13827358949228749177 13823273742391569025 4586970238168907574 4586799445693795069 13808761727995270293 4600664621709496654 4579026633738181167 4601692739744876228 4605441882891730179 0  0  0
7 321 123 321 312 321 321 321 123 321 321 321 321 132 321 13836970858819698821 4613346875038911406 4595310394230408320 13819240285517813283 13820304649808963572 13830181824481163684 13828974335249689805 4603262443000301252 4584915155668168816 4602987944543719885 4605350297226474307 13822137015889311884 13824883412501927902 13818917571688651846 4606126455468492194 4603380047254827117 13828814312437824121 4593534337361336640 4604394059023421662 4603252373445256416 4601839405966912522 13801602168829431848 13813297518844720610 4589870608103141678 13820575001019841279 13808193157153883872 13830322778080557824 4604771164282995765 13827539299243797089 13817783832869401694 13827342783230279230 13828265903846929293 4595366450619962792 13812741335468332541 4584034942713473136 4590053584985700268 13810756790704461512 4605297715884925513 4601139590810724248 13819492434499388331 0  0  0
8 321 321 213 321 321 321 231 321 123 321 123 321 321 321 13812357224973743552 13833838189432769583 13837271084866732799 13829308702415461703 13818529377017623265 13825680229502922935 4602372520752437919 13826576389384244152 13827622702145742787 13818144591497281745 13828868148614025530 4603231997202499502 13808825663707492260 4606706354429292336 13822784718390467591 13812297730092295494 4599367745757236453 4606702709576710104 4607159657187669140 4587965043252392847 4586788859487868424 13814903287485673656 13812609221449354613 13805321855084152780 4600037822159324999 4594253563140620744 4606504750386802905 4605317959348391350 4602304061943306944 13823820423756761045 13825983181094465742 4605978004493878156 4588434719240264886 13812563409189076211 13815081334055749269 13799677716612987071 13815030802550958530 4577205424517678508 13820552570783418328 4606912712608531303 0  0  0
4 132 123 321 213 321 321 321 321 132 321 321 321 321 321 4610406063612926084 4593510166799821024 13826066991976324552 4604607043717270753 13821219485421812172 13827467813513595112 4604377420406948158 4601076850598021804 4603556017119024437 4593718151201415840 13829466347153272667 4601947768623730581 13829933758782676325 4589648672353825088 13823495958067270139 4599652747547632056 4603286186845006006 13828334316127572910 4594612642253652582 13828937755941618503 13826512879288536277 13813963605438692844 13812845564120289918 4588181240559374400 4605532527685156556 13826724023225758531 13810701511105927512 4599612134801192522 4603002468290425299 13828547604869766271 4602198571560743517 4603745533109101335 4603825353980442724 13808086763546969760 13815685091999267281 13810061026855909887 4595875799374682513 4607074639117998692 13811720168845423880 4590289642227925777 0  0  0
13 321 321 213 321 321 321 321 321 321 321 321 312 321 132 4611473830906354932 4613759372500046366 13830279994347274732 13823455648157710560 13829415686458767178 4599651264872348170 4604073702540644806 4581490815482218608 4604979946104476154 13827552181744095699 4602431577361464495 4603263077289340386 13819457107436739260 13819480614878345210 13830214930858398824 13827128812492758932 4605238197954892807 13808338347654394440 4605029818071280057 4603488717973529764 13821906105503461150 4590817155733427408 4582720087664674188 4560517667518205184 4601154466546383653 13822150543813649338 4605960546525305950 13829419114137063294 4594183149015013934 4602060070174102845 13821589092182644340 13830093459934055663 13819383211743545374 4584077200367824044 13813141025273885590 13810010391940308916 13825472874809576867 13823236959357954277 4589735323332653515 4605481085538853950 0  0  0
3 321 321 321 312 321 321 321 213 321 321 321 321 321 312 4607194702911358224 4612180050548934528 13823844734197649384 13823737960202531584 4602433333500877896 4605298021492851043 13825817961261348781 13828998766550611446 4598714448519299729 4605294145657894884 13822108329975647804 4603078055536259076 13827175347970754810 13828533383049343888 13814477615806075039 4587482577348687146 13818111586355503618 4607062295026257890 13828564721539630780 4603687347242083869 4594069072721994733 4589312823567310726 4591787794610540368 4582108817929621016 13820962747249962616 13825997640043188622 13829074030445089072 4603637937856887263 13828269368001700152 4598611888201142598 13828392290386466112 13825018467097063794 4602245008562305002 13814011592035571014 13807248071351775160 13813954861991918747 4604950320121342827 13822334868656677526 13818546786474829043 4603271627100709566 0  0  0
10 321 321 321 321 321 213 321 321 312 321 312 321 321 321 13829356767273285024 13811716300567296256 13833532425540512302 13824665389077653282 13828793599947910408 4601180932208351428 4606300122969861549 13824562637361438513 4592591348874253525 4590824326759123015 4601283814431315416 4606302358043142781 4604418500900360599 13816923242620727700 13827943903392852725 13826941900688164820 13827372515009926910 13825551021475672111 13824268306062605501 4604954748803073474 13826250312014935098 13804602327440815960 13814046593090152183 4589736518636435066 4605997753925134534 4591306088818034046 4602446207795391394 4599025585678751585 4604386482670151777 13827495668916521917 13824191063840553964 4604645196563980159 4603322809160191790 4576806200301400548 13815944711260814140 13801450995317488424 4605557549652793855 13821109900361455096 13826627385085375526 4589201613305846879 0  0  0
9 321 321 132 321 123 321 321 132 321 321 321 321 213 321 4610592796134776652 4610812293764443724 13834093662203816500 4600692704663773266 4605505022064019409 4601438144416978276 4604047045262432302 13826721563937611953 4602588534780952675 4604034177934767731 4591015105451881894 13828342259714784887 13821095291650358312 4606337034708077957 13823349181119822981 13826382036405647088 4595578539693400338 4605603955526161730 4605467684037636667 4600584213996676298 4601672522571434160 4575384777352354480 13811042268706121856 4585682205439825640 13820272092876466602 13830341336880406134 13806686784409007027 13826768962900541303 4594544431317399495 13828762296761460134 4605255254580720472 13818178744508949577 13826933866429786874 4587111545870277459 13809709219768573854 13799599574605958777 4606013918316291068 13823173464215726068 13823919857511522952 4594184754129091983 0  0  0
7 321 312 321 321 132 321 321 132 321 321 321 231 321 123 4611274593288617276 13832388765854183659 13836314486662644002 13822082601350895325 4605331663204653107 4603029826836211162 4593361924262803734 13826301457036535490 4605747883348994481 4606754259127916340 4599079957508269878 4587617394082753750 4599307958260623763 13826603630469677346 13828448027531181812 13830049775796048979 13814853421010027624 13822739512493110814 4592231612403969449 4605580394117446197 13826586929317354394 4590726565775901698 4588729823555145400 4577833633484545856 4604215216466882994 4602497774021471582 13826564509287501440 13828097612683602518 4603421283558940567 13823586219982219052 4594445759443078569 4604017582227802417 4604902442489425906 4590363612726525623 13807895040763249508 4588742280229063366 13822177710173311867 4604703027428145649 4600175686544098139 4586674303392186371 0  0  0
11 321 321 321 321 312 231 321 321 321 321 123 213 321 321 4603701227761983192 4597918970337934576 13831145473054789668 4604598720351971016 13827192049742780186 4599330094595376726 13827823357268388025 13826812927164360091 4601158383626477118 13813572282321383062 13826188232367929472 13829235698816349390 13821137657951915577 4599432582189318719 13829806345067368281 13826636756872870649 4604680233161992963 4600858113137305771 4605289058320855321 4603699462904124626 4575973464244747546 4590734118823602348 4585464226252012404 13806930667982530836 4606951223305604574 4597212424313879973 4583932124273164632 4597277078351246216 13830227285796873643 13817719905282736112 13795134050848177088 4594447718508043760 13830457129720506622 4591113676000284359 13801767835707572172 4584792178358572903 13826725258104014313 13823841388271894981 4604705308854281229 13809157534969458293 0  0  0
1 321 321 132 321 321 321 321 132 321 321 321 321 321 321 4610807202864800924 4612777497870472962 4610918420308198552 13818517041059353544 13829477807646526375 4601672425951640008 13821274843267782680 4602191820074261512 4605804941375112924 13830157037862579549 4584894838609088870 13822302462308757008 13829295021232064011 13821100493150112374 4601801001686633375 13825732226825445421 4604179110669235040 13826666838159904490 13818511946135575595 13827911442384861205 13827743852968602180 4587416019031920280 4586299823050580488 4572197224251288320 4600322642773794491 13829761265972099766 13818990680566383062 13829910091572532625 13823715402614099739 13807161172244401840 13809381072062153296 4595532467819486776 13830405269797968536 13805117009334679169 13812551133042717016 4560058618138102816 4600650986318854803 4598470755591507142 4603527201331048744 4604053154109074013 0  0  0
0 321 321 321 321 321 321 321 123 321 321 213 321 321 321 4606044281857277184 13836224671617758115 13829773305024583392 13818708144514786061 4593997528353250306 4606966922895269252 4604122699838532797 13828029477542214051 4596901506583320992 4604761514802368334 4604311398178654656 4585161044526160764 13822114243748039313 4606470089065769672 13821900431415974195 13818651318597864308 13822885580198342045 13829929583123757622 13830054177438953365 13820330061740718313 4598084676280516285 13806997633155141948 13808090669915676602 13814667146270946119 4604849513648492428 13826479493485669682 13824045506233971922 13827534575691222554 13826195677765595894 13826412831898237758 4591525064803009542 4604107744686750626 13828270301804957714 4584858802505860303 4590746525850318528 4586677913139967960 4605156159881838531 4596327066113502144 4598204398324296572 13818238425975333355 0  0  0
12 321 321 321 132 123 321 321 321 321 321 321 231 123 321 13829448577745446036 4600236379071591176 13835444134874256706 4597199161255150500 4604503591142080289 13827634139820389577 4594914555926138636 13827943861489754339 13827723757412178755 13830209503213195346 4586656006674791589 13821914108040902706 13829103492694290875 13806291178627032096 13826444340428415614 4602421680096592977 13825786855024662038 13828095376070124507 13821387242639083552 13829419185007252838 4601226839364134421 4590501394236729054 13813385109893768029 4588051231061986428 13821644700383190459 4602634343524848658 13829014158985766308 4604903704452591814 4603992859953772117 4594842086689968604 4603703757208183739 13826762819157649190 13826380765978607897 13815458941584563924 4581765131675956698 4589227101357915227 4604956457719076334 4586757336590503263 13824430812923903292 4602793872120807066 0  0  0
10 321 213 321 321 321 312 321 321 321 321 123 321 321 231 13821791939851608000 4610822658872041744 13837325346825988861 13830003754979053821 13821318965652288723 4597931985636959872 4587146596914730531 4603632874143958772 4605327353180589325 13823184223860251695 4604996276467427147 13826564843453621838 13826059365767216394 13829256858696451409 4593785447980862482 4603996243493061136 13825482176837097572 13826973411889396064 4603360408806303715 13820428799125197146 4605271270215568868 13813624827666828986 13795821581735830944 4556007083227943680 4591259643386823442 4594970034013495878 13830398586140190920 4602521258000811953 13829344768829653288 13814961957183234169 13829349241712884300 13825581684208157622 13818245052108638717 13799310901416529014 13808401427494040415 4589672270737606752 13822995688446725662 4603624025596180614 4603784268668804714 13823713603909466959 0  0  0
9 321 321 321 321 312 321 231 321 321 321 321 321 321 321 13830468298400956416 13836897988784230690 4610877671259604000 4577802003576078226 13825411169822667888 4606151122534855809 13786407113536570563 13829523740862843563 13825411505507401587 4607181813587528837 4571632773023883011 13800726331800673057 4605538940169260258 4596532318684194326 13826396555453481880 13826700322676731731 4600788780462584898 13828021208269511194 4589405154342553157 4606242225754707207 4601596740559748955 4576781630609367080 13795265246725263456 4581596388245992904 4604584948036372526 4603921060965801836 13822346608952444210 4604164483448398103 13825623463583683645 4603357408762667222 4597339910631259345 13826998097945745182 13828420700069316797 13790174455756948070 4581569702315220662 13800727064351004682 13824881935260505541 13826659265200358627 4598740123639310709 4603938458177638660 0  0  0
11 321 321 231 321 321 321 321 321 321 213 321 321 321 213 13831108535707165640 4612292507779336866 4609683519243564592 4590161352884379433 4595225890898969789 4607027558051160106 4600090328521908881 4606425795403061409 13819182564375286007 13829935197402244537 4600233334376874338 4576899381275856173 13811752975277979815 13821881464104192535 4606836316292766033 13809853726198813293 13830208029996788626 13821928151114992150 4607159073057991074 13811839680940189833 4586367301266589760 4582052553251484288 4585515552547690696 4591091984368345450 13829306882749803995 4601255135479064146 13822158501935641185 13825174651616478736 13829572912112475672 4587139086957480866 13820920575543960609 4595288231703445021 4606800705539790351 13807330360512412816 13809124904495411324 4590902498447589766 4579234007134287994 13828605399760506571 4592627853079258005 4603680256433201593 0  0  0
7 231 321 321 321 321 321 321 321 321 321 321 321 321 321 13837263179055669514 13826084575546235064 13831673317428343582 13801129307799727925 4607012162444731759 4596127827273486112 4605322812172220412 13815863628141617138 4603568205608608842 4603655266217065406 4594938038289547571 13828548535401621390 4593894673282236698 13826588949338179413 4605545066402623434 13829251070017319162 4600038151684953776 4600497368955135992 13826062183435290089 13828298388827063099 13824832696054659234 13804523375181953332 13802000513143455920 4589503818380562994 13828076586370752654 13824181415736859391 13826622745321392233 4603574293630143206 13828445932536235204 13820918987873069750 13823158389007028428 13826108068304197309 4605315327780812871 13804473559750651854 13803961848411400856 4589440004025518414 4605671346554546506 4590209819235895135 13818042619801614470 13821826913691757766 0  0  0
7 321 321 321 321 321 312 321 231 321 321 321 321 132 321 13828312462925550932 4603237569888331080 4608290920029643316 4601132809072419914 13815877648582488606 4606314728786119316 13816855152728670489 13830468616147688969 13812588956779102368 4606299082903967822 13814120071364321831 13824673649094839005 13826520080987845996 4605560995889045572 13817982059473073052 4599130607235534319 4600266794640986025 4606100206635115180 4605171684252550617 4601597744773707254 13825161108640610553 4588190902814634024 4589483542341070670 4589234498651614404 13817762579741845094 13827014670347647469 4605213141948108872 13830203363526912763 13815352599728348857 13821676196058969672 4597650261910262307 13828646600058241839 13826668992590697481 4561290011588340608 13813559520570354808 13813488229664478398 4605863301495850478 13821980384843622556 13825880367128972039 13818000025244549602 0  0  0
3 321 132 321 123 321 321 321 321 321 321 123 321 213 321 4612524490849403914 4603259012124688620 13835067160529769430 4594527389213370942 4605044335156698296 13827217327998218859 4600347314782692386 13827250503437224472 13827667827138607457 13829805175976403258 13817303018181495113 13823831451796284659 13813893424432787813 4595998002135948776 13830360774239373776 4606991325623498424 13818667780108762619 13816269465181605025 13819316381897999436 13830257439283853450 13818727064788072841 4591405071050610054 13812532852782931204 4590836715527449922 4598495719209962247 13822751609724820488 4606370734977129662 13830217523861928594 13817167206870619742 4597763780541131661 4586107077602986392 13830011670114384297 13823157647884223790 4593511433568209811 13812408826634354510 4584985020835091468 13824911629004228766 4602617372899404021 4604575498053341094 4597824303625286150 0  0  0
5 321 213 321 321 321 321 321 321 132 213 321 321 321 321 13827792816664298432 4612884928954753284 13836393121992027965 13817164928626404433 4606649946456599642 13822690532875293236 4583901588900761709 13822671995157939892 13830099666213192982 13830476221742862645 13817254450337836340 4578759227633174052 13826102914702636228 13825326816098695181 13828121671487318408 4600752893567981114 13829437607500190538 4598705858213553222 13828463867327225431 13817784964505594135 4603794010862863591 13801515178961272616 13804559956107252128 13797827744858031776 4602534929341371541 13827796222074495514 13826284397197011140 4601411731844781726 13823022667238386710 4605739290123821606 13828367281456490198 13827304245619860071 4594024309848922384 4577441420698870940 13795240798641092341 4581575304412551049 4599735448737303609 13824195769916355097 13827252637192421426 4603332503989240644 0  0  0
12 321 321 321 321 321 321 321 321 321 321 321 321 231 321 13832687686423950946 13822583924133735136 4613148615440674516 4596485170794609333 4600420628551174917 4606323597654625386 4602871788784399304 4604846209359477060 13824677730572577193 13829012213370994992 4603199187492074352 13810008449598546108 4605883273434086159 4593305730380564958 4602708296867726496 13826184330675656647 4598963301785668724 4605429646216608341 13810918653110510308 13830089060103995775 4599312237640660583 4575821856188521872 13796921872953170432 4586549181708286304 13821005472466975085 13829206841750961569 13825524561708176596 4582856785548336436 4602298747391324515 13829451191333555293 4606927365911065056 13820392250271910338 13814614062433196617 13804125900148181782 13809522618045162423 4572560704869843096 4572297560540515143 13826932942906732961 13815947682354266825 4605326732896925561 0  0  0
2 321 321 231 321 132 321 321 321 123 312 321 321 321 321 4613156261785506724 4607066026663932024 4607659190959342680 13827499846913732118 4600654078160821512 4603963796556299060 13826846096062517189 4598430457977445681 13828431317826772923 13825438560660765974 13829502086550147238 4587862671206498316 4588310037207605467 13829926518682937682 4600200996312020559 4594837174549648909 13823352176490865337 13829864201529129203 4607055620355686984 4592536383063652373 4593728499406635421 13810635636217031949 4589148309803140460 4589876056336569950 13811787388777404388 13830164725600112976 13822182801351297644 4600457521340455288 13822183857048207622 4606113236247661099 13829875002952081510 13811745212018063526 4600458320882966679 13813619123814563418 4583549126127166436 4589655257464920764 4590603209304727668 4603719626656854984 4603416582718495749 4596723706297474046 0  0  0
7 321 321 123 321 321 321 321 231 321 321 321 321 321 321 4612209601227011400 4614066495394407480 4600428628749838752 4605353462569659013 4603440512834747055 13818023343858026120 4584698677125257405 4596784739643212983 4606974270603196710 4603608637204437327 13828602780769960625 4594574959271295191 4592998423447170254 13829604685172727335 4601449083823399645 13830461188508066977 13812834212085790098 4593749355509621165 13814161600458970966 13825005520053074281 13829590614696804896 13808416062911747366 4583375943905889912 13806726344826180124 13826166071667158912 13823122241813168938 13828657733523237428 13807219133278141952 13829764950780797826 4601029237867927526 13829275819134370945 4597522026233229138 4601926828702823845 4584137076690531836 13808487042797247885 4582299724378133091 4604834251157736368 4598131817740209968 4582771183072427131 4600022795438692357 0  0  0
2 321 132 123 321 321 321 321 123 321 321 321 321 321 321 4610296729990564856 13835822542616022445 4614163054743915984 13821593524532939491 13824652994366723510 4606016061949037891 4605684898502794444 13826515217164626933 13806446511146459840 4602516739749917101 4604653915370921308 4602525342886853785 13826449464327066331 13815947960021976124 13829038584577147176 4603938919344508514 13827811265549812099 13822933170304600347 13826433743940122147 13827943648335224840 4601755690216216490 4591710180135963952 4591427931268456984 4587443956354426732 4595192601842360712 4605569790691828247 4603092686580603413 4606947827081931861 13810960496317312984 13820495420962973030 13818057333999355297 4603297177070747238 13828826862710088422 4593383278235474077 4590374006444991006 13791149923680106944 4603642343801574573 13823656770077027092 4599037619456825480 4601741099718101520 0  0  0
10 213 321 321 321 321 321 312 321 321 321 321 321 321 321 4613513117401314580 4610072794954829924 4611820558982351070 4597487594501521675 13820461664116006498 13830084333778257512 13817144887527274674 4606811657832298660 13821611497926289034 4606863050246661781 4595642068256594976 4596132679710199911 13830304494248872320 13806617636737240844 13820915439929572258 4596936998496457130 13825803593350862461 13829174392317512597 13814575496106817442 13829414230553200373 4602290725744443056 4591273980516582826 13808273117472088020 4581246803087978816 4606884112168742268 4581161358966452547 4598256482929504622 4595963848188474423 4603744467803641391 13828419421812071570 13818734729548463335 4605252191127283661 4603527577787740219 4591365472357360567 13804168976189801989 13807702318216305428 4584742229561583324 4605521484039085353 13826597008440500589 13816911710354890966 0  0  0
1 321 213 321 321 321 321 321 321 321 321 321 321 321 321 13817979293586355776 4614165156277174318 13835716551477076040 13820775454407669054 13830311606321224407 13807905920384849072 4598642599862331884 13808493393364747944 13830199184350624336 4606584328743540654 13820756808934782683 4598650307609723138 4585666765120129084 4607105821011462558 4593628620594431784 13806314997811364441 13816935238973476520 4607110569743098223 4607172962646346037 13809448066789431545 4581521085026747460 4590951999090920754 13812701940771752014 13808340660277149220 4603291739371132242 4605432795599283316 4595205838580661850 4589872875649580544 13821577592733075060 4606868125822183812 4605559458723008758 13826376136644133180 13819789405550760197 13799249133144352504 13800056181761391888 4592803989925467744 4603763220706263625 4596717198951698842 4598878521242976637 4601717502486934476 0  0  0
3 321 213 321 132 312 321 213 321 312 132 213 321 123 321 4612119608343154404 13836718735785470398 13823317209395128896 4599528536330802413 13822521390649043470 13829612761892123527 4596754811429236618 13829652314955985238 4600553538758784980 13829851249924935322 13822677934761721129 13820773703082671225 13820518067677610257 13825016402887285935 13829374160482081110 13801122436403005706 4606211440102328682 13825177087337703140 4606958212957391299 13814523995952980619 13819840509423158270 4578552910718374656 4549995777691138560 4573656406769501136 4592652442640710504 4606836639701705180 13821565794122326844 13825871844067346902 4598582946107816827 4605632775073146027 4605962928319430238 4584660434487639744 4602692084875467727 4542537809898274464 13786620076002508740 4579310733756778578 4600559647683066752 4605342808355999027 13814034377698487126 13821332693456958870 0  0  0
0 231 321 321 321 321 321 231 321 321 321 312 321 321 123 4614048854201665520 13837232786447277247 13833969098635366304 13827812142378027165 13824892542346864387 13826693088782517327 4599790091663182294 13829654472728745269 4598588430953503366 13827250055534963369 13794863480670423831 4605147040671512874 13820789475744281333 13829463986473062766 4601208652932131762 4605485352050279421 4589345091184082648 4603404873272168474 13826388567634892488 4602183423556380669 4604466375531820393 4590970103278359934 13797042536432250800 4586928550390365580 4599420011984871264 13826861407845785567 13828227707731177194 4606621553053174294 4590661655414809746 4599746850630416088 13817484687928826910 13828781027974480422 4603397680782520846 13793157620901382016 4591682123133163568 4581453170526120228 13827288145742021922 4600721059671524450 4604036744802637663 4593885137079773990 0  0  0
10 321 213 321 321 321 321 321 213 321 321 231 321 132 123 13836015107101879484 13835741337651560554 4608911927217988120 13807289040416590543 13827084853930682608 13828646413181119262 13824689173871485779 4604672754837875097 13826476575887467802 4606326877688647466 4599415029053531738 13822116494559728184 4600213888564627943 4589837192088337468 13829914527861660499 4602444497605815713 4605699563734516265 4598264238867787492 4605329831548829076 13826456003286536319 4598507059710793253 13800684103872134000 4574447159683988144 4589029355416037380 13827936460556727106 13827799049055396618 13816882870589072257 4604354075287319969 13827309766186954520 13823287008785655957 4595005074860025772 13822989481514479558 4606551494377898155 13795407271040644620 13808286179219461847 4587837020344994318 4600579634449026053 13826841338076219672 4604551333943314820 4590418509926346754 0  0  0
4 312 321 321 231 312 321 312 321 321 321 321 321 321 321 4613614973044716104 13836906650032334326 4612270005270174600 13822821779546622143 4603862204709550752 13827906593036702940 13827087129448761415 4601382352097068102 4604139747802741580 4604663113604299729 4603999650029988074 4598193954988312890 4599102482829728630 13829316780751197391 13824362280080330807 13828412667662610455 13825582812378211811 4601613023319492147 13826706926798323069 4595536486551989574 13828756459174153482 4583889474101462256 4588226198950674016 4590126454416044148 13825260994243648624 4599901105595860017 13828932840783410706 13829355366058220617 13823905698389262084 4599465119100163202 13819786466686798620 4605898956443613107 4602201947821848189 13811578737841806590 13805283667976092472 4590294972889119660 13806539175830553169 4604277270152345949 13813951084723970470 4604754956113381903 0  0  0
1 321 132 312 321 321 321 321 321 321 321 321 321 321 321 4612882034951933878 13837380317861047666 4607416539798773396 4589765475899022170 4606665635431173708 4599549000985523039 13809683068533957893 4599609947270672641 13830042310915233248 13830523631487326502 4587776275839057163 4589244622546667655 13794310468382222286 13824751977566419044 13829688135133594244 4596574760505187911 13829517327865270952 4601202585783172731 13830362000944340965 13819176980395278309 4591246190124537278 13795779803547934976 4575958165403886744 13813757779307118860 4605590434927751874 13826385859895163520 13819151726179015548 13815718634025587332 4595336393974500042 13830369357275676396 4603197380117206820 4605614272073161887 4590693890114929983 4573546779253795906 4590409355461250440 13791386406120044092 4592407503245322891 4603024840254486823 13824624710699260199 13826003606075863712 0  0  0
3 231 321 321 123 312 321 321 312 321 321 321 321 321 321 4613762547774737002 13836856279017898621 4605745990339988752 13822019412889417696 13830187285097801028 4588777163214699692 4588478370074244480 4586723998461736804 4607158043979780553 13830188428801429997 4598696071981232465 4586326497591326595 13822637274090157298 13819584734364896722 4606554108637543174 13823086794088542656 13829591680735626654 13822442544943124553 4606186313265014585 13824341645044339994 4596796239086414788 13811865263064875965 13813537548850226930 13807024659744879316 4605393348663031029 4602480805452778147 4599877363388942785 13825100754792938613 4592406563466161008 4606172960268467018 4600826770042682575 13829344219036581763 4599162692211054565 13814753798825344979 13798062409672766452 4585156599305469633 4600461683220405490 4592291114080853619 4604806623845055828 4603147042620806165 0  0  0
2 321 312 123 321 123 231 321 321 321 321 321 321 231 321 13827604130783074436 4603689093635207784 4608875597371610800 4597865268596383089 13829483569494667242 4600997448164050039 13820050780954637334 4600196283107910326 4606358198539512466 13830084019232063544 13822521526958474476 13814971831521975351 13808148725516767869 4604702391374630375 4604375416223475954 4586478532116888913 4604381803343673228 13828062779706970128 13830541170950078481 4574729122350250770 13811291713117630431 4590297793074308830 13814015766131584394 4566862681832149856 13825797447823688746 4596753636159798257 4605815643353298016 4604896188098114864 4603627130505386874 4598665571062797434 13825241462743840282 4605089694022081100 13825172291452388420 13811275508345823675 4576155019002641556 13815256619263672980 4596344748878651339 4606751265179611631 4589525147870211364 13821921521846579679 0  0  0
7 321 321 213 321 321 321 321 231 321 321 321 321 321 321 13829339293881986456 4610933836116190584 4612817034636954866 4599141827241905497 13829907836761724344 4596913514349658600 4591155257235535746 13819625333962847160 13830341218558830145 4606718670260997369 4599361176212314009 4582544702055540212 13795103415040334492 4603018609967397371 4605769271934801163 13809047897489535301 4605762965982625047 13826388426840998187 13830547770346328771 13808524027975861852 4580518218531087022 13808453127131321338 13798811034144614112 4572958083977950768 13822880853450536707 4601113384554252134 4605841147859898404 13829251344394653435 13826162028732672606 13813582153674808288 4600954050919174076 13828328742189095421 4602853107806613358 4578399865643506345 4584871438938714530 13796041173844801404 13821721960732308697 13821022445762309210 4606610258270204720 13801297526516741122 0  0  0
10 321 321 123 321 321 321 321 231 321 123 321 321 321 321 13834705672828530036 13832249543472958442 4612778149604019712 13826663553322809348 13826176905497716479 13827336858583733690 13828329362775526923 4576490515182774304 4604101914898321145 13823029031389040539 4605901087388344475 13824110318547951714 13821813901478278403 13829630079058467502 4600030490147560544 13822440788056597313 13821932368379608982 13829785733601375614 4606431040113386731 13823311907244157455 13819637464185614817 13813679699787964845 13810744408749524618 13799920514460906064 13826990847946996108 13803960499774800692 4605349702263552171 4605037902790999601 4598712831724959236 4603436375593388230 13820931031490182566 4606821168717224106 13818163825529141672 4586031013835226213 13813739053725018780 13807195689771133682 4606939993571432849 13818955475833576267 13819237723723793153 4583424633645812553 0  0  0
1 132 312 321 123 321 312 321 321 321 321 321 132 321 321 4594485449993694704 4603953724054650640 13822140384799620848 13828720468765102738 13825568734409675837 4600455549634905890 13812886183973713756 13826496307977784383 13829048524912172775 4603588828801204556 13827749456793167497 4600980568822468492 4599482741522024613 4606459616777513693 13820595979030376665 4588795291751660318 4596947017119549416 4606953394870635718 4606683810964976639 13822948350307148324 4579537141331869786 4590641804827523376 13808513829541544630 13805209258336154408 13827583773644770136 13828075375925403642 13818300270240752076 4603689050995627413 13824573532276557104 13827593126467772940 4601231450790604110 13826480666741932031 4604694678119981056 13806845011244499610 4590401573889680859 4585669310607561812 13799364497590361081 4605603481315481907 13818257898649065690 13824389119019352484 0  0  0
7 321 312 132 321 321 321 231 123 321 321 321 321 321 321 4612603491646555222 13835705524889567828 13836588547681878720 13816191538438737545 13808766912249582412 4607118567878720079 4603924486150070384 4605049327913990817 4591918466957048337 13828405567118350200 4603986351927296878 13812589806664361872 4598905741765877725 13820003860873184088 13829961462105538612 13829729143936256418 4598071418915950274 13823120480965242581 4599089127418467119 4606701265454219418 13816422475189446180 13804436000471091264 4588751566044338532 13812794630915815684 4604766976789053371 4599951990879781004 4603449459774828895 4600215959761460743 4602925584195912931 13828465101303170893 13826740644394101574 4605153966513457649 4598343001003611508 13808088650569154859 4590093183267883544 4585907896018830883 13827057317279525250 4586973174137319864 4604295761631091629 13824289773040107624 0  0  0
13 321 321 321 321 321 321 321 132 321 321 321 213 321 123 13832737763559707133 4611688511241690670 4612268406211736040 4599866102612025631 13826720063763444714 13828238952630000350 13821828825360957643 4604474560024064666 13827524169344235942 4606287696038192368 4601337130188759110 4591000863265654588 13829268647238101892 13820362792996444590 4602082342164752832 4592116368705598171 13830202011848649971 13821672767438522615 4602718575330405456 13818737019985007905 4605796729228210292 13814567774695536925 13803323630487645144 13799141348077859984 13820668518347756820 4606903420989589444 4591902742533298915 13830281108050450946 13820946529809238534 4589926662605755672 4591452556989222078 13813867898075546074 4607112686647293497 4572248302926998536 4591211993017355198 13803315842516204290 4589461745278395898 13820043645189184359 4602979376904158901 4605535322947119270 0  0  0
5 321 321 321 321 321 321 321 321 321 321 321 321 321 321 4592083455991188192 13834979677999743004 13832180499988306519 13821625822929147976 4606726788728599173 13819174803556242196 13815541723989450277 13820329473311577442 13830291243456239487 13830207535594778559 13820745533515878061 4594712152366525262 13823047977105070553 13830013023307234430 13813387874074365188 13823493674375217530 4587844398815275864 4606571548619912568 13829403208982830890 4599747741829485522 13823426080469255138 13808696649711961806 13811812222222226343 13812644831517962416 4597243005477968591 4587249064673412355 4606942091240006679 13830244443205811092 13816975117720895554 4597404668257364942 4593923216975025334 13830473898767185202 4581332238458915612 13813304150313677794 4583469303053332976 4587503133950642959 4598706887211005231 4607023255074077559 13813449416886688076 13818127055918116531 0  0  0
9 321 132 321 321 213 321 321 132 321 123 321 321 231 321 13836378522760759649 13836564929214989607 4598263805881395648 13826772231544039487 13827172071691219675 4602885922900357352 4599912114651372833 4600732690984233979 4605851743083575885 13828187537232194408 4604260152593710202 13800893154003204315 4592970230723408026 13824151798042007762 4606386206488184506 13816877796999585284 13829800979208045566 13823909311341207107 4607053864126119951 13812930732686294696 13818089873249538379 4588088459899485832 4559592020274799872 13799655331713957720 4604051862417414465 4604149394371866992 4600275843448128748 13827664091054473708 4599021536581446600 4604221587889031825 4599731006282357073 13827734620255461942 4603977557535858483 4584929846195321554 13809747478576296519 4578238376119956876 4602384717367716542 13818930149109876819 4603033633937138235 4604174707149385386 0  0  0
7 321 321 321 321 321 321 321 213 321 321 231 321 123 321 4605860991610036424 4613766728612825366 13836092588101277650 4591012008010044646 4603948206903086790 4605043457673688268 4606418525948424714 4598177979287887300 13822736009279533774 13824128281693119791 4604711689287294161 13826632157988133369 4596734176577369659 4603007212804214277 13828909563069866086 4602570529311261398 4604149183172624175 4603239185372169910 4605774829486386487 13826247600870334350 13817069655835307332 13815150958731346376 13804806765960973528 13811644032579037396 13824534379658314505 13829738661413471944 4573411019706976448 4605177390426725288 13823386323487852076 4602870098254749508 13825545776278842654 4597141142194328430 4605861893880419650 4588657055328868845 13815172620643692186 13796787949442512792 4596236451955186255 13826140576297038619 4604580796508045287 4601640801588626043 0  0  0
10 321 321 321 321 321 321 321 321 321 321 231 321 321 321 13824174179675392880 4599435791482960296 13835620989077152614 13826907926982345572 13828724141807749572 4592191078003673024 13823866855625961336 4595058562023459804 13829752253209774328 4604559092873820172 13826786845996593143 13824233232726668033 13828734704202886681 4603602132428880015 13803312336531832504 4592603132927983468 4593380142798253643 13830433085966853348 13826884436904730549 13828652980881105002 13818409056752679466 4584670321021846744 13810626626113686317 4588357231083786236 4607141772361772966 4589463351995130730 13812907460936178383 13813898350086358974 4597532501034592800 13830277660279581084 13810574059988430806 4606915758147937616 4597689951742002580 4582582518146126180 13813015595040472520 13808698232978874585 4600449305061931973 4606583568641203213 13810038494059649483 13804865168139317071 0  0  0
2 321 321 123 321 321 231 213 321 321 321 321 321 321 321 4598596305828391656 4590692481810789600 13830868731376772176 4606930597361573929 13820926782136088560 4584532561681136120 4593472464627322302 4603702285562737657 4605201524872549584 13819763114234746483 13828343218980790788 4603804051254297425 4598392852506332473 13828405790145865768 13826887447780858559 4605600594474667165 13817682807144589460 4603108824031388952 13826066209407561462 13827242619507436268 4603492318491654850 13812934135142967892 13811203967486888282 4588118257525347352 4604214226122895811 4604843953414627210 4587098745564180742 13822660353657311901 4597176498803679720 4606495936728018823 4604239311975032314 13827261199345900729 4600514799713752876 13813968395642140195 4588860736278909442 4576331447616747322 4605524148468384491 13822701945027958120 13818067138883802393 13825401915288781206 0  0  0
6 321 321 321 321 321 321 123 321 321 231 321 321 321 321 13833047066467875687 4609074173260345832 13836911333654380014 4581228064491720455 4606907506112195204 13821345966798621878 4588453271574934789 4597922117002895942 4606897110858904442 4607165810139803594 13808256833158415269 13810895423121354674 4597609526302179406 13830167273883372178 4595327563153866972 4603141641346219921 13802607070165753664 13829060467982179184 4605387057308681866 4598890429119228353 4602898570275316887 4591611454530438478 13814789172277710349 13803784929323695912 13829163493017798058 4602845561739442000 13817119108551898935 13826277078789394966 13829209878798005571 4582264781007310488 13814970931917109290 4590870276944514793 4607106989798805855 13817152296263783922 4583934942976295727 13808391014224408880 13814600805663450581 13826277911624599839 13825704548433349153 4604446143464952916 0  0  0
12 321 321 321 321 123 321 312 321 321 321 321 321 321 321 13822555083402258600 13837611670768460716 4609675906434028948 13827737761492702119 13823838946505739020 13827138615311214513 4603051529621089505 4599143944573864541 13828608747331440387 4602396041997793194 13829427552301254479 13795283726433553741 4598370490605366895 13829248564247331518 13825118221633198006 13798286177152143429 4602004601485829260 13829532607020167787 4606870368971516745 4597615363449852234 4592917088466509481 13812888550576109912 4591713613256202390 13811770647287347367 4600593263509868240 4601980921897698305 4605378776032402967 13822788842520939670 13828272152916630334 4603433890046023323 4605979100700866362 13825679461404116338 13817575605839875419 13806656927893151000 13814156774306445311 13815043925334823674 13827562748510452886 13820067342606957864 4594495981626337850 4604470300417136318 0  0  0
5 321 321 312 321 321 231 132 321 321 321 321 213 321 213 13835404284372896406 4607942396072474576 13835377417696426885 4605055236929754264 13826067444757450507 4600982679052540320 4602689021615957690 4605898150199923724 4593098907525390570 13824370481479361343 4592877104440860342 4606339481337517487 4598301427110686583 13830215393039795002 13814407727777596380 13820415805980384954 4584659168674052848 13830332117747111280 4606654261119767779 4598535326246982074 13819830140907551391 13811947113320485210 4588845485521841756 13810489577421951872 4602003986506896164 13829060891306623619 13822453960151246857 13828475156602837635 13820072092385585740 13826986752242136898 4601615612352827368 4602771871231728467 13828197344951080841 13812560047190217503 4589018276818510178 4586018556202058876 13825275355744985152 4604447123529958652 13813564523609862548 4603112339091269881 0  0  0
