0 13836042280951928515 4615927346426858852 13827608416951349551 13839303292406111217 4610203865775621764 13835139615471415392 13825782729720007590 0 4615927346426858852 13839303292406111217 4610203865775621764 4591180282989081312 4613130615009593986 13839303292406111217 4610203865775621764 4591180282989081312 4613130615009593986 13839303292406111217 13839303292406111217 4613130615009593986 4591180282989081312 4610203865775621764 13839303292406111217 4613130615009593986 4591180282989081312 4610203865775621764 13839303292406111217 4591180282989081312 4613130615009593986 13839303292406111217 1 1 1 1 1
1 4603902213004222852 4611613834732560410 13836175236220127747 13818658611570259769 13836766072462441737 4612225144338780426 13823747751206782467 0 4603902213004222852 13818658611570259769 13836766072462441737 4612225144338780426 4603830371582967038 13818658611570259769 13836766072462441737 4612225144338780426 4603830371582967038 13818658611570259769 13818658611570259769 4603830371582967038 4612225144338780426 13836766072462441737 13818658611570259769 4603830371582967038 4612225144338780426 13836766072462441737 13818658611570259769 4612225144338780426 4603830371582967038 13818658611570259769 1 1 1 1 1
0 13836411413991786310 13827612632320600770 4613815689626378119 4615564275232099497 4614087671015074278 13830657840287839133 4613664269599706668 0 13827612632320600770 4615564275232099497 4614087671015074278 13839251160540156140 4607359694889086494 4615564275232099497 4614087671015074278 13839251160540156140 4607359694889086494 4615564275232099497 4615564275232099497 4607359694889086494 13839251160540156140 4614087671015074278 4615564275232099497 4607359694889086494 13839251160540156140 4614087671015074278 4615564275232099497 13839251160540156140 4607359694889086494 4615564275232099497 1 1 1 1 1
1 4614282496734954326 13835393249195229643 4610666169284570600 4608639531437855368 13838615592743011743 13839322567812516363 4614384557309709796 0 4614282496734954326 4608639531437855368 13838615592743011743 13839322567812516363 4616412987589076722 4608639531437855368 13838615592743011743 13839322567812516363 4616412987589076722 4608639531437855368 4608639531437855368 4616412987589076722 13839322567812516363 13838615592743011743 4608639531437855368 4616412987589076722 13839322567812516363 13838615592743011743 4608639531437855368 13839322567812516363 4616412987589076722 4608639531437855368 1 1 1 1 1
0 13826642412845677089 4611123302661147215 13827046331689056694 13839450632171520271 13836996206403400369 13837410114230753482 4608059611921038124 0 4611123302661147215 13839450632171520271 13836996206403400369 13835732395851755819 4613802333366895925 13839450632171520271 13836996206403400369 13835732395851755819 4613802333366895925 13839450632171520271 13839450632171520271 4613802333366895925 13835732395851755819 13836996206403400369 13839450632171520271 4613802333366895925 13835732395851755819 13836996206403400369 13839450632171520271 13835732395851755819 4613802333366895925 13839450632171520271 1 1 1 1 1
1 13838601604562569130 13838391034258391795 4613385983171532190 4609589592800846938 13826701139784818001 13837568154548877167 4612006728764052212 0 13838601604562569130 4609589592800846938 13826701139784818001 13837568154548877167 4614258528577737460 4609589592800846938 13826701139784818001 13837568154548877167 4614258528577737460 4609589592800846938 4609589592800846938 4614258528577737460 13837568154548877167 13826701139784818001 4609589592800846938 4614258528577737460 13837568154548877167 13826701139784818001 4609589592800846938 13837568154548877167 4614258528577737460 4609589592800846938 1 1 1 1 1
0 13820790219317089753 4614403067104178288 4614486338661288369 4605573985214699800 13834501536469010285 13836272495957680440 13837859438365576236 0 4614403067104178288 4605573985214699800 13834501536469010285 13844127833369678828 13843857983499558226 4605573985214699800 13834501536469010285 13844127833369678828 13843857983499558226 4605573985214699800 4605573985214699800 13843857983499558226 13844127833369678828 13834501536469010285 4605573985214699800 13843857983499558226 13844127833369678828 13834501536469010285 4605573985214699800 13844127833369678828 13843857983499558226 4605573985214699800 1 1 1 1 1
1 13838175744181804976 13835119889705047509 13837168469089147291 4614643027899523843 13836743662550695941 4615861251598727562 13836697761863293781 0 13838175744181804976 4614643027899523843 13836743662550695941 4615861251598727562 13833833868817053354 4614643027899523843 13836743662550695941 4615861251598727562 13833833868817053354 4614643027899523843 4614643027899523843 13833833868817053354 4615861251598727562 13836743662550695941 4614643027899523843 13833833868817053354 4615861251598727562 13836743662550695941 4614643027899523843 4615861251598727562 13833833868817053354 4614643027899523843 1 1 1 1 1
0 4600566811091395244 13821879297793378996 13822903380319846028 13839518969792265990 13831037799981201127 13829061854651891577 4609062203270083344 0 13821879297793378996 13839518969792265990 13831037799981201127 13830015805925922831 4612387422843913058 13839518969792265990 13831037799981201127 13830015805925922831 4612387422843913058 13839518969792265990 13839518969792265990 4612387422843913058 13830015805925922831 13831037799981201127 13839518969792265990 4612387422843913058 13830015805925922831 13831037799981201127 13839518969792265990 13830015805925922831 4612387422843913058 13839518969792265990 1 1 1 1 1
1 4616085044471410857 13824040953556922796 13835704213742300321 13831414282895650791 4600606154537739953 13818642470669195273 13836260282195491011 0 4616085044471410857 13831414282895650791 4600606154537739953 13818642470669195273 13832958909481447814 13831414282895650791 4600606154537739953 13818642470669195273 13832958909481447814 13831414282895650791 13831414282895650791 13832958909481447814 13818642470669195273 4600606154537739953 13831414282895650791 13832958909481447814 13818642470669195273 4600606154537739953 13831414282895650791 13818642470669195273 13832958909481447814 13831414282895650791 1 1 1 1 1
0 13833109275665806460 13836987181189747119 4604678705637575564 4605912727964272099 13830808044342611194 13832173589792825457 4589855161507281105 0 13836987181189747119 4605912727964272099 13830808044342611194 13829599861412291514 4609603271362057761 4605912727964272099 13830808044342611194 13829599861412291514 4609603271362057761 4605912727964272099 4605912727964272099 4609603271362057761 13829599861412291514 13830808044342611194 4605912727964272099 4609603271362057761 13829599861412291514 13830808044342611194 4605912727964272099 13829599861412291514 4609603271362057761 4605912727964272099 1 1 1 1 1
1 13830420212357100556 4609045233706687412 13835044598526477129 4616008393205753011 13826497072678502589 13837242850540592942 13835433142080728891 0 13830420212357100556 4616008393205753011 13826497072678502589 13837242850540592942 13831304629251923574 4616008393205753011 13826497072678502589 13837242850540592942 13831304629251923574 4616008393205753011 4616008393205753011 13831304629251923574 13837242850540592942 13826497072678502589 4616008393205753011 13831304629251923574 13837242850540592942 13826497072678502589 4616008393205753011 13837242850540592942 13831304629251923574 4616008393205753011 1 1 1 1 1
0 13831837711332616165 4607205801489282716 4603134943742906996 13836362585964626359 13829367847224973638 13832951145275690228 13835206421868287806 0 4607205801489282716 13836362585964626359 13829367847224973638 13835424403165947984 13833690794601083432 13836362585964626359 13829367847224973638 13835424403165947984 13833690794601083432 13836362585964626359 13836362585964626359 13833690794601083432 13835424403165947984 13829367847224973638 13836362585964626359 13833690794601083432 13835424403165947984 13829367847224973638 13836362585964626359 13835424403165947984 13833690794601083432 13836362585964626359 1 1 1 1 1
1 4605947964127756646 4608870458012348417 13838751835638938955 4611823657439199601 4601521862442773941 4608367009617203924 13816599493763031940 0 4605947964127756646 4611823657439199601 4601521862442773941 4608367009617203924 4606112039269381008 4611823657439199601 4601521862442773941 4608367009617203924 4606112039269381008 4611823657439199601 4611823657439199601 4606112039269381008 4608367009617203924 4601521862442773941 4611823657439199601 4606112039269381008 4608367009617203924 4601521862442773941 4611823657439199601 4608367009617203924 4606112039269381008 4611823657439199601 1 1 1 1 1
0 4614579986511939911 13838612377172877800 13830850035905536796 13838595389595083359 13833692527846347959 13837208767298613002 13839114492502532591 0 13838612377172877800 13838595389595083359 13833692527846347959 13842502677078861333 13842329639773978504 13838595389595083359 13833692527846347959 13842502677078861333 13842329639773978504 13838595389595083359 13838595389595083359 13842329639773978504 13842502677078861333 13833692527846347959 13838595389595083359 13842329639773978504 13842502677078861333 13833692527846347959 13838595389595083359 13842502677078861333 13842329639773978504 13838595389595083359 1 1 1 1 1
1 13835275065733808187 13830768376637093315 13828802627457340131 13830850720452680157 4594294773991145921 4609507339057252643 13838536194281581201 0 13835275065733808187 13830850720452680157 4594294773991145921 4609507339057252643 13836284394467895953 13830850720452680157 4594294773991145921 4609507339057252643 13836284394467895953 13830850720452680157 13830850720452680157 13836284394467895953 4609507339057252643 4594294773991145921 13830850720452680157 13836284394467895953 4609507339057252643 4594294773991145921 13830850720452680157 4609507339057252643 13836284394467895953 13830850720452680157 1 1 1 1 1
0 13837614262401862187 4612042325215506948 4591547073815291653 13836357848177818366 13834133988696221324 4609965949614507036 13836269091236362148 0 4612042325215506948 13836357848177818366 13834133988696221324 4608827426292072097 13834115050885625027 13836357848177818366 13834133988696221324 4608827426292072097 13834115050885625027 13836357848177818366 13836357848177818366 13834115050885625027 4608827426292072097 13834133988696221324 13836357848177818366 13834115050885625027 4608827426292072097 13834133988696221324 13836357848177818366 4608827426292072097 13834115050885625027 13836357848177818366 1 1 1 1 1
1 4613252586550569476 4615340635481803533 4615258192587024889 4608759363216740442 4615131506329506957 13836377790116968362 13839189252256346942 0 4613252586550569476 4608759363216740442 4615131506329506957 13836377790116968362 13836937452442661694 4608759363216740442 4615131506329506957 13836377790116968362 13836937452442661694 4608759363216740442 4608759363216740442 13836937452442661694 13836377790116968362 4615131506329506957 4608759363216740442 13836937452442661694 13836377790116968362 4615131506329506957 4608759363216740442 13836377790116968362 13836937452442661694 4608759363216740442 1 1 1 1 1
0 13833308190654148161 4614072367783540473 4613117793813722277 4607323525583542180 4602886200928288069 4614403985838502272 13838911911584094212 0 4614072367783540473 4607323525583542180 4602886200928288069 13837195562369067472 13844553737376627925 4607323525583542180 4602886200928288069 13837195562369067472 13844553737376627925 4607323525583542180 4607323525583542180 13844553737376627925 13837195562369067472 4602886200928288069 4607323525583542180 13844553737376627925 13837195562369067472 4602886200928288069 4607323525583542180 13837195562369067472 13844553737376627925 4607323525583542180 1 1 1 1 1
1 4614134328307213836 4610568675359837284 13829211806505084505 4607296215755401806 13832117276783084816 4609416834719141006 13824209063923813282 0 4614134328307213836 4607296215755401806 13832117276783084816 4609416834719141006 4603599715224451631 4607296215755401806 13832117276783084816 4609416834719141006 4603599715224451631 4607296215755401806 4607296215755401806 4603599715224451631 4609416834719141006 13832117276783084816 4607296215755401806 4603599715224451631 4609416834719141006 13832117276783084816 4607296215755401806 4609416834719141006 4603599715224451631 4607296215755401806 1 1 1 1 1
0 4613783425838647637 4602793318689573179 13838833684058566786 13838902454024876734 4612304650886602025 13835934473784048520 13835948867288457596 0 4602793318689573179 13838902454024876734 4612304650886602025 13842754356457213570 13841635653302575484 13838902454024876734 4612304650886602025 13842754356457213570 13841635653302575484 13838902454024876734 13838902454024876734 13841635653302575484 13842754356457213570 4612304650886602025 13838902454024876734 13841635653302575484 13842754356457213570 4612304650886602025 13838902454024876734 13842754356457213570 13841635653302575484 13838902454024876734 1 1 1 1 1
1 4608577129561418522 13837425300368696975 13834498347920474107 4607807428356303885 4606993952162811207 4592637161097897427 4612560626482222509 0 4608577129561418522 4607807428356303885 4606993952162811207 4592637161097897427 4614812426295907757 4607807428356303885 4606993952162811207 4592637161097897427 4614812426295907757 4607807428356303885 4607807428356303885 4614812426295907757 4592637161097897427 4606993952162811207 4607807428356303885 4614812426295907757 4592637161097897427 4606993952162811207 4607807428356303885 4592637161097897427 4614812426295907757 4607807428356303885 1 1 1 1 1
0 13832200629404988189 13835316976231940497 13838620249465026444 13835305257865710079 13835098029232456253 4611583138197500252 4613815365367204948 0 13835316976231940497 13835305257865710079 13835098029232456253 4603893877936948302 4613044670266381498 13835305257865710079 13835098029232456253 4603893877936948302 4613044670266381498 13835305257865710079 13835305257865710079 4613044670266381498 4603893877936948302 13835098029232456253 13835305257865710079 4613044670266381498 4603893877936948302 13835098029232456253 13835305257865710079 4603893877936948302 4613044670266381498 13835305257865710079 1 1 1 1 1
1 4607466091533346221 13836913241091064950 13817892639345636595 13832130859639560965 13826763505632457827 13838447653512907097 4608853038088989748 0 4607466091533346221 13832130859639560965 13826763505632457827 13838447653512907097 4612521328071874074 13832130859639560965 13826763505632457827 13838447653512907097 4612521328071874074 13832130859639560965 13832130859639560965 4612521328071874074 13838447653512907097 13826763505632457827 13832130859639560965 4612521328071874074 13838447653512907097 13826763505632457827 13832130859639560965 13838447653512907097 4612521328071874074 13832130859639560965 1 1 1 1 1
0 4606147599692038725 4612226378325078326 4605750886608062913 4613149129859929521 13829715092770642412 4609496242187770802 4615695393031650762 0 4612226378325078326 4613149129859929521 13829715092770642412 4606678096588514864 4616426909326671038 4613149129859929521 13829715092770642412 4606678096588514864 4616426909326671038 4613149129859929521 4613149129859929521 4616426909326671038 4606678096588514864 13829715092770642412 4613149129859929521 4616426909326671038 4606678096588514864 13829715092770642412 4613149129859929521 4606678096588514864 4616426909326671038 4613149129859929521 1 1 1 1 1
1 4613428803396789229 13836797858868611718 13837885559243414985 4615419709684060904 13837538349726543229 13827423120848281020 13835121141705743918 0 4613428803396789229 4615419709684060904 13837538349726543229 13827423120848281020 13830680628501953628 4615419709684060904 13837538349726543229 13827423120848281020 13830680628501953628 4615419709684060904 4615419709684060904 13830680628501953628 13827423120848281020 13837538349726543229 4615419709684060904 13830680628501953628 13827423120848281020 13837538349726543229 4615419709684060904 13827423120848281020 13830680628501953628 4615419709684060904 1 1 1 1 1
0 13833813458503542111 13835850130370227125 13835510081576762889 13831167791880845549 13834099401051083119 13830266261307438523 4608455694501066104 0 13835850130370227125 13831167791880845549 13834099401051083119 13833523026767712396 4609846625841840073 13831167791880845549 13834099401051083119 13833523026767712396 4609846625841840073 13831167791880845549 13831167791880845549 4609846625841840073 13833523026767712396 13834099401051083119 13831167791880845549 4609846625841840073 13833523026767712396 13834099401051083119 13831167791880845549 13833523026767712396 4609846625841840073 13831167791880845549 1 1 1 1 1
1 4615812810881135565 13836149358536668876 13835875764859306118 4611549163041911369 13813629856197540854 4613809393594099055 13837022336288438373 0 4615812810881135565 4611549163041911369 13813629856197540854 4613809393594099055 13834483017667342538 4611549163041911369 13813629856197540854 4613809393594099055 13834483017667342538 4611549163041911369 4611549163041911369 13834483017667342538 4613809393594099055 13813629856197540854 4611549163041911369 13834483017667342538 4613809393594099055 13813629856197540854 4611549163041911369 4613809393594099055 13834483017667342538 4611549163041911369 1 1 1 1 1
0 13832179210285160415 13833529065194272919 4615425095989215239 13839360452092581804 4614448193172444541 4611912468423851347 13817484793363381923 0 13833529065194272919 13839360452092581804 4614448193172444541 4613147748998133291 4609034887921322460 13839360452092581804 4614448193172444541 4613147748998133291 4609034887921322460 13839360452092581804 13839360452092581804 4609034887921322460 4613147748998133291 4614448193172444541 13839360452092581804 4609034887921322460 4613147748998133291 4614448193172444541 13839360452092581804 4613147748998133291 4609034887921322460 13839360452092581804 1 1 1 1 1
1 4613222664634645227 13833574875809682532 13826612148656181160 4613208523331815283 13832604458176375247 13838366994043580891 4595399272792559280 0 4613222664634645227 4613208523331815283 13832604458176375247 13838366994043580891 4607961325362770390 4613208523331815283 13832604458176375247 13838366994043580891 4607961325362770390 4613208523331815283 4613208523331815283 4607961325362770390 13838366994043580891 13832604458176375247 4613208523331815283 4607961325362770390 13838366994043580891 13832604458176375247 4613208523331815283 13838366994043580891 4607961325362770390 4613208523331815283 1 1 1 1 1
0 13836064528734087725 4595831906587163000 13835160205928911730 4611822666647281580 4612609958912540725 4613258756482058974 13838653936390239175 0 4595831906587163000 4611822666647281580 4612609958912540725 4617754683439523460 4591490386118167680 4611822666647281580 4612609958912540725 4617754683439523460 4591490386118167680 4611822666647281580 4611822666647281580 4591490386118167680 4617754683439523460 4612609958912540725 4611822666647281580 4591490386118167680 4617754683439523460 4612609958912540725 4611822666647281580 4617754683439523460 4591490386118167680 4611822666647281580 1 1 1 1 1
1 4612432931418388046 4612957168429412481 4612261389308581504 4608781755114087728 13824498951624627866 4604637380607394812 4610165711279578681 0 4612432931418388046 4608781755114087728 13824498951624627866 4604637380607394812 4613177664667168540 4608781755114087728 13824498951624627866 4604637380607394812 4613177664667168540 4608781755114087728 4608781755114087728 4613177664667168540 4604637380607394812 13824498951624627866 4608781755114087728 4613177664667168540 4604637380607394812 13824498951624627866 4608781755114087728 4604637380607394812 4613177664667168540 4608781755114087728 1 1 1 1 1
0 4609532973546331636 4615121301172751335 13838556622609490953 4612632891241843296 4611483608645735364 13831428171996901602 13834412851585148105 0 4615121301172751335 4612632891241843296 4611483608645735364 4612510507718167163 4613269967737729160 4612632891241843296 4611483608645735364 4612510507718167163 4613269967737729160 4612632891241843296 4612632891241843296 4613269967737729160 4612510507718167163 4611483608645735364 4612632891241843296 4613269967737729160 4612510507718167163 4611483608645735364 4612632891241843296 4612510507718167163 4613269967737729160 4612632891241843296 1 1 1 1 1
1 13835762706494260609 13832707050175886747 4614515990361234976 4614143893952822371 13829049496774514072 13837191491490442409 4612613246540268706 0 13835762706494260609 4614143893952822371 13829049496774514072 13837191491490442409 4614865046353953954 4614143893952822371 13829049496774514072 13837191491490442409 4614865046353953954 4614143893952822371 4614143893952822371 4614865046353953954 13837191491490442409 13829049496774514072 4614143893952822371 4614865046353953954 13837191491490442409 13829049496774514072 4614143893952822371 13837191491490442409 4614865046353953954 4614143893952822371 1 1 1 1 1
0 4610779641980781827 13834524865115080064 4608900325885077138 4609807801209992293 4610781335334241719 13834294875289309508 13836421907378918084 0 13834524865115080064 4609807801209992293 4610781335334241719 4604584515693608848 4606609946575623944 4609807801209992293 4610781335334241719 4604584515693608848 4606609946575623944 4609807801209992293 4609807801209992293 4606609946575623944 4604584515693608848 4610781335334241719 4609807801209992293 4606609946575623944 4604584515693608848 4610781335334241719 4609807801209992293 4604584515693608848 4606609946575623944 4609807801209992293 1 1 1 1 1
1 4615246294076809376 4609078452257538896 13823436750630914770 4602792778257617895 13838796304181659611 13834115253721771463 13832164330391991583 0 4615246294076809376 4602792778257617895 13838796304181659611 13834115253721771463 13823483155721475196 4602792778257617895 13838796304181659611 13834115253721771463 13823483155721475196 4602792778257617895 4602792778257617895 13823483155721475196 13834115253721771463 13838796304181659611 4602792778257617895 13823483155721475196 13834115253721771463 13838796304181659611 4602792778257617895 13834115253721771463 13823483155721475196 4602792778257617895 1 1 1 1 1
0 13832416009553567556 13834798467799642077 4603605443803177646 4613927883300295173 4602851649311946882 13813722378148285554 13835252917030840779 0 13834798467799642077 4613927883300295173 4602851649311946882 4590469115213303492 13829897575751941062 4613927883300295173 4602851649311946882 4590469115213303492 13829897575751941062 4613927883300295173 4613927883300295173 13829897575751941062 4590469115213303492 4602851649311946882 4613927883300295173 13829897575751941062 4590469115213303492 4602851649311946882 4613927883300295173 4590469115213303492 13829897575751941062 4613927883300295173 1 1 1 1 1
1 13837163650237546004 4611071168991860774 4609507501186839229 13831112883994188648 4611720543022131326 4615650573208159171 4601197315039227114 0 13837163650237546004 13831112883994188648 4611720543022131326 4615650573208159171 4609063842580347706 13831112883994188648 4611720543022131326 4615650573208159171 4609063842580347706 13831112883994188648 13831112883994188648 4609063842580347706 4615650573208159171 4611720543022131326 13831112883994188648 4609063842580347706 4615650573208159171 4611720543022131326 13831112883994188648 4615650573208159171 4609063842580347706 13831112883994188648 1 1 1 1 1
0 13828428432371501171 13835875954010490468 13835914171556928334 13832361083652512145 13822148937310268922 13813969103350271419 4614795681912493194 0 13835875954010490468 13832361083652512145 13822148937310268922 13834993204206728388 4612761702818785942 13832361083652512145 13822148937310268922 13834993204206728388 4612761702818785942 13832361083652512145 13832361083652512145 4612761702818785942 13834993204206728388 13822148937310268922 13832361083652512145 4612761702818785942 13834993204206728388 13822148937310268922 13832361083652512145 13834993204206728388 4612761702818785942 13832361083652512145 1 1 1 1 1
1 4607393547550548537 13836442849117185356 4604424306301824659 13831177177382468989 13836566662078141026 4600906418532095999 13823982010444999771 0 4607393547550548537 13831177177382468989 13836566662078141026 4600906418532095999 4603713241963858386 13831177177382468989 13836566662078141026 4600906418532095999 4603713241963858386 13831177177382468989 13831177177382468989 4603713241963858386 4600906418532095999 13836566662078141026 13831177177382468989 4603713241963858386 4600906418532095999 13836566662078141026 13831177177382468989 4600906418532095999 4603713241963858386 13831177177382468989 1 1 1 1 1
0 4606651282274363841 13830568723058412726 4610608451151746220 4613371922933495540 13838699017422509154 4609594762933219159 4598817973284094733 0 13830568723058412726 4613371922933495540 13838699017422509154 4614494588303744750 4613931710407917476 4613371922933495540 13838699017422509154 4614494588303744750 4613931710407917476 4613371922933495540 4613371922933495540 4613931710407917476 4614494588303744750 13838699017422509154 4613371922933495540 4613931710407917476 4614494588303744750 13838699017422509154 4613371922933495540 4614494588303744750 4613931710407917476 4613371922933495540 1 1 1 1 1
1 13815565323173399598 4614710717001923222 13837670917685174507 4605088064829305033 13838698314860967284 13837763295520731131 4612033173901064131 0 13815565323173399598 4605088064829305033 13838698314860967284 13837763295520731131 4614284973714749379 4605088064829305033 13838698314860967284 13837763295520731131 4614284973714749379 4605088064829305033 4605088064829305033 4614284973714749379 13837763295520731131 13838698314860967284 4605088064829305033 4614284973714749379 13837763295520731131 13838698314860967284 4605088064829305033 13837763295520731131 4614284973714749379 4605088064829305033 1 1 1 1 1
0 13835929096486093440 4609217397313242531 13830732041595299689 4612783482606183311 13834545815860546592 4610637184117368844 13839480473022651227 0 4609217397313242531 4612783482606183311 13834545815860546592 4615653989945117298 13830274571925787580 4612783482606183311 13834545815860546592 4615653989945117298 13830274571925787580 4612783482606183311 4612783482606183311 13830274571925787580 4615653989945117298 13834545815860546592 4612783482606183311 13830274571925787580 4615653989945117298 13834545815860546592 4612783482606183311 4615653989945117298 13830274571925787580 4612783482606183311 1 1 1 1 1
1 4614863380022091827 4611408848891921014 4599660254500804073 4615186855568927340 13831283084031306234 4599491927961131473 13839541974179162599 0 4614863380022091827 4615186855568927340 13831283084031306234 4599491927961131473 13837290174365477351 4615186855568927340 13831283084031306234 4599491927961131473 13837290174365477351 4615186855568927340 4615186855568927340 13837290174365477351 4599491927961131473 13831283084031306234 4615186855568927340 13837290174365477351 4599491927961131473 13831283084031306234 4615186855568927340 4599491927961131473 13837290174365477351 4615186855568927340 1 1 1 1 1
0 4614236812220334279 4608661094672871218 13834774508649624466 13829709003903946208 4613304341917487218 4614408291279746038 4611516593009406226 0 4608661094672871218 13829709003903946208 4613304341917487218 4609259875368690825 4608149503873363375 13829709003903946208 4613304341917487218 4609259875368690825 4608149503873363375 13829709003903946208 13829709003903946208 4608149503873363375 4609259875368690825 4613304341917487218 13829709003903946208 4608149503873363375 4609259875368690825 4613304341917487218 13829709003903946208 4609259875368690825 4608149503873363375 13829709003903946208 1 1 1 1 1
1 13825472161489704121 4614029817774261076 13829994135803554288 4616055699016238911 13837478262700314852 13830905610324938548 4612486713405138104 0 13825472161489704121 4616055699016238911 13837478262700314852 13830905610324938548 4614738513218823352 4616055699016238911 13837478262700314852 13830905610324938548 4614738513218823352 4616055699016238911 4616055699016238911 4614738513218823352 13830905610324938548 13837478262700314852 4616055699016238911 4614738513218823352 13830905610324938548 13837478262700314852 4616055699016238911 13830905610324938548 4614738513218823352 4616055699016238911 1 1 1 1 1
0 13836877464495625119 4614201179740082524 13820521588606516358 13836781546830761382 4612169254667404758 4616171459541060842 13837927361655156238 0 4614201179740082524 13836781546830761382 4612169254667404758 4616919446033685041 13833337439457676590 13836781546830761382 4612169254667404758 4616919446033685041 13833337439457676590 13836781546830761382 13836781546830761382 13833337439457676590 4616919446033685041 4612169254667404758 13836781546830761382 13833337439457676590 4616919446033685041 4612169254667404758 13836781546830761382 4616919446033685041 13833337439457676590 13836781546830761382 1 1 1 1 1
1 4615103241738245579 4615717676842606991 4613932107676745646 13837144491924731170 13839486706004535508 4614936473444044050 4613457527355212598 0 4615103241738245579 13837144491924731170 13839486706004535508 4614936473444044050 4615709327168897846 13837144491924731170 13839486706004535508 4614936473444044050 4615709327168897846 13837144491924731170 13837144491924731170 4615709327168897846 4614936473444044050 13839486706004535508 13837144491924731170 4615709327168897846 4614936473444044050 13839486706004535508 13837144491924731170 4614936473444044050 4615709327168897846 13837144491924731170 1 1 1 1 1
0 13835271606969294366 4607425000690346092 4612204860126058749 13831194633334624677 4614849986316800027 13835713914495897677 4612357748326208723 0 4607425000690346092 13831194633334624677 4614849986316800027 13841591324953542535 13820219275733737184 13831194633334624677 4614849986316800027 13841591324953542535 13820219275733737184 13831194633334624677 13831194633334624677 13820219275733737184 13841591324953542535 4614849986316800027 13831194633334624677 13820219275733737184 13841591324953542535 4614849986316800027 13831194633334624677 13841591324953542535 13820219275733737184 13831194633334624677 1 1 1 1 1
1 4614161007631406379 4605178713282604746 13835412758788815412 13838056083539705742 13837633069433906086 4608352940371968019 4613616432364464739 0 4614161007631406379 13838056083539705742 13837633069433906086 4608352940371968019 4615868232178149987 13838056083539705742 13837633069433906086 4608352940371968019 4615868232178149987 13838056083539705742 13838056083539705742 4615868232178149987 4608352940371968019 13837633069433906086 13838056083539705742 4615868232178149987 4608352940371968019 13837633069433906086 13838056083539705742 4608352940371968019 4615868232178149987 13838056083539705742 1 1 1 1 1
0 4610503895582797187 13826134622980491811 13810194438344188602 4615898595446837719 4599412160204531487 4615746562930616945 4615694429261330504 0 13826134622980491811 4615898595446837719 4599412160204531487 4615629630543519468 4617009457371338338 4615898595446837719 4599412160204531487 4615629630543519468 4617009457371338338 4615898595446837719 4615898595446837719 4617009457371338338 4615629630543519468 4599412160204531487 4615898595446837719 4617009457371338338 4615629630543519468 4599412160204531487 4615898595446837719 4615629630543519468 4617009457371338338 4615898595446837719 1 1 1 1 1
1 4613598571088342587 4609256182313233446 4615145620610739136 4604877152251556017 13837601012811758463 4605787383779443123 4612954466269636059 0 4613598571088342587 4604877152251556017 13837601012811758463 4605787383779443123 4615206266083321307 4604877152251556017 13837601012811758463 4605787383779443123 4615206266083321307 4604877152251556017 4604877152251556017 4615206266083321307 4605787383779443123 13837601012811758463 4604877152251556017 4615206266083321307 4605787383779443123 13837601012811758463 4604877152251556017 4605787383779443123 4615206266083321307 4604877152251556017 1 1 1 1 1
0 4608607681981290604 13824094204118916825 4604944562130778499 4607750052497051185 13828306871210359187 13836670776294326577 13831638418041905766 0 13824094204118916825 4607750052497051185 13828306871210359187 13835225643500488421 4600896832720160968 4607750052497051185 13828306871210359187 13835225643500488421 4600896832720160968 4607750052497051185 4607750052497051185 4600896832720160968 13835225643500488421 13828306871210359187 4607750052497051185 4600896832720160968 13835225643500488421 13828306871210359187 4607750052497051185 13835225643500488421 4600896832720160968 4607750052497051185 1 1 1 1 1
1 13836178839099829643 13836252418910541622 4604711527871659840 4611782674682590530 13837145005335088690 13837616126892107918 4613319392947441890 0 13836178839099829643 4611782674682590530 13837145005335088690 13837616126892107918 4615571192761127138 4611782674682590530 13837145005335088690 13837616126892107918 4615571192761127138 4611782674682590530 4611782674682590530 4615571192761127138 13837616126892107918 13837145005335088690 4611782674682590530 4615571192761127138 13837616126892107918 13837145005335088690 4611782674682590530 13837616126892107918 4615571192761127138 4611782674682590530 1 1 1 1 1
0 4607620745144550124 4599336932076355890 4615812964003522896 13826838085242287083 13830602716228400118 13838580347572327941 13839277450751449365 0 4599336932076355890 13826838085242287083 13830602716228400118 13835202179568771822 13832236910586252286 13826838085242287083 13830602716228400118 13835202179568771822 13832236910586252286 13826838085242287083 13826838085242287083 13832236910586252286 13835202179568771822 13830602716228400118 13826838085242287083 13832236910586252286 13835202179568771822 13830602716228400118 13826838085242287083 13835202179568771822 13832236910586252286 13826838085242287083 1 1 1 1 1
1 13838010453068281224 4594411651408675440 4611651737027024360 13822875277858171236 4612567057622490394 4614887050941733286 4613087691753812933 0 13838010453068281224 13822875277858171236 4612567057622490394 4614887050941733286 4615339491567498181 13822875277858171236 4612567057622490394 4614887050941733286 4615339491567498181 13822875277858171236 13822875277858171236 4615339491567498181 4614887050941733286 4612567057622490394 13822875277858171236 4615339491567498181 4614887050941733286 4612567057622490394 13822875277858171236 4614887050941733286 4615339491567498181 13822875277858171236 1 1 1 1 1
0 13836691709025394595 4592077705937786954 13837415608622298874 4607593651489191863 4612268991384752505 13837250902976726680 13828743756403011144 0 4592077705937786954 4607593651489191863 4612268991384752505 4608691790025178024 4616763822207960173 4607593651489191863 4612268991384752505 4608691790025178024 4616763822207960173 4607593651489191863 4607593651489191863 4616763822207960173 4608691790025178024 4612268991384752505 4607593651489191863 4616763822207960173 4608691790025178024 4612268991384752505 4607593651489191863 4608691790025178024 4616763822207960173 4607593651489191863 1 1 1 1 1
1 13837758485676329099 13823703507844043180 4604046688480268898 13821734534086956799 4611985787025784939 4614068305536676585 13818083303739460952 0 13837758485676329099 13821734534086956799 4611985787025784939 4614068305536676585 4605796607151479978 13821734534086956799 4611985787025784939 4614068305536676585 4605796607151479978 13821734534086956799 13821734534086956799 4605796607151479978 4614068305536676585 4611985787025784939 13821734534086956799 4605796607151479978 4614068305536676585 4611985787025784939 13821734534086956799 4614068305536676585 4605796607151479978 13821734534086956799 1 1 1 1 1
0 13832173643836020985 13837709369418792997 13831001338838617936 13836890921251311702 4614729902336335820 4613315925175728815 13834053356248492883 0 13837709369418792997 13836890921251311702 4614729902336335820 4610446120275730701 13834049468269461412 13836890921251311702 4614729902336335820 4610446120275730701 13834049468269461412 13836890921251311702 13836890921251311702 13834049468269461412 4610446120275730701 4614729902336335820 13836890921251311702 13834049468269461412 4610446120275730701 4614729902336335820 13836890921251311702 4610446120275730701 13834049468269461412 13836890921251311702 1 1 1 1 1
1 4613100283818371061 4608755508135459413 13838400077486443555 4608510025926970702 4612390588574691509 13837744218272709590 4616057941808853341 0 4613100283818371061 4608510025926970702 4612390588574691509 13837744218272709590 4617249679838648494 4608510025926970702 4612390588574691509 13837744218272709590 4617249679838648494 4608510025926970702 4608510025926970702 4617249679838648494 13837744218272709590 4612390588574691509 4608510025926970702 4617249679838648494 13837744218272709590 4612390588574691509 4608510025926970702 13837744218272709590 4617249679838648494 4608510025926970702 1 1 1 1 1
0 4613046051471658265 13838521179280423548 4613953391688584599 13832093209546676148 13829408487708011029 13835463649464604699 4612131829754501309 0 13838521179280423548 13832093209546676148 13829408487708011029 4619628101431473534 4623188260701296373 13832093209546676148 13829408487708011029 4619628101431473534 4623188260701296373 13832093209546676148 13832093209546676148 4623188260701296373 4619628101431473534 13829408487708011029 13832093209546676148 4623188260701296373 4619628101431473534 13829408487708011029 13832093209546676148 4619628101431473534 4623188260701296373 13832093209546676148 1 1 1 1 1
1 4607425685237489453 4586274763774724542 4613040719209699459 4614858804364870418 4614996407347885097 13830963760803327156 13836781096470798645 0 4607425685237489453 4614858804364870418 4614996407347885097 13830963760803327156 13834000538032063082 4614858804364870418 4614996407347885097 13830963760803327156 13834000538032063082 4614858804364870418 4614858804364870418 13834000538032063082 13830963760803327156 4614996407347885097 4614858804364870418 13834000538032063082 13830963760803327156 4614996407347885097 4614858804364870418 13830963760803327156 13834000538032063082 4614858804364870418 1 1 1 1 1
0 4603293614564978513 4608151701526218596 4613905329273361301 4597244379545494463 4612303615058687730 4602054368062714229 13833874959660053483 0 4608151701526218596 4597244379545494463 4612303615058687730 13826054898213884774 13833720867975801340 4597244379545494463 4612303615058687730 13826054898213884774 13833720867975801340 4597244379545494463 4597244379545494463 13833720867975801340 13826054898213884774 4612303615058687730 4597244379545494463 13833720867975801340 13826054898213884774 4612303615058687730 4597244379545494463 13826054898213884774 13833720867975801340 4597244379545494463 1 1 1 1 1
1 13826193313890835704 4612502124723062966 4611738944730208762 13835592713622725883 4614856363413872384 4616172954736137129 13836401082734241122 0 13826193313890835704 13835592713622725883 4614856363413872384 4616172954736137129 13833240510558948036 13835592713622725883 4614856363413872384 4616172954736137129 13833240510558948036 13835592713622725883 13835592713622725883 13833240510558948036 4616172954736137129 4614856363413872384 13835592713622725883 13833240510558948036 4616172954736137129 4614856363413872384 13835592713622725883 4616172954736137129 13833240510558948036 13835592713622725883 1 1 1 1 1
0 4586675980458327724 4612351082998760215 13823385373566365728 13821381523933764990 4609009294981660995 13838443411122058114 13814244363359496304 0 4612351082998760215 13821381523933764990 4609009294981660995 13837551551707924357 4608578143513187699 13821381523933764990 4609009294981660995 13837551551707924357 4608578143513187699 13821381523933764990 13821381523933764990 4608578143513187699 13837551551707924357 4609009294981660995 13821381523933764990 4608578143513187699 13837551551707924357 4609009294981660995 13821381523933764990 13837551551707924357 4608578143513187699 13821381523933764990 1 1 1 1 1
1 4615512934196347473 13833588458666158681 13834101130433340029 13823568760143192254 13828353528502498745 13839073113429156311 4603033846938471783 0 4615512934196347473 13823568760143192254 13828353528502498745 13839073113429156311 4609611732496615092 13823568760143192254 13828353528502498745 13839073113429156311 4609611732496615092 13823568760143192254 13823568760143192254 4609611732496615092 13839073113429156311 13828353528502498745 13823568760143192254 4609611732496615092 13839073113429156311 13828353528502498745 13823568760143192254 13839073113429156311 4609611732496615092 13823568760143192254 1 1 1 1 1
0 13831106705055499896 4614855327585958088 4614828215916201318 13837215864971625738 13839200403169024311 13832566645953903844 13836974381959606132 0 4614855327585958088 13837215864971625738 13839200403169024311 13844705637725354650 13844933195607326426 13837215864971625738 13839200403169024311 13844705637725354650 13844933195607326426 13837215864971625738 13837215864971625738 13844933195607326426 13844705637725354650 13839200403169024311 13837215864971625738 13844933195607326426 13844705637725354650 13839200403169024311 13837215864971625738 13844705637725354650 13844933195607326426 13837215864971625738 1 1 1 1 1
1 4598274298737078567 13837080738968406113 4603441981151102607 13832553135155021733 13837404421680824486 4613651245189584313 13839004172326060524 0 4598274298737078567 13832553135155021733 13837404421680824486 4613651245189584313 13836752372512375276 13832553135155021733 13837404421680824486 4613651245189584313 13836752372512375276 13832553135155021733 13832553135155021733 13836752372512375276 4613651245189584313 13837404421680824486 13832553135155021733 13836752372512375276 4613651245189584313 13837404421680824486 13832553135155021733 4613651245189584313 13836752372512375276 13832553135155021733 1 1 1 1 1
0 4602485056302278924 4608337754234024526 4614605026525868091 4612084803167192307 13830554509697988744 4613441008151779403 13833283348798603585 0 4608337754234024526 4612084803167192307 13830554509697988744 4609500690348987479 13834475056698416512 4612084803167192307 13830554509697988744 4609500690348987479 13834475056698416512 4612084803167192307 4612084803167192307 13834475056698416512 4609500690348987479 13830554509697988744 4612084803167192307 13834475056698416512 4609500690348987479 13830554509697988744 4612084803167192307 4609500690348987479 13834475056698416512 4612084803167192307 1 1 1 1 1
1 4612589449519837680 13830545160225162323 4603391540835276057 4614604666237897901 4609499682937886114 4615917105241306211 13837302460185260818 0 4612589449519837680 4614604666237897901 4609499682937886114 4615917105241306211 13835043265460987428 4614604666237897901 4609499682937886114 4615917105241306211 13835043265460987428 4614604666237897901 4614604666237897901 13835043265460987428 4615917105241306211 4609499682937886114 4614604666237897901 13835043265460987428 4615917105241306211 4609499682937886114 4614604666237897901 4615917105241306211 13835043265460987428 4614604666237897901 1 1 1 1 1
0 13823174677161398826 4614682335317071533 13832503703645511714 4602428419033365112 4612579595643852994 13832366253784884367 4608400876686401750 0 4614682335317071533 4602428419033365112 4612579595643852994 4608207532878320959 4617203460578453161 4602428419033365112 4612579595643852994 4608207532878320959 4617203460578453161 4602428419033365112 4602428419033365112 4617203460578453161 4608207532878320959 4612579595643852994 4602428419033365112 4617203460578453161 4608207532878320959 4612579595643852994 4602428419033365112 4608207532878320959 4617203460578453161 4602428419033365112 1 1 1 1 1
1 13839023258581281320 4613582015856112373 13834865805621270520 4612531596279024479 13832333467579597109 4615724936645206312 13839183712828805276 0 13839023258581281320 4612531596279024479 13832333467579597109 4615724936645206312 13836931913015120028 4612531596279024479 13832333467579597109 4615724936645206312 13836931913015120028 4612531596279024479 4612531596279024479 13836931913015120028 4615724936645206312 13832333467579597109 4612531596279024479 13836931913015120028 4615724936645206312 13832333467579597109 4612531596279024479 4615724936645206312 13836931913015120028 4612531596279024479 1 1 1 1 1
0 4611085796683450474 4613610226404178222 4611083562898035298 13834383019741216403 4615061295211316251 13814491665022234472 13822546551114170209 0 4613610226404178222 13834383019741216403 4615061295211316251 13830605392612922951 13820725737741179206 13834383019741216403 4615061295211316251 13830605392612922951 13820725737741179206 13834383019741216403 13834383019741216403 13820725737741179206 13830605392612922951 4615061295211316251 13834383019741216403 13820725737741179206 13830605392612922951 4615061295211316251 13834383019741216403 13830605392612922951 13820725737741179206 13834383019741216403 1 1 1 1 1
1 4614762427332844690 13837375094240051049 4599758036655913541 13832958351035094020 4615125858815574234 4612854351249919613 4610236021476961190 0 4614762427332844690 13832958351035094020 4615125858815574234 4612854351249919613 4613212819765859795 13832958351035094020 4615125858815574234 4612854351249919613 4613212819765859795 13832958351035094020 13832958351035094020 4613212819765859795 4612854351249919613 4615125858815574234 13832958351035094020 4613212819765859795 4612854351249919613 4615125858815574234 13832958351035094020 4612854351249919613 4613212819765859795 13832958351035094020 1 1 1 1 1
0 13838871721461019557 4612254291635568768 13835812156018169137 4607509145945783883 4612447333929996377 4613441575605332452 13835226156641854943 0 4612254291635568768 4607509145945783883 4612447333929996377 4621662174649215042 4618291602626955426 4607509145945783883 4612447333929996377 4621662174649215042 4618291602626955426 4607509145945783883 4607509145945783883 4618291602626955426 4621662174649215042 4612447333929996377 4607509145945783883 4618291602626955426 4621662174649215042 4612447333929996377 4607509145945783883 4621662174649215042 4618291602626955426 4607509145945783883 1 1 1 1 1
1 13839291808227061423 4595521770702423758 4615028671135615579 4613267016083775571 13831130430018336883 4614886429444984709 4612055133452847190 0 13839291808227061423 4613267016083775571 13831130430018336883 4614886429444984709 4614306933266532438 4613267016083775571 13831130430018336883 4614886429444984709 4614306933266532438 4613267016083775571 4613267016083775571 4614306933266532438 4614886429444984709 13831130430018336883 4613267016083775571 4614306933266532438 4614886429444984709 13831130430018336883 4613267016083775571 4614886429444984709 4614306933266532438 4613267016083775571 1 1 1 1 1
0 4601636289902106171 4613525810932762790 13831750701787815367 13827363961563575881 4615050792816985223 13833143034648613230 4610107488743596036 0 4613525810932762790 13827363961563575881 4615050792816985223 13813218623491072576 4616361159038935252 13827363961563575881 4615050792816985223 13813218623491072576 4616361159038935252 13827363961563575881 13827363961563575881 4616361159038935252 13813218623491072576 4615050792816985223 13827363961563575881 4616361159038935252 13813218623491072576 4615050792816985223 13827363961563575881 13813218623491072576 4616361159038935252 13827363961563575881 1 1 1 1 1
1 13837250308501575867 4607545985390735773 4613905275230165773 13838042878985598291 13835879340717410250 13836998638347199149 4595950369271761353 0 13837250308501575867 13838042878985598291 13835879340717410250 13836998638347199149 4608030212422670649 13838042878985598291 13835879340717410250 13836998638347199149 4608030212422670649 13838042878985598291 13838042878985598291 4608030212422670649 13836998638347199149 13835879340717410250 13838042878985598291 4608030212422670649 13836998638347199149 13835879340717410250 13838042878985598291 13836998638347199149 4608030212422670649 13838042878985598291 1 1 1 1 1
0 4614012406858101662 13826488353709623999 13821038962131708680 13832597810863325248 4613047501630738279 13821634878434402344 4604741756032358751 0 13826488353709623999 13832597810863325248 4613047501630738279 13827647928980182506 4608563156168923588 13832597810863325248 4613047501630738279 13827647928980182506 4608563156168923588 13832597810863325248 13832597810863325248 4608563156168923588 13827647928980182506 4613047501630738279 13832597810863325248 4608563156168923588 13827647928980182506 4613047501630738279 13832597810863325248 13827647928980182506 4608563156168923588 13832597810863325248 1 1 1 1 1
1 13838191704938884377 13821916047166338339 13833335590554281083 13834880199125679596 13837769006085058637 4613208289144634660 13831753872321953036 0 13838191704938884377 13834880199125679596 13837769006085058637 4613208289144634660 13821841323441321008 13834880199125679596 13837769006085058637 4613208289144634660 13821841323441321008 13834880199125679596 13834880199125679596 13821841323441321008 4613208289144634660 13837769006085058637 13834880199125679596 13821841323441321008 4613208289144634660 13837769006085058637 13834880199125679596 4613208289144634660 13821841323441321008 13834880199125679596 1 1 1 1 1
0 13837953077209028524 13823956718229492458 4615728188244137274 4590306818506710837 4603372445572856006 13837922461738761659 4616047817716891013 0 13823956718229492458 4590306818506710837 4603372445572856006 13844503523201378027 13826676329811444140 4590306818506710837 4603372445572856006 13844503523201378027 13826676329811444140 4590306818506710837 4590306818506710837 13826676329811444140 13844503523201378027 4603372445572856006 4590306818506710837 13826676329811444140 13844503523201378027 4603372445572856006 4590306818506710837 13844503523201378027 13826676329811444140 4590306818506710837 1 1 1 1 1
1 4603421408708004778 13838604856161500091 13836959457030441026 13830988836846052355 4611268660842720225 13838540679866810062 4614254484345272081 0 4603421408708004778 13830988836846052355 4611268660842720225 13838540679866810062 4616347951106857864 13830988836846052355 4611268660842720225 13838540679866810062 4616347951106857864 13830988836846052355 13830988836846052355 4616347951106857864 13838540679866810062 4611268660842720225 13830988836846052355 4616347951106857864 13838540679866810062 4611268660842720225 13830988836846052355 13838540679866810062 4616347951106857864 13830988836846052355 1 1 1 1 1
0 4614257258562642541 13836198357700614667 13837155949082183201 13826140603760796959 13836214660731265748 4615999070754524354 13832952045995615702 0 13836198357700614667 13826140603760796959 13836214660731265748 13839971460519964251 13844522219309664025 13826140603760796959 13836214660731265748 13839971460519964251 13844522219309664025 13826140603760796959 13826140603760796959 13844522219309664025 13839971460519964251 13836214660731265748 13826140603760796959 13844522219309664025 13839971460519964251 13836214660731265748 13826140603760796959 13839971460519964251 13844522219309664025 13826140603760796959 1 1 1 1 1
1 13839246384921219764 13832403327417016880 13839007225766607881 13835861137167716419 4606337291308343570 13835155324026915660 4613103112078937050 0 13839246384921219764 13835861137167716419 4606337291308343570 13835155324026915660 4615354911892622298 13835861137167716419 4606337291308343570 13835155324026915660 4615354911892622298 13835861137167716419 13835861137167716419 4615354911892622298 13835155324026915660 4606337291308343570 13835861137167716419 4615354911892622298 13835155324026915660 4606337291308343570 13835861137167716419 13835155324026915660 4615354911892622298 13835861137167716419 1 1 1 1 1
0 13824361609850391575 13839117185655109759 4609012303386212078 13835555459846608274 13824469263895884240 4613410689919087945 13835108270418008893 0 13839117185655109759 13835555459846608274 13824469263895884240 4617489025209565944 4608830274164157138 13835555459846608274 13824469263895884240 4617489025209565944 4608830274164157138 13835555459846608274 13835555459846608274 4608830274164157138 4617489025209565944 13824469263895884240 13835555459846608274 4608830274164157138 4617489025209565944 13824469263895884240 13835555459846608274 4617489025209565944 4608830274164157138 13835555459846608274 1 1 1 1 1
1 13832702960907425094 4612810882506316233 13838934852920596037 4615265902749586947 13822566439010124677 13823177775637942457 13832993244925006887 0 13832702960907425094 4615265902749586947 13822566439010124677 13823177775637942457 13826424834940479566 4615265902749586947 13822566439010124677 13823177775637942457 13826424834940479566 4615265902749586947 4615265902749586947 13826424834940479566 13823177775637942457 13822566439010124677 4615265902749586947 13826424834940479566 13823177775637942457 13822566439010124677 4615265902749586947 13823177775637942457 13826424834940479566 4615265902749586947 1 1 1 1 1
0 13838098804685770978 13833302173845045994 13837928109252694382 13828914352756895938 4608166059001830653 13833939649365101033 13833199527802338965 0 13833302173845045994 13828914352756895938 4608166059001830653 4607622011761408905 4612275875689464686 13828914352756895938 4608166059001830653 4607622011761408905 4612275875689464686 13828914352756895938 13828914352756895938 4612275875689464686 4607622011761408905 4608166059001830653 13828914352756895938 4612275875689464686 4607622011761408905 4608166059001830653 13828914352756895938 4607622011761408905 4612275875689464686 13828914352756895938 1 1 1 1 1
1 4591176121321184400 4614440338894694407 13837465301340587280 4614905434635412213 4607489456208213019 4614540255756027249 4608872133351409799 0 4591176121321184400 4614905434635412213 4607489456208213019 4614540255756027249 4612530875703084100 4614905434635412213 4607489456208213019 4614540255756027249 4612530875703084100 4614905434635412213 4614905434635412213 4612530875703084100 4614540255756027249 4607489456208213019 4614905434635412213 4612530875703084100 4614540255756027249 4607489456208213019 4614905434635412213 4614540255756027249 4612530875703084100 4614905434635412213 1 1 1 1 1
0 13836525985566306616 13838060434016945782 4613172062189232092 13831751980810109540 13839081859419632665 13838717347072992552 13831493780436273135 0 13838060434016945782 13831751980810109540 13839081859419632665 13836676579735992882 4604459639330315260 13831751980810109540 13839081859419632665 13836676579735992882 4604459639330315260 13831751980810109540 13831751980810109540 4604459639330315260 13836676579735992882 13839081859419632665 13831751980810109540 4604459639330315260 13836676579735992882 13839081859419632665 13831751980810109540 13836676579735992882 4604459639330315260 13831751980810109540 1 1 1 1 1
1 13829065349445202416 13838345475844561315 4615702715884644866 13821264790631423546 13827548753263486147 13812380953977675487 4599895306372555794 0 13829065349445202416 13821264790631423546 13827548753263486147 13812380953977675487 4608738340413679876 13821264790631423546 13827548753263486147 13812380953977675487 4608738340413679876 13821264790631423546 13821264790631423546 4608738340413679876 13812380953977675487 13827548753263486147 13821264790631423546 4608738340413679876 13812380953977675487 13827548753263486147 13821264790631423546 13812380953977675487 4608738340413679876 13821264790631423546 1 1 1 1 1
0 4603542825753958687 4613565334523092593 4615687772941081251 13838571988891419542 4612186035079616341 4615668380441085794 13832539660384936640 0 4613565334523092593 13838571988891419542 4612186035079616341 13825318348049870560 13840314505490058063 13838571988891419542 4612186035079616341 13825318348049870560 13840314505490058063 13838571988891419542 13838571988891419542 13840314505490058063 13825318348049870560 4612186035079616341 13838571988891419542 13840314505490058063 13825318348049870560 4612186035079616341 13838571988891419542 13825318348049870560 13840314505490058063 13838571988891419542 1 1 1 1 1
1 4613488286940667539 4599107644812127203 4615891353658636907 4613179763344594895 13828762347262272929 4611581264700055266 13838602316131310254 0 4613488286940667539 4613179763344594895 13828762347262272929 4611581264700055266 13836350516317625006 4613179763344594895 13828762347262272929 4611581264700055266 13836350516317625006 4613179763344594895 4613179763344594895 13836350516317625006 4611581264700055266 13828762347262272929 4613179763344594895 13836350516317625006 4611581264700055266 13828762347262272929 4613179763344594895 4611581264700055266 13836350516317625006 4613179763344594895 1 1 1 1 1
0 13836815395885560699 13834818319666799526 13833792994146835340 13833914771480759438 13825184939919868940 4613287057102117370 13837548230624125680 0 13834818319666799526 13833914771480759438 13825184939919868940 4614900611591860393 13832307697359231106 13833914771480759438 13825184939919868940 4614900611591860393 13832307697359231106 13833914771480759438 13833914771480759438 13832307697359231106 4614900611591860393 13825184939919868940 13833914771480759438 13832307697359231106 4614900611591860393 13825184939919868940 13833914771480759438 4614900611591860393 13832307697359231106 13833914771480759438 1 1 1 1 1
1 13837936377861610234 4603154759581267426 4615691438871177930 4614009704698325240 4612600014964563491 4600202704068721594 13825342241647653737 0 13837936377861610234 4614009704698325240 4612600014964563491 4600202704068721594 4603033126362531404 4614009704698325240 4612600014964563491 4600202704068721594 4603033126362531404 4614009704698325240 4614009704698325240 4603033126362531404 4600202704068721594 4612600014964563491 4614009704698325240 4603033126362531404 4600202704068721594 4612600014964563491 4614009704698325240 4600202704068721594 4603033126362531404 4614009704698325240 1 1 1 1 1
0 4600960029382060217 4602177154202954858 13837274492831574847 4608981174505587694 4611110548467002502 4595267983856222175 4608494911846621246 0 4602177154202954858 4608981174505587694 4611110548467002502 4598537732067997592 4612569281246595860 4608981174505587694 4611110548467002502 4598537732067997592 4612569281246595860 4608981174505587694 4608981174505587694 4612569281246595860 4598537732067997592 4611110548467002502 4608981174505587694 4612569281246595860 4598537732067997592 4611110548467002502 4608981174505587694 4598537732067997592 4612569281246595860 4608981174505587694 1 1 1 1 1
1 4609253678311840628 13834405465681759218 13832097875275890104 4609984090113806084 4614279046977639760 4611682721792460669 4611662851910904710 0 4609253678311840628 4609984090113806084 4614279046977639760 4611682721792460669 4613926234982831555 4609984090113806084 4614279046977639760 4611682721792460669 4613926234982831555 4609984090113806084 4609984090113806084 4613926234982831555 4611682721792460669 4614279046977639760 4609984090113806084 4613926234982831555 4611682721792460669 4614279046977639760 4609984090113806084 4611682721792460669 4613926234982831555 4609984090113806084 1 1 1 1 1
0 4588432456370596256 13820120227807725099 4606787038781531297 4615525274059326469 13837301478400542051 4613959570627273351 4608807966063919024 0 13820120227807725099 4615525274059326469 13837301478400542051 4614247838358478129 4612787059790543490 4615525274059326469 13837301478400542051 4614247838358478129 4612787059790543490 4615525274059326469 4615525274059326469 4612787059790543490 4614247838358478129 13837301478400542051 4615525274059326469 4612787059790543490 4614247838358478129 13837301478400542051 4615525274059326469 4614247838358478129 4612787059790543490 4615525274059326469 1 1 1 1 1
1 13833157932556180571 4599707524282492954 13834804466594345734 4603981152098491403 13837624656709802158 13839345202904243527 4598836924431326708 0 13833157932556180571 4603981152098491403 13837624656709802158 13839345202904243527 4608473744928372605 4603981152098491403 13837624656709802158 13839345202904243527 4608473744928372605 4603981152098491403 4603981152098491403 4608473744928372605 13839345202904243527 13837624656709802158 4603981152098491403 4608473744928372605 13839345202904243527 13837624656709802158 4603981152098491403 13839345202904243527 4608473744928372605 4603981152098491403 1 1 1 1 1
0 13834087025159307105 4612182936603072710 13833103186799110256 4604932564541371184 4598868269484733207 4614504235966207539 13833945720217398728 0 4612182936603072710 4604932564541371184 4598868269484733207 4618877556521705216 4612548045541159144 4604932564541371184 4598868269484733207 4618877556521705216 4612548045541159144 4604932564541371184 4604932564541371184 4612548045541159144 4618877556521705216 4598868269484733207 4604932564541371184 4612548045541159144 4618877556521705216 4598868269484733207 4604932564541371184 4618877556521705216 4612548045541159144 4604932564541371184 1 1 1 1 1
1 13834997292715991229 4610739595972895249 4595862170776658929 13827428381052645788 13836463052265113740 13837489963052146761 13825820559956877502 0 13834997292715991229 13827428381052645788 13836463052265113740 13837489963052146761 4602793967207919521 13827428381052645788 13836463052265113740 13837489963052146761 4602793967207919521 13827428381052645788 13827428381052645788 4602793967207919521 13837489963052146761 13836463052265113740 13827428381052645788 4602793967207919521 13837489963052146761 13836463052265113740 13827428381052645788 13837489963052146761 4602793967207919521 13827428381052645788 1 1 1 1 1
0 4611983598276366037 4612097737505322115 13834933377630079587 13836306597214058889 13836481760217965837 13830737626058837629 13829590829449724006 0 4612097737505322115 13836306597214058889 13836481760217965837 13830470559207886570 4594823474130794152 13836306597214058889 13836481760217965837 13830470559207886570 4594823474130794152 13836306597214058889 13836306597214058889 4594823474130794152 13830470559207886570 13836481760217965837 13836306597214058889 4594823474130794152 13830470559207886570 13836481760217965837 13836306597214058889 13830470559207886570 4594823474130794152 13836306597214058889 1 1 1 1 1
1 4605056863891086610 13837209794119328042 4596379256071475100 4608817783911106692 4611870179623350338 13826283890286541379 13835077348702967367 0 4605056863891086610 4608817783911106692 4611870179623350338 13826283890286541379 13830593042496400526 4608817783911106692 4611870179623350338 13826283890286541379 13830593042496400526 4608817783911106692 4608817783911106692 13830593042496400526 13826283890286541379 4611870179623350338 4608817783911106692 13830593042496400526 13826283890286541379 4611870179623350338 4608817783911106692 13826283890286541379 13830593042496400526 4608817783911106692 1 1 1 1 1
0 4600255017881993130 13838569764113203620 13837520650580007663 13839024753776357607 13839240908544072881 4614043166443556603 4615991946059913854 0 13838569764113203620 13839024753776357607 13839240908544072881 13837364740160478719 13831270266178708728 13839024753776357607 13839240908544072881 13837364740160478719 13831270266178708728 13839024753776357607 13839024753776357607 13831270266178708728 13837364740160478719 13839240908544072881 13839024753776357607 13831270266178708728 13837364740160478719 13839240908544072881 13839024753776357607 13837364740160478719 13831270266178708728 13839024753776357607 1 1 1 1 1
1 13838639146569062890 4615716010510744864 13831704458826841527 13821453437412614842 4610402114231218614 4614206827254015246 4616131719777948925 0 13838639146569062890 13821453437412614842 4610402114231218614 4614206827254015246 4617286568823196286 13821453437412614842 4610402114231218614 4614206827254015246 4617286568823196286 13821453437412614842 13821453437412614842 4617286568823196286 4614206827254015246 4610402114231218614 13821453437412614842 4617286568823196286 4614206827254015246 4610402114231218614 13821453437412614842 4614206827254015246 4617286568823196286 13821453437412614842 1 1 1 1 1
0 13819097154087574598 13830108779435668632 13837884874696271625 4601702582888621064 4615803776660283060 4609722070687485669 13837473714064691208 0 13830108779435668632 4601702582888621064 4615803776660283060 4599310214123528336 13838038715732722536 4601702582888621064 4615803776660283060 4599310214123528336 13838038715732722536 4601702582888621064 4601702582888621064 13838038715732722536 4599310214123528336 4615803776660283060 4601702582888621064 13838038715732722536 4599310214123528336 4615803776660283060 4601702582888621064 4599310214123528336 13838038715732722536 4601702582888621064 1 1 1 1 1
1 4606182619682741158 4615424726694045795 13835590741046089094 13837316835675271384 13832446039555882862 13836896127412480942 13837452294944863434 0 4606182619682741158 13837316835675271384 13832446039555882862 13836896127412480942 13835200495131178186 13837316835675271384 13832446039555882862 13836896127412480942 13835200495131178186 13837316835675271384 13837316835675271384 13835200495131178186 13836896127412480942 13832446039555882862 13837316835675271384 13835200495131178186 13836896127412480942 13832446039555882862 13837316835675271384 13836896127412480942 13835200495131178186 13837316835675271384 1 1 1 1 1
0 13838477278191255940 4611873350157488007 13837515030087672705 4613898033441964961 13810286095603804846 4607764608131046847 4607456093542173458 0 4611873350157488007 4613898033441964961 13810286095603804846 4621699163734758342 4622223549364570480 4613898033441964961 13810286095603804846 4621699163734758342 4622223549364570480 4613898033441964961 4613898033441964961 4622223549364570480 4621699163734758342 13810286095603804846 4613898033441964961 4622223549364570480 4621699163734758342 13810286095603804846 4613898033441964961 4621699163734758342 4622223549364570480 4613898033441964961 1 1 1 1 1
1 4610313375304160905 4613625349491726932 13835007777095923748 4611027448046678262 13839253617702221321 13838322165212890045 13832344852679455102 0 4610313375304160905 4611027448046678262 13839253617702221321 13838322165212890045 13824205244871329272 4611027448046678262 13839253617702221321 13838322165212890045 13824205244871329272 4611027448046678262 4611027448046678262 13824205244871329272 13838322165212890045 13839253617702221321 4611027448046678262 13824205244871329272 13838322165212890045 13839253617702221321 4611027448046678262 13838322165212890045 13824205244871329272 4611027448046678262 1 1 1 1 1
0 13836987955808883026 13835356797059845706 13831744666964314691 4614747835670052009 4614589678258338012 13832010055083156379 4594235830879222896 0 13835356797059845706 4614747835670052009 4614589678258338012 13829341171745053736 4609878136506836245 4614747835670052009 4614589678258338012 13829341171745053736 4609878136506836245 4614747835670052009 4614747835670052009 4609878136506836245 13829341171745053736 4614589678258338012 4614747835670052009 4609878136506836245 13829341171745053736 4614589678258338012 4614747835670052009 13829341171745053736 4609878136506836245 4614747835670052009 1 1 1 1 1
1 13833623965045620870 4610703314974297152 4608580732441120419 13831475910152951729 4597615620269977868 13824898510983568176 13833239249551052373 0 13833623965045620870 13831475910152951729 4597615620269977868 13824898510983568176 13826916844192570538 13831475910152951729 4597615620269977868 13824898510983568176 13826916844192570538 13831475910152951729 13831475910152951729 13826916844192570538 13824898510983568176 4597615620269977868 13831475910152951729 13826916844192570538 13824898510983568176 4597615620269977868 13831475910152951729 13824898510983568176 13826916844192570538 13831475910152951729 1 1 1 1 1
0 13833055844959827337 4607191804301640848 4612506358106712695 4604353005312524130 13832791988064858954 4610991437264057807 13837733283532814334 0 4607191804301640848 4604353005312524130 13832791988064858954 13831354234008642247 13840925568332489252 4604353005312524130 13832791988064858954 13831354234008642247 13840925568332489252 4604353005312524130 4604353005312524130 13840925568332489252 13831354234008642247 13832791988064858954 4604353005312524130 13840925568332489252 13831354234008642247 13832791988064858954 4604353005312524130 13831354234008642247 13840925568332489252 4604353005312524130 1 1 1 1 1
1 13837789650585750503 13817747947696808436 13836398966042416258 4606603075743952467 13838521539568393737 4602566193153165631 13829829231999598490 0 13837789650585750503 4606603075743952467 13838521539568393737 4602566193153165631 4590466209904722736 4606603075743952467 13838521539568393737 4602566193153165631 4590466209904722736 4606603075743952467 4606603075743952467 4590466209904722736 4602566193153165631 13838521539568393737 4606603075743952467 4590466209904722736 4602566193153165631 13838521539568393737 4606603075743952467 4602566193153165631 4590466209904722736 4606603075743952467 1 1 1 1 1
0 13832753797540018852 13838721733579029610 4612283862270722083 4612875581218563037 13836457062477609338 13830734815812670150 13836005081219006435 0 13838721733579029610 4612875581218563037 13836457062477609338 4608905051263135094 4607191359547326582 4612875581218563037 13836457062477609338 4608905051263135094 4607191359547326582 4612875581218563037 4612875581218563037 4607191359547326582 4608905051263135094 13836457062477609338 4612875581218563037 4607191359547326582 4608905051263135094 13836457062477609338 4612875581218563037 4608905051263135094 4607191359547326582 4612875581218563037 1 1 1 1 1
1 4606610029301777127 4596307342592625248 13838349141774657995 13821721203432059782 13813901657442251918 4614374307116957900 4606434028628339488 0 4606610029301777127 13821721203432059782 13813901657442251918 4614374307116957900 4611311823341548944 13821721203432059782 13813901657442251918 4614374307116957900 4611311823341548944 13821721203432059782 13821721203432059782 4611311823341548944 4614374307116957900 13813901657442251918 13821721203432059782 4611311823341548944 4614374307116957900 13813901657442251918 13821721203432059782 4614374307116957900 4611311823341548944 13821721203432059782 1 1 1 1 1
0 4594987391585038484 4611079095327204946 13831001536997001540 4615903864658401742 13825490320003401679 13839235801462095443 13836447667968786643 0 4611079095327204946 4615903864658401742 13825490320003401679 13837127162867403706 13827678352022517992 4615903864658401742 13825490320003401679 13837127162867403706 13827678352022517992 4615903864658401742 4615903864658401742 13827678352022517992 13837127162867403706 13825490320003401679 4615903864658401742 13827678352022517992 13837127162867403706 13825490320003401679 4615903864658401742 13837127162867403706 13827678352022517992 4615903864658401742 1 1 1 1 1
1 4610122837011126114 13830879309303114705 4616184141677611517 13832832448403911251 4588568501108139864 13830915554272915782 4607464848539849067 0 4610122837011126114 13832832448403911251 4588568501108139864 13830915554272915782 4611827233297303734 13832832448403911251 4588568501108139864 13830915554272915782 4611827233297303734 13832832448403911251 13832832448403911251 4611827233297303734 13830915554272915782 4588568501108139864 13832832448403911251 4611827233297303734 13830915554272915782 4588568501108139864 13832832448403911251 13830915554272915782 4611827233297303734 13832832448403911251 1 1 1 1 1
0 4611194135276086498 4605855370119417908 13830892351727635570 4614137624942141071 13832391924302760378 13839194467424715437 13833115580705284779 0 4605855370119417908 4614137624942141071 13832391924302760378 13840006313015167243 13831124988470083964 4614137624942141071 13832391924302760378 13840006313015167243 13831124988470083964 4614137624942141071 4614137624942141071 13831124988470083964 13840006313015167243 13832391924302760378 4614137624942141071 13831124988470083964 13840006313015167243 13832391924302760378 4614137624942141071 13840006313015167243 13831124988470083964 4614137624942141071 1 1 1 1 1
1 13838195100653003414 13835128572645129079 4599123713655597661 4616064985438670549 13837936585027193093 13828840097406239854 4615821439778021607 0 13838195100653003414 4616064985438670549 13837936585027193093 13828840097406239854 4617131428823232628 4616064985438670549 13837936585027193093 13828840097406239854 4617131428823232628 4616064985438670549 4616064985438670549 4617131428823232628 13828840097406239854 13837936585027193093 4616064985438670549 4617131428823232628 13828840097406239854 13837936585027193093 4616064985438670549 13828840097406239854 4617131428823232628 4616064985438670549 1 1 1 1 1
0 13829802750833789552 4607356888249581741 4606699344689587139 13836300193095388769 13821658729498028899 13831642561353562947 4608272289909841068 0 4607356888249581741 13836300193095388769 13821658729498028899 13835433694006446886 4608609118160044452 13836300193095388769 13821658729498028899 13835433694006446886 4608609118160044452 13836300193095388769 13836300193095388769 4608609118160044452 13835433694006446886 13821658729498028899 13836300193095388769 4608609118160044452 13835433694006446886 13821658729498028899 13836300193095388769 13835433694006446886 4608609118160044452 13836300193095388769 1 1 1 1 1
1 13836175938781669617 4598772865230226990 4614002201701346041 13837672773168220984 13837422003733769740 13836549638471549566 4607939329782190313 0 13836175938781669617 13837672773168220984 13837422003733769740 13836549638471549566 4612064473918474356 13837672773168220984 13837422003733769740 13836549638471549566 4612064473918474356 13837672773168220984 13837672773168220984 4612064473918474356 13836549638471549566 13837422003733769740 13837672773168220984 4612064473918474356 13836549638471549566 13837422003733769740 13837672773168220984 13836549638471549566 4612064473918474356 13837672773168220984 1 1 1 1 1
0 13836400758475067952 13819092254171180019 4609744156340058294 13836274972937475494 13835710599846571933 13838289162834820674 4612132982676005916 0 13819092254171180019 13836274972937475494 13835710599846571933 13841057745292645115 4608554200870123729 13836274972937475494 13835710599846571933 13841057745292645115 4608554200870123729 13836274972937475494 13836274972937475494 4608554200870123729 13841057745292645115 13835710599846571933 13836274972937475494 4608554200870123729 13841057745292645115 13835710599846571933 13836274972937475494 13841057745292645115 4608554200870123729 13836274972937475494 1 1 1 1 1
1 13830162390285632850 4611772496547432672 13833847974091086279 13826914466291967286 13837457266918852051 4600209477482561160 4613825354351178456 0 13830162390285632850 13826914466291967286 13837457266918852051 4600209477482561160 4616077154164863704 13826914466291967286 13837457266918852051 4600209477482561160 4616077154164863704 13826914466291967286 13826914466291967286 4616077154164863704 4600209477482561160 13837457266918852051 13826914466291967286 4616077154164863704 4600209477482561160 13837457266918852051 13826914466291967286 4600209477482561160 4616077154164863704 13826914466291967286 1 1 1 1 1
0 4612245140321125951 4611591857166378842 13837456654429302729 13826409486672949487 4610186499895458624 13820293310148604202 13832515340946948839 0 4611591857166378842 13826409486672949487 4610186499895458624 13827201823906251779 13829185281239739782 13826409486672949487 4610186499895458624 13827201823906251779 13829185281239739782 13826409486672949487 13826409486672949487 13829185281239739782 13827201823906251779 4610186499895458624 13826409486672949487 13829185281239739782 13827201823906251779 4610186499895458624 13826409486672949487 13827201823906251779 13829185281239739782 13826409486672949487 1 1 1 1 1
1 13837638455739060421 4606262423468138163 13831465299672229644 4606469985367764414 13838875198239931888 13834076955110540304 4613751324180503740 0 13837638455739060421 4606469985367764414 13838875198239931888 13834076955110540304 4616003123994188988 4606469985367764414 13838875198239931888 13834076955110540304 4616003123994188988 4606469985367764414 4606469985367764414 4616003123994188988 13834076955110540304 13838875198239931888 4606469985367764414 4616003123994188988 13834076955110540304 13838875198239931888 4606469985367764414 13834076955110540304 4616003123994188988 4606469985367764414 1 1 1 1 1
0 4612729520475448157 13832011784465413290 4610073981962368399 13837387127858255383 13837628268596703309 4612949737490027320 4614165241015056107 0 13832011784465413290 13837387127858255383 13837628268596703309 4618070362957977269 4619804014627334286 13837387127858255383 13837628268596703309 4618070362957977269 4619804014627334286 13837387127858255383 13837387127858255383 4619804014627334286 4618070362957977269 13837628268596703309 13837387127858255383 4619804014627334286 4618070362957977269 13837628268596703309 13837387127858255383 4618070362957977269 4619804014627334286 13837387127858255383 1 1 1 1 1
1 13834896880458699377 4608653042236737479 13834824696763871882 13839029743764744733 13838531681674754576 4608361317067274928 13832928987565523565 0 13834896880458699377 13839029743764744733 13838531681674754576 4608361317067274928 13826296320221512922 13839029743764744733 13838531681674754576 4608361317067274928 13826296320221512922 13839029743764744733 13839029743764744733 13826296320221512922 4608361317067274928 13838531681674754576 13839029743764744733 13826296320221512922 4608361317067274928 13838531681674754576 13839029743764744733 4608361317067274928 13826296320221512922 13839029743764744733 1 1 1 1 1
0 4600544617352431562 13826227577276800738 13838165502996252335 13832325775431433561 13837903969958691676 4603533602381921832 13836251680320202734 0 13826227577276800738 13832325775431433561 13837903969958691676 13829906233742729212 13837429220551348087 13832325775431433561 13837903969958691676 13829906233742729212 13837429220551348087 13832325775431433561 13832325775431433561 13837429220551348087 13829906233742729212 13837903969958691676 13832325775431433561 13837429220551348087 13829906233742729212 13837903969958691676 13832325775431433561 13829906233742729212 13837429220551348087 13832325775431433561 1 1 1 1 1
1 13835607647559090243 13836227865285373198 4591387970647655908 13833324817943972412 4608957449542750706 4611148793035038132 4595122139285889409 0 13835607647559090243 13833324817943972412 4608957449542750706 4611148793035038132 4607926683674436656 13833324817943972412 4608957449542750706 4611148793035038132 4607926683674436656 13833324817943972412 13833324817943972412 4607926683674436656 4611148793035038132 4608957449542750706 13833324817943972412 4607926683674436656 4611148793035038132 4608957449542750706 13833324817943972412 4611148793035038132 4607926683674436656 13833324817943972412 1 1 1 1 1
0 13837412492131356734 13832663113057922120 13838310464861058137 13836278125457214653 13836350056950463015 4608684855664505224 4608671759196788831 0 13832663113057922120 13836278125457214653 13836350056950463015 4616246039976760198 4617368665766673723 13836278125457214653 13836350056950463015 4616246039976760198 4617368665766673723 13836278125457214653 13836278125457214653 4617368665766673723 4616246039976760198 13836350056950463015 13836278125457214653 4617368665766673723 4616246039976760198 13836350056950463015 13836278125457214653 4616246039976760198 4617368665766673723 13836278125457214653 1 1 1 1 1
1 13834809438568334351 4613742100808466885 13836725720209780497 13827346667741006778 13839518735605085367 4615433859994090102 13831753494019584337 0 13834809438568334351 13827346667741006778 13839518735605085367 4615433859994090102 13821839810231846212 13827346667741006778 13839518735605085367 4615433859994090102 13821839810231846212 13827346667741006778 13827346667741006778 13821839810231846212 4615433859994090102 13839518735605085367 13827346667741006778 13821839810231846212 4615433859994090102 13839518735605085367 13827346667741006778 4615433859994090102 13821839810231846212 13827346667741006778 1 1 1 1 1
0 13832239360361783575 4613797522105481306 13828816750745771565 4614042220687634855 4609036370622620746 4603111849284017840 13836539541401185001 0 4613797522105481306 4614042220687634855 4609036370622620746 4612334670123422710 4590578275255594016 4614042220687634855 4609036370622620746 4612334670123422710 4590578275255594016 4614042220687634855 4614042220687634855 4590578275255594016 4612334670123422710 4609036370622620746 4614042220687634855 4590578275255594016 4612334670123422710 4609036370622620746 4614042220687634855 4612334670123422710 4590578275255594016 4614042220687634855 1 1 1 1 1
1 13839304949730774090 4606968119515348610 4608940029619392037 4610464263906076326 13818543175304611008 13836443515649930207 13830809827768063633 0 13839304949730774090 4610464263906076326 13818543175304611008 13836443515649930207 13811704765515223584 4610464263906076326 13818543175304611008 13836443515649930207 13811704765515223584 4610464263906076326 4610464263906076326 13811704765515223584 13836443515649930207 13818543175304611008 4610464263906076326 13811704765515223584 13836443515649930207 13818543175304611008 4610464263906076326 13836443515649930207 13811704765515223584 4610464263906076326 1 1 1 1 1
0 4613192796761916506 13835486852009884912 13831578736339643852 4613983854036464133 4604909614197670104 4615599412316392242 13835955595666300888 0 13835486852009884912 4613983854036464133 4604909614197670104 4604980083337675928 13839990614165212402 4613983854036464133 4604909614197670104 4604980083337675928 13839990614165212402 4613983854036464133 4613983854036464133 13839990614165212402 4604980083337675928 4604909614197670104 4613983854036464133 13839990614165212402 4604980083337675928 4604909614197670104 4613983854036464133 4604980083337675928 13839990614165212402 4613983854036464133 1 1 1 1 1
1 4615552691973857900 4614858281947313643 13834713205651496698 13837449872008263909 4614206575052436114 13829601746175220752 13839105125015307661 0 4615552691973857900 13837449872008263909 4614206575052436114 13829601746175220752 13836853325201622413 13837449872008263909 4614206575052436114 13829601746175220752 13836853325201622413 13837449872008263909 13837449872008263909 13836853325201622413 13829601746175220752 4614206575052436114 13837449872008263909 13836853325201622413 13829601746175220752 4614206575052436114 13837449872008263909 13829601746175220752 13836853325201622413 13837449872008263909 1 1 1 1 1
0 4610509750262312768 13839062665078020812 4602925328201850663 4614526961129927251 4601893031109663308 4612393020518490289 13836136604342524163 0 13839062665078020812 4614526961129927251 4601893031109663308 4615668944828768360 13805995602425456128 4614526961129927251 4601893031109663308 4615668944828768360 13805995602425456128 4614526961129927251 4614526961129927251 13805995602425456128 4615668944828768360 4601893031109663308 4614526961129927251 13805995602425456128 4615668944828768360 4601893031109663308 4614526961129927251 4615668944828768360 13805995602425456128 4614526961129927251 1 1 1 1 1
1 4608721424893479473 4592234791492789637 4614158647745201637 4611829349989128597 4615290240201973257 4585078607713694938 13835255294931444030 0 4608721424893479473 4611829349989128597 4615290240201973257 4585078607713694938 13830948934953353852 4611829349989128597 4615290240201973257 4585078607713694938 13830948934953353852 4611829349989128597 4611829349989128597 13830948934953353852 4585078607713694938 4615290240201973257 4611829349989128597 13830948934953353852 4585078607713694938 4615290240201973257 4611829349989128597 4585078607713694938 13830948934953353852 4611829349989128597 1 1 1 1 1
0 13831350511924927225 4611746087439217772 4600834216822869995 13830875994653788960 13836924428032539338 13834482098933018554 4613447988731201827 0 4611746087439217772 13830875994653788960 13836924428032539338 13836204134656269289 4614265730996208919 13830875994653788960 13836924428032539338 13836204134656269289 4614265730996208919 13830875994653788960 13830875994653788960 4614265730996208919 13836204134656269289 13836924428032539338 13830875994653788960 4614265730996208919 13836204134656269289 13836924428032539338 13830875994653788960 13836204134656269289 4614265730996208919 13830875994653788960 1 1 1 1 1
1 13837373049605820223 4609491324256977714 4613379488980869522 13824678086803406155 13837801522074368252 13837653569819409876 13832041940568518162 0 13837373049605820223 13824678086803406155 13837801522074368252 13837653569819409876 13822993596427581512 13824678086803406155 13837801522074368252 13837653569819409876 13822993596427581512 13824678086803406155 13824678086803406155 13822993596427581512 13837653569819409876 13837801522074368252 13824678086803406155 13822993596427581512 13837653569819409876 13837801522074368252 13824678086803406155 13837653569819409876 13822993596427581512 13824678086803406155 1 1 1 1 1
0 13830549123392834409 4612631828392331237 13835157900085902516 4612224369719644518 13810318953866686141 13837317844481587915 4587701504136675515 0 4612631828392331237 4612224369719644518 13810318953866686141 4602529170095376072 4616806121220445395 4612224369719644518 13810318953866686141 4602529170095376072 4616806121220445395 4612224369719644518 4612224369719644518 4616806121220445395 4602529170095376072 13810318953866686141 4612224369719644518 4616806121220445395 4602529170095376072 13810318953866686141 4612224369719644518 4602529170095376072 4616806121220445395 4612224369719644518 1 1 1 1 1
1 13827754549752058469 4616095222606568714 4588099262055764877 13819560196186862323 4607547012211450814 4613919245396209876 4605731214884890558 0 13827754549752058469 13819560196186862323 4607547012211450814 4613919245396209876 4610960416469824479 13819560196186862323 4607547012211450814 4613919245396209876 4610960416469824479 13819560196186862323 13819560196186862323 4610960416469824479 4613919245396209876 4607547012211450814 13819560196186862323 4610960416469824479 4613919245396209876 4607547012211450814 13819560196186862323 4613919245396209876 4610960416469824479 13819560196186862323 1 1 1 1 1
0 13836803803620119847 4604996335512094750 4612025968141660339 13832416009553567556 4610319121897285430 4610603425134562075 4608293294698503124 0 4604996335512094750 13832416009553567556 4610319121897285430 13835147226692091394 13833042928910707530 13832416009553567556 4610319121897285430 13835147226692091394 13833042928910707530 13832416009553567556 13832416009553567556 13833042928910707530 13835147226692091394 4610319121897285430 13832416009553567556 13833042928910707530 13835147226692091394 4610319121897285430 13832416009553567556 13835147226692091394 13833042928910707530 13832416009553567556 1 1 1 1 1
1 13838933546876704100 4614566881037024263 13838036033514164688 4606725861884193097 13839043605844397780 4611216473130238256 13832531391776020788 0 13838933546876704100 4606725861884193097 13839043605844397780 4611216473130238256 13824951401257592016 4606725861884193097 13839043605844397780 4611216473130238256 13824951401257592016 4606725861884193097 4606725861884193097 13824951401257592016 4611216473130238256 13839043605844397780 4606725861884193097 13824951401257592016 4611216473130238256 13839043605844397780 4606725861884193097 4611216473130238256 13824951401257592016 4606725861884193097 1 1 1 1 1
0 13837607759204000264 4575712273410268913 13836819061815657378 4608776548952918488 4600690029577200101 4606784949111304198 4613063021035054197 0 4575712273410268913 4608776548952918488 4600690029577200101 4617680269954333949 4620670254782941494 4608776548952918488 4600690029577200101 4617680269954333949 4620670254782941494 4608776548952918488 4608776548952918488 4620670254782941494 4617680269954333949 4600690029577200101 4608776548952918488 4620670254782941494 4617680269954333949 4600690029577200101 4608776548952918488 4617680269954333949 4620670254782941494 4608776548952918488 1 1 1 1 1
1 13812908992026785423 13833038677238047801 4599903160650305928 4610487808724928219 13834146472674388395 13837716377019813185 13838526259340803221 0 13812908992026785423 4610487808724928219 13834146472674388395 13837716377019813185 13836274459527117973 4610487808724928219 13834146472674388395 13837716377019813185 13836274459527117973 4610487808724928219 4610487808724928219 13836274459527117973 13837716377019813185 13834146472674388395 4610487808724928219 13836274459527117973 13837716377019813185 13834146472674388395 4610487808724928219 13837716377019813185 13836274459527117973 4610487808724928219 1 1 1 1 1
0 4614417154363812703 13836430599326198909 13837677177688656552 4614809273776168598 4612113509111217166 4610496743866588922 13836030022153742812 0 13836430599326198909 4614809273776168598 4612113509111217166 13843471408301169682 13845551513677096031 4614809273776168598 4612113509111217166 13843471408301169682 13845551513677096031 4614809273776168598 4614809273776168598 13845551513677096031 13843471408301169682 4612113509111217166 4614809273776168598 13845551513677096031 13843471408301169682 4612113509111217166 4614809273776168598 13843471408301169682 13845551513677096031 4614809273776168598 1 1 1 1 1
1 13817159237153518564 4612623145452249666 13828056579157468444 4612141611572891958 13832444202087234895 13834301234371983355 13835469495136921026 0 13817159237153518564 4612141611572891958 13832444202087234895 13834301234371983355 13831377335364307844 4612141611572891958 13832444202087234895 13834301234371983355 13831377335364307844 4612141611572891958 4612141611572891958 13831377335364307844 13834301234371983355 13832444202087234895 4612141611572891958 13831377335364307844 13834301234371983355 13832444202087234895 4612141611572891958 13834301234371983355 13831377335364307844 4612141611572891958 1 1 1 1 1
0 13824309944555466381 4610333299228912392 13838436835866602153 13823088135990959275 13838323678422364842 13828076322938234836 13833791210721382901 0 4610333299228912392 13823088135990959275 13838323678422364842 4613838459193428429 4613852348294679240 13823088135990959275 13838323678422364842 4613838459193428429 4613852348294679240 13823088135990959275 13823088135990959275 4613852348294679240 4613838459193428429 13838323678422364842 13823088135990959275 4613852348294679240 4613838459193428429 13838323678422364842 13823088135990959275 4613838459193428429 4613852348294679240 13823088135990959275 1 1 1 1 1
1 4614961315299588626 4614418451400505386 13831972080731098391 13837400224325971776 13831923676042303413 4582671595842451993 4610447510515462508 0 4614961315299588626 13837400224325971776 13831923676042303413 4582671595842451993 4613318564285110454 13837400224325971776 13831923676042303413 4582671595842451993 4613318564285110454 13837400224325971776 13837400224325971776 4613318564285110454 4582671595842451993 13831923676042303413 13837400224325971776 4613318564285110454 4582671595842451993 13831923676042303413 13837400224325971776 4582671595842451993 4613318564285110454 13837400224325971776 1 1 1 1 1
0 4601732919135711032 13838553614204939870 4609632935443660752 13839013999180447446 4614705898150321935 4614626986077651150 13825415884508760499 0 13838553614204939870 13839013999180447446 4614705898150321935 4618885214165270004 4615341514344823268 13839013999180447446 4614705898150321935 4618885214165270004 4615341514344823268 13839013999180447446 13839013999180447446 4615341514344823268 4618885214165270004 4614705898150321935 13839013999180447446 4615341514344823268 4618885214165270004 4614705898150321935 13839013999180447446 4618885214165270004 4615341514344823268 13839013999180447446 1 1 1 1 1
1 4612635206092051764 13836483525629019767 13832012793271729821 4615731827152636189 13837967218511858467 4595394228760976625 13824803971420190415 0 4612635206092051764 4615731827152636189 13837967218511858467 4595394228760976625 4603302261476263064 4615731827152636189 13837967218511858467 4595394228760976625 4603302261476263064 4615731827152636189 4615731827152636189 4603302261476263064 4595394228760976625 13837967218511858467 4615731827152636189 4603302261476263064 4595394228760976625 13837967218511858467 4615731827152636189 4595394228760976625 4603302261476263064 4615731827152636189 1 1 1 1 1
0 13811900762171006735 4608429501565633317 4589637835803662714 4614564476114823247 13807751109445550541 4610128241330678959 4611831088378584762 0 4608429501565633317 4614564476114823247 13807751109445550541 4609920761019524565 4613979148036692813 4614564476114823247 13807751109445550541 4609920761019524565 4613979148036692813 4614564476114823247 4614564476114823247 4613979148036692813 4609920761019524565 13807751109445550541 4614564476114823247 4613979148036692813 4609920761019524565 13807751109445550541 4614564476114823247 4609920761019524565 4613979148036692813 4614564476114823247 1 1 1 1 1
1 4611848274114762808 13832830610935263284 13836576795177302610 4613451195294136515 13831756538452932439 13838600595756252599 4613306314494124006 0 4611848274114762808 4613451195294136515 13831756538452932439 13838600595756252599 4615558114307809254 4613451195294136515 13831756538452932439 13838600595756252599 4615558114307809254 4613451195294136515 4613451195294136515 4615558114307809254 13838600595756252599 13831756538452932439 4613451195294136515 4615558114307809254 13838600595756252599 13831756538452932439 4613451195294136515 13838600595756252599 4615558114307809254 4613451195294136515 1 1 1 1 1
0 13837930946520459625 4612313477941871671 4612381239101865087 4612915375024870483 4612167056910786601 13832858263036975338 13824397494532222464 0 4612313477941871671 4612915375024870483 4612167056910786601 13843979077285642684 13841610940486383202 4612915375024870483 4612167056910786601 13843979077285642684 13841610940486383202 4612915375024870483 4612915375024870483 13841610940486383202 13843979077285642684 4612167056910786601 4612915375024870483 13841610940486383202 13843979077285642684 4612167056910786601 4612915375024870483 13843979077285642684 13841610940486383202 4612915375024870483 1 1 1 1 1
1 4602935452293812992 13839111925450744990 4616061823911732135 4614974402760105764 13834624322609250914 4615844218984936847 13833273765138596540 0 4602935452293812992 4614974402760105764 13834624322609250914 4615844218984936847 13826985875367658872 4614974402760105764 13834624322609250914 4615844218984936847 13826985875367658872 4614974402760105764 4614974402760105764 13826985875367658872 4615844218984936847 13834624322609250914 4614974402760105764 13826985875367658872 4615844218984936847 13834624322609250914 4614974402760105764 4615844218984936847 13826985875367658872 4614974402760105764 1 1 1 1 1
0 13834748982246936530 13836438120337576617 13832303221404499689 13838036627989315501 13838525034361704577 13833170272419159566 4613008779681142147 0 13836438120337576617 13838036627989315501 13838525034361704577 13835179410601781127 4614195332743707907 13838036627989315501 13838525034361704577 13835179410601781127 4614195332743707907 13838036627989315501 13838036627989315501 4614195332743707907 13835179410601781127 13838525034361704577 13838036627989315501 4614195332743707907 13835179410601781127 13838525034361704577 13838036627989315501 13835179410601781127 4614195332743707907 13838036627989315501 1 1 1 1 1
1 4611457325638310030 13837635492370505611 13837422373028939184 4601728523622474718 4611227912273291777 13837727023529332289 13832061378104509893 0 4611457325638310030 4601728523622474718 4611227912273291777 13837727023529332289 13823071346571548436 4601728523622474718 4611227912273291777 13837727023529332289 13823071346571548436 4601728523622474718 4601728523622474718 13823071346571548436 13837727023529332289 4611227912273291777 4601728523622474718 13823071346571548436 13837727023529332289 4611227912273291777 4601728523622474718 13837727023529332289 13823071346571548436 4601728523622474718 1 1 1 1 1
0 13835167952120270807 13835365813266299702 13838404977402838134 4585134524406668370 13823452387128821001 13832686387660796371 4613461292364501080 0 13835365813266299702 4585134524406668370 13823452387128821001 13833376197305753580 4615368187355707723 4585134524406668370 13823452387128821001 13833376197305753580 4615368187355707723 4585134524406668370 4585134524406668370 4615368187355707723 13833376197305753580 13823452387128821001 4585134524406668370 4615368187355707723 13833376197305753580 13823452387128821001 4585134524406668370 13833376197305753580 4615368187355707723 4585134524406668370 1 1 1 1 1
1 4610633761381652042 4583585862595605223 4598284242685055801 4614742674544879043 13839344725522683026 13831808744179812918 13838802375033957307 0 4610633761381652042 4614742674544879043 13839344725522683026 13831808744179812918 13836550575220272059 4614742674544879043 13839344725522683026 13831808744179812918 13836550575220272059 4614742674544879043 4614742674544879043 13836550575220272059 13831808744179812918 13839344725522683026 4614742674544879043 13836550575220272059 13831808744179812918 13839344725522683026 4614742674544879043 13831808744179812918 13836550575220272059 4614742674544879043 1 1 1 1 1
0 4609553131658263747 13810561067382653579 4610981151042508893 13827271871958395409 4614571916061407663 4613107102268206900 13837891936340487342 0 13810561067382653579 13827271871958395409 4614571916061407663 4616283060248496930 13828812379191973500 13827271871958395409 4614571916061407663 4616283060248496930 13828812379191973500 13827271871958395409 13827271871958395409 13828812379191973500 4616283060248496930 4614571916061407663 13827271871958395409 13828812379191973500 4616283060248496930 4614571916061407663 13827271871958395409 4616283060248496930 13828812379191973500 13827271871958395409 1 1 1 1 1
1 13822315750640466725 13835546839956921487 4612700220056272485 4611541867210515029 4612305119260963271 4597470352160397405 4607369282155756265 0 13822315750640466725 4611541867210515029 4612305119260963271 4597470352160397405 4611779450105257332 4611541867210515029 4612305119260963271 4597470352160397405 4611779450105257332 4611541867210515029 4611541867210515029 4611779450105257332 4597470352160397405 4612305119260963271 4611541867210515029 4611779450105257332 4597470352160397405 4612305119260963271 4611541867210515029 4597470352160397405 4611779450105257332 4611541867210515029 1 1 1 1 1
0 4607248063268185960 4613795198248073583 13831497023028004842 13831164207015542162 13839245159942121119 13834985205054591367 4604546011578154720 0 4613795198248073583 13831164207015542162 13839245159942121119 13828947942216574628 4613643919681375954 13831164207015542162 13839245159942121119 13828947942216574628 4613643919681375954 13831164207015542162 13831164207015542162 4613643919681375954 13828947942216574628 13839245159942121119 13831164207015542162 4613643919681375954 13828947942216574628 13839245159942121119 13831164207015542162 13828947942216574628 4613643919681375954 13831164207015542162 1 1 1 1 1
1 4614628382193535634 13837230159396843012 4605363468953717993 4607424316143202732 4615302769216136602 13832876205377890783 4613095266808386170 0 4614628382193535634 4607424316143202732 4615302769216136602 13832876205377890783 4615347066622071418 4607424316143202732 4615302769216136602 13832876205377890783 4615347066622071418 4607424316143202732 4607424316143202732 4615347066622071418 13832876205377890783 4615302769216136602 4607424316143202732 4615347066622071418 13832876205377890783 4615302769216136602 4607424316143202732 13832876205377890783 4615347066622071418 4607424316143202732 1 1 1 1 1
0 13820038946841650316 4605347976570999839 13837919525391804614 4601347771295578307 4606849440657968143 4612204707003671419 4609528848249072965 0 4605347976570999839 4601347771295578307 4606849440657968143 4615903710168109076 4616373927185555869 4601347771295578307 4606849440657968143 4615903710168109076 4616373927185555869 4601347771295578307 4601347771295578307 4616373927185555869 4615903710168109076 4606849440657968143 4601347771295578307 4616373927185555869 4615903710168109076 4606849440657968143 4601347771295578307 4615903710168109076 4616373927185555869 4601347771295578307 1 1 1 1 1
1 4612829050027213045 4614754455961504244 13836826916093407512 4607614205917891182 4611000966880869323 13832497830951597623 4615982461479098612 0 4612829050027213045 4607614205917891182 4611000966880869323 13832497830951597623 4617211939673771130 4607614205917891182 4611000966880869323 13832497830951597623 4617211939673771130 4607614205917891182 4607614205917891182 4617211939673771130 13832497830951597623 4611000966880869323 4607614205917891182 4617211939673771130 13832497830951597623 4611000966880869323 4607614205917891182 13832497830951597623 4617211939673771130 4607614205917891182 1 1 1 1 1
0 13836559870649902951 4606458095864748156 4610887115882289397 13813859287576957617 13823779960951317421 13837211856767957378 4608431807408642531 0 4606458095864748156 13813859287576957617 13823779960951317421 13842066662482277518 13830473333821573798 13813859287576957617 13823779960951317421 13842066662482277518 13830473333821573798 13813859287576957617 13813859287576957617 13830473333821573798 13842066662482277518 13823779960951317421 13813859287576957617 13830473333821573798 13842066662482277518 13823779960951317421 13813859287576957617 13842066662482277518 13830473333821573798 13813859287576957617 1 1 1 1 1
1 13826752084503802816 13826959250086661859 4608291709431434290 13838538464095793396 13835576779887244246 13835676111280625529 4611361020663878340 0 13826752084503802816 13838538464095793396 13835576779887244246 13835676111280625529 4613775319359318370 13838538464095793396 13835576779887244246 13835676111280625529 4613775319359318370 13838538464095793396 13838538464095793396 4613775319359318370 13835676111280625529 13835576779887244246 13838538464095793396 4613775319359318370 13835676111280625529 13835576779887244246 13838538464095793396 13835676111280625529 4613775319359318370 13838538464095793396 1 1 1 1 1
0 4599614425870995951 13837606218972927703 4593906960020033793 4616127072063133479 4608378250601873841 4613208865605386964 4610936673492588982 0 13837606218972927703 4616127072063133479 4608378250601873841 4613721486193806262 4614075766362092988 4616127072063133479 4608378250601873841 4613721486193806262 4614075766362092988 4616127072063133479 4616127072063133479 4614075766362092988 4613721486193806262 4608378250601873841 4616127072063133479 4614075766362092988 4613721486193806262 4608378250601873841 4616127072063133479 4613721486193806262 4614075766362092988 4616127072063133479 1 1 1 1 1
1 4612263704158789972 4611658852714435605 13834680419446209441 13836631748099955784 13836493667735380605 13831332695684801347 4612040487746858981 0 4612263704158789972 13836631748099955784 13836493667735380605 13831332695684801347 4614292287560544229 13836631748099955784 13836493667735380605 13831332695684801347 4614292287560544229 13836631748099955784 13836631748099955784 4614292287560544229 13831332695684801347 13836493667735380605 13836631748099955784 4614292287560544229 13831332695684801347 13836493667735380605 13836631748099955784 13831332695684801347 4614292287560544229 13836631748099955784 1 1 1 1 1
0 4614439798462739122 13835596190401638213 4598667805258119691 13833088469035528009 4609060996305383208 4614315454077027423 4611857011098039907 0 13835596190401638213 13833088469035528009 4609060996305383208 4616020996870430858 4615814353705128590 13833088469035528009 4609060996305383208 4616020996870430858 4615814353705128590 13833088469035528009 13833088469035528009 4615814353705128590 4616020996870430858 4609060996305383208 13833088469035528009 4615814353705128590 4616020996870430858 4609060996305383208 13833088469035528009 4616020996870430858 4615814353705128590 13833088469035528009 1 1 1 1 1
1 4611731910107590809 13813847758361911548 13837447413042867364 4605126723728506381 13837732553949674700 4615923176093603907 4611672921959671511 0 4611731910107590809 4605126723728506381 13837732553949674700 4615923176093603907 4613931270007214956 4605126723728506381 13837732553949674700 4615923176093603907 4613931270007214956 4605126723728506381 4605126723728506381 4613931270007214956 4615923176093603907 13837732553949674700 4605126723728506381 4613931270007214956 4615923176093603907 13837732553949674700 4605126723728506381 4615923176093603907 4613931270007214956 4605126723728506381 1 1 1 1 1
0 4604622104397458772 4606597923625978756 13831043672675115218 13836652707852621567 13837161281344142007 4611717030214421977 4610519225835928756 0 4606597923625978756 13836652707852621567 13837161281344142007 4611990836279381434 4613628228010303034 13836652707852621567 13837161281344142007 4611990836279381434 4613628228010303034 13836652707852621567 13836652707852621567 4613628228010303034 4611990836279381434 13837161281344142007 13836652707852621567 4613628228010303034 4611990836279381434 13837161281344142007 13836652707852621567 4611990836279381434 4613628228010303034 13836652707852621567 1 1 1 1 1
1 13835495093597203000 13814233122374826387 4609113093945872630 4608204483713851378 13830895468218577710 13839184937807903921 4612852865062042581 0 13835495093597203000 4608204483713851378 13830895468218577710 13839184937807903921 4615104664875727829 4608204483713851378 13830895468218577710 13839184937807903921 4615104664875727829 4608204483713851378 4608204483713851378 4615104664875727829 13839184937807903921 13830895468218577710 4608204483713851378 4615104664875727829 13839184937807903921 13830895468218577710 4608204483713851378 13839184937807903921 4615104664875727829 4608204483713851378 1 1 1 1 1
0 4615911322619384668 13831554326829663504 4611262662048016568 13836880725101755335 4608908522436398953 13828983780248751482 13834702090767616348 0 13831554326829663504 13836880725101755335 4608908522436398953 4616226966054223643 4616049627459452134 13836880725101755335 4608908522436398953 4616226966054223643 4616049627459452134 13836880725101755335 13836880725101755335 4616049627459452134 4616226966054223643 4608908522436398953 13836880725101755335 4616049627459452134 4616226966054223643 4608908522436398953 13836880725101755335 4616226966054223643 4616049627459452134 13836880725101755335 1 1 1 1 1
1 13835963549023242824 4614606116396977915 4607273589670873896 4612358045563784129 13835389195955565010 13837302748415636969 4611786718915055908 0 13835963549023242824 4612358045563784129 13835389195955565010 13837302748415636969 4614038518728741156 4612358045563784129 13835389195955565010 13837302748415636969 4614038518728741156 4612358045563784129 4612358045563784129 4614038518728741156 13837302748415636969 13835389195955565010 4612358045563784129 4614038518728741156 13837302748415636969 13835389195955565010 4612358045563784129 13837302748415636969 4614038518728741156 4612358045563784129 1 1 1 1 1
0 13835326830107925183 4609523353857527573 13828891618585976972 4615236160977647792 13839557970965039019 13838043797719922275 4612319017369413337 0 4609523353857527573 4615236160977647792 13839557970965039019 13834347727573272733 4617050670765030518 4615236160977647792 13839557970965039019 13834347727573272733 4617050670765030518 4615236160977647792 4615236160977647792 4617050670765030518 13834347727573272733 13839557970965039019 4615236160977647792 4617050670765030518 13834347727573272733 13839557970965039019 4615236160977647792 13834347727573272733 4617050670765030518 4615236160977647792 1 1 1 1 1
1 13837912121474017216 4598057621551806518 13839437031300645612 4613873326694409206 13822346086887556693 13822915269822862286 13796363127283796410 0 13837912121474017216 4613873326694409206 13822346086887556693 13822915269822862286 4607132879204116333 4613873326694409206 13822346086887556693 13822915269822862286 4607132879204116333 4613873326694409206 4613873326694409206 4607132879204116333 13822915269822862286 13822346086887556693 4613873326694409206 4607132879204116333 13822915269822862286 13822346086887556693 4613873326694409206 13822915269822862286 4607132879204116333 4613873326694409206 1 1 1 1 1
0 4615898424310051878 13830657443971071925 4615666110626873599 4612548709957608487 13816756002857282320 4613817968447789568 13830854809721141809 0 13830657443971071925 4612548709957608487 13816756002857282320 4623037928855038411 4621341497184801797 4612548709957608487 13816756002857282320 4623037928855038411 4621341497184801797 4612548709957608487 4612548709957608487 4621341497184801797 4623037928855038411 13816756002857282320 4612548709957608487 4621341497184801797 4623037928855038411 13816756002857282320 4612548709957608487 4623037928855038411 4621341497184801797 4612548709957608487 1 1 1 1 1
1 13821892340217899861 13835960369481905900 4614745673942230872 4609991530060390500 13833888236271754971 13831277607654159351 4609420023267677184 0 13821892340217899861 4609991530060390500 13833888236271754971 13831277607654159351 4612804820661217792 4609991530060390500 13833888236271754971 13831277607654159351 4612804820661217792 4609991530060390500 4609991530060390500 4612804820661217792 13831277607654159351 13833888236271754971 4609991530060390500 4612804820661217792 13831277607654159351 13833888236271754971 4609991530060390500 13831277607654159351 4612804820661217792 4609991530060390500 1 1 1 1 1
0 4599715306502649050 13836646186640361134 4613322662560771361 13836108970255210617 4614868496111268520 4615205140183414464 4612235916949089096 0 13836646186640361134 13836108970255210617 4614868496111268520 4620365137163817740 4620006425453497680 13836108970255210617 4614868496111268520 4620365137163817740 4620006425453497680 13836108970255210617 13836108970255210617 4620006425453497680 4620365137163817740 4614868496111268520 13836108970255210617 4620006425453497680 4620365137163817740 4614868496111268520 13836108970255210617 4620365137163817740 4620006425453497680 13836108970255210617 1 1 1 1 1
1 13836552736948093196 4613962128671861698 4608912413546477001 4614945931003261528 13829484184210547872 13836657148401854154 4614197054442823852 0 13836552736948093196 4614945931003261528 13829484184210547872 13836657148401854154 4616319236155633750 4614945931003261528 13829484184210547872 13836657148401854154 4616319236155633750 4614945931003261528 4614945931003261528 4616319236155633750 13836657148401854154 13829484184210547872 4614945931003261528 4616319236155633750 13836657148401854154 13829484184210547872 4614945931003261528 13836657148401854154 4616319236155633750 4614945931003261528 1 1 1 1 1
0 13784443360078042371 4612199933188066406 13830779707693755779 13833090937008123808 4608083372912672130 4607948499111031639 13838903165593617858 0 4612199933188066406 13833090937008123808 4608083372912672130 4612452510666158862 13832974172483803328 13833090937008123808 4608083372912672130 4612452510666158862 13832974172483803328 13833090937008123808 13833090937008123808 13832974172483803328 4612452510666158862 4608083372912672130 13833090937008123808 13832974172483803328 4612452510666158862 4608083372912672130 13833090937008123808 4612452510666158862 13832974172483803328 13833090937008123808 1 1 1 1 1
1 4609482281028925954 4611556747103683861 4609630233283884329 4616089818287015870 4608169517766344473 13830626261047252011 13838144741401970157 0 4609482281028925954 4616089818287015870 4608169517766344473 13830626261047252011 13835892941588284909 4616089818287015870 4608169517766344473 13830626261047252011 13835892941588284909 4616089818287015870 4616089818287015870 13835892941588284909 13830626261047252011 4608169517766344473 4616089818287015870 13835892941588284909 13830626261047252011 4608169517766344473 4616089818287015870 13830626261047252011 13835892941588284909 4616089818287015870 1 1 1 1 1
0 13837868139320056316 4610250162779791133 13836026203101258802 13833542485921162483 13838308888601188557 4615922293388076942 13836176362120034589 0 4610250162779791133 13833542485921162483 13838308888601188557 4621745938229943696 4616743668157950668 13833542485921162483 13838308888601188557 4621745938229943696 4616743668157950668 13833542485921162483 13833542485921162483 4616743668157950668 4621745938229943696 13838308888601188557 13833542485921162483 4616743668157950668 4621745938229943696 13838308888601188557 13833542485921162483 4621745938229943696 4616743668157950668 13833542485921162483 1 1 1 1 1
1 4614009578597535673 4615881202545076814 13817905321482187270 13837632538009150056 13832949127663057166 13836820241758759749 13831826794607119419 0 4614009578597535673 13837632538009150056 13832949127663057166 13836820241758759749 13822133012581986540 13837632538009150056 13832949127663057166 13836820241758759749 13822133012581986540 13837632538009150056 13837632538009150056 13822133012581986540 13836820241758759749 13832949127663057166 13837632538009150056 13822133012581986540 13836820241758759749 13832949127663057166 13837632538009150056 13836820241758759749 13822133012581986540 13837632538009150056 1 1 1 1 1
0 13836235692541525568 4612362621221005538 4613069911542484074 13819676785374015691 4605266407374548904 4610589085673348527 4614006299977006948 0 4612362621221005538 13819676785374015691 4605266407374548904 13840179992430404647 13835677782210951106 13819676785374015691 4605266407374548904 13840179992430404647 13835677782210951106 13819676785374015691 13819676785374015691 13835677782210951106 13840179992430404647 4605266407374548904 13819676785374015691 13835677782210951106 13840179992430404647 4605266407374548904 13819676785374015691 13840179992430404647 13835677782210951106 13819676785374015691 1 1 1 1 1
1 4614544876449244931 13835793763317290956 13828239857647903914 13791126269579495960 4613862599120096810 13838289108791625146 4611203664892898014 0 4614544876449244931 13791126269579495960 4613862599120096810 13838289108791625146 4613696641473828207 13791126269579495960 4613862599120096810 13838289108791625146 4613696641473828207 13791126269579495960 13791126269579495960 4613696641473828207 13838289108791625146 4613862599120096810 13791126269579495960 4613696641473828207 13838289108791625146 4613862599120096810 13791126269579495960 13838289108791625146 4613696641473828207 13791126269579495960 1 1 1 1 1
0 13836017925485143695 13833660552288993628 4611379989825508824 13836624839578127398 13828255602232201201 13836246996576590268 13835762301170294146 0 13833660552288993628 13836624839578127398 13828255602232201201 13837849264945290872 13835112769725309502 13836624839578127398 13828255602232201201 13837849264945290872 13835112769725309502 13836624839578127398 13836624839578127398 13835112769725309502 13837849264945290872 13828255602232201201 13836624839578127398 13835112769725309502 13837849264945290872 13828255602232201201 13836624839578127398 13837849264945290872 13835112769725309502 13836624839578127398 1 1 1 1 1
1 4612089991313963037 4612550421325466888 13830014672217855098 4604364930844337407 13817234032936129934 4612806856288249364 4599095539136328832 0 4612089991313963037 4604364930844337407 13817234032936129934 4612806856288249364 4608538398604623136 4604364930844337407 13817234032936129934 4612806856288249364 4608538398604623136 4604364930844337407 4604364930844337407 4608538398604623136 4612806856288249364 13817234032936129934 4604364930844337407 4608538398604623136 4612806856288249364 13817234032936129934 4604364930844337407 4612806856288249364 4608538398604623136 4604364930844337407 1 1 1 1 1
0 13833416313074002071 13836081083966317939 13838179950543856940 13838323930623943975 13836819485154022351 13825253971094957275 4615857648719025666 0 13836081083966317939 13838323930623943975 13836819485154022351 13834347616850870772 4614987357411271332 13838323930623943975 13836819485154022351 13834347616850870772 4614987357411271332 13838323930623943975 13838323930623943975 4614987357411271332 13834347616850870772 13836819485154022351 13838323930623943975 4614987357411271332 13834347616850870772 13836819485154022351 13838323930623943975 13834347616850870772 4614987357411271332 13838323930623943975 1 1 1 1 1
1 4614138831906841207 13832904866285919368 4612056133251964466 13837724330376755121 13835148010181120810 13838887835340486289 4609332022930958365 0 4614138831906841207 13837724330376755121 13835148010181120810 13838887835340486289 4612760820492858382 13837724330376755121 13835148010181120810 13838887835340486289 4612760820492858382 13837724330376755121 13837724330376755121 4612760820492858382 13838887835340486289 13835148010181120810 13837724330376755121 4612760820492858382 13838887835340486289 13835148010181120810 13837724330376755121 13838887835340486289 4612760820492858382 13837724330376755121 1 1 1 1 1
0 13838522485324315485 13838903264672809660 13823562491132510955 4613669124480104973 4615691682065557808 13838466946933710752 4609236060230098354 0 13838903264672809660 4613669124480104973 4615691682065557808 13838535842864351197 4612643943211787932 4613669124480104973 4615691682065557808 13838535842864351197 4612643943211787932 4613669124480104973 4613669124480104973 4612643943211787932 13838535842864351197 4615691682065557808 4613669124480104973 4612643943211787932 13838535842864351197 4615691682065557808 4613669124480104973 13838535842864351197 4612643943211787932 4613669124480104973 1 1 1 1 1
1 13828482583653420674 4614527798799457942 4609710721616424695 4615371178894476360 13835541201450188019 4616023300120519608 13832722182270634712 0 13828482583653420674 4615371178894476360 13835541201450188019 4616023300120519608 13825714563236047712 4615371178894476360 13835541201450188019 4616023300120519608 13825714563236047712 4615371178894476360 4615371178894476360 13825714563236047712 4616023300120519608 13835541201450188019 4615371178894476360 13825714563236047712 4616023300120519608 13835541201450188019 4615371178894476360 4616023300120519608 13825714563236047712 4615371178894476360 1 1 1 1 1
0 4607201586120031497 4613689579829612490 4611007848381099945 4611874223855815717 4610827145949651331 4615842561660273975 13839115402229657320 0 4613689579829612490 4611874223855815717 4610827145949651331 4611916457188110218 13840175680898835018 4611874223855815717 4610827145949651331 4611916457188110218 13840175680898835018 4611874223855815717 4611874223855815717 13840175680898835018 4611916457188110218 4610827145949651331 4611874223855815717 13840175680898835018 4611916457188110218 4610827145949651331 4611874223855815717 4611916457188110218 13840175680898835018 4611874223855815717 1 1 1 1 1
1 13824229095934955826 13824619936325017547 13818211278026472312 13836068311757774716 13834114154843462384 4601765705340998289 13830742760162412831 0 13824229095934955826 13836068311757774716 13834114154843462384 4601765705340998289 13809558602134397920 13836068311757774716 13834114154843462384 4601765705340998289 13809558602134397920 13836068311757774716 13836068311757774716 13809558602134397920 4601765705340998289 13834114154843462384 13836068311757774716 13809558602134397920 4601765705340998289 13834114154843462384 13836068311757774716 4601765705340998289 13809558602134397920 13836068311757774716 1 1 1 1 1
0 13826834122074614997 4611171725364340703 13823293716306749483 13831574575013588162 4608681649101570537 4603044655577577472 4609936622173733599 0 4611171725364340703 13831574575013588162 4608681649101570537 4606908386131002352 4614029052752602220 13831574575013588162 4608681649101570537 4606908386131002352 4614029052752602220 13831574575013588162 13831574575013588162 4614029052752602220 4606908386131002352 4608681649101570537 13831574575013588162 4614029052752602220 4606908386131002352 4608681649101570537 13831574575013588162 4606908386131002352 4614029052752602220 13831574575013588162 1 1 1 1 1
1 4612041964927536759 13838634606940638501 4613428632260003389 4612983226256856447 4612843272394836281 13834988195444743941 13835880925984479085 0 4612041964927536759 4612983226256856447 4612843272394836281 13834988195444743941 13832200197059423962 4612983226256856447 4612843272394836281 13834988195444743941 13832200197059423962 4612983226256856447 4612983226256856447 13832200197059423962 13834988195444743941 4612843272394836281 4612983226256856447 13832200197059423962 13834988195444743941 4612843272394836281 4612983226256856447 13834988195444743941 13832200197059423962 4612983226256856447 1 1 1 1 1
0 13835704961339838465 13821435855359669587 13837461176043328609 13817542295323424189 13818061974691625726 4613239282917270224 13835867505257589521 0 13821435855359669587 13817542295323424189 13818061974691625726 4618237527115883885 4610648626113903090 13817542295323424189 13818061974691625726 4618237527115883885 4610648626113903090 13817542295323424189 13817542295323424189 4610648626113903090 4618237527115883885 13818061974691625726 13817542295323424189 4610648626113903090 4618237527115883885 13818061974691625726 13817542295323424189 4618237527115883885 4610648626113903090 13817542295323424189 1 1 1 1 1
1 4614857309169794131 4608760462095049520 13831901302159354637 4612287816431194914 4615031265209000944 13837450097188245277 4609621964674968477 0 4614857309169794131 4612287816431194914 4615031265209000944 13837450097188245277 4612905791364863438 4612287816431194914 4615031265209000944 13837450097188245277 4612905791364863438 4612287816431194914 4612287816431194914 4612905791364863438 13837450097188245277 4615031265209000944 4612287816431194914 4612905791364863438 13837450097188245277 4615031265209000944 4612287816431194914 13837450097188245277 4612905791364863438 4612287816431194914 1 1 1 1 1
0 4603973622079914439 13836769738392538416 4613623403936687908 4615459962857530342 4615714956668432059 4601203223761938224 13830676539233491975 0 13836769738392538416 4615459962857530342 4615714956668432059 4617637848112347828 4617136601977421119 4615459962857530342 4615714956668432059 4617637848112347828 4617136601977421119 4615459962857530342 4615459962857530342 4617136601977421119 4617637848112347828 4615714956668432059 4615459962857530342 4617136601977421119 4617637848112347828 4615714956668432059 4615459962857530342 4617637848112347828 4617136601977421119 4615459962857530342 1 1 1 1 1
1 4608271335146720065 13835713689315916309 13832965592823294832 13826467132748179830 4612158941424258080 13836404190217984008 4611736125476842028 0 4608271335146720065 13826467132748179830 4612158941424258080 13836404190217984008 4613987925290527276 13826467132748179830 4612158941424258080 13836404190217984008 4613987925290527276 13826467132748179830 13826467132748179830 4613987925290527276 13836404190217984008 4612158941424258080 13826467132748179830 4613987925290527276 13836404190217984008 4612158941424258080 13826467132748179830 13836404190217984008 4613987925290527276 13826467132748179830 1 1 1 1 1
0 4593902636564391517 4613725257345860519 4612135216461421092 4611528608613212050 4613692128867001582 4611093146558042342 4610376840030109810 0 4613725257345860519 4611528608613212050 4613692128867001582 13831376540291912098 13823197221432887384 4611528608613212050 4613692128867001582 13831376540291912098 13823197221432887384 4611528608613212050 4611528608613212050 13823197221432887384 13831376540291912098 4613692128867001582 4611528608613212050 13823197221432887384 13831376540291912098 4613692128867001582 4611528608613212050 13831376540291912098 13823197221432887384 4611528608613212050 1 1 1 1 1
1 13839345256947439056 4613387667517792827 4611952640532527492 4611273380615129710 4610187490687376645 4609618776126432299 4602316369474636134 0 13839345256947439056 4611273380615129710 4610187490687376645 4609618776126432299 4609343606189199962 4611273380615129710 4610187490687376645 4609618776126432299 4609343606189199962 4611273380615129710 4611273380615129710 4609343606189199962 4609618776126432299 4610187490687376645 4611273380615129710 4609343606189199962 4609618776126432299 4610187490687376645 4611273380615129710 4609618776126432299 4609343606189199962 4611273380615129710 1 1 1 1 1
0 13833785139869085206 13833879301130094268 4614372190425133036 13835497408447411468 13833494801808307884 4610789099539999305 13838449292823171460 0 13833879301130094268 13835497408447411468 13833494801808307884 4610939423285137222 13836122331136917254 13835497408447411468 13833494801808307884 4610939423285137222 13836122331136917254 13835497408447411468 13835497408447411468 13836122331136917254 4610939423285137222 13833494801808307884 13835497408447411468 13836122331136917254 4610939423285137222 13833494801808307884 13835497408447411468 4610939423285137222 13836122331136917254 13835497408447411468 1 1 1 1 1
1 13836540487157106749 13834833487790344510 4615949098813059051 4607839313841665669 4608871034473100721 13837473957259071086 4606544925265563860 0 13836540487157106749 4607839313841665669 4608871034473100721 13837473957259071086 4611367271660161130 4607839313841665669 4608871034473100721 13837473957259071086 4611367271660161130 4607839313841665669 4607839313841665669 4611367271660161130 13837473957259071086 4608871034473100721 4607839313841665669 4611367271660161130 13837473957259071086 4608871034473100721 4607839313841665669 13837473957259071086 4611367271660161130 4607839313841665669 1 1 1 1 1
0 13830415024210329825 13832299132136038037 4610349908504338135 4613270853150658091 13837431929667348465 13837669494547692258 13831123512489309242 0 13832299132136038037 4613270853150658091 13837431929667348465 13836896870101293650 4596977556756784952 4613270853150658091 13837431929667348465 13836896870101293650 4596977556756784952 4613270853150658091 4613270853150658091 4596977556756784952 13836896870101293650 13837431929667348465 4613270853150658091 4596977556756784952 13836896870101293650 13837431929667348465 4613270853150658091 13836896870101293650 4596977556756784952 4613270853150658091 1 1 1 1 1
1 13833595322151990794 13836385833545902846 4592172821961917019 4615907071221336430 4612395317354300248 13834804502623142753 13836442155562842741 0 13833595322151990794 4615907071221336430 4612395317354300248 13834804502623142753 13833322656216151274 4615907071221336430 4612395317354300248 13834804502623142753 13833322656216151274 4615907071221336430 4615907071221336430 13833322656216151274 13834804502623142753 4612395317354300248 4615907071221336430 13833322656216151274 13834804502623142753 4612395317354300248 4615907071221336430 13834804502623142753 13833322656216151274 4615907071221336430 1 1 1 1 1
0 4615714272121288699 4616173378074502102 13824578070862881511 13835997082826068225 13819125256549249390 4599413601356412246 4614833467113366832 0 4616173378074502102 13835997082826068225 13819125256549249390 4600181674597595392 4616685447068479187 13835997082826068225 13819125256549249390 4600181674597595392 4616685447068479187 13835997082826068225 13835997082826068225 4616685447068479187 4600181674597595392 13819125256549249390 13835997082826068225 4616685447068479187 4600181674597595392 13819125256549249390 13835997082826068225 4600181674597595392 4616685447068479187 13835997082826068225 1 1 1 1 1
1 13838491176299706005 4609206372501354728 13825699214968517632 4614257042389860427 4607620330813384406 13827371743783731977 13837215846957227228 0 13838491176299706005 4614257042389860427 4607620330813384406 13827371743783731977 13834870039004920248 4614257042389860427 4607620330813384406 13827371743783731977 13834870039004920248 4614257042389860427 4614257042389860427 13834870039004920248 13827371743783731977 4607620330813384406 4614257042389860427 13834870039004920248 13827371743783731977 4607620330813384406 4614257042389860427 13827371743783731977 13834870039004920248 4614257042389860427 1 1 1 1 1
0 4615989892418483773 4614346880195227214 13836026284166052095 13832896885907379668 4603692741578354596 4615111960707124169 4599739589911839831 0 4614346880195227214 13832896885907379668 4603692741578354596 4613115717285989682 4601784041052245921 13832896885907379668 4603692741578354596 4613115717285989682 4601784041052245921 13832896885907379668 13832896885907379668 4601784041052245921 4613115717285989682 4603692741578354596 13832896885907379668 4601784041052245921 4613115717285989682 4603692741578354596 13832896885907379668 4613115717285989682 4601784041052245921 13832896885907379668 1 1 1 1 1
1 13835906236214384907 4613414373863583134 13838083348331849843 4615470258086278511 4611403390529172641 13838958181566665816 4614914504885061737 0 13835906236214384907 4615470258086278511 4611403390529172641 13838958181566665816 4616677961376752692 4615470258086278511 4611403390529172641 13838958181566665816 4616677961376752692 4615470258086278511 4615470258086278511 4616677961376752692 13838958181566665816 4611403390529172641 4615470258086278511 4616677961376752692 13838958181566665816 4611403390529172641 4615470258086278511 13838958181566665816 4616677961376752692 4615470258086278511 1 1 1 1 1
0 4612867366652842714 13837186510509254537 4613928919128209468 4614891824757338299 4597329695736835370 4613720393458262959 13836828708526059206 0 13837186510509254537 4614891824757338299 4597329695736835370 4622436903135214874 4618900374730387705 4614891824757338299 4597329695736835370 4622436903135214874 4618900374730387705 4614891824757338299 4614891824757338299 4618900374730387705 4622436903135214874 4597329695736835370 4614891824757338299 4618900374730387705 4622436903135214874 4597329695736835370 4614891824757338299 4622436903135214874 4618900374730387705 4614891824757338299 1 1 1 1 1
1 4615522112532388055 4602223415178327207 13827383633286748235 13836173029456310335 13837044025624243789 13831212287445163970 4611791195493085515 0 4615522112532388055 13836173029456310335 13837044025624243789 13831212287445163970 4614042995306770763 13836173029456310335 13837044025624243789 13831212287445163970 4614042995306770763 13836173029456310335 13836173029456310335 4614042995306770763 13831212287445163970 13837044025624243789 13836173029456310335 4614042995306770763 13831212287445163970 13837044025624243789 13836173029456310335 13831212287445163970 4614042995306770763 13836173029456310335 1 1 1 1 1
0 13839333340422825033 4612256012010626423 4604721291675651979 13831105660220386346 4615486543102531082 13834091925075701684 13837158065774008065 0 4612256012010626423 13831105660220386346 4615486543102531082 13839585179268172706 13839750817158867765 13831105660220386346 4615486543102531082 13839585179268172706 13839750817158867765 13831105660220386346 13831105660220386346 13839750817158867765 13839585179268172706 4615486543102531082 13831105660220386346 13839750817158867765 13839585179268172706 4615486543102531082 13831105660220386346 13839585179268172706 13839750817158867765 13831105660220386346 1 1 1 1 1
1 13837645688520061978 13834449618972505958 4613649200555353486 13836856603822151139 13836643700653366826 4604068666046450466 4596605372801566118 0 13837645688520061978 13836856603822151139 13836643700653366826 4604068666046450466 4608112087863896245 13836856603822151139 13836643700653366826 4604068666046450466 4608112087863896245 13836856603822151139 13836856603822151139 4608112087863896245 4604068666046450466 13836643700653366826 13836856603822151139 4608112087863896245 4604068666046450466 13836643700653366826 13836856603822151139 4604068666046450466 4608112087863896245 13836856603822151139 1 1 1 1 1
0 4613533358965738262 4600975017361620106 4616060472831843924 13838084753454933582 4610711133223250267 13839155511287938682 4609051466688571692 0 4600975017361620106 13838084753454933582 4610711133223250267 4606651358766526328 4619765125432440695 13838084753454933582 4610711133223250267 4606651358766526328 4619765125432440695 13838084753454933582 13838084753454933582 4619765125432440695 4606651358766526328 4610711133223250267 13838084753454933582 4619765125432440695 4606651358766526328 4610711133223250267 13838084753454933582 4606651358766526328 4619765125432440695 13838084753454933582 1 1 1 1 1
1 13837649093241380270 13838063874767061093 4613799827948490520 13832483257303203452 4614917153001642631 4606261810978588841 13838761572421333330 0 13837649093241380270 13832483257303203452 4614917153001642631 4606261810978588841 13836509772607648082 13832483257303203452 4614917153001642631 4606261810978588841 13836509772607648082 13832483257303203452 13832483257303203452 13836509772607648082 4606261810978588841 4614917153001642631 13832483257303203452 13836509772607648082 4606261810978588841 4614917153001642631 13832483257303203452 4606261810978588841 13836509772607648082 13832483257303203452 1 1 1 1 1
0 4608810956454071598 13839167761078925130 4612564679721887143 4608532147608340346 13839487336508483340 13830565138193109339 4608882005241792995 0 13839167761078925130 4608532147608340346 13839487336508483340 4617536469537788000 4621017477092733848 4608532147608340346 13839487336508483340 4617536469537788000 4621017477092733848 4608532147608340346 4608532147608340346 4621017477092733848 4617536469537788000 13839487336508483340 4608532147608340346 4621017477092733848 4617536469537788000 13839487336508483340 4608532147608340346 4617536469537788000 4621017477092733848 4608532147608340346 1 1 1 1 1
1 13830114039640033400 4613676420311501314 13837991628021838815 4616057437405695076 13836320918660873928 4609821293994475895 13835644477996842879 0 13830114039640033400 4616057437405695076 13836320918660873928 4609821293994475895 13831727301084151550 4616057437405695076 13836320918660873928 4609821293994475895 13831727301084151550 4616057437405695076 4616057437405695076 13831727301084151550 4609821293994475895 13836320918660873928 4616057437405695076 13831727301084151550 4609821293994475895 13836320918660873928 4616057437405695076 4609821293994475895 13831727301084151550 4616057437405695076 1 1 1 1 1
0 13837992636828155346 13827495971075853365 13825399383319725814 4612078227911736346 13831605379635039376 4615546260833590015 13838508776367049769 0 13827495971075853365 4612078227911736346 13831605379635039376 4616558011743583301 13834695608626928958 4612078227911736346 13831605379635039376 4616558011743583301 13834695608626928958 4612078227911736346 4612078227911736346 13834695608626928958 4616558011743583301 13831605379635039376 4612078227911736346 13834695608626928958 4616558011743583301 13831605379635039376 4612078227911736346 4616558011743583301 13834695608626928958 4612078227911736346 1 1 1 1 1
1 13837337948550324497 13835947227978193233 4612135468663000225 4598042633572246629 13837206353369212731 13836377222663415313 13838715338467558744 0 13837337948550324497 4598042633572246629 13837206353369212731 13836377222663415313 13836463538653873496 4598042633572246629 13837206353369212731 13836377222663415313 13836463538653873496 4598042633572246629 4598042633572246629 13836463538653873496 13836377222663415313 13837206353369212731 4598042633572246629 13836463538653873496 13836377222663415313 13837206353369212731 4598042633572246629 13836377222663415313 13836463538653873496 4598042633572246629 1 1 1 1 1
0 4606474308823406690 13835466549782764725 4597981240502126314 13820327753678554332 13837927532791942078 4604989309896676052 4614790601852113520 0 13835466549782764725 13820327753678554332 13837927532791942078 4607794963671269388 4617043284691009248 13820327753678554332 13837927532791942078 4607794963671269388 4617043284691009248 13820327753678554332 13820327753678554332 4617043284691009248 4607794963671269388 13837927532791942078 13820327753678554332 4617043284691009248 4607794963671269388 13837927532791942078 13820327753678554332 4607794963671269388 4617043284691009248 13820327753678554332 1 1 1 1 1
1 4609053610401994321 4611687972989626183 4597586797232362696 13831565315612754288 13829331674312766598 13824920848837719934 4605911575042767492 0 4609053610401994321 13831565315612754288 13829331674312766598 13824920848837719934 4611050596548762946 13831565315612754288 13829331674312766598 13824920848837719934 4611050596548762946 13831565315612754288 13831565315612754288 4611050596548762946 13824920848837719934 13829331674312766598 13831565315612754288 4611050596548762946 13824920848837719934 13829331674312766598 13831565315612754288 13824920848837719934 4611050596548762946 13831565315612754288 1 1 1 1 1
0 4608875375943141506 13839415170828054355 4594811426940397864 4613713836217205508 4611454587449736589 4613662351066265408 4610226401788157126 0 13839415170828054355 4613713836217205508 4611454587449736589 4614598955523780672 4614144614378973026 4613713836217205508 4611454587449736589 4614598955523780672 4614144614378973026 4613713836217205508 4613713836217205508 4614144614378973026 4614598955523780672 4611454587449736589 4613713836217205508 4614144614378973026 4614598955523780672 4611454587449736589 4613713836217205508 4614598955523780672 4614144614378973026 4613713836217205508 1 1 1 1 1
1 13835435655089320964 4603313286288150867 4611244521548717520 13828063496686496085 4608031833718536503 13830014095757102794 4613925811644466582 0 13835435655089320964 13828063496686496085 4608031833718536503 13830014095757102794 4616177611458151830 13828063496686496085 4608031833718536503 13830014095757102794 4616177611458151830 13828063496686496085 13828063496686496085 4616177611458151830 13830014095757102794 4608031833718536503 13828063496686496085 4616177611458151830 13830014095757102794 4608031833718536503 13828063496686496085 13830014095757102794 4616177611458151830 13828063496686496085 1 1 1 1 1
0 13818865560980336698 13837864221188380504 4612348101615806895 4606738435934352715 4609586656453889893 13838113630535744282 13838338125969969446 0 13837864221188380504 4606738435934352715 4609586656453889893 4595116013937874480 4607476927137484460 4606738435934352715 4609586656453889893 4595116013937874480 4607476927137484460 4606738435934352715 4606738435934352715 4607476927137484460 4595116013937874480 4609586656453889893 4606738435934352715 4607476927137484460 4595116013937874480 4609586656453889893 4606738435934352715 4595116013937874480 4607476927137484460 4606738435934352715 1 1 1 1 1
1 13834498005646902427 13830934919751313476 13834343207920510448 4603402997992728088 13832493345366368762 4613753548958719661 4600351214770033764 0 13834498005646902427 4603402997992728088 13832493345366368762 4613753548958719661 4608852317513049369 4603402997992728088 13832493345366368762 4613753548958719661 4608852317513049369 4603402997992728088 4603402997992728088 4608852317513049369 4613753548958719661 13832493345366368762 4603402997992728088 4608852317513049369 4613753548958719661 13832493345366368762 4603402997992728088 4613753548958719661 4608852317513049369 4603402997992728088 1 1 1 1 1
0 4603926208183037483 4609834462519786327 13823227567435422666 4615671415867234641 13837851268835852186 13829372963314150331 4607298485569614000 0 4609834462519786327 4615671415867234641 13837851268835852186 13827903690876325735 4612111369921642349 4615671415867234641 13837851268835852186 13827903690876325735 4612111369921642349 4615671415867234641 4615671415867234641 4612111369921642349 13827903690876325735 13837851268835852186 4615671415867234641 4612111369921642349 13827903690876325735 13837851268835852186 4615671415867234641 13827903690876325735 4612111369921642349 4615671415867234641 1 1 1 1 1
1 13837625197141757442 4609794578641486334 13839489210005928326 13807829508107863807 4599933064551831668 13819890075852367957 4614362507685934190 0 13837625197141757442 13807829508107863807 4599933064551831668 13819890075852367957 4616401962777188919 13807829508107863807 4599933064551831668 13819890075852367957 4616401962777188919 13807829508107863807 13807829508107863807 4616401962777188919 13819890075852367957 4599933064551831668 13807829508107863807 4616401962777188919 13819890075852367957 4599933064551831668 13807829508107863807 13819890075852367957 4616401962777188919 13807829508107863807 1 1 1 1 1
0 4614511252574426983 13830778014340295887 4599132216451694137 13830483983327824122 4612742103532807031 4615503035284366513 4601532166678721365 0 13830778014340295887 13830483983327824122 4612742103532807031 4616580827413874909 4611885788447429492 13830483983327824122 4612742103532807031 4616580827413874909 4611885788447429492 13830483983327824122 13830483983327824122 4611885788447429492 4616580827413874909 4612742103532807031 13830483983327824122 4611885788447429492 4616580827413874909 4612742103532807031 13830483983327824122 4616580827413874909 4611885788447429492 13830483983327824122 1 1 1 1 1
1 13837521019875177108 4612218524047328191 4614133814896856316 4612904016946610255 13836879256928276812 13836006504356488684 4613722807387663230 0 13837521019875177108 4612904016946610255 13836879256928276812 13836006504356488684 4615974607201348478 4612904016946610255 13836879256928276812 13836006504356488684 4615974607201348478 4612904016946610255 4612904016946610255 4615974607201348478 13836006504356488684 13836879256928276812 4612904016946610255 4615974607201348478 13836006504356488684 13836879256928276812 4612904016946610255 13836006504356488684 4615974607201348478 4612904016946610255 1 1 1 1 1
0 13823485461564484410 4613590518652208849 13833529749741416279 4612561211950174067 4612115571759846502 13836235530411938983 4598426628490874747 0 4613590518652208849 4612561211950174067 4612115571759846502 4594101180046836784 4616017991927238361 4612561211950174067 4612115571759846502 4594101180046836784 4616017991927238361 4612561211950174067 4612561211950174067 4616017991927238361 4594101180046836784 4612115571759846502 4612561211950174067 4616017991927238361 4594101180046836784 4612115571759846502 4612561211950174067 4594101180046836784 4616017991927238361 4612561211950174067 1 1 1 1 1
1 13831506192356846168 4612939433254079896 13838460804023819019 13837506284097196352 4606376418581906165 13835742251144753092 4612138594161141620 0 13831506192356846168 13837506284097196352 4606376418581906165 13835742251144753092 4614390393974826868 13837506284097196352 4606376418581906165 13835742251144753092 4614390393974826868 13837506284097196352 13837506284097196352 4614390393974826868 13835742251144753092 4606376418581906165 13837506284097196352 4614390393974826868 13835742251144753092 4606376418581906165 13837506284097196352 13835742251144753092 4614390393974826868 13837506284097196352 1 1 1 1 1
0 4615199249475101864 4554759942676672531 13818795520998931832 4609233231969532366 13833623424613665586 4608983084031829699 13838625815914165874 0 4554759942676672531 4609233231969532366 13833623424613665586 4607591299623573798 13837069908304608576 4609233231969532366 13833623424613665586 4607591299623573798 13837069908304608576 4609233231969532366 4609233231969532366 13837069908304608576 4607591299623573798 13833623424613665586 4609233231969532366 13837069908304608576 4607591299623573798 13833623424613665586 4609233231969532366 4607591299623573798 13837069908304608576 4609233231969532366 1 1 1 1 1
1 13833842425656345358 4609667162800828768 13835640595893964086 13808410292315809506 13834517731413270309 4612002441337206955 4609258524185039678 0 13833842425656345358 13808410292315809506 13834517731413270309 4612002441337206955 4612724071119899039 13808410292315809506 13834517731413270309 4612002441337206955 4612724071119899039 13808410292315809506 13808410292315809506 4612724071119899039 4612002441337206955 13834517731413270309 13808410292315809506 4612724071119899039 4612002441337206955 13834517731413270309 13808410292315809506 4612002441337206955 4612724071119899039 13808410292315809506 1 1 1 1 1
0 4615930616040188323 13833221091037354815 13827350955167852035 13836065879813975936 4610315519017583534 4615508980035874642 13824477910807168791 0 13833221091037354815 13836065879813975936 4610315519017583534 4611385093621479830 13831352667931555540 13836065879813975936 4610315519017583534 4611385093621479830 13831352667931555540 13836065879813975936 13836065879813975936 13831352667931555540 4611385093621479830 4610315519017583534 13836065879813975936 13831352667931555540 4611385093621479830 4610315519017583534 13836065879813975936 4611385093621479830 13831352667931555540 13836065879813975936 1 1 1 1 1
1 13837072001985129015 4608742591811728114 13839557961957839764 4608275010084016000 4602838138513064771 4602670244318956399 13827337696570549056 0 13837072001985129015 4608275010084016000 4602838138513064771 4602670244318956399 4600105138086394240 4608275010084016000 4602838138513064771 4602670244318956399 4600105138086394240 4608275010084016000 4608275010084016000 4600105138086394240 4602670244318956399 4602838138513064771 4608275010084016000 4600105138086394240 4602670244318956399 4602838138513064771 4608275010084016000 4602670244318956399 4600105138086394240 4608275010084016000 1 1 1 1 1
0 4615852829867424380 13838921720424082625 4604464154151327634 4611761372656353067 13824608983570723782 13831615485712603195 13822868720617113784 0 13838921720424082625 4611761372656353067 13824608983570723782 4609010099208757891 4614654040493794376 4611761372656353067 13824608983570723782 4609010099208757891 4614654040493794376 4611761372656353067 4611761372656353067 4614654040493794376 4609010099208757891 13824608983570723782 4611761372656353067 4614654040493794376 4609010099208757891 13824608983570723782 4611761372656353067 4609010099208757891 4614654040493794376 4611761372656353067 1 1 1 1 1
1 4608691034603193977 13832973825403413665 4610320004602812395 13836598826786679706 4609422923585837211 4603710359660096869 13813125164808899207 0 4608691034603193977 13836598826786679706 4609422923585837211 4603710359660096869 4606546330388647599 13836598826786679706 4609422923585837211 4603710359660096869 4606546330388647599 13836598826786679706 13836598826786679706 4606546330388647599 4603710359660096869 4609422923585837211 13836598826786679706 4606546330388647599 4603710359660096869 4609422923585837211 13836598826786679706 4603710359660096869 4606546330388647599 13836598826786679706 1 1 1 1 1
0 13835921647532309769 13836115914805836023 4609182791653705816 13830806729291520002 4608252474071480638 13835408102066800711 4598801327979871972 0 13836115914805836023 13830806729291520002 4608252474071480638 13835267824388329232 4608745401172451878 13830806729291520002 4608252474071480638 13835267824388329232 4608745401172451878 13830806729291520002 13830806729291520002 4608745401172451878 13835267824388329232 4608252474071480638 13830806729291520002 4608745401172451878 13835267824388329232 4608252474071480638 13830806729291520002 13835267824388329232 4608745401172451878 13830806729291520002 1 1 1 1 1
1 4607828072856995752 4614680542884419839 13824574323867991539 13832775144602252589 4609776239983803681 4608520330162918125 13833444631708458977 0 4607828072856995752 13832775144602252589 4609776239983803681 4608520330162918125 13827327608507383746 13832775144602252589 4609776239983803681 4608520330162918125 13827327608507383746 13832775144602252589 13832775144602252589 13827327608507383746 4608520330162918125 4609776239983803681 13832775144602252589 13827327608507383746 4608520330162918125 4609776239983803681 13832775144602252589 4608520330162918125 13827327608507383746 13832775144602252589 1 1 1 1 1
0 13827197220290972116 13838835458476819970 4599141367766136954 4594694117177304117 13837237094940269162 13838287712675740661 4613888467796356426 0 13838835458476819970 4594694117177304117 13837237094940269162 13837244962680827821 4616686317829856457 4594694117177304117 13837237094940269162 13837244962680827821 4616686317829856457 4594694117177304117 4594694117177304117 4616686317829856457 13837244962680827821 13837237094940269162 4594694117177304117 4616686317829856457 13837244962680827821 13837237094940269162 4594694117177304117 13837244962680827821 4616686317829856457 4594694117177304117 1 1 1 1 1
1 4607886997954520267 13837177269122819173 4599636115206801367 4614100767482790671 13838142984998115483 13836000424496991734 13832078653912680487 0 4607886997954520267 4614100767482790671 13838142984998115483 13836000424496991734 13823140449804230812 4614100767482790671 13838142984998115483 13836000424496991734 13823140449804230812 4614100767482790671 4614100767482790671 13823140449804230812 13836000424496991734 13838142984998115483 4614100767482790671 13823140449804230812 13836000424496991734 13838142984998115483 4614100767482790671 13836000424496991734 13823140449804230812 4614100767482790671 1 1 1 1 1
0 4612910015741313912 13827116227555273485 4615519293279021321 13838577816549337359 13833319755897991248 13817721862847766706 4610803997447566647 0 13827116227555273485 13838577816549337359 13833319755897991248 4618114061136734082 4621063202361318635 13838577816549337359 13833319755897991248 4618114061136734082 4621063202361318635 13838577816549337359 13838577816549337359 4621063202361318635 4618114061136734082 13833319755897991248 13838577816549337359 4621063202361318635 4618114061136734082 13833319755897991248 13838577816549337359 4618114061136734082 4621063202361318635 13838577816549337359 1 1 1 1 1
1 13838484294799475383 4605733448670305734 13827027740829794909 13838208944718257951 4608745870432256840 13834604128468521785 4614351590960437444 0 13838484294799475383 13838208944718257951 4608745870432256840 13834604128468521785 4616396504414440546 13838208944718257951 4608745870432256840 13834604128468521785 4616396504414440546 13838208944718257951 13838208944718257951 4616396504414440546 13834604128468521785 4608745870432256840 13838208944718257951 4616396504414440546 13834604128468521785 4608745870432256840 13838208944718257951 13834604128468521785 4616396504414440546 13838208944718257951 1 1 1 1 1
0 4607860985163072575 4608595161974326514 13838167529616084652 13836472960184293955 13838391898949520250 13836029860024156227 13828410165771412556 0 4608595161974326514 13836472960184293955 13838391898949520250 13835409318365571361 4602801676062996538 13836472960184293955 13838391898949520250 13835409318365571361 4602801676062996538 13836472960184293955 13836472960184293955 4602801676062996538 13835409318365571361 13838391898949520250 13836472960184293955 4602801676062996538 13835409318365571361 13838391898949520250 13836472960184293955 13835409318365571361 4602801676062996538 13836472960184293955 1 1 1 1 1
1 4614871756717398736 4612392083769767796 13837866427952197915 4612392029726572267 13830945097886471333 13834667070776913915 13832969249746192257 0 4614871756717398736 4612392029726572267 13830945097886471333 13834667070776913915 13826376844582850306 4612392029726572267 13830945097886471333 13834667070776913915 13826376844582850306 4612392029726572267 4612392029726572267 13826376844582850306 13834667070776913915 13830945097886471333 4612392029726572267 13826376844582850306 13834667070776913915 13830945097886471333 4612392029726572267 13834667070776913915 13826376844582850306 4612392029726572267 1 1 1 1 1
0 13824929423691410448 4614630390798969442 13828679264856347198 13832781035310565189 13838664736022145609 13834252001020856941 13839222308677611841 0 4614630390798969442 13832781035310565189 13838664736022145609 13823136639890955568 13832205063231823714 13832781035310565189 13838664736022145609 13823136639890955568 13832205063231823714 13832781035310565189 13832781035310565189 13832205063231823714 13823136639890955568 13838664736022145609 13832781035310565189 13832205063231823714 13823136639890955568 13838664736022145609 13832781035310565189 13823136639890955568 13832205063231823714 13832781035310565189 1 1 1 1 1
1 4610008931969350660 4613195976303253429 4614419901559585399 4609048674456802723 4606394685181994780 13835771398441541434 13838346277485294987 0 4610008931969350660 4609048674456802723 4606394685181994780 13835771398441541434 13836094477671609739 4609048674456802723 4606394685181994780 13835771398441541434 13836094477671609739 4609048674456802723 4609048674456802723 13836094477671609739 13835771398441541434 4606394685181994780 4609048674456802723 13836094477671609739 13835771398441541434 4606394685181994780 4609048674456802723 13835771398441541434 13836094477671609739 4609048674456802723 1 1 1 1 1
0 4614761814843295367 4615526760247203501 4612161058116082944 13829106602417789130 13814157317785898487 4615013971386431842 4615185270301858506 0 4615526760247203501 13829106602417789130 13814157317785898487 4614168339541319478 4616390528162594895 13829106602417789130 13814157317785898487 4614168339541319478 4616390528162594895 13829106602417789130 13829106602417789130 4616390528162594895 4614168339541319478 13814157317785898487 13829106602417789130 4616390528162594895 4614168339541319478 13814157317785898487 13829106602417789130 4614168339541319478 4616390528162594895 13829106602417789130 1 1 1 1 1
1 4615731358778274943 13832693233132229974 13831861328209062096 13827439045576563402 13839122013513910300 13831247397507858950 4613571837720954516 0 4615731358778274943 13827439045576563402 13839122013513910300 13831247397507858950 4615823637534639764 13827439045576563402 13839122013513910300 13831247397507858950 4615823637534639764 13827439045576563402 13827439045576563402 4615823637534639764 13831247397507858950 13839122013513910300 13827439045576563402 4615823637534639764 13831247397507858950 13839122013513910300 13827439045576563402 13831247397507858950 4615823637534639764 13827439045576563402 1 1 1 1 1
0 13835384323060768195 13839502252430449191 4612742779072751136 4603257657825553587 13819735007909998336 13838181202544553349 13832448543557275680 0 13839502252430449191 4603257657825553587 13819735007909998336 13831135963286107182 4610953117791000252 4603257657825553587 13819735007909998336 13831135963286107182 4610953117791000252 4603257657825553587 4603257657825553587 4610953117791000252 13831135963286107182 13819735007909998336 4603257657825553587 4610953117791000252 13831135963286107182 13819735007909998336 4603257657825553587 13831135963286107182 4610953117791000252 4603257657825553587 1 1 1 1 1
1 13836698905777599133 13816740150186593976 4609092647603564368 4613220313755639739 13830767674075551445 4601714328276449247 4615785086721829473 0 13836698905777599133 4613220313755639739 13830767674075551445 4601714328276449247 4617113252295136560 4613220313755639739 13830767674075551445 4601714328276449247 4617113252295136560 4613220313755639739 4613220313755639739 4617113252295136560 4601714328276449247 13830767674075551445 4613220313755639739 4617113252295136560 4601714328276449247 13830767674075551445 4613220313755639739 4601714328276449247 4617113252295136560 4613220313755639739 1 1 1 1 1
0 13834320978152749747 4615051369277737526 13839416666023130642 13822057207993058640 4611287557946756672 13838466352458559939 4609529730954599929 0 4615051369277737526 13822057207993058640 4611287557946756672 4619540852992122618 4623514323464232877 13822057207993058640 4611287557946756672 4619540852992122618 4623514323464232877 13822057207993058640 13822057207993058640 4623514323464232877 4619540852992122618 4611287557946756672 13822057207993058640 4623514323464232877 4619540852992122618 4611287557946756672 13822057207993058640 4619540852992122618 4623514323464232877 13822057207993058640 1 1 1 1 1
1 13836749346093425683 13838368056893092951 13832690657073243118 4611343330524542028 4615932489537633309 13822332251829501411 4606587331159655180 0 13836749346093425683 4611343330524542028 4615932489537633309 13822332251829501411 4611388474607206790 4611343330524542028 4615932489537633309 13822332251829501411 4611388474607206790 4611343330524542028 4611343330524542028 4611388474607206790 13822332251829501411 4615932489537633309 4611343330524542028 4611388474607206790 13822332251829501411 4615932489537633309 4611343330524542028 13822332251829501411 4611388474607206790 4611343330524542028 1 1 1 1 1
0 4612788868911337646 4615361550198473042 4602753182609694054 4606982170746186006 13829431870397276337 4612987693827686798 13836613670651051519 0 4615361550198473042 4606982170746186006 13829431870397276337 4612333903477549654 13834973267092843118 4606982170746186006 13829431870397276337 4612333903477549654 13834973267092843118 4606982170746186006 4606982170746186006 13834973267092843118 4612333903477549654 13829431870397276337 4606982170746186006 13834973267092843118 4612333903477549654 13829431870397276337 4606982170746186006 4612333903477549654 13834973267092843118 4606982170746186006 1 1 1 1 1
1 13828920837940359352 4608717461725807387 4609389560919797650 4614021233913371308 13827293669380591882 13839411153617186741 13838945562480509924 0 13828920837940359352 4614021233913371308 13827293669380591882 13839411153617186741 13836693762666824676 4614021233913371308 13827293669380591882 13839411153617186741 13836693762666824676 4614021233913371308 4614021233913371308 13836693762666824676 13839411153617186741 13827293669380591882 4614021233913371308 13836693762666824676 13839411153617186741 13827293669380591882 4614021233913371308 13839411153617186741 13836693762666824676 4614021233913371308 1 1 1 1 1
0 4611259419456284861 4614763895506323213 4615669659463379967 13836613436463870896 4613547896585335414 4612383680052863122 13832259662588903762 0 4614763895506323213 13836613436463870896 4613547896585335414 13825052555789095208 13837609432751745888 13836613436463870896 4613547896585335414 13825052555789095208 13837609432751745888 13836613436463870896 13836613436463870896 13837609432751745888 13825052555789095208 4613547896585335414 13836613436463870896 13837609432751745888 13825052555789095208 4613547896585335414 13836613436463870896 13825052555789095208 13837609432751745888 13836613436463870896 1 1 1 1 1
1 13837570640535871476 13838214628260987693 4615265722605601852 13839527733797140853 4614418010047741904 13829687242510546753 13827848620941074984 0 13837570640535871476 13839527733797140853 4614418010047741904 13829687242510546753 4599083289345342384 13839527733797140853 4614418010047741904 13829687242510546753 4599083289345342384 13839527733797140853 13839527733797140853 4599083289345342384 13829687242510546753 4614418010047741904 13839527733797140853 4599083289345342384 13829687242510546753 4614418010047741904 13839527733797140853 13829687242510546753 4599083289345342384 13839527733797140853 1 1 1 1 1
0 13837471264106493919 4612188629153001706 13836474104098599308 4614126555094256995 4609748912141264797 4605555862729799261 13834911814395063737 0 4612188629153001706 4614126555094256995 4609748912141264797 4620444561783136703 4618432641700003717 4614126555094256995 4609748912141264797 4620444561783136703 4618432641700003717 4614126555094256995 4614126555094256995 4618432641700003717 4620444561783136703 4609748912141264797 4614126555094256995 4618432641700003717 4620444561783136703 4609748912141264797 4614126555094256995 4620444561783136703 4618432641700003717 4614126555094256995 1 1 1 1 1
1 13838965981801220422 13837356755582368396 4615054197538303515 4608244908024106655 4603609010654082524 13825166997578953496 13832472790937669443 0 13838965981801220422 4608244908024106655 4603609010654082524 13825166997578953496 13824716997904186636 4608244908024106655 4603609010654082524 13825166997578953496 13824716997904186636 4608244908024106655 4608244908024106655 13824716997904186636 13825166997578953496 4603609010654082524 4608244908024106655 13824716997904186636 13825166997578953496 4603609010654082524 4608244908024106655 13825166997578953496 13824716997904186636 4608244908024106655 1 1 1 1 1
0 4615786527873710231 4591528050610465640 4600553840724468417 4614987337098235572 13830213407062211703 4611705528020973673 4614968439994199126 0 4591528050610465640 4614987337098235572 13830213407062211703 4613308113355213808 4617506221598441454 4614987337098235572 13830213407062211703 4613308113355213808 4617506221598441454 4614987337098235572 4614987337098235572 4617506221598441454 4613308113355213808 13830213407062211703 4614987337098235572 4617506221598441454 4613308113355213808 13830213407062211703 4614987337098235572 4613308113355213808 4617506221598441454 4614987337098235572 1 1 1 1 1
1 13835406174526160197 4612226522440266401 13832771667823340259 4613992014558988929 13830847892192114168 4612632422867482050 13832523213239097483 0 13835406174526160197 4613992014558988929 13830847892192114168 4612632422867482050 13824918687109898796 4613992014558988929 13830847892192114168 4612632422867482050 13824918687109898796 4613992014558988929 4613992014558988929 13824918687109898796 4612632422867482050 13830847892192114168 4613992014558988929 13824918687109898796 4612632422867482050 13830847892192114168 4613992014558988929 4612632422867482050 13824918687109898796 4613992014558988929 1 1 1 1 1
0 4609601212087885554 4584412507314408332 4611882699630314428 13839303418506900784 13824258639548511376 4613619765028188993 4613901942566441519 0 4584412507314408332 13839303418506900784 13824258639548511376 4616675174523506657 4617942163199475544 13839303418506900784 13824258639548511376 4616675174523506657 4617942163199475544 13839303418506900784 13839303418506900784 4617942163199475544 4616675174523506657 13824258639548511376 13839303418506900784 4617942163199475544 4616675174523506657 13824258639548511376 13839303418506900784 4616675174523506657 4617942163199475544 13839303418506900784 1 1 1 1 1
1 4607513901746990386 13835074997823961880 13833763450533279789 4613494429850559272 4606672467207010992 13823464276631837259 4609520057222600338 0 4607513901746990386 4613494429850559272 4606672467207010992 13823464276631837259 4612854837638679369 4613494429850559272 4606672467207010992 13823464276631837259 4612854837638679369 4613494429850559272 4613494429850559272 4612854837638679369 13823464276631837259 4606672467207010992 4613494429850559272 4612854837638679369 13823464276631837259 4606672467207010992 4613494429850559272 13823464276631837259 4612854837638679369 4613494429850559272 1 1 1 1 1
0 13837874111093162209 4603199435289570941 13828021523137968992 13831792675336342460 13838556019127140886 4609230151507387244 4603608362135736182 0 4603199435289570941 13831792675336342460 13838556019127140886 4613540143462306006 4613874562756236030 13831792675336342460 13838556019127140886 4613540143462306006 4613874562756236030 13831792675336342460 13831792675336342460 4613874562756236030 4613540143462306006 13838556019127140886 13831792675336342460 4613874562756236030 4613540143462306006 13838556019127140886 13831792675336342460 4613540143462306006 4613874562756236030 13831792675336342460 1 1 1 1 1
1 4605873168345145276 4606249597216399412 4610855464584108237 4610612540420207873 4604968413194405053 13837709243318003430 13834355313596308820 0 4605873168345145276 4610612540420207873 4604968413194405053 13837709243318003430 13829148972283083432 4610612540420207873 4604968413194405053 13837709243318003430 13829148972283083432 4610612540420207873 4610612540420207873 13829148972283083432 13837709243318003430 4604968413194405053 4610612540420207873 13829148972283083432 13837709243318003430 4604968413194405053 4610612540420207873 13837709243318003430 13829148972283083432 4610612540420207873 1 1 1 1 1
0 4613311808885669398 4606911986649593064 13820439442949313120 13836334915848515795 4605776755284322529 13835555639990593369 13826647709078838877 0 4606911986649593064 13836334915848515795 4605776755284322529 13835988136300478600 4597875065636189084 13836334915848515795 4605776755284322529 13835988136300478600 4597875065636189084 13836334915848515795 13836334915848515795 4597875065636189084 13835988136300478600 4605776755284322529 13836334915848515795 4597875065636189084 13835988136300478600 4605776755284322529 13836334915848515795 13835988136300478600 4597875065636189084 13836334915848515795 1 1 1 1 1
1 4615109681885712719 4609206822861317465 4611778801586910991 4611782611632195746 4604674742469903478 4614781198336091570 13828897743481470196 0 4615109681885712719 4611782611632195746 4604674742469903478 4614781198336091570 4595794868983827504 4611782611632195746 4604674742469903478 4614781198336091570 4595794868983827504 4611782611632195746 4611782611632195746 4595794868983827504 4614781198336091570 4604674742469903478 4611782611632195746 4595794868983827504 4614781198336091570 4604674742469903478 4611782611632195746 4614781198336091570 4595794868983827504 4611782611632195746 1 1 1 1 1
0 4615647276573231935 13831210594091704078 13836669920610397377 13836407018478549997 4609670909795718740 4597438502703832641 13834428578155046883 0 13831210594091704078 13836407018478549997 4609670909795718740 13842298453105424507 13843525436305903462 13836407018478549997 4609670909795718740 13842298453105424507 13843525436305903462 13836407018478549997 13836407018478549997 13843525436305903462 13842298453105424507 4609670909795718740 13836407018478549997 13843525436305903462 13842298453105424507 4609670909795718740 13836407018478549997 13842298453105424507 13843525436305903462 13836407018478549997 1 1 1 1 1
1 13835629886334050199 13836456612117646601 4614797537395539670 4615987271323500644 4612309271579819707 4615260462401237083 4606436262413754664 0 13835629886334050199 4615987271323500644 4612309271579819707 4615260462401237083 4611312940234256532 4615987271323500644 4612309271579819707 4615260462401237083 4611312940234256532 4615987271323500644 4615987271323500644 4611312940234256532 4615260462401237083 4612309271579819707 4615987271323500644 4611312940234256532 4615260462401237083 4612309271579819707 4615987271323500644 4615260462401237083 4611312940234256532 4615987271323500644 1 1 1 1 1
0 4614931321326070338 4614986436378310098 4614063486685075298 13837055041428932337 4588366739844833665 4601085265480498136 4594276327247072211 0 4614986436378310098 13837055041428932337 4588366739844833665 4600411581410279430 4607652536152029830 13837055041428932337 4588366739844833665 4600411581410279430 4607652536152029830 13837055041428932337 13837055041428932337 4607652536152029830 4600411581410279430 4588366739844833665 13837055041428932337 4607652536152029830 4600411581410279430 4588366739844833665 13837055041428932337 4600411581410279430 4607652536152029830 13837055041428932337 1 1 1 1 1
1 13832351067646940873 13825767309394883474 13838917234838853764 13829007811456363131 13836740951383720264 4610804627951514479 13829786645961522075 0 13832351067646940873 13829007811456363131 13836740951383720264 4610804627951514479 4590806898209334056 13829007811456363131 13836740951383720264 4610804627951514479 4590806898209334056 13829007811456363131 13829007811456363131 4590806898209334056 4610804627951514479 13836740951383720264 13829007811456363131 4590806898209334056 4610804627951514479 13836740951383720264 13829007811456363131 4610804627951514479 4590806898209334056 13829007811456363131 1 1 1 1 1
0 4612818925935250716 13839203456609571668 13839544541230950200 4609722737220230519 13838265645037566546 4613137177306518480 4608717155481032726 0 13839203456609571668 4609722737220230519 13838265645037566546 13845202148095229309 13845373095729885038 4609722737220230519 13838265645037566546 13845202148095229309 13845373095729885038 4609722737220230519 4609722737220230519 13845373095729885038 13845202148095229309 13838265645037566546 4609722737220230519 13845373095729885038 13845202148095229309 13838265645037566546 4609722737220230519 13845202148095229309 13845373095729885038 4609722737220230519 1 1 1 1 1
1 4612289365669466729 4614995119318391669 4607979411818873910 4611215860640688934 4605119049594741342 13837823472618952056 13835316471828782231 0 4612289365669466729 4611215860640688934 4605119049594741342 13837823472618952056 13831071288748030254 4611215860640688934 4605119049594741342 13837823472618952056 13831071288748030254 4611215860640688934 4611215860640688934 13831071288748030254 13837823472618952056 4605119049594741342 4611215860640688934 13831071288748030254 13837823472618952056 4605119049594741342 4611215860640688934 13837823472618952056 13831071288748030254 4611215860640688934 1 1 1 1 1
0 4612540603478279220 4615768243259223107 13839260256008072065 4612348894249341313 4612716757274104189 13836101998682987448 13836589378234661483 0 4615768243259223107 4612348894249341313 4612716757274104189 4599205459669855144 4607591119634656644 4612348894249341313 4612716757274104189 4599205459669855144 4607591119634656644 4612348894249341313 4612348894249341313 4607591119634656644 4599205459669855144 4612716757274104189 4612348894249341313 4607591119634656644 4599205459669855144 4612716757274104189 4612348894249341313 4599205459669855144 4607591119634656644 4612348894249341313 1 1 1 1 1
1 13836951899990266298 13838860084159582432 13836035579595682988 13833718648724186708 4575338438612400143 4614464108893527668 13818090653614052821 0 13836951899990266298 13833718648724186708 4575338438612400143 4614464108893527668 4605794769682832011 13833718648724186708 4575338438612400143 4614464108893527668 4605794769682832011 13833718648724186708 13833718648724186708 4605794769682832011 4614464108893527668 4575338438612400143 13833718648724186708 4605794769682832011 4614464108893527668 4575338438612400143 13833718648724186708 4614464108893527668 4605794769682832011 13833718648724186708 1 1 1 1 1
0 4608324153363149867 4606367699613027576 13821378929860379624 4607010273207860798 4608451244944634262 4608759056971965781 4613299631152276988 0 4606367699613027576 4607010273207860798 4608451244944634262 4608569038886337241 4615456421923147966 4607010273207860798 4608451244944634262 4608569038886337241 4615456421923147966 4607010273207860798 4607010273207860798 4615456421923147966 4608569038886337241 4608451244944634262 4607010273207860798 4615456421923147966 4608569038886337241 4608451244944634262 4607010273207860798 4608569038886337241 4615456421923147966 4607010273207860798 1 1 1 1 1
1 13820325880181109345 4613194535151372671 13839513997818277373 4615342103655282056 13837347261994353899 13825691793036331725 13835615997232799388 0 13820325880181109345 4615342103655282056 13837347261994353899 13825691793036331725 13831670339556064568 4615342103655282056 13837347261994353899 13825691793036331725 13831670339556064568 4615342103655282056 4615342103655282056 13831670339556064568 13825691793036331725 13837347261994353899 4615342103655282056 13831670339556064568 13825691793036331725 13837347261994353899 4615342103655282056 13825691793036331725 13831670339556064568 4615342103655282056 1 1 1 1 1
0 4597356501161817479 4608057630337202081 4602945324184196188 13836779105879763347 13831435846130666641 13838043977863907370 13835697836645227965 0 4608057630337202081 13836779105879763347 13831435846130666641 13838620600037921589 13832987262728950161 13836779105879763347 13831435846130666641 13838620600037921589 13832987262728950161 13836779105879763347 13836779105879763347 13832987262728950161 13838620600037921589 13831435846130666641 13836779105879763347 13832987262728950161 13838620600037921589 13831435846130666641 13836779105879763347 13838620600037921589 13832987262728950161 13836779105879763347 1 1 1 1 1
1 4612934064963324071 4609527100852417545 4613448412069566800 4614242468741466257 4614010740526239535 13830861294904605223 4614705844107126407 0 4612934064963324071 4614242468741466257 4614010740526239535 13830861294904605223 4616573630987785028 4614242468741466257 4614010740526239535 13830861294904605223 4616573630987785028 4614242468741466257 4614242468741466257 4616573630987785028 13830861294904605223 4614010740526239535 4614242468741466257 4616573630987785028 13830861294904605223 4614010740526239535 4614242468741466257 13830861294904605223 4616573630987785028 4614242468741466257 1 1 1 1 1
0 4613870453397846944 13824888422920402867 4614735243605493882 4614421811085827404 13827531963844075310 13834670583584623264 13830723412698413648 0 13824888422920402867 4614421811085827404 13827531963844075310 4615733338938036754 4618074171124792605 4614421811085827404 13827531963844075310 4615733338938036754 4618074171124792605 4614421811085827404 4614421811085827404 4618074171124792605 4615733338938036754 13827531963844075310 4614421811085827404 4618074171124792605 4615733338938036754 13827531963844075310 4614421811085827404 4615733338938036754 4618074171124792605 4614421811085827404 1 1 1 1 1
1 13831774012419486637 13830164407898265912 13835393510404008031 4599241743994631787 4611214815805575384 4607374560374519543 13836582658864017446 0 13831774012419486637 4599241743994631787 4611214815805575384 4607374560374519543 13833603662818500684 4599241743994631787 4611214815805575384 4607374560374519543 13833603662818500684 4599241743994631787 4599241743994631787 13833603662818500684 4607374560374519543 4611214815805575384 4599241743994631787 13833603662818500684 4607374560374519543 4611214815805575384 4599241743994631787 4607374560374519543 13833603662818500684 4599241743994631787 1 1 1 1 1
0 13838771516369310564 13817923047650320601 4615336879479714306 4615937056187655463 13834918713909692869 4610956165071776241 13838609161602743858 0 13817923047650320601 4615937056187655463 13834918713909692869 13840123260317565188 13844579652198192460 4615937056187655463 13834918713909692869 13840123260317565188 13844579652198192460 4615937056187655463 4615937056187655463 13844579652198192460 13840123260317565188 13834918713909692869 4615937056187655463 13844579652198192460 13840123260317565188 13834918713909692869 4615937056187655463 13840123260317565188 13844579652198192460 4615937056187655463 1 1 1 1 1
1 13838018874799584407 4615666101619674344 4614348753692672200 13838968323673026655 13833823942883474630 4614558999737676365 13795528412114461053 0 13838018874799584407 13838968323673026655 13833823942883474630 4614558999737676365 4607139400416376765 13838968323673026655 13833823942883474630 4614558999737676365 4607139400416376765 13838968323673026655 13838968323673026655 4607139400416376765 4614558999737676365 13833823942883474630 13838968323673026655 4607139400416376765 4614558999737676365 13833823942883474630 13838968323673026655 4614558999737676365 4607139400416376765 13838968323673026655 1 1 1 1 1
0 4615920320811440154 13839170283094716457 4614336539930482771 4614248692716151283 13831530673924420554 13822803508494509460 4611531166657800397 0 13839170283094716457 4614248692716151283 13831530673924420554 4622901370003517394 4624750858758890009 4614248692716151283 13831530673924420554 4622901370003517394 4624750858758890009 4614248692716151283 4614248692716151283 4624750858758890009 4622901370003517394 13831530673924420554 4614248692716151283 4624750858758890009 4622901370003517394 13831530673924420554 4614248692716151283 4622901370003517394 4624750858758890009 4614248692716151283 1 1 1 1 1
1 13836481544045183724 13839248411541052081 4603856672604790882 4615748067132892487 4614741278428994558 13827124838437761017 13826117040927546557 0 13836481544045183724 4615748067132892487 4614741278428994558 13827124838437761017 4602546449372399238 4615748067132892487 4614741278428994558 13827124838437761017 4602546449372399238 4615748067132892487 4615748067132892487 4602546449372399238 13827124838437761017 4614741278428994558 4615748067132892487 4602546449372399238 13827124838437761017 4614741278428994558 4615748067132892487 13827124838437761017 4602546449372399238 4615748067132892487 1 1 1 1 1
0 13823780753584851838 13824081233751989998 13828492383486209832 4607506930174767216 4615385590413283945 13826561816426745667 4606187591656729775 0 13824081233751989998 4607506930174767216 4615385590413283945 13826619738786644222 4611159643675794810 4607506930174767216 4615385590413283945 13826619738786644222 4611159643675794810 4607506930174767216 4607506930174767216 4611159643675794810 13826619738786644222 4615385590413283945 4607506930174767216 4611159643675794810 13826619738786644222 4615385590413283945 4607506930174767216 13826619738786644222 4611159643675794810 4607506930174767216 1 1 1 1 1
1 4611553324367967060 4600019749837459295 4608970077636105853 4594799897725351796 4613289101736348196 4604509010003616244 4612306551405644775 0 4611553324367967060 4594799897725351796 4613289101736348196 4604509010003616244 4614558351219330023 4594799897725351796 4613289101736348196 4604509010003616244 4614558351219330023 4594799897725351796 4594799897725351796 4614558351219330023 4604509010003616244 4613289101736348196 4594799897725351796 4614558351219330023 4604509010003616244 4613289101736348196 4594799897725351796 4604509010003616244 4614558351219330023 4594799897725351796 1 1 1 1 1
0 4612691834353766321 4612130478674613098 13824602354272072293 4614981014044358744 13838233264156245752 13830957329663059271 4611004299544593577 0 4612130478674613098 4614981014044358744 13838233264156245752 13831192870015186530 4613479188623612359 4614981014044358744 13838233264156245752 13831192870015186530 4613479188623612359 4614981014044358744 4614981014044358744 4613479188623612359 13831192870015186530 13838233264156245752 4614981014044358744 4613479188623612359 13831192870015186530 13838233264156245752 4614981014044358744 13831192870015186530 4613479188623612359 4614981014044358744 1 1 1 1 1
1 13826842012381162150 13839422754889826847 13834766906573453464 13835871315302874276 4615565455175201868 13837499663805744117 13836282052596089720 0 13826842012381162150 13835871315302874276 4615565455175201868 13837499663805744117 13833002450282645232 13835871315302874276 4615565455175201868 13837499663805744117 13833002450282645232 13835871315302874276 13835871315302874276 13833002450282645232 13837499663805744117 4615565455175201868 13835871315302874276 13833002450282645232 13837499663805744117 4615565455175201868 13835871315302874276 13837499663805744117 13833002450282645232 13835871315302874276 1 1 1 1 1
0 13833582802145026704 13833286555361538273 4614743611293601536 4613474848199379465 4615675135840526849 13830800063964071493 4614284379239598566 0 13833286555361538273 4613474848199379465 4615675135840526849 13831297439206299457 4616238554743464116 4613474848199379465 4615675135840526849 13831297439206299457 4616238554743464116 4613474848199379465 4613474848199379465 4616238554743464116 13831297439206299457 4615675135840526849 4613474848199379465 4616238554743464116 13831297439206299457 4615675135840526849 4613474848199379465 13831297439206299457 4616238554743464116 4613474848199379465 1 1 1 1 1
1 13831535591855213643 4594388304748207151 13794243769327952874 4606140754220605122 4615691456885576440 4611041913608681376 13837276780660185551 0 13831535591855213643 4606140754220605122 4615691456885576440 4611041913608681376 13834991906410836894 4606140754220605122 4615691456885576440 4611041913608681376 13834991906410836894 4606140754220605122 4606140754220605122 13834991906410836894 4611041913608681376 4615691456885576440 4606140754220605122 13834991906410836894 4611041913608681376 4615691456885576440 4606140754220605122 4611041913608681376 13834991906410836894 4606140754220605122 1 1 1 1 1
0 13829206186012749546 4602428995494117416 13838542499321059519 4614625328752988277 13833950854320973930 4611701285630124690 4603302261476263065 0 4602428995494117416 4614625328752988277 13833950854320973930 4616614345099821446 4616053765611209119 4614625328752988277 13833950854320973930 4616614345099821446 4616053765611209119 4614625328752988277 4614625328752988277 4616053765611209119 4616614345099821446 13833950854320973930 4614625328752988277 4616053765611209119 4616614345099821446 13833950854320973930 4614625328752988277 4616614345099821446 4616053765611209119 4614625328752988277 1 1 1 1 1
1 4615417629021033059 13837164929259840177 13831090474082442852 4615997089170688311 13833996899123564166 13836623281332656328 4602406369409589506 0 4615417629021033059 4615997089170688311 13833996899123564166 13836623281332656328 4609366106172938304 4615997089170688311 13833996899123564166 13836623281332656328 4609366106172938304 4615997089170688311 4615997089170688311 4609366106172938304 13836623281332656328 13833996899123564166 4615997089170688311 4609366106172938304 13836623281332656328 13833996899123564166 4615997089170688311 13836623281332656328 4609366106172938304 4615997089170688311 1 1 1 1 1
0 13835144137085441272 13830670198165216638 4609396064117659573 13833890668215553751 13829337366862695594 4614924349753847169 13832791195431324537 0 13830670198165216638 13833890668215553751 13829337366862695594 4613224000106426224 13831688295098795931 13833890668215553751 13829337366862695594 4613224000106426224 13831688295098795931 13833890668215553751 13833890668215553751 13831688295098795931 4613224000106426224 13829337366862695594 13833890668215553751 13831688295098795931 4613224000106426224 13829337366862695594 13833890668215553751 4613224000106426224 13831688295098795931 13833890668215553751 1 1 1 1 1
1 13827072200365316311 4611752284392305033 13825215780570117173 13835183120243815791 13832217436838797536 4603618270054916397 13819888778815675275 0 13827072200365316311 13835183120243815791 13832217436838797536 4603618270054916397 4605345238382426397 13835183120243815791 13832217436838797536 4603618270054916397 4605345238382426397 13835183120243815791 13835183120243815791 4605345238382426397 4603618270054916397 13832217436838797536 13835183120243815791 4605345238382426397 4603618270054916397 13832217436838797536 13835183120243815791 4603618270054916397 4605345238382426397 13835183120243815791 1 1 1 1 1
0 13833719495400916653 4612027337235947059 13835369938563558374 13831676590552347358 4610603082860990395 4610842278044399296 13837425507534279834 0 4612027337235947059 13831676590552347358 4610603082860990395 4618367029505900110 4611843459455364258 13831676590552347358 4610603082860990395 4618367029505900110 4611843459455364258 13831676590552347358 13831676590552347358 4611843459455364258 4618367029505900110 4610603082860990395 13831676590552347358 4611843459455364258 4618367029505900110 4610603082860990395 13831676590552347358 4618367029505900110 4611843459455364258 13831676590552347358 1 1 1 1 1
1 13833807747939214605 4609180107508327903 4615536028655236629 13832255789493224223 13838819758928518957 13836878473301941650 13817679492982472404 0 13833807747939214605 13832255789493224223 13838819758928518957 13836878473301941650 4605897559840727115 13832255789493224223 13838819758928518957 13836878473301941650 4605897559840727115 13832255789493224223 13832255789493224223 4605897559840727115 13836878473301941650 13838819758928518957 13832255789493224223 4605897559840727115 13836878473301941650 13838819758928518957 13832255789493224223 13836878473301941650 4605897559840727115 13832255789493224223 1 1 1 1 1
0 13827107868874365085 4614126158777489786 4615911908087336226 4603557453445548386 4613933710958212990 13838138967787247868 4609157553481394032 0 4614126158777489786 4603557453445548386 4613933710958212990 13845496254194704452 13840389414302247469 4603557453445548386 4613933710958212990 13845496254194704452 13840389414302247469 4603557453445548386 4603557453445548386 13840389414302247469 13845496254194704452 4613933710958212990 4603557453445548386 13840389414302247469 13845496254194704452 4613933710958212990 4603557453445548386 13845496254194704452 13840389414302247469 4603557453445548386 1 1 1 1 1
1 13836781555837960637 13836419421391923775 13829204528688086674 13826847560815903070 13831580573808291819 4609337409236112700 13833073697228750234 0 13836781555837960637 13826847560815903070 13831580573808291819 4609337409236112700 13826585739547966260 13826847560815903070 13831580573808291819 4609337409236112700 13826585739547966260 13826847560815903070 13826847560815903070 13826585739547966260 4609337409236112700 13831580573808291819 13826847560815903070 13826585739547966260 4609337409236112700 13831580573808291819 13826847560815903070 4609337409236112700 13826585739547966260 13826847560815903070 1 1 1 1 1
0 4614955631756858884 4614651936019586782 13836826789992617946 4611033681028562542 4609040964294240664 13821739073715381188 4610074144091954985 0 4614651936019586782 4611033681028562542 4609040964294240664 13825122822465276170 4612708912479619820 4611033681028562542 4609040964294240664 13825122822465276170 4612708912479619820 4611033681028562542 4611033681028562542 4612708912479619820 13825122822465276170 4609040964294240664 4611033681028562542 4612708912479619820 13825122822465276170 4609040964294240664 4611033681028562542 13825122822465276170 4612708912479619820 4611033681028562542 1 1 1 1 1
1 13829619544400948120 13833567760122271286 4615647636861202125 13836748760625474125 13837948735738987739 4598062809698577248 13833642357746499051 0 13829619544400948120 13836748760625474125 13837948735738987739 4598062809698577248 13827723060583463894 13836748760625474125 13837948735738987739 4598062809698577248 13827723060583463894 13836748760625474125 13836748760625474125 13827723060583463894 4598062809698577248 13837948735738987739 13836748760625474125 13827723060583463894 4598062809698577248 13837948735738987739 13836748760625474125 4598062809698577248 13827723060583463894 13836748760625474125 1 1 1 1 1
0 13837558886140844039 4613362420338281788 4583476335052667572 4606960589496771647 13830115048446349931 4612818916928051462 4613560569714686835 0 4613362420338281788 4606960589496771647 13830115048446349931 4612640083292073651 4615633535892394272 4606960589496771647 13830115048446349931 4612640083292073651 4615633535892394272 4606960589496771647 4606960589496771647 4615633535892394272 4612640083292073651 13830115048446349931 4606960589496771647 4615633535892394272 4612640083292073651 13830115048446349931 4606960589496771647 4612640083292073651 4615633535892394272 4606960589496771647 1 1 1 1 1
1 4613657307034682753 4611876403598035364 4610482710650150036 4614461667942529633 4613403249972503529 13838994651716448263 13838311041321810440 0 4613657307034682753 4614461667942529633 4613403249972503529 13838994651716448263 13836059241508125192 4614461667942529633 4613403249972503529 13838994651716448263 13836059241508125192 4614461667942529633 4614461667942529633 13836059241508125192 13838994651716448263 4613403249972503529 4614461667942529633 13836059241508125192 13838994651716448263 4613403249972503529 4614461667942529633 13838994651716448263 13836059241508125192 4614461667942529633 1 1 1 1 1
0 13826510583477384700 4606696210184246489 4612625478316856644 13838337675610006709 4615076598442850056 4614171798256113559 13831640507712132866 0 4606696210184246489 13838337675610006709 4615076598442850056 4608508991404559868 13835171775023602714 13838337675610006709 4615076598442850056 4608508991404559868 13835171775023602714 13838337675610006709 13838337675610006709 13835171775023602714 4608508991404559868 4615076598442850056 13838337675610006709 13835171775023602714 4608508991404559868 4615076598442850056 13838337675610006709 4608508991404559868 13835171775023602714 13838337675610006709 1 1 1 1 1
1 13835781405439913452 13838890240262687305 13827104986570603568 13830700642498697662 13834696362188890333 4611556729089285352 13826765667360278965 0 13835781405439913452 13830700642498697662 13834696362188890333 4611556729089285352 4601249196506934422 13830700642498697662 13834696362188890333 4611556729089285352 4601249196506934422 13830700642498697662 13830700642498697662 4601249196506934422 4611556729089285352 13834696362188890333 13830700642498697662 4601249196506934422 4611556729089285352 13834696362188890333 13830700642498697662 4611556729089285352 4601249196506934422 13830700642498697662 1 1 1 1 1
0 4615092658279121259 4616038261078481732 4606609596956212900 4612804883711612575 13831343126021538337 13835909298662131519 13838396501628339423 0 4616038261078481732 4612804883711612575 13831343126021538337 13836352031783997691 13836587434936520347 4612804883711612575 13831343126021538337 13836352031783997691 13836587434936520347 4612804883711612575 4612804883711612575 13836587434936520347 13836352031783997691 13831343126021538337 4612804883711612575 13836587434936520347 13836352031783997691 13831343126021538337 4612804883711612575 13836352031783997691 13836587434936520347 4612804883711612575 1 1 1 1 1
1 13837202381194341390 4614990777848350883 13832010109126351908 13836954232854873276 4615733583556490864 13825038374773595795 13827221791930539049 0 13837202381194341390 13836954232854873276 4615733583556490864 13825038374773595795 4600336947366414254 13836954232854873276 4615733583556490864 13825038374773595795 4600336947366414254 13836954232854873276 13836954232854873276 4600336947366414254 13825038374773595795 4615733583556490864 13836954232854873276 4600336947366414254 13825038374773595795 4615733583556490864 13836954232854873276 13825038374773595795 4600336947366414254 13836954232854873276 1 1 1 1 1
0 13832265805498795495 13834540321469001200 13835148127274711122 4613138609451199984 4598015539916888368 13829124292557125441 13838835872807985688 0 13834540321469001200 4613138609451199984 4598015539916888368 13832159380395569148 13837744076139105350 4613138609451199984 4598015539916888368 13832159380395569148 13837744076139105350 4613138609451199984 4613138609451199984 13837744076139105350 13832159380395569148 4598015539916888368 4613138609451199984 13837744076139105350 13832159380395569148 4598015539916888368 4613138609451199984 13832159380395569148 13837744076139105350 4613138609451199984 1 1 1 1 1
1 13838324642192685099 13824394612228460946 13838354104741447357 13831477981808780319 13836536947327799635 13828551506742117952 13830938090285451144 0 13838324642192685099 13831477981808780319 13836536947327799635 13828551506742117952 13814174611608467584 13831477981808780319 13836536947327799635 13828551506742117952 13814174611608467584 13831477981808780319 13831477981808780319 13814174611608467584 13828551506742117952 13836536947327799635 13831477981808780319 13814174611608467584 13828551506742117952 13836536947327799635 13831477981808780319 13828551506742117952 13814174611608467584 13831477981808780319 1 1 1 1 1
0 13835268706651134340 4613611991815232151 4610264376140215114 13837041035234091215 4613435630853824323 13838253386239380843 4602671181067678892 0 4613611991815232151 13837041035234091215 4613435630853824323 13843599995420715504 13836562660389902304 13837041035234091215 4613435630853824323 13843599995420715504 13836562660389902304 13837041035234091215 13837041035234091215 13836562660389902304 13843599995420715504 4613435630853824323 13837041035234091215 13836562660389902304 13843599995420715504 4613435630853824323 13837041035234091215 13843599995420715504 13836562660389902304 13837041035234091215 1 1 1 1 1
1 4607583401296439967 4611626246653133443 4598456892680370676 4611491426894688480 13822108945345577872 4614099821726868923 4589692887805507691 0 4607583401296439967 4611491426894688480 13822108945345577872 4614099821726868923 4607496697996413831 4611491426894688480 13822108945345577872 4614099821726868923 4607496697996413831 4611491426894688480 4611491426894688480 4607496697996413831 4614099821726868923 13822108945345577872 4611491426894688480 4607496697996413831 4614099821726868923 13822108945345577872 4611491426894688480 4614099821726868923 4607496697996413831 4611491426894688480 1 1 1 1 1
0 4607212448802332714 4602047882879250815 13834430325551702303 13835758635240197466 4607335991547310742 13837605039029825332 13836975264665133096 0 4602047882879250815 13835758635240197466 4607335991547310742 13838739811931211846 13835858237752834362 13835758635240197466 4607335991547310742 13838739811931211846 13835858237752834362 13835758635240197466 13835758635240197466 13835858237752834362 13838739811931211846 4607335991547310742 13835758635240197466 13835858237752834362 13838739811931211846 4607335991547310742 13835758635240197466 13838739811931211846 13835858237752834362 13835758635240197466 1 1 1 1 1
1 13836369593565646548 13834355980129053671 13826638557764396060 13838353942611860772 13835130229969791952 13832572860921389615 4615280161146007202 0 13836369593565646548 13838353942611860772 13835130229969791952 13832572860921389615 4616860789507225425 13838353942611860772 13835130229969791952 13832572860921389615 4616860789507225425 13838353942611860772 13838353942611860772 4616860789507225425 13832572860921389615 13835130229969791952 13838353942611860772 4616860789507225425 13832572860921389615 13835130229969791952 13838353942611860772 13832572860921389615 4616860789507225425 13838353942611860772 1 1 1 1 1
0 4612796344886719081 13838037384594052899 4601217707338339847 4607957992699046136 13838934690791009452 4614516359656404421 13837341776610007762 0 13838037384594052899 4607957992699046136 13838934690791009452 4616724530804465162 13828717005375099408 4607957992699046136 13838934690791009452 4616724530804465162 13828717005375099408 4607957992699046136 4607957992699046136 13828717005375099408 4616724530804465162 13838934690791009452 4607957992699046136 13828717005375099408 4616724530804465162 13838934690791009452 4607957992699046136 4616724530804465162 13828717005375099408 4607957992699046136 1 1 1 1 1
1 13837670800591584196 13837267665374539753 4613906211978888266 13839053360641190664 4609048674456802723 13839549765406517950 13839427015295074340 0 13837670800591584196 13839053360641190664 4609048674456802723 13839549765406517950 13837175215481389092 13839053360641190664 4609048674456802723 13839549765406517950 13837175215481389092 13839053360641190664 13839053360641190664 13837175215481389092 13839549765406517950 4609048674456802723 13839053360641190664 13837175215481389092 13839549765406517950 4609048674456802723 13839053360641190664 13839549765406517950 13837175215481389092 13839053360641190664 1 1 1 1 1
0 4606900205232967863 13827120911298885950 13838243307183414788 4602411485498766199 4613991014759871652 4604980122553436216 4600552471630181697 0 13827120911298885950 4602411485498766199 4613991014759871652 13834854210281780648 13832032849230421108 4602411485498766199 4613991014759871652 13834854210281780648 13832032849230421108 4602411485498766199 4602411485498766199 13832032849230421108 13834854210281780648 4613991014759871652 4602411485498766199 13832032849230421108 13834854210281780648 4613991014759871652 4602411485498766199 13834854210281780648 13832032849230421108 4602411485498766199 1 1 1 1 1
1 4606109553282386699 4590922190359794742 4613293731436765133 4613193220100281478 13835933690157713358 4592179163030192357 13830379752018048260 0 4606109553282386699 4613193220100281478 13835933690157713358 4592179163030192357 4581247737784262528 4613193220100281478 13835933690157713358 4592179163030192357 4581247737784262528 4613193220100281478 4613193220100281478 4581247737784262528 4592179163030192357 13835933690157713358 4613193220100281478 4581247737784262528 4592179163030192357 13835933690157713358 4613193220100281478 4592179163030192357 4581247737784262528 4613193220100281478 1 1 1 1 1
0 4613550148385149100 13835478078997810794 13825830215674478585 4615354443518261051 4612762018450359263 4610523279075593389 4607281552035015087 0 13835478078997810794 4615354443518261051 4612762018450359263 4602849379404348044 4605373124577932432 4615354443518261051 4612762018450359263 4602849379404348044 4605373124577932432 4615354443518261051 4615354443518261051 4605373124577932432 4602849379404348044 4612762018450359263 4615354443518261051 4605373124577932432 4602849379404348044 4612762018450359263 4615354443518261051 4602849379404348044 4605373124577932432 4615354443518261051 1 1 1 1 1
1 4612550583455053473 13826772656946900644 13835733748348656617 4610891475366728692 13839237422757961297 4612709965845866115 4610482278304585808 0 4612550583455053473 4610891475366728692 13839237422757961297 4612709965845866115 4613335948179672104 4610891475366728692 13839237422757961297 4612709965845866115 4613335948179672104 4610891475366728692 4610891475366728692 4613335948179672104 4612709965845866115 13839237422757961297 4610891475366728692 4613335948179672104 4612709965845866115 13839237422757961297 4610891475366728692 4612709965845866115 4613335948179672104 4610891475366728692 1 1 1 1 1
0 4609834084217417628 4615137586189003907 4607238497622577425 13838105524056415015 4612038542191819957 13835456002352437424 4612646735307097833 0 4615137586189003907 13838105524056415015 4612038542191819957 13837672024317817453 4612682513155403052 13838105524056415015 4612038542191819957 13837672024317817453 4612682513155403052 13838105524056415015 13838105524056415015 4612682513155403052 13837672024317817453 4612038542191819957 13838105524056415015 4612682513155403052 13837672024317817453 4612038542191819957 13838105524056415015 13837672024317817453 4612682513155403052 13838105524056415015 1 1 1 1 1
1 13837610398313381903 13827526811726101598 13839318586630445768 13832126410083129123 13837629475561403444 13833185458557103060 4613009221033905629 0 13837610398313381903 13832126410083129123 13837629475561403444 13833185458557103060 4615261020847590877 13832126410083129123 13837629475561403444 13833185458557103060 4615261020847590877 13832126410083129123 13832126410083129123 4615261020847590877 13833185458557103060 13837629475561403444 13832126410083129123 4615261020847590877 13833185458557103060 13837629475561403444 13832126410083129123 13833185458557103060 4615261020847590877 13832126410083129123 1 1 1 1 1
0 4616122685557096420 4614275885450701346 13837278455999246933 4608377025622775196 4613141257567780878 13833609067138053529 4610643056811282935 0 4614275885450701346 4608377025622775196 4613141257567780878 13837090885479359445 4609632007900151782 4608377025622775196 4613141257567780878 13837090885479359445 4609632007900151782 4608377025622775196 4608377025622775196 4609632007900151782 13837090885479359445 4613141257567780878 4608377025622775196 4609632007900151782 13837090885479359445 4613141257567780878 4608377025622775196 13837090885479359445 4609632007900151782 4608377025622775196 1 1 1 1 1
1 13835950461562725685 13828033736900158421 4607893915483547908 4607775020453385327 4613218170042217111 4602744643784800559 4607854103662841953 0 13835950461562725685 4607775020453385327 4613218170042217111 4602744643784800559 4612021860858800176 4607775020453385327 4613218170042217111 4602744643784800559 4612021860858800176 4607775020453385327 4607775020453385327 4612021860858800176 4602744643784800559 4613218170042217111 4607775020453385327 4612021860858800176 4602744643784800559 4613218170042217111 4607775020453385327 4602744643784800559 4612021860858800176 4607775020453385327 1 1 1 1 1
0 13839313416498073546 4592398794576819961 13834809042251567143 13832422278564248856 13829088299788903496 13833631224848220191 13836670722251131049 0 4592398794576819961 13832422278564248856 13829088299788903496 4612144062170564366 4612069779798310517 13832422278564248856 13829088299788903496 4612144062170564366 4612069779798310517 13832422278564248856 13832422278564248856 4612069779798310517 4612144062170564366 13829088299788903496 13832422278564248856 4612069779798310517 4612144062170564366 13829088299788903496 13832422278564248856 4612144062170564366 4612069779798310517 13832422278564248856 1 1 1 1 1
1 13830637069686357700 4615330871677811394 4616139204760529615 4608522978279499019 4589016987573431927 13835895535661670275 13835524168836397304 0 13830637069686357700 4608522978279499019 4589016987573431927 13835895535661670275 13831486682763260400 4608522978279499019 4589016987573431927 13835895535661670275 13831486682763260400 4608522978279499019 4608522978279499019 13831486682763260400 13835895535661670275 4589016987573431927 4608522978279499019 13831486682763260400 13835895535661670275 4589016987573431927 4608522978279499019 13835895535661670275 13831486682763260400 4608522978279499019 1 1 1 1 1
0 4606890477457772743 13838003904834423027 4614863569173276176 13838854589768037040 13822980914291030838 13838551632621103827 4609280357636033170 0 13838003904834423027 13838854589768037040 13822980914291030838 4615606803941298209 4621683150843000847 13838854589768037040 13822980914291030838 4615606803941298209 4621683150843000847 13838854589768037040 13838854589768037040 4621683150843000847 4615606803941298209 13822980914291030838 13838854589768037040 4621683150843000847 4615606803941298209 13822980914291030838 13838854589768037040 4615606803941298209 4621683150843000847 13838854589768037040 1 1 1 1 1
1 4613160082614223286 13830667063659875988 13838512865635511422 13837162731503222021 13832813353141491200 4612675351179130145 13822253132591247766 0 4613160082614223286 13837162731503222021 13832813353141491200 4612675351179130145 4604577680890734389 13837162731503222021 13832813353141491200 4612675351179130145 4604577680890734389 13837162731503222021 13837162731503222021 4604577680890734389 4612675351179130145 13832813353141491200 13837162731503222021 4604577680890734389 4612675351179130145 13832813353141491200 13837162731503222021 4612675351179130145 4604577680890734389 13837162731503222021 1 1 1 1 1
0 4612540027017526916 13836741050462912066 13838883674014430599 4604089778921503579 13819748122392113239 4613018192204363351 4616184619059172019 0 13836741050462912066 4604089778921503579 13819748122392113239 13842815427899677026 13840106314565430068 4604089778921503579 13819748122392113239 13842815427899677026 13840106314565430068 4604089778921503579 4604089778921503579 13840106314565430068 13842815427899677026 13819748122392113239 4604089778921503579 13840106314565430068 13842815427899677026 13819748122392113239 4604089778921503579 13842815427899677026 13840106314565430068 4604089778921503579 1 1 1 1 1
1 4608755346005872827 13839431347757915870 4604888645437805067 4594948624599446079 13839101098797240792 4614124564503221697 4596051394018602528 0 4608755346005872827 4594948624599446079 13839101098797240792 4614124564503221697 4608042840516025796 4594948624599446079 13839101098797240792 4614124564503221697 4608042840516025796 4594948624599446079 4594948624599446079 4608042840516025796 4614124564503221697 13839101098797240792 4594948624599446079 4608042840516025796 4614124564503221697 13839101098797240792 4594948624599446079 4614124564503221697 4608042840516025796 4594948624599446079 1 1 1 1 1
0 4612501899543081598 13833569687662911801 4614834025559720626 13833053395001630047 13835109252202727660 4615365234142968231 4615830852301242812 0 13833569687662911801 13833053395001630047 13835109252202727660 4622091578665251333 4622770933158241290 13833053395001630047 13835109252202727660 4622091578665251333 4622770933158241290 13833053395001630047 13833053395001630047 4622770933158241290 4622091578665251333 13835109252202727660 13833053395001630047 4622770933158241290 4622091578665251333 13835109252202727660 13833053395001630047 4622091578665251333 4622770933158241290 13833053395001630047 1 1 1 1 1
1 13836346922445122365 13827303721414960173 4611042255882253056 4606972262827005791 13834088772555962524 4613699028381630714 13817493152044290322 0 13836346922445122365 4606972262827005791 13834088772555962524 4613699028381630714 4605944145075272636 4606972262827005791 13834088772555962524 4613699028381630714 4605944145075272636 4606972262827005791 4606972262827005791 4605944145075272636 4613699028381630714 13834088772555962524 4606972262827005791 4605944145075272636 4613699028381630714 13834088772555962524 4606972262827005791 4613699028381630714 4605944145075272636 4606972262827005791 1 1 1 1 1
0 13837048024820712894 13839264084067755330 13835367362504571518 4611366857328995412 4596838118830308625 13837078280003009569 4611159835861324445 0 13839264084067755330 4611366857328995412 4596838118830308625 13839446538199138880 4610926919096436320 4611366857328995412 4596838118830308625 13839446538199138880 4610926919096436320 4611366857328995412 4611366857328995412 4610926919096436320 13839446538199138880 4596838118830308625 4611366857328995412 4610926919096436320 13839446538199138880 4596838118830308625 4611366857328995412 13839446538199138880 4610926919096436320 4611366857328995412 1 1 1 1 1
1 4612305398484140168 4609492116890512131 4614233983959768291 13838830144229259673 13835293539499479660 4592223550508119720 13827018085112193827 0 4612305398484140168 13838830144229259673 13835293539499479660 4592223550508119720 4600744361003104698 13838830144229259673 13835293539499479660 4592223550508119720 4600744361003104698 13838830144229259673 13838830144229259673 4600744361003104698 4592223550508119720 13835293539499479660 13838830144229259673 4600744361003104698 4592223550508119720 13835293539499479660 13838830144229259673 4592223550508119720 4600744361003104698 13838830144229259673 1 1 1 1 1
0 13835694657103891041 13838284803350381380 4611229731727541235 13831413958636477620 13834024028807719446 4589071174884148449 4607967342171872557 0 13838284803350381380 13831413958636477620 13834024028807719446 4607875136966279238 4614537414731251110 13831413958636477620 13834024028807719446 4607875136966279238 4614537414731251110 13831413958636477620 13831413958636477620 4614537414731251110 4607875136966279238 13834024028807719446 13831413958636477620 4614537414731251110 4607875136966279238 13834024028807719446 13831413958636477620 4607875136966279238 4614537414731251110 13831413958636477620 1 1 1 1 1
1 4604762076273877447 4611840951261768704 4611236739328561423 4608650664336134228 13835567925810376835 13831616440475724198 4612393542936047064 0 4604762076273877447 4608650664336134228 13835567925810376835 13831616440475724198 4614645342749732312 4608650664336134228 13835567925810376835 13831616440475724198 4614645342749732312 4608650664336134228 4608650664336134228 4614645342749732312 13831616440475724198 13835567925810376835 4608650664336134228 4614645342749732312 13831616440475724198 13835567925810376835 4608650664336134228 13831616440475724198 4614645342749732312 4608650664336134228 1 1 1 1 1
0 4580350764853678410 13835649558057222553 13835235154833910429 4609146294482325605 4615700833380000625 4589667235302030189 4613184014742643133 0 13835649558057222553 4609146294482325605 4615700833380000625 13835731690159347518 4608518465761231176 4609146294482325605 4615700833380000625 13835731690159347518 4608518465761231176 4609146294482325605 4609146294482325605 4608518465761231176 13835731690159347518 4615700833380000625 4609146294482325605 4608518465761231176 13835731690159347518 4615700833380000625 4609146294482325605 13835731690159347518 4608518465761231176 4609146294482325605 1 1 1 1 1
1 13828145822487684418 13838244640248904490 13831378920631376678 13835089535443559032 4614352383593971861 13827260847146507606 13834646300175432482 0 13828145822487684418 13835089535443559032 4614352383593971861 13827260847146507606 13829730945441330756 13835089535443559032 4614352383593971861 13827260847146507606 13829730945441330756 13835089535443559032 13835089535443559032 13829730945441330756 13827260847146507606 4614352383593971861 13835089535443559032 13829730945441330756 13827260847146507606 4614352383593971861 13835089535443559032 13827260847146507606 13829730945441330756 13835089535443559032 1 1 1 1 1
0 4613950941730387310 13826875230932013635 13830062338316311187 4608398030411437252 13835821172224623133 13827411663690828989 13826587324815035093 0 13826875230932013635 4608398030411437252 13835821172224623133 13835849525847689659 13831725227347948162 4608398030411437252 13835821172224623133 13835849525847689659 13831725227347948162 4608398030411437252 4608398030411437252 13831725227347948162 13835849525847689659 13835821172224623133 4608398030411437252 13831725227347948162 13835849525847689659 13835821172224623133 4608398030411437252 13835849525847689659 13831725227347948162 4608398030411437252 1 1 1 1 1
1 4614589876416721617 13837800648376040542 13836364360382879543 13839542901920685837 4600021551277310244 4610860670745277477 13828290586194106615 0 4614589876416721617 13839542901920685837 4600021551277310244 4610860670745277477 4598199358839279122 13839542901920685837 4600021551277310244 4610860670745277477 4598199358839279122 13839542901920685837 13839542901920685837 4598199358839279122 4610860670745277477 4600021551277310244 13839542901920685837 4598199358839279122 4610860670745277477 4600021551277310244 13839542901920685837 4610860670745277477 4598199358839279122 13839542901920685837 1 1 1 1 1
0 13836476923351966042 4611076555297015110 13836534677513587441 4613406969945795737 4605178316965837537 13832455677259085435 4612336302184783185 0 4611076555297015110 4613406969945795737 4605178316965837537 4616804752540868143 4621401008565069115 4613406969945795737 4605178316965837537 4616804752540868143 4621401008565069115 4613406969945795737 4613406969945795737 4621401008565069115 4616804752540868143 4605178316965837537 4613406969945795737 4621401008565069115 4616804752540868143 4605178316965837537 4613406969945795737 4616804752540868143 4621401008565069115 4613406969945795737 1 1 1 1 1
1 4612306245160870114 13831845745754351394 4614384458230517994 4612409305534742860 4603304855549648430 13836934642196494214 13838285884214291949 0 4612306245160870114 4612409305534742860 4603304855549648430 13836934642196494214 13836034084400606701 4612409305534742860 4603304855549648430 13836934642196494214 13836034084400606701 4612409305534742860 4612409305534742860 13836034084400606701 13836934642196494214 4603304855549648430 4612409305534742860 13836034084400606701 13836934642196494214 4603304855549648430 4612409305534742860 13836934642196494214 13836034084400606701 4612409305534742860 1 1 1 1 1
0 13818010813799858797 4614283280361289488 4605032472395504771 13838060947427303302 13828297359607946180 4603048654774046577 13827015743240387594 0 4614283280361289488 13838060947427303302 13828297359607946180 13828006322949154949 13829341045763519488 13838060947427303302 13828297359607946180 13828006322949154949 13829341045763519488 13838060947427303302 13838060947427303302 13829341045763519488 13828006322949154949 13828297359607946180 13838060947427303302 13829341045763519488 13828006322949154949 13828297359607946180 13838060947427303302 13828006322949154949 13829341045763519488 13838060947427303302 1 1 1 1 1
1 13837379021378926116 13822099073455194676 4589339805594721844 4613622746411142312 13826857937109444532 13835399320047527339 4603258054142320796 0 13837379021378926116 4613622746411142312 13826857937109444532 13835399320047527339 4609723836098539598 4613622746411142312 13826857937109444532 13835399320047527339 4609723836098539598 4613622746411142312 4613622746411142312 4609723836098539598 13835399320047527339 13826857937109444532 4613622746411142312 4609723836098539598 13835399320047527339 13826857937109444532 4613622746411142312 13835399320047527339 4609723836098539598 4613622746411142312 1 1 1 1 1
0 4614578365216074058 13835418334245154097 13838798051578315031 13835766399445955053 13832890815055081972 13835285405998552629 13831970873766398256 0 13835418334245154097 13835766399445955053 13832890815055081972 13846354629406398297 13845348944084409074 13835766399445955053 13832890815055081972 13846354629406398297 13845348944084409074 13835766399445955053 13835766399445955053 13845348944084409074 13846354629406398297 13832890815055081972 13835766399445955053 13845348944084409074 13846354629406398297 13832890815055081972 13835766399445955053 13846354629406398297 13845348944084409074 13835766399445955053 1 1 1 1 1
1 13833527876243971293 13837829822694426648 13815069855156794806 13831480143536601457 4608876672979834189 13839229514437015634 4605059602079660051 0 13833527876243971293 13831480143536601457 4608876672979834189 13839229514437015634 4610624610067209226 13831480143536601457 4608876672979834189 13839229514437015634 4610624610067209226 13831480143536601457 13831480143536601457 4610624610067209226 13839229514437015634 4608876672979834189 13831480143536601457 4610624610067209226 13839229514437015634 4608876672979834189 13831480143536601457 13839229514437015634 4610624610067209226 13831480143536601457 1 1 1 1 1
0 4607601253565362864 4615511069706101742 13837242283087039893 13839540451962488548 13838664330698179146 4611067458025767821 13832243395587049699 0 4615511069706101742 13839540451962488548 13838664330698179146 4618139735935272533 4615051064423097970 13839540451962488548 13838664330698179146 4618139735935272533 4615051064423097970 13839540451962488548 13839540451962488548 4615051064423097970 4618139735935272533 13838664330698179146 13839540451962488548 4615051064423097970 4618139735935272533 13838664330698179146 13839540451962488548 4618139735935272533 4615051064423097970 13839540451962488548 1 1 1 1 1
1 13835804842172374288 13832887752607335360 4600136122851830549 13838347502464393632 13815598469666657045 4606112291470960140 13815540535361050551 0 13835804842172374288 13838347502464393632 13815598469666657045 4606112291470960140 4606244409069628681 13838347502464393632 13815598469666657045 4606112291470960140 4606244409069628681 13838347502464393632 13838347502464393632 4606244409069628681 4606112291470960140 13815598469666657045 13838347502464393632 4606244409069628681 4606112291470960140 13815598469666657045 13838347502464393632 4606112291470960140 4606244409069628681 13838347502464393632 1 1 1 1 1
0 4609663217647555191 13833636971441344716 13837189311748222761 13838070621159302894 4611542389628071804 13816242664557356121 13833940045681868241 0 13833636971441344716 13838070621159302894 4611542389628071804 13840552721381778822 13841270896903556713 13838070621159302894 4611542389628071804 13840552721381778822 13841270896903556713 13838070621159302894 13838070621159302894 13841270896903556713 13840552721381778822 4611542389628071804 13838070621159302894 13841270896903556713 13840552721381778822 4611542389628071804 13838070621159302894 13840552721381778822 13841270896903556713 13838070621159302894 1 1 1 1 1
1 13815888717655441819 13839360389042187021 4598693529819191232 13778943636270691559 4613471074182891729 13836267965336455305 4602112230310726685 0 13815888717655441819 13778943636270691559 4613471074182891729 13836267965336455305 4609292571398222599 13778943636270691559 4613471074182891729 13836267965336455305 4609292571398222599 13778943636270691559 13778943636270691559 4609292571398222599 13836267965336455305 4613471074182891729 13778943636270691559 4609292571398222599 13836267965336455305 4613471074182891729 13778943636270691559 13836267965336455305 4609292571398222599 13778943636270691559 1 1 1 1 1
0 4605856414954531458 4610583663339397173 4611925231625195315 4609049503119134159 4612440227249784386 4614885528725059235 13831034071000709664 0 4610583663339397173 4609049503119134159 4612440227249784386 4612745467236456810 13830810594350544019 4609049503119134159 4612440227249784386 4612745467236456810 13830810594350544019 4609049503119134159 4609049503119134159 13830810594350544019 4612745467236456810 4612440227249784386 4609049503119134159 13830810594350544019 4612745467236456810 4612440227249784386 4609049503119134159 4612745467236456810 13830810594350544019 4609049503119134159 1 1 1 1 1
1 13833659399367489021 4610741397412746197 4610557542461558424 13839106611203184693 4613565163386306753 13837578305662437261 4608702779991022159 0 13833659399367489021 13839106611203184693 4613565163386306753 13837578305662437261 4612446199022890280 13839106611203184693 4613565163386306753 13837578305662437261 4612446199022890280 13839106611203184693 13839106611203184693 4612446199022890280 13837578305662437261 4613565163386306753 13839106611203184693 4612446199022890280 13837578305662437261 4613565163386306753 13839106611203184693 13837578305662437261 4612446199022890280 13839106611203184693 1 1 1 1 1
0 4610451077366367386 13835934464776849265 4611281090777691768 4603021993464252544 4615931381652124976 4597714627404185981 13834856672321226213 0 13835934464776849265 4603021993464252544 4615931381652124976 4616377884754262826 4613880880175947594 4603021993464252544 4615931381652124976 4616377884754262826 4613880880175947594 4603021993464252544 4603021993464252544 4613880880175947594 4616377884754262826 4615931381652124976 4603021993464252544 4613880880175947594 4616377884754262826 4615931381652124976 4603021993464252544 4616377884754262826 4613880880175947594 4603021993464252544 1 1 1 1 1
1 4615118301775399506 13836409954825507042 13836226189946311817 4612524192361237082 13835557477459241336 13838999218366470416 13828081871372975757 0 4615118301775399506 4612524192361237082 13835557477459241336 13838999218366470416 4598616788481540838 4612524192361237082 13835557477459241336 13838999218366470416 4598616788481540838 4612524192361237082 4612524192361237082 4598616788481540838 13838999218366470416 13835557477459241336 4612524192361237082 4598616788481540838 13838999218366470416 13835557477459241336 4612524192361237082 13838999218366470416 4598616788481540838 4612524192361237082 1 1 1 1 1
0 4608827331542316717 4612938631613346224 13824883667119196363 13838736046018645394 13835107757007651373 4612460772671284450 4612182909581474946 0 4612938631613346224 13838736046018645394 13835107757007651373 4613044377161471240 4615018313885346984 13838736046018645394 13835107757007651373 4613044377161471240 4615018313885346984 13838736046018645394 13838736046018645394 4615018313885346984 4613044377161471240 13835107757007651373 13838736046018645394 4615018313885346984 4613044377161471240 13835107757007651373 13838736046018645394 4613044377161471240 4615018313885346984 13838736046018645394 1 1 1 1 1
1 13831272077233816940 4612023410097071992 4611210150076361428 13833460430335951793 4611814470095959765 13820631692610206312 13835418028000379436 0 13831272077233816940 13833460430335951793 4611814470095959765 13820631692610206312 13831274401091224664 13833460430335951793 4611814470095959765 13820631692610206312 13831274401091224664 13833460430335951793 13833460430335951793 13831274401091224664 13820631692610206312 4611814470095959765 13833460430335951793 13831274401091224664 13820631692610206312 4611814470095959765 13833460430335951793 13820631692610206312 13831274401091224664 13833460430335951793 1 1 1 1 1
0 4589896090220694648 13830028074930346152 4594291026996255949 13828621294521943685 13823286078201781463 4611469323227717345 13838838268722987449 0 13830028074930346152 13828621294521943685 13823286078201781463 4611740032357949510 13836424107378905315 13828621294521943685 13823286078201781463 4611740032357949510 13836424107378905315 13828621294521943685 13828621294521943685 13836424107378905315 4611740032357949510 13823286078201781463 13828621294521943685 13836424107378905315 4611740032357949510 13823286078201781463 13828621294521943685 4611740032357949510 13836424107378905315 13828621294521943685 1 1 1 1 1
1 13827398621266308124 4615432833173375062 4614059046135842711 13828442555659932605 13836486552047969360 4609419158576548729 4609524957138994917 0 13827398621266308124 13828442555659932605 13836486552047969360 4609419158576548729 4612857287596876658 13828442555659932605 13836486552047969360 4609419158576548729 4612857287596876658 13828442555659932605 13828442555659932605 4612857287596876658 4609419158576548729 13836486552047969360 13828442555659932605 4612857287596876658 4609419158576548729 13836486552047969360 13828442555659932605 4609419158576548729 4612857287596876658 13828442555659932605 1 1 1 1 1
0 4616023687430087561 13810095863555544716 13825613394374018460 13834117019132825392 4612240645728697835 13839091884432403192 13820206696920570613 0 13810095863555544716 13834117019132825392 4612240645728697835 13840390448715698216 13818215629332951145 13834117019132825392 4612240645728697835 13840390448715698216 13818215629332951145 13834117019132825392 13834117019132825392 13818215629332951145 13840390448715698216 4612240645728697835 13834117019132825392 13818215629332951145 13840390448715698216 4612240645728697835 13834117019132825392 13840390448715698216 13818215629332951145 13834117019132825392 1 1 1 1 1
1 4608961520796813849 13837751937442470903 13837649192320572072 13830670648525179375 4611682649734866631 13835157710934718166 13826830447137319062 0 4608961520796813849 13830670648525179375 4611682649734866631 13835157710934718166 4601119636952854228 13830670648525179375 4611682649734866631 13835157710934718166 4601119636952854228 13830670648525179375 13830670648525179375 4601119636952854228 13835157710934718166 4611682649734866631 13830670648525179375 4601119636952854228 13835157710934718166 4611682649734866631 13830670648525179375 13835157710934718166 4601119636952854228 13830670648525179375 1 1 1 1 1
0 4602980524318883716 13835644586083233936 4604941607769422944 13832944876265008928 13839438913805289853 13827419914285346332 13836007693306790310 0 13835644586083233936 13832944876265008928 13839438913805289853 4600831376321159932 13823750087305334272 13832944876265008928 13839438913805289853 4600831376321159932 13823750087305334272 13832944876265008928 13832944876265008928 13823750087305334272 4600831376321159932 13839438913805289853 13832944876265008928 13823750087305334272 4600831376321159932 13839438913805289853 13832944876265008928 4600831376321159932 13823750087305334272 13832944876265008928 1 1 1 1 1
1 13839355525154589460 4610651361448995806 4600166819386890706 4613869552677921470 4615389679681745598 13838157171336941700 4614225751379649457 0 13839355525154589460 4613869552677921470 4615389679681745598 13838157171336941700 4616333584624046552 4613869552677921470 4615389679681745598 13838157171336941700 4616333584624046552 4613869552677921470 4613869552677921470 4616333584624046552 13838157171336941700 4615389679681745598 4613869552677921470 4616333584624046552 13838157171336941700 4615389679681745598 4613869552677921470 13838157171336941700 4616333584624046552 4613869552677921470 1 1 1 1 1
0 4609937594951253111 4615106223121198899 13823808495758556441 13833771557012609056 4607273517613279858 4607304322234731073 13836674550310814314 0 4615106223121198899 13833771557012609056 4607273517613279858 4608916978670895774 13832174789275929719 13833771557012609056 4607273517613279858 4608916978670895774 13832174789275929719 13833771557012609056 13833771557012609056 13832174789275929719 4608916978670895774 4607273517613279858 13833771557012609056 13832174789275929719 4608916978670895774 4607273517613279858 13833771557012609056 4608916978670895774 13832174789275929719 13833771557012609056 1 1 1 1 1
1 13837610335262987119 4614452480599289798 13833042370189742244 13820423157933060548 13837922452731562404 13838532429272292719 4612824141103619212 0 13837610335262987119 13820423157933060548 13837922452731562404 13838532429272292719 4615075940917304460 13820423157933060548 13837922452731562404 13838532429272292719 4615075940917304460 13820423157933060548 13820423157933060548 4615075940917304460 13838532429272292719 13837922452731562404 13820423157933060548 4615075940917304460 13838532429272292719 13837922452731562404 13820423157933060548 13838532429272292719 4615075940917304460 13820423157933060548 1 1 1 1 1
0 4568390645395263131 13827925830653086624 13838831648431535215 13837976396847899048 13837561786459004066 13838097849922649976 13832036662349754884 0 13827925830653086624 13837976396847899048 13837561786459004066 13840300758561989127 13833417087305972527 13837976396847899048 13837561786459004066 13840300758561989127 13833417087305972527 13837976396847899048 13837976396847899048 13833417087305972527 13840300758561989127 13837561786459004066 13837976396847899048 13833417087305972527 13840300758561989127 13837561786459004066 13837976396847899048 13840300758561989127 13833417087305972527 13837976396847899048 1 1 1 1 1
1 13832963647268255808 13827537620365207287 4615477562924874106 4606426966984123772 4614664879364915845 4614340034723793611 13828324669436086555 0 13832963647268255808 4606426966984123772 4614664879364915845 4614340034723793611 4598087165165362068 4606426966984123772 4614664879364915845 4614340034723793611 4598087165165362068 4606426966984123772 4606426966984123772 4598087165165362068 4614340034723793611 4614664879364915845 4606426966984123772 4598087165165362068 4614340034723793611 4614664879364915845 4606426966984123772 4614340034723793611 4598087165165362068 4606426966984123772 1 1 1 1 1
0 13838059911599389007 13838935672575728219 13824760953036549772 4610643741358426295 13833666352925313681 4608633082283188973 4606251650857829493 0 13838935672575728219 4610643741358426295 13833666352925313681 4608257909783969160 4610845461957074134 4610643741358426295 13833666352925313681 4608257909783969160 4610845461957074134 4610643741358426295 4610643741358426295 4610845461957074134 4608257909783969160 13833666352925313681 4610643741358426295 4610845461957074134 4608257909783969160 13833666352925313681 4610643741358426295 4608257909783969160 4610845461957074134 4610643741358426295 1 1 1 1 1
1 4608976166502802058 13832422170477857799 13829449812738191781 13833634935814313145 4612987135381333005 13834945627421066035 4612944558350455844 0 4608976166502802058 13833634935814313145 4612987135381333005 13834945627421066035 4615196358164141092 13833634935814313145 4612987135381333005 13834945627421066035 4615196358164141092 13833634935814313145 13833634935814313145 4615196358164141092 13834945627421066035 4612987135381333005 13833634935814313145 4615196358164141092 13834945627421066035 4612987135381333005 13833634935814313145 13834945627421066035 4615196358164141092 13833634935814313145 1 1 1 1 1
0 13838370308692906636 4615102223924729794 13831336712895668962 4603028298503730862 4613593058682398686 13831895051163071846 13834477559304594165 0 4615102223924729794 4603028298503730862 4613593058682398686 4613494760753730845 4614455306496654934 4603028298503730862 4613593058682398686 4613494760753730845 4614455306496654934 4603028298503730862 4603028298503730862 4614455306496654934 4613494760753730845 4613593058682398686 4603028298503730862 4614455306496654934 4613494760753730845 4613593058682398686 4603028298503730862 4613494760753730845 4614455306496654934 4603028298503730862 1 1 1 1 1
1 13820118930771032416 4614010506339058912 4612962203453795881 13836826780985418691 4603562281304348927 4612274792021072558 13835588101936707455 0 13820118930771032416 13836826780985418691 4603562281304348927 4612274792021072558 13831614548963880702 13836826780985418691 4603562281304348927 4612274792021072558 13831614548963880702 13836826780985418691 13836826780985418691 13831614548963880702 4612274792021072558 4603562281304348927 13836826780985418691 13831614548963880702 4612274792021072558 4603562281304348927 13836826780985418691 4612274792021072558 13831614548963880702 13836826780985418691 1 1 1 1 1
0 13837257928592145378 13809603566073077593 13836040443483280548 13838937077698811958 4612333582010608253 13833362666195240834 4608872763855357631 0 13809603566073077593 13838937077698811958 4612333582010608253 4611467373859678676 4618385495718620678 13838937077698811958 4612333582010608253 4611467373859678676 4618385495718620678 13838937077698811958 13838937077698811958 4618385495718620678 4611467373859678676 4612333582010608253 13838937077698811958 4618385495718620678 4611467373859678676 4612333582010608253 13838937077698811958 4611467373859678676 4618385495718620678 13838937077698811958 1 1 1 1 1
1 13832232136587981273 13830661046850773821 4607351934289991633 4613858086513270185 13836979795286358231 13828345097763996308 4607766823902063513 0 13832232136587981273 4613858086513270185 13836979795286358231 13828345097763996308 4611978220978410956 4613858086513270185 13836979795286358231 13828345097763996308 4611978220978410956 4613858086513270185 4613858086513270185 4611978220978410956 13828345097763996308 13836979795286358231 4613858086513270185 4611978220978410956 13828345097763996308 13836979795286358231 4613858086513270185 13828345097763996308 4611978220978410956 4613858086513270185 1 1 1 1 1
0 13831990419388781044 13831538402101381122 13838442510402132640 13830393767220088637 13831649010508229341 13828161206784011515 4616119839282131922 0 13831538402101381122 13830393767220088637 13831649010508229341 13826577790226249588 4617478555645008026 13830393767220088637 13831649010508229341 13826577790226249588 4617478555645008026 13830393767220088637 13830393767220088637 4617478555645008026 13826577790226249588 13831649010508229341 13830393767220088637 4617478555645008026 13826577790226249588 13831649010508229341 13830393767220088637 13826577790226249588 4617478555645008026 13830393767220088637 1 1 1 1 1
1 4613331102306473054 13823878175451991117 13835357805866162237 4609185133525512049 4581753870324784943 13826602709111362191 4596308927859694082 0 4613331102306473054 4609185133525512049 4581753870324784943 13826602709111362191 4608075032246162240 4609185133525512049 4581753870324784943 13826602709111362191 4608075032246162240 4609185133525512049 4609185133525512049 4608075032246162240 13826602709111362191 4581753870324784943 4609185133525512049 4608075032246162240 13826602709111362191 4581753870324784943 4609185133525512049 13826602709111362191 4608075032246162240 4609185133525512049 1 1 1 1 1
0 4573844252342429669 4613737714302429826 13832813028882318029 13835816515502608432 13834256018231724555 13833016285340700514 13836328890032214373 0 4613737714302429826 13835816515502608432 13834256018231724555 4603887769796214792 4603728090167826744 13835816515502608432 13834256018231724555 4603887769796214792 4603728090167826744 13835816515502608432 13835816515502608432 4603728090167826744 4603887769796214792 13834256018231724555 13835816515502608432 4603728090167826744 4603887769796214792 13834256018231724555 13835816515502608432 4603887769796214792 4603728090167826744 13835816515502608432 1 1 1 1 1
1 13837625953746494840 4593938233015846253 13839305571227522667 4612676359985446676 13835545930229796758 13837526126957154546 13837153931469550139 0 13837625953746494840 4612676359985446676 13835545930229796758 13837526126957154546 13834746208029566070 4612676359985446676 13835545930229796758 13837526126957154546 13834746208029566070 4612676359985446676 4612676359985446676 13834746208029566070 13837526126957154546 13835545930229796758 4612676359985446676 13834746208029566070 13837526126957154546 13835545930229796758 4612676359985446676 13837526126957154546 13834746208029566070 4612676359985446676 1 1 1 1 1
0 4613144914490678302 13835070007835574753 4615006423353456369 4601852318569031879 4614448796654794608 13822760706283650930 13832022899349293640 0 13835070007835574753 4601852318569031879 4614448796654794608 4620430343857954213 4620420548528764682 4601852318569031879 4614448796654794608 4620430343857954213 4620420548528764682 4601852318569031879 4601852318569031879 4620420548528764682 4620430343857954213 4614448796654794608 4601852318569031879 4620420548528764682 4620430343857954213 4614448796654794608 4601852318569031879 4620430343857954213 4620420548528764682 4601852318569031879 1 1 1 1 1
1 4590668259398405084 13837486657410020271 4608774189066713746 4615758533498426496 13838082024273559396 13835302132367568683 13823826005753907657 0 4590668259398405084 4615758533498426496 13838082024273559396 13835302132367568683 4603791244309404444 4615758533498426496 13838082024273559396 13835302132367568683 4603791244309404444 4615758533498426496 4615758533498426496 4603791244309404444 13835302132367568683 13838082024273559396 4615758533498426496 4603791244309404444 13835302132367568683 13838082024273559396 4615758533498426496 13835302132367568683 4603791244309404444 4615758533498426496 1 1 1 1 1
0 4612125479679026717 4597929647264795158 4613793423829820399 4614078357571044876 13832007551081763561 13837835947589919872 4605473356784625833 0 4597929647264795158 4614078357571044876 13832007551081763561 13823677499637476088 4616950316277662886 4614078357571044876 13832007551081763561 13823677499637476088 4616950316277662886 4614078357571044876 4614078357571044876 4616950316277662886 13823677499637476088 13832007551081763561 4614078357571044876 4616950316277662886 13823677499637476088 13832007551081763561 4614078357571044876 13823677499637476088 4616950316277662886 4614078357571044876 1 1 1 1 1
1 13819823926981041139 13838018775720392605 4605247420198519910 13839166725251010834 13827496475479011630 4611802715700932328 13837299631924694829 0 13819823926981041139 13839166725251010834 13827496475479011630 4611802715700932328 13835037608939855450 13839166725251010834 13827496475479011630 4611802715700932328 13835037608939855450 13839166725251010834 13839166725251010834 13835037608939855450 4611802715700932328 13827496475479011630 13839166725251010834 13835037608939855450 4611802715700932328 13827496475479011630 13839166725251010834 4611802715700932328 13835037608939855450 13839166725251010834 1 1 1 1 1
0 4613008689609149600 13836906404626830601 13788061515989874809 13838794646856996739 4614285478117907645 4601325505499020587 4613106003389897821 0 13836906404626830601 13838794646856996739 4614285478117907645 4601251072219718079 4615348499043670256 13838794646856996739 4614285478117907645 4601251072219718079 4615348499043670256 13838794646856996739 13838794646856996739 4615348499043670256 4601251072219718079 4614285478117907645 13838794646856996739 4615348499043670256 4601251072219718079 4614285478117907645 13838794646856996739 4601251072219718079 4615348499043670256 13838794646856996739 1 1 1 1 1
1 4615914916491887309 4615457413820141250 13837109670092412341 4604204999014370226 13838889726852329785 13838720931938295939 4615204311521083028 0 4615914916491887309 4604204999014370226 13838889726852329785 13838720931938295939 4616822864694763338 4604204999014370226 13838889726852329785 13838720931938295939 4616822864694763338 4604204999014370226 4604204999014370226 4616822864694763338 13838720931938295939 13838889726852329785 4604204999014370226 4616822864694763338 13838720931938295939 13838889726852329785 4604204999014370226 13838720931938295939 4616822864694763338 4604204999014370226 1 1 1 1 1
0 13834967478886458037 13817167451719238888 13835665041432741453 4612514086283673262 4614212141501575544 4605482472070271631 13833206931720126362 0 13817167451719238888 4612514086283673262 4614212141501575544 4613740234061143122 4609488347367067586 4612514086283673262 4614212141501575544 4613740234061143122 4609488347367067586 4612514086283673262 4612514086283673262 4609488347367067586 4613740234061143122 4614212141501575544 4612514086283673262 4609488347367067586 4613740234061143122 4614212141501575544 4612514086283673262 4613740234061143122 4609488347367067586 4612514086283673262 1 1 1 1 1
1 13830571911606948904 4613961714340695980 4592552133136932672 4615325107070288360 13814253298501157007 13833586729283901771 13837595464377017542 0 13830571911606948904 4615325107070288360 13814253298501157007 13833586729283901771 13835343664563332294 4615325107070288360 13814253298501157007 13833586729283901771 13835343664563332294 4615325107070288360 4615325107070288360 13835343664563332294 13833586729283901771 13814253298501157007 4615325107070288360 13835343664563332294 13833586729283901771 13814253298501157007 4615325107070288360 13833586729283901771 13835343664563332294 4615325107070288360 1 1 1 1 1
0 13821596832024750318 13821661611801790416 13835751249336808579 4593024830953821479 4603192733933325414 4598190279582430343 13833753740772483178 0 13821661611801790416 4593024830953821479 4603192733933325414 4598055838258940050 13827983201975593203 4593024830953821479 4603192733933325414 4598055838258940050 13827983201975593203 4593024830953821479 4593024830953821479 13827983201975593203 4598055838258940050 4603192733933325414 4593024830953821479 13827983201975593203 4598055838258940050 4603192733933325414 4593024830953821479 4598055838258940050 13827983201975593203 4593024830953821479 1 1 1 1 1
1 13832203871996719896 13824482522493187218 13813402442430757154 13828900157410870466 4615236620344809784 13837756720265275170 13837342082854782423 0 13832203871996719896 13828900157410870466 4615236620344809784 13837756720265275170 13835090283041097175 13828900157410870466 4615236620344809784 13837756720265275170 13835090283041097175 13828900157410870466 13828900157410870466 13835090283041097175 13837756720265275170 4615236620344809784 13828900157410870466 13835090283041097175 13837756720265275170 4615236620344809784 13828900157410870466 13837756720265275170 13835090283041097175 13828900157410870466 1 1 1 1 1
0 13835945525617534087 13834743884172158346 13830404864089570478 4611102982419628520 4615861990189066451 4611083815099614431 13824757638387224027 0 13834743884172158346 4611102982419628520 4615861990189066451 4611898520716574039 4605379843805037742 4611102982419628520 4615861990189066451 4611898520716574039 4605379843805037742 4611102982419628520 4611102982419628520 4605379843805037742 4611898520716574039 4615861990189066451 4611102982419628520 4605379843805037742 4611898520716574039 4615861990189066451 4611102982419628520 4611898520716574039 4605379843805037742 4611102982419628520 1 1 1 1 1
1 13837454943061444328 13835832070935721370 13836853991734367264 13827246255483714925 13833065554720623948 4613031639952850680 4608230892822066278 0 13837454943061444328 13827246255483714925 13833065554720623948 4613031639952850680 4612210255438412339 13827246255483714925 13833065554720623948 4613031639952850680 4612210255438412339 13827246255483714925 13827246255483714925 4612210255438412339 4613031639952850680 13833065554720623948 13827246255483714925 4612210255438412339 4613031639952850680 13833065554720623948 13827246255483714925 4613031639952850680 4612210255438412339 13827246255483714925 1 1 1 1 1
0 13839526337681256369 4613083116096591525 13836644844567672178 4598457036795558752 13826135703844402380 4613394341852440590 13833848496508643054 0 4613083116096591525 4598457036795558752 13826135703844402380 4622770787362003590 4620806051492166564 4598457036795558752 13826135703844402380 4622770787362003590 4620806051492166564 4598457036795558752 4598457036795558752 4620806051492166564 4622770787362003590 13826135703844402380 4598457036795558752 4620806051492166564 4622770787362003590 13826135703844402380 4598457036795558752 4622770787362003590 4620806051492166564 4598457036795558752 1 1 1 1 1
1 13831134843545971707 4606457699547980948 13835133346460734092 13823530353445570039 4607970098374844508 4600370958550800156 13836513987976899301 0 13831134843545971707 13823530353445570039 4607970098374844508 4600370958550800156 13833466321044264394 13823530353445570039 4607970098374844508 4600370958550800156 13833466321044264394 13823530353445570039 13823530353445570039 13833466321044264394 4600370958550800156 4607970098374844508 13823530353445570039 13833466321044264394 4600370958550800156 4607970098374844508 13823530353445570039 4600370958550800156 13833466321044264394 13823530353445570039 1 1 1 1 1
0 13837023669353928074 13829582758999191758 13835964593858356374 13835566457636898313 4598571608370079058 4601378323715450389 4607028683923137489 0 13829582758999191758 13835566457636898313 4598571608370079058 4613503925190690197 4616597685589453027 13835566457636898313 4598571608370079058 4613503925190690197 4616597685589453027 13835566457636898313 13835566457636898313 4616597685589453027 4613503925190690197 4598571608370079058 13835566457636898313 4616597685589453027 4613503925190690197 4598571608370079058 13835566457636898313 4613503925190690197 4616597685589453027 13835566457636898313 1 1 1 1 1
1 4614349501290210344 13830491513346401086 13835869973230185320 4606600301526582007 4609565813794814422 4613108795621666791 4608013963435215096 0 4614349501290210344 4606600301526582007 4609565813794814422 4613108795621666791 4612101790744986748 4606600301526582007 4609565813794814422 4613108795621666791 4612101790744986748 4606600301526582007 4606600301526582007 4612101790744986748 4613108795621666791 4609565813794814422 4606600301526582007 4612101790744986748 4613108795621666791 4609565813794814422 4606600301526582007 4613108795621666791 4612101790744986748 4606600301526582007 1 1 1 1 1
0 13826617408860545928 4613788866186997500 4600407203520601234 4612324556796955002 4613684833035605242 13836705003651494593 13838614160598330239 0 4613788866186997500 4612324556796955002 4613684833035605242 13838177045241112846 13837834402374263244 4612324556796955002 4613684833035605242 13838177045241112846 13837834402374263244 4612324556796955002 4612324556796955002 13837834402374263244 13838177045241112846 4613684833035605242 4612324556796955002 13837834402374263244 13838177045241112846 4613684833035605242 4612324556796955002 13838177045241112846 13837834402374263244 4612324556796955002 1 1 1 1 1
1 4604084338573153715 13836676144585082403 13839548981780182787 4612419699842682832 13836858216110817737 4613280382767469607 4615621885278532821 0 4604084338573153715 4612419699842682832 13836858216110817737 4613280382767469607 4617031651573488234 4612419699842682832 13836858216110817737 4613280382767469607 4617031651573488234 4612419699842682832 4612419699842682832 4617031651573488234 4613280382767469607 13836858216110817737 4612419699842682832 4617031651573488234 4613280382767469607 13836858216110817737 4612419699842682832 4613280382767469607 4617031651573488234 4612419699842682832 1 1 1 1 1
0 13831173664574759640 13835581995055612741 13833728016211411638 4615009891125169444 13836735673164956986 4614318246308796393 4614849211697664119 0 13835581995055612741 4615009891125169444 13836735673164956986 4612216270559060963 4614999035761613937 4615009891125169444 13836735673164956986 4612216270559060963 4614999035761613937 4615009891125169444 4615009891125169444 4614999035761613937 4612216270559060963 13836735673164956986 4615009891125169444 4614999035761613937 4612216270559060963 13836735673164956986 4615009891125169444 4612216270559060963 4614999035761613937 4615009891125169444 1 1 1 1 1
1 13826051792776145213 13822663716762075879 13838913902175129510 13830652291853098213 13836782636701871206 4611536859207729393 4611263760926325646 0 13826051792776145213 13830652291853098213 13836782636701871206 4611536859207729393 4613726689490542023 13830652291853098213 13836782636701871206 4611536859207729393 4613726689490542023 13830652291853098213 13830652291853098213 4613726689490542023 4611536859207729393 13836782636701871206 13830652291853098213 4613726689490542023 4611536859207729393 13836782636701871206 13830652291853098213 4611536859207729393 4613726689490542023 13830652291853098213 1 1 1 1 1
0 13829286458172507798 4610791045095038330 4614880989096634845 4603229591392675814 4613702189908569128 13838873306728088392 13827141339626795702 0 4610791045095038330 4603229591392675814 4613702189908569128 13844201623462126838 13839751927347201696 4603229591392675814 4613702189908569128 13844201623462126838 13839751927347201696 4603229591392675814 4603229591392675814 13839751927347201696 13844201623462126838 4613702189908569128 4603229591392675814 13839751927347201696 13844201623462126838 4613702189908569128 4603229591392675814 13844201623462126838 13839751927347201696 4603229591392675814 1 1 1 1 1
1 13836686818116199271 13836301454103284432 4608819675422950188 13835042725029032143 13838249954496464787 4604352356794177788 4613740272347018173 0 13836686818116199271 13835042725029032143 13838249954496464787 4604352356794177788 4615992072160703421 13835042725029032143 13838249954496464787 4604352356794177788 4615992072160703421 13835042725029032143 13835042725029032143 4615992072160703421 4604352356794177788 13838249954496464787 13835042725029032143 4615992072160703421 4604352356794177788 13838249954496464787 13835042725029032143 4604352356794177788 4615992072160703421 13835042725029032143 1 1 1 1 1
0 13832709157860512356 13837898133293574604 13835428404293920897 13832606908134572536 4612913114217857543 13836117527094502621 13835225652238696678 0 13837898133293574604 13832606908134572536 4612913114217857543 13840011919658374900 13837318509737724402 13832606908134572536 4612913114217857543 13840011919658374900 13837318509737724402 13832606908134572536 13832606908134572536 13837318509737724402 13840011919658374900 4612913114217857543 13832606908134572536 13837318509737724402 13840011919658374900 4612913114217857543 13832606908134572536 13840011919658374900 13837318509737724402 13832606908134572536 1 1 1 1 1
1 4597409679666217470 4614501578842427391 4603408114081904781 13829851497796156210 4611500974525898505 4611741376674007542 4608594477427183153 0 4597409679666217470 13829851497796156210 4611500974525898505 4611741376674007542 4612392047740970776 13829851497796156210 4611500974525898505 4611741376674007542 4612392047740970776 13829851497796156210 13829851497796156210 4612392047740970776 4611741376674007542 4611500974525898505 13829851497796156210 4612392047740970776 4611741376674007542 4611500974525898505 13829851497796156210 4611741376674007542 4612392047740970776 13829851497796156210 1 1 1 1 1
0 4615540298067683377 13835105514215036942 13836387319733779878 4609211812849704591 13837694984921583175 4613799881991686048 4613642246997528826 0 13835105514215036942 4609211812849704591 13837694984921583175 13840108867827051497 13838561915925040760 4609211812849704591 13837694984921583175 13840108867827051497 13838561915925040760 4609211812849704591 4609211812849704591 13838561915925040760 13840108867827051497 13837694984921583175 4609211812849704591 13838561915925040760 13840108867827051497 13837694984921583175 4609211812849704591 13840108867827051497 13838561915925040760 4609211812849704591 1 1 1 1 1
1 4611813668455226093 13839509169959476832 4607551497796679675 4610733453063003516 4611819505120343166 13828563144043555077 13833668712811518423 0 4611813668455226093 4610733453063003516 4611819505120343166 13828563144043555077 13827775770713502638 4610733453063003516 4611819505120343166 13828563144043555077 13827775770713502638 4610733453063003516 4610733453063003516 13827775770713502638 13828563144043555077 4611819505120343166 4610733453063003516 13827775770713502638 13828563144043555077 4611819505120343166 4610733453063003516 13828563144043555077 13827775770713502638 4610733453063003516 1 1 1 1 1
0 4611302762099098675 13828822443295700561 4614041031737333229 4611048020489776090 13835247683848073774 13829962826778944809 4610539077703086205 0 13828822443295700561 4611048020489776090 13835247683848073774 4614415183431314038 4619445311579850239 4611048020489776090 13835247683848073774 4614415183431314038 4619445311579850239 4611048020489776090 4611048020489776090 4619445311579850239 4614415183431314038 13835247683848073774 4611048020489776090 4619445311579850239 4614415183431314038 13835247683848073774 4611048020489776090 4614415183431314038 4619445311579850239 4611048020489776090 1 1 1 1 1
1 4613132673706891109 4615123084598203774 4609469508820382731 4612224522842031849 13834379939279071282 13834286462565205580 4614438906750012903 0 4613132673706891109 4612224522842031849 13834379939279071282 13834286462565205580 4616440162309228276 4612224522842031849 13834379939279071282 13834286462565205580 4616440162309228276 4612224522842031849 4612224522842031849 4616440162309228276 13834286462565205580 13834379939279071282 4612224522842031849 4616440162309228276 13834286462565205580 13834379939279071282 4612224522842031849 13834286462565205580 4616440162309228276 4612224522842031849 1 1 1 1 1
0 13826541424127632933 4615295032031976779 4612526309053061946 13832020467405494860 4614081131788415336 4604146668391996523 4608353714991103927 0 4615295032031976779 13832020467405494860 4614081131788415336 13839865513284642128 13836572986148516318 13832020467405494860 4614081131788415336 13839865513284642128 13836572986148516318 13832020467405494860 13832020467405494860 13836572986148516318 13839865513284642128 4614081131788415336 13832020467405494860 13836572986148516318 13839865513284642128 4614081131788415336 13832020467405494860 13839865513284642128 13836572986148516318 13832020467405494860 1 1 1 1 1
1 13826250563649298837 13832249484453745904 13829167166825578008 4611240702496233509 13839234522439801270 4594387007711514469 4613104796425197686 0 13826250563649298837 4611240702496233509 13839234522439801270 4594387007711514469 4615356596238882934 4611240702496233509 13839234522439801270 4594387007711514469 4615356596238882934 4611240702496233509 4611240702496233509 4615356596238882934 4594387007711514469 13839234522439801270 4611240702496233509 4615356596238882934 4594387007711514469 13839234522439801270 4611240702496233509 4594387007711514469 4615356596238882934 4611240702496233509 1 1 1 1 1
0 13835469369036131459 4597890447933638525 13824143347398050692 4611856641802870463 13835731181296869016 4614598577371201696 13828156270838819917 0 4597890447933638525 4611856641802870463 13835731181296869016 4615674515961327143 4604877158721751503 4611856641802870463 13835731181296869016 4615674515961327143 4604877158721751503 4611856641802870463 4611856641802870463 4604877158721751503 4615674515961327143 13835731181296869016 4611856641802870463 4604877158721751503 4615674515961327143 13835731181296869016 4611856641802870463 4615674515961327143 4604877158721751503 4611856641802870463 1 1 1 1 1
1 4612419609770690284 4608606330901402392 13834301792818337149 13819039652127532332 4600099229363683130 4598750022972916967 13835677651511698090 0 4612419609770690284 13819039652127532332 4600099229363683130 4598750022972916967 13831793648113861972 13819039652127532332 4600099229363683130 4598750022972916967 13831793648113861972 13819039652127532332 13819039652127532332 13831793648113861972 4598750022972916967 4600099229363683130 13819039652127532332 13831793648113861972 4598750022972916967 4600099229363683130 13819039652127532332 4598750022972916967 13831793648113861972 13819039652127532332 1 1 1 1 1
0 13838235227725683285 4613568739244410885 13836665074737198326 13831722941599712255 13826732340723036423 4611959927356724578 13837459797941842633 0 4613568739244410885 13831722941599712255 13826732340723036423 4622155658478313236 4618902573759461906 13831722941599712255 13826732340723036423 4622155658478313236 4618902573759461906 13831722941599712255 13831722941599712255 4618902573759461906 4622155658478313236 13826732340723036423 13831722941599712255 4618902573759461906 4622155658478313236 13826732340723036423 13831722941599712255 4622155658478313236 4618902573759461906 13831722941599712255 1 1 1 1 1
1 13838813021543476410 13824465949246558495 13837110714927525891 13835677705554893619 4607653387234649305 13837735616397421312 4602372358225203604 0 13838813021543476410 13835677705554893619 4607653387234649305 13837735616397421312 4609357603376841829 13835677705554893619 4607653387234649305 13837735616397421312 4609357603376841829 13835677705554893619 13835677705554893619 4609357603376841829 13837735616397421312 4607653387234649305 13835677705554893619 4609357603376841829 13837735616397421312 4607653387234649305 13835677705554893619 13837735616397421312 4609357603376841829 13835677705554893619 1 1 1 1 1
0 13813333267140480743 4608513664835469617 4612865340033010397 13835898877332593784 13835633092896984886 4615773836729960301 13825342457820435850 0 4608513664835469617 13835898877332593784 13835633092896984886 4611883581634072484 13831402466853766388 13835898877332593784 13835633092896984886 4611883581634072484 13831402466853766388 13835898877332593784 13835898877332593784 13831402466853766388 4611883581634072484 13835633092896984886 13835898877332593784 13831402466853766388 4611883581634072484 13835633092896984886 13835898877332593784 4611883581634072484 13831402466853766388 13835898877332593784 1 1 1 1 1
1 4609050998314210446 13838522908662680458 13826063033760815130 4594850770386742573 13838784423685842608 4595015926392277504 13834664891034694268 0 4609050998314210446 4594850770386742573 13838784423685842608 4595015926392277504 13829768127159854328 4594850770386742573 13838784423685842608 4595015926392277504 13829768127159854328 4594850770386742573 4594850770386742573 13829768127159854328 4595015926392277504 13838784423685842608 4594850770386742573 13829768127159854328 4595015926392277504 13838784423685842608 4594850770386742573 4595015926392277504 13829768127159854328 4594850770386742573 1 1 1 1 1
0 13838832648230652491 13836428203411197147 4612807261612215827 4614462703770443929 13817486090400074606 4612127479277261269 13831344567173419096 0 13836428203411197147 4614462703770443929 13817486090400074606 4605943182140748408 13832847107202800326 4614462703770443929 13817486090400074606 4605943182140748408 13832847107202800326 4614462703770443929 4614462703770443929 13832847107202800326 4605943182140748408 13817486090400074606 4614462703770443929 13832847107202800326 4605943182140748408 13817486090400074606 4614462703770443929 4605943182140748408 13832847107202800326 4614462703770443929 1 1 1 1 1
1 4610100535185771376 13826989730448939902 13836943469251763861 4606182439538756063 4612112779528077532 4615608725760421644 13838633183803156252 0 4610100535185771376 4606182439538756063 4612112779528077532 4615608725760421644 13836381383989471004 4606182439538756063 4612112779528077532 4615608725760421644 13836381383989471004 4606182439538756063 4606182439538756063 13836381383989471004 4615608725760421644 4612112779528077532 4606182439538756063 13836381383989471004 4615608725760421644 4612112779528077532 4606182439538756063 4615608725760421644 13836381383989471004 4606182439538756063 1 1 1 1 1
0 4607483349327118305 4613453753338724862 4615806704000040851 13833977677760354549 4602527930570731491 4608297041693393096 4615983551350208436 0 4613453753338724862 13833977677760354549 4602527930570731491 13835154519555471464 4609966333578296784 13833977677760354549 4602527930570731491 13835154519555471464 4609966333578296784 13833977677760354549 13833977677760354549 4609966333578296784 13835154519555471464 4602527930570731491 13833977677760354549 4609966333578296784 13835154519555471464 4602527930570731491 13833977677760354549 13835154519555471464 4609966333578296784 13833977677760354549 1 1 1 1 1
1 4615113122635828030 4613936881492350659 4615366432100469111 13835735774968488934 4611417838076777246 4603669755205856497 4598853065332391204 0 4615113122635828030 13835735774968488934 4611417838076777246 4603669755205856497 4608477780153638729 13835735774968488934 4611417838076777246 4603669755205856497 4608477780153638729 13835735774968488934 13835735774968488934 4608477780153638729 4603669755205856497 4611417838076777246 13835735774968488934 4608477780153638729 4603669755205856497 4611417838076777246 13835735774968488934 4603669755205856497 4608477780153638729 13835735774968488934 1 1 1 1 1
0 13837615595467351888 13835828377984026926 4600391927310665193 13837951563999553727 4613120486966299445 4604177581099838794 4613763303755512545 0 13835828377984026926 13837951563999553727 4613120486966299445 4602844130986660106 4615681741040903121 13837951563999553727 4613120486966299445 4602844130986660106 4615681741040903121 13837951563999553727 13837951563999553727 4615681741040903121 4602844130986660106 4613120486966299445 13837951563999553727 4615681741040903121 4602844130986660106 4613120486966299445 13837951563999553727 4602844130986660106 4615681741040903121 13837951563999553727 1 1 1 1 1
1 13836076895618664485 4614731028236242663 13832977770556687242 13836475716387265906 4614320687259794427 13838883475856046994 13835949605878796485 0 13836076895618664485 13836475716387265906 4614320687259794427 13838883475856046994 13832337556848058762 13836475716387265906 4614320687259794427 13838883475856046994 13832337556848058762 13836475716387265906 13836475716387265906 13832337556848058762 13838883475856046994 4614320687259794427 13836475716387265906 13832337556848058762 13838883475856046994 4614320687259794427 13836475716387265906 13838883475856046994 13832337556848058762 13836475716387265906 1 1 1 1 1
0 13837248119752156965 13835773524140565553 4614991876726659962 4612863079225997457 4608847867956617527 13833594673633644453 13836153015459566301 0 13835773524140565553 4612863079225997457 4608847867956617527 13836883384028992948 13836458235216969918 4612863079225997457 4608847867956617527 13836883384028992948 13836458235216969918 4612863079225997457 4612863079225997457 13836458235216969918 13836883384028992948 4608847867956617527 4612863079225997457 13836458235216969918 13836883384028992948 4608847867956617527 4612863079225997457 13836883384028992948 13836458235216969918 4612863079225997457 1 1 1 1 1
1 13835412425522442987 13831098400417787025 4612029634071757018 4613385938135535917 13829789348121298497 4611975464775439006 13837887540827251028 0 13835412425522442987 4613385938135535917 13829789348121298497 4611975464775439006 13835635741013565780 4613385938135535917 13829789348121298497 4611975464775439006 13835635741013565780 4613385938135535917 4613385938135535917 13835635741013565780 4611975464775439006 13829789348121298497 4613385938135535917 13835635741013565780 4611975464775439006 13829789348121298497 4613385938135535917 4611975464775439006 13835635741013565780 4613385938135535917 1 1 1 1 1
0 13831831190120355733 13837737408830073005 4613058751622607450 13832486409822942611 4613675006181218319 13836052369015093825 4615089091428216381 0 13837737408830073005 13832486409822942611 4613675006181218319 4586775113699089920 4619565885489912315 13832486409822942611 4613675006181218319 4586775113699089920 4619565885489912315 13832486409822942611 13832486409822942611 4619565885489912315 4586775113699089920 4613675006181218319 13832486409822942611 4619565885489912315 4586775113699089920 4613675006181218319 13832486409822942611 4586775113699089920 4619565885489912315 13832486409822942611 1 1 1 1 1
1 4607290667320660885 4613678870269698603 13823021843004444381 4610359798409119840 13838312059135326226 4612870330021397523 13817773888430662090 0 4607290667320660885 4610359798409119840 13838312059135326226 4612870330021397523 4605873960978679694 4610359798409119840 13838312059135326226 4612870330021397523 4605873960978679694 4610359798409119840 4610359798409119840 4605873960978679694 4612870330021397523 13838312059135326226 4610359798409119840 4605873960978679694 4612870330021397523 13838312059135326226 4610359798409119840 4612870330021397523 4605873960978679694 4610359798409119840 1 1 1 1 1
0 4612715307115024176 13820542052963223129 4614779171716259253 13798761204013378652 4613845773671888954 4615429833776023233 4605552656166864573 0 13820542052963223129 13798761204013378652 4613845773671888954 4620795620552032792 4618822395418474920 13798761204013378652 4613845773671888954 4620795620552032792 4618822395418474920 13798761204013378652 13798761204013378652 4618822395418474920 4620795620552032792 4613845773671888954 13798761204013378652 4618822395418474920 4620795620552032792 4613845773671888954 13798761204013378652 4620795620552032792 4618822395418474920 13798761204013378652 1 1 1 1 1
1 4614120853537128744 4611502451706576283 4613671511387907480 4612545710560256658 13839515727200534284 4611363290478090534 4608606348915800902 0 4614120853537128744 4612545710560256658 13839515727200534284 4611363290478090534 4612397983485279651 4612545710560256658 13839515727200534284 4611363290478090534 4612397983485279651 4612545710560256658 4612545710560256658 4612397983485279651 4611363290478090534 13839515727200534284 4612545710560256658 4612397983485279651 4611363290478090534 13839515727200534284 4612545710560256658 4611363290478090534 4612397983485279651 4612545710560256658 1 1 1 1 1
0 4597877045221147470 13830081829895498447 4591771893508689988 4611829467082718909 4612263190748432452 13837241814712678647 13837980125828390511 0 13830081829895498447 4611829467082718909 4612263190748432452 13837109743208046048 13835596254510072664 4611829467082718909 4612263190748432452 13837109743208046048 13835596254510072664 4611829467082718909 4611829467082718909 13835596254510072664 13837109743208046048 4612263190748432452 4611829467082718909 13835596254510072664 13837109743208046048 4612263190748432452 4611829467082718909 13837109743208046048 13835596254510072664 4611829467082718909 1 1 1 1 1
1 13836290438298595884 4613625394527723206 13828422451591196023 13837586484199360565 4612630432276446752 13835267625787223771 4607641353616444971 0 13836290438298595884 13837586484199360565 4612630432276446752 13835267625787223771 4611915485835601686 13837586484199360565 4612630432276446752 13835267625787223771 4611915485835601686 13837586484199360565 13837586484199360565 4611915485835601686 13835267625787223771 4612630432276446752 13837586484199360565 4611915485835601686 13835267625787223771 4612630432276446752 13837586484199360565 13835267625787223771 4611915485835601686 13837586484199360565 1 1 1 1 1
0 4615750724256672636 4611599261084166239 13838397042060294707 4595797030711648642 4615311650314601777 4615346436118123586 13831632599391187203 0 4611599261084166239 4595797030711648642 4615311650314601777 4601753080205175032 13838247362305187748 4595797030711648642 4615311650314601777 4601753080205175032 13838247362305187748 4595797030711648642 4595797030711648642 13838247362305187748 4601753080205175032 4615311650314601777 4595797030711648642 13838247362305187748 4601753080205175032 4615311650314601777 4595797030711648642 4601753080205175032 13838247362305187748 4595797030711648642 1 1 1 1 1
1 13827279834322536600 4615005126316763686 4616074515055482065 13826028229942894811 4615070401489762794 4613984187302836559 4612864160089908026 0 13827279834322536600 13826028229942894811 4615070401489762794 4613984187302836559 4615115959903593274 13826028229942894811 4615070401489762794 4613984187302836559 4615115959903593274 13826028229942894811 13826028229942894811 4615115959903593274 4613984187302836559 4615070401489762794 13826028229942894811 4615115959903593274 4613984187302836559 4615070401489762794 13826028229942894811 4613984187302836559 4615115959903593274 13826028229942894811 1 1 1 1 1
0 13822861442800115954 13826078634229924341 13834391972897275616 13836425501251420725 13836063546949368958 13834702721271564180 13837512210834305971 0 13826078634229924341 13836425501251420725 13836063546949368958 13835256013792864031 13835636036536620808 13836425501251420725 13836063546949368958 13835256013792864031 13835636036536620808 13836425501251420725 13836425501251420725 13835636036536620808 13835256013792864031 13836063546949368958 13836425501251420725 13835636036536620808 13835256013792864031 13836063546949368958 13836425501251420725 13835256013792864031 13835636036536620808 13836425501251420725 1 1 1 1 1
1 4615643556599939727 4604816407699782044 4614940850942881854 13836935660010010000 13835632705587416933 4613266736860598674 4615929003751521724 0 4615643556599939727 13836935660010010000 13835632705587416933 4613266736860598674 4617185210809982686 13836935660010010000 13835632705587416933 4613266736860598674 4617185210809982686 13836935660010010000 13836935660010010000 4617185210809982686 4613266736860598674 13835632705587416933 13836935660010010000 4617185210809982686 4613266736860598674 13835632705587416933 13836935660010010000 4613266736860598674 4617185210809982686 13836935660010010000 1 1 1 1 1
0 4609116786897567074 13831562523380985318 13836865304776631218 4615232386961160056 13837655470338452627 4608578804900479904 13834666710488943725 0 13831562523380985318 4615232386961160056 13837655470338452627 13835976914860440273 13840272345025483116 4615232386961160056 13837655470338452627 13835976914860440273 13840272345025483116 4615232386961160056 4615232386961160056 13840272345025483116 13835976914860440273 13837655470338452627 4615232386961160056 13840272345025483116 13835976914860440273 13837655470338452627 4615232386961160056 13835976914860440273 13840272345025483116 4615232386961160056 1 1 1 1 1
1 4603890467616394670 13831706476439474589 13830953564653770789 13827749685864460909 4611730495977307815 4608598098321283559 4605762415823108981 0 4603890467616394670 13827749685864460909 4611730495977307815 4608598098321283559 4610976016938933690 13827749685864460909 4611730495977307815 4608598098321283559 4610976016938933690 13827749685864460909 13827749685864460909 4610976016938933690 4608598098321283559 4611730495977307815 13827749685864460909 4610976016938933690 4608598098321283559 4611730495977307815 13827749685864460909 4608598098321283559 4610976016938933690 13827749685864460909 1 1 1 1 1
0 4594960874390432527 13839541244596022965 4608310714621861793 13826353966296743264 4614115575318365465 4610628122874918574 13837617126691225194 0 13839541244596022965 13826353966296743264 4614115575318365465 4616596100974757620 4601948756084760896 13826353966296743264 4614115575318365465 4616596100974757620 4601948756084760896 13826353966296743264 13826353966296743264 4601948756084760896 4616596100974757620 4614115575318365465 13826353966296743264 4601948756084760896 4616596100974757620 4614115575318365465 13826353966296743264 4616596100974757620 4601948756084760896 13826353966296743264 1 1 1 1 1
1 13810566831990176613 13830671152928337640 4613726950699320411 13827742552162651154 13836052873418252090 13839513340292731777 13838698612098542690 0 13810566831990176613 13827742552162651154 13836052873418252090 13839513340292731777 13836446812284857442 13827742552162651154 13836052873418252090 13839513340292731777 13836446812284857442 13827742552162651154 13827742552162651154 13836446812284857442 13839513340292731777 13836052873418252090 13827742552162651154 13836446812284857442 13839513340292731777 13836052873418252090 13827742552162651154 13839513340292731777 13836446812284857442 13827742552162651154 1 1 1 1 1
0 13836458035255128850 13836644997690059508 13830340444600500570 4615388373637853660 4604522412716107298 13836618282337069947 13809928113476624420 0 13836644997690059508 4615388373637853660 4604522412716107298 13836709542440808300 4606417674910935611 4615388373637853660 4604522412716107298 13836709542440808300 4606417674910935611 4615388373637853660 4615388373637853660 4606417674910935611 13836709542440808300 4604522412716107298 4615388373637853660 4606417674910935611 13836709542440808300 4604522412716107298 4615388373637853660 13836709542440808300 4606417674910935611 4615388373637853660 1 1 1 1 1
1 13839056873448900013 4608567870160584648 13837829021053692976 13835211844202239160 13828562243323629603 13833925616148662146 13825083122539493348 0 13839056873448900013 13835211844202239160 13828562243323629603 13833925616148662146 4603162685916611598 13835211844202239160 13828562243323629603 13833925616148662146 4603162685916611598 13835211844202239160 13835211844202239160 4603162685916611598 13833925616148662146 13828562243323629603 13835211844202239160 4603162685916611598 13833925616148662146 13828562243323629603 13835211844202239160 13833925616148662146 4603162685916611598 13835211844202239160 1 1 1 1 1
0 13815018550149839801 13838080736244065968 13836483444564226474 13830725124066272048 4603868778280589254 4615436940456235224 4595136550804696995 0 13838080736244065968 13830725124066272048 4603868778280589254 13827013572739554384 13837550723425066226 13830725124066272048 4603868778280589254 13827013572739554384 13837550723425066226 13830725124066272048 13830725124066272048 13837550723425066226 13827013572739554384 4603868778280589254 13830725124066272048 13837550723425066226 13827013572739554384 4603868778280589254 13830725124066272048 13827013572739554384 13837550723425066226 13830725124066272048 1 1 1 1 1
1 13827389578038256364 13824666125242795859 4612210192388017556 13836316207895663698 4614108756868529627 13837187447257977030 13833072382177659041 0 13827389578038256364 13836316207895663698 4614108756868529627 13837187447257977030 13826583109445783874 13836316207895663698 4614108756868529627 13837187447257977030 13826583109445783874 13836316207895663698 13836316207895663698 13826583109445783874 13837187447257977030 4614108756868529627 13836316207895663698 13826583109445783874 13837187447257977030 4614108756868529627 13836316207895663698 13837187447257977030 13826583109445783874 13836316207895663698 1 1 1 1 1
0 13828840962097368309 4614495075644565468 4615518833911859329 4599647788537035511 13837740246097838249 4608000182420355343 4611792987925737208 0 4614495075644565468 4599647788537035511 13837740246097838249 13842183415345913872 13840082571688138456 4599647788537035511 13837740246097838249 13842183415345913872 13840082571688138456 4599647788537035511 4599647788537035511 13840082571688138456 13842183415345913872 13837740246097838249 4599647788537035511 13840082571688138456 13842183415345913872 13837740246097838249 4599647788537035511 13842183415345913872 13840082571688138456 4599647788537035511 1 1 1 1 1
1 4598801039749495820 13832166384033421664 4615754210042784220 13827803873175177431 4610816967814493474 13823655085140849692 4611173490775394632 0 4598801039749495820 13827803873175177431 4610816967814493474 13823655085140849692 4613681554415076516 13827803873175177431 4610816967814493474 13823655085140849692 4613681554415076516 13827803873175177431 13827803873175177431 4613681554415076516 13823655085140849692 4610816967814493474 13827803873175177431 4613681554415076516 13823655085140849692 4610816967814493474 13827803873175177431 13823655085140849692 4613681554415076516 13827803873175177431 1 1 1 1 1
0 13831646020118076767 13831616674662904821 4615418196474586108 4614753221975206345 13828576078381684886 4615953656455881950 4615616417908585193 0 13831616674662904821 4614753221975206345 13828576078381684886 4615926824292218205 4617015501806682548 4614753221975206345 13828576078381684886 4615926824292218205 4617015501806682548 4614753221975206345 4614753221975206345 4617015501806682548 4615926824292218205 13828576078381684886 4614753221975206345 4617015501806682548 4615926824292218205 13828576078381684886 4614753221975206345 4615926824292218205 4617015501806682548 4614753221975206345 1 1 1 1 1
1 13838314527107922025 4614254592431663138 13832390158891706449 4615094396668577424 13836094729873188872 13838781577410878110 4603614631146417482 0 13838314527107922025 4615094396668577424 13836094729873188872 13838781577410878110 4609902124600587941 4615094396668577424 13836094729873188872 13838781577410878110 4609902124600587941 4615094396668577424 4615094396668577424 4609902124600587941 13838781577410878110 13836094729873188872 4615094396668577424 4609902124600587941 13838781577410878110 13836094729873188872 4615094396668577424 13838781577410878110 4609902124600587941 4615094396668577424 1 1 1 1 1
0 13831069757524156948 4613040025655356844 4615304012209633756 13833094846132600365 4609782797224861132 13836294482531061263 13836604366214221372 0 4613040025655356844 13833094846132600365 4609782797224861132 13844768857511598677 13844283378478967392 13833094846132600365 4609782797224861132 13844768857511598677 13844283378478967392 13833094846132600365 13833094846132600365 13844283378478967392 13844768857511598677 4609782797224861132 13833094846132600365 13844283378478967392 13844768857511598677 4609782797224861132 13833094846132600365 13844768857511598677 13844283378478967392 13833094846132600365 1 1 1 1 1
1 13839466737043787747 4613874749831891456 4612877265564823674 13838651837712812820 13831713429997299249 4608056855718066173 4610535564895376856 0 13839466737043787747 13838651837712812820 13831713429997299249 4608056855718066173 4613362591475067628 13838651837712812820 13831713429997299249 4608056855718066173 4613362591475067628 13838651837712812820 13838651837712812820 4613362591475067628 4608056855718066173 13831713429997299249 13838651837712812820 4613362591475067628 4608056855718066173 13831713429997299249 13838651837712812820 4608056855718066173 4613362591475067628 13838651837712812820 1 1 1 1 1
0 4608214517733821159 4614657178209553041 13818912398416461351 13827897367903441642 4608510386214940891 13837185465674140987 13817300614153020979 0 4614657178209553041 13827897367903441642 4608510386214940891 13836769214783797554 4607419850954740555 13827897367903441642 4608510386214940891 13836769214783797554 4607419850954740555 13827897367903441642 13827897367903441642 4607419850954740555 13836769214783797554 4608510386214940891 13827897367903441642 4607419850954740555 13836769214783797554 4608510386214940891 13827897367903441642 13836769214783797554 4607419850954740555 13827897367903441642 1 1 1 1 1
1 13822404741769103566 4603214315182739773 13830609075311073965 13838722165924593838 4610997508116355503 4615727476675396149 13838517684487112708 0 13822404741769103566 13838722165924593838 4610997508116355503 4615727476675396149 13836265884673427460 13838722165924593838 4610997508116355503 4615727476675396149 13836265884673427460 13838722165924593838 13838722165924593838 13836265884673427460 4615727476675396149 4610997508116355503 13838722165924593838 13836265884673427460 4615727476675396149 4610997508116355503 13838722165924593838 4615727476675396149 13836265884673427460 13838722165924593838 1 1 1 1 1
0 4601073664207858029 4607852968755735856 4609149284872478179 13838778424891138950 13835863037686759169 4610781875766197003 4607069612636551032 0 4607852968755735856 13838778424891138950 13835863037686759169 4608394286863890665 4609242026443348378 13838778424891138950 13835863037686759169 4608394286863890665 4609242026443348378 13838778424891138950 13838778424891138950 4609242026443348378 4608394286863890665 13835863037686759169 13838778424891138950 4609242026443348378 4608394286863890665 13835863037686759169 13838778424891138950 4608394286863890665 4609242026443348378 13838778424891138950 1 1 1 1 1
1 4604175959803972941 13827021832107083799 13839124976882465110 4602904611643564759 13830235312570799233 4613320383739359912 13831850195310783236 0 4604175959803972941 4602904611643564759 13830235312570799233 4613320383739359912 13822226615396641808 4602904611643564759 13830235312570799233 4613320383739359912 13822226615396641808 4602904611643564759 4602904611643564759 13822226615396641808 4613320383739359912 13830235312570799233 4602904611643564759 13822226615396641808 4613320383739359912 13830235312570799233 4602904611643564759 4613320383739359912 13822226615396641808 4602904611643564759 1 1 1 1 1
0 4609886614203471277 4615441651221445453 13837620531412543486 13832875574873942951 4605970590212284555 4612741373949667397 4597157622202272798 0 4615441651221445453 13832875574873942951 4605970590212284555 4618117568993303094 4616713666385062517 13832875574873942951 4605970590212284555 4618117568993303094 4616713666385062517 13832875574873942951 13832875574873942951 4616713666385062517 4618117568993303094 4605970590212284555 13832875574873942951 4616713666385062517 4618117568993303094 4605970590212284555 13832875574873942951 4618117568993303094 4616713666385062517 13832875574873942951 1 1 1 1 1
1 4607361265748419545 13838822974498652899 13837302910545223555 13830662596089045636 13838744503778745596 13836054215490941047 4609428147761404961 0 4607361265748419545 13830662596089045636 13838744503778745596 13836054215490941047 4612808882908081680 13830662596089045636 13838744503778745596 13836054215490941047 4612808882908081680 13830662596089045636 13830662596089045636 4612808882908081680 13836054215490941047 13838744503778745596 13830662596089045636 4612808882908081680 13836054215490941047 13838744503778745596 13830662596089045636 13836054215490941047 4612808882908081680 13830662596089045636 1 1 1 1 1
0 13839036210933809637 13836399839740743968 13825502858024764278 4607564360077215445 4614691054285950122 4616052168194131052 4605827375744134173 0 13836399839740743968 4607564360077215445 4614691054285950122 4616430389920654670 4611966251255836984 4607564360077215445 4614691054285950122 4616430389920654670 4611966251255836984 4607564360077215445 4607564360077215445 4611966251255836984 4616430389920654670 4614691054285950122 4607564360077215445 4611966251255836984 4616430389920654670 4614691054285950122 4607564360077215445 4616430389920654670 4611966251255836984 4607564360077215445 1 1 1 1 1
1 4602705048136876718 4601877466669351115 13829790681186788199 4612274746985076285 13836344607594913896 4604758509422972569 13829729828548623169 0 4602705048136876718 4612274746985076285 13836344607594913896 4604758509422972569 4591261437512525304 4612274746985076285 13836344607594913896 4604758509422972569 4591261437512525304 4612274746985076285 4612274746985076285 4591261437512525304 4604758509422972569 13836344607594913896 4612274746985076285 4591261437512525304 4604758509422972569 13836344607594913896 4612274746985076285 4604758509422972569 4591261437512525304 4612274746985076285 1 1 1 1 1
0 4608150494561518460 13835159368259381039 13835980050212277509 4590695064823387193 4608510566358925986 4608521807343595903 4614819190702548068 0 13835159368259381039 4590695064823387193 4608510566358925986 13836476539632559624 4602031569141705960 4590695064823387193 4608510566358925986 13836476539632559624 4602031569141705960 4590695064823387193 4590695064823387193 4602031569141705960 13836476539632559624 4608510566358925986 4590695064823387193 4602031569141705960 13836476539632559624 4608510566358925986 4590695064823387193 13836476539632559624 4602031569141705960 4590695064823387193 1 1 1 1 1
1 13834699604780622039 4603966560435698722 4612491343105555041 4607021009789372449 13835055317093590271 4614504911506151645 4606891198033713122 0 13834699604780622039 4607021009789372449 13835055317093590271 4614504911506151645 4611540408044235761 4607021009789372449 13835055317093590271 4614504911506151645 4611540408044235761 4607021009789372449 4607021009789372449 4611540408044235761 4614504911506151645 13835055317093590271 4607021009789372449 4611540408044235761 4614504911506151645 13835055317093590271 4607021009789372449 4614504911506151645 4611540408044235761 4607021009789372449 1 1 1 1 1
0 4613810915810773106 13833539585603002457 13838086095527622539 4615205005075425643 4595130353851609733 4607254278235671732 4612611192898838625 0 13833539585603002457 4615205005075425643 4595130353851609733 13842587770095115339 13839891347904618312 4615205005075425643 4595130353851609733 13842587770095115339 13839891347904618312 4615205005075425643 4615205005075425643 13839891347904618312 13842587770095115339 4595130353851609733 4615205005075425643 13839891347904618312 13842587770095115339 4595130353851609733 4615205005075425643 13842587770095115339 13839891347904618312 4615205005075425643 1 1 1 1 1
1 13837054834263349478 4612278521001564021 4614607485491264635 4613586384347750923 13827039990620781357 4614579995519139166 4613848052493300403 0 13837054834263349478 4613586384347750923 13827039990620781357 4614579995519139166 4616099852306985651 4613586384347750923 13827039990620781357 4614579995519139166 4616099852306985651 4613586384347750923 4613586384347750923 4616099852306985651 4614579995519139166 13827039990620781357 4613586384347750923 4616099852306985651 4614579995519139166 13827039990620781357 4613586384347750923 4614579995519139166 4616099852306985651 4613586384347750923 1 1 1 1 1
0 4611422647921179277 13817976370269908667 4615564185160106950 13835956847666997297 4616068345123992567 4607199694608188001 13839026339043426441 0 13817976370269908667 13835956847666997297 4616068345123992567 4617200756032768735 4607776727008733194 13835956847666997297 4616068345123992567 4617200756032768735 4607776727008733194 13835956847666997297 13835956847666997297 4607776727008733194 4617200756032768735 4616068345123992567 13835956847666997297 4607776727008733194 4617200756032768735 4616068345123992567 13835956847666997297 4617200756032768735 4607776727008733194 13835956847666997297 1 1 1 1 1
1 13834889602641701546 4606694660945974674 4612284600861060971 4615904837435921254 4614464640318283698 13824240048689249591 13824808727221396918 0 13834889602641701546 4615904837435921254 4614464640318283698 13824240048689249591 4603299883575659813 4615904837435921254 4614464640318283698 13824240048689249591 4603299883575659813 4615904837435921254 4615904837435921254 4603299883575659813 13824240048689249591 4614464640318283698 4615904837435921254 4603299883575659813 13824240048689249591 4614464640318283698 4615904837435921254 13824240048689249591 4603299883575659813 4615904837435921254 1 1 1 1 1
0 4586370456259606910 4613961245966334733 4615628424505191762 4596028479703698467 4615027157926140782 13838525917067231541 13833312766311369569 0 4613961245966334733 4596028479703698467 4615027157926140782 13844687266245775682 13842013124912571586 4596028479703698467 4615027157926140782 13844687266245775682 13842013124912571586 4596028479703698467 4596028479703698467 13842013124912571586 13844687266245775682 4615027157926140782 4596028479703698467 13842013124912571586 13844687266245775682 4615027157926140782 4596028479703698467 13844687266245775682 13842013124912571586 4596028479703698467 1 1 1 1 1
1 4613614865111794414 4615469483467142603 13835445490950907141 13838883791108020910 13839338330411212160 13837072587453080573 4611354733638798530 0 4613614865111794414 13838883791108020910 13839338330411212160 13837072587453080573 4613772175846778465 13838883791108020910 13839338330411212160 13837072587453080573 4613772175846778465 13838883791108020910 13838883791108020910 4613772175846778465 13837072587453080573 13839338330411212160 13838883791108020910 4613772175846778465 13837072587453080573 13839338330411212160 13838883791108020910 13837072587453080573 4613772175846778465 13838883791108020910 1 1 1 1 1
0 13829452478869171184 4610217250473714309 13831138770684846774 4611965241604284875 13839163824932850808 4613801836553924327 4609743219591335800 0 4610217250473714309 4611965241604284875 13839163824932850808 4616618469349137520 4616200760483698906 4611965241604284875 13839163824932850808 4616618469349137520 4616200760483698906 4611965241604284875 4611965241604284875 4616200760483698906 4616618469349137520 13839163824932850808 4611965241604284875 4616200760483698906 4616618469349137520 13839163824932850808 4611965241604284875 4616618469349137520 4616200760483698906 4611965241604284875 1 1 1 1 1
1 13838698026630591132 4603335732228693682 13835919665948473726 4614824730130089733 13796782790711473303 4611567934045158250 13828165926556421000 0 13838698026630591132 4614824730130089733 13796782790711473303 4611567934045158250 4598448678114650352 4614824730130089733 13796782790711473303 4611567934045158250 4598448678114650352 4614824730130089733 4614824730130089733 4598448678114650352 4611567934045158250 13796782790711473303 4614824730130089733 4598448678114650352 4611567934045158250 13796782790711473303 4614824730130089733 4611567934045158250 4598448678114650352 4614824730130089733 1 1 1 1 1
0 13834195561910326734 4611816433665397299 4613399169711241131 13834670799757405378 13838717103878612674 13838430089474360352 13830462257963221687 0 4611816433665397299 13834670799757405378 13838717103878612674 13844535122188195873 13841055648218257033 13834670799757405378 13838717103878612674 13844535122188195873 13841055648218257033 13834670799757405378 13834670799757405378 13841055648218257033 13844535122188195873 13838717103878612674 13834670799757405378 13841055648218257033 13844535122188195873 13838717103878612674 13834670799757405378 13844535122188195873 13841055648218257033 13834670799757405378 1 1 1 1 1
1 13834920803579919969 4608398913116964217 4616021786911044811 13835690820037008521 13828018640834207475 13838359337924214361 13837824886749235050 0 13834920803579919969 13835690820037008521 13828018640834207475 13838359337924214361 13835573086935549802 13835690820037008521 13828018640834207475 13838359337924214361 13835573086935549802 13835690820037008521 13835690820037008521 13835573086935549802 13838359337924214361 13828018640834207475 13835690820037008521 13835573086935549802 13838359337924214361 13828018640834207475 13835690820037008521 13838359337924214361 13835573086935549802 13835690820037008521 1 1 1 1 1
0 13832804508071823044 13835869703014207678 4608168581017621980 4613756503320075216 13835794582972423138 13835352311474616845 4606768267778284417 0 13835869703014207678 4613756503320075216 13835794582972423138 13833283686332803188 4612763921339088051 4613756503320075216 13835794582972423138 13833283686332803188 4612763921339088051 4613756503320075216 4613756503320075216 4612763921339088051 13833283686332803188 13835794582972423138 4613756503320075216 4612763921339088051 13833283686332803188 13835794582972423138 4613756503320075216 13833283686332803188 4612763921339088051 4613756503320075216 1 1 1 1 1
1 4612649824776442209 4577439349824169970 13833118066692279088 13827857015650780403 4612106141222226788 4614592938864468229 13832382538801136938 0 4612649824776442209 13827857015650780403 4612106141222226788 4614592938864468229 13824355989358056616 13827857015650780403 4612106141222226788 4614592938864468229 13824355989358056616 13827857015650780403 13827857015650780403 13824355989358056616 4614592938864468229 4612106141222226788 13827857015650780403 13824355989358056616 4614592938864468229 4612106141222226788 13827857015650780403 4614592938864468229 13824355989358056616 13827857015650780403 1 1 1 1 1
0 4614240225948851826 4611202061611430670 4614888987489573055 4613781147017236187 13833133000628643448 13837483423825487819 4615651437899287626 0 4611202061611430670 4613781147017236187 13833133000628643448 13830123773263494912 4619438847361282602 4613781147017236187 13833133000628643448 13830123773263494912 4619438847361282602 4613781147017236187 4613781147017236187 4619438847361282602 13830123773263494912 13833133000628643448 4613781147017236187 4619438847361282602 13830123773263494912 13833133000628643448 4613781147017236187 13830123773263494912 4619438847361282602 4613781147017236187 1 1 1 1 1
1 13821658080979682557 4612066761747085060 4612448351743512163 4611773469324952184 4610987005722024475 4613652407118288174 13829878627480311490 0 13821658080979682557 4611773469324952184 4610987005722024475 4613652407118288174 4590071046059018736 4611773469324952184 4610987005722024475 4613652407118288174 4590071046059018736 4611773469324952184 4611773469324952184 4590071046059018736 4613652407118288174 4610987005722024475 4611773469324952184 4590071046059018736 4613652407118288174 4610987005722024475 4611773469324952184 4613652407118288174 4590071046059018736 4611773469324952184 1 1 1 1 1
0 13835200657260764771 4604637416636191831 13838155514012278828 4606116759041790492 4597001689568774722 13838023684643986438 13823396614551035644 0 4604637416636191831 4606116759041790492 4597001689568774722 4608877201849355876 4617699068636857260 4606116759041790492 4597001689568774722 4608877201849355876 4617699068636857260 4606116759041790492 4606116759041790492 4617699068636857260 4608877201849355876 4597001689568774722 4606116759041790492 4617699068636857260 4608877201849355876 4597001689568774722 4606116759041790492 4608877201849355876 4617699068636857260 4606116759041790492 1 1 1 1 1
1 4603260756302097218 4615079471739412318 4612898315389482004 13829932958906216088 13831562109049819600 4613503157826637116 13819570860710779937 0 4603260756302097218 13829932958906216088 13831562109049819600 4613503157826637116 4605424717908650232 13829932958906216088 13831562109049819600 4613503157826637116 4605424717908650232 13829932958906216088 13829932958906216088 4605424717908650232 4613503157826637116 13831562109049819600 13829932958906216088 4605424717908650232 4613503157826637116 13831562109049819600 13829932958906216088 4613503157826637116 4605424717908650232 13829932958906216088 1 1 1 1 1
0 4610666475529345262 13827339714183182118 4609066364596139034 4608564195223288714 13832399832623706041 13830916022647277029 4592897433127562422 0 13827339714183182118 4608564195223288714 13832399832623706041 4603881718430884596 4613550708284544278 4608564195223288714 13832399832623706041 4603881718430884596 4613550708284544278 4608564195223288714 4608564195223288714 4613550708284544278 4603881718430884596 13832399832623706041 4608564195223288714 4613550708284544278 4603881718430884596 13832399832623706041 4608564195223288714 4603881718430884596 4613550708284544278 4608564195223288714 1 1 1 1 1
1 13837806331918770283 13832141109832312861 4613497312154320789 4613057859909881231 4602943738917127354 13833683610719085765 4609136981038296203 0 13837806331918770283 4613057859909881231 4602943738917127354 13833683610719085765 4612663299546527302 4613057859909881231 4602943738917127354 13833683610719085765 4612663299546527302 4613057859909881231 4613057859909881231 4612663299546527302 13833683610719085765 4602943738917127354 4613057859909881231 4612663299546527302 13833683610719085765 4602943738917127354 4613057859909881231 13833683610719085765 4612663299546527302 4613057859909881231 1 1 1 1 1
0 13836972688606146240 4601543263548203206 4594385134214069482 4612671667234634956 13837025200577801380 4615030067251500064 4605059962367630241 0 4601543263548203206 4612671667234634956 13837025200577801380 4614494134006591104 4609552923721376402 4612671667234634956 13837025200577801380 4614494134006591104 4609552923721376402 4612671667234634956 4612671667234634956 4609552923721376402 4614494134006591104 13837025200577801380 4612671667234634956 4609552923721376402 4614494134006591104 13837025200577801380 4612671667234634956 4614494134006591104 4609552923721376402 4612671667234634956 1 1 1 1 1
1 13834753143572992220 13833454233382864531 13834089799376677565 4602014736385993368 4590080845891807895 4613449772156654266 4615801389752480554 0 13834753143572992220 4602014736385993368 4590080845891807895 4613449772156654266 4617121403810462101 4602014736385993368 4590080845891807895 4613449772156654266 4617121403810462101 4602014736385993368 4602014736385993368 4617121403810462101 4613449772156654266 4590080845891807895 4602014736385993368 4617121403810462101 4613449772156654266 4590080845891807895 4602014736385993368 4613449772156654266 4617121403810462101 4602014736385993368 1 1 1 1 1
0 13836688475440862143 13837169946269825068 13838690064266449941 4610626051219089984 4607344944703369954 4610615260594382804 13833280124221270388 0 13837169946269825068 4610626051219089984 4607344944703369954 4608875737303472810 13830477640114826556 4610626051219089984 4607344944703369954 4608875737303472810 13830477640114826556 4610626051219089984 4610626051219089984 13830477640114826556 4608875737303472810 4607344944703369954 4610626051219089984 13830477640114826556 4608875737303472810 4607344944703369954 4610626051219089984 4608875737303472810 13830477640114826556 4610626051219089984 1 1 1 1 1
1 13822239441648380560 4605195322558030488 4611015036126105229 13829155889812111073 4600595273841040226 13838300890208250347 13835518323164080977 0 13822239441648380560 13829155889812111073 4600595273841040226 13838300890208250347 13831474991418627746 13829155889812111073 4600595273841040226 13838300890208250347 13831474991418627746 13829155889812111073 13829155889812111073 13831474991418627746 13838300890208250347 4600595273841040226 13829155889812111073 13831474991418627746 13838300890208250347 4600595273841040226 13829155889812111073 13838300890208250347 13831474991418627746 13829155889812111073 1 1 1 1 1
0 4589403216277475221 13828923359956150679 13835504929458789177 4613257261286982687 13826514546645056786 13838767111848874996 13837600517415799452 0 13828923359956150679 4613257261286982687 13826514546645056786 13840259274719960585 13837538500283626170 4613257261286982687 13826514546645056786 13840259274719960585 13837538500283626170 4613257261286982687 4613257261286982687 13837538500283626170 13840259274719960585 13826514546645056786 4613257261286982687 13837538500283626170 13840259274719960585 13826514546645056786 4613257261286982687 13840259274719960585 13837538500283626170 4613257261286982687 1 1 1 1 1
1 4596622666624135221 4615278611907735387 4613076027430778043 13818096850567140083 13835607854724673102 13829106025957036827 13837265206409143209 0 4596622666624135221 13818096850567140083 13835607854724673102 13829106025957036827 13834968757908752210 13818096850567140083 13835607854724673102 13829106025957036827 13834968757908752210 13818096850567140083 13818096850567140083 13834968757908752210 13829106025957036827 13835607854724673102 13818096850567140083 13834968757908752210 13829106025957036827 13835607854724673102 13818096850567140083 13829106025957036827 13834968757908752210 13818096850567140083 1 1 1 1 1
0 4616120631915666339 4600371895299522649 13839278153312991235 4609360773910979498 4615238187597480109 13827837271870014010 13828483700546128262 0 4600371895299522649 4609360773910979498 4615238187597480109 13843690017046995273 13842644920724666931 4609360773910979498 4615238187597480109 13843690017046995273 13842644920724666931 4609360773910979498 4609360773910979498 13842644920724666931 13843690017046995273 4615238187597480109 4609360773910979498 13842644920724666931 13843690017046995273 4615238187597480109 4609360773910979498 13843690017046995273 13842644920724666931 4609360773910979498 1 1 1 1 1
1 13832363533610709435 13837164875216644649 13838038825745933658 13831387009096307435 13822962179316580977 4615124922066851741 4612085064375970694 0 13832363533610709435 13831387009096307435 13822962179316580977 4615124922066851741 4614336864189655942 13831387009096307435 13822962179316580977 4615124922066851741 4614336864189655942 13831387009096307435 13831387009096307435 4614336864189655942 4615124922066851741 13822962179316580977 13831387009096307435 4614336864189655942 4615124922066851741 13822962179316580977 13831387009096307435 4615124922066851741 4614336864189655942 13831387009096307435 1 1 1 1 1
0 4611829710277098787 13828699296867489742 4601574104198451439 4589416186644402048 13825056749460075466 4608976436718779700 4612621740329165927 0 13828699296867489742 4589416186644402048 13825056749460075466 4611742733754095580 4616237332189310676 4589416186644402048 13825056749460075466 4611742733754095580 4616237332189310676 4589416186644402048 4589416186644402048 4616237332189310676 4611742733754095580 13825056749460075466 4589416186644402048 4616237332189310676 4611742733754095580 13825056749460075466 4589416186644402048 4611742733754095580 4616237332189310676 4589416186644402048 1 1 1 1 1
1 4615487723045633453 4612948989892489176 4616063814502767433 4615323701947204620 4614867901636117707 13832162582995336163 4610641885875379819 0 4615487723045633453 4615323701947204620 4614867901636117707 13832162582995336163 4613415751965069110 4615323701947204620 4614867901636117707 13832162582995336163 4613415751965069110 4615323701947204620 4615323701947204620 4613415751965069110 13832162582995336163 4614867901636117707 4615323701947204620 4613415751965069110 13832162582995336163 4614867901636117707 4615323701947204620 13832162582995336163 4613415751965069110 4615323701947204620 1 1 1 1 1
0 4612403459862426533 13839353975916317645 13819307994607729575 4613149436104704182 13835838781299166152 13835372703773729579 13834517443182894158 0 13839353975916317645 4613149436104704182 13835838781299166152 13836689570975518714 13832647577959101932 4613149436104704182 13835838781299166152 13836689570975518714 13832647577959101932 4613149436104704182 4613149436104704182 13832647577959101932 13836689570975518714 13835838781299166152 4613149436104704182 13832647577959101932 13836689570975518714 13835838781299166152 4613149436104704182 13836689570975518714 13832647577959101932 4613149436104704182 1 1 1 1 1
1 4603766204295476264 4610752674426213133 13833910339938726105 4614610430845420936 4615188503886390958 4612250481590284012 13818935600961741564 0 4603766204295476264 4614610430845420936 4615188503886390958 4612250481590284012 4605583532845909825 4614610430845420936 4615188503886390958 4612250481590284012 4605583532845909825 4614610430845420936 4614610430845420936 4605583532845909825 4612250481590284012 4615188503886390958 4614610430845420936 4605583532845909825 4612250481590284012 4615188503886390958 4614610430845420936 4612250481590284012 4605583532845909825 4614610430845420936 1 1 1 1 1
0 13836907287332357566 13835279659405428105 4615884481165605539 4608859487243656143 13838218366248678410 13836667281501015738 13838635840926936400 0 13835279659405428105 4608859487243656143 13838218366248678410 13839686956980923844 13839529018664548895 4608859487243656143 13838218366248678410 13839686956980923844 13839529018664548895 4608859487243656143 4608859487243656143 13839529018664548895 13839686956980923844 13838218366248678410 4608859487243656143 13839529018664548895 13839686956980923844 13838218366248678410 4608859487243656143 13839686956980923844 13839529018664548895 4608859487243656143 1 1 1 1 1
1 4612038767371801325 4614744439955932972 4614613898617134011 4607289964759119015 13830022562524402251 13827368465163203251 4613247686634174897 0 4612038767371801325 4607289964759119015 13830022562524402251 13827368465163203251 4615499486447860145 4607289964759119015 13830022562524402251 13827368465163203251 4615499486447860145 4607289964759119015 4607289964759119015 4615499486447860145 13827368465163203251 13830022562524402251 4607289964759119015 4615499486447860145 13827368465163203251 13830022562524402251 4607289964759119015 13827368465163203251 4615499486447860145 4607289964759119015 1 1 1 1 1
0 13832898597275238069 13834394368812277377 4615766126567398243 13830628314688682092 13818203639921504292 13836349705669692080 13826010431717167442 0 13834394368812277377 13830628314688682092 13818203639921504292 13834790466363855786 4607791614757260642 13830628314688682092 13818203639921504292 13834790466363855786 4607791614757260642 13830628314688682092 13830628314688682092 4607791614757260642 13834790466363855786 13818203639921504292 13830628314688682092 4607791614757260642 13834790466363855786 13818203639921504292 13830628314688682092 13834790466363855786 4607791614757260642 13830628314688682092 1 1 1 1 1
1 4608702095443878799 4604386728266533880 4613537250075816311 4614346664022445100 4612372222895411092 4611184983961643682 4612407296929309053 0 4608702095443878799 4614346664022445100 4612372222895411092 4611184983961643682 4614659096742994301 4614346664022445100 4612372222895411092 4611184983961643682 4614659096742994301 4614346664022445100 4614346664022445100 4614659096742994301 4611184983961643682 4612372222895411092 4614346664022445100 4614659096742994301 4611184983961643682 4612372222895411092 4614346664022445100 4611184983961643682 4614659096742994301 4614346664022445100 1 1 1 1 1
0 4600808708434580568 4615454792725158120 13832686135459217238 4614956235239208952 13839030995765441142 4615791445804503320 13837688085406954044 0 4615454792725158120 4614956235239208952 13839030995765441142 4618708909701285313 4598046829967868640 4614956235239208952 13839030995765441142 4618708909701285313 4598046829967868640 4614956235239208952 4614956235239208952 4598046829967868640 4618708909701285313 13839030995765441142 4614956235239208952 4598046829967868640 4618708909701285313 13839030995765441142 4614956235239208952 4618708909701285313 4598046829967868640 4614956235239208952 1 1 1 1 1
1 4607105028944020673 13838227940901486200 13835870072309377122 13829030545627282097 13830634745828949977 4614909487875076846 4590729076007773095 0 4607105028944020673 13829030545627282097 13830634745828949977 4614909487875076846 4607561459759055418 13829030545627282097 13830634745828949977 4614909487875076846 4607561459759055418 13829030545627282097 13829030545627282097 4607561459759055418 4614909487875076846 13830634745828949977 13829030545627282097 4607561459759055418 4614909487875076846 13830634745828949977 13829030545627282097 4614909487875076846 4607561459759055418 13829030545627282097 1 1 1 1 1
0 13829148720081504299 4612333609032206017 13833898882781274075 4613269979452330381 13835114584464686466 4614434286056795221 13833952583703230841 0 4612333609032206017 4613269979452330381 13835114584464686466 4618383983648304385 4611568817494319585 4613269979452330381 13835114584464686466 4618383983648304385 4611568817494319585 4613269979452330381 4613269979452330381 4611568817494319585 4618383983648304385 13835114584464686466 4613269979452330381 4611568817494319585 4618383983648304385 13835114584464686466 4613269979452330381 4618383983648304385 4611568817494319585 4613269979452330381 1 1 1 1 1
1 4614518449326631521 4616167892690155965 13834646011945056331 4609433335908175691 13830682357884210538 4615938866634705666 13836376682231460029 0 4614518449326631521 4609433335908175691 13830682357884210538 4615938866634705666 13833191709553385850 4609433335908175691 13830682357884210538 4615938866634705666 13833191709553385850 4609433335908175691 4609433335908175691 13833191709553385850 4615938866634705666 13830682357884210538 4609433335908175691 13833191709553385850 4615938866634705666 13830682357884210538 4609433335908175691 4615938866634705666 13833191709553385850 4609433335908175691 1 1 1 1 1
0 4614103910995330576 13837014112715518794 4613929819848134942 13838671194184011259 4612904584400163303 4609088450248711659 4611529887635506224 0 13837014112715518794 13838671194184011259 4612904584400163303 4622002811680011342 4622870941306781975 13838671194184011259 4612904584400163303 4622002811680011342 4622870941306781975 13838671194184011259 13838671194184011259 4622870941306781975 4622002811680011342 4612904584400163303 13838671194184011259 4622870941306781975 4622002811680011342 4612904584400163303 13838671194184011259 4622002811680011342 4622870941306781975 13838671194184011259 1 1 1 1 1
1 13831233004003449874 13824374075814160137 4604819866464295865 13829567554846849755 4613672258985445623 4613210567966046110 4613700271375127868 0 13831233004003449874 13829567554846849755 4613672258985445623 4613210567966046110 4615952071188813116 13829567554846849755 4613672258985445623 4613210567966046110 4615952071188813116 13829567554846849755 13829567554846849755 4615952071188813116 4613210567966046110 4613672258985445623 13829567554846849755 4615952071188813116 4613210567966046110 4613672258985445623 13829567554846849755 4613210567966046110 4615952071188813116 13829567554846849755 1 1 1 1 1
0 13839256527027580602 4607765184591799150 13836822511572971944 13819473438843640658 4613163415277947540 4609952114556451754 4591478186755391394 0 4607765184591799150 13819473438843640658 4613163415277947540 4621011532399930139 4620718552977971365 13819473438843640658 4613163415277947540 4621011532399930139 4620718552977971365 13819473438843640658 13819473438843640658 4620718552977971365 4621011532399930139 4613163415277947540 13819473438843640658 4620718552977971365 4621011532399930139 4613163415277947540 13819473438843640658 4621011532399930139 4620718552977971365 13819473438843640658 1 1 1 1 1
1 4606253272153695346 4599812728369788328 13831356492705232373 4612697229666119911 4606645805897216959 4599801559442712450 13830741571212111205 0 4606253272153695346 4612697229666119911 4606645805897216959 4599801559442712450 13809520555724745888 4612697229666119911 4606645805897216959 4599801559442712450 13809520555724745888 4612697229666119911 4612697229666119911 13809520555724745888 4599801559442712450 4606645805897216959 4612697229666119911 13809520555724745888 4599801559442712450 4606645805897216959 4612697229666119911 4599801559442712450 13809520555724745888 4612697229666119911 1 1 1 1 1
0 4605261867746124515 13835212690878969105 4612095269532726316 13829962934865335866 13838905462429427817 4610069676521124633 13835032456821881738 0 13835212690878969105 13829962934865335866 13838905462429427817 4617040830214260381 4611957613115979239 13829962934865335866 13838905462429427817 4617040830214260381 4611957613115979239 13829962934865335866 13829962934865335866 4611957613115979239 4617040830214260381 13838905462429427817 13829962934865335866 4611957613115979239 4617040830214260381 13838905462429427817 13829962934865335866 4617040830214260381 4611957613115979239 13829962934865335866 1 1 1 1 1
1 13835575672001735913 4609345948061006194 13836869123829115229 13837275375537101811 4612922481705082474 4615670389046519601 4614218491577050136 0 13835575672001735913 13837275375537101811 4612922481705082474 4615670389046519601 4616329954722746892 13837275375537101811 4612922481705082474 4615670389046519601 4616329954722746892 13837275375537101811 13837275375537101811 4616329954722746892 4615670389046519601 4612922481705082474 13837275375537101811 4616329954722746892 4615670389046519601 4612922481705082474 13837275375537101811 4615670389046519601 4616329954722746892 13837275375537101811 1 1 1 1 1
0 13837796351941996030 4607207656972329192 4615047280009275874 13838982654127040948 4612812503802182086 4609655255283414000 13833784239149159731 0 4607207656972329192 13838982654127040948 4612812503802182086 13841614623017919045 13844115716228053575 13838982654127040948 4612812503802182086 13841614623017919045 13844115716228053575 13838982654127040948 13838982654127040948 13844115716228053575 13841614623017919045 4612812503802182086 13838982654127040948 13844115716228053575 13841614623017919045 4612812503802182086 13838982654127040948 13841614623017919045 13844115716228053575 13838982654127040948 1 1 1 1 1
1 4605191503505546478 13838339008675496411 13830992259581769157 13833146979801886806 4612010673917325788 13834773211612931783 4613839684805192749 0 4605191503505546478 13833146979801886806 4612010673917325788 13834773211612931783 4616091484618877997 13833146979801886806 4612010673917325788 13834773211612931783 4616091484618877997 13833146979801886806 13833146979801886806 4616091484618877997 13834773211612931783 4612010673917325788 13833146979801886806 4616091484618877997 13834773211612931783 4612010673917325788 13833146979801886806 13834773211612931783 4616091484618877997 13833146979801886806 1 1 1 1 1
0 13837803602737396097 13832740647029106931 13837154552966298716 13838699692962453259 13830750272166591285 13829689404238367891 4613352818663876234 0 13832740647029106931 13838699692962453259 13830750272166591285 4610051231575680528 4618757989846707804 13838699692962453259 13830750272166591285 4610051231575680528 4618757989846707804 13838699692962453259 13838699692962453259 4618757989846707804 4610051231575680528 13830750272166591285 13838699692962453259 4618757989846707804 4610051231575680528 13830750272166591285 13838699692962453259 4610051231575680528 4618757989846707804 13838699692962453259 1 1 1 1 1
1 13831621700680088967 4602764495651958008 13838950786656077674 4614819722127304097 4610362878871264962 4612670928644296067 4607224104118168349 0 13831621700680088967 4614819722127304097 4610362878871264962 4612670928644296067 4611706861086463374 4614819722127304097 4610362878871264962 4612670928644296067 4611706861086463374 4614819722127304097 4614819722127304097 4611706861086463374 4612670928644296067 4610362878871264962 4614819722127304097 4611706861086463374 4612670928644296067 4610362878871264962 4614819722127304097 4612670928644296067 4611706861086463374 4614819722127304097 1 1 1 1 1
0 13835224823576365241 13828128816895491467 13829056774591511903 13838230994342033557 4610317302443035972 4610059786616342927 13836565572207031202 0 13828128816895491467 13838230994342033557 4610317302443035972 4612133900816575324 13831047492915108378 13838230994342033557 4610317302443035972 4612133900816575324 13831047492915108378 13838230994342033557 13838230994342033557 13831047492915108378 4612133900816575324 4610317302443035972 13838230994342033557 13831047492915108378 4612133900816575324 4610317302443035972 13838230994342033557 4612133900816575324 13831047492915108378 13838230994342033557 1 1 1 1 1
1 4607270977583090021 13836541910294588998 13835230507119094983 4615863584463334540 13835046976427080381 13830575370371462725 13834167153203877280 0 4607270977583090021 4615863584463334540 13835046976427080381 13830575370371462725 13828772651498220352 4615863584463334540 13835046976427080381 13830575370371462725 13828772651498220352 4615863584463334540 4615863584463334540 13828772651498220352 13830575370371462725 13835046976427080381 4615863584463334540 13828772651498220352 13830575370371462725 13835046976427080381 4615863584463334540 13830575370371462725 13828772651498220352 4615863584463334540 1 1 1 1 1
0 13832950821016517057 13838105019653256750 13835925790843966950 13823924580542551542 13831641660633637473 4613062219394320525 4615968590392246311 0 13838105019653256750 13823924580542551542 13831641660633637473 4601584703506211216 4613329725060166604 13823924580542551542 13831641660633637473 4601584703506211216 4613329725060166604 13823924580542551542 13823924580542551542 4613329725060166604 4601584703506211216 13831641660633637473 13823924580542551542 4613329725060166604 4601584703506211216 13831641660633637473 13823924580542551542 4601584703506211216 4613329725060166604 13823924580542551542 1 1 1 1 1
1 4608778422450363474 4614860713891112424 4613232635604220225 13827191563769840138 13838685623717217354 4607186652183667136 13825264419446092775 0 4608778422450363474 13827191563769840138 13838685623717217354 4607186652183667136 4603072037463311884 13827191563769840138 13838685623717217354 4607186652183667136 4603072037463311884 13827191563769840138 13827191563769840138 4603072037463311884 4607186652183667136 13838685623717217354 13827191563769840138 4603072037463311884 4607186652183667136 13838685623717217354 13827191563769840138 4607186652183667136 4603072037463311884 13827191563769840138 1 1 1 1 1
0 4605810802497505450 13835657142118995045 4603093618712726244 13832699664272497859 13837686455103888936 13837663135465018411 13830612480032392257 0 13835657142118995045 13832699664272497859 13837686455103888936 13835748791222664421 4605716547759494294 13832699664272497859 13837686455103888936 13835748791222664421 4605716547759494294 13832699664272497859 13832699664272497859 4605716547759494294 13835748791222664421 13837686455103888936 13832699664272497859 4605716547759494294 13835748791222664421 13837686455103888936 13832699664272497859 13835748791222664421 4605716547759494294 13832699664272497859 1 1 1 1 1
1 4613154984539445103 13837416167068652668 4611785079604791545 13835880871941283556 13835578437211907118 4615228576915875300 4608487309770450245 0 4613154984539445103 13835880871941283556 13835578437211907118 4615228576915875300 4612338463912604322 13835880871941283556 13835578437211907118 4615228576915875300 4612338463912604322 13835880871941283556 13835880871941283556 4612338463912604322 4615228576915875300 13835578437211907118 13835880871941283556 4612338463912604322 4615228576915875300 13835578437211907118 13835880871941283556 4615228576915875300 4612338463912604322 13835880871941283556 1 1 1 1 1
0 4609407377159923528 13801712971295548332 13837243652181326614 13838900076124273482 4614624049730694104 13834700433442953476 4610104210123067310 0 13801712971295548332 13838900076124273482 4614624049730694104 13839739781656245095 4601078269905890392 13838900076124273482 4614624049730694104 13839739781656245095 4601078269905890392 13838900076124273482 13838900076124273482 4601078269905890392 13839739781656245095 4614624049730694104 13838900076124273482 4601078269905890392 13839739781656245095 4614624049730694104 13838900076124273482 13839739781656245095 4601078269905890392 13838900076124273482 1 1 1 1 1
1 13838594957249519131 4616187384269343224 13835466414674775904 13826865467128021495 4614828170880205044 13832137128650242265 4574863434952502122 0 13838594957249519131 13826865467128021495 4614828170880205044 13832137128650242265 4607214502443762795 13826865467128021495 4614828170880205044 13832137128650242265 4607214502443762795 13826865467128021495 13826865467128021495 4607214502443762795 13832137128650242265 4614828170880205044 13826865467128021495 4607214502443762795 13832137128650242265 4614828170880205044 13826865467128021495 13832137128650242265 4607214502443762795 13826865467128021495 1 1 1 1 1
0 4615082732345542534 4614555333807579685 4612043279978627951 4615864710363241383 13838525007340106812 13824004636529527680 13835343718606527823 0 4614555333807579685 4615864710363241383 13838525007340106812 13817354240512085282 13829420164915520196 4615864710363241383 13838525007340106812 13817354240512085282 13829420164915520196 4615864710363241383 4615864710363241383 13829420164915520196 13817354240512085282 13838525007340106812 4615864710363241383 13829420164915520196 13817354240512085282 13838525007340106812 4615864710363241383 13817354240512085282 13829420164915520196 4615864710363241383 1 1 1 1 1
1 13838868001487727349 4613952806220633041 4612933083178605304 4610187328557790060 4600789685229754555 4612239645929580559 13836101007891069426 0 13838868001487727349 4610187328557790060 4600789685229754555 4612239645929580559 13832640360872604644 4610187328557790060 4600789685229754555 4612239645929580559 13832640360872604644 4610187328557790060 4610187328557790060 13832640360872604644 4612239645929580559 4600789685229754555 4610187328557790060 13832640360872604644 4612239645929580559 4600789685229754555 4610187328557790060 4612239645929580559 13832640360872604644 4610187328557790060 1 1 1 1 1
0 4614033024337195764 4612043631259398886 13832113421701803787 4614264239142064966 13839475023667102109 13837576576280180350 13833926246652609978 0 4612043631259398886 4614264239142064966 13839475023667102109 13838915596972983873 13832100688410846528 4614264239142064966 13839475023667102109 13838915596972983873 13832100688410846528 4614264239142064966 4614264239142064966 13832100688410846528 13838915596972983873 13839475023667102109 4614264239142064966 13832100688410846528 13838915596972983873 13839475023667102109 4614264239142064966 13838915596972983873 13832100688410846528 4614264239142064966 1 1 1 1 1
1 13835652584476172146 13836702661779688360 13836754498211399395 4609272539387080055 4612078939480477470 13837386893671074760 4598845571342611260 0 13835652584476172146 4609272539387080055 4612078939480477470 13837386893671074760 4608475906656193743 4609272539387080055 4612078939480477470 13837386893671074760 4608475906656193743 4609272539387080055 4609272539387080055 4608475906656193743 13837386893671074760 4612078939480477470 4609272539387080055 4608475906656193743 13837386893671074760 4612078939480477470 4609272539387080055 13837386893671074760 4608475906656193743 4609272539387080055 1 1 1 1 1
0 4596179224190425812 13839543289230253791 13834862184727170114 4608924014819117107 4612402721272087645 13836801002381151622 4593586303726565013 0 13839543289230253791 4608924014819117107 4612402721272087645 13842792345416228575 13837245880537148035 4608924014819117107 4612402721272087645 13842792345416228575 13837245880537148035 4608924014819117107 4608924014819117107 13837245880537148035 13842792345416228575 4612402721272087645 4608924014819117107 13837245880537148035 13842792345416228575 4612402721272087645 4608924014819117107 13842792345416228575 13837245880537148035 4608924014819117107 1 1 1 1 1
1 13824134700486766140 4599453305090727144 13829187126779126514 13838095075705279515 13838120097704809186 13826855883468014451 13834705801733709301 0 13824134700486766140 13838095075705279515 13838120097704809186 13826855883468014451 13829849948557884394 13838095075705279515 13838120097704809186 13826855883468014451 13829849948557884394 13838095075705279515 13838095075705279515 13829849948557884394 13826855883468014451 13838120097704809186 13838095075705279515 13829849948557884394 13826855883468014451 13838120097704809186 13838095075705279515 13826855883468014451 13829849948557884394 13838095075705279515 1 1 1 1 1
0 13837153940476749393 13836783609479390718 4612737392767596801 13836324134231007870 13836179703790958098 13838115576090783306 13830776302972437487 0 13836783609479390718 13836324134231007870 13836179703790958098 13838572361600137358 13821585330118091232 13836324134231007870 13836179703790958098 13838572361600137358 13821585330118091232 13836324134231007870 13836324134231007870 13821585330118091232 13838572361600137358 13836179703790958098 13836324134231007870 13821585330118091232 13838572361600137358 13836179703790958098 13836324134231007870 13838572361600137358 13821585330118091232 13836324134231007870 1 1 1 1 1
1 4609558103632252364 4615135613612367119 13837858060264090261 4607620997346129256 4615478706839179458 13835229111003210498 4611797356417375757 0 4609558103632252364 4607620997346129256 4615478706839179458 13835229111003210498 4614049156231061005 4607620997346129256 4615478706839179458 13835229111003210498 4614049156231061005 4607620997346129256 4607620997346129256 4614049156231061005 13835229111003210498 4615478706839179458 4607620997346129256 4614049156231061005 13835229111003210498 4615478706839179458 4607620997346129256 13835229111003210498 4614049156231061005 4607620997346129256 1 1 1 1 1
0 4611717786819159375 4611892310311919237 4616129513014131513 4612205508644405091 4600888476191180555 13836571498944140822 4594381387219179510 0 4611892310311919237 4612205508644405091 4600888476191180555 13836918216739126173 4607098889352237026 4612205508644405091 4600888476191180555 13836918216739126173 4607098889352237026 4612205508644405091 4612205508644405091 4607098889352237026 13836918216739126173 4600888476191180555 4612205508644405091 4607098889352237026 13836918216739126173 4600888476191180555 4612205508644405091 13836918216739126173 4607098889352237026 4612205508644405091 1 1 1 1 1
1 4615958115019513047 13828266482928900928 4612229918154385439 4609268378061024365 4609809332433865599 4613953806019750317 13833150420552002117 0 4615958115019513047 4609268378061024365 4609809332433865599 4613953806019750317 13826739186194470026 4609268378061024365 4609809332433865599 4613953806019750317 13826739186194470026 4609268378061024365 4609268378061024365 13826739186194470026 4613953806019750317 4609809332433865599 4609268378061024365 13826739186194470026 4613953806019750317 4609809332433865599 4609268378061024365 4613953806019750317 13826739186194470026 4609268378061024365 1 1 1 1 1
0 4615877833852555541 4605089686125170886 4589863231957813353 4609888343585728187 13835342349512241102 13836204815862480316 13833057736471670832 0 4605089686125170886 4609888343585728187 13835342349512241102 13835953495576725834 13825046217754156332 4609888343585728187 13835342349512241102 13835953495576725834 13825046217754156332 4609888343585728187 4609888343585728187 13825046217754156332 13835953495576725834 13835342349512241102 4609888343585728187 13825046217754156332 13835953495576725834 13835342349512241102 4609888343585728187 13835953495576725834 13825046217754156332 4609888343585728187 1 1 1 1 1
1 4596561129438826830 4612003197941944353 4615775232845844786 4607136013709456982 4610345224760725669 13839359506336660056 13831557407291808625 0 4596561129438826830 4607136013709456982 4610345224760725669 13839359506336660056 13820563670241434504 4607136013709456982 4610345224760725669 13839359506336660056 13820563670241434504 4607136013709456982 4607136013709456982 13820563670241434504 13839359506336660056 4610345224760725669 4607136013709456982 13820563670241434504 13839359506336660056 4610345224760725669 4607136013709456982 13839359506336660056 13820563670241434504 4607136013709456982 1 1 1 1 1
0 13835516656832218850 4612302164899607716 4613564226637584260 13837174972287009214 13838068765676256417 13833038767310040348 4595431986940252499 0 4612302164899607716 13837174972287009214 13838068765676256417 13843948324633371285 13840879697948070595 13837174972287009214 13838068765676256417 13843948324633371285 13840879697948070595 13837174972287009214 13837174972287009214 13840879697948070595 13843948324633371285 13838068765676256417 13837174972287009214 13840879697948070595 13843948324633371285 13838068765676256417 13837174972287009214 13843948324633371285 13840879697948070595 13837174972287009214 1 1 1 1 1
1 4608945902313306128 13838954902946137091 13828950669784291054 13838318391196402309 4606952194787066228 4595499000502707772 13831962641186279423 0 4608945902313306128 13838318391196402309 4606952194787066228 4595499000502707772 13822676398898626556 13838318391196402309 4606952194787066228 4595499000502707772 13822676398898626556 13838318391196402309 13838318391196402309 13822676398898626556 4595499000502707772 4606952194787066228 13838318391196402309 13822676398898626556 4595499000502707772 4606952194787066228 13838318391196402309 4595499000502707772 13822676398898626556 13838318391196402309 1 1 1 1 1
0 13830755316198173940 13836236782412635392 13827958220541606672 4602989711662123552 13835521079367052927 13837346226166439604 13812960008803364276 0 13836236782412635392 4602989711662123552 13835521079367052927 13838531340970237006 4600974212175652807 4602989711662123552 13835521079367052927 13838531340970237006 4600974212175652807 4602989711662123552 4602989711662123552 4600974212175652807 13838531340970237006 13835521079367052927 4602989711662123552 4600974212175652807 13838531340970237006 13835521079367052927 4602989711662123552 13838531340970237006 4600974212175652807 4602989711662123552 1 1 1 1 1
1 13838024270111937997 4608786456872098703 13838200315821371909 13837004709199496845 4608687197536311457 4608830213846078235 13835155837437273180 0 13838024270111937997 13837004709199496845 4608687197536311457 4608830213846078235 13830750019965012152 13837004709199496845 4608687197536311457 4608830213846078235 13830750019965012152 13837004709199496845 13837004709199496845 13830750019965012152 4608830213846078235 4608687197536311457 13837004709199496845 13830750019965012152 4608830213846078235 4608687197536311457 13837004709199496845 4608830213846078235 13830750019965012152 13837004709199496845 1 1 1 1 1
0 4611819279940361797 4595192611612858503 4615336663306932192 4600598588490365970 13837908032205555564 4605570958795750207 13837169486902663076 0 4595192611612858503 4600598588490365970 13837908032205555564 4616467370097267258 4609379893358558208 4600598588490365970 13837908032205555564 4616467370097267258 4609379893358558208 4600598588490365970 4600598588490365970 4609379893358558208 4616467370097267258 13837908032205555564 4600598588490365970 4609379893358558208 4616467370097267258 13837908032205555564 4600598588490365970 4616467370097267258 4609379893358558208 4600598588490365970 1 1 1 1 1
1 4613046754033200135 4615266641339925836 13839015845656294668 4598558205657588003 4612954961665595070 13829618391479443513 13831805807832855873 0 4613046754033200135 4598558205657588003 4612954961665595070 13829618391479443513 13822049065484932356 4598558205657588003 4612954961665595070 13829618391479443513 13822049065484932356 4598558205657588003 4598558205657588003 13822049065484932356 13829618391479443513 4612954961665595070 4598558205657588003 13822049065484932356 13829618391479443513 4612954961665595070 4598558205657588003 13829618391479443513 13822049065484932356 4598558205657588003 1 1 1 1 1
0 4590385217169024103 4614765832054162982 13836079840972820785 4607290991579834056 4612464672788561753 13838773570010740645 4598159366874588072 0 4614765832054162982 4607290991579834056 4612464672788561753 4600595645266232152 4617635206677226277 4607290991579834056 4612464672788561753 4600595645266232152 4617635206677226277 4607290991579834056 4607290991579834056 4617635206677226277 4600595645266232152 4612464672788561753 4607290991579834056 4617635206677226277 4600595645266232152 4612464672788561753 4607290991579834056 4600595645266232152 4617635206677226277 4607290991579834056 1 1 1 1 1
1 13831538113871004970 4611181579240325389 13836344040141360848 13838135518029933303 13839055963721775284 13812364813076610991 13837192365188770119 0 13831538113871004970 13838135518029933303 13839055963721775284 13812364813076610991 13834823075468006030 13838135518029933303 13839055963721775284 13812364813076610991 13834823075468006030 13838135518029933303 13838135518029933303 13834823075468006030 13812364813076610991 13839055963721775284 13838135518029933303 13834823075468006030 13812364813076610991 13839055963721775284 13838135518029933303 13812364813076610991 13834823075468006030 13838135518029933303 1 1 1 1 1
0 13835995902882965854 13839551620889564427 13839069267355074537 4613753666052309972 4595616742611365747 13838497922691947806 13830056141363223925 0 13839551620889564427 4613753666052309972 4595616742611365747 13842391129926790862 13837152559334000604 4613753666052309972 4595616742611365747 13842391129926790862 13837152559334000604 4613753666052309972 4613753666052309972 13837152559334000604 13842391129926790862 4595616742611365747 4613753666052309972 13837152559334000604 13842391129926790862 4595616742611365747 4613753666052309972 13842391129926790862 13837152559334000604 4613753666052309972 1 1 1 1 1
1 4608661274816856313 4614121096731508622 13834210856134661284 13831325832198969235 4614284208102812726 13827658388892814854 4612715388179817469 0 4608661274816856313 13831325832198969235 4614284208102812726 13827658388892814854 4614967187993502717 13831325832198969235 4614284208102812726 13827658388892814854 4614967187993502717 13831325832198969235 13831325832198969235 4614967187993502717 13827658388892814854 4614284208102812726 13831325832198969235 4614967187993502717 13827658388892814854 4614284208102812726 13831325832198969235 13827658388892814854 4614967187993502717 13831325832198969235 1 1 1 1 1
0 13837758593762720156 13832702348417875772 4615659382249030307 13827818068521202903 13831568630262080033 4605322432153913393 13822589569497810852 0 13832702348417875772 13827818068521202903 13831568630262080033 13836067809977801104 13836296052406916240 13827818068521202903 13831568630262080033 13836067809977801104 13836296052406916240 13827818068521202903 13827818068521202903 13836296052406916240 13836067809977801104 13831568630262080033 13827818068521202903 13836296052406916240 13836067809977801104 13831568630262080033 13827818068521202903 13836067809977801104 13836296052406916240 13827818068521202903 1 1 1 1 1
1 13838700926948751159 4594772804069993535 13813792418129690420 13827611983802254429 4604141300101240697 13838733478966857793 4598225803976291041 0 13838700926948751159 13827611983802254429 4604141300101240697 13838733478966857793 4608320964814613688 13827611983802254429 4604141300101240697 13838733478966857793 4608320964814613688 13827611983802254429 13827611983802254429 4608320964814613688 13838733478966857793 4604141300101240697 13827611983802254429 4608320964814613688 13838733478966857793 4604141300101240697 13827611983802254429 13838733478966857793 4608320964814613688 13827611983802254429 1 1 1 1 1
0 4615194007285135604 4610268357322285710 4609231304428891851 13836200780637214192 13836235791620717370 13834550319460173962 4612643609808956438 0 4610268357322285710 13836200780637214192 13836235791620717370 13826275711065359162 4617076322863724486 13836200780637214192 13836235791620717370 13826275711065359162 4617076322863724486 13836200780637214192 13836200780637214192 4617076322863724486 13826275711065359162 13836235791620717370 13836200780637214192 4617076322863724486 13826275711065359162 13836235791620717370 13836200780637214192 13826275711065359162 4617076322863724486 13836200780637214192 1 1 1 1 1
1 13823983091308910340 13838272382422609092 13836481057656423968 13836717901960827382 13832284738631628961 4608063160757544492 13834379669063093639 0 13823983091308910340 13836717901960827382 13832284738631628961 4608063160757544492 13829197683216653070 13836717901960827382 13832284738631628961 4608063160757544492 13829197683216653070 13836717901960827382 13836717901960827382 13829197683216653070 4608063160757544492 13832284738631628961 13836717901960827382 13829197683216653070 4608063160757544492 13832284738631628961 13836717901960827382 4608063160757544492 13829197683216653070 13836717901960827382 1 1 1 1 1
0 4611003957271021897 13836431121743755684 4606922435000728564 4598774594612483901 13830745390264595216 13832235613366893603 13830687203757409589 0 13836431121743755684 4598774594612483901 13830745390264595216 4605304630176579450 4611990776076270422 4598774594612483901 13830745390264595216 4605304630176579450 4611990776076270422 4598774594612483901 4598774594612483901 4611990776076270422 4605304630176579450 13830745390264595216 4598774594612483901 4611990776076270422 4605304630176579450 13830745390264595216 4598774594612483901 4605304630176579450 4611990776076270422 4598774594612483901 1 1 1 1 1
1 13835287729855960353 13838831297150764280 13826149178614487473 13833356685414935686 4595970977743656200 4613716142060214721 13831193174168345409 0 13835287729855960353 13833356685414935686 4595970977743656200 4613716142060214721 13817649805253728776 13833356685414935686 4595970977743656200 4613716142060214721 13817649805253728776 13833356685414935686 13833356685414935686 13817649805253728776 4613716142060214721 4595970977743656200 13833356685414935686 13817649805253728776 4613716142060214721 4595970977743656200 13833356685414935686 4613716142060214721 13817649805253728776 13833356685414935686 1 1 1 1 1
0 13832606727990587442 13837989655445202027 4608701176709554815 13831211819070802723 4609052745710865866 4614418694594885264 13833742896104580470 0 13837989655445202027 13831211819070802723 4609052745710865866 4616693962874222985 4602916791040911132 13831211819070802723 4609052745710865866 4616693962874222985 4602916791040911132 13831211819070802723 13831211819070802723 4602916791040911132 4616693962874222985 4609052745710865866 13831211819070802723 4602916791040911132 4616693962874222985 4609052745710865866 13831211819070802723 4616693962874222985 4602916791040911132 13831211819070802723 1 1 1 1 1
1 13835531275516609294 4598876267877671417 13836076940654660758 4609116138379220733 13837169180657888415 4612011376478867658 13835267562736828987 0 13835531275516609294 4609116138379220733 13837169180657888415 4612011376478867658 13830973470564123766 4609116138379220733 13837169180657888415 4612011376478867658 13830973470564123766 4609116138379220733 4609116138379220733 13830973470564123766 4612011376478867658 13837169180657888415 4609116138379220733 13830973470564123766 4612011376478867658 13837169180657888415 4609116138379220733 4612011376478867658 13830973470564123766 4609116138379220733 1 1 1 1 1
0 4604028385851383264 13838974763820493794 4613726149058586739 13836754507218598649 4608165986944236615 13836000622655375338 4607411904222629699 0 13838974763820493794 13836754507218598649 4608165986944236615 4616097122224891540 4620934421245791624 13836754507218598649 4608165986944236615 4616097122224891540 4620934421245791624 13836754507218598649 13836754507218598649 4620934421245791624 4616097122224891540 4608165986944236615 13836754507218598649 4620934421245791624 4616097122224891540 4608165986944236615 13836754507218598649 4616097122224891540 4620934421245791624 13836754507218598649 1 1 1 1 1
1 13832761165429009231 13830148266997201416 13833592565949018843 13835932050847448995 4603242813961181774 13837131233327428191 4604631940259044949 0 13832761165429009231 13835932050847448995 4603242813961181774 13837131233327428191 4610410779156901674 13835932050847448995 4603242813961181774 13837131233327428191 4610410779156901674 13835932050847448995 13835932050847448995 4610410779156901674 13837131233327428191 4603242813961181774 13835932050847448995 4610410779156901674 13837131233327428191 4603242813961181774 13835932050847448995 13837131233327428191 4610410779156901674 13835932050847448995 1 1 1 1 1
0 4603897241030234235 4612226747620247770 4613120964347859946 13826893533560899268 4613684688920417166 13835407237375672256 13833559635628543510 0 4612226747620247770 13826893533560899268 4613684688920417166 13839867079694580876 13836822312745623651 13826893533560899268 4613684688920417166 13839867079694580876 13836822312745623651 13826893533560899268 13826893533560899268 13836822312745623651 13839867079694580876 4613684688920417166 13826893533560899268 13836822312745623651 13839867079694580876 4613684688920417166 13826893533560899268 13839867079694580876 13836822312745623651 13826893533560899268 1 1 1 1 1
1 4608931436751303014 13828404689394265674 13829347490954657923 4601670301086492073 13833884092960097790 4593178457744310341 4611016026918023250 0 4608931436751303014 4601670301086492073 13833884092960097790 4593178457744310341 4613602822486390825 4601670301086492073 13833884092960097790 4593178457744310341 4613602822486390825 4601670301086492073 4601670301086492073 4613602822486390825 4593178457744310341 13833884092960097790 4601670301086492073 4613602822486390825 4593178457744310341 13833884092960097790 4601670301086492073 4593178457744310341 4613602822486390825 4601670301086492073 1 1 1 1 1
0 13827052744814926070 4611840050541843230 4607125096983960236 13836657103365857880 4607255088883604658 13835076700184621026 4612919563372523938 0 4611840050541843230 13836657103365857880 4607255088883604658 13838074501907156646 4612173561463673566 13836657103365857880 4607255088883604658 13838074501907156646 4612173561463673566 13836657103365857880 13836657103365857880 4612173561463673566 13838074501907156646 4607255088883604658 13836657103365857880 4612173561463673566 13838074501907156646 4607255088883604658 13836657103365857880 13838074501907156646 4612173561463673566 13836657103365857880 1 1 1 1 1
1 4607345899466490957 13829413135422826475 13839181046697825873 4613320626933739790 4603399214969041097 4615860206763614012 13830384291646472649 0 4607345899466490957 4613320626933739790 4603399214969041097 4615860206763614012 4581102469674682080 4613320626933739790 4603399214969041097 4615860206763614012 4581102469674682080 4613320626933739790 4613320626933739790 4581102469674682080 4615860206763614012 4603399214969041097 4613320626933739790 4581102469674682080 4615860206763614012 4603399214969041097 4613320626933739790 4615860206763614012 4581102469674682080 4613320626933739790 1 1 1 1 1
0 13834869066227400737 13838595587753466963 13835135355066167899 13821537888912827293 4615564518426479375 13838691775634308342 13839102810165099192 0 13838595587753466963 13821537888912827293 4615564518426479375 13840973898826966356 13840053516185519158 13821537888912827293 4615564518426479375 13840973898826966356 13840053516185519158 13821537888912827293 13821537888912827293 13840053516185519158 13840973898826966356 4615564518426479375 13821537888912827293 13840053516185519158 13840973898826966356 4615564518426479375 13821537888912827293 13840973898826966356 13840053516185519158 13821537888912827293 1 1 1 1 1
1 4607968477078978654 4615833230201846063 4600495690246079809 4604292729135111403 4609504132494317956 13832725388833569399 13836296707309277184 0 4607968477078978654 4604292729135111403 4609504132494317956 13832725388833569399 13833031759709020160 4604292729135111403 4609504132494317956 13832725388833569399 13833031759709020160 4604292729135111403 4604292729135111403 13833031759709020160 13832725388833569399 4609504132494317956 4604292729135111403 13833031759709020160 13832725388833569399 4609504132494317956 4604292729135111403 13832725388833569399 13833031759709020160 4604292729135111403 1 1 1 1 1
0 13830612353931602691 13837819608530471772 13839240314068922068 4613065029640488005 4614378729651791978 4612317648275126616 4607187787090773234 0 13837819608530471772 4613065029640488005 4614378729651791978 13835006718394046800 13835661332540466055 4613065029640488005 4614378729651791978 13835006718394046800 13835661332540466055 4613065029640488005 4613065029640488005 13835661332540466055 13835006718394046800 4614378729651791978 4613065029640488005 13835661332540466055 13835006718394046800 4614378729651791978 4613065029640488005 13835006718394046800 13835661332540466055 4613065029640488005 1 1 1 1 1
1 4613984430497216437 13826946748094096278 13832629516204701936 13831726112133849924 4611319371374524417 4609939324333510021 13834760853735554278 0 4613984430497216437 13831726112133849924 4611319371374524417 4609939324333510021 13829960052561574348 13831726112133849924 4611319371374524417 4609939324333510021 13829960052561574348 13831726112133849924 13831726112133849924 13829960052561574348 4609939324333510021 4611319371374524417 13831726112133849924 13829960052561574348 4609939324333510021 4611319371374524417 13831726112133849924 4609939324333510021 13829960052561574348 13831726112133849924 1 1 1 1 1
0 13838839160435713669 13837325239392176058 13830244067568474841 13821005671523263158 4611108530854369440 4612999412193917216 4589845073444115795 0 13837325239392176058 13821005671523263158 4611108530854369440 4613730287856105868 4608967960923204142 13821005671523263158 4611108530854369440 4613730287856105868 4608967960923204142 13821005671523263158 13821005671523263158 4608967960923204142 4613730287856105868 4611108530854369440 13821005671523263158 4608967960923204142 4613730287856105868 4611108530854369440 13821005671523263158 4613730287856105868 4608967960923204142 13821005671523263158 1 1 1 1 1
1 4616080351720599137 4580624007250270233 13835255628197816456 13835126834255672914 4598783962099708831 13836357947257010168 13830695994783882216 0 4616080351720599137 13835126834255672914 4598783962099708831 13836357947257010168 13808062110021418240 13835126834255672914 4598783962099708831 13836357947257010168 13808062110021418240 13835126834255672914 13835126834255672914 13808062110021418240 13836357947257010168 4598783962099708831 13835126834255672914 13808062110021418240 13836357947257010168 4598783962099708831 13835126834255672914 13836357947257010168 13808062110021418240 13835126834255672914 1 1 1 1 1
0 4599011015578522342 4612895739330495148 4609464662947183681 4612755497238098830 4612759163168195510 13839055342225026707 13814814483043524389 0 4612895739330495148 4612755497238098830 4612759163168195510 13841209237158981418 13828593219069616869 4612755497238098830 4612759163168195510 13841209237158981418 13828593219069616869 4612755497238098830 4612755497238098830 13828593219069616869 13841209237158981418 4612759163168195510 4612755497238098830 13828593219069616869 13841209237158981418 4612759163168195510 4612755497238098830 13841209237158981418 13828593219069616869 4612755497238098830 1 1 1 1 1
1 13837945186902481371 4614911847761281588 4615212201827630181 4612660858595529267 13838708772219302038 13812840969658013619 13820876976660311418 0 13837945186902481371 4612660858595529267 13838708772219302038 13812840969658013619 4605098188921267362 4612660858595529267 13838708772219302038 13812840969658013619 4605098188921267362 4612660858595529267 4612660858595529267 4605098188921267362 13812840969658013619 13838708772219302038 4612660858595529267 4605098188921267362 13812840969658013619 13838708772219302038 4612660858595529267 13812840969658013619 4605098188921267362 4612660858595529267 1 1 1 1 1
0 13818627626804823460 13827025831303552904 13822657087463424390 13836010530574555553 13828691118330566438 13825432313640201147 4610959785965876647 0 13827025831303552904 13836010530574555553 13828691118330566438 13826358051792269293 4613420585270703184 13836010530574555553 13828691118330566438 13826358051792269293 4613420585270703184 13836010530574555553 13836010530574555553 4613420585270703184 13826358051792269293 13828691118330566438 13836010530574555553 4613420585270703184 13826358051792269293 13828691118330566438 13836010530574555553 13826358051792269293 4613420585270703184 13836010530574555553 1 1 1 1 1
1 4614155675369447572 4602992846167464202 4608291187013877515 4613689075426454225 13837580170152682992 4598258518123984261 13838190398894992439 0 4614155675369447572 4613689075426454225 13837580170152682992 4598258518123984261 13835938599081307191 4613689075426454225 13837580170152682992 4598258518123984261 13835938599081307191 4613689075426454225 4613689075426454225 13835938599081307191 4598258518123984261 13837580170152682992 4613689075426454225 13835938599081307191 4598258518123984261 13837580170152682992 4613689075426454225 4598258518123984261 13835938599081307191 4613689075426454225 1 1 1 1 1
0 13832070223174178049 13837965317992815717 4611999279810268541 4607593273186823164 13826757416765761622 13831520009400502941 4607719013688419348 0 13837965317992815717 4607593273186823164 13826757416765761622 4606066176627739982 4616425624941751638 4607593273186823164 13826757416765761622 4606066176627739982 4616425624941751638 4607593273186823164 4607593273186823164 4616425624941751638 4606066176627739982 13826757416765761622 4607593273186823164 4616425624941751638 4606066176627739982 13826757416765761622 4607593273186823164 4606066176627739982 4616425624941751638 4607593273186823164 1 1 1 1 1
1 4607404302146458698 13839545802238845864 13835931366300305634 4613633978388612974 4609018716512081454 4614765444744595028 13836831509765027430 0 4607404302146458698 4613633978388612974 4609018716512081454 4614765444744595028 13834101364620520652 4613633978388612974 4609018716512081454 4614765444744595028 13834101364620520652 4613633978388612974 4613633978388612974 13834101364620520652 4614765444744595028 4609018716512081454 4613633978388612974 13834101364620520652 4614765444744595028 4609018716512081454 4613633978388612974 4614765444744595028 13834101364620520652 4613633978388612974 1 1 1 1 1
0 13826125723867628127 13839168742863643896 4600969829214849375 4614227273596323509 13824707053956209402 13836792004189096136 4612092243113776723 0 13839168742863643896 4614227273596323509 13824707053956209402 13835278902946607334 4615857144169950773 4614227273596323509 13824707053956209402 13835278902946607334 4615857144169950773 4614227273596323509 4614227273596323509 4615857144169950773 13835278902946607334 13824707053956209402 4614227273596323509 4615857144169950773 13835278902946607334 13824707053956209402 4614227273596323509 13835278902946607334 4615857144169950773 4614227273596323509 1 1 1 1 1
1 4610804087519559195 4612920238912468043 4587898653713963285 4607300431124653024 4613766861599218168 13834256900937251520 13837549680783205694 0 4610804087519559195 4607300431124653024 4613766861599218168 13834256900937251520 13835297880969520446 4607300431124653024 4613766861599218168 13834256900937251520 13835297880969520446 4607300431124653024 4607300431124653024 13835297880969520446 13834256900937251520 4613766861599218168 4607300431124653024 13835297880969520446 13834256900937251520 4613766861599218168 4607300431124653024 13834256900937251520 13835297880969520446 4607300431124653024 1 1 1 1 1
0 4585494235916105706 4615479373371924309 4615996530724334517 4597812625732077563 4613757908443158955 13828764653105282143 13818781830056064626 0 4615479373371924309 4597812625732077563 4613757908443158955 13843997774463542602 13842164755372007282 4597812625732077563 4613757908443158955 13843997774463542602 13842164755372007282 4597812625732077563 4597812625732077563 13842164755372007282 13843997774463542602 4613757908443158955 4597812625732077563 13842164755372007282 13843997774463542602 4613757908443158955 4597812625732077563 13843997774463542602 13842164755372007282 4597812625732077563 1 1 1 1 1
1 13835707510377227556 13836956115359517517 13836238682931678142 4616075893156968040 13835512171246989989 4613950167111251402 13839440255877978809 0 13835707510377227556 4616075893156968040 13835512171246989989 4613950167111251402 13837188456064293561 4616075893156968040 13835512171246989989 4613950167111251402 13837188456064293561 4616075893156968040 4616075893156968040 13837188456064293561 4613950167111251402 13835512171246989989 4616075893156968040 13837188456064293561 4613950167111251402 13835512171246989989 4616075893156968040 4613950167111251402 13837188456064293561 4616075893156968040 1 1 1 1 1
0 13839436905199856045 13822577968225170745 13835336287667142661 4615494937812236501 13832562610728637720 4602160653013920172 13835656565658242741 0 13822577968225170745 4615494937812236501 13832562610728637720 4616564922808990713 4613028788236456967 4615494937812236501 13832562610728637720 4616564922808990713 4613028788236456967 4615494937812236501 4615494937812236501 4613028788236456967 4616564922808990713 13832562610728637720 4615494937812236501 4613028788236456967 4616564922808990713 13832562610728637720 4615494937812236501 4616564922808990713 4613028788236456967 4615494937812236501 1 1 1 1 1
1 13831180996434952999 13836124741861105669 13810235367057602145 4612668811952471203 13838715851877916265 4612007989771947876 13822644045038903525 0 13831180996434952999 4612668811952471203 13838715851877916265 4612007989771947876 4604382224666906510 4612668811952471203 13838715851877916265 4612007989771947876 4604382224666906510 4612668811952471203 4612668811952471203 4604382224666906510 4612007989771947876 13838715851877916265 4612668811952471203 4604382224666906510 4612007989771947876 13838715851877916265 4612668811952471203 4612007989771947876 4604382224666906510 4612668811952471203 1 1 1 1 1
0 4615786347729725136 13832898921534411239 4613245705050338854 13822351419149515500 13825678318266246633 13832802544502385511 4609365079352223264 0 13832898921534411239 13822351419149515500 13825678318266246633 4618094838995311456 4621636721873958881 13822351419149515500 13825678318266246633 4618094838995311456 4621636721873958881 13822351419149515500 13822351419149515500 4621636721873958881 4618094838995311456 13825678318266246633 13822351419149515500 4621636721873958881 4618094838995311456 13825678318266246633 13822351419149515500 4618094838995311456 4621636721873958881 13822351419149515500 1 1 1 1 1
1 13826140279501623789 13837778229457095492 4606705397527486325 13833201293213392894 13838200550008552532 4607399312158071571 13834792342904148853 0 13826140279501623789 13833201293213392894 13838200550008552532 4607399312158071571 13830023030898763498 13833201293213392894 13838200550008552532 4607399312158071571 13830023030898763498 13833201293213392894 13833201293213392894 13830023030898763498 4607399312158071571 13838200550008552532 13833201293213392894 13830023030898763498 4607399312158071571 13838200550008552532 13833201293213392894 4607399312158071571 13830023030898763498 13833201293213392894 1 1 1 1 1
0 13837528883160126497 4594063036768719945 4614903002691613432 4591550820810181625 13824689255730482034 13813589503944879614 4614949056501402923 0 4594063036768719945 4591550820810181625 13824689255730482034 13841385238342235542 13830975647835884834 4591550820810181625 13824689255730482034 13841385238342235542 13830975647835884834 4591550820810181625 4591550820810181625 13830975647835884834 13841385238342235542 13824689255730482034 4591550820810181625 13830975647835884834 13841385238342235542 13824689255730482034 4591550820810181625 13841385238342235542 13830975647835884834 4591550820810181625 1 1 1 1 1
1 4614277894056135153 4613973072418956208 13829464764688954651 4608667633899530160 4608810830353282032 4603148382484195069 4605937551805418165 0 4614277894056135153 4608667633899530160 4608810830353282032 4603148382484195069 4611063584930088282 4608667633899530160 4608810830353282032 4603148382484195069 4611063584930088282 4608667633899530160 4608667633899530160 4611063584930088282 4603148382484195069 4608810830353282032 4608667633899530160 4611063584930088282 4603148382484195069 4608810830353282032 4608667633899530160 4603148382484195069 4611063584930088282 4608667633899530160 1 1 1 1 1
0 13828010462297284170 4610266627940028800 4610430594995262105 13838625095338225494 4608676478969198315 4615637873057209986 13838860759699526538 0 4610266627940028800 13838625095338225494 4608676478969198315 4610278325576009990 13840413157925443268 13838625095338225494 4608676478969198315 4610278325576009990 13840413157925443268 13838625095338225494 13838625095338225494 13840413157925443268 4610278325576009990 4608676478969198315 13838625095338225494 13840413157925443268 4610278325576009990 4608676478969198315 13838625095338225494 4610278325576009990 13840413157925443268 13838625095338225494 1 1 1 1 1
1 13838120791259151801 4613568297891647403 13837798837928990339 13834580439534481816 13837460662632971088 4605062376297030511 4607391890225885665 0 13838120791259151801 13834580439534481816 13837460662632971088 4605062376297030511 4611790754140322032 13834580439534481816 13837460662632971088 4605062376297030511 4611790754140322032 13834580439534481816 13834580439534481816 4611790754140322032 4605062376297030511 13837460662632971088 13834580439534481816 4611790754140322032 4605062376297030511 13837460662632971088 13834580439534481816 4605062376297030511 4611790754140322032 13834580439534481816 1 1 1 1 1
0 4614576617819418638 13827720610625266605 4613431379455776085 4606604300723051112 13837284661959533449 13825056389172105277 4606433272023602090 0 13827720610625266605 4606604300723051112 13837284661959533449 4617385853846470971 4620044806088068276 4606604300723051112 13837284661959533449 4617385853846470971 4620044806088068276 4606604300723051112 4606604300723051112 4620044806088068276 4617385853846470971 13837284661959533449 4606604300723051112 4620044806088068276 4617385853846470971 13837284661959533449 4606604300723051112 4617385853846470971 4620044806088068276 4606604300723051112 1 1 1 1 1
1 4609931488070158397 13825408390518980555 4612969697443575826 4611875439827715107 13838819029345379323 13830962049435468755 4614957757455883003 0 4609931488070158397 4611875439827715107 13838819029345379323 13830962049435468755 4616699587662163326 4611875439827715107 13838819029345379323 13830962049435468755 4616699587662163326 4611875439827715107 4611875439827715107 4616699587662163326 13830962049435468755 13838819029345379323 4611875439827715107 4616699587662163326 13830962049435468755 13838819029345379323 4611875439827715107 13830962049435468755 4616699587662163326 4611875439827715107 1 1 1 1 1
0 4614990939977937469 13838580617788305583 4615199465647883977 4611371144755840668 13833843236304278285 13837203317943063884 13834022785814222292 0 13838580617788305583 4611371144755840668 13833843236304278285 4621574398687535719 4622803072989674752 4611371144755840668 13833843236304278285 4621574398687535719 4622803072989674752 4611371144755840668 4611371144755840668 4622803072989674752 4621574398687535719 13833843236304278285 4611371144755840668 4622803072989674752 4621574398687535719 13833843236304278285 4611371144755840668 4621574398687535719 4622803072989674752 4611371144755840668 1 1 1 1 1
1 13836929363977730936 4608101747599151802 13838549317770895358 13838424955370785150 4609837344823547844 13838277957878947777 4612742085518408521 0 13836929363977730936 13838424955370785150 4609837344823547844 13838277957878947777 4614993885332093769 13838424955370785150 4609837344823547844 13838277957878947777 4614993885332093769 13838424955370785150 13838424955370785150 4614993885332093769 13838277957878947777 4609837344823547844 13838424955370785150 4614993885332093769 13838277957878947777 4609837344823547844 13838424955370785150 13838277957878947777 4614993885332093769 13838424955370785150 1 1 1 1 1
0 13831881900652159924 13831049527354630800 4613332561472752322 4612980596154674063 13824803034671467922 4601509684709381531 13839342725924448473 0 13831049527354630800 4612980596154674063 13824803034671467922 4595750598118722190 13837659273095436004 4612980596154674063 13824803034671467922 4595750598118722190 13837659273095436004 4612980596154674063 4612980596154674063 13837659273095436004 4595750598118722190 13824803034671467922 4612980596154674063 13837659273095436004 4595750598118722190 13824803034671467922 4612980596154674063 4595750598118722190 13837659273095436004 4612980596154674063 1 1 1 1 1
1 4608933850680703284 13835034186204138648 4614269877648798433 13839559349066524994 4603175079822786122 13838146074467459859 13832007280865785919 0 4608933850680703284 13839559349066524994 4603175079822786122 13838146074467459859 13822854957616652540 13839559349066524994 4603175079822786122 13838146074467459859 13822854957616652540 13839559349066524994 13839559349066524994 13822854957616652540 13838146074467459859 4603175079822786122 13839559349066524994 13822854957616652540 13838146074467459859 4603175079822786122 13839559349066524994 13838146074467459859 13822854957616652540 13839559349066524994 1 1 1 1 1
0 4608698834837748582 13835265752289778785 13833652409780867342 4598952865100133734 13834832695156810092 4612119237689943181 4611310526304856262 0 13835265752289778785 4598952865100133734 13834832695156810092 13827865313380115564 4582226212749008256 4598952865100133734 13834832695156810092 13827865313380115564 4582226212749008256 4598952865100133734 4598952865100133734 4582226212749008256 13827865313380115564 13834832695156810092 4598952865100133734 4582226212749008256 13827865313380115564 13834832695156810092 4598952865100133734 13827865313380115564 4582226212749008256 4598952865100133734 1 1 1 1 1
1 4614404877551228491 4611952694575723021 4613122594650925054 4612637529949459488 4612651319971518496 4609574388648504935 13824856645521432140 0 4614404877551228491 4612637529949459488 4612651319971518496 4609574388648504935 4603275924425642202 4612637529949459488 4612651319971518496 4609574388648504935 4603275924425642202 4612637529949459488 4612637529949459488 4603275924425642202 4609574388648504935 4612651319971518496 4612637529949459488 4603275924425642202 4609574388648504935 4612651319971518496 4612637529949459488 4609574388648504935 4603275924425642202 4612637529949459488 1 1 1 1 1
0 13827082576658857772 4612040289588475377 4614541273569543034 13832030375324675075 4608465188089080601 13837935278983301156 13834376588600948518 0 4612040289588475377 13832030375324675075 4608465188089080601 13843847917818346316 13841113039390631172 13832030375324675075 4608465188089080601 13843847917818346316 13841113039390631172 13832030375324675075 13832030375324675075 13841113039390631172 13843847917818346316 4608465188089080601 13832030375324675075 13841113039390631172 13843847917818346316 4608465188089080601 13832030375324675075 13843847917818346316 13841113039390631172 13832030375324675075 1 1 1 1 1
1 13838590660815474620 13835114845673464854 13822352644128614145 13835494057769288704 4606416950978552500 4613439963316665853 13823066086367183669 0 13838590660815474620 13835494057769288704 4606416950978552500 4613439963316665853 4604171204002766438 13835494057769288704 4606416950978552500 4613439963316665853 4604171204002766438 13835494057769288704 13835494057769288704 4604171204002766438 4613439963316665853 4606416950978552500 13835494057769288704 4604171204002766438 4613439963316665853 4606416950978552500 13835494057769288704 4613439963316665853 4604171204002766438 13835494057769288704 1 1 1 1 1
0 13836366414024309624 4576683033317147878 4615719433246461665 13837427606211706189 4613079459173694100 4608575129963183970 13831272185320207997 0 4576683033317147878 13837427606211706189 4613079459173694100 13838664380442148397 13840766527789829262 13837427606211706189 4613079459173694100 13838664380442148397 13840766527789829262 13837427606211706189 13837427606211706189 13840766527789829262 13838664380442148397 4613079459173694100 13837427606211706189 13840766527789829262 13838664380442148397 4613079459173694100 13837427606211706189 13838664380442148397 13840766527789829262 13837427606211706189 1 1 1 1 1
1 4614141065692256382 4606507887662228365 13828465506003633685 4614333900821101132 13820970075071808421 4607327308607229172 13835652206173803447 0 4614141065692256382 4614333900821101132 13820970075071808421 4607327308607229172 13831742757438072686 4614333900821101132 13820970075071808421 4607327308607229172 13831742757438072686 4614333900821101132 4614333900821101132 13831742757438072686 4607327308607229172 13820970075071808421 4614333900821101132 13831742757438072686 4607327308607229172 13820970075071808421 4614333900821101132 4607327308607229172 13831742757438072686 4614333900821101132 1 1 1 1 1
0 13821985294514208788 13835314184000171527 13826880527165175422 13836555069812700174 13824896493370935114 4612409818945100381 13835608944595782926 0 13835314184000171527 13836555069812700174 13824896493370935114 4610681077568575600 13834108776176268902 13836555069812700174 13824896493370935114 4610681077568575600 13834108776176268902 13836555069812700174 13836555069812700174 13834108776176268902 4610681077568575600 13824896493370935114 13836555069812700174 13834108776176268902 4610681077568575600 13824896493370935114 13836555069812700174 4610681077568575600 13834108776176268902 13836555069812700174 1 1 1 1 1
1 4614467459571650432 13832142424883404053 4607137815149307931 13837816861334699076 4614459785437885392 4616025389790746707 13825255196074055920 0 4614467459571650432 13837816861334699076 4614459785437885392 4616025389790746707 4603076649149330312 13837816861334699076 4614459785437885392 4616025389790746707 4603076649149330312 13837816861334699076 13837816861334699076 4603076649149330312 4616025389790746707 4614459785437885392 13837816861334699076 4603076649149330312 4616025389790746707 4614459785437885392 13837816861334699076 4616025389790746707 4603076649149330312 13837816861334699076 1 1 1 1 1
0 4611880258679316393 4611561106588123156 4615490713435786027 13839176426004608191 4607413165230525363 13835655610895121739 4613955021991649707 0 4611561106588123156 13839176426004608191 4607413165230525363 13835182054717472200 4616434998018871447 13839176426004608191 4607413165230525363 13835182054717472200 4616434998018871447 13839176426004608191 13839176426004608191 4616434998018871447 13835182054717472200 4607413165230525363 13839176426004608191 4616434998018871447 13835182054717472200 4607413165230525363 13839176426004608191 13835182054717472200 4616434998018871447 13839176426004608191 1 1 1 1 1
1 4615977093188342786 13832016558281018302 13837636348054434811 13836630090775292912 13836154654769830664 4615971526739203356 13839303985960453832 0 4615977093188342786 13836630090775292912 13836154654769830664 4615971526739203356 13837052186146768584 13836630090775292912 13836154654769830664 4615971526739203356 13837052186146768584 13836630090775292912 13836630090775292912 13837052186146768584 4615971526739203356 13836154654769830664 13836630090775292912 13837052186146768584 4615971526739203356 13836154654769830664 13836630090775292912 4615971526739203356 13837052186146768584 13836630090775292912 1 1 1 1 1
0 13825889735247153913 13836972832721334316 13834645867829868255 13833430580477621581 4614186678149282391 13839528085077911788 4608802813945945312 0 13836972832721334316 13833430580477621581 4614186678149282391 13842079620626876310 4592481890552055328 13833430580477621581 4614186678149282391 13842079620626876310 4592481890552055328 13833430580477621581 13833430580477621581 4592481890552055328 13842079620626876310 4614186678149282391 13833430580477621581 4592481890552055328 13842079620626876310 4614186678149282391 13833430580477621581 13842079620626876310 4592481890552055328 13833430580477621581 1 1 1 1 1
1 13826892524754582737 4615096657475590364 4610864651927348073 4603100572270550904 13836157185792821246 13837325284428172331 13821551723970882576 0 13826892524754582737 4603100572270550904 13836157185792821246 13837325284428172331 4604928385200916984 4603100572270550904 13836157185792821246 13837325284428172331 4604928385200916984 4603100572270550904 4603100572270550904 4604928385200916984 13837325284428172331 13836157185792821246 4603100572270550904 4604928385200916984 13837325284428172331 13836157185792821246 4603100572270550904 13837325284428172331 4604928385200916984 4603100572270550904 1 1 1 1 1
0 4615630883470588307 13833858242298236683 4613853745043229400 13837394711920027875 13833211687521332866 13826552484968317755 13836888885624280130 0 13833858242298236683 13837394711920027875 13833211687521332866 4620209188169877127 4618793526663009485 13837394711920027875 13833211687521332866 4620209188169877127 4618793526663009485 13837394711920027875 13837394711920027875 4618793526663009485 4620209188169877127 13833211687521332866 13837394711920027875 4618793526663009485 4620209188169877127 13833211687521332866 13837394711920027875 4620209188169877127 4618793526663009485 13837394711920027875 1 1 1 1 1
1 4607086654257541002 13833164868099606722 13833148456982564584 4610098985947499560 4615247077703144538 13835077528846952462 4614285649254693485 0 4607086654257541002 4610098985947499560 4615247077703144538 13835077528846952462 4616363533561568566 4610098985947499560 4615247077703144538 13835077528846952462 4616363533561568566 4610098985947499560 4610098985947499560 4616363533561568566 13835077528846952462 4615247077703144538 4610098985947499560 4616363533561568566 13835077528846952462 4615247077703144538 4610098985947499560 13835077528846952462 4616363533561568566 4610098985947499560 1 1 1 1 1
0 13836360577359192552 4614552721719795810 4615633792795947588 13823212507398268739 13835064036062468860 4614081068738020553 13831542383283451717 0 4614552721719795810 13823212507398268739 13835064036062468860 13843972050950206494 13845866806181638698 13823212507398268739 13835064036062468860 13843972050950206494 13845866806181638698 13823212507398268739 13823212507398268739 13845866806181638698 13843972050950206494 13835064036062468860 13823212507398268739 13845866806181638698 13843972050950206494 13835064036062468860 13823212507398268739 13843972050950206494 13845866806181638698 13823212507398268739 1 1 1 1 1
1 13831358726490647549 4613222025123498140 13827593068683819473 4606525541772767657 13831808023603872539 13834708089562320005 13836044775946122078 0 13831358726490647549 4606525541772767657 13831808023603872539 13834708089562320005 13832527896982709948 4606525541772767657 13831808023603872539 13834708089562320005 13832527896982709948 4606525541772767657 4606525541772767657 13832527896982709948 13834708089562320005 13831808023603872539 4606525541772767657 13832527896982709948 13834708089562320005 13831808023603872539 4606525541772767657 13834708089562320005 13832527896982709948 4606525541772767657 1 1 1 1 1
0 4593403853898460980 13834019056833730829 13835400761199408097 13821997039902036970 4600549733441608255 13837542862333369855 4603651056260203655 0 13834019056833730829 13821997039902036970 4600549733441608255 13840842840705586532 13824726898179497274 13821997039902036970 4600549733441608255 13840842840705586532 13824726898179497274 13821997039902036970 13821997039902036970 13824726898179497274 13840842840705586532 4600549733441608255 13821997039902036970 13824726898179497274 13840842840705586532 4600549733441608255 13821997039902036970 13840842840705586532 13824726898179497274 13821997039902036970 1 1 1 1 1
1 13833597736081391064 4611326270889153549 13835306662988793818 13832070547433351220 4602703102581837694 4611994307836279924 4613234644209654032 0 13833597736081391064 13832070547433351220 4602703102581837694 4611994307836279924 4615486444023339280 13832070547433351220 4602703102581837694 4611994307836279924 4615486444023339280 13832070547433351220 13832070547433351220 4615486444023339280 4611994307836279924 4602703102581837694 13832070547433351220 4615486444023339280 4611994307836279924 4602703102581837694 13832070547433351220 4611994307836279924 4615486444023339280 13832070547433351220 1 1 1 1 1
0 4609184142733594027 13826369134420288248 13837788227448268254 4609630719672644085 13831614783151061326 13834877154692331494 13827426579612794840 0 13826369134420288248 4609630719672644085 13831614783151061326 13840844999765114962 13836933226277741736 4609630719672644085 13831614783151061326 13840844999765114962 13836933226277741736 4609630719672644085 4609630719672644085 13836933226277741736 13840844999765114962 13831614783151061326 4609630719672644085 13836933226277741736 13840844999765114962 13831614783151061326 4609630719672644085 13840844999765114962 13836933226277741736 4609630719672644085 1 1 1 1 1
1 13836932363375082765 4606685617717922914 4612281313233332991 13835428422308319407 4612049422888519684 4615325530408653332 13835440095638553551 0 13836932363375082765 13835428422308319407 4612049422888519684 4615325530408653332 13831318536367572894 13835428422308319407 4612049422888519684 4615325530408653332 13831318536367572894 13835428422308319407 13835428422308319407 13831318536367572894 4615325530408653332 4612049422888519684 13835428422308319407 13831318536367572894 4615325530408653332 4612049422888519684 13835428422308319407 4615325530408653332 13831318536367572894 13835428422308319407 1 1 1 1 1
0 13836235179131168048 13831621646636893438 4614473026020789862 4608545081946470154 13836276026779788298 4592502557512234577 4611567753901173155 0 13831621646636893438 4608545081946470154 13836276026779788298 13834935118589109557 4606211996027562514 4608545081946470154 13836276026779788298 13834935118589109557 4606211996027562514 4608545081946470154 4608545081946470154 4606211996027562514 13834935118589109557 13836276026779788298 4608545081946470154 4606211996027562514 13834935118589109557 13836276026779788298 4608545081946470154 13834935118589109557 4606211996027562514 4608545081946470154 1 1 1 1 1
1 4616124324867360783 13835845239461031801 4613030892355312536 13838428846480863198 4593147040633309805 4612728691813116721 13832597126316181888 0 4616124324867360783 13838428846480863198 4593147040633309805 4612728691813116721 13825214339418236416 13838428846480863198 4593147040633309805 4612728691813116721 13825214339418236416 13838428846480863198 13838428846480863198 13825214339418236416 4612728691813116721 4593147040633309805 13838428846480863198 13825214339418236416 4612728691813116721 4593147040633309805 13838428846480863198 4612728691813116721 13825214339418236416 13838428846480863198 1 1 1 1 1
0 13837792298702331397 4613856537274998369 13823712515043297921 4580452221946083813 13831721464419034478 13835256979277704667 13837813285476594944 0 4613856537274998369 4580452221946083813 13831721464419034478 13830057045876117034 13830914763535865184 4580452221946083813 13831721464419034478 13830057045876117034 13830914763535865184 4580452221946083813 4580452221946083813 13830914763535865184 13830057045876117034 13831721464419034478 4580452221946083813 13830914763535865184 13830057045876117034 13831721464419034478 4580452221946083813 13830057045876117034 13830914763535865184 4580452221946083813 1 1 1 1 1
1 4611704014811498877 4610692019946431707 4608963232164672250 13838097858929849230 13834650155256713511 13839330449111864261 13820475904091896311 0 4611704014811498877 13838097858929849230 13834650155256713511 13839330449111864261 4605198457063371138 13838097858929849230 13834650155256713511 13839330449111864261 4605198457063371138 13838097858929849230 13838097858929849230 4605198457063371138 13839330449111864261 13834650155256713511 13838097858929849230 4605198457063371138 13839330449111864261 13834650155256713511 13838097858929849230 13839330449111864261 4605198457063371138 13838097858929849230 1 1 1 1 1
0 4588629029487131723 13836330970695242218 13837481298126463700 4599577100037284304 13836308002337142629 4609273061804636830 4610130078799326926 0 13836330970695242218 4599577100037284304 13836308002337142629 13836345517905849251 13832272363907474198 4599577100037284304 13836308002337142629 13836345517905849251 13832272363907474198 4599577100037284304 4599577100037284304 13832272363907474198 13836345517905849251 13836308002337142629 4599577100037284304 13832272363907474198 13836345517905849251 13836308002337142629 4599577100037284304 13836345517905849251 13832272363907474198 4599577100037284304 1 1 1 1 1
1 4608463404663628162 13836809973551609344 13832110809614019912 4612674747696780077 4613421885867761588 13828215430123525056 13835688343057213468 0 4608463404663628162 4612674747696780077 4613421885867761588 13828215430123525056 13831815031204892728 4612674747696780077 4613421885867761588 13828215430123525056 13831815031204892728 4612674747696780077 4612674747696780077 13831815031204892728 13828215430123525056 4613421885867761588 4612674747696780077 13831815031204892728 13828215430123525056 4613421885867761588 4612674747696780077 13828215430123525056 13831815031204892728 4612674747696780077 1 1 1 1 1
0 13835616366527968832 4615770062713472565 13828232327629326950 13837225358559640235 4613506922835925598 13831911065963346776 4610136401853203754 0 4615770062713472565 13837225358559640235 4613506922835925598 4606715980405826436 4617208961595919505 13837225358559640235 4613506922835925598 4606715980405826436 4617208961595919505 13837225358559640235 13837225358559640235 4617208961595919505 4606715980405826436 4613506922835925598 13837225358559640235 4617208961595919505 4606715980405826436 4613506922835925598 13837225358559640235 4606715980405826436 4617208961595919505 13837225358559640235 1 1 1 1 1
1 13822957135284998322 13836995233625880857 13836103088554097271 4613754746916220541 4610229410192708210 4612222027847838286 4612079155653259584 0 13822957135284998322 4613754746916220541 4610229410192708210 4612222027847838286 4614330955466944832 4613754746916220541 4610229410192708210 4612222027847838286 4614330955466944832 4613754746916220541 4613754746916220541 4614330955466944832 4612222027847838286 4610229410192708210 4613754746916220541 4614330955466944832 4612222027847838286 4610229410192708210 4613754746916220541 4612222027847838286 4614330955466944832 4613754746916220541 1 1 1 1 1
0 13833974831485390051 13832567114328265091 13831991049892728876 13834394873215435642 13839063637855540324 4605101755772172239 4613570468626667795 0 13832567114328265091 13834394873215435642 13839063637855540324 4606958517809814176 4616238038502260964 13834394873215435642 13839063637855540324 4606958517809814176 4616238038502260964 13834394873215435642 13834394873215435642 4616238038502260964 4606958517809814176 13839063637855540324 13834394873215435642 4616238038502260964 4606958517809814176 13839063637855540324 13834394873215435642 4606958517809814176 4616238038502260964 13834394873215435642 1 1 1 1 1
1 4610555272647346229 13829952954888561613 4605706679274120644 13835897093907141345 13833717135514711911 13829865729170978701 13826727765065815015 0 4610555272647346229 13835897093907141345 13833717135514711911 13829865729170978701 4601325001095862322 13835897093907141345 13833717135514711911 13829865729170978701 4601325001095862322 13835897093907141345 13835897093907141345 4601325001095862322 13829865729170978701 13833717135514711911 13835897093907141345 4601325001095862322 13829865729170978701 13833717135514711911 13835897093907141345 13829865729170978701 4601325001095862322 13835897093907141345 1 1 1 1 1
0 4615079868056179527 4607436349761407066 4614063873994643252 4612024608054572873 13832471457872179741 4609381400397272855 13824085773380414387 0 4607436349761407066 4612024608054572873 13832471457872179741 4617577910686926061 4616588032999628908 4612024608054572873 13832471457872179741 4617577910686926061 4616588032999628908 4612024608054572873 4612024608054572873 4616588032999628908 4617577910686926061 13832471457872179741 4612024608054572873 4616588032999628908 4617577910686926061 13832471457872179741 4612024608054572873 4617577910686926061 4616588032999628908 4612024608054572873 1 1 1 1 1
1 4611198404688533246 4615431040740723368 13832730036548384846 13839113663840201155 4614881241298213978 4592014007024657426 4614279632445591318 0 4611198404688533246 13839113663840201155 4614881241298213978 4592014007024657426 4616360525157017483 13839113663840201155 4614881241298213978 4592014007024657426 4616360525157017483 13839113663840201155 13839113663840201155 4616360525157017483 4592014007024657426 4614881241298213978 13839113663840201155 4616360525157017483 4592014007024657426 4614881241298213978 13839113663840201155 4592014007024657426 4616360525157017483 13839113663840201155 1 1 1 1 1
0 4598113394129591874 13836251464147420620 13838545886027979302 13839013368676499614 4609080469870171958 13836361910424682254 4609474462779972839 0 13836251464147420620 13839013368676499614 4609080469870171958 13843512358495690598 13836005985694609738 13839013368676499614 4609080469870171958 13843512358495690598 13836005985694609738 13839013368676499614 13839013368676499614 13836005985694609738 13843512358495690598 4609080469870171958 13839013368676499614 13836005985694609738 13843512358495690598 4609080469870171958 13839013368676499614 13843512358495690598 13836005985694609738 13839013368676499614 1 1 1 1 1
1 4601180165331846087 4614946192212039916 13836068446865763538 13826465079106749749 13819713967092539261 13836282475934454693 4606023012111947148 0 4601180165331846087 13826465079106749749 13819713967092539261 13836282475934454693 4611106315083352774 13826465079106749749 13819713967092539261 13836282475934454693 4611106315083352774 13826465079106749749 13826465079106749749 4611106315083352774 13836282475934454693 13819713967092539261 13826465079106749749 4611106315083352774 13836282475934454693 13819713967092539261 13826465079106749749 13836282475934454693 4611106315083352774 13826465079106749749 1 1 1 1 1
0 13833150150336024475 13837117137060594522 4612340418474842601 4613916696358820784 4612819898712770229 13836324116216609361 4610059264198786152 0 13837117137060594522 4613916696358820784 4612819898712770229 13830688484738157111 4616382452693989813 4613916696358820784 4612819898712770229 13830688484738157111 4616382452693989813 4613916696358820784 4613916696358820784 4616382452693989813 13830688484738157111 4612819898712770229 4613916696358820784 4616382452693989813 13830688484738157111 4612819898712770229 4613916696358820784 13830688484738157111 4616382452693989813 4613916696358820784 1 1 1 1 1
1 13835964810031138488 4612886407872067236 4610613963557690122 13835037879155833092 4598019142796590264 13835094948770311131 13836425104934653517 0 13835964810031138488 13835037879155833092 4598019142796590264 13835094948770311131 13833288554959772826 13835037879155833092 4598019142796590264 13835094948770311131 13833288554959772826 13835037879155833092 13835037879155833092 13833288554959772826 13835094948770311131 4598019142796590264 13835037879155833092 13833288554959772826 13835094948770311131 4598019142796590264 13835037879155833092 13835094948770311131 13833288554959772826 13835037879155833092 1 1 1 1 1
0 4599165435002545622 13818058660042299981 13839528904733043970 13823145998238971731 4603281184630006971 13824836469395101520 4614038924052707620 0 13818058660042299981 13823145998238971731 4603281184630006971 13832110613283737468 4614234946816037968 13823145998238971731 4603281184630006971 13832110613283737468 4614234946816037968 13823145998238971731 13823145998238971731 4614234946816037968 13832110613283737468 4603281184630006971 13823145998238971731 4614234946816037968 13832110613283737468 4603281184630006971 13823145998238971731 13832110613283737468 4614234946816037968 13823145998238971731 1 1 1 1 1
1 13836826159488670114 4612661912437842072 13837213207847845589 13833663686794334278 4615691501921572714 13833210588643023787 13836618624610641627 0 13836826159488670114 13833663686794334278 4615691501921572714 13833210588643023787 13833675594311749046 13833663686794334278 4615691501921572714 13833210588643023787 13833675594311749046 13833663686794334278 13833663686794334278 13833675594311749046 13833210588643023787 4615691501921572714 13833663686794334278 13833675594311749046 13833210588643023787 4615691501921572714 13833663686794334278 13833210588643023787 13833675594311749046 13833663686794334278 1 1 1 1 1
0 13820398081890335349 13837687824198175656 13832253339535026933 13826540811638083611 13838020351980262184 13830109427954014973 4598572761291583664 0 13837687824198175656 13826540811638083611 13838020351980262184 13837268939373681031 13828385249780060872 13826540811638083611 13838020351980262184 13837268939373681031 13828385249780060872 13826540811638083611 13826540811638083611 13828385249780060872 13837268939373681031 13838020351980262184 13826540811638083611 13828385249780060872 13837268939373681031 13838020351980262184 13826540811638083611 13837268939373681031 13828385249780060872 13826540811638083611 1 1 1 1 1
1 4614385196820856882 13831462831699633845 4608231054951652864 4611654042870033573 13837137673474895331 4615646222730919131 4614966422381566064 0 4614385196820856882 4611654042870033573 13837137673474895331 4615646222730919131 4616703920125004856 4611654042870033573 13837137673474895331 4615646222730919131 4616703920125004856 4611654042870033573 4611654042870033573 4616703920125004856 4615646222730919131 13837137673474895331 4611654042870033573 4616703920125004856 4615646222730919131 13837137673474895331 4611654042870033573 4615646222730919131 4616703920125004856 4611654042870033573 1 1 1 1 1
0 13836112239868540088 13837350270398904983 13838501885859619892 4599743264849135766 13835196171675535910 13831238462366198247 13838011813155368690 0 13837350270398904983 4599743264849135766 13835196171675535910 13835332991492627424 13837944746010129886 4599743264849135766 13835196171675535910 13835332991492627424 13837944746010129886 4599743264849135766 4599743264849135766 13837944746010129886 13835332991492627424 13835196171675535910 4599743264849135766 13837944746010129886 13835332991492627424 13835196171675535910 4599743264849135766 13835332991492627424 13837944746010129886 4599743264849135766 1 1 1 1 1
1 4615480931617395379 13835511126411876439 13827213145019254498 13838019108986765030 4607958136814234212 13835502785745366548 13825158494782857020 0 4615480931617395379 13838019108986765030 4607958136814234212 13835502785745366548 4603124999794929762 13838019108986765030 4607958136814234212 13835502785745366548 4603124999794929762 13838019108986765030 13838019108986765030 4603124999794929762 13835502785745366548 4607958136814234212 13838019108986765030 4603124999794929762 13835502785745366548 4607958136814234212 13838019108986765030 13835502785745366548 4603124999794929762 13838019108986765030 1 1 1 1 1
0 13836674361159629964 4611302599969512089 4614849391841649214 4614253547596549588 13838477206133661902 4612127209061283627 13838543580184970088 0 4611302599969512089 4614253547596549588 13838477206133661902 13841465256983372978 13845435784504578302 4614253547596549588 13838477206133661902 13841465256983372978 13845435784504578302 4614253547596549588 4614253547596549588 13845435784504578302 13841465256983372978 13838477206133661902 4614253547596549588 13845435784504578302 13841465256983372978 13838477206133661902 4614253547596549588 13841465256983372978 13845435784504578302 4614253547596549588 1 1 1 1 1
1 4609221666725689278 13832175012930307706 4595382843661118633 4605890822455684569 4603101617105664454 4611791222514683279 4615629118059534378 0 4609221666725689278 4605890822455684569 4603101617105664454 4611791222514683279 4617035267963989013 4605890822455684569 4603101617105664454 4611791222514683279 4617035267963989013 4605890822455684569 4605890822455684569 4617035267963989013 4611791222514683279 4603101617105664454 4605890822455684569 4617035267963989013 4611791222514683279 4603101617105664454 4605890822455684569 4611791222514683279 4617035267963989013 4605890822455684569 1 1 1 1 1
0 4604558189311547129 4616185357649510908 4606228700514128413 13835175365045257459 4610048023214116236 4609556392264393963 4613202767731491504 0 4616185357649510908 13835175365045257459 4610048023214116236 4588310589620691936 4612143121133442250 13835175365045257459 4610048023214116236 4588310589620691936 4612143121133442250 13835175365045257459 13835175365045257459 4612143121133442250 4588310589620691936 4610048023214116236 13835175365045257459 4612143121133442250 4588310589620691936 4610048023214116236 13835175365045257459 4588310589620691936 4612143121133442250 13835175365045257459 1 1 1 1 1
1 13823372259084250825 4607555929338713007 4589143232478186377 13837961561990726490 4614935068320960310 13838870487474721658 13836871213499342328 0 13823372259084250825 13837961561990726490 4614935068320960310 13838870487474721658 13834180772089150448 13837961561990726490 4614935068320960310 13838870487474721658 13834180772089150448 13837961561990726490 13837961561990726490 13834180772089150448 13838870487474721658 4614935068320960310 13837961561990726490 13834180772089150448 13838870487474721658 4614935068320960310 13837961561990726490 13838870487474721658 13834180772089150448 13837961561990726490 1 1 1 1 1
0 4605018168963088242 4606663279863771156 13834914642655629726 13839139496487663752 13836755110700948717 4613494438857758527 13836027509145150740 0 4606663279863771156 13839139496487663752 13836755110700948717 4613899168218989087 13831683904658306152 13839139496487663752 13836755110700948717 4613899168218989087 13831683904658306152 13839139496487663752 13839139496487663752 13831683904658306152 4613899168218989087 13836755110700948717 13839139496487663752 13831683904658306152 4613899168218989087 13836755110700948717 13839139496487663752 4613899168218989087 13831683904658306152 13839139496487663752 1 1 1 1 1
1 13824769527890240285 4613969208330475924 4615106925682740769 13837697669066961088 4596895476675162816 4608787159433640573 13836960627966344142 0 13824769527890240285 13837697669066961088 4596895476675162816 4608787159433640573 13834359601023154076 13837697669066961088 4596895476675162816 4608787159433640573 13834359601023154076 13837697669066961088 13837697669066961088 13834359601023154076 4608787159433640573 4596895476675162816 13837697669066961088 13834359601023154076 4608787159433640573 4596895476675162816 13837697669066961088 4608787159433640573 13834359601023154076 13837697669066961088 1 1 1 1 1
0 4605845137941064522 4609558698107403177 13833026841778227071 13837307324072858378 4608373404728674790 4610755700845162726 4604357076566587273 0 4609558698107403177 13837307324072858378 4608373404728674790 4612399989579776522 4612158812812531577 13837307324072858378 4608373404728674790 4612399989579776522 4612158812812531577 13837307324072858378 13837307324072858378 4612158812812531577 4612399989579776522 4608373404728674790 13837307324072858378 4612158812812531577 4612399989579776522 4608373404728674790 13837307324072858378 4612399989579776522 4612158812812531577 13837307324072858378 1 1 1 1 1
1 13827719565790153055 4611201070819512649 4609434777060056450 4611235460306267250 13835846383375337153 4614503497375868651 4605917519794275621 0 13827719565790153055 4611235460306267250 13835846383375337153 4614503497375868651 4611053568924517010 4611235460306267250 13835846383375337153 4614503497375868651 4611053568924517010 4611235460306267250 4611235460306267250 4611053568924517010 4614503497375868651 13835846383375337153 4611235460306267250 4611053568924517010 4614503497375868651 13835846383375337153 4611235460306267250 4614503497375868651 4611053568924517010 4611235460306267250 1 1 1 1 1
0 4608207528147199480 4613107255390594230 13839226929370829523 4610000140942878033 4614356391797640221 4615332312829692152 4614153423569633887 0 4613107255390594230 4610000140942878033 4614356391797640221 4618803997709602960 4619340452986416451 4610000140942878033 4614356391797640221 4618803997709602960 4619340452986416451 4610000140942878033 4610000140942878033 4619340452986416451 4618803997709602960 4614356391797640221 4610000140942878033 4619340452986416451 4618803997709602960 4614356391797640221 4610000140942878033 4618803997709602960 4619340452986416451 4610000140942878033 1 1 1 1 1
1 13834485305495953242 4611467755975047020 4612575326231406246 13830419491781160177 4613666566435516627 4616053240050842367 4614789665103391027 0 13834485305495953242 13830419491781160177 4613666566435516627 4616053240050842367 4616615541485917338 13830419491781160177 4613666566435516627 4616053240050842367 4616615541485917338 13830419491781160177 13830419491781160177 4616615541485917338 4616053240050842367 4613666566435516627 13830419491781160177 4616615541485917338 4616053240050842367 4613666566435516627 13830419491781160177 4616053240050842367 4616615541485917338 13830419491781160177 1 1 1 1 1
0 13838091688998359733 4612790147933631819 13839370080788585122 13818021766554152562 13836928355171414405 4603808718275958641 13833281637430745184 0 4612790147933631819 13818021766554152562 13836928355171414405 4622974402860552923 4622281411467891288 13818021766554152562 13836928355171414405 4622974402860552923 4622281411467891288 13818021766554152562 13818021766554152562 4622281411467891288 4622974402860552923 13836928355171414405 13818021766554152562 4622281411467891288 4622974402860552923 13836928355171414405 13818021766554152562 4622974402860552923 4622281411467891288 13818021766554152562 1 1 1 1 1
1 13833594835763231038 4612280835851772490 13835339070891712376 4608912701776853153 13834241660756112498 13829311209956059826 4615204924010632351 0 13833594835763231038 4608912701776853153 13834241660756112498 13829311209956059826 4616823170939538000 4608912701776853153 13834241660756112498 13829311209956059826 4616823170939538000 4608912701776853153 4608912701776853153 4616823170939538000 13829311209956059826 13834241660756112498 4608912701776853153 4616823170939538000 13829311209956059826 13834241660756112498 4608912701776853153 13829311209956059826 4616823170939538000 4608912701776853153 1 1 1 1 1
0 13828861390425278061 4592747841562339684 13829415909640196936 4615282692168997784 4606107067295392390 4607218321496246806 13836062772330233051 0 4592747841562339684 4615282692168997784 4606107067295392390 4609036397433341962 13830745813813836738 4615282692168997784 4606107067295392390 4609036397433341962 13830745813813836738 4615282692168997784 4615282692168997784 13830745813813836738 4609036397433341962 4606107067295392390 4615282692168997784 13830745813813836738 4609036397433341962 4606107067295392390 4615282692168997784 4609036397433341962 13830745813813836738 4615282692168997784 1 1 1 1 1
1 4614180472188995874 4611971006211807909 13836616859199587698 4611053677010908067 13839316749161797800 13829307426932372835 13829621706128769258 0 4614180472188995874 4611053677010908067 13839316749161797800 13829307426932372835 4592126416871356592 4611053677010908067 13839316749161797800 13829307426932372835 4592126416871356592 4611053677010908067 4611053677010908067 4592126416871356592 13829307426932372835 13839316749161797800 4611053677010908067 4592126416871356592 13829307426932372835 13839316749161797800 4611053677010908067 13829307426932372835 4592126416871356592 4611053677010908067 1 1 1 1 1
0 13836878176064366243 13837562903351711653 13835373559457658779 4613821030895536180 4613288894570765337 13836521743175457633 4613407645485739842 0 13837562903351711653 4613821030895536180 4613288894570765337 13837254439717645313 4614926748757237410 4613821030895536180 4613288894570765337 13837254439717645313 4614926748757237410 4613821030895536180 4613821030895536180 4614926748757237410 13837254439717645313 4613288894570765337 4613821030895536180 4614926748757237410 13837254439717645313 4613288894570765337 4613821030895536180 13837254439717645313 4614926748757237410 4613821030895536180 1 1 1 1 1
1 4578380133771929157 13836297734129992224 4609679556707003291 13831488988606269613 4614298268340849377 4611271723290466837 4594337143856440222 0 4578380133771929157 13831488988606269613 4614298268340849377 4611271723290466837 4607828559245755508 13831488988606269613 4614298268340849377 4611271723290466837 4607828559245755508 13831488988606269613 13831488988606269613 4607828559245755508 4611271723290466837 4614298268340849377 13831488988606269613 4607828559245755508 4611271723290466837 4614298268340849377 13831488988606269613 4611271723290466837 4607828559245755508 13831488988606269613 1 1 1 1 1
0 13832095551418482381 4610221123569393848 13830667405933447668 4604819974550686922 4611443328450668163 13836241988573804632 4613885495420602362 0 4610221123569393848 4604819974550686922 4611443328450668163 13830369626333613102 4617904426862333603 4604819974550686922 4611443328450668163 13830369626333613102 4617904426862333603 4604819974550686922 4604819974550686922 4617904426862333603 13830369626333613102 4611443328450668163 4604819974550686922 4617904426862333603 13830369626333613102 4611443328450668163 4604819974550686922 13830369626333613102 4617904426862333603 4604819974550686922 1 1 1 1 1
1 13828405157768626920 4614359670418168946 4608608997032381796 13835800824961506673 4614574248926014641 4613180573992527822 13832251970440740213 0 13828405157768626920 13835800824961506673 4614574248926014641 4613180573992527822 13823833715916469716 13835800824961506673 4614574248926014641 4613180573992527822 13823833715916469716 13835800824961506673 13835800824961506673 13823833715916469716 4613180573992527822 4614574248926014641 13835800824961506673 13823833715916469716 4613180573992527822 4614574248926014641 13835800824961506673 4613180573992527822 13823833715916469716 13835800824961506673 1 1 1 1 1
0 13838910956820973209 4605186387416369785 4604389790714280492 4615118653056170441 13821524053854772011 4616136457564756919 13834191832929835271 0 4605186387416369785 4615118653056170441 13821524053854772011 4612648973837991965 13835860628019079198 4615118653056170441 13821524053854772011 4612648973837991965 13835860628019079198 4615118653056170441 4615118653056170441 13835860628019079198 4612648973837991965 13821524053854772011 4615118653056170441 13835860628019079198 4612648973837991965 13821524053854772011 4615118653056170441 4612648973837991965 13835860628019079198 4615118653056170441 1 1 1 1 1
1 13834616864648267989 13835459920484113236 4606947150755483573 4607538743602534962 13831799628894167120 4615614733562324556 13834435819943247695 0 13834616864648267989 4607538743602534962 13831799628894167120 4615614733562324556 13829309984976961182 4607538743602534962 13831799628894167120 4615614733562324556 13829309984976961182 4607538743602534962 4607538743602534962 13829309984976961182 4615614733562324556 13831799628894167120 4607538743602534962 13829309984976961182 4615614733562324556 13831799628894167120 4607538743602534962 4615614733562324556 13829309984976961182 4607538743602534962 1 1 1 1 1
0 4608297888370123042 13836056097995585288 4614157738018076908 4606125369924278024 4598678758012413456 13831141310715036611 4616046853946570755 0 13836056097995585288 4606125369924278024 4598678758012413456 4616849713156287602 4622186830995219634 4606125369924278024 4598678758012413456 4616849713156287602 4622186830995219634 4606125369924278024 4606125369924278024 4622186830995219634 4616849713156287602 4598678758012413456 4606125369924278024 4622186830995219634 4616849713156287602 4598678758012413456 4606125369924278024 4616849713156287602 4622186830995219634 4606125369924278024 1 1 1 1 1
1 13838186075439350164 4610607280215843104 13833073679214351724 13835141921314424605 4615890678118692801 13836296815395668241 4614514143885387754 0 13838186075439350164 13835141921314424605 4615890678118692801 13836296815395668241 4616477780876915701 13835141921314424605 4615890678118692801 13836296815395668241 4616477780876915701 13835141921314424605 13835141921314424605 4616477780876915701 13836296815395668241 4615890678118692801 13835141921314424605 4616477780876915701 13836296815395668241 4615890678118692801 13835141921314424605 13836296815395668241 4616477780876915701 13835141921314424605 1 1 1 1 1
0 13836016628448451013 4611713436341919336 13838232327407523259 13835491851005471293 4613876434178152092 4612347200895881421 13833847829975898203 0 4611713436341919336 13835491851005471293 4613876434178152092 4621739986248667474 4619381020186997799 13835491851005471293 4613876434178152092 4621739986248667474 4619381020186997799 13835491851005471293 13835491851005471293 4619381020186997799 4621739986248667474 4613876434178152092 13835491851005471293 4619381020186997799 4621739986248667474 4613876434178152092 13835491851005471293 4621739986248667474 4619381020186997799 13835491851005471293 1 1 1 1 1
1 4606231654875483968 13836339293347353599 13832195801546187648 4589959500903448024 4615654509354233492 4595068384320737115 13818476882318096115 0 4606231654875483968 4589959500903448024 4615654509354233492 4595068384320737115 4605698212506821187 4589959500903448024 4615654509354233492 4595068384320737115 4605698212506821187 4589959500903448024 4589959500903448024 4605698212506821187 4595068384320737115 4615654509354233492 4589959500903448024 4605698212506821187 4595068384320737115 4615654509354233492 4589959500903448024 4595068384320737115 4605698212506821187 4589959500903448024 1 1 1 1 1
0 13839233378525495918 13835245522120252636 13838140012622361418 4612201599519928533 13836456828290428714 4606458636296703441 4611765786183987890 0 13835245522120252636 4612201599519928533 13836456828290428714 4615970147142630391 4618462039103593882 4612201599519928533 13836456828290428714 4615970147142630391 4618462039103593882 4612201599519928533 4612201599519928533 4618462039103593882 4615970147142630391 13836456828290428714 4612201599519928533 4618462039103593882 4615970147142630391 13836456828290428714 4612201599519928533 4615970147142630391 4618462039103593882 4612201599519928533 1 1 1 1 1
1 4615300562452319190 13830745174091813102 13837138213906850616 13829369252348057377 4615209706833436618 13833916194618241687 4615284736803228610 0 4615300562452319190 13829369252348057377 4615209706833436618 13833916194618241687 4616863077335836129 13829369252348057377 4615209706833436618 13833916194618241687 4616863077335836129 13829369252348057377 13829369252348057377 4616863077335836129 13833916194618241687 4615209706833436618 13829369252348057377 4616863077335836129 13833916194618241687 4615209706833436618 13829369252348057377 13833916194618241687 4616863077335836129 13829369252348057377 1 1 1 1 1
0 4602699968076497044 4595199096796321916 13836184783851337772 13823975381146348282 4612253859290004540 13832796329534899739 13828999344689063674 0 4595199096796321916 13823975381146348282 4612253859290004540 13834682219224988731 13821406730803105000 13823975381146348282 4612253859290004540 13834682219224988731 13821406730803105000 13823975381146348282 13823975381146348282 13821406730803105000 13834682219224988731 4612253859290004540 13823975381146348282 13821406730803105000 13834682219224988731 4612253859290004540 13823975381146348282 13834682219224988731 13821406730803105000 13823975381146348282 1 1 1 1 1
1 4604055515535538544 4613694425702811541 13837966461907121069 4613100716163935288 4612333419881021668 4615679035957804152 13837149770143494448 0 4604055515535538544 4613100716163935288 4612333419881021668 4615679035957804152 13834737885377454688 4613100716163935288 4612333419881021668 4615679035957804152 13834737885377454688 4613100716163935288 4613100716163935288 13834737885377454688 4615679035957804152 4612333419881021668 4613100716163935288 13834737885377454688 4615679035957804152 4612333419881021668 4613100716163935288 4615679035957804152 13834737885377454688 4613100716163935288 1 1 1 1 1
0 13833212534198062811 4614304348200346327 4611293142410294611 13837901366878107056 13826827636891151583 13830797614005874204 4614135075904751980 0 4614304348200346327 13837901366878107056 13826827636891151583 13841362712341697546 13825295482464058576 13837901366878107056 13826827636891151583 13841362712341697546 13825295482464058576 13837901366878107056 13837901366878107056 13825295482464058576 13841362712341697546 13826827636891151583 13837901366878107056 13825295482464058576 13841362712341697546 13826827636891151583 13837901366878107056 13841362712341697546 13825295482464058576 13837901366878107056 1 1 1 1 1
1 4615093865243821394 13831558902486884912 13834512633338492126 13834891746355124174 13829724964661025609 13832399742551713494 4613552688415338937 0 4615093865243821394 13834891746355124174 13829724964661025609 13832399742551713494 4615804488229024185 13834891746355124174 13829724964661025609 13832399742551713494 4615804488229024185 13834891746355124174 13834891746355124174 4615804488229024185 13832399742551713494 13829724964661025609 13834891746355124174 4615804488229024185 13832399742551713494 13829724964661025609 13834891746355124174 13832399742551713494 4615804488229024185 13834891746355124174 1 1 1 1 1
0 13839503855711916535 13836141522273317251 13834040548011152641 13825104307472140499 13832836897960343093 4607947202074338956 13819185208467488946 0 13836141522273317251 13825104307472140499 13832836897960343093 4612799114330237907 4612001400735441026 13825104307472140499 13832836897960343093 4612799114330237907 4612001400735441026 13825104307472140499 13825104307472140499 4612001400735441026 4612799114330237907 13832836897960343093 13825104307472140499 4612001400735441026 4612799114330237907 13832836897960343093 13825104307472140499 4612799114330237907 4612001400735441026 13825104307472140499 1 1 1 1 1
1 4613603822285508101 4613476577581636375 13806548612316245600 4614245351045227774 4615994792334878352 13827453961498529253 13835203062182965787 0 4613603822285508101 4614245351045227774 4615994792334878352 13827453961498529253 13830844469456397366 4614245351045227774 4615994792334878352 13827453961498529253 13830844469456397366 4614245351045227774 4614245351045227774 13830844469456397366 13827453961498529253 4615994792334878352 4614245351045227774 13830844469456397366 13827453961498529253 4615994792334878352 4614245351045227774 13827453961498529253 13830844469456397366 4614245351045227774 1 1 1 1 1
0 4614544894463643440 13836948540304944280 4612815746393913793 13830406593471827388 13830233294958166171 13838002391624948231 13834986772307261692 0 13836948540304944280 13830406593471827388 13830233294958166171 4616565747176554436 4619181635998514825 13830406593471827388 13830233294958166171 4616565747176554436 4619181635998514825 13830406593471827388 13830406593471827388 4619181635998514825 4616565747176554436 13830233294958166171 13830406593471827388 4619181635998514825 4616565747176554436 13830233294958166171 13830406593471827388 4616565747176554436 4619181635998514825 13830406593471827388 1 1 1 1 1
1 4608255086159264513 4604122997472355064 4614656962036770928 4614672904779451819 13834230726016217242 13838295476881498248 4609152311291427772 0 4608255086159264513 4614672904779451819 13834230726016217242 13838295476881498248 4612670964673093086 4614672904779451819 13834230726016217242 13838295476881498248 4612670964673093086 4614672904779451819 4614672904779451819 4612670964673093086 13838295476881498248 13834230726016217242 4614672904779451819 4612670964673093086 13838295476881498248 13834230726016217242 4614672904779451819 13838295476881498248 4612670964673093086 4614672904779451819 1 1 1 1 1
0 13834804034248781507 13827068633514411433 13836884670255028911 4611674615313131402 13837497042710760987 4606206795005540883 4612758226419473017 0 13827068633514411433 4611674615313131402 13837497042710760987 4613401804438620333 4617705568030726736 4611674615313131402 13837497042710760987 4613401804438620333 4617705568030726736 4611674615313131402 4611674615313131402 4617705568030726736 4613401804438620333 13837497042710760987 4611674615313131402 4617705568030726736 4613401804438620333 13837497042710760987 4611674615313131402 4613401804438620333 4617705568030726736 4611674615313131402 1 1 1 1 1
1 13830648652944599297 4609410925996429896 13835519746301563226 13835947831460543301 13839410739286021023 13838425045442777697 4605648564824529055 0 13830648652944599297 13835947831460543301 13839410739286021023 13838425045442777697 4610919091439643728 13835947831460543301 13839410739286021023 13838425045442777697 4610919091439643728 13835947831460543301 13835947831460543301 4610919091439643728 13838425045442777697 13839410739286021023 13835947831460543301 4610919091439643728 13838425045442777697 13839410739286021023 13835947831460543301 13838425045442777697 4610919091439643728 13835947831460543301 1 1 1 1 1
0 4592079147089667713 4603050780473070696 13835180787379208813 4605299337695024237 13838941716406428150 4614014379434738450 4614610349780627643 0 4603050780473070696 4605299337695024237 13838941716406428150 4615028462096066900 4617032925155199870 4605299337695024237 13838941716406428150 4615028462096066900 4617032925155199870 4605299337695024237 4605299337695024237 4617032925155199870 4615028462096066900 13838941716406428150 4605299337695024237 4617032925155199870 4615028462096066900 13838941716406428150 4605299337695024237 4615028462096066900 4617032925155199870 4605299337695024237 1 1 1 1 1
1 4601834736516086624 13822099433743164866 4603630844105076016 13825438582650882446 13838384053678969371 13817332895955149971 13837741227882557016 0 4601834736516086624 13825438582650882446 13838384053678969371 13817332895955149971 13835489428068871768 13825438582650882446 13838384053678969371 13817332895955149971 13835489428068871768 13825438582650882446 13825438582650882446 13835489428068871768 13817332895955149971 13838384053678969371 13825438582650882446 13835489428068871768 13817332895955149971 13838384053678969371 13825438582650882446 13817332895955149971 13835489428068871768 13825438582650882446 1 1 1 1 1
0 4615552926161038523 4607809860300102666 4613317321291613300 13834587933524261761 4599482704589094618 4614513324230255573 4598096244422210847 0 4607809860300102666 13834587933524261761 4599482704589094618 4619305311504998182 4617044765700836580 13834587933524261761 4599482704589094618 4619305311504998182 4617044765700836580 13834587933524261761 13834587933524261761 4617044765700836580 4619305311504998182 4599482704589094618 13834587933524261761 4617044765700836580 4619305311504998182 4599482704589094618 13834587933524261761 4619305311504998182 4617044765700836580 13834587933524261761 1 1 1 1 1
1 13839097513931937405 13838531348408382150 13828644605153614955 4587638669914674441 4606503672292977146 13835330099721254654 4614798663295446513 0 13839097513931937405 4587638669914674441 4606503672292977146 13835330099721254654 4616620040581945080 4587638669914674441 4606503672292977146 13835330099721254654 4616620040581945080 4587638669914674441 4587638669914674441 4616620040581945080 13835330099721254654 4606503672292977146 4587638669914674441 4616620040581945080 13835330099721254654 4606503672292977146 4587638669914674441 13835330099721254654 4616620040581945080 4587638669914674441 1 1 1 1 1
0 13822713004156397822 13829232595120964447 13836935227664445773 13837596293039348978 4604525979567012176 13834373183879630226 13836398065322490784 0 13829232595120964447 13837596293039348978 4604525979567012176 13836433744536848074 13835864390464756642 13837596293039348978 4604525979567012176 13836433744536848074 13835864390464756642 13837596293039348978 13837596293039348978 13835864390464756642 13836433744536848074 4604525979567012176 13837596293039348978 13835864390464756642 13836433744536848074 4604525979567012176 13837596293039348978 13836433744536848074 13835864390464756642 13837596293039348978 1 1 1 1 1
1 13833230782783752916 4608494029141094282 4605608176543070796 4611257041555681610 4610319878502022828 4610082430715269346 13839049973934270882 0 13833230782783752916 4611257041555681610 4610319878502022828 4610082430715269346 13836798174120585634 4611257041555681610 4610319878502022828 4610082430715269346 13836798174120585634 4611257041555681610 4611257041555681610 13836798174120585634 4610082430715269346 4610319878502022828 4611257041555681610 13836798174120585634 4610082430715269346 4610319878502022828 4611257041555681610 4610082430715269346 13836798174120585634 4611257041555681610 1 1 1 1 1
0 4612018843447049838 13833830932470096309 13826989550304954807 13823112347342556019 13836443839909103378 13835453723531025974 13824694587992440840 0 13833830932470096309 13823112347342556019 13836443839909103378 13838090057775263264 13826910859732139946 13823112347342556019 13836443839909103378 13838090057775263264 13826910859732139946 13823112347342556019 13823112347342556019 13826910859732139946 13838090057775263264 13836443839909103378 13823112347342556019 13826910859732139946 13838090057775263264 13836443839909103378 13823112347342556019 13838090057775263264 13826910859732139946 13823112347342556019 1 1 1 1 1
1 13839285278007601735 4593172404906411155 4586732473612053460 13835483330194976308 4614524457128534433 13827713332808268774 13839134317348092276 0 13839285278007601735 13835483330194976308 4614524457128534433 13827713332808268774 13836882517534407028 13835483330194976308 4614524457128534433 13827713332808268774 13836882517534407028 13835483330194976308 13835483330194976308 13836882517534407028 13827713332808268774 4614524457128534433 13835483330194976308 13836882517534407028 13827713332808268774 4614524457128534433 13835483330194976308 13827713332808268774 13836882517534407028 13835483330194976308 1 1 1 1 1
0 4615187053727310944 13838138679556871717 13829157366992788850 4615390805581652440 4612790490207203499 4614710095505174645 4610329786421203043 0 13838138679556871717 4615390805581652440 4612790490207203499 4601209425102900624 13820670739050424600 4615390805581652440 4612790490207203499 4601209425102900624 13820670739050424600 4615390805581652440 4615390805581652440 13820670739050424600 4601209425102900624 4612790490207203499 4615390805581652440 13820670739050424600 4601209425102900624 4612790490207203499 4615390805581652440 4601209425102900624 13820670739050424600 4615390805581652440 1 1 1 1 1
1 4606498376059815358 4612411728471342386 4609689356539792449 4613387424323412949 4591513927322034206 4610488439228876051 13832890652925495387 0 4606498376059815358 4613387424323412949 4591513927322034206 4610488439228876051 13826219650941456566 4613387424323412949 4591513927322034206 4610488439228876051 13826219650941456566 4613387424323412949 4613387424323412949 13826219650941456566 4610488439228876051 4591513927322034206 4613387424323412949 13826219650941456566 4610488439228876051 4591513927322034206 4613387424323412949 4610488439228876051 13826219650941456566 4613387424323412949 1 1 1 1 1
0 13835498615412111603 4607310068827855597 4587084114670958548 4612181369350402385 4613339199778603066 4612522508014976445 13814618486387741225 0 4607310068827855597 4612181369350402385 4613339199778603066 4612348127989246601 4605662145088372971 4612181369350402385 4613339199778603066 4612348127989246601 4605662145088372971 4612181369350402385 4612181369350402385 4605662145088372971 4612348127989246601 4613339199778603066 4612181369350402385 4605662145088372971 4612348127989246601 4613339199778603066 4612181369350402385 4612348127989246601 4605662145088372971 4612181369350402385 1 1 1 1 1
1 4614566682878640659 4615744401202795808 4613242570544998204 4610818030664005534 13820322709646971677 13836916483682796657 4612222874524568231 0 4614566682878640659 4610818030664005534 13820322709646971677 13836916483682796657 4614474674338253479 4610818030664005534 13820322709646971677 13836916483682796657 4614474674338253479 4610818030664005534 4610818030664005534 4614474674338253479 13836916483682796657 13820322709646971677 4610818030664005534 4614474674338253479 13836916483682796657 13820322709646971677 4610818030664005534 13836916483682796657 4614474674338253479 4610818030664005534 1 1 1 1 1
0 4608615914561409437 13830142790620054534 4611394023041947711 4605624569645714425 4605962771963331440 13830013086950786263 13832605430953894759 0 13830142790620054534 4605624569645714425 4605962771963331440 4608348972623558652 4610530912599824129 4605624569645714425 4605962771963331440 4608348972623558652 4610530912599824129 4605624569645714425 4605624569645714425 4610530912599824129 4608348972623558652 4605962771963331440 4605624569645714425 4610530912599824129 4608348972623558652 4605962771963331440 4605624569645714425 4608348972623558652 4610530912599824129 4605624569645714425 1 1 1 1 1
1 4600249397389658172 13830902691992380012 13836786401711159687 4615667966109920075 4606240121642783424 4605273757249140773 13835904263637748119 0 4600249397389658172 4615667966109920075 4606240121642783424 4605273757249140773 13832246872365962030 4615667966109920075 4606240121642783424 4605273757249140773 13832246872365962030 4615667966109920075 4615667966109920075 13832246872365962030 4605273757249140773 4606240121642783424 4615667966109920075 13832246872365962030 4605273757249140773 4606240121642783424 4615667966109920075 4605273757249140773 13832246872365962030 4615667966109920075 1 1 1 1 1
0 4607540472984791872 4612828167321686081 13838497328216796993 4603878217825408222 4610720356595287122 4615781691007710435 13832325775431433561 0 4612828167321686081 4603878217825408222 4610720356595287122 4618820688149045302 4611966826147319004 4603878217825408222 4610720356595287122 4618820688149045302 4611966826147319004 4603878217825408222 4603878217825408222 4611966826147319004 4618820688149045302 4610720356595287122 4603878217825408222 4611966826147319004 4618820688149045302 4610720356595287122 4603878217825408222 4618820688149045302 4611966826147319004 4603878217825408222 1 1 1 1 1
1 4609837488938735920 13836352714074243163 13837891305836539510 4614521926105543851 4609460915952293708 4597405500325763270 13831129565327208428 0 4609837488938735920 4614521926105543851 4609460915952293708 4597405500325763270 13817140934524632928 4614521926105543851 4609460915952293708 4597405500325763270 13817140934524632928 4614521926105543851 4614521926105543851 13817140934524632928 4597405500325763270 4609460915952293708 4614521926105543851 13817140934524632928 4597405500325763270 4609460915952293708 4614521926105543851 4597405500325763270 13817140934524632928 4614521926105543851 1 1 1 1 1
0 13834973801940334865 13836710110733472031 13839114861797702036 4612204058485325077 4611022728274268777 13837991159647477569 13833184936139546285 0 13836710110733472031 4612204058485325077 4611022728274268777 13840386551190737894 13835089983721633762 4612204058485325077 4611022728274268777 13840386551190737894 13835089983721633762 4612204058485325077 4612204058485325077 13835089983721633762 13840386551190737894 4611022728274268777 4612204058485325077 13835089983721633762 13840386551190737894 4611022728274268777 4612204058485325077 13840386551190737894 13835089983721633762 4612204058485325077 1 1 1 1 1
1 4614255204921212460 13823582523143653499 13839088704891066268 4614287901054507170 13815854130010303614 4614739684154726469 13834258179959545693 0 4614255204921212460 4614287901054507170 13815854130010303614 4614739684154726469 13828954705009557178 4614287901054507170 13815854130010303614 4614739684154726469 13828954705009557178 4614287901054507170 4614287901054507170 13828954705009557178 4614739684154726469 13815854130010303614 4614287901054507170 13828954705009557178 4614739684154726469 13815854130010303614 4614287901054507170 4614739684154726469 13828954705009557178 4614287901054507170 1 1 1 1 1
0 13831867525162149358 13838762320018871473 13839345121839450235 4594404589764459723 13835823072743665883 4615675361020508218 13835239289138368356 0 13838762320018871473 4594404589764459723 13835823072743665883 13828952520321304272 13841446701217510569 4594404589764459723 13835823072743665883 13828952520321304272 13841446701217510569 4594404589764459723 4594404589764459723 13841446701217510569 13828952520321304272 13835823072743665883 4594404589764459723 13841446701217510569 13828952520321304272 13835823072743665883 4594404589764459723 13828952520321304272 13841446701217510569 4594404589764459723 1 1 1 1 1
1 4607796259429228007 4608706508971513622 13838947868323519138 13833722629906257303 4612519184358451446 4611906028276384207 4608373458771870319 0 4607796259429228007 13833722629906257303 4612519184358451446 4611906028276384207 4612281538413314360 13833722629906257303 4612519184358451446 4611906028276384207 4612281538413314360 13833722629906257303 13833722629906257303 4612281538413314360 4611906028276384207 4612519184358451446 13833722629906257303 4612281538413314360 4611906028276384207 4612519184358451446 13833722629906257303 4611906028276384207 4612281538413314360 13833722629906257303 1 1 1 1 1
0 13836252247773755782 13833494909894698941 13831212953977908820 13837008942583146573 4612467266861947119 4610218313323226369 13838845600583180809 0 13833494909894698941 13837008942583146573 4612467266861947119 4612084492709138064 13835461473935664633 13837008942583146573 4612467266861947119 4612084492709138064 13835461473935664633 13837008942583146573 13837008942583146573 13835461473935664633 4612084492709138064 4612467266861947119 13837008942583146573 13835461473935664633 4612084492709138064 4612467266861947119 13837008942583146573 4612084492709138064 13835461473935664633 13837008942583146573 1 1 1 1 1
1 13832945614855347817 13836918906619396182 4613787821351883950 13828934528883226558 13831497869704734788 13838985779625182343 13831025784377395303 0 13832945614855347817 13828934528883226558 13831497869704734788 13838985779625182343 13815577717079574128 13828934528883226558 13831497869704734788 13838985779625182343 13815577717079574128 13828934528883226558 13828934528883226558 13815577717079574128 13838985779625182343 13831497869704734788 13828934528883226558 13815577717079574128 13838985779625182343 13831497869704734788 13828934528883226558 13838985779625182343 13815577717079574128 13828934528883226558 1 1 1 1 1
0 4608832807919463600 4616050492855069671 13836441525058894909 13811760682208197003 13838604928219094129 4609481812654564707 13830158283002772688 0 4616050492855069671 13811760682208197003 13838604928219094129 4617171793313471091 4614851514994230016 13811760682208197003 13838604928219094129 4617171793313471091 4614851514994230016 13811760682208197003 13811760682208197003 4614851514994230016 4617171793313471091 13838604928219094129 13811760682208197003 4614851514994230016 4617171793313471091 13838604928219094129 13811760682208197003 4617171793313471091 4614851514994230016 13811760682208197003 1 1 1 1 1
1 4615706417843538565 13835347609716605871 4605025230607303959 13833224261571492484 13836157212814419010 13811576791228212211 13821126151820494573 0 4615706417843538565 13833224261571492484 13836157212814419010 13811576791228212211 4605035895131221573 13833224261571492484 13836157212814419010 13811576791228212211 4605035895131221573 13833224261571492484 13833224261571492484 4605035895131221573 13811576791228212211 13836157212814419010 13833224261571492484 4605035895131221573 13811576791228212211 13836157212814419010 13833224261571492484 13811576791228212211 4605035895131221573 13833224261571492484 1 1 1 1 1
0 4612826482975425444 13838303403216842420 4614226589049180148 13834708575951079762 13832309742616760122 4615316865482970272 4613558128763688800 0 13838303403216842420 13834708575951079762 13832309742616760122 4623460299105194520 4623583564878795464 13834708575951079762 13832309742616760122 4623460299105194520 4623583564878795464 13834708575951079762 13834708575951079762 4623583564878795464 4623460299105194520 13832309742616760122 13834708575951079762 4623583564878795464 4623460299105194520 13832309742616760122 13834708575951079762 4623460299105194520 4623583564878795464 13834708575951079762 1 1 1 1 1
1 4603149067031338430 4605103485154429149 13831937348970772110 4611083274667659146 13838412507421415097 13823063636408986379 13834587573236291571 0 4603149067031338430 4611083274667659146 13838412507421415097 13823063636408986379 13829613491563048934 4611083274667659146 13838412507421415097 13823063636408986379 13829613491563048934 4611083274667659146 4611083274667659146 13829613491563048934 13823063636408986379 13838412507421415097 4611083274667659146 13829613491563048934 13823063636408986379 13838412507421415097 4611083274667659146 13823063636408986379 13829613491563048934 4611083274667659146 1 1 1 1 1
0 4615914403081529789 13837525388366815657 4586351433054780897 13820842533130361289 4605123228935195541 13834587248977118400 13831375299737276272 0 13837525388366815657 13820842533130361289 4605123228935195541 13833912714474744118 13808214764454051008 13820842533130361289 4605123228935195541 13833912714474744118 13808214764454051008 13820842533130361289 13820842533130361289 13808214764454051008 13833912714474744118 4605123228935195541 13820842533130361289 13808214764454051008 13833912714474744118 4605123228935195541 13820842533130361289 13833912714474744118 13808214764454051008 13820842533130361289 1 1 1 1 1
1 4598342969624196712 4613077486597057311 13832533121158277698 13838105361926828430 4616184871260751151 13829245385343906179 4612471662375183432 0 4598342969624196712 13838105361926828430 4616184871260751151 13829245385343906179 4614723462188868680 13838105361926828430 4616184871260751151 13829245385343906179 4614723462188868680 13838105361926828430 13838105361926828430 4614723462188868680 13829245385343906179 4616184871260751151 13838105361926828430 4614723462188868680 13829245385343906179 4616184871260751151 13838105361926828430 13829245385343906179 4614723462188868680 13838105361926828430 1 1 1 1 1
0 4614236460939563344 13836282836222424883 4611919629147258866 13839499226011499598 13833248959311848984 13831821948733920368 4612766188783614208 0 13836282836222424883 13839499226011499598 13833248959311848984 4616965981519685652 4621509878638539992 13839499226011499598 13833248959311848984 4616965981519685652 4621509878638539992 13839499226011499598 13839499226011499598 4621509878638539992 4616965981519685652 13833248959311848984 13839499226011499598 4621509878638539992 4616965981519685652 13833248959311848984 13839499226011499598 4616965981519685652 4621509878638539992 13839499226011499598 1 1 1 1 1
1 4610115523165331265 4605088281002087146 4609366070144141286 4614970953002791199 4615974580179750714 13836062790344631560 13834826696362106435 0 4610115523165331265 4614970953002791199 4615974580179750714 13836062790344631560 13830091737814678662 4614970953002791199 4615974580179750714 13836062790344631560 13830091737814678662 4614970953002791199 4614970953002791199 13830091737814678662 13836062790344631560 4615974580179750714 4614970953002791199 13830091737814678662 13836062790344631560 4615974580179750714 4614970953002791199 13836062790344631560 13830091737814678662 4614970953002791199 1 1 1 1 1
0 13836522751981774164 13839380321974137762 4600487043334795258 13834364176680375485 13832390771381255772 4591630660624375649 4615316991583759838 0 13839380321974137762 13834364176680375485 13832390771381255772 4599737620589612219 4617149482268689469 13834364176680375485 13832390771381255772 4599737620589612219 4617149482268689469 13834364176680375485 13834364176680375485 4617149482268689469 4599737620589612219 13832390771381255772 13834364176680375485 4617149482268689469 4599737620589612219 13832390771381255772 13834364176680375485 4599737620589612219 4617149482268689469 13834364176680375485 1 1 1 1 1
1 13817827787511002460 4614951353337212882 13838045094756614958 13829276262022951431 4610910966945915951 13831859400668421581 13838847311951039209 0 13817827787511002460 13829276262022951431 4610910966945915951 13831859400668421581 13836595512137353961 13829276262022951431 4610910966945915951 13831859400668421581 13836595512137353961 13829276262022951431 13829276262022951431 13836595512137353961 13831859400668421581 4610910966945915951 13829276262022951431 13836595512137353961 13831859400668421581 4610910966945915951 13829276262022951431 13831859400668421581 13836595512137353961 13829276262022951431 1 1 1 1 1
0 4613602345104830324 13822675534207498100 4608938480381120221 13830955942554374041 13839006712356250361 4599170983437286542 4611468350450197833 0 13822675534207498100 13830955942554374041 13839006712356250361 4612820686665317236 4617484724866306883 13830955942554374041 13839006712356250361 4612820686665317236 4617484724866306883 13830955942554374041 13830955942554374041 4617484724866306883 4612820686665317236 13839006712356250361 13830955942554374041 4617484724866306883 4612820686665317236 13839006712356250361 13830955942554374041 4612820686665317236 4617484724866306883 13830955942554374041 1 1 1 1 1
1 13828633796514509266 4614091994470716554 4615754092949193909 13829031842663974780 13835208970905676897 13830240716890352078 4607084888846487073 0 13828633796514509266 13829031842663974780 13835208970905676897 13830240716890352078 4611637253450622736 13829031842663974780 13835208970905676897 13830240716890352078 4611637253450622736 13829031842663974780 13829031842663974780 4611637253450622736 13830240716890352078 13835208970905676897 13829031842663974780 4611637253450622736 13830240716890352078 13835208970905676897 13829031842663974780 13830240716890352078 4611637253450622736 13829031842663974780 1 1 1 1 1
0 4607806653737167978 4605637395897453176 4604888068977052764 4607368543565417376 4600359789623724277 4614189938755412607 4613041124533665922 0 4605637395897453176 4607368543565417376 4600359789623724277 4614450179145758997 4615553164737697560 4607368543565417376 4600359789623724277 4614450179145758997 4615553164737697560 4607368543565417376 4607368543565417376 4615553164737697560 4614450179145758997 4600359789623724277 4607368543565417376 4615553164737697560 4614450179145758997 4600359789623724277 4607368543565417376 4614450179145758997 4615553164737697560 4607368543565417376 1 1 1 1 1
1 4611788547376504621 13827510634796240083 13837842144543007134 4609714378539322120 13837928640677450411 13833828842799869209 4614116692211073053 0 4611788547376504621 4609714378539322120 13837928640677450411 13833828842799869209 4616279055039758350 4609714378539322120 13837928640677450411 13833828842799869209 4616279055039758350 4609714378539322120 4609714378539322120 4616279055039758350 13833828842799869209 13837928640677450411 4609714378539322120 4616279055039758350 13833828842799869209 13837928640677450411 4609714378539322120 13833828842799869209 4616279055039758350 4609714378539322120 1 1 1 1 1
0 4612489532658504838 4613586114131773280 13818741189573027234 13839280990580756479 13828643164001734196 13838025396011844839 4611907127154693286 0 4613586114131773280 13839280990580756479 13828643164001734196 13837931026403418303 4614253296576805070 13839280990580756479 13828643164001734196 13837931026403418303 4614253296576805070 13839280990580756479 13839280990580756479 4614253296576805070 13837931026403418303 13828643164001734196 13839280990580756479 4614253296576805070 13837931026403418303 13828643164001734196 13839280990580756479 13837931026403418303 4614253296576805070 13839280990580756479 1 1 1 1 1
1 4600921478569249925 13823529776984817735 13833684745626191862 4613635059252523543 4608770874417388001 13837119731133979887 13816982551932937565 0 4600921478569249925 4613635059252523543 4608770874417388001 13837119731133979887 4606064156998142804 4613635059252523543 4608770874417388001 13837119731133979887 4606064156998142804 4613635059252523543 4613635059252523543 4606064156998142804 13837119731133979887 4608770874417388001 4613635059252523543 4606064156998142804 13837119731133979887 4608770874417388001 4613635059252523543 13837119731133979887 4606064156998142804 4613635059252523543 1 1 1 1 1
0 13836845434895075260 13829626533987569799 4615290501410751645 4598434482768624881 4614359769497360749 4613027901965159962 4608495722494554173 0 13829626533987569799 4598434482768624881 4614359769497360749 13828923756743598096 13831109569580203007 4598434482768624881 4614359769497360749 13828923756743598096 13831109569580203007 4598434482768624881 4598434482768624881 13831109569580203007 13828923756743598096 4614359769497360749 4598434482768624881 13831109569580203007 13828923756743598096 4614359769497360749 4598434482768624881 13828923756743598096 13831109569580203007 4598434482768624881 1 1 1 1 1
1 13835998839229922899 13814135412277310957 13831882909458476455 4614189209172272973 13839318829824825646 4615348823025926093 4607500553077694860 0 13835998839229922899 4614189209172272973 13839318829824825646 4615348823025926093 4611845085566226630 4614189209172272973 13839318829824825646 4615348823025926093 4611845085566226630 4614189209172272973 4614189209172272973 4611845085566226630 4615348823025926093 13839318829824825646 4614189209172272973 4611845085566226630 4615348823025926093 13839318829824825646 4614189209172272973 4615348823025926093 4611845085566226630 4614189209172272973 1 1 1 1 1
0 13833240618645339094 4616048051904071636 13803864611053520860 4613093780620509138 4608964403100575366 4616057131160920415 13833433859098150307 0 4616048051904071636 4613093780620509138 4608964403100575366 4616161649955816763 13826887988107181014 4613093780620509138 4608964403100575366 4616161649955816763 13826887988107181014 4613093780620509138 4613093780620509138 13826887988107181014 4616161649955816763 4608964403100575366 4613093780620509138 13826887988107181014 4616161649955816763 4608964403100575366 4613093780620509138 4616161649955816763 13826887988107181014 4613093780620509138 1 1 1 1 1
1 13837692679078573962 4611744105855381729 13837475560540538430 13821989762085039139 4613288192009223467 13836155159172988929 4602751921601798390 0 13837692679078573962 13821989762085039139 4613288192009223467 13836155159172988929 4609470769828278395 13821989762085039139 4613288192009223467 13836155159172988929 4609470769828278395 13821989762085039139 13821989762085039139 4609470769828278395 13836155159172988929 4613288192009223467 13821989762085039139 4609470769828278395 13836155159172988929 4613288192009223467 13821989762085039139 13836155159172988929 4609470769828278395 13821989762085039139 1 1 1 1 1
0 13831123296316527129 13834839486585048167 13839546243591609346 4612243032636500342 4607990706846739355 4609299380840859183 4612547584057701644 0 13834839486585048167 4612243032636500342 4607990706846739355 13818932873671158640 4610493085581442683 4612243032636500342 4607990706846739355 13818932873671158640 4610493085581442683 4612243032636500342 4612243032636500342 4610493085581442683 13818932873671158640 4607990706846739355 4612243032636500342 4610493085581442683 13818932873671158640 4607990706846739355 4612243032636500342 13818932873671158640 4610493085581442683 4612243032636500342 1 1 1 1 1
1 13837208262895454736 4615018339878070391 13837112011964218574 4610559451987800429 4612195816898006989 13812223003731544349 4615485732454598156 0 13837208262895454736 4610559451987800429 4612195816898006989 13812223003731544349 4616963575161520902 4610559451987800429 4612195816898006989 13812223003731544349 4616963575161520902 4610559451987800429 4610559451987800429 4616963575161520902 13812223003731544349 4612195816898006989 4610559451987800429 4616963575161520902 13812223003731544349 4612195816898006989 4610559451987800429 13812223003731544349 4616963575161520902 4610559451987800429 1 1 1 1 1
0 13838916487241315620 13838050210845791651 13826586892469470866 4608405056026855950 13833510078018243925 4609580945889562387 4611832421444074464 0 13838050210845791651 4608405056026855950 13833510078018243925 4610065637928174794 4614326567277065916 4608405056026855950 13833510078018243925 4610065637928174794 4614326567277065916 4608405056026855950 4608405056026855950 4614326567277065916 4610065637928174794 13833510078018243925 4608405056026855950 4614326567277065916 4610065637928174794 13833510078018243925 4608405056026855950 4610065637928174794 4614326567277065916 4608405056026855950 1 1 1 1 1
1 13833452648115795697 4605495838753965667 13826794166138720966 4611138506813489218 4607242298660662926 13835413704544737160 13838155586069872865 0 13833452648115795697 4611138506813489218 4607242298660662926 13835413704544737160 13835903786256187617 4611138506813489218 4607242298660662926 13835413704544737160 13835903786256187617 4611138506813489218 4611138506813489218 13835903786256187617 13835413704544737160 4607242298660662926 4611138506813489218 13835903786256187617 13835413704544737160 4607242298660662926 4611138506813489218 13835413704544737160 13835903786256187617 4611138506813489218 1 1 1 1 1
0 4612361585393091243 13836543486554458577 4612499926966444810 13837259162578443278 4615256265046384374 13832926249376950123 4612938181253383487 0 13836543486554458577 13837259162578443278 4615256265046384374 4616560449498214551 4621488148325625481 13837259162578443278 4615256265046384374 4616560449498214551 4621488148325625481 13837259162578443278 13837259162578443278 4621488148325625481 4616560449498214551 4615256265046384374 13837259162578443278 4621488148325625481 4616560449498214551 4615256265046384374 13837259162578443278 4616560449498214551 4621488148325625481 13837259162578443278 1 1 1 1 1
1 13837194878197362191 13830838200445716067 13836149664781443537 13837192022915198438 4600846466613856443 4612577487959227384 4616048970638395619 0 13837194878197362191 13837192022915198438 4600846466613856443 4612577487959227384 4617245194253419634 13837192022915198438 4600846466613856443 4612577487959227384 4617245194253419634 13837192022915198438 13837192022915198438 4617245194253419634 4612577487959227384 4600846466613856443 13837192022915198438 4617245194253419634 4612577487959227384 4600846466613856443 13837192022915198438 4612577487959227384 4617245194253419634 13837192022915198438 1 1 1 1 1
0 13829558799849174147 13809348770420559480 13835447337426754363 13837259784075191855 4602178595354835616 4615731403814271216 13835580652982923784 0 13809348770420559480 13837259784075191855 4602178595354835616 4616999152305539632 13822620574951847096 13837259784075191855 4602178595354835616 4616999152305539632 13822620574951847096 13837259784075191855 13837259784075191855 13822620574951847096 4616999152305539632 4602178595354835616 13837259784075191855 13822620574951847096 4616999152305539632 4602178595354835616 13837259784075191855 4616999152305539632 13822620574951847096 13837259784075191855 1 1 1 1 1
1 4613850187199523777 4614878241900862149 13838962063669544610 4609425607731215124 13833570552354040256 13839415179835253610 13837094384875277046 0 4613850187199523777 4609425607731215124 13833570552354040256 13839415179835253610 13834627114841019884 4609425607731215124 13833570552354040256 13839415179835253610 13834627114841019884 4609425607731215124 4609425607731215124 13834627114841019884 13839415179835253610 13833570552354040256 4609425607731215124 13834627114841019884 13839415179835253610 13833570552354040256 4609425607731215124 13839415179835253610 13834627114841019884 4609425607731215124 1 1 1 1 1
0 4596855989113630031 13834466084132743625 4614103118361796159 13833963878731096286 13838151118499042514 4612038208925447532 13838624392776683625 0 13834466084132743625 13833963878731096286 13838151118499042514 4617716033801515379 4603719632803755076 13833963878731096286 13838151118499042514 4617716033801515379 4603719632803755076 13833963878731096286 13833963878731096286 4603719632803755076 4617716033801515379 13838151118499042514 13833963878731096286 4603719632803755076 4617716033801515379 13838151118499042514 13833963878731096286 4617716033801515379 4603719632803755076 13833963878731096286 1 1 1 1 1
1 4614412803886572663 13837575936769033264 4608292466036171688 4614658241059065101 13834293884497391486 13836677657794557199 4612207526257038153 0 4614412803886572663 4614658241059065101 13834293884497391486 13836677657794557199 4614459326070723401 4614658241059065101 13834293884497391486 13836677657794557199 4614459326070723401 4614658241059065101 4614658241059065101 4614459326070723401 13836677657794557199 13834293884497391486 4614658241059065101 4614459326070723401 13836677657794557199 13834293884497391486 4614658241059065101 13836677657794557199 4614459326070723401 4614658241059065101 1 1 1 1 1
0 13831358906634632643 4607916451496083270 4602315432725913641 4613447394256051014 4614016261939382691 13835807409224161889 13832428313387749532 0 4607916451496083270 4613447394256051014 4614016261939382691 13837072437711473425 13830355085815210999 4613447394256051014 4614016261939382691 13837072437711473425 13830355085815210999 4613447394256051014 4613447394256051014 13830355085815210999 13837072437711473425 4614016261939382691 4613447394256051014 13830355085815210999 13837072437711473425 4614016261939382691 4613447394256051014 13837072437711473425 13830355085815210999 4613447394256051014 1 1 1 1 1
1 13833923742651217160 13839327449714512433 4587928629673083064 13833046459458203897 4608696727153122973 13838448275009655674 13823809216334496820 0 13833923742651217160 13833046459458203897 4608696727153122973 13838448275009655674 4603799639019109862 13833046459458203897 4608696727153122973 13838448275009655674 4603799639019109862 13833046459458203897 13833046459458203897 4603799639019109862 13838448275009655674 4608696727153122973 13833046459458203897 4603799639019109862 13838448275009655674 4608696727153122973 13833046459458203897 13838448275009655674 4603799639019109862 13833046459458203897 1 1 1 1 1
0 4614935563716919321 13835473512347788640 4591598955282998961 13839414107978542296 13826445731642750565 4601134480817226040 4612203364930982462 0 13835473512347788640 13839414107978542296 13826445731642750565 4604345693983196636 4615064925741732750 13839414107978542296 13826445731642750565 4604345693983196636 4615064925741732750 13839414107978542296 13839414107978542296 4615064925741732750 4604345693983196636 13826445731642750565 13839414107978542296 4615064925741732750 4604345693983196636 13826445731642750565 13839414107978542296 4604345693983196636 4615064925741732750 13839414107978542296 1 1 1 1 1
1 4615306561247022848 4613403583238875954 4612417132790895230 4598739502564187430 4613574530873531684 4589333752756822658 13833066041109383704 0 4615306561247022848 4598739502564187430 4613574530873531684 4589333752756822658 13826570427309233200 4598739502564187430 4613574530873531684 4589333752756822658 13826570427309233200 4598739502564187430 4598739502564187430 13826570427309233200 4589333752756822658 4613574530873531684 4598739502564187430 13826570427309233200 4589333752756822658 4613574530873531684 4598739502564187430 4589333752756822658 13826570427309233200 4598739502564187430 1 1 1 1 1
0 4615405109014068969 13837285319485079046 4609391956834799411 4612073391045736550 4615957196285189063 13836654824544446431 4609796470153329829 0 13837285319485079046 4612073391045736550 4615957196285189063 4612227053368041205 4620163832808239763 4612073391045736550 4615957196285189063 4612227053368041205 4620163832808239763 4612073391045736550 4612073391045736550 4620163832808239763 4612227053368041205 4615957196285189063 4612073391045736550 4620163832808239763 4612227053368041205 4615957196285189063 4612073391045736550 4612227053368041205 4620163832808239763 4612073391045736550 1 1 1 1 1
1 4609525569628544239 4612633449688197090 4610751737677490640 13826170075316758472 4610320797236346812 4614969619937301497 13837820950603160728 0 4609525569628544239 13826170075316758472 4610320797236346812 4614969619937301497 13835569150789475480 13826170075316758472 4610320797236346812 4614969619937301497 13835569150789475480 13826170075316758472 13826170075316758472 13835569150789475480 4614969619937301497 4610320797236346812 13826170075316758472 13835569150789475480 4614969619937301497 4610320797236346812 13826170075316758472 4614969619937301497 13835569150789475480 13826170075316758472 1 1 1 1 1
0 13839340248944653420 13819467097775365320 13827336615706638487 13837190383604934075 4615908683510003028 4603181673092640592 13839538227184272627 0 13819467097775365320 13837190383604934075 4615908683510003028 4610550825667369691 13834146019737970354 13837190383604934075 4615908683510003028 4610550825667369691 13834146019737970354 13837190383604934075 13837190383604934075 13834146019737970354 4610550825667369691 4615908683510003028 13837190383604934075 13834146019737970354 4610550825667369691 4615908683510003028 13837190383604934075 4610550825667369691 13834146019737970354 13837190383604934075 1 1 1 1 1
1 4611003831170232331 13838178293219194067 13833148168752188432 4602144151824885487 4614324137017108993 4612768863921792866 13835768146842610473 0 4611003831170232331 4602144151824885487 4614324137017108993 4612768863921792866 13831974638775686738 4602144151824885487 4614324137017108993 4612768863921792866 13831974638775686738 4602144151824885487 4602144151824885487 13831974638775686738 4612768863921792866 4614324137017108993 4602144151824885487 13831974638775686738 4612768863921792866 4614324137017108993 4602144151824885487 4612768863921792866 13831974638775686738 4602144151824885487 1 1 1 1 1
0 13837467354982017361 4611837663634040723 4607000365288680583 13838081393769611564 4612856792200917648 4616075109530632878 4610526593724919134 0 4611837663634040723 13838081393769611564 4612856792200917648 4609129871802417526 4597304383075994560 13838081393769611564 4612856792200917648 4609129871802417526 4597304383075994560 13838081393769611564 13838081393769611564 4597304383075994560 4609129871802417526 4612856792200917648 13838081393769611564 4597304383075994560 4609129871802417526 4612856792200917648 13838081393769611564 4609129871802417526 4597304383075994560 13838081393769611564 1 1 1 1 1
1 13835457821806686881 13811222844326297909 4614944760067358412 4611008785129822438 13830817555945024200 4599543305025680516 13833005404644000787 0 13835457821806686881 4611008785129822438 13830817555945024200 4599543305025680516 13826449154378467366 4611008785129822438 13830817555945024200 4599543305025680516 13826449154378467366 4611008785129822438 4611008785129822438 13826449154378467366 4599543305025680516 13830817555945024200 4611008785129822438 13826449154378467366 4599543305025680516 13830817555945024200 4611008785129822438 4599543305025680516 13826449154378467366 4611008785129822438 1 1 1 1 1
0 4611765570011205776 13836835031579936034 13837449079374729492 13836692204421353606 4604571447908850108 13838733433930861519 13833205598654636661 0 13836835031579936034 13836692204421353606 4604571447908850108 13845764257469848614 13844036557014719234 13836692204421353606 4604571447908850108 13845764257469848614 13844036557014719234 13836692204421353606 13836692204421353606 13844036557014719234 13845764257469848614 4604571447908850108 13836692204421353606 13844036557014719234 13845764257469848614 4604571447908850108 13836692204421353606 13845764257469848614 13844036557014719234 13836692204421353606 1 1 1 1 1
1 4614404147968088857 4613270141581916966 13832393617656220270 13801507751267728313 4613973315613336086 13836435346120206157 4613681383278290676 0 4614404147968088857 13801507751267728313 4613973315613336086 13836435346120206157 4615933183091975924 13801507751267728313 4613973315613336086 13836435346120206157 4615933183091975924 13801507751267728313 13801507751267728313 4615933183091975924 13836435346120206157 4613973315613336086 13801507751267728313 4615933183091975924 13836435346120206157 4613973315613336086 13801507751267728313 13836435346120206157 4615933183091975924 13801507751267728313 1 1 1 1 1
0 4607428621584446498 13837561363120639093 13837418508940458901 4612561698338933823 13839213995032699715 13834813870110367684 13826918285344451296 0 13837561363120639093 4612561698338933823 13839213995032699715 13844231796300810589 13841753063255187493 4612561698338933823 13839213995032699715 13844231796300810589 13841753063255187493 4612561698338933823 4612561698338933823 13841753063255187493 13844231796300810589 13839213995032699715 4612561698338933823 13841753063255187493 13844231796300810589 13839213995032699715 4612561698338933823 13844231796300810589 13841753063255187493 4612561698338933823 1 1 1 1 1
1 4609223360079149169 13836651771103899074 4615193457845981065 4610930224337922587 13835885213411324342 4608536272905599017 4610808302888810413 0 4609223360079149169 4610930224337922587 13835885213411324342 4608536272905599017 4613498960471784406 4610930224337922587 13835885213411324342 4608536272905599017 4613498960471784406 4610930224337922587 4610930224337922587 4613498960471784406 4608536272905599017 13835885213411324342 4610930224337922587 4613498960471784406 4608536272905599017 13835885213411324342 4610930224337922587 4608536272905599017 4613498960471784406 4610930224337922587 1 1 1 1 1
0 13827116479756852617 13836885994313319358 4612697256687717675 4615915889269406821 13839121364995563959 4612872617850008228 4606670629738363025 0 13836885994313319358 4615915889269406821 13839121364995563959 4617555262030672071 4616897988686655111 4615915889269406821 13839121364995563959 4617555262030672071 4616897988686655111 4615915889269406821 4615915889269406821 4616897988686655111 4617555262030672071 13839121364995563959 4615915889269406821 4616897988686655111 4617555262030672071 13839121364995563959 4615915889269406821 4617555262030672071 4616897988686655111 4615915889269406821 1 1 1 1 1
1 13833904521288007543 4612442758272774968 4615533308481061698 4608861540885086224 13828920693825171276 4607517378525902716 13836656571941101851 0 13833904521288007543 4608861540885086224 13828920693825171276 4607517378525902716 13833751488972669494 4608861540885086224 13828920693825171276 4607517378525902716 13833751488972669494 4608861540885086224 4608861540885086224 13833751488972669494 4607517378525902716 13828920693825171276 4608861540885086224 13833751488972669494 4607517378525902716 13828920693825171276 4608861540885086224 4607517378525902716 13833751488972669494 4608861540885086224 1 1 1 1 1
0 13835099416341141483 13839253167342258584 4614211447947232929 13826371620407282556 4615783249253181505 4599632656442287546 13823848848011217680 0 13839253167342258584 13826371620407282556 4615783249253181505 4614410548470566636 4615066569813887187 13826371620407282556 4615783249253181505 4614410548470566636 4615066569813887187 13826371620407282556 13826371620407282556 4615066569813887187 4614410548470566636 4615783249253181505 13826371620407282556 4615066569813887187 4614410548470566636 4615783249253181505 13826371620407282556 4614410548470566636 4615066569813887187 13826371620407282556 1 1 1 1 1
1 13838487105045642862 13838398194981799314 4612147096957238095 4614375892384026735 4611932365327005070 4614389493254901394 13835841789703717235 0 13838487105045642862 4614375892384026735 4611932365327005070 4614389493254901394 13832121924497900262 4614375892384026735 4611932365327005070 4614389493254901394 13832121924497900262 4614375892384026735 4614375892384026735 13832121924497900262 4614389493254901394 4611932365327005070 4614375892384026735 13832121924497900262 4614389493254901394 4611932365327005070 4614375892384026735 4614389493254901394 13832121924497900262 4614375892384026735 1 1 1 1 1
0 13837870274026279690 4606724672933891471 4607563008997327234 13829929283968920153 4613728319793607131 13838036817140499851 13836323882029428737 0 4606724672933891471 13829929283968920153 4613728319793607131 13841362248824846802 13839198107815403033 13829929283968920153 4613728319793607131 13841362248824846802 13839198107815403033 13829929283968920153 13829929283968920153 13839198107815403033 13841362248824846802 4613728319793607131 13829929283968920153 13839198107815403033 13841362248824846802 4613728319793607131 13829929283968920153 13841362248824846802 13839198107815403033 13829929283968920153 1 1 1 1 1
1 4608452451909334397 4605526931605793033 13826502224796476301 13828774921312432548 4614454309060738510 4609863195485408950 4609929074140758126 0 4608452451909334397 13828774921312432548 4614454309060738510 4609863195485408950 4613059346097758263 13828774921312432548 4614454309060738510 4609863195485408950 4613059346097758263 13828774921312432548 13828774921312432548 4613059346097758263 4609863195485408950 4614454309060738510 13828774921312432548 4613059346097758263 4609863195485408950 4614454309060738510 13828774921312432548 4609863195485408950 4613059346097758263 13828774921312432548 1 1 1 1 1
0 4613422885666878864 13831361608794409066 13835296935213598698 4607427000288580645 13817001863368139730 4613126882077770311 4606889036305891984 0 13831361608794409066 4607427000288580645 13817001863368139730 13832897322607996794 13835491898218994016 4607427000288580645 13817001863368139730 13832897322607996794 13835491898218994016 4607427000288580645 4607427000288580645 13835491898218994016 13832897322607996794 13817001863368139730 4607427000288580645 13835491898218994016 13832897322607996794 13817001863368139730 4607427000288580645 13832897322607996794 13835491898218994016 4607427000288580645 1 1 1 1 1
1 13838407625519419028 13834003492393418637 4607980925028348706 13839103521733840317 4613208379216627208 4596826877845638708 4611112584094034073 0 13838407625519419028 13839103521733840317 4613208379216627208 4596826877845638708 4613651101074396236 13839103521733840317 4613208379216627208 4596826877845638708 4613651101074396236 13839103521733840317 13839103521733840317 4613651101074396236 4596826877845638708 4613208379216627208 13839103521733840317 4613651101074396236 4596826877845638708 4613208379216627208 13839103521733840317 4596826877845638708 4613651101074396236 13839103521733840317 1 1 1 1 1
0 4601342366976025463 13831142769881315879 4611537507726075735 4615198537906360739 13813244203954249864 13835534770309920134 4605469249501765671 0 13831142769881315879 4615198537906360739 13813244203954249864 13827680462373706924 4614704739264538213 4615198537906360739 13813244203954249864 13827680462373706924 4614704739264538213 4615198537906360739 4615198537906360739 4614704739264538213 13827680462373706924 13813244203954249864 4615198537906360739 4614704739264538213 13827680462373706924 13813244203954249864 4615198537906360739 13827680462373706924 4614704739264538213 4615198537906360739 1 1 1 1 1
1 4607690839169150518 4594148929420813155 13837341551430026394 4615630946520983090 13838445789022661365 4612260587667847832 4610017056463078436 0 4607690839169150518 4615630946520983090 13838445789022661365 4612260587667847832 4613103337258918418 4615630946520983090 13838445789022661365 4612260587667847832 4613103337258918418 4615630946520983090 4615630946520983090 4613103337258918418 4612260587667847832 13838445789022661365 4615630946520983090 4613103337258918418 4612260587667847832 13838445789022661365 4615630946520983090 4612260587667847832 4613103337258918418 4615630946520983090 1 1 1 1 1
0 4614418856724471849 13833911042500267975 4614564142848450822 13836444029060287727 4612780996619189002 4600104705740830012 13837932847039502375 0 13833911042500267975 13836444029060287727 4612780996619189002 4620966339127455053 4618274096923336498 13836444029060287727 4612780996619189002 4620966339127455053 4618274096923336498 13836444029060287727 13836444029060287727 4618274096923336498 4620966339127455053 4612780996619189002 13836444029060287727 4618274096923336498 4620966339127455053 4612780996619189002 13836444029060287727 4620966339127455053 4618274096923336498 13836444029060287727 1 1 1 1 1
1 13837406457307856057 4612141467457703882 4615855459969606764 13836205383316033365 4580790027946933619 13827201255516238239 13817845081333571563 0 13837406457307856057 13836205383316033365 4580790027946933619 13827201255516238239 4605856162752952325 13836205383316033365 4580790027946933619 13827201255516238239 4605856162752952325 13836205383316033365 13836205383316033365 4605856162752952325 13827201255516238239 4580790027946933619 13836205383316033365 4605856162752952325 13827201255516238239 4580790027946933619 13836205383316033365 13827201255516238239 4605856162752952325 13836205383316033365 1 1 1 1 1
0 13821072252740154203 4612741355935268887 13835778793352129577 13832404696511303601 4612296724551257853 13838566224283896507 13832181372012981553 0 4612741355935268887 13832404696511303601 4612296724551257853 13824600441191949744 4613436131197618028 13832404696511303601 4612296724551257853 13824600441191949744 4613436131197618028 13832404696511303601 13832404696511303601 4613436131197618028 13824600441191949744 4612296724551257853 13832404696511303601 4613436131197618028 13824600441191949744 4612296724551257853 13832404696511303601 13824600441191949744 4613436131197618028 13832404696511303601 1 1 1 1 1
1 4611662311478949426 13833964184975870947 4608655978583694525 4612004927324201264 4611495011759991867 4600050086084549263 13838280146628366679 0 4611662311478949426 4612004927324201264 4611495011759991867 4600050086084549263 13836028346814681431 4612004927324201264 4611495011759991867 4600050086084549263 13836028346814681431 4612004927324201264 4612004927324201264 13836028346814681431 4600050086084549263 4611495011759991867 4612004927324201264 13836028346814681431 4600050086084549263 4611495011759991867 4612004927324201264 4600050086084549263 13836028346814681431 4612004927324201264 1 1 1 1 1
0 13838822587189084945 4612466699408394070 4597070288398298829 13826637801159658662 13827044782450784879 13829530229013138108 4611031627387132461 0 4612466699408394070 13826637801159658662 13827044782450784879 13833014819994041406 4612124383890907559 13826637801159658662 13827044782450784879 13833014819994041406 4612124383890907559 13826637801159658662 13826637801159658662 4612124383890907559 13833014819994041406 13827044782450784879 13826637801159658662 4612124383890907559 13833014819994041406 13827044782450784879 13826637801159658662 13833014819994041406 4612124383890907559 13826637801159658662 1 1 1 1 1
1 13836830789189087051 13834297865679462082 13839256878308351537 4586243634894100157 4613599165563493400 13835305438009695173 13832774063738342020 0 13836830789189087051 4586243634894100157 4613599165563493400 13835305438009695173 13825922089106876944 4586243634894100157 4613599165563493400 13835305438009695173 13825922089106876944 4586243634894100157 4586243634894100157 13825922089106876944 13835305438009695173 4613599165563493400 4586243634894100157 13825922089106876944 13835305438009695173 4613599165563493400 4586243634894100157 13835305438009695173 13825922089106876944 4586243634894100157 1 1 1 1 1
0 13835776307365135268 4600602551658038056 4616126342479993845 4590725329012883123 4615597520804548746 13831946176026041756 13830632079697970574 0 4600602551658038056 4590725329012883123 4615597520804548746 13842577333726977584 13841122909738117164 4590725329012883123 4615597520804548746 13842577333726977584 13841122909738117164 4590725329012883123 4590725329012883123 13841122909738117164 13842577333726977584 4615597520804548746 4590725329012883123 13841122909738117164 13842577333726977584 4615597520804548746 4590725329012883123 13842577333726977584 13841122909738117164 4590725329012883123 1 1 1 1 1
1 13824851961777819675 4612950115792396019 13826276648498340567 4615743140194900144 4611195558413568748 4608463224519643068 4604124906998597069 0 13824851961777819675 4615743140194900144 4611195558413568748 4608463224519643068 4610157262526677734 4615743140194900144 4611195558413568748 4608463224519643068 4610157262526677734 4615743140194900144 4615743140194900144 4610157262526677734 4608463224519643068 4611195558413568748 4615743140194900144 4610157262526677734 4608463224519643068 4611195558413568748 4615743140194900144 4608463224519643068 4610157262526677734 4615743140194900144 1 1 1 1 1
0 4613214594184112979 13817167739949615040 4608649403328238564 4595216102388514867 4608219417650215738 4601101046093592442 4613931963561557570 0 13817167739949615040 4595216102388514867 4608219417650215738 4612301354532303090 4618281819445163042 4595216102388514867 4608219417650215738 4612301354532303090 4618281819445163042 4595216102388514867 4595216102388514867 4618281819445163042 4612301354532303090 4608219417650215738 4595216102388514867 4618281819445163042 4612301354532303090 4608219417650215738 4595216102388514867 4612301354532303090 4618281819445163042 4595216102388514867 1 1 1 1 1
1 13823198239994649229 13830944989800080276 13825661817077211947 4611404975796241476 13835070818483507680 13838671122126417221 13820536432470888171 0 13823198239994649229 4611404975796241476 13835070818483507680 13838671122126417221 4605183324968623173 4611404975796241476 13835070818483507680 13838671122126417221 4605183324968623173 4611404975796241476 4611404975796241476 4605183324968623173 13838671122126417221 13835070818483507680 4611404975796241476 4605183324968623173 13838671122126417221 13835070818483507680 4611404975796241476 13838671122126417221 4605183324968623173 4611404975796241476 1 1 1 1 1
0 13838168484379205655 4606598644201919135 4612739995848181421 4607848573242499542 13835754266748558917 13836489443358930131 4603056004648638446 0 4606598644201919135 4607848573242499542 13835754266748558917 13844022863908755112 13839077089114313344 4607848573242499542 13835754266748558917 13844022863908755112 13839077089114313344 4607848573242499542 4607848573242499542 13839077089114313344 13844022863908755112 13835754266748558917 4607848573242499542 13839077089114313344 13844022863908755112 13835754266748558917 4607848573242499542 13844022863908755112 13839077089114313344 4607848573242499542 1 1 1 1 1
1 4615688151243449950 4614716643739032841 4554317220818903502 13839023591847653745 13831254837454443366 4612287978560781499 13838427252206595109 0 4615688151243449950 13839023591847653745 13831254837454443366 4612287978560781499 13836175452392909861 13839023591847653745 13831254837454443366 4612287978560781499 13836175452392909861 13839023591847653745 13839023591847653745 13836175452392909861 4612287978560781499 13831254837454443366 13839023591847653745 13836175452392909861 4612287978560781499 13831254837454443366 13839023591847653745 4612287978560781499 13836175452392909861 13839023591847653745 1 1 1 1 1
0 4614735459778275995 4610757754486592807 13837629817834975124 13839088966099844655 4596475669132297848 4613531926821056759 13838003112200888610 0 4610757754486592807 13839088966099844655 4596475669132297848 4600307801589320576 13840416476304425044 13839088966099844655 4596475669132297848 4600307801589320576 13840416476304425044 13839088966099844655 13839088966099844655 13840416476304425044 4600307801589320576 4596475669132297848 13839088966099844655 13840416476304425044 4600307801589320576 4596475669132297848 13839088966099844655 4600307801589320576 13840416476304425044 13839088966099844655 1 1 1 1 1
1 13837424300569579699 13830867960232053731 4611457451739099597 4607051994554808758 13837770474258537160 13837233176808593350 4610255170782576769 0 13837424300569579699 4607051994554808758 13837770474258537160 13837233176808593350 4613222394418667584 4607051994554808758 13837770474258537160 13837233176808593350 4613222394418667584 4607051994554808758 4607051994554808758 4613222394418667584 13837233176808593350 13837770474258537160 4607051994554808758 4613222394418667584 13837233176808593350 13837770474258537160 4607051994554808758 13837233176808593350 4613222394418667584 4607051994554808758 1 1 1 1 1
0 4604281776380817638 4603439351048920222 13837394369646456195 13836712830907646963 13837339326651810473 13837796234848405719 13837275339508304793 0 4603439351048920222 13836712830907646963 13837339326651810473 13838116096586311847 13835343401432525673 13836712830907646963 13837339326651810473 13838116096586311847 13835343401432525673 13836712830907646963 13836712830907646963 13835343401432525673 13838116096586311847 13837339326651810473 13836712830907646963 13835343401432525673 13838116096586311847 13837339326651810473 13836712830907646963 13838116096586311847 13835343401432525673 13836712830907646963 1 1 1 1 1
1 4610574890327323055 13836812513581799181 4613390360670369995 13829187342951908628 13819560628532426551 4616166730761452103 13829320613472081776 0 4610574890327323055 13829187342951908628 13819560628532426551 4616166730761452103 4594103389021381184 13829187342951908628 13819560628532426551 4616166730761452103 4594103389021381184 13829187342951908628 13829187342951908628 4594103389021381184 4616166730761452103 13819560628532426551 13829187342951908628 4594103389021381184 4616166730761452103 13819560628532426551 13829187342951908628 4616166730761452103 4594103389021381184 13829187342951908628 1 1 1 1 1
0 4591666401191018461 4598655915755103433 13838497337223996248 4612432237864045431 13838678399943415052 4610705836990088480 4614490878289712758 0 4598655915755103433 4612432237864045431 13838678399943415052 4611908848986863579 4616822608718140897 4612432237864045431 13838678399943415052 4611908848986863579 4616822608718140897 4612432237864045431 4612432237864045431 4616822608718140897 4611908848986863579 13838678399943415052 4612432237864045431 4616822608718140897 4611908848986863579 13838678399943415052 4612432237864045431 4611908848986863579 4616822608718140897 4612432237864045431 1 1 1 1 1
1 4606838235702095245 13837190536727321406 13829556241804585800 13836870465901804185 4614585778141060709 4614323767721939549 13820068490455205867 0 4606838235702095245 13836870465901804185 4614585778141060709 4614323767721939549 4605300310472543749 13836870465901804185 4614585778141060709 4614323767721939549 4605300310472543749 13836870465901804185 13836870465901804185 4605300310472543749 4614323767721939549 4614585778141060709 13836870465901804185 4605300310472543749 4614323767721939549 4614585778141060709 13836870465901804185 4614323767721939549 4605300310472543749 13836870465901804185 1 1 1 1 1
0 13826771612111787094 13839385861401679428 13819992541751089891 4602908610840033864 13839448596544488699 4608605322095085861 4612830004790334048 0 13839385861401679428 4602908610840033864 13839448596544488699 4606915031923420943 4614303506237335953 4602908610840033864 13839448596544488699 4606915031923420943 4614303506237335953 4602908610840033864 4602908610840033864 4614303506237335953 4606915031923420943 13839448596544488699 4602908610840033864 4614303506237335953 4606915031923420943 13839448596544488699 4602908610840033864 4606915031923420943 4614303506237335953 4602908610840033864 1 1 1 1 1
1 13835514981493157468 4612552159714923053 4614639848358186920 4613238634398923882 13829584668525433763 13836410324120676487 13838738108667274730 0 13835514981493157468 4613238634398923882 13829584668525433763 13836410324120676487 13836486308853589482 4613238634398923882 13829584668525433763 13836410324120676487 13836486308853589482 4613238634398923882 4613238634398923882 13836486308853589482 13836410324120676487 13829584668525433763 4613238634398923882 13836486308853589482 13836410324120676487 13829584668525433763 4613238634398923882 13836410324120676487 13836486308853589482 4613238634398923882 1 1 1 1 1
0 13835281172614902901 4611444157112999599 13835358688571689202 4604260159102606260 13835657664536551820 13812295061325582277 4615533596711437849 0 4611444157112999599 4604260159102606260 13835657664536551820 4616476300652390043 4621269730955703908 4604260159102606260 13835657664536551820 4616476300652390043 4621269730955703908 4604260159102606260 4604260159102606260 4621269730955703908 4616476300652390043 13835657664536551820 4604260159102606260 4621269730955703908 4616476300652390043 13835657664536551820 4604260159102606260 4616476300652390043 4621269730955703908 4604260159102606260 1 1 1 1 1
1 4614936257271261936 4613681734559061611 13835169420293749330 13838104209005323823 13834260467788156397 4615981308557594005 13837713350600863592 0 4614936257271261936 13838104209005323823 13834260467788156397 4615981308557594005 13835461550787178344 13838104209005323823 13834260467788156397 4615981308557594005 13835461550787178344 13838104209005323823 13838104209005323823 13835461550787178344 4615981308557594005 13834260467788156397 13838104209005323823 13835461550787178344 4615981308557594005 13834260467788156397 13838104209005323823 4615981308557594005 13835461550787178344 13838104209005323823 1 1 1 1 1
0 13839516186567696275 13831755115315450190 13806100125850953537 4608646629110868104 13814274339318616082 13821168233455412723 4614028043356007893 0 13831755115315450190 4608646629110868104 13814274339318616082 13819969187548785580 4616272200796807869 4608646629110868104 13814274339318616082 13819969187548785580 4616272200796807869 4608646629110868104 4608646629110868104 4616272200796807869 13819969187548785580 13814274339318616082 4608646629110868104 4616272200796807869 13819969187548785580 13814274339318616082 4608646629110868104 13819969187548785580 4616272200796807869 4608646629110868104 1 1 1 1 1
1 4598369558876396708 13835074709593585728 4613714799987525765 4597633346438111198 4612419060331535745 4597870848268060208 13828935501660746070 0 4598369558876396708 4597633346438111198 4612419060331535745 4597870848268060208 4595643836266724008 4597633346438111198 4612419060331535745 4597870848268060208 4595643836266724008 4597633346438111198 4597633346438111198 4595643836266724008 4597870848268060208 4612419060331535745 4597633346438111198 4595643836266724008 4597870848268060208 4612419060331535745 4597633346438111198 4597870848268060208 4595643836266724008 4597633346438111198 1 1 1 1 1
0 13836033066587090915 13837463139612766142 4613815356360005693 13839416593965536604 4604678669608778545 13819176705671392471 4614914288712279623 0 13837463139612766142 13839416593965536604 4604678669608778545 4604940949384950824 4617730964786760975 13839416593965536604 4604678669608778545 4604940949384950824 4617730964786760975 13839416593965536604 13839416593965536604 4617730964786760975 4604940949384950824 4604678669608778545 13839416593965536604 4617730964786760975 4604940949384950824 4604678669608778545 13839416593965536604 4604940949384950824 4617730964786760975 13839416593965536604 1 1 1 1 1
1 4611733765590637286 13832421179685939777 4613544834137588803 4607127186654187336 4600398916897286872 4588933400764347931 4614774830246218468 0 4611733765590637286 4607127186654187336 4600398916897286872 4588933400764347931 4616608124057331058 4607127186654187336 4600398916897286872 4588933400764347931 4616608124057331058 4607127186654187336 4607127186654187336 4616608124057331058 4588933400764347931 4600398916897286872 4607127186654187336 4616608124057331058 4588933400764347931 4600398916897286872 4607127186654187336 4588933400764347931 4616608124057331058 4607127186654187336 1 1 1 1 1
0 4615551466994759255 4613628664141052677 4595972851241101187 4607507884937888219 4596367582741240956 4599820438532350387 4601854768527229168 0 4613628664141052677 4607507884937888219 4596367582741240956 4601273093014691462 4609591369572933489 4607507884937888219 4596367582741240956 4601273093014691462 4609591369572933489 4607507884937888219 4607507884937888219 4609591369572933489 4601273093014691462 4596367582741240956 4607507884937888219 4609591369572933489 4601273093014691462 4596367582741240956 4607507884937888219 4601273093014691462 4609591369572933489 4607507884937888219 1 1 1 1 1
1 13834721960649172307 13831226969179949197 13828835161461048255 13838752745366063684 4604244558633497048 4608143955334859518 4615294797844796156 0 13834721960649172307 13838752745366063684 4604244558633497048 4608143955334859518 4616868107856619902 13838752745366063684 4604244558633497048 4608143955334859518 4616868107856619902 13838752745366063684 13838752745366063684 4616868107856619902 4608143955334859518 4604244558633497048 13838752745366063684 4616868107856619902 4608143955334859518 4604244558633497048 13838752745366063684 4608143955334859518 4616868107856619902 13838752745366063684 1 1 1 1 1
0 13836474293249783657 13829903163091081404 13839281774207091641 13817082711988650285 13809369523007642403 4604203341689707353 4616071722823713095 0 13829903163091081404 13817082711988650285 13809369523007642403 4616113098497718333 4620830806304501932 13817082711988650285 13809369523007642403 4616113098497718333 4620830806304501932 13817082711988650285 13817082711988650285 4620830806304501932 4616113098497718333 13809369523007642403 13817082711988650285 4620830806304501932 4616113098497718333 13809369523007642403 13817082711988650285 4616113098497718333 4620830806304501932 13817082711988650285 1 1 1 1 1
1 13838949786856960398 4610038421539710682 4612094747115169541 13835559945431837135 4608785538137774719 4609258398084250112 13837274195593999440 0 13838949786856960398 13835559945431837135 4608785538137774719 4609258398084250112 13834986736278464672 13835559945431837135 4608785538137774719 4609258398084250112 13834986736278464672 13835559945431837135 13835559945431837135 13834986736278464672 4609258398084250112 4608785538137774719 13835559945431837135 13834986736278464672 4609258398084250112 4608785538137774719 13835559945431837135 4609258398084250112 13834986736278464672 13835559945431837135 1 1 1 1 1
0 4599799397714891312 13828383720634400637 13836499891710065631 4614200179940965248 13825527141433955060 4612909979712516893 13827408168897518150 0 13828383720634400637 4614200179940965248 13825527141433955060 4607598955503132655 13831012698143298414 4614200179940965248 13825527141433955060 4607598955503132655 13831012698143298414 4614200179940965248 4614200179940965248 13831012698143298414 4607598955503132655 13825527141433955060 4614200179940965248 13831012698143298414 4607598955503132655 13825527141433955060 4614200179940965248 4607598955503132655 13831012698143298414 4614200179940965248 1 1 1 1 1
1 13834360645858267626 4613114398099603240 13828770597856790272 13836152529070806545 4611337061513860728 4605173417049442958 4591347618394994668 0 13834360645858267626 13836152529070806545 4611337061513860728 4605173417049442958 4607600118658256767 13836152529070806545 4611337061513860728 4605173417049442958 4607600118658256767 13836152529070806545 13836152529070806545 4607600118658256767 4605173417049442958 4611337061513860728 13836152529070806545 4607600118658256767 4605173417049442958 4611337061513860728 13836152529070806545 4605173417049442958 4607600118658256767 13836152529070806545 1 1 1 1 1
0 4604277849241942571 4610857626311929375 4610446771925123619 4591811381070222772 13834676960681695621 13828136851317226696 4577035827297557573 0 4610857626311929375 4591811381070222772 13834676960681695621 13833767684877601362 4583818691256537794 4591811381070222772 13834676960681695621 13833767684877601362 4583818691256537794 4591811381070222772 4591811381070222772 4583818691256537794 13833767684877601362 13834676960681695621 4591811381070222772 4583818691256537794 13833767684877601362 13834676960681695621 4591811381070222772 13833767684877601362 4583818691256537794 4591811381070222772 1 1 1 1 1
1 4606987250806565680 4613221376605151799 13839346031566574963 4614958514060620401 4615207148788848272 13834455509680818559 4603522289339657877 0 4606987250806565680 4614958514060620401 4615207148788848272 13834455509680818559 4609855953697208138 4614958514060620401 4615207148788848272 13834455509680818559 4609855953697208138 4614958514060620401 4614958514060620401 4609855953697208138 13834455509680818559 4615207148788848272 4614958514060620401 4609855953697208138 13834455509680818559 4615207148788848272 4614958514060620401 13834455509680818559 4609855953697208138 4614958514060620401 1 1 1 1 1
0 13833222225944460912 4604365363189901634 4608270272297208006 13836945045511633440 13816825178147558730 4611384241223557062 4608334403555901762 0 4604365363189901634 13836945045511633440 13816825178147558730 4602839742372722252 4605747266292152644 13836945045511633440 13816825178147558730 4602839742372722252 4605747266292152644 13836945045511633440 13836945045511633440 4605747266292152644 4602839742372722252 13816825178147558730 13836945045511633440 4605747266292152644 4602839742372722252 13816825178147558730 13836945045511633440 4602839742372722252 4605747266292152644 13836945045511633440 1 1 1 1 1
1 13837189969273768357 13829391878432585287 4612806919338644147 4615200474454200508 4615580596277149088 4609291670678297125 13834409608993416399 0 13837189969273768357 4615200474454200508 4615580596277149088 4609291670678297125 13829257563077298590 4615200474454200508 4615580596277149088 4609291670678297125 13829257563077298590 4615200474454200508 4615200474454200508 13829257563077298590 4609291670678297125 4615580596277149088 4615200474454200508 13829257563077298590 4609291670678297125 4615580596277149088 4615200474454200508 4609291670678297125 13829257563077298590 4615200474454200508 1 1 1 1 1
0 4614126789281437618 13839485535068632392 13834492763456936167 13836638098175430377 13837377544198248339 13839558133094625604 4610242920991590321 0 13839485535068632392 13836638098175430377 13837377544198248339 13845532350934450532 13839399711591469170 13836638098175430377 13837377544198248339 13845532350934450532 13839399711591469170 13836638098175430377 13836638098175430377 13839399711591469170 13845532350934450532 13837377544198248339 13836638098175430377 13839399711591469170 13845532350934450532 13837377544198248339 13836638098175430377 13845532350934450532 13839399711591469170 13836638098175430377 1 1 1 1 1
1 4605017988819103148 4613225213672034318 13835575167598577647 13836518500583725926 13836815512979151010 4614257600836214221 4605750526320092723 0 4605017988819103148 13836518500583725926 13836815512979151010 4614257600836214221 4610970072187425562 13836518500583725926 13836815512979151010 4614257600836214221 4610970072187425562 13836518500583725926 13836518500583725926 4610970072187425562 4614257600836214221 13836815512979151010 13836518500583725926 4610970072187425562 4614257600836214221 13836815512979151010 13836518500583725926 4614257600836214221 4610970072187425562 13836518500583725926 1 1 1 1 1
0 13831043870833498823 4590796521915792595 4609064238897114915 4608875105727163864 13831170277867839858 4611646170577884930 4595264669206896431 0 4590796521915792595 4608875105727163864 13831170277867839858 4607834802940226122 4599488872334933174 4608875105727163864 13831170277867839858 4607834802940226122 4599488872334933174 4608875105727163864 4608875105727163864 4599488872334933174 4607834802940226122 13831170277867839858 4608875105727163864 4599488872334933174 4607834802940226122 13831170277867839858 4608875105727163864 4607834802940226122 4599488872334933174 4608875105727163864 1 1 1 1 1
1 4613935503390864684 13836894488102216579 13822449705707783233 4613134249966760689 13839076734323256717 13832052731193225342 13839530589079304606 0 4613935503390864684 4613134249966760689 13839076734323256717 13832052731193225342 13837278789265619358 4613134249966760689 13839076734323256717 13832052731193225342 13837278789265619358 4613134249966760689 4613134249966760689 13837278789265619358 13832052731193225342 13839076734323256717 4613134249966760689 13837278789265619358 13832052731193225342 13839076734323256717 4613134249966760689 13832052731193225342 13837278789265619358 4613134249966760689 1 1 1 1 1
0 13837333877296261354 4614842681478204432 13829015089273360962 4615479922811078848 4612998565517187271 13837557138744188619 13835661456567438066 0 4614842681478204432 4615479922811078848 4612998565517187271 13825177583445089688 4608940301485416524 4615479922811078848 4612998565517187271 13825177583445089688 4608940301485416524 4615479922811078848 4615479922811078848 4608940301485416524 13825177583445089688 4612998565517187271 4615479922811078848 4608940301485416524 13825177583445089688 4612998565517187271 4615479922811078848 13825177583445089688 4608940301485416524 4615479922811078848 1 1 1 1 1
1 13821763645354948122 13832857722605020054 13827999329399005310 13823033156046708336 4614804761169341972 13835281136586105882 4605429257537074621 0 13821763645354948122 13823033156046708336 4614804761169341972 13835281136586105882 4610809437795916510 13823033156046708336 4614804761169341972 13835281136586105882 4610809437795916510 13823033156046708336 13823033156046708336 4610809437795916510 13835281136586105882 4614804761169341972 13823033156046708336 4610809437795916510 13835281136586105882 4614804761169341972 13823033156046708336 13835281136586105882 4610809437795916510 13823033156046708336 1 1 1 1 1
0 13835704411900683926 13838651945799203877 13826903009134515256 4600049437566202922 13838466901897714478 4610696865819630758 4599823104663329790 0 13838651945799203877 4600049437566202922 13838466901897714478 4608944238583299607 4606752906700067041 4600049437566202922 13838466901897714478 4608944238583299607 4606752906700067041 4600049437566202922 4600049437566202922 4606752906700067041 4608944238583299607 13838466901897714478 4600049437566202922 4606752906700067041 4608944238583299607 13838466901897714478 4600049437566202922 4608944238583299607 4606752906700067041 4600049437566202922 1 1 1 1 1
1 4598600503465288267 13839560646103217677 13833970616116138832 13836571895260908031 4612583279588348183 4604476836287878309 4603755143454791442 0 4598600503465288267 13836571895260908031 4612583279588348183 4604476836287878309 4609972380754774921 13836571895260908031 4612583279588348183 4604476836287878309 4609972380754774921 13836571895260908031 13836571895260908031 4609972380754774921 4604476836287878309 4612583279588348183 13836571895260908031 4609972380754774921 4604476836287878309 4612583279588348183 13836571895260908031 4604476836287878309 4609972380754774921 13836571895260908031 1 1 1 1 1
0 13837690778559531211 4592685872031467066 13835985157294254948 13836878572381133452 13814459959680857784 4605938992957298924 13832572302475035821 0 4592685872031467066 13836878572381133452 13814459959680857784 4617110322563147712 4615081160308410096 13836878572381133452 13814459959680857784 4617110322563147712 4615081160308410096 13836878572381133452 13836878572381133452 4615081160308410096 4617110322563147712 13814459959680857784 13836878572381133452 4615081160308410096 4617110322563147712 13814459959680857784 13836878572381133452 4617110322563147712 4615081160308410096 13836878572381133452 1 1 1 1 1
1 4606175053635367175 4610177096379436674 13835790556754356268 13835395744189423207 4601527987338267165 13834059301000001012 13838547813568619817 0 4606175053635367175 13835395744189423207 4601527987338267165 13834059301000001012 13836296013754934569 13835395744189423207 4601527987338267165 13834059301000001012 13836296013754934569 13835395744189423207 13835395744189423207 13836296013754934569 13834059301000001012 4601527987338267165 13835395744189423207 13836296013754934569 13834059301000001012 4601527987338267165 13835395744189423207 13834059301000001012 13836296013754934569 13835395744189423207 1 1 1 1 1
0 13838990031023230580 13836310794568911599 4606488684313417257 4613190544962102820 13836789842461274998 13828332379598648613 13827632304043773124 0 13836310794568911599 4613190544962102820 13836789842461274998 13831916299289328248 13820634504002089528 4613190544962102820 13836789842461274998 13831916299289328248 13820634504002089528 4613190544962102820 4613190544962102820 13820634504002089528 13831916299289328248 13836789842461274998 4613190544962102820 13820634504002089528 13831916299289328248 13836789842461274998 4613190544962102820 13831916299289328248 13820634504002089528 4613190544962102820 1 1 1 1 1
1 4613606344301299429 4613480819972485358 4612342724317851815 13838140598090312976 4611725496981721434 4608986542796343519 4613393846456481579 0 4613606344301299429 13838140598090312976 4611725496981721434 4608986542796343519 4615645646270166827 13838140598090312976 4611725496981721434 4608986542796343519 4615645646270166827 13838140598090312976 13838140598090312976 4615645646270166827 4608986542796343519 4611725496981721434 13838140598090312976 4615645646270166827 4608986542796343519 4611725496981721434 13838140598090312976 4608986542796343519 4615645646270166827 13838140598090312976 1 1 1 1 1
0 4614102271685066213 13837553481821291194 4594815894511228216 13831811158109213189 4612341823597926341 4612375861803910007 4598402993600030306 0 13837553481821291194 13831811158109213189 4612341823597926341 4613466823543970244 4610547185700668978 13831811158109213189 4612341823597926341 4613466823543970244 4610547185700668978 13831811158109213189 13831811158109213189 4610547185700668978 4613466823543970244 4612341823597926341 13831811158109213189 4610547185700668978 4613466823543970244 4612341823597926341 13831811158109213189 4613466823543970244 4610547185700668978 13831811158109213189 1 1 1 1 1
1 13831110001690427131 13836057359003480951 4612952538728995544 13826963357369522020 4610133015146283972 13825656412757659102 13835101623104958894 0 13831110001690427131 13826963357369522020 4610133015146283972 13825656412757659102 13830641591300383580 13826963357369522020 4610133015146283972 13825656412757659102 13830641591300383580 13826963357369522020 13826963357369522020 13830641591300383580 13825656412757659102 4610133015146283972 13826963357369522020 13830641591300383580 13825656412757659102 4610133015146283972 13826963357369522020 13825656412757659102 13830641591300383580 13826963357369522020 1 1 1 1 1
0 13838038132191591043 13838394438979710087 13829288908130705088 4597118711101492317 4608385870692443352 4597290928751242964 4614963720221789642 0 13838394438979710087 4597118711101492317 4608385870692443352 4594840974677953637 4616626007980326354 4597118711101492317 4608385870692443352 4594840974677953637 4616626007980326354 4597118711101492317 4597118711101492317 4616626007980326354 4594840974677953637 4608385870692443352 4597118711101492317 4616626007980326354 4594840974677953637 4608385870692443352 4597118711101492317 4594840974677953637 4616626007980326354 4597118711101492317 1 1 1 1 1
1 13835008497671864127 13839397300544732949 13830667964379801462 4606688175762511260 4599588052791578069 13836893776533475455 13838704637914844112 0 13835008497671864127 4606688175762511260 4599588052791578069 13836893776533475455 13836452838101158864 4606688175762511260 4599588052791578069 13836893776533475455 13836452838101158864 4606688175762511260 4606688175762511260 13836452838101158864 13836893776533475455 4599588052791578069 4606688175762511260 13836452838101158864 13836893776533475455 4599588052791578069 4606688175762511260 13836893776533475455 13836452838101158864 4606688175762511260 1 1 1 1 1
0 4614485077653392705 13836693186206072373 13838526277355201731 4598881167794065996 4598187541393856902 4615125336398017459 13836021510350447082 0 13836693186206072373 4598881167794065996 4598187541393856902 13842982898175753110 13846313619476321074 4598881167794065996 4598187541393856902 13842982898175753110 13846313619476321074 4598881167794065996 4598881167794065996 13846313619476321074 13842982898175753110 4598187541393856902 4598881167794065996 13846313619476321074 13842982898175753110 4598187541393856902 4598881167794065996 13842982898175753110 13846313619476321074 4598881167794065996 1 1 1 1 1
1 4611377990227274272 13833463799028473066 13834691462272495754 4606109805483965832 13835157746963515185 4612142953645580915 13830972876088972954 0 4611377990227274272 4606109805483965832 13835157746963515185 4612142953645580915 13814731184464816544 4606109805483965832 13835157746963515185 4612142953645580915 13814731184464816544 4606109805483965832 4606109805483965832 13814731184464816544 4612142953645580915 13835157746963515185 4606109805483965832 13814731184464816544 4612142953645580915 13835157746963515185 4606109805483965832 4612142953645580915 13814731184464816544 4606109805483965832 1 1 1 1 1
0 4603013418610562030 4612089072579639054 13836654689436457610 13831070388028104780 13838049742471430404 4610378209124396531 4610359978553104935 0 4612089072579639054 13831070388028104780 13838049742471430404 4616039929892403716 4617236116237600783 13831070388028104780 13838049742471430404 4616039929892403716 4617236116237600783 13831070388028104780 13831070388028104780 4617236116237600783 4616039929892403716 13838049742471430404 13831070388028104780 4617236116237600783 4616039929892403716 13838049742471430404 13831070388028104780 4616039929892403716 4617236116237600783 13831070388028104780 1 1 1 1 1
1 4607013515799592505 13835714211733473084 13839450082732365731 13839549891507307516 13820277889823480085 13836544261173594485 4615812171369988479 0 4607013515799592505 13839549891507307516 13820277889823480085 13836544261173594485 4617126794619216064 13839549891507307516 13820277889823480085 13836544261173594485 4617126794619216064 13839549891507307516 13839549891507307516 4617126794619216064 13836544261173594485 13820277889823480085 13839549891507307516 4617126794619216064 13836544261173594485 13820277889823480085 13839549891507307516 13836544261173594485 4617126794619216064 13839549891507307516 1 1 1 1 1
0 4610600200557228877 4613219358992518737 13828972611321675603 13836467240612767195 4610910786801930856 13835837727456853347 4611716093465699484 0 4613219358992518737 13836467240612767195 4610910786801930856 13834905781068559576 4614823702560876435 13836467240612767195 4610910786801930856 13834905781068559576 4614823702560876435 13836467240612767195 13836467240612767195 4614823702560876435 13834905781068559576 4610910786801930856 13836467240612767195 4614823702560876435 13834905781068559576 4610910786801930856 13836467240612767195 13834905781068559576 4614823702560876435 13836467240612767195 1 1 1 1 1
1 13837198814343436513 4602353983538723933 13838158747596811280 4611948713393652425 4606809484722074112 13838721256197469109 13825689054847758284 0 13837198814343436513 4611948713393652425 4606809484722074112 13838721256197469109 4602859719762479130 4611948713393652425 4606809484722074112 13838721256197469109 4602859719762479130 4611948713393652425 4611948713393652425 4602859719762479130 13838721256197469109 4606809484722074112 4611948713393652425 4602859719762479130 13838721256197469109 4606809484722074112 4611948713393652425 13838721256197469109 4602859719762479130 4611948713393652425 1 1 1 1 1
0 13833406603313205461 4593389730610029546 13832882294244586987 4609812106651236060 4616101932970013496 4613679374672856869 4613552184012180671 0 4593389730610029546 4609812106651236060 4616101932970013496 4616432623933393541 4617494928509898066 4609812106651236060 4616101932970013496 4616432623933393541 4617494928509898066 4609812106651236060 4609812106651236060 4617494928509898066 4616432623933393541 4616101932970013496 4609812106651236060 4617494928509898066 4616432623933393541 4616101932970013496 4609812106651236060 4616432623933393541 4617494928509898066 4609812106651236060 1 1 1 1 1
1 13838174492181108567 4614903876389941142 13836529615467606276 4615417710085826352 4605065042428009915 4615617931118059989 4611686495808948405 0 13838174492181108567 4615417710085826352 4605065042428009915 4615617931118059989 4613938295622633653 4615417710085826352 4605065042428009915 4615617931118059989 4613938295622633653 4615417710085826352 4615417710085826352 4613938295622633653 4615617931118059989 4605065042428009915 4615417710085826352 4613938295622633653 4615617931118059989 4605065042428009915 4615417710085826352 4615617931118059989 4613938295622633653 4615417710085826352 1 1 1 1 1
0 13839143504691332112 4611562133408838196 13837277564286520714 4601893895800791763 4608024411786350596 4612419888993867181 4596353747683185674 0 4611562133408838196 4601893895800791763 4608024411786350596 4622362142870426613 4621728002265895642 4601893895800791763 4608024411786350596 4622362142870426613 4621728002265895642 4601893895800791763 4601893895800791763 4621728002265895642 4622362142870426613 4608024411786350596 4601893895800791763 4621728002265895642 4622362142870426613 4608024411786350596 4601893895800791763 4622362142870426613 4621728002265895642 4601893895800791763 1 1 1 1 1
1 4613743082593185652 4607432242478546904 4605271379348537521 13817270782309089277 13808637417852217055 4613392378283003056 4611101559282146271 0 4613743082593185652 13817270782309089277 13808637417852217055 4613392378283003056 4613645588668452336 13817270782309089277 13808637417852217055 4613392378283003056 4613645588668452336 13817270782309089277 13817270782309089277 4613645588668452336 4613392378283003056 13808637417852217055 13817270782309089277 4613645588668452336 4613392378283003056 13808637417852217055 13817270782309089277 4613392378283003056 4613645588668452336 13817270782309089277 1 1 1 1 1
0 13835391799036149630 4608051487427310347 4612805289035579039 13837712161650561966 4611785088611990800 4611876718850009280 13835517602588140597 0 4608051487427310347 13837712161650561966 4611785088611990800 13835253677637368720 13841110489858278466 13837712161650561966 4611785088611990800 13835253677637368720 13841110489858278466 13837712161650561966 13837712161650561966 13841110489858278466 13835253677637368720 4611785088611990800 13837712161650561966 13841110489858278466 13835253677637368720 4611785088611990800 13837712161650561966 13835253677637368720 13841110489858278466 13837712161650561966 1 1 1 1 1
1 13836908440253862173 4613252640593765005 13834525171359854725 13837280113323909805 13836095963859486771 13836903603387862377 13836091649411043750 0 13836908440253862173 13837280113323909805 13836095963859486771 13836903603387862377 13832621643912553292 13837280113323909805 13836095963859486771 13836903603387862377 13832621643912553292 13837280113323909805 13837280113323909805 13832621643912553292 13836903603387862377 13836095963859486771 13837280113323909805 13832621643912553292 13836903603387862377 13836095963859486771 13837280113323909805 13836903603387862377 13832621643912553292 13837280113323909805 1 1 1 1 1
0 13839339186095141360 13837901267798915254 13837492205844761191 4607951831774755893 4613506211267184473 13839347517754451996 13837536314099511658 0 13837901267798915254 4607951831774755893 4613506211267184473 13837132418998298642 13831080775777182400 4607951831774755893 4613506211267184473 13837132418998298642 13831080775777182400 4607951831774755893 4607951831774755893 13831080775777182400 13837132418998298642 4613506211267184473 4607951831774755893 13831080775777182400 13837132418998298642 4613506211267184473 4607951831774755893 13837132418998298642 13831080775777182400 4607951831774755893 1 1 1 1 1
1 4609644860975474029 4603751792776668678 13833582135612281853 13832804868359793234 4606884028303106348 4614426557879834653 4606044773505346602 0 4609644860975474029 13832804868359793234 4606884028303106348 4614426557879834653 4611117195780052501 13832804868359793234 4606884028303106348 4614426557879834653 4611117195780052501 13832804868359793234 13832804868359793234 4611117195780052501 4614426557879834653 4606884028303106348 13832804868359793234 4611117195780052501 4614426557879834653 4606884028303106348 13832804868359793234 4614426557879834653 4611117195780052501 13832804868359793234 1 1 1 1 1
0 13824982241907840249 4612604167283419927 4614587210285742213 13807746497759532114 13836483462578624983 4611349815708005442 13838710645716747024 0 4612604167283419927 13807746497759532114 13836483462578624983 13836764935468998075 13843283239447240054 13807746497759532114 13836483462578624983 13836764935468998075 13843283239447240054 13807746497759532114 13807746497759532114 13843283239447240054 13836764935468998075 13836483462578624983 13807746497759532114 13843283239447240054 13836764935468998075 13836483462578624983 13807746497759532114 13836764935468998075 13843283239447240054 13807746497759532114 1 1 1 1 1
1 4603597589525427512 4615344715743065931 13834544014420695644 4614518305211443445 13828931178205103794 13839141261898717682 4615605014794328691 0 4603597589525427512 4614518305211443445 13828931178205103794 13839141261898717682 4617023216331386170 4614518305211443445 13828931178205103794 13839141261898717682 4617023216331386170 4614518305211443445 4614518305211443445 4617023216331386170 13839141261898717682 13828931178205103794 4614518305211443445 4617023216331386170 13839141261898717682 13828931178205103794 4614518305211443445 13839141261898717682 4617023216331386170 4614518305211443445 1 1 1 1 1
0 13836399749668751421 4601535985731205375 13839256527027580602 4606258748530842229 4613885891737369570 4614945507664896555 13823067671634252503 0 4601535985731205375 4606258748530842229 4613885891737369570 4621428901722761873 4619032440308949727 4606258748530842229 4613885891737369570 4621428901722761873 4619032440308949727 4606258748530842229 4606258748530842229 4619032440308949727 4621428901722761873 4613885891737369570 4606258748530842229 4619032440308949727 4621428901722761873 4613885891737369570 4606258748530842229 4621428901722761873 4619032440308949727 4606258748530842229 1 1 1 1 1
1 4614887582366489316 4592882733378378685 4615980921248026051 13836909169837001807 13839354147053103485 4611737980959888505 4592212597753825955 0 4614887582366489316 13836909169837001807 13839354147053103485 4611737980959888505 4607654179868183722 13836909169837001807 13839354147053103485 4611737980959888505 4607654179868183722 13836909169837001807 13836909169837001807 4607654179868183722 4611737980959888505 13839354147053103485 13836909169837001807 4607654179868183722 4611737980959888505 13839354147053103485 13836909169837001807 4611737980959888505 4607654179868183722 13836909169837001807 1 1 1 1 1
0 13836581749136892717 4603959318647497910 4603791676654968671 4611818325177240794 13838158423337638109 4612219397745655901 4615286295048699681 0 4603959318647497910 4611818325177240794 13838158423337638109 4608092774517726686 4615208093589286323 4611818325177240794 13838158423337638109 4608092774517726686 4615208093589286323 4611818325177240794 4611818325177240794 4615208093589286323 4608092774517726686 13838158423337638109 4611818325177240794 4615208093589286323 4608092774517726686 13838158423337638109 4611818325177240794 4608092774517726686 4615208093589286323 4611818325177240794 1 1 1 1 1
1 13830655030041671654 13838849581765251404 4607354654464166565 13825536436863585952 13836762379510747293 13839388365403072246 13831944698845363979 0 13830655030041671654 13825536436863585952 13836762379510747293 13839388365403072246 13822604629534964780 13825536436863585952 13836762379510747293 13839388365403072246 13822604629534964780 13825536436863585952 13825536436863585952 13822604629534964780 13839388365403072246 13836762379510747293 13825536436863585952 13822604629534964780 13839388365403072246 13836762379510747293 13825536436863585952 13839388365403072246 13822604629534964780 13825536436863585952 1 1 1 1 1
0 4611771911079481114 4597701224691694926 13829049460745717053 4612554789817105437 13830070120536467283 13834339010565657739 4613126449732206083 0 4597701224691694926 4612554789817105437 13830070120536467283 13836387748009891482 4613689034459910574 4612554789817105437 13830070120536467283 13836387748009891482 4613689034459910574 4612554789817105437 4612554789817105437 4613689034459910574 13836387748009891482 13830070120536467283 4612554789817105437 4613689034459910574 13836387748009891482 13830070120536467283 4612554789817105437 13836387748009891482 4613689034459910574 4612554789817105437 1 1 1 1 1
1 13838740918913442209 4607550128702392954 13837621513197262253 4616148148909389572 13836097053730596595 4607184040095883261 4616112741609119186 0 13838740918913442209 4616148148909389572 13836097053730596595 4607184040095883261 4617277079738781417 4616148148909389572 13836097053730596595 4607184040095883261 4617277079738781417 4616148148909389572 4616148148909389572 4617277079738781417 4607184040095883261 13836097053730596595 4616148148909389572 4617277079738781417 4607184040095883261 13836097053730596595 4616148148909389572 4607184040095883261 4617277079738781417 4616148148909389572 1 1 1 1 1
0 13826494983008275489 4613264250873604366 13835891491429204896 4612886317800074689 4615075346442153647 13830303983457917378 4612241492405427781 0 4613264250873604366 4612886317800074689 4615075346442153647 4613666411176261346 4619678042207290828 4612886317800074689 4615075346442153647 4613666411176261346 4619678042207290828 4612886317800074689 4612886317800074689 4619678042207290828 4613666411176261346 4615075346442153647 4612886317800074689 4619678042207290828 4613666411176261346 4615075346442153647 4612886317800074689 4613666411176261346 4619678042207290828 4612886317800074689 1 1 1 1 1
1 4599025282982141852 4611511675078613137 4615531624134801061 13831074062965400714 4610531457612516694 13823510825837585760 4600603920752324777 0 4599025282982141852 13831074062965400714 4610531457612516694 13823510825837585760 4608915494008622122 13831074062965400714 4610531457612516694 13823510825837585760 4608915494008622122 13831074062965400714 13831074062965400714 4608915494008622122 13823510825837585760 4610531457612516694 13831074062965400714 4608915494008622122 13823510825837585760 4610531457612516694 13831074062965400714 13823510825837585760 4608915494008622122 13831074062965400714 1 1 1 1 1
0 13839270046833661968 4614995425563166330 13835377630711721922 4609662875373983511 13833759271192825589 13839249096088195441 13829721145608541598 0 4614995425563166330 4609662875373983511 13833759271192825589 4616189245618598429 4620640915809160980 4609662875373983511 13833759271192825589 4616189245618598429 4620640915809160980 4609662875373983511 4609662875373983511 4620640915809160980 4616189245618598429 13833759271192825589 4609662875373983511 4620640915809160980 4616189245618598429 13833759271192825589 4609662875373983511 4616189245618598429 4620640915809160980 4609662875373983511 1 1 1 1 1
1 13830373050661802732 4605471267114398733 13838222671689922176 13830351649556373468 4614747160130107904 13833890938431531393 4614463289238395487 0 13830373050661802732 13830351649556373468 4614747160130107904 13833890938431531393 4616452353553419568 13830351649556373468 4614747160130107904 13833890938431531393 4616452353553419568 13830351649556373468 13830351649556373468 4616452353553419568 13833890938431531393 4614747160130107904 13830351649556373468 4616452353553419568 13833890938431531393 4614747160130107904 13830351649556373468 13833890938431531393 4616452353553419568 13830351649556373468 1 1 1 1 1
0 4608864333116855193 13828612287322688944 4576129630994936592 4603403466367089334 4613567937603677213 13829613887879816143 13828147912157911518 0 13828612287322688944 4603403466367089334 4613567937603677213 13829530001849987637 4598652478971326328 4603403466367089334 4613567937603677213 13829530001849987637 4598652478971326328 4603403466367089334 4603403466367089334 4598652478971326328 13829530001849987637 4613567937603677213 4603403466367089334 4598652478971326328 13829530001849987637 4613567937603677213 4603403466367089334 13829530001849987637 4598652478971326328 4603403466367089334 1 1 1 1 1
1 13811990113587613766 4612386238097451469 13834747829325431923 4615041560437749113 4606252443491363910 4607613269169168689 4611766912083894733 0 13811990113587613766 4615041560437749113 4606252443491363910 4607613269169168689 4614018711897579981 4615041560437749113 4606252443491363910 4607613269169168689 4614018711897579981 4615041560437749113 4615041560437749113 4614018711897579981 4607613269169168689 4606252443491363910 4615041560437749113 4614018711897579981 4607613269169168689 4606252443491363910 4615041560437749113 4607613269169168689 4614018711897579981 4615041560437749113 1 1 1 1 1
0 13830493639045425205 4610129106021807414 4607678121003802824 13830838866978460918 13824113947899683217 4614707852712560214 13836585397052590887 0 4610129106021807414 13830838866978460918 13824113947899683217 4611111751214099600 13837642565130722101 13830838866978460918 13824113947899683217 4611111751214099600 13837642565130722101 13830838866978460918 13830838866978460918 13837642565130722101 4611111751214099600 13824113947899683217 13830838866978460918 13837642565130722101 4611111751214099600 13824113947899683217 13830838866978460918 4611111751214099600 13837642565130722101 13830838866978460918 1 1 1 1 1
1 13836745986408103664 13835942219975407597 4607880404684665797 4610175943457932067 4615824177966595048 13833254021357830148 13836747247415999328 0 13836745986408103664 4610175943457932067 4615824177966595048 13833254021357830148 13833932839922464448 4610175943457932067 4615824177966595048 13833254021357830148 13833932839922464448 4610175943457932067 4610175943457932067 13833932839922464448 13833254021357830148 4615824177966595048 4610175943457932067 13833932839922464448 13833254021357830148 4615824177966595048 4610175943457932067 13833254021357830148 13833932839922464448 4610175943457932067 1 1 1 1 1
0 13838507019963195095 13835423783600703215 4608307075713362878 13839404875599306186 4613801097963585438 13835145452136532464 4612464816903749829 0 13835423783600703215 13839404875599306186 4613801097963585438 13837072049376471865 4612790019477495676 13839404875599306186 4613801097963585438 13837072049376471865 4612790019477495676 13839404875599306186 13839404875599306186 4612790019477495676 13837072049376471865 4613801097963585438 13839404875599306186 4612790019477495676 13837072049376471865 4613801097963585438 13839404875599306186 13837072049376471865 4612790019477495676 13839404875599306186 1 1 1 1 1
1 4607972908621011987 4611903172994220455 13836266289997393923 4612620560386063556 13835970952941030221 13838726201149859962 4615052441134448840 0 4607972908621011987 4612620560386063556 13835970952941030221 13838726201149859962 4616746929501446244 4612620560386063556 13835970952941030221 13838726201149859962 4616746929501446244 4612620560386063556 4612620560386063556 4616746929501446244 13838726201149859962 13835970952941030221 4612620560386063556 4616746929501446244 13838726201149859962 13835970952941030221 4612620560386063556 13838726201149859962 4616746929501446244 4612620560386063556 1 1 1 1 1
0 4612849307218336958 13839090191078943300 4601922142377654631 13838850491492376133 13837661658284340634 13832130337222004190 4600092311834655489 0 13839090191078943300 13838850491492376133 13837661658284340634 4591468640099552976 4613489177557974214 13838850491492376133 13837661658284340634 4591468640099552976 4613489177557974214 13838850491492376133 13838850491492376133 4613489177557974214 4591468640099552976 13837661658284340634 13838850491492376133 4613489177557974214 4591468640099552976 13837661658284340634 13838850491492376133 4591468640099552976 4613489177557974214 13838850491492376133 1 1 1 1 1
1 4615660021760177394 4613896961585253647 13830544799937192134 13836240277205946231 4614384305108130663 4607319490358276056 13826856243755984641 0 4615660021760177394 13836240277205946231 4614384305108130663 4607319490358276056 4601068043715523070 13836240277205946231 4614384305108130663 4607319490358276056 4601068043715523070 13836240277205946231 13836240277205946231 4601068043715523070 4607319490358276056 4614384305108130663 13836240277205946231 4601068043715523070 4607319490358276056 4614384305108130663 13836240277205946231 4607319490358276056 4601068043715523070 13836240277205946231 1 1 1 1 1
0 13835292296505982506 4612430490467390011 4611401372916539579 13836672100352617024 4615787599730421545 13837628691935068282 13835476097413974751 0 4612430490467390011 13836672100352617024 4615787599730421545 13843430342277876394 13841228145110487004 13836672100352617024 4615787599730421545 13843430342277876394 13841228145110487004 13836672100352617024 13836672100352617024 13841228145110487004 13843430342277876394 4615787599730421545 13836672100352617024 13841228145110487004 13843430342277876394 4615787599730421545 13836672100352617024 13843430342277876394 13841228145110487004 13836672100352617024 1 1 1 1 1
1 4612100205477917914 13835442734747935190 13830186853838808727 4613849962019542408 4602696797542359375 13838799546773391318 4607658125021457299 0 4612100205477917914 4613849962019542408 4602696797542359375 13838799546773391318 4611923871538107850 4613849962019542408 4602696797542359375 13838799546773391318 4611923871538107850 4613849962019542408 4613849962019542408 4611923871538107850 13838799546773391318 4602696797542359375 4613849962019542408 4611923871538107850 13838799546773391318 4602696797542359375 4613849962019542408 13838799546773391318 4611923871538107850 4613849962019542408 1 1 1 1 1
0 13836446244831304394 13836725197792223722 13836215426343202401 13836984830310741631 4609229052629078166 13809535543704305789 13836497090471097407 0 13836725197792223722 13836984830310741631 4609229052629078166 13819650976989786147 13834133807081540734 13836984830310741631 4609229052629078166 13819650976989786147 13834133807081540734 13836984830310741631 13836984830310741631 13834133807081540734 13819650976989786147 4609229052629078166 13836984830310741631 13834133807081540734 13819650976989786147 4609229052629078166 13836984830310741631 13819650976989786147 13834133807081540734 13836984830310741631 1 1 1 1 1
1 13823762450955966205 13832772658615258280 4608135272394777948 13839298869871277140 13836773161128255218 13824783435005889606 13826365603598180389 0 13823762450955966205 13839298869871277140 13836773161128255218 13824783435005889606 4602049324031131574 13839298869871277140 13836773161128255218 13824783435005889606 4602049324031131574 13839298869871277140 13839298869871277140 4602049324031131574 13824783435005889606 13836773161128255218 13839298869871277140 4602049324031131574 13824783435005889606 13836773161128255218 13839298869871277140 13824783435005889606 4602049324031131574 13839298869871277140 1 1 1 1 1
0 13836007423090812667 4612981343752212206 4612004422921042998 4615572336675432490 4600278508657649495 4600902023018859685 13834635743737905926 0 4612981343752212206 4615572336675432490 4600278508657649495 13840629855678384600 13842102077892972388 4615572336675432490 4600278508657649495 13840629855678384600 13842102077892972388 4615572336675432490 4615572336675432490 13842102077892972388 13840629855678384600 4600278508657649495 4615572336675432490 13842102077892972388 13840629855678384600 4600278508657649495 4615572336675432490 13840629855678384600 13842102077892972388 4615572336675432490 1 1 1 1 1
1 4610533457210751247 13836830086627545181 4615478580738389891 4615150871807904650 13835299241056607912 13834966199864163863 4602805424365371551 0 4610533457210751247 4615150871807904650 13835299241056607912 13834966199864163863 4609497521210064976 4615150871807904650 13835299241056607912 13834966199864163863 4609497521210064976 4615150871807904650 4615150871807904650 4609497521210064976 13834966199864163863 13835299241056607912 4615150871807904650 4609497521210064976 13834966199864163863 13835299241056607912 4615150871807904650 13834966199864163863 4609497521210064976 4615150871807904650 1 1 1 1 1
0 13823498503989005275 13835679065641981084 13837751577154500713 13836773413329834351 13821924045559276549 13836765955368851425 4611685874312199828 0 13835679065641981084 13836773413329834351 13821924045559276549 13841613867681143100 13812669983931984256 13836773413329834351 13821924045559276549 13841613867681143100 13812669983931984256 13836773413329834351 13836773413329834351 13812669983931984256 13841613867681143100 13821924045559276549 13836773413329834351 13812669983931984256 13841613867681143100 13821924045559276549 13836773413329834351 13841613867681143100 13812669983931984256 13836773413329834351 1 1 1 1 1
1 13838665213403706111 13829404884828309133 13818903175044424496 13834198948617246516 4611967952771260552 13834884036192562116 13838700620703976498 0 13838665213403706111 13834198948617246516 4611967952771260552 13834884036192562116 13836448820890291250 13834198948617246516 4611967952771260552 13834884036192562116 13836448820890291250 13834198948617246516 13834198948617246516 13836448820890291250 13834884036192562116 4611967952771260552 13834198948617246516 13836448820890291250 13834884036192562116 4611967952771260552 13834198948617246516 13834884036192562116 13836448820890291250 13834198948617246516 1 1 1 1 1
0 4615100296384089279 4604585066794123277 13831633608197503734 4607838665323319327 4615282764226591822 4613741416261323525 4613256171415872863 0 4604585066794123277 4607838665323319327 4615282764226591822 4607968098396145860 4611501208332615032 4607838665323319327 4615282764226591822 4607968098396145860 4611501208332615032 4607838665323319327 4607838665323319327 4611501208332615032 4607968098396145860 4615282764226591822 4607838665323319327 4611501208332615032 4607968098396145860 4615282764226591822 4607838665323319327 4607968098396145860 4611501208332615032 4607838665323319327 1 1 1 1 1
1 4611868279104307588 4604725434987309160 13831308376246813547 4601193279813960990 4612839471356750781 4611954640130762045 13838782144864431158 0 4611868279104307588 4601193279813960990 4612839471356750781 4611954640130762045 13836530345050745910 4601193279813960990 4612839471356750781 4611954640130762045 13836530345050745910 4601193279813960990 4601193279813960990 13836530345050745910 4611954640130762045 4612839471356750781 4601193279813960990 13836530345050745910 4611954640130762045 4612839471356750781 4601193279813960990 4611954640130762045 13836530345050745910 4601193279813960990 1 1 1 1 1
0 13833647293691690649 13836608464489882279 4614519016780184569 13823623595972255117 13835423216147150167 13836219983986025300 13833032138011388859 0 13836608464489882279 13823623595972255117 13835423216147150167 13829510172861404524 4607550735247839287 13823623595972255117 13835423216147150167 13829510172861404524 4607550735247839287 13823623595972255117 13823623595972255117 4607550735247839287 13829510172861404524 13835423216147150167 13823623595972255117 4607550735247839287 13829510172861404524 13835423216147150167 13823623595972255117 13829510172861404524 4607550735247839287 13823623595972255117 1 1 1 1 1
1 4609838191500277789 13830635646548875451 4613935764599643071 13838717473173782118 4604926151415501808 4613919398518597207 13837082459343463769 0 4609838191500277789 13838717473173782118 4604926151415501808 4613919398518597207 13834603263777393330 13838717473173782118 4604926151415501808 4613919398518597207 13834603263777393330 13838717473173782118 13838717473173782118 13834603263777393330 4613919398518597207 4604926151415501808 13838717473173782118 13834603263777393330 4613919398518597207 4604926151415501808 13838717473173782118 4613919398518597207 13834603263777393330 13838717473173782118 1 1 1 1 1
0 4611248178471614944 13824270889339497824 4611591640993596728 13823157311281235686 4605665786589504120 4608899767438723344 4608840518082025658 0 13824270889339497824 13823157311281235686 4605665786589504120 4615426615912169971 4616919204551132388 13823157311281235686 4605665786589504120 4615426615912169971 4616919204551132388 13823157311281235686 13823157311281235686 4616919204551132388 4615426615912169971 4605665786589504120 13823157311281235686 4616919204551132388 4615426615912169971 4605665786589504120 13823157311281235686 4615426615912169971 4616919204551132388 13823157311281235686 1 1 1 1 1
1 13834334777182008010 13838047553722011502 13830663262621790487 13835254619391499925 4610359924509909407 4614867208081775092 13826746860328235066 0 13834334777182008010 13835254619391499925 4610359924509909407 4614867208081775092 4601286810571022220 13835254619391499925 4610359924509909407 4614867208081775092 4601286810571022220 13835254619391499925 13835254619391499925 4601286810571022220 4614867208081775092 4610359924509909407 13835254619391499925 4601286810571022220 4614867208081775092 4610359924509909407 13835254619391499925 4614867208081775092 4601286810571022220 13835254619391499925 1 1 1 1 1
0 13825613898777176725 13836453945986667197 13824884243579948667 4607990310529972147 4615685593198861604 13839173309513666050 4614819469925724965 0 13836453945986667197 4607990310529972147 4615685593198861604 13839892839750547699 4616020554661515072 4607990310529972147 4615685593198861604 13839892839750547699 4616020554661515072 4607990310529972147 4607990310529972147 4616020554661515072 13839892839750547699 4615685593198861604 4607990310529972147 4616020554661515072 13839892839750547699 4615685593198861604 4607990310529972147 13839892839750547699 4616020554661515072 4607990310529972147 1 1 1 1 1
1 4609309180673648342 13825742809812910578 13831498392122291562 4608934084867883908 13837927748964724192 13832902164126142946 13835621806876318696 0 4609309180673648342 4608934084867883908 13837927748964724192 13832902164126142946 13831681958843103184 4608934084867883908 13837927748964724192 13832902164126142946 13831681958843103184 4608934084867883908 4608934084867883908 13831681958843103184 13832902164126142946 13837927748964724192 4608934084867883908 13831681958843103184 13832902164126142946 13837927748964724192 4608934084867883908 13832902164126142946 13831681958843103184 4608934084867883908 1 1 1 1 1
0 4609332383218928554 13838039402206685961 13830582792303648631 13834552715375175723 13829685585185883881 4613018831715510438 13835094894727115603 0 13838039402206685961 13834552715375175723 13829685585185883881 4595512579168602496 13838282972899044193 13834552715375175723 13829685585185883881 4595512579168602496 13838282972899044193 13834552715375175723 13834552715375175723 13838282972899044193 4595512579168602496 13829685585185883881 13834552715375175723 13838282972899044193 4595512579168602496 13829685585185883881 13834552715375175723 4595512579168602496 13838282972899044193 13834552715375175723 1 1 1 1 1
1 4603840495674929367 4612198437992990119 4612870816410157279 4603928153738076507 4604356716278617083 4596483595467642020 4611735080641728478 0 4603840495674929367 4603928153738076507 4604356716278617083 4596483595467642020 4613986880455413726 4603928153738076507 4604356716278617083 4596483595467642020 4613986880455413726 4603928153738076507 4603928153738076507 4613986880455413726 4596483595467642020 4604356716278617083 4603928153738076507 4613986880455413726 4596483595467642020 4604356716278617083 4603928153738076507 4596483595467642020 4613986880455413726 4603928153738076507 1 1 1 1 1
0 13835167970134669316 13835270814335759949 13838850545535571661 13834445529704044306 4608105098277274566 13823745661536555367 4615687421660310316 0 13835270814335759949 13834445529704044306 4608105098277274566 13825261257604695025 4616969695010118253 13834445529704044306 4608105098277274566 13825261257604695025 4616969695010118253 13834445529704044306 13834445529704044306 4616969695010118253 13825261257604695025 4608105098277274566 13834445529704044306 4616969695010118253 13825261257604695025 4608105098277274566 13834445529704044306 13825261257604695025 4616969695010118253 13834445529704044306 1 1 1 1 1
1 4614885735890642094 13832364776604206589 13835806121194668461 4608373963175028584 4615367630057969992 4614861173258274415 13816881094840532163 0 4614885735890642094 4608373963175028584 4615367630057969992 4614861173258274415 4606076839134693480 4608373963175028584 4615367630057969992 4614861173258274415 4606076839134693480 4608373963175028584 4608373963175028584 4606076839134693480 4614861173258274415 4615367630057969992 4608373963175028584 4606076839134693480 4614861173258274415 4615367630057969992 4608373963175028584 4614861173258274415 4606076839134693480 4608373963175028584 1 1 1 1 1
0 13831121873179044880 4616041620763803751 4614637272299200064 4612697625982887120 13838781406274092270 13838718824253670329 4611917035073873501 0 4616041620763803751 4612697625982887120 13838781406274092270 13846318191635078739 13840995736390043548 4612697625982887120 13838781406274092270 13846318191635078739 13840995736390043548 4612697625982887120 4612697625982887120 13840995736390043548 13846318191635078739 13838781406274092270 4612697625982887120 13840995736390043548 13846318191635078739 13838781406274092270 4612697625982887120 13846318191635078739 13840995736390043548 4612697625982887120 1 1 1 1 1
1 13834286084262836881 13835332522657854180 13831653406021465655 4612305893880099179 4612192790479057396 4610348827640427566 13822265670612610366 0 13834286084262836881 4612305893880099179 4612192790479057396 4610348827640427566 4604571411880053089 4612305893880099179 4612192790479057396 4610348827640427566 4604571411880053089 4612305893880099179 4612305893880099179 4604571411880053089 4610348827640427566 4612192790479057396 4612305893880099179 4604571411880053089 4610348827640427566 4612192790479057396 4612305893880099179 4610348827640427566 4604571411880053089 4612305893880099179 1 1 1 1 1
0 4613215170644865282 4612072256138630452 13825269319362487354 13833153807258921900 13831926035928508155 4608614455395130169 4605569229413493296 0 4612072256138630452 13833153807258921900 13831926035928508155 4608092582344951246 4610357550683946925 13833153807258921900 13831926035928508155 4608092582344951246 4610357550683946925 13833153807258921900 13833153807258921900 4610357550683946925 4608092582344951246 13831926035928508155 13833153807258921900 4610357550683946925 4608092582344951246 13831926035928508155 13833153807258921900 4608092582344951246 4610357550683946925 13833153807258921900 1 1 1 1 1
1 13817979684919234412 4614838826396923403 13838759347643117409 13838364544085383602 13831665944042828254 4611264319372679440 13837837397748999885 0 13817979684919234412 13838364544085383602 13831665944042828254 4611264319372679440 13835585597935314637 13838364544085383602 13831665944042828254 4611264319372679440 13835585597935314637 13838364544085383602 13838364544085383602 13835585597935314637 4611264319372679440 13831665944042828254 13838364544085383602 13835585597935314637 4611264319372679440 13831665944042828254 13838364544085383602 4611264319372679440 13835585597935314637 13838364544085383602 1 1 1 1 1
0 13836868610418757708 13839076824395249265 4614012614023684521 4607158855966767006 13827323969598884831 4610627168111797572 4614187209574038421 0 13839076824395249265 4607158855966767006 13827323969598884831 4614505588252051645 4617988811212470488 4607158855966767006 13827323969598884831 4614505588252051645 4617988811212470488 4607158855966767006 4607158855966767006 4617988811212470488 4614505588252051645 13827323969598884831 4607158855966767006 4617988811212470488 4614505588252051645 13827323969598884831 4607158855966767006 4614505588252051645 4617988811212470488 4607158855966767006 1 1 1 1 1
1 13829708643615976018 13837557210801782657 13835205854414734757 13822241026915449394 13779017423246986398 13823936181815191649 4615799011851877302 0 13829708643615976018 13822241026915449394 13779017423246986398 13823936181815191649 4617120214860160475 13822241026915449394 13779017423246986398 13823936181815191649 4617120214860160475 13822241026915449394 13822241026915449394 4617120214860160475 13823936181815191649 13779017423246986398 13822241026915449394 4617120214860160475 13823936181815191649 13779017423246986398 13822241026915449394 13823936181815191649 4617120214860160475 13822241026915449394 1 1 1 1 1
0 4605016223408049218 13830177810610756967 4608071537452851401 4614010119029490958 13839172724045714492 13824860176343539999 4609194573070331017 0 13830177810610756967 4614010119029490958 13839172724045714492 4603529967237135168 4615007847431866680 4614010119029490958 13839172724045714492 4603529967237135168 4615007847431866680 4614010119029490958 4614010119029490958 4615007847431866680 4603529967237135168 13839172724045714492 4614010119029490958 4615007847431866680 4603529967237135168 13839172724045714492 4614010119029490958 4603529967237135168 4615007847431866680 4614010119029490958 1 1 1 1 1
1 4604822064220914022 4613006780082907595 4612504349501278887 13838065496062926946 4603098734801902937 4610166179653939928 13799988200724656489 0 4604822064220914022 13838065496062926946 4603098734801902937 4610166179653939928 4607097066579879482 13838065496062926946 4603098734801902937 4610166179653939928 4607097066579879482 13838065496062926946 13838065496062926946 4607097066579879482 4610166179653939928 4603098734801902937 13838065496062926946 4607097066579879482 4610166179653939928 4603098734801902937 13838065496062926946 4610166179653939928 4607097066579879482 13838065496062926946 1 1 1 1 1
0 13836147440003227616 13837875687353031789 13835462424485506054 13823174821276586902 13837937296595934218 4615281061865932676 13838837962478212788 0 13837875687353031789 13823174821276586902 13837937296595934218 4613397638643084286 13838469585887375930 13823174821276586902 13837937296595934218 4613397638643084286 13838469585887375930 13823174821276586902 13823174821276586902 13838469585887375930 4613397638643084286 13837937296595934218 13823174821276586902 13838469585887375930 4613397638643084286 13837937296595934218 13823174821276586902 4613397638643084286 13838469585887375930 13823174821276586902 1 1 1 1 1
1 4612455674596506267 4615842840883450872 13837884262206722303 13839217724013191178 13811264925961216059 4608074671958192051 13831209747414974133 0 4612455674596506267 13839217724013191178 13811264925961216059 4608074671958192051 13817782391226758568 13839217724013191178 13811264925961216059 4608074671958192051 13817782391226758568 13839217724013191178 13839217724013191178 13817782391226758568 4608074671958192051 13811264925961216059 13839217724013191178 13817782391226758568 4608074671958192051 13811264925961216059 13839217724013191178 4608074671958192051 13817782391226758568 13839217724013191178 1 1 1 1 1
0 4607998993470053717 13837809241244129565 13824966821582716132 13839536768017993359 4613052320482339565 13835050957609150976 13835803157826113651 0 13837809241244129565 13839536768017993359 4613052320482339565 13837234905939225142 13835731757505996201 13839536768017993359 4613052320482339565 13837234905939225142 13835731757505996201 13839536768017993359 13839536768017993359 13835731757505996201 13837234905939225142 4613052320482339565 13839536768017993359 13835731757505996201 13837234905939225142 4613052320482339565 13839536768017993359 13837234905939225142 13835731757505996201 13839536768017993359 1 1 1 1 1
1 13838152388514137432 13838820911850023564 13838843880208123153 13828840277550224948 4614808382063442378 13831031278768940695 13832107044604731430 0 13838152388514137432 13828840277550224948 4614808382063442378 13831031278768940695 13823254012572434584 13828840277550224948 4614808382063442378 13831031278768940695 13823254012572434584 13828840277550224948 13828840277550224948 13823254012572434584 13831031278768940695 4614808382063442378 13828840277550224948 13823254012572434584 13831031278768940695 4614808382063442378 13828840277550224948 13831031278768940695 13823254012572434584 13828840277550224948 1 1 1 1 1
0 4608600368135495754 4612317585224731833 13837982017340234007 13835399545227508707 13837911887286836593 13826355551563812098 13833252273961174728 0 4612317585224731833 13835399545227508707 13837911887286836593 4607446903415709054 4607124046582397552 13835399545227508707 13837911887286836593 4607446903415709054 4607124046582397552 13835399545227508707 13835399545227508707 4607124046582397552 4607446903415709054 13837911887286836593 13835399545227508707 4607124046582397552 4607446903415709054 13837911887286836593 13835399545227508707 4607446903415709054 4607124046582397552 13835399545227508707 1 1 1 1 1
1 13836205599488815479 13833608670821286320 4613485062363334341 13835076033651876175 13837015932169768252 4614733433158443679 4615102692299091040 0 13836205599488815479 13835076033651876175 13837015932169768252 4614733433158443679 4616772055083767344 13835076033651876175 13837015932169768252 4614733433158443679 4616772055083767344 13835076033651876175 13835076033651876175 4616772055083767344 4614733433158443679 13837015932169768252 13835076033651876175 4616772055083767344 4614733433158443679 13837015932169768252 13835076033651876175 4614733433158443679 4616772055083767344 13835076033651876175 1 1 1 1 1
0 13834036746973067140 4612333897262582169 4612366656446271662 4615478544709592872 4608772333583667269 13836645610179608831 13830667045645477478 0 4612333897262582169 4615478544709592872 4608772333583667269 13843366852051366458 13840349422286629716 4615478544709592872 4608772333583667269 13843366852051366458 13840349422286629716 4615478544709592872 4615478544709592872 13840349422286629716 13843366852051366458 4608772333583667269 4615478544709592872 13840349422286629716 13843366852051366458 4608772333583667269 4615478544709592872 13843366852051366458 13840349422286629716 4615478544709592872 1 1 1 1 1
1 13833152960582191954 4614845149450800231 4603127053436359843 4613736273150549068 4612657886219775202 4611971681751752015 4611830565961027987 0 13833152960582191954 4613736273150549068 4612657886219775202 4611971681751752015 4614082365774713235 4613736273150549068 4612657886219775202 4611971681751752015 4614082365774713235 4613736273150549068 4613736273150549068 4614082365774713235 4611971681751752015 4612657886219775202 4613736273150549068 4614082365774713235 4611971681751752015 4612657886219775202 4613736273150549068 4611971681751752015 4614082365774713235 4613736273150549068 1 1 1 1 1
0 13837953779770570394 4611277830171561552 4613581790676131005 13823179000617041102 4614554739332428872 4615442822157348570 4615336519191744116 0 4611277830171561552 13823179000617041102 4614554739332428872 13838917457443911054 13836771960595830260 13823179000617041102 4614554739332428872 13838917457443911054 13836771960595830260 13823179000617041102 13823179000617041102 13836771960595830260 13838917457443911054 4614554739332428872 13823179000617041102 13836771960595830260 13838917457443911054 4614554739332428872 13823179000617041102 13838917457443911054 13836771960595830260 13823179000617041102 1 1 1 1 1
1 4615691925259937686 4608482463897251194 4616024831344392914 13818481782234490694 13836896226491672744 4614589344991965587 4613550139377949845 0 4615691925259937686 13818481782234490694 13836896226491672744 4614589344991965587 4615801939191635093 13818481782234490694 13836896226491672744 4614589344991965587 4615801939191635093 13818481782234490694 13818481782234490694 4615801939191635093 4614589344991965587 13836896226491672744 13818481782234490694 4615801939191635093 4614589344991965587 13836896226491672744 13818481782234490694 4614589344991965587 4615801939191635093 13818481782234490694 1 1 1 1 1
0 4609463978400040320 13839281810235888660 13837950384056451356 4609856061783599196 13837354909106521174 13829431402022915090 13839437139387036669 0 13839281810235888660 4609856061783599196 13837354909106521174 13845030331774207319 13846195293652417941 4609856061783599196 13837354909106521174 13845030331774207319 13846195293652417941 4609856061783599196 4609856061783599196 13846195293652417941 13845030331774207319 13837354909106521174 4609856061783599196 13846195293652417941 13845030331774207319 13837354909106521174 4609856061783599196 13845030331774207319 13846195293652417941 4609856061783599196 1 1 1 1 1
1 13837744020114325985 13835430818223321168 4612640178066040382 13828591066361244775 4609466230199854005 13825851977067878039 13831972332932677524 0 13837744020114325985 13828591066361244775 4609466230199854005 13825851977067878039 13822715165884218960 13828591066361244775 4609466230199854005 13825851977067878039 13822715165884218960 13828591066361244775 13828591066361244775 13822715165884218960 13825851977067878039 4609466230199854005 13828591066361244775 13822715165884218960 13825851977067878039 4609466230199854005 13828591066361244775 13825851977067878039 13822715165884218960 13828591066361244775 1 1 1 1 1
0 4614452579678481600 13835705898088560958 4607525773235608135 13831593670276008213 13828311050550813387 13832718489318940268 4614623869586709009 0 13835705898088560958 13831593670276008213 13828311050550813387 4609379812229885862 4619874800314765453 13831593670276008213 13828311050550813387 4609379812229885862 4619874800314765453 13831593670276008213 13831593670276008213 4619874800314765453 4609379812229885862 13828311050550813387 13831593670276008213 4619874800314765453 4609379812229885862 13828311050550813387 13831593670276008213 4609379812229885862 4619874800314765453 13831593670276008213 1 1 1 1 1
1 13831092599781466971 4603941592479364580 4615274252423296092 4599026291788458383 4614725759024678639 4613246533712670290 13832979878241312851 0 13831092599781466971 4599026291788458383 4614725759024678639 4613246533712670290 13826398101573091494 4599026291788458383 4614725759024678639 4613246533712670290 13826398101573091494 4599026291788458383 4599026291788458383 13826398101573091494 4613246533712670290 4614725759024678639 4599026291788458383 13826398101573091494 4613246533712670290 4614725759024678639 4599026291788458383 4613246533712670290 13826398101573091494 4599026291788458383 1 1 1 1 1
0 13836355929644377106 13838429990395168550 4613132385476514958 4605113393073609364 13836682404588564448 4608005298509532036 4604489158136458795 0 13838429990395168550 4605113393073609364 13836682404588564448 4612585820421854092 4613752865214892373 4605113393073609364 13836682404588564448 4612585820421854092 4613752865214892373 4605113393073609364 4605113393073609364 4613752865214892373 4612585820421854092 13836682404588564448 4605113393073609364 4613752865214892373 4612585820421854092 13836682404588564448 4605113393073609364 4612585820421854092 4613752865214892373 4605113393073609364 1 1 1 1 1
1 4613871516247359004 13838421181354297413 4609287797582617586 4615119878035269086 4612085037354372930 13835133814835095338 4613852276869750877 0 4613871516247359004 4615119878035269086 4612085037354372930 13835133814835095338 4616104076683436125 4615119878035269086 4612085037354372930 13835133814835095338 4616104076683436125 4615119878035269086 4615119878035269086 4616104076683436125 13835133814835095338 4612085037354372930 4615119878035269086 4616104076683436125 13835133814835095338 4612085037354372930 4615119878035269086 13835133814835095338 4616104076683436125 4615119878035269086 1 1 1 1 1
0 4609330239505505926 13838113738622135339 13837013581290762765 4607525971393991739 4616016166418709853 13838852959464971932 13837835118927588436 0 13838113738622135339 4607525971393991739 4616016166418709853 13845539133247668674 13844721723159901488 4607525971393991739 4616016166418709853 13845539133247668674 13844721723159901488 4607525971393991739 4607525971393991739 13844721723159901488 13845539133247668674 4616016166418709853 4607525971393991739 13844721723159901488 13845539133247668674 4616016166418709853 4607525971393991739 13845539133247668674 13844721723159901488 4607525971393991739 1 1 1 1 1
1 4607904363834683408 4594069666067371434 13838622032890478882 4612351641445114009 4613073595486979263 4606859997095494699 4603170936511128941 0 4607904363834683408 4612351641445114009 4613073595486979263 4606859997095494699 4609680277282943670 4612351641445114009 4613073595486979263 4606859997095494699 4609680277282943670 4612351641445114009 4612351641445114009 4609680277282943670 4606859997095494699 4613073595486979263 4612351641445114009 4609680277282943670 4606859997095494699 4613073595486979263 4612351641445114009 4606859997095494699 4609680277282943670 4612351641445114009 1 1 1 1 1
0 4614017297767296987 13837165397634201424 4611978788431964005 13839189585522719367 4612202617333444319 13828985221400632240 4616154192740089504 0 13837165397634201424 13839189585522719367 4612202617333444319 4617916226239710436 4622575488211895253 13839189585522719367 4612202617333444319 4617916226239710436 4622575488211895253 13839189585522719367 13839189585522719367 4622575488211895253 4617916226239710436 4612202617333444319 13839189585522719367 4622575488211895253 4617916226239710436 4612202617333444319 13839189585522719367 4617916226239710436 4622575488211895253 13839189585522719367 1 1 1 1 1
1 4606941025859990349 13834760565505178127 4615769468238321752 4616123775428206243 4610571017231643517 13833526345020097987 4608332205799283605 0 4606941025859990349 4616123775428206243 4610571017231643517 13833526345020097987 4612260911927021002 4616123775428206243 4610571017231643517 13833526345020097987 4612260911927021002 4616123775428206243 4616123775428206243 4612260911927021002 13833526345020097987 4610571017231643517 4616123775428206243 4612260911927021002 13833526345020097987 4610571017231643517 4616123775428206243 13833526345020097987 4612260911927021002 4616123775428206243 1 1 1 1 1
0 13832425845415153733 13828919865162839840 4613956192927552824 4607456219642963025 13838618799305946430 13821022388885079957 13828901778706736320 0 13828919865162839840 4607456219642963025 13838618799305946430 13831155144839225474 13827982574140658655 4607456219642963025 13838618799305946430 13831155144839225474 13827982574140658655 4607456219642963025 4607456219642963025 13827982574140658655 13831155144839225474 13838618799305946430 4607456219642963025 13827982574140658655 13831155144839225474 13838618799305946430 4607456219642963025 13831155144839225474 13827982574140658655 4607456219642963025 1 1 1 1 1
1 13831772679353996935 4609330653836671644 13828488708548913898 13839246520029208585 4611637163378630189 13833272161857129197 4604367993292084019 0 13831772679353996935 13839246520029208585 4611637163378630189 13833272161857129197 4610278805673421210 13839246520029208585 4611637163378630189 13833272161857129197 4610278805673421210 13839246520029208585 13839246520029208585 4610278805673421210 13833272161857129197 4611637163378630189 13839246520029208585 4610278805673421210 13833272161857129197 4611637163378630189 13839246520029208585 13833272161857129197 4610278805673421210 13839246520029208585 1 1 1 1 1
0 13839513961789480354 13838389196789743828 4606302991893581517 13837768555725095900 4616165424717560166 4613215359796049632 13832563349318976609 0 13838389196789743828 13837768555725095900 4616165424717560166 4612707886073938507 13827594938616863511 13837768555725095900 4616165424717560166 4612707886073938507 13827594938616863511 13837768555725095900 13837768555725095900 13827594938616863511 4612707886073938507 4616165424717560166 13837768555725095900 13827594938616863511 4612707886073938507 4616165424717560166 13837768555725095900 4612707886073938507 13827594938616863511 13837768555725095900 1 1 1 1 1
1 13836130695619813053 13838035204851833252 4612122074957708425 13825755275776679140 4604706015465715939 4612704804720693148 13819629083246762582 0 13836130695619813053 13825755275776679140 4604706015465715939 4612704804720693148 4605410162274654570 13825755275776679140 4604706015465715939 4612704804720693148 4605410162274654570 13825755275776679140 13825755275776679140 4605410162274654570 4612704804720693148 4604706015465715939 13825755275776679140 4605410162274654570 4612704804720693148 4604706015465715939 13825755275776679140 4612704804720693148 4605410162274654570 13825755275776679140 1 1 1 1 1
0 13817047547882759776 13835801509508650033 13834664855005897249 13838304601174343300 4614604738295491939 13824235797291201353 4611325172010844470 0 13835801509508650033 13838304601174343300 4614604738295491939 13836202052138478973 4605480808800929308 13838304601174343300 4614604738295491939 13836202052138478973 4605480808800929308 13838304601174343300 13838304601174343300 4605480808800929308 13836202052138478973 4614604738295491939 13838304601174343300 4605480808800929308 13836202052138478973 4614604738295491939 13838304601174343300 13836202052138478973 4605480808800929308 13838304601174343300 1 1 1 1 1
1 13835195802380366466 13830145132491860766 13834597787400246447 4615767882971252917 13831102363585459111 13831386955053111907 4614583805564423921 0 13835195802380366466 4615767882971252917 13831102363585459111 13831386955053111907 4616512611716433784 4615767882971252917 13831102363585459111 13831386955053111907 4616512611716433784 4615767882971252917 4615767882971252917 4616512611716433784 13831386955053111907 13831102363585459111 4615767882971252917 4616512611716433784 13831386955053111907 13831102363585459111 4615767882971252917 13831386955053111907 4616512611716433784 4615767882971252917 1 1 1 1 1
0 13836940406804017249 13837925271984929138 13829659680480827246 13834256414548491764 4610443277131812780 4608551080741173811 4613979719732006207 0 13837925271984929138 13834256414548491764 4610443277131812780 4607664052067333709 4615788005208771404 13834256414548491764 4610443277131812780 4607664052067333709 4615788005208771404 13834256414548491764 13834256414548491764 4615788005208771404 4607664052067333709 4610443277131812780 13834256414548491764 4615788005208771404 4607664052067333709 4610443277131812780 13834256414548491764 4607664052067333709 4615788005208771404 13834256414548491764 1 1 1 1 1
1 4607447338544497850 4607564107875636312 4614257222533845522 4611660870327068667 4611407623912822369 13832577436578611024 4616041053310250702 0 4607447338544497850 4611660870327068667 4611407623912822369 13832577436578611024 4617241235589347175 4611660870327068667 4611407623912822369 13832577436578611024 4617241235589347175 4611660870327068667 4611660870327068667 4617241235589347175 13832577436578611024 4611407623912822369 4611660870327068667 4617241235589347175 13832577436578611024 4611407623912822369 4611660870327068667 13832577436578611024 4617241235589347175 4611660870327068667 1 1 1 1 1
0 13839393319362662354 4615991991095910128 13836910881204860208 4615977525533907014 4603959210561106853 4615762793903673989 4597643290386088432 0 4615991991095910128 4615977525533907014 4603959210561106853 4624562006595689926 4623112288868440109 4615977525533907014 4603959210561106853 4624562006595689926 4623112288868440109 4615977525533907014 4615977525533907014 4623112288868440109 4624562006595689926 4603959210561106853 4615977525533907014 4623112288868440109 4624562006595689926 4603959210561106853 4615977525533907014 4624562006595689926 4623112288868440109 4615977525533907014 1 1 1 1 1
1 4614299700485530881 13837282284058930198 4613973450721324907 13837970884441955147 4611952217194162519 13834908517760136502 4613457284160832720 0 4614299700485530881 13837970884441955147 4611952217194162519 13834908517760136502 4615709083974517968 13837970884441955147 4611952217194162519 13834908517760136502 4615709083974517968 13837970884441955147 13837970884441955147 4615709083974517968 13834908517760136502 4611952217194162519 13837970884441955147 4615709083974517968 13834908517760136502 4611952217194162519 13837970884441955147 13834908517760136502 4615709083974517968 13837970884441955147 1 1 1 1 1
0 13838137058261005863 4612445856749318599 13837071479567572240 13836833347233675397 13831963451834212349 13837026857902464253 4614939625963783209 0 4612445856749318599 13836833347233675397 13831963451834212349 4617744377256886092 4623339149775788015 13836833347233675397 13831963451834212349 4617744377256886092 4623339149775788015 13836833347233675397 13836833347233675397 4623339149775788015 4617744377256886092 13831963451834212349 13836833347233675397 4623339149775788015 4617744377256886092 13831963451834212349 13836833347233675397 4617744377256886092 4623339149775788015 13836833347233675397 1 1 1 1 1
1 4584289144713415399 4596973154761535702 13838295539931893031 4611912810697423027 4614476854080473127 4608104737989304376 4610114910675781942 0 4584289144713415399 4611912810697423027 4614476854080473127 4608104737989304376 4613152264365270171 4611912810697423027 4614476854080473127 4608104737989304376 4613152264365270171 4611912810697423027 4611912810697423027 4613152264365270171 4608104737989304376 4614476854080473127 4611912810697423027 4613152264365270171 4608104737989304376 4614476854080473127 4611912810697423027 4608104737989304376 4613152264365270171 4611912810697423027 1 1 1 1 1
0 13837608840067910832 13837366681515947121 4609136134361566258 4614979095510917484 4608162438107730247 4613403286001300548 4577533889387547731 0 13837366681515947121 4614979095510917484 4608162438107730247 4613229681082446452 4606587690805952496 4614979095510917484 4608162438107730247 4613229681082446452 4606587690805952496 4614979095510917484 4614979095510917484 4606587690805952496 4613229681082446452 4608162438107730247 4614979095510917484 4606587690805952496 4613229681082446452 4608162438107730247 4614979095510917484 4613229681082446452 4606587690805952496 4614979095510917484 1 1 1 1 1
1 13837528216627381646 13818667690827108548 13838118260236161219 4615692600799881792 4611300924630450708 4613445547780203793 4612281025002956839 0 13837528216627381646 4615692600799881792 4611300924630450708 4613445547780203793 4614532824816642087 4615692600799881792 4611300924630450708 4613445547780203793 4614532824816642087 4615692600799881792 4615692600799881792 4614532824816642087 4613445547780203793 4611300924630450708 4615692600799881792 4614532824816642087 4613445547780203793 4611300924630450708 4615692600799881792 4613445547780203793 4614532824816642087 4615692600799881792 1 1 1 1 1
0 4613123900694816992 13833957861921994119 13833151717588694800 4605041371508368455 13835930780832354076 4616009131796091900 4608223470889880372 0 13833957861921994119 4605041371508368455 13835930780832354076 4601879316844923440 13831604106443213368 4605041371508368455 13835930780832354076 4601879316844923440 13831604106443213368 4605041371508368455 4605041371508368455 13831604106443213368 4601879316844923440 13835930780832354076 4605041371508368455 13831604106443213368 4601879316844923440 13835930780832354076 4605041371508368455 4601879316844923440 13831604106443213368 4605041371508368455 1 1 1 1 1
1 13831934574753401650 13836692078320564040 13830809809753665123 13821962956660057030 4616177098047794310 4614453399333613781 4611975104487468816 0 13831934574753401650 13821962956660057030 4616177098047794310 4614453399333613781 4614226904301154064 13821962956660057030 4616177098047794310 4614453399333613781 4614226904301154064 13821962956660057030 13821962956660057030 4614226904301154064 4614453399333613781 4616177098047794310 13821962956660057030 4614226904301154064 4614453399333613781 4616177098047794310 13821962956660057030 4614453399333613781 4614226904301154064 13821962956660057030 1 1 1 1 1
0 13839080364224556378 4615562014425086557 13827259586138611942 4613692435111776243 13821028874068543370 4611386817282543918 4605345706756787644 0 4615562014425086557 4613692435111776243 13821028874068543370 4616543368739448624 4616388580020255900 4613692435111776243 13821028874068543370 4616543368739448624 4616388580020255900 4613692435111776243 4613692435111776243 4616388580020255900 4616543368739448624 13821028874068543370 4613692435111776243 4616388580020255900 4616543368739448624 13821028874068543370 4613692435111776243 4616543368739448624 4616388580020255900 4613692435111776243 1 1 1 1 1
1 4602163319144899576 4601747907115270921 13832399616450923927 4610976935673257674 13837533233637366537 4584451706645564965 13836396570127414497 0 4602163319144899576 4610976935673257674 13837533233637366537 4584451706645564965 13833231485345294786 4610976935673257674 13837533233637366537 4584451706645564965 13833231485345294786 4610976935673257674 4610976935673257674 13833231485345294786 4584451706645564965 13837533233637366537 4610976935673257674 13833231485345294786 4584451706645564965 13837533233637366537 4610976935673257674 4584451706645564965 13833231485345294786 4610976935673257674 1 1 1 1 1
0 4604057172860201417 13830662920348218807 4613941997581527352 13837470588566549813 4612166750666011940 13831511524618804975 4613720267357473393 0 13830662920348218807 13837470588566549813 4612166750666011940 4608554721270680363 4618914985285312447 13837470588566549813 4612166750666011940 4608554721270680363 4618914985285312447 13837470588566549813 13837470588566549813 4618914985285312447 4608554721270680363 4612166750666011940 13837470588566549813 4618914985285312447 4608554721270680363 4612166750666011940 13837470588566549813 4608554721270680363 4618914985285312447 13837470588566549813 1 1 1 1 1
1 4612521526230257678 13830984963750372816 13838359887363368901 13837343055632301935 4615844399128921942 13834540087281820577 4611982661527643544 0 4612521526230257678 13837343055632301935 4615844399128921942 13834540087281820577 4614234461341328792 13837343055632301935 4615844399128921942 13834540087281820577 4614234461341328792 13837343055632301935 13837343055632301935 4614234461341328792 13834540087281820577 4615844399128921942 13837343055632301935 4614234461341328792 13834540087281820577 4615844399128921942 13837343055632301935 13834540087281820577 4614234461341328792 13837343055632301935 1 1 1 1 1
0 4613267907796501791 13836447947191963540 4599129406205526658 4614467063254883223 13837220530700839694 13833684979813372486 4611365902565874409 0 13836447947191963540 4614467063254883223 13837220530700839694 13829557008423311156 4615592384197476554 4614467063254883223 13837220530700839694 13829557008423311156 4615592384197476554 4614467063254883223 4614467063254883223 4615592384197476554 13829557008423311156 13837220530700839694 4614467063254883223 4615592384197476554 13829557008423311156 13837220530700839694 4614467063254883223 13829557008423311156 4615592384197476554 4614467063254883223 1 1 1 1 1
1 13829136938664879098 13830318322919130926 4608131777601467109 4598983201347223702 4607597146282502702 4604491463979468008 13835278731663904866 0 13829136938664879098 4598983201347223702 4607597146282502702 4604491463979468008 13830995808418275524 4598983201347223702 4607597146282502702 4604491463979468008 13830995808418275524 4598983201347223702 4598983201347223702 13830995808418275524 4604491463979468008 4607597146282502702 4598983201347223702 13830995808418275524 4604491463979468008 4607597146282502702 4598983201347223702 4604491463979468008 13830995808418275524 4598983201347223702 1 1 1 1 1
0 13828734497002177270 13838748070629650473 4601828251332623211 4586391785307442136 13828873496101076433 4613586186189367318 13837430551565862489 0 13838748070629650473 4586391785307442136 13828873496101076433 4615034371627156129 13832403077346613148 4586391785307442136 13828873496101076433 4615034371627156129 13832403077346613148 4586391785307442136 4586391785307442136 13832403077346613148 4615034371627156129 13828873496101076433 4586391785307442136 13832403077346613148 4615034371627156129 13828873496101076433 4586391785307442136 4615034371627156129 13832403077346613148 4586391785307442136 1 1 1 1 1
1 13821908337003776281 13839272487784660003 4604582292576752816 13839473825709601229 13827033469408520924 13835909911151680841 13821060291179543907 0 13821908337003776281 13839473825709601229 13827033469408520924 13835909911151680841 4605052360291459239 13839473825709601229 13827033469408520924 13835909911151680841 4605052360291459239 13839473825709601229 13839473825709601229 4605052360291459239 13835909911151680841 13827033469408520924 13839473825709601229 4605052360291459239 13835909911151680841 13827033469408520924 13839473825709601229 13835909911151680841 4605052360291459239 13839473825709601229 1 1 1 1 1
0 4614874107596404223 13825026341155391461 13831837333030247466 13833799010955937507 13838539427866113653 13833008286947762304 4611636622946674904 0 13825026341155391461 13833799010955937507 13838539427866113653 13839588609884954668 4602768451366424912 13833799010955937507 13838539427866113653 13839588609884954668 4602768451366424912 13833799010955937507 13833799010955937507 4602768451366424912 13839588609884954668 13838539427866113653 13833799010955937507 4602768451366424912 13839588609884954668 13838539427866113653 13833799010955937507 13839588609884954668 4602768451366424912 13833799010955937507 1 1 1 1 1
1 13838123529447725242 13835139498377825080 4613694677904390674 13838912794289621176 13837327094875222534 4603166757170674741 4615684638435740601 0 13838123529447725242 13838912794289621176 13837327094875222534 4603166757170674741 4617063028152092124 13838912794289621176 13837327094875222534 4603166757170674741 4617063028152092124 13838912794289621176 13838912794289621176 4617063028152092124 4603166757170674741 13837327094875222534 13838912794289621176 4617063028152092124 4603166757170674741 13837327094875222534 13838912794289621176 4603166757170674741 4617063028152092124 13838912794289621176 1 1 1 1 1
0 4612713766883951615 4605610158126906839 13837168694269128659 4611240720510632019 13832076420127265311 13833677197593216389 13834101094404543010 0 4605610158126906839 4611240720510632019 13832076420127265311 13839661543554698491 13837721580791840837 4611240720510632019 13832076420127265311 13839661543554698491 13837721580791840837 4611240720510632019 4611240720510632019 13837721580791840837 13839661543554698491 13832076420127265311 4611240720510632019 13837721580791840837 13839661543554698491 13832076420127265311 4611240720510632019 13839661543554698491 13837721580791840837 4611240720510632019 1 1 1 1 1
1 4614538157078600894 4612334122442563537 4613315528858961606 13838904985047867316 13831370976281633996 13839302833038949226 13832950965131705133 0 4614538157078600894 13838904985047867316 13831370976281633996 13839302833038949226 13826340275353876058 13838904985047867316 13831370976281633996 13839302833038949226 13826340275353876058 13838904985047867316 13838904985047867316 13826340275353876058 13839302833038949226 13831370976281633996 13838904985047867316 13826340275353876058 13839302833038949226 13831370976281633996 13838904985047867316 13839302833038949226 13826340275353876058 13838904985047867316 1 1 1 1 1
0 4614782891689551461 4612060537772400034 13829559556453911545 4599221639925895205 4612594475537021826 4607920901052515112 4606162659729192652 0 4612060537772400034 4599221639925895205 4612594475537021826 4603816076119255718 4608754485299096977 4599221639925895205 4612594475537021826 4603816076119255718 4608754485299096977 4599221639925895205 4599221639925895205 4608754485299096977 4603816076119255718 4612594475537021826 4599221639925895205 4608754485299096977 4603816076119255718 4612594475537021826 4599221639925895205 4603816076119255718 4608754485299096977 4599221639925895205 1 1 1 1 1
1 13822676398898626555 4598930959591546204 4612481255042389731 13828526286584204677 4605908980969382127 4600039853906195877 13831336640838074924 0 13822676398898626555 13828526286584204677 4605908980969382127 4600039853906195877 13818797538611564896 13828526286584204677 4605908980969382127 4600039853906195877 13818797538611564896 13828526286584204677 13828526286584204677 13818797538611564896 4600039853906195877 4605908980969382127 13828526286584204677 13818797538611564896 4600039853906195877 4605908980969382127 13828526286584204677 4600039853906195877 13818797538611564896 13828526286584204677 1 1 1 1 1
0 4601979284049726708 4615033850275187055 13835392474576093736 13832259698617700781 13833816250735311081 13838750457537452980 13839126463070342142 0 4615033850275187055 13832259698617700781 13833816250735311081 13824060650907234360 4601660980029721968 13832259698617700781 13833816250735311081 13824060650907234360 4601660980029721968 13832259698617700781 13832259698617700781 4601660980029721968 13824060650907234360 13833816250735311081 13832259698617700781 4601660980029721968 13824060650907234360 13833816250735311081 13832259698617700781 13824060650907234360 4601660980029721968 13832259698617700781 1 1 1 1 1
1 13839097468895941131 4611833187056011117 4614616060344955149 13834107219300036234 13839492155360084627 13831190544066163025 4573207839671886690 0 13839097468895941131 13834107219300036234 13839492155360084627 13831190544066163025 4607208035274697891 13834107219300036234 13839492155360084627 13831190544066163025 4607208035274697891 13834107219300036234 13834107219300036234 4607208035274697891 13831190544066163025 13839492155360084627 13834107219300036234 4607208035274697891 13831190544066163025 13839492155360084627 13834107219300036234 13831190544066163025 4607208035274697891 13834107219300036234 1 1 1 1 1
0 4612949854583617632 4613946239972376335 13836810027594804873 13837117767564542354 4616176809817418158 13826086560565268513 4608060206396188937 0 4613946239972376335 13837117767564542354 4616176809817418158 4592637835250300496 4613508907472625728 13837117767564542354 4616176809817418158 4592637835250300496 4613508907472625728 13837117767564542354 13837117767564542354 4613508907472625728 4592637835250300496 4616176809817418158 13837117767564542354 4613508907472625728 4592637835250300496 4616176809817418158 13837117767564542354 4592637835250300496 4613508907472625728 13837117767564542354 1 1 1 1 1
1 4610959569793094534 13831678896395356572 4616114326876188020 4601681397955973914 4612385931852676808 13835737621444336156 4614868388024877463 0 4610959569793094534 4601681397955973914 4612385931852676808 13835737621444336156 4616654902946660556 4601681397955973914 4612385931852676808 13835737621444336156 4616654902946660556 4601681397955973914 4601681397955973914 4616654902946660556 13835737621444336156 4612385931852676808 4601681397955973914 4616654902946660556 13835737621444336156 4612385931852676808 4601681397955973914 13835737621444336156 4616654902946660556 4601681397955973914 1 1 1 1 1
0 4608853236247373353 13832833349123836725 4611829863399486118 13828648460234895984 4614613754501945935 4612674198257625538 13839461801098596149 0 13832833349123836725 13828648460234895984 4614613754501945935 4617774596626693637 4578790437367780096 13828648460234895984 4614613754501945935 4617774596626693637 4578790437367780096 13828648460234895984 13828648460234895984 4578790437367780096 4617774596626693637 4614613754501945935 13828648460234895984 4578790437367780096 4617774596626693637 4614613754501945935 13828648460234895984 4617774596626693637 4578790437367780096 13828648460234895984 1 1 1 1 1
1 4608857199415045439 13837334345670622601 4607742720636857826 13833383328710331210 13835983563019986858 13835282073334828375 4615066438322090708 0 4608857199415045439 13833383328710331210 13835983563019986858 13835282073334828375 4616753928095267178 13833383328710331210 13835983563019986858 13835282073334828375 4616753928095267178 13833383328710331210 13833383328710331210 4616753928095267178 13835282073334828375 13835983563019986858 13833383328710331210 4616753928095267178 13835282073334828375 13835983563019986858 13833383328710331210 13835282073334828375 4616753928095267178 13833383328710331210 1 1 1 1 1
0 13830800892626402930 13837261423385456218 13831093392415001389 13838721085060683269 13834885333229254799 13837647426909518143 4614416758047045495 0 13837261423385456218 13838721085060683269 13834885333229254799 13839817127198451800 4614243385282879495 13838721085060683269 13834885333229254799 13839817127198451800 4614243385282879495 13838721085060683269 13838721085060683269 4614243385282879495 13839817127198451800 13834885333229254799 13838721085060683269 4614243385282879495 13839817127198451800 13834885333229254799 13838721085060683269 13839817127198451800 4614243385282879495 13838721085060683269 1 1 1 1 1
1 13806517483435621215 4602456089149475677 4615194079342729642 4614136147761463294 13834195417795138658 13838448797427212449 13837280203395902353 0 13806517483435621215 4614136147761463294 13834195417795138658 13838448797427212449 13834998751882270498 4614136147761463294 13834195417795138658 13838448797427212449 13834998751882270498 4614136147761463294 4614136147761463294 13834998751882270498 13838448797427212449 13834195417795138658 4614136147761463294 13834998751882270498 13838448797427212449 13834195417795138658 4614136147761463294 13838448797427212449 13834998751882270498 4614136147761463294 1 1 1 1 1
0 4613843729037658128 13834275635911701381 13830538026523352568 13832566321694730673 13829897074224385199 4607760266661006062 13836273324620011876 0 13834275635911701381 13832566321694730673 13829897074224385199 13831723457489715700 13839398549281652693 13832566321694730673 13829897074224385199 13831723457489715700 13839398549281652693 13832566321694730673 13832566321694730673 13839398549281652693 13831723457489715700 13829897074224385199 13832566321694730673 13839398549281652693 13831723457489715700 13829897074224385199 13832566321694730673 13831723457489715700 13839398549281652693 13832566321694730673 1 1 1 1 1
1 13837335561642521991 13826457477030578747 13833516797388887962 4609059771326284563 4616065922187393042 13826659310351478983 4611902785684652501 0 13837335561642521991 4609059771326284563 4616065922187393042 13826659310351478983 4614154585498337749 4609059771326284563 4616065922187393042 13826659310351478983 4614154585498337749 4609059771326284563 4609059771326284563 4614154585498337749 13826659310351478983 4616065922187393042 4609059771326284563 4614154585498337749 13826659310351478983 4616065922187393042 4609059771326284563 13826659310351478983 4614154585498337749 4609059771326284563 1 1 1 1 1
0 4607184382369454942 13831983555902948931 4600431631044980091 4612998007070833477 4608668498590658615 4611981625699729249 13836468312469478509 0 13831983555902948931 4612998007070833477 4608668498590658615 4612960880911597213 13831416459605686881 4612998007070833477 4608668498590658615 4612960880911597213 13831416459605686881 4612998007070833477 4612998007070833477 13831416459605686881 4612960880911597213 4608668498590658615 4612998007070833477 13831416459605686881 4612960880911597213 4608668498590658615 4612998007070833477 4612960880911597213 13831416459605686881 4612998007070833477 1 1 1 1 1
1 4614253853841324249 13838093058092646453 4614062667029943117 13832801013278512205 4612524885915579697 13823054917440107790 13826791716180523676 0 4614253853841324249 13832801013278512205 4612524885915579697 13823054917440107790 4601197098866445000 13832801013278512205 4612524885915579697 13823054917440107790 4601197098866445000 13832801013278512205 13832801013278512205 4601197098866445000 13823054917440107790 4612524885915579697 13832801013278512205 4601197098866445000 13823054917440107790 4612524885915579697 13832801013278512205 13823054917440107790 4601197098866445000 13832801013278512205 1 1 1 1 1
0 4612893586609873265 4612747841118732301 4614633858570682517 13833421807465547463 4607383927861744473 13839207446798841518 13834584276601364336 0 4612747841118732301 13833421807465547463 4607383927861744473 13838966303304983254 13828642324317761406 13833421807465547463 4607383927861744473 13838966303304983254 13828642324317761406 13833421807465547463 13833421807465547463 13828642324317761406 13838966303304983254 4607383927861744473 13833421807465547463 13828642324317761406 13838966303304983254 4607383927861744473 13833421807465547463 13838966303304983254 13828642324317761406 13833421807465547463 1 1 1 1 1
1 13839479527266729480 13823739104295497916 13830615848724913531 13836757281435969110 4613271249467425300 4591610196267668878 13839156529101454468 0 13839479527266729480 13836757281435969110 4613271249467425300 4591610196267668878 13836904729287769220 13836757281435969110 4613271249467425300 4591610196267668878 13836904729287769220 13836757281435969110 13836757281435969110 13836904729287769220 4591610196267668878 4613271249467425300 13836757281435969110 13836904729287769220 4591610196267668878 4613271249467425300 13836757281435969110 4591610196267668878 13836904729287769220 13836757281435969110 1 1 1 1 1
0 13833844245110594816 4616093637339499880 4611997910715981820 4612830662315879644 4614784657100605391 4607437196438137012 13837121874847402515 0 4616093637339499880 4612830662315879644 4614784657100605391 13840715917112583606 13844063321118418156 4612830662315879644 4614784657100605391 13840715917112583606 13844063321118418156 4612830662315879644 4612830662315879644 13844063321118418156 13840715917112583606 4614784657100605391 4612830662315879644 13844063321118418156 13840715917112583606 4614784657100605391 4612830662315879644 13840715917112583606 13844063321118418156 4612830662315879644 1 1 1 1 1
1 13831977629165839312 4607280597271894085 13832450885429081913 4614295719303460285 4603156885280291545 4614339539327834600 13834668331784809579 0 13831977629165839312 4614295719303460285 4603156885280291545 4614339539327834600 13829775008660084950 4614295719303460285 4603156885280291545 4614339539327834600 13829775008660084950 4614295719303460285 4614295719303460285 13829775008660084950 4614339539327834600 4603156885280291545 4614295719303460285 13829775008660084950 4614339539327834600 4603156885280291545 4614295719303460285 4614339539327834600 13829775008660084950 4614295719303460285 1 1 1 1 1
0 4594798168343094885 4612120264510658222 4614603477287596276 4615606392895814666 4613298081914005173 13836222668131403213 13813285420898039559 0 4612120264510658222 4615606392895814666 4613298081914005173 13841670548923068566 13836023460751935767 4615606392895814666 4613298081914005173 13841670548923068566 13836023460751935767 4615606392895814666 4615606392895814666 13836023460751935767 13841670548923068566 4613298081914005173 4615606392895814666 13836023460751935767 13841670548923068566 4613298081914005173 4615606392895814666 13841670548923068566 13836023460751935767 4615606392895814666 1 1 1 1 1
1 4599200238820465941 4614722858706518613 4614857966695339728 4607771885948044677 4604840907281754940 13835202125434243294 13826935399023035304 0 4599200238820465941 4607771885948044677 4604840907281754940 13835202125434243294 4600909733181421744 4607771885948044677 4604840907281754940 13835202125434243294 4600909733181421744 4607771885948044677 4607771885948044677 4600909733181421744 13835202125434243294 4604840907281754940 4607771885948044677 4600909733181421744 13835202125434243294 4604840907281754940 4607771885948044677 13835202125434243294 4600909733181421744 4607771885948044677 1 1 1 1 1
0 13835868613143097854 13839068105426370675 13831007697921291783 4604401968447672902 4597516613135769755 4615527318693557295 13839142730072196204 0 13839068105426370675 4604401968447672902 4597516613135769755 4613766574100226596 13838651674851841655 4604401968447672902 4597516613135769755 4613766574100226596 13838651674851841655 4604401968447672902 4604401968447672902 13838651674851841655 4613766574100226596 4597516613135769755 4604401968447672902 13838651674851841655 4613766574100226596 4597516613135769755 4604401968447672902 4613766574100226596 13838651674851841655 4604401968447672902 1 1 1 1 1
1 4605130110435426163 13832549730433703441 4608131759587068599 4615966978103579712 4615340374273025146 4599351487710351552 13837537079711448311 0 4605130110435426163 4615966978103579712 4615340374273025146 4599351487710351552 13835285279897763063 4615966978103579712 4615340374273025146 4599351487710351552 13835285279897763063 4615966978103579712 4615966978103579712 13835285279897763063 4599351487710351552 4615340374273025146 4615966978103579712 13835285279897763063 4599351487710351552 4615340374273025146 4615966978103579712 4599351487710351552 13835285279897763063 4615966978103579712 1 1 1 1 1
0 13827880110109669559 13839354579398667713 4614435727208675979 4603709675112953509 4587889430341926431 4607974205657704670 13835099479391536266 0 13839354579398667713 4603709675112953509 4587889430341926431 4618821491371389120 4616351032788595779 4603709675112953509 4587889430341926431 4618821491371389120 4616351032788595779 4603709675112953509 4603709675112953509 4616351032788595779 4618821491371389120 4587889430341926431 4603709675112953509 4616351032788595779 4618821491371389120 4587889430341926431 4603709675112953509 4618821491371389120 4616351032788595779 4603709675112953509 1 1 1 1 1
1 13832485112786249929 4608009027490023498 13838662313085546084 4604155027072904923 4612497089698679566 4598986227766173295 4613522865578606489 0 13832485112786249929 4604155027072904923 4612497089698679566 4598986227766173295 4615774665392291737 4604155027072904923 4612497089698679566 4598986227766173295 4615774665392291737 4604155027072904923 4604155027072904923 4615774665392291737 4598986227766173295 4612497089698679566 4604155027072904923 4615774665392291737 4598986227766173295 4612497089698679566 4604155027072904923 4598986227766173295 4615774665392291737 4604155027072904923 1 1 1 1 1
0 13836407207629734346 13836627559752302330 13827753576974538957 13826790455172628012 13837425444483885051 4597960487915043391 13832883717382069237 0 13836627559752302330 13826790455172628012 13837425444483885051 4596745836502769442 13826509442707672753 13826790455172628012 13837425444483885051 4596745836502769442 13826509442707672753 13826790455172628012 13826790455172628012 13826509442707672753 4596745836502769442 13837425444483885051 13826790455172628012 13826509442707672753 4596745836502769442 13837425444483885051 13826790455172628012 4596745836502769442 13826509442707672753 13826790455172628012 1 1 1 1 1
1 4608364073270246879 13835502254320610519 4607969738086874318 4614953424993041473 4615095027172525256 13822300258257748571 13838716176137089435 0 4608364073270246879 4614953424993041473 4615095027172525256 13822300258257748571 13836464376323404187 4614953424993041473 4615095027172525256 13822300258257748571 13836464376323404187 4614953424993041473 4614953424993041473 13836464376323404187 13822300258257748571 4615095027172525256 4614953424993041473 13836464376323404187 13822300258257748571 4615095027172525256 4614953424993041473 13822300258257748571 13836464376323404187 4614953424993041473 1 1 1 1 1
0 13836487209573514956 13818376145801631091 4615541559075579040 4608220192269351646 4614630922223725471 4599374762313225802 13830871148780589909 0 13818376145801631091 4608220192269351646 4614630922223725471 13839868995344880705 13840304615026037371 4608220192269351646 4614630922223725471 13839868995344880705 13840304615026037371 4608220192269351646 4608220192269351646 13840304615026037371 13839868995344880705 4614630922223725471 4608220192269351646 13840304615026037371 13839868995344880705 4614630922223725471 4608220192269351646 13839868995344880705 13840304615026037371 4608220192269351646 1 1 1 1 1
1 13825480231940236369 4612328574007822617 4602885696525129803 13838613241864006255 4595251698839969604 4613960840642368270 13829913107039058638 0 13825480231940236369 13838613241864006255 4595251698839969604 4613960840642368270 4589795209589041552 13838613241864006255 4595251698839969604 4613960840642368270 4589795209589041552 13838613241864006255 13838613241864006255 4589795209589041552 4613960840642368270 4595251698839969604 13838613241864006255 4589795209589041552 4613960840642368270 4595251698839969604 13838613241864006255 4613960840642368270 4589795209589041552 13838613241864006255 1 1 1 1 1
0 13826386103983684180 4611985678939393882 4616125027428902652 13831709286685642068 13838786630449660019 4607924882234585708 4614547767760205702 0 4611985678939393882 13831709286685642068 13838786630449660019 13839716392529498451 13830695970530953388 13831709286685642068 13838786630449660019 13839716392529498451 13830695970530953388 13831709286685642068 13831709286685642068 13830695970530953388 13839716392529498451 13838786630449660019 13831709286685642068 13830695970530953388 13839716392529498451 13838786630449660019 13831709286685642068 13839716392529498451 13830695970530953388 13831709286685642068 1 1 1 1 1
1 13834076504750577567 13829500685399582558 4616073245040387146 4599631791751159091 4581019459326350381 13829466998474369827 13835635173560012732 0 13834076504750577567 4599631791751159091 4581019459326350381 13829466998474369827 13831708692210491256 4599631791751159091 4581019459326350381 13829466998474369827 13831708692210491256 4599631791751159091 4599631791751159091 13831708692210491256 13829466998474369827 4581019459326350381 4599631791751159091 13831708692210491256 13829466998474369827 4581019459326350381 4599631791751159091 13829466998474369827 13831708692210491256 4599631791751159091 1 1 1 1 1
0 4615189422620714941 4598528517928844377 13829802606718601476 4599720710822201894 4615020330469105689 4605410126245857551 13832863937572505825 0 4598528517928844377 4599720710822201894 4615020330469105689 13827876765339981275 13835100300523777067 4599720710822201894 4615020330469105689 13827876765339981275 13835100300523777067 4599720710822201894 4599720710822201894 13835100300523777067 13827876765339981275 4615020330469105689 4599720710822201894 13835100300523777067 13827876765339981275 4615020330469105689 4599720710822201894 13827876765339981275 13835100300523777067 4599720710822201894 1 1 1 1 1
1 13838475891082570710 13833308010510163066 4615891740968204861 13830616028868898625 4607358437487853556 4609087117183221957 4607948661240618224 0 13838475891082570710 13830616028868898625 4607358437487853556 4609087117183221957 4612069139647688312 13830616028868898625 4607358437487853556 4609087117183221957 4612069139647688312 13830616028868898625 13830616028868898625 4612069139647688312 4609087117183221957 4607358437487853556 13830616028868898625 4612069139647688312 4609087117183221957 4607358437487853556 13830616028868898625 4609087117183221957 4612069139647688312 13830616028868898625 1 1 1 1 1
0 13838511928886788929 4614685397764818145 13830872535889275139 4616067597526454424 4605678973129213061 13835010299111715075 4612549943943906386 0 4614685397764818145 4616067597526454424 4605678973129213061 4610271769102906345 4619633779159812964 4616067597526454424 4605678973129213061 4610271769102906345 4619633779159812964 4616067597526454424 4616067597526454424 4619633779159812964 4610271769102906345 4605678973129213061 4616067597526454424 4619633779159812964 4610271769102906345 4605678973129213061 4616067597526454424 4610271769102906345 4619633779159812964 4616067597526454424 1 1 1 1 1
1 4615015718783087261 13831529737175698061 4613595616726987032 13826899406254813359 13837497907401889442 13836440795475755275 13839479022863571214 0 4615015718783087261 13826899406254813359 13837497907401889442 13836440795475755275 13837227223049885966 13826899406254813359 13837497907401889442 13836440795475755275 13837227223049885966 13826899406254813359 13826899406254813359 13837227223049885966 13836440795475755275 13837497907401889442 13826899406254813359 13837227223049885966 13836440795475755275 13837497907401889442 13826899406254813359 13836440795475755275 13837227223049885966 13826899406254813359 1 1 1 1 1
0 4611958261024862450 13829925284772451048 13833386661374055464 4610895402505603759 13839434734464835653 13834840225175387056 4611116223002532989 0 13829925284772451048 4610895402505603759 13839434734464835653 13840053134348058938 4600671845284465932 4610895402505603759 13839434734464835653 13840053134348058938 4600671845284465932 4610895402505603759 4610895402505603759 4600671845284465932 13840053134348058938 13839434734464835653 4610895402505603759 4600671845284465932 13840053134348058938 13839434734464835653 4610895402505603759 13840053134348058938 4600671845284465932 4610895402505603759 1 1 1 1 1
1 13837041323464467367 4604604414258122460 13836703346326831721 13832653655498704642 13834421012107672901 4610184230081246429 13828344953648808232 0 13837041323464467367 13832653655498704642 13834421012107672901 4610184230081246429 4598006028314475360 13832653655498704642 13834421012107672901 4610184230081246429 4598006028314475360 13832653655498704642 13832653655498704642 4598006028314475360 4610184230081246429 13834421012107672901 13832653655498704642 4598006028314475360 4610184230081246429 13834421012107672901 13832653655498704642 4610184230081246429 4598006028314475360 13832653655498704642 1 1 1 1 1
0 13838329956440245396 4614766678730892928 4615536442986402347 13825499975721002761 13836730367924595944 13831641588576043435 13839486832105325075 0 4614766678730892928 13825499975721002761 13836730367924595944 13847383454952342679 13848354757542976743 13825499975721002761 13836730367924595944 13847383454952342679 13848354757542976743 13825499975721002761 13825499975721002761 13848354757542976743 13847383454952342679 13836730367924595944 13825499975721002761 13848354757542976743 13847383454952342679 13836730367924595944 13825499975721002761 13847383454952342679 13848354757542976743 13825499975721002761 1 1 1 1 1
1 4603921704583410112 13832814812307770468 13828515730146678121 13831146300703423737 4608129471758457895 13832316245814622045 13826998305302630415 0 4603921704583410112 13831146300703423737 4608129471758457895 13832316245814622045 4600783920622231522 13831146300703423737 4608129471758457895 13832316245814622045 4600783920622231522 13831146300703423737 13831146300703423737 4600783920622231522 13832316245814622045 4608129471758457895 13831146300703423737 4600783920622231522 13832316245814622045 4608129471758457895 13831146300703423737 13832316245814622045 4600783920622231522 13831146300703423737 1 1 1 1 1
0 4613720942897417498 4607917532359993839 4614252205523860632 4614628400207934144 13835999595834660297 4615430563359162867 4609140295687621948 0 4607917532359993839 4614628400207934144 13835999595834660297 4618886260957305678 4617503457713319331 4614628400207934144 13835999595834660297 4618886260957305678 4617503457713319331 4614628400207934144 4614628400207934144 4617503457713319331 4618886260957305678 13835999595834660297 4614628400207934144 4617503457713319331 4618886260957305678 13835999595834660297 4614628400207934144 4618886260957305678 4617503457713319331 4614628400207934144 1 1 1 1 1
1 13836278062406819870 13833278881227773233 13830625288269732499 4615894884480744765 13839199664578685422 13837006105315381330 4603959859079453195 0 13836278062406819870 4615894884480744765 13839199664578685422 13837006105315381330 4610074738567105798 4615894884480744765 13839199664578685422 13837006105315381330 4610074738567105798 4615894884480744765 4615894884480744765 4610074738567105798 13837006105315381330 13839199664578685422 4615894884480744765 4610074738567105798 13837006105315381330 13839199664578685422 4615894884480744765 13837006105315381330 4610074738567105798 4615894884480744765 1 1 1 1 1
0 13822709761564666115 4615866682939878171 13801122675485189626 13833542575993155031 4590878955803371985 4592220956434734355 4609494242589536250 0 4615866682939878171 13833542575993155031 4590878955803371985 4593806192830092139 4612895674363008075 13833542575993155031 4590878955803371985 4593806192830092139 4612895674363008075 13833542575993155031 13833542575993155031 4612895674363008075 4593806192830092139 4590878955803371985 13833542575993155031 4612895674363008075 4593806192830092139 4590878955803371985 13833542575993155031 4593806192830092139 4612895674363008075 13833542575993155031 1 1 1 1 1
1 4607883052801246691 13817945529619660434 4610367040197320652 4608996919089884981 13835495399841977661 13837916183720881105 13838049859565020716 0 4607883052801246691 4608996919089884981 13835495399841977661 13837916183720881105 13835798059751335468 4608996919089884981 13835495399841977661 13837916183720881105 13835798059751335468 4608996919089884981 4608996919089884981 13835798059751335468 13837916183720881105 13835495399841977661 4608996919089884981 13835798059751335468 13837916183720881105 13835495399841977661 4608996919089884981 13837916183720881105 13835798059751335468 4608996919089884981 1 1 1 1 1
0 4599859637863507019 4597516757250957831 13838565746902336006 13822221355192277040 13835139426320231042 13828721274433671310 4610910714744336818 0 4597516757250957831 13822221355192277040 13835139426320231042 13830512278704971976 4613102415331722442 13822221355192277040 13835139426320231042 13830512278704971976 4613102415331722442 13822221355192277040 13822221355192277040 4613102415331722442 13830512278704971976 13835139426320231042 13822221355192277040 4613102415331722442 13830512278704971976 13835139426320231042 13822221355192277040 13830512278704971976 4613102415331722442 13822221355192277040 1 1 1 1 1
1 4590029252654476739 4598217301180194566 13837979414259649386 13835540156615074469 13839278450550566642 4613688273785720553 13838042032308868346 0 4590029252654476739 13835540156615074469 13839278450550566642 4613688273785720553 13835790232495183098 13835540156615074469 13839278450550566642 4613688273785720553 13835790232495183098 13835540156615074469 13835540156615074469 13835790232495183098 4613688273785720553 13839278450550566642 13835540156615074469 13835790232495183098 4613688273785720553 13839278450550566642 13835540156615074469 4613688273785720553 13835790232495183098 13835540156615074469 1 1 1 1 1
0 4612791796251095437 4605936615056695672 13835684127687962249 13837383461928158703 4611215806597493405 4612415970862191369 13827065679153055878 0 4605936615056695672 13837383461928158703 4611215806597493405 4602107378420430300 13832664632275270878 13837383461928158703 4611215806597493405 4602107378420430300 13832664632275270878 13837383461928158703 13837383461928158703 13832664632275270878 4602107378420430300 4611215806597493405 13837383461928158703 13832664632275270878 4602107378420430300 4611215806597493405 13837383461928158703 4602107378420430300 13832664632275270878 13837383461928158703 1 1 1 1 1
1 13834466048103946606 4611267561964411147 13829768991850982783 4613230374797207285 4604275507370136338 13834406726689654881 4612545989783433555 0 13834466048103946606 4613230374797207285 4604275507370136338 13834406726689654881 4614797789597118803 4613230374797207285 4604275507370136338 13834406726689654881 4614797789597118803 4613230374797207285 4613230374797207285 4614797789597118803 13834406726689654881 4604275507370136338 4613230374797207285 4614797789597118803 13834406726689654881 4604275507370136338 4613230374797207285 13834406726689654881 4614797789597118803 4613230374797207285 1 1 1 1 1
0 13828675085515892999 13825432745985765374 4605042956775437290 13821259026023900512 13832074708759406910 13834266340482070488 4608896795062969280 0 13825432745985765374 13821259026023900512 13832074708759406910 13834825477308664036 4612263638145567066 13821259026023900512 13832074708759406910 13834825477308664036 4612263638145567066 13821259026023900512 13821259026023900512 4612263638145567066 13834825477308664036 13832074708759406910 13821259026023900512 4612263638145567066 13834825477308664036 13832074708759406910 13821259026023900512 13834825477308664036 4612263638145567066 13821259026023900512 1 1 1 1 1
1 4614922971652361193 13834816067866985841 4612508375719345757 13839195971626990978 4613243083955355725 4616183105849697222 13838369317900988614 0 4614922971652361193 13839195971626990978 4613243083955355725 4616183105849697222 13836117518087303366 13839195971626990978 4613243083955355725 4616183105849697222 13836117518087303366 13839195971626990978 13839195971626990978 13836117518087303366 4616183105849697222 4613243083955355725 13839195971626990978 13836117518087303366 4616183105849697222 4613243083955355725 13839195971626990978 4616183105849697222 13836117518087303366 13839195971626990978 1 1 1 1 1
0 4607766193398115681 4609400189414918245 4605218633189701758 13837729626609916909 4606466634689641651 13833212588241258340 13837206110174832853 0 4609400189414918245 13837729626609916909 4606466634689641651 13833851461075875941 13835273746778456406 13837729626609916909 4606466634689641651 13833851461075875941 13835273746778456406 13837729626609916909 13837729626609916909 13835273746778456406 13833851461075875941 4606466634689641651 13837729626609916909 13835273746778456406 13833851461075875941 4606466634689641651 13837729626609916909 13833851461075875941 13835273746778456406 13837729626609916909 1 1 1 1 1
1 4611005722682075826 13837463229684758690 4609919742682330214 13838818795158198699 4612305587635324518 13831294361044773170 13822632804054233608 0 4611005722682075826 13838818795158198699 4612305587635324518 13831294361044773170 4604387845159241468 13838818795158198699 4612305587635324518 13831294361044773170 4604387845159241468 13838818795158198699 13838818795158198699 4604387845159241468 13831294361044773170 4612305587635324518 13838818795158198699 4604387845159241468 13831294361044773170 4612305587635324518 13838818795158198699 13831294361044773170 4604387845159241468 13838818795158198699 1 1 1 1 1
0 4613230230682019209 13823424789070304474 4613123189126075867 4612530938753478883 13834749396578102248 13825671833082783219 4612649239308490651 0 13823424789070304474 4612530938753478883 13834749396578102248 4615133843893782274 4620060302154730926 4612530938753478883 13834749396578102248 4615133843893782274 4620060302154730926 4612530938753478883 4612530938753478883 4620060302154730926 4615133843893782274 13834749396578102248 4612530938753478883 4620060302154730926 4615133843893782274 13834749396578102248 4612530938753478883 4615133843893782274 4620060302154730926 4612530938753478883 1 1 1 1 1
1 4616089674171827794 4595168544376449835 13836028833203441187 13822144109451468381 4606529324796454648 4615420547353591595 4614752033024904719 0 4616089674171827794 13822144109451468381 4606529324796454648 4615420547353591595 4616596725446674184 13822144109451468381 4606529324796454648 4615420547353591595 4616596725446674184 13822144109451468381 13822144109451468381 4616596725446674184 4615420547353591595 4606529324796454648 13822144109451468381 4616596725446674184 4615420547353591595 4606529324796454648 13822144109451468381 4615420547353591595 4616596725446674184 13822144109451468381 1 1 1 1 1
0 13831344441072629529 4615616607059769542 4606378292079351151 4609891568163061385 4611694566259480653 4591644495682430931 4601672390756719173 0 4615616607059769542 4609891568163061385 4611694566259480653 13835382185881456135 13828723102009964534 4609891568163061385 4611694566259480653 13835382185881456135 13828723102009964534 4609891568163061385 4609891568163061385 13828723102009964534 13835382185881456135 4611694566259480653 4609891568163061385 13828723102009964534 13835382185881456135 4611694566259480653 4609891568163061385 13835382185881456135 13828723102009964534 4609891568163061385 1 1 1 1 1
1 13827285418786074539 13831630455677764575 4614468288233981868 13838083366346248352 4610042564851367863 13834374877233090117 13838142255414975849 0 13827285418786074539 13838083366346248352 4610042564851367863 13834374877233090117 13835890455601290601 13838083366346248352 4610042564851367863 13834374877233090117 13835890455601290601 13838083366346248352 13838083366346248352 13835890455601290601 13834374877233090117 4610042564851367863 13838083366346248352 13835890455601290601 13834374877233090117 4610042564851367863 13838083366346248352 13834374877233090117 13835890455601290601 13838083366346248352 1 1 1 1 1
0 4603637077086960297 13839386266725645891 13837288363918427148 13837066534615181387 4615578470578124969 13833536288968075221 4606288688461164988 0 13839386266725645891 13837066534615181387 4615578470578124969 13844309146973599054 13840541597653801582 13837066534615181387 4615578470578124969 13844309146973599054 13840541597653801582 13837066534615181387 13837066534615181387 13840541597653801582 13844309146973599054 4615578470578124969 13837066534615181387 13840541597653801582 13844309146973599054 4615578470578124969 13837066534615181387 13844309146973599054 13840541597653801582 13837066534615181387 1 1 1 1 1
1 13824973883226931849 4605023212994670897 13838254692283272781 4616118362101454144 4613201155442824905 4610850942970082357 4614579527144777919 0 13824973883226931849 4616118362101454144 4613201155442824905 4610850942970082357 4616510472506610784 4616118362101454144 4613201155442824905 4610850942970082357 4616510472506610784 4616118362101454144 4616118362101454144 4616510472506610784 4610850942970082357 4613201155442824905 4616118362101454144 4616510472506610784 4610850942970082357 4613201155442824905 4616118362101454144 4610850942970082357 4616510472506610784 4616118362101454144 1 1 1 1 1
0 13832867450380215174 13834229248835539465 13833754173118047406 4611155116088914960 13838352231244002371 4613857627146108193 13832944083631474511 0 13834229248835539465 4611155116088914960 13838352231244002371 4613275294890642420 13828655841375277908 4611155116088914960 13838352231244002371 4613275294890642420 13828655841375277908 4611155116088914960 4611155116088914960 13828655841375277908 4613275294890642420 13838352231244002371 4611155116088914960 13828655841375277908 4613275294890642420 13838352231244002371 4611155116088914960 4613275294890642420 13828655841375277908 4611155116088914960 1 1 1 1 1
1 13829809884535599307 13817411006387087085 4615130254328810548 4613297127150884170 13836015286375762056 13826875483133592767 13822902155340747383 0 13829809884535599307 4613297127150884170 13836015286375762056 13826875483133592767 4604253169515984580 4613297127150884170 13836015286375762056 13826875483133592767 4604253169515984580 4613297127150884170 4613297127150884170 4604253169515984580 13826875483133592767 13836015286375762056 4613297127150884170 4604253169515984580 13826875483133592767 13836015286375762056 4613297127150884170 13826875483133592767 4604253169515984580 4613297127150884170 1 1 1 1 1
0 4615629082030737359 4600201118801652760 4615916997154915154 4607760879150555384 4614768867480311830 13836232846266561070 4615224559705007686 0 4600201118801652760 4607760879150555384 4614768867480311830 4616246347378590668 4622462865362970627 4607760879150555384 4614768867480311830 4616246347378590668 4622462865362970627 4607760879150555384 4607760879150555384 4622462865362970627 4616246347378590668 4614768867480311830 4607760879150555384 4622462865362970627 4616246347378590668 4614768867480311830 4607760879150555384 4616246347378590668 4622462865362970627 4607760879150555384 1 1 1 1 1
1 13833911204629854560 13834461364360334140 13829237603123750083 4613719952105499477 13835835817930611342 4614842258139839459 13839431780103480098 0 13833911204629854560 4613719952105499477 13835835817930611342 4614842258139839459 13837179980289794850 4613719952105499477 13835835817930611342 4614842258139839459 13837179980289794850 4613719952105499477 4613719952105499477 13837179980289794850 4614842258139839459 13835835817930611342 4613719952105499477 13837179980289794850 4614842258139839459 13835835817930611342 4613719952105499477 4614842258139839459 13837179980289794850 4613719952105499477 1 1 1 1 1
0 13839343428485990343 4612207265048259765 13823421978824136995 4610865606690469075 4607868515181649539 4615936299582918064 4612288735165518897 0 4612207265048259765 4610865606690469075 4607868515181649539 4617285716642292977 4616587834340436018 4610865606690469075 4607868515181649539 4617285716642292977 4616587834340436018 4610865606690469075 4610865606690469075 4616587834340436018 4617285716642292977 4607868515181649539 4610865606690469075 4616587834340436018 4617285716642292977 4607868515181649539 4610865606690469075 4617285716642292977 4616587834340436018 4610865606690469075 1 1 1 1 1
1 4612670973680292341 13818230589461674477 13830292994674826594 4605930129873232258 13828447707777906317 4615378780970647361 13821357744927732474 0 4612670973680292341 4605930129873232258 13828447707777906317 4615378780970647361 4604977996854412098 4605930129873232258 13828447707777906317 4615378780970647361 4604977996854412098 4605930129873232258 4605930129873232258 4604977996854412098 4615378780970647361 13828447707777906317 4605930129873232258 4604977996854412098 4615378780970647361 13828447707777906317 4605930129873232258 4615378780970647361 4604977996854412098 4605930129873232258 1 1 1 1 1
0 13831369787331332371 13832265427196426796 13821017200738309226 4615847245403886440 13839085507335330835 4613165486933776131 13837778166406700708 0 13832265427196426796 4615847245403886440 13839085507335330835 4613112803605631547 13835579049921160044 4615847245403886440 13839085507335330835 4613112803605631547 13835579049921160044 4615847245403886440 4615847245403886440 13835579049921160044 4613112803605631547 13839085507335330835 4615847245403886440 13835579049921160044 4613112803605631547 13839085507335330835 4615847245403886440 4613112803605631547 13835579049921160044 4615847245403886440 1 1 1 1 1
1 4616061571710153002 13823648023496633975 13827411735748423027 13829270281242646283 13835425972350122117 13837384794993648405 4610330993385903179 0 4616061571710153002 13829270281242646283 13835425972350122117 13837384794993648405 4613260305720330790 13829270281242646283 13835425972350122117 13837384794993648405 4613260305720330790 13829270281242646283 13829270281242646283 4613260305720330790 13837384794993648405 13835425972350122117 13829270281242646283 4613260305720330790 13837384794993648405 13835425972350122117 13829270281242646283 13837384794993648405 4613260305720330790 13829270281242646283 1 1 1 1 1
0 4599161976238031801 4609402062912363231 4607838034819371495 4613592851516815827 4589955753908558052 4608989965532060321 13839253590680623557 0 4609402062912363231 4613592851516815827 4589955753908558052 4604667930701680104 13838534186257544092 4613592851516815827 4589955753908558052 4604667930701680104 13838534186257544092 4613592851516815827 4613592851516815827 13838534186257544092 4604667930701680104 4589955753908558052 4613592851516815827 13838534186257544092 4604667930701680104 4589955753908558052 4613592851516815827 4604667930701680104 13838534186257544092 4613592851516815827 1 1 1 1 1
1 4612428139588384524 13837044953365767027 4612879418285445557 4612962374590581722 4614693792474523563 13837207407211525536 4597143354798653288 0 4612428139588384524 4612962374590581722 4614693792474523563 13837207407211525536 4608179335613532141 4612962374590581722 4614693792474523563 13837207407211525536 4608179335613532141 4612962374590581722 4612962374590581722 4608179335613532141 13837207407211525536 4614693792474523563 4612962374590581722 4608179335613532141 13837207407211525536 4614693792474523563 4612962374590581722 13837207407211525536 4608179335613532141 4612962374590581722 1 1 1 1 1
0 4594172420196469519 13836156312094493536 4612210948992754954 4614085869575223330 13836077526122612316 13804061760630808631 4605393949315996037 0 13836156312094493536 4614085869575223330 13836077526122612316 4613747131419754996 4617016274077812747 4614085869575223330 13836077526122612316 4613747131419754996 4617016274077812747 4614085869575223330 4614085869575223330 4617016274077812747 4613747131419754996 13836077526122612316 4614085869575223330 4617016274077812747 4613747131419754996 13836077526122612316 4614085869575223330 4613747131419754996 4617016274077812747 4614085869575223330 1 1 1 1 1
1 4592837481209322866 4609362413221243861 4609459312670826364 13833320854776300326 13834328382070537144 13793349102240377961 4613500239494078580 0 4592837481209322866 13833320854776300326 13834328382070537144 13793349102240377961 4615752039307763828 13833320854776300326 13834328382070537144 13793349102240377961 4615752039307763828 13833320854776300326 13833320854776300326 4615752039307763828 13793349102240377961 13834328382070537144 13833320854776300326 4615752039307763828 13793349102240377961 13834328382070537144 13833320854776300326 13793349102240377961 4615752039307763828 13833320854776300326 1 1 1 1 1
0 13835440320818534920 4604444554485749317 13825541336779980532 4591992101516069896 4572686719151804395 4603364591295105872 4609068310151178058 0 4604444554485749317 4591992101516069896 4572686719151804395 4608317582219336250 4614151002688855534 4591992101516069896 4572686719151804395 4608317582219336250 4614151002688855534 4591992101516069896 4591992101516069896 4614151002688855534 4608317582219336250 4572686719151804395 4591992101516069896 4614151002688855534 4608317582219336250 4572686719151804395 4591992101516069896 4608317582219336250 4614151002688855534 4591992101516069896 1 1 1 1 1
1 4612444901986197597 4609174541059188473 13823308416055933221 13835704168706304048 4604154486640949638 4605463665038227732 13813848911283416155 0 4612444901986197597 13835704168706304048 4604154486640949638 4605463665038227732 4606455862079332981 13835704168706304048 4604154486640949638 4605463665038227732 4606455862079332981 13835704168706304048 13835704168706304048 4606455862079332981 4605463665038227732 4604154486640949638 13835704168706304048 4606455862079332981 4605463665038227732 4604154486640949638 13835704168706304048 4605463665038227732 4606455862079332981 13835704168706304048 1 1 1 1 1
0 13835317138361527082 13839043353642818647 13836391237865455690 13828455309854077318 13839084885838582258 13832860280649608400 4615285007019206253 0 13839043353642818647 13828455309854077318 13839084885838582258 13838788439852037237 4612707534946740320 13828455309854077318 13839084885838582258 13838788439852037237 4612707534946740320 13828455309854077318 13828455309854077318 4612707534946740320 13838788439852037237 13839084885838582258 13828455309854077318 4612707534946740320 13838788439852037237 13839084885838582258 13828455309854077318 13838788439852037237 4612707534946740320 13828455309854077318 1 1 1 1 1
1 13829820837289893072 13821797368308957872 13837043359091498938 13830809755710469595 13834256234404506669 13839319775580747393 13835096777231759844 0 13829820837289893072 13830809755710469595 13834256234404506669 13839319775580747393 13830631899553985480 13830809755710469595 13834256234404506669 13839319775580747393 13830631899553985480 13830809755710469595 13830809755710469595 13830631899553985480 13839319775580747393 13834256234404506669 13830809755710469595 13830631899553985480 13839319775580747393 13834256234404506669 13830809755710469595 13839319775580747393 13830631899553985480 13830809755710469595 1 1 1 1 1
0 13836379375384037197 13837852773038127728 13836171137944466840 13838454075645975727 4607954371804945730 4605998836789147423 13806271911155139957 0 13837852773038127728 13838454075645975727 4607954371804945730 4587735255152794720 4594890625251772909 13838454075645975727 4607954371804945730 4587735255152794720 4594890625251772909 13838454075645975727 13838454075645975727 4594890625251772909 4587735255152794720 4607954371804945730 13838454075645975727 4594890625251772909 4587735255152794720 4607954371804945730 13838454075645975727 4587735255152794720 4594890625251772909 13838454075645975727 1 1 1 1 1
1 13835469567194515064 4612488866125759988 13821808969581597978 4611545848392585625 4601671021662432452 13835267499686434204 13839065979727346556 0 13835469567194515064 4611545848392585625 4601671021662432452 13835267499686434204 13836814179913661308 4611545848392585625 4601671021662432452 13835267499686434204 13836814179913661308 4611545848392585625 4611545848392585625 13836814179913661308 13835267499686434204 4601671021662432452 4611545848392585625 13836814179913661308 13835267499686434204 4601671021662432452 4611545848392585625 13835267499686434204 13836814179913661308 4611545848392585625 1 1 1 1 1
0 13835310022674115837 13829546478000593661 4611395500222625488 13835566142384924397 4613915021019759403 4607532204375876020 4608945614082929976 0 13829546478000593661 13835566142384924397 4613915021019759403 13815722367351778880 4608115459142456480 13835566142384924397 4613915021019759403 13815722367351778880 4608115459142456480 13835566142384924397 13835566142384924397 4608115459142456480 13815722367351778880 4613915021019759403 13835566142384924397 4608115459142456480 13815722367351778880 4613915021019759403 13835566142384924397 13815722367351778880 4608115459142456480 13835566142384924397 1 1 1 1 1
1 13830652634126669893 13837939602438943431 13836938623378564810 13835982202932899393 13838513676283444348 13836928508293801736 4594792836081136079 0 13830652634126669893 13835982202932899393 13838513676283444348 13836928508293801736 4607885520773842490 13835982202932899393 13838513676283444348 13836928508293801736 4607885520773842490 13835982202932899393 13835982202932899393 4607885520773842490 13836928508293801736 13838513676283444348 13835982202932899393 4607885520773842490 13836928508293801736 13838513676283444348 13835982202932899393 13836928508293801736 4607885520773842490 13835982202932899393 1 1 1 1 1
0 13835156837236390456 4615097495145121055 13831952751281497717 13835712302207231079 4612336446299971261 13829713507503573578 4615619588442722862 0 4615097495145121055 13835712302207231079 4612336446299971261 4613342820190944412 4620912351460557912 13835712302207231079 4612336446299971261 4613342820190944412 4620912351460557912 13835712302207231079 13835712302207231079 4620912351460557912 4613342820190944412 4612336446299971261 13835712302207231079 4620912351460557912 4613342820190944412 4612336446299971261 13835712302207231079 4613342820190944412 4620912351460557912 13835712302207231079 1 1 1 1 1
1 13839305111860360675 13834663648041197113 4609543259767880550 4614108594738943041 4612362450084219698 13836930877187205733 4607261736196654657 0 13839305111860360675 4614108594738943041 4612362450084219698 13836930877187205733 4611725677125706528 4614108594738943041 4612362450084219698 13836930877187205733 4611725677125706528 4614108594738943041 4614108594738943041 4611725677125706528 13836930877187205733 4612362450084219698 4614108594738943041 4611725677125706528 13836930877187205733 4612362450084219698 4614108594738943041 13836930877187205733 4611725677125706528 4614108594738943041 1 1 1 1 1
0 4611914152770111984 4614039896830227132 4610509552103929164 4613845872751080756 13838424108694055204 4615970941271251798 4607349160072621173 0 4614039896830227132 4613845872751080756 13838424108694055204 4614122849145804530 4608156575449097133 4613845872751080756 13838424108694055204 4614122849145804530 4608156575449097133 4613845872751080756 4613845872751080756 4608156575449097133 4614122849145804530 13838424108694055204 4613845872751080756 4608156575449097133 4614122849145804530 13838424108694055204 4613845872751080756 4614122849145804530 4608156575449097133 4613845872751080756 1 1 1 1 1
1 13835564431017065996 13837029343889458561 13832213743887103092 4610172142419846567 4614446310667800300 4610186157621886943 13835240009714308735 0 13835564431017065996 4610172142419846567 4614446310667800300 4610186157621886943 13830918364519083262 4610172142419846567 4614446310667800300 4610186157621886943 13830918364519083262 4610172142419846567 4610172142419846567 13830918364519083262 4610186157621886943 4614446310667800300 4610172142419846567 13830918364519083262 4610186157621886943 4614446310667800300 4610172142419846567 4610186157621886943 13830918364519083262 4610172142419846567 1 1 1 1 1
0 13831171088515772784 4604652728874924891 4615569967782028493 4615184991078681609 13828299701479752413 4611101757440529875 4613622305058378830 0 4604652728874924891 4615184991078681609 13828299701479752413 13833195779023483107 4600933663438505880 4615184991078681609 13828299701479752413 13833195779023483107 4600933663438505880 4615184991078681609 4615184991078681609 4600933663438505880 13833195779023483107 13828299701479752413 4615184991078681609 4600933663438505880 13833195779023483107 13828299701479752413 4615184991078681609 13833195779023483107 4600933663438505880 4615184991078681609 1 1 1 1 1
1 4594206287265667345 13838965639527648742 4613045114722935772 13837544312492449868 4602029364077583068 4615142747314176873 4611764218931317565 0 4594206287265667345 13837544312492449868 4602029364077583068 4615142747314176873 4614016018745002813 13837544312492449868 4602029364077583068 4615142747314176873 4614016018745002813 13837544312492449868 13837544312492449868 4614016018745002813 4615142747314176873 4602029364077583068 13837544312492449868 4614016018745002813 4615142747314176873 4602029364077583068 13837544312492449868 4615142747314176873 4614016018745002813 13837544312492449868 1 1 1 1 1
0 4614776046218117858 13838345358750971003 13835369353095606815 13830046665789607938 13836877977905982639 4615867250393431220 4604221896520172120 0 13838345358750971003 13830046665789607938 13836877977905982639 13838317564093865578 13841400290769702212 13830046665789607938 13836877977905982639 13838317564093865578 13841400290769702212 13830046665789607938 13830046665789607938 13841400290769702212 13838317564093865578 13836877977905982639 13830046665789607938 13841400290769702212 13838317564093865578 13836877977905982639 13830046665789607938 13838317564093865578 13841400290769702212 13830046665789607938 1 1 1 1 1
1 13830584161397935352 13825724074838460717 4612076912860645154 13835385647119058642 4608562483855430313 13838418001812960490 4599722800492428994 0 13830584161397935352 13835385647119058642 4608562483855430313 13838418001812960490 4608695213943648176 13835385647119058642 4608562483855430313 13838418001812960490 4608695213943648176 13835385647119058642 13835385647119058642 4608695213943648176 13838418001812960490 4608562483855430313 13835385647119058642 4608695213943648176 13838418001812960490 4608562483855430313 13835385647119058642 13838418001812960490 4608695213943648176 13835385647119058642 1 1 1 1 1
0 13835117727977226371 13834092231320476345 4600852735624537742 13832085967758475336 13838303772512011864 4610788433007254455 4613898717989108321 0 13834092231320476345 13832085967758475336 13838303772512011864 4610572141392728558 4616042371995530620 13832085967758475336 13838303772512011864 4610572141392728558 4616042371995530620 13832085967758475336 13832085967758475336 4616042371995530620 4610572141392728558 13838303772512011864 13832085967758475336 4616042371995530620 4610572141392728558 13838303772512011864 13832085967758475336 4610572141392728558 4616042371995530620 13832085967758475336 1 1 1 1 1
1 4613425317610677644 4615648555595526109 13836904792338164003 13839384546350588236 4603944582869517154 4609289941296040215 13838767355043254874 0 4613425317610677644 13839384546350588236 4603944582869517154 4609289941296040215 13836515555229569626 13839384546350588236 4603944582869517154 4609289941296040215 13836515555229569626 13839384546350588236 13839384546350588236 13836515555229569626 4609289941296040215 4603944582869517154 13839384546350588236 13836515555229569626 4609289941296040215 4603944582869517154 13839384546350588236 4609289941296040215 13836515555229569626 13839384546350588236 1 1 1 1 1
0 13836777592670288551 4610087564818844549 4612508808064909984 4602756857546989988 13839294051019675853 13823922779102700594 4615323629889610582 0 4610087564818844549 4602756857546989988 13839294051019675853 13841358613515822867 13826940117491202344 4602756857546989988 13839294051019675853 13841358613515822867 13826940117491202344 4602756857546989988 4602756857546989988 13826940117491202344 13841358613515822867 13839294051019675853 4602756857546989988 13826940117491202344 13841358613515822867 13839294051019675853 4602756857546989988 13841358613515822867 13826940117491202344 4602756857546989988 1 1 1 1 1
1 4610841881727632088 4605839121131962355 13832436798169447498 13838458372080020239 13829277342886862000 4614349285117428230 4610891691539510805 0 4610841881727632088 13838458372080020239 13829277342886862000 4614349285117428230 4613540654797134602 13838458372080020239 13829277342886862000 4614349285117428230 4613540654797134602 13838458372080020239 13838458372080020239 4613540654797134602 4614349285117428230 13829277342886862000 13838458372080020239 4613540654797134602 4614349285117428230 13829277342886862000 13838458372080020239 4614349285117428230 4613540654797134602 13838458372080020239 1 1 1 1 1
0 4612335518558448022 4612494252430914323 13827836479236479593 4597552065472036415 4609573289770195857 4604485807458336031 13836187368917523883 0 4612494252430914323 4597552065472036415 4609573289770195857 4604707477406428751 13832702247951467198 4597552065472036415 4609573289770195857 4604707477406428751 13832702247951467198 4597552065472036415 4597552065472036415 13832702247951467198 4604707477406428751 4609573289770195857 4597552065472036415 13832702247951467198 4604707477406428751 4609573289770195857 4597552065472036415 4604707477406428751 13832702247951467198 4597552065472036415 1 1 1 1 1
1 13837926118661659084 13833767990161704179 4612075444687166631 4613168999741485480 4608459513553550114 13836845560995864826 4611838780526748311 0 13837926118661659084 4613168999741485480 4608459513553550114 13836845560995864826 4614090580340433559 4613168999741485480 4608459513553550114 13836845560995864826 4614090580340433559 4613168999741485480 4613168999741485480 4614090580340433559 13836845560995864826 4608459513553550114 4613168999741485480 4614090580340433559 13836845560995864826 4608459513553550114 4613168999741485480 13836845560995864826 4614090580340433559 4613168999741485480 1 1 1 1 1
0 4612143656207122784 4613568622150820573 13832755202663102592 4614872954674899617 13817085738407599878 4612981235665821149 13837976613020681162 0 4613568622150820573 4614872954674899617 13817085738407599878 4614041883416625612 13834270275630219191 4614872954674899617 13817085738407599878 4614041883416625612 13834270275630219191 4614872954674899617 4614872954674899617 13834270275630219191 4614041883416625612 13817085738407599878 4614872954674899617 13834270275630219191 4614041883416625612 13817085738407599878 4614872954674899617 4614041883416625612 13834270275630219191 4614872954674899617 1 1 1 1 1
1 4614255583223581159 4612409584757919757 13830346605524790813 13821578457338270647 13836375114978789704 4614522214335920002 4610523927593939731 0 4614255583223581159 13821578457338270647 13836375114978789704 4614522214335920002 4613356772824349066 13821578457338270647 13836375114978789704 4614522214335920002 4613356772824349066 13821578457338270647 13821578457338270647 4613356772824349066 4614522214335920002 13836375114978789704 13821578457338270647 4613356772824349066 4614522214335920002 13836375114978789704 13821578457338270647 4614522214335920002 4613356772824349066 13821578457338270647 1 1 1 1 1
0 4612695581348656293 4614920134384595950 13818947706637539936 4609997042466334402 4605211211257515851 13834243858512730655 4616075568897794870 0 4614920134384595950 4609997042466334402 4605211211257515851 13833848226204394859 4617357401460203208 4609997042466334402 4605211211257515851 13833848226204394859 4617357401460203208 4609997042466334402 4609997042466334402 4617357401460203208 13833848226204394859 4605211211257515851 4609997042466334402 4617357401460203208 13833848226204394859 4605211211257515851 4609997042466334402 13833848226204394859 4617357401460203208 4609997042466334402 1 1 1 1 1
1 13835135733368536598 13837706775345407631 4613917101682787248 13834273203967902601 4605239205632799586 13836290816600964583 4610797188004930063 0 13835135733368536598 13834273203967902601 4605239205632799586 13836290816600964583 4613493403029844232 13834273203967902601 4605239205632799586 13836290816600964583 4613493403029844232 13834273203967902601 13834273203967902601 4613493403029844232 13836290816600964583 4605239205632799586 13834273203967902601 4613493403029844232 13836290816600964583 4605239205632799586 13834273203967902601 13836290816600964583 4613493403029844232 13834273203967902601 1 1 1 1 1
0 13826668137406748630 13826611031763473572 13833401036864066031 13832989371829327348 4601647963232340315 13838186282604933023 4607616691904885490 0 13826611031763473572 13832989371829327348 4601647963232340315 13838174632568306943 4611914805016448024 13832989371829327348 4601647963232340315 13838174632568306943 4611914805016448024 13832989371829327348 13832989371829327348 4611914805016448024 13838174632568306943 4601647963232340315 13832989371829327348 4611914805016448024 13838174632568306943 4601647963232340315 13832989371829327348 13838174632568306943 4611914805016448024 13832989371829327348 1 1 1 1 1
1 13825824739297331702 4615170444451885202 13826151124169526497 13835126068643736261 4614068305536676585 4599780662740441450 13837568298664065243 0 13825824739297331702 13835126068643736261 4614068305536676585 4599780662740441450 13835316498850379995 13835126068643736261 4614068305536676585 4599780662740441450 13835316498850379995 13835126068643736261 13835126068643736261 13835316498850379995 4599780662740441450 4614068305536676585 13835126068643736261 13835316498850379995 4599780662740441450 4614068305536676585 13835126068643736261 4599780662740441450 13835316498850379995 13835126068643736261 1 1 1 1 1
0 13834653109618069066 4611966016223420782 13838502759557947602 4615172236884536895 4607755204615024897 4613939745781713667 4602542846492697342 0 4611966016223420782 4615172236884536895 4607755204615024897 4621887307277606883 4621038151316066362 4615172236884536895 4607755204615024897 4621887307277606883 4621038151316066362 4615172236884536895 4615172236884536895 4621038151316066362 4621887307277606883 4607755204615024897 4615172236884536895 4621038151316066362 4621887307277606883 4607755204615024897 4615172236884536895 4621887307277606883 4621038151316066362 4615172236884536895 1 1 1 1 1
1 4596817654473601854 4612681809340995794 13826063934480740604 4613097914924967064 13838805842805670382 13837402431089789188 13837645823628050799 0 4596817654473601854 4613097914924967064 13838805842805670382 13837402431089789188 13835394023814365551 4613097914924967064 13838805842805670382 13837402431089789188 13835394023814365551 4613097914924967064 4613097914924967064 13835394023814365551 13837402431089789188 13838805842805670382 4613097914924967064 13835394023814365551 13837402431089789188 13838805842805670382 4613097914924967064 13837402431089789188 13835394023814365551 4613097914924967064 1 1 1 1 1
0 4607404896621609511 13829257563077298589 4613580745841017455 4610814211611521523 4599844073423194827 13835176572009957594 4595274613154873665 0 13829257563077298589 4610814211611521523 4599844073423194827 4604069703558927196 4615911618026300869 4610814211611521523 4599844073423194827 4604069703558927196 4615911618026300869 4610814211611521523 4610814211611521523 4615911618026300869 4604069703558927196 4599844073423194827 4610814211611521523 4615911618026300869 4604069703558927196 4599844073423194827 4610814211611521523 4604069703558927196 4615911618026300869 4610814211611521523 1 1 1 1 1
1 13835879259652616958 13839395994500841012 13837370302410047527 4605958124248515993 13832559782468071731 13830971020605926477 13835342565685023216 0 13835879259652616958 4605958124248515993 13832559782468071731 13830971020605926477 13831123476460512224 4605958124248515993 13832559782468071731 13830971020605926477 13831123476460512224 4605958124248515993 4605958124248515993 13831123476460512224 13830971020605926477 13832559782468071731 4605958124248515993 13831123476460512224 13830971020605926477 13832559782468071731 4605958124248515993 13830971020605926477 13831123476460512224 4605958124248515993 1 1 1 1 1
0 4607364544368948271 13839320406084695225 4603082485814447384 13804102112883469871 4608084723992560342 4610523855536345693 13818097715258268538 0 13839320406084695225 13804102112883469871 4608084723992560342 4614131066521212575 4612112994520988600 13804102112883469871 4608084723992560342 4614131066521212575 4612112994520988600 13804102112883469871 13804102112883469871 4612112994520988600 4614131066521212575 4608084723992560342 13804102112883469871 4612112994520988600 4614131066521212575 4608084723992560342 13804102112883469871 4614131066521212575 4612112994520988600 13804102112883469871 1 1 1 1 1
1 4615290465381954626 13837546771457846412 13837386722534288920 4603354359116752486 13834159425026916713 4612385994903071591 13831153848736399210 0 4615290465381954626 4603354359116752486 13834159425026916713 4612385994903071591 13817335201798159184 4603354359116752486 13834159425026916713 4612385994903071591 13817335201798159184 4603354359116752486 4603354359116752486 13817335201798159184 4612385994903071591 13834159425026916713 4603354359116752486 13817335201798159184 4612385994903071591 13834159425026916713 4603354359116752486 4612385994903071591 13817335201798159184 4603354359116752486 1 1 1 1 1
0 4612385418442319287 13837964228121705893 13838415741005947550 13830615740638522474 13831757024841692195 13836194799856909044 13839150034910791799 0 13837964228121705893 13830615740638522474 13831757024841692195 13846475815968031196 13846651674778080573 13830615740638522474 13831757024841692195 13846475815968031196 13846651674778080573 13830615740638522474 13830615740638522474 13846651674778080573 13846475815968031196 13831757024841692195 13830615740638522474 13846651674778080573 13846475815968031196 13831757024841692195 13830615740638522474 13846475815968031196 13846651674778080573 13830615740638522474 1 1 1 1 1
1 13835181219724773040 13826341896649741911 4608771468892538814 4600709268954808228 13835797077966616701 4614970745837208339 13818848411272955671 0 13835181219724773040 4600709268954808228 13835797077966616701 4614970745837208339 4605605330268106298 4600709268954808228 13835797077966616701 4614970745837208339 4605605330268106298 4600709268954808228 4600709268954808228 4605605330268106298 4614970745837208339 13835797077966616701 4600709268954808228 4605605330268106298 4614970745837208339 13835797077966616701 4600709268954808228 4614970745837208339 4605605330268106298 4600709268954808228 1 1 1 1 1
0 13838011578968188066 13835326136553582568 4615273639933746770 13824822418164264125 4610741127196768555 13826342328995306139 13831934502695807612 0 13835326136553582568 13824822418164264125 4610741127196768555 13836577921870995908 13836069177242689627 13824822418164264125 4610741127196768555 13836577921870995908 13836069177242689627 13824822418164264125 13824822418164264125 13836069177242689627 13836577921870995908 4610741127196768555 13824822418164264125 13836069177242689627 13836577921870995908 4610741127196768555 13824822418164264125 13836577921870995908 13836069177242689627 13824822418164264125 1 1 1 1 1
1 13833998070059467283 13831173646560361131 13829460116974139204 4615697978097836872 13831986996653064242 13838650946000086601 4613363411130199809 0 13833998070059467283 4615697978097836872 13831986996653064242 13838650946000086601 4615615210943885057 4615697978097836872 13831986996653064242 13838650946000086601 4615615210943885057 4615697978097836872 4615697978097836872 4615615210943885057 13838650946000086601 13831986996653064242 4615697978097836872 4615615210943885057 13838650946000086601 13831986996653064242 4615697978097836872 13838650946000086601 4615615210943885057 4615697978097836872 1 1 1 1 1
0 4589502655757247561 13836453063281140233 13837172234098435772 4606402971805309142 4611858182033943023 13834358592216837546 13832948803403883995 0 13836453063281140233 4606402971805309142 4611858182033943023 13841579906252309708 13840101559142228697 4606402971805309142 4611858182033943023 13841579906252309708 13840101559142228697 4606402971805309142 4606402971805309142 13840101559142228697 13841579906252309708 4611858182033943023 4606402971805309142 13840101559142228697 13841579906252309708 4611858182033943023 4606402971805309142 13841579906252309708 13840101559142228697 4606402971805309142 1 1 1 1 1
1 4612863781787539327 13839310768381492652 13824646525577217542 4611457001379136860 4605347328052653497 4614368551516634121 4610633995568832666 0 4612863781787539327 4611457001379136860 4605347328052653497 4614368551516634121 4613411806811795533 4611457001379136860 4605347328052653497 4614368551516634121 4613411806811795533 4611457001379136860 4611457001379136860 4613411806811795533 4614368551516634121 4605347328052653497 4611457001379136860 4613411806811795533 4614368551516634121 4605347328052653497 4611457001379136860 4614368551516634121 4613411806811795533 4611457001379136860 1 1 1 1 1
