0 0 0 1 1 0 0 4599175133005920656 4605052393883962972 4607585501351039713 4604159848496265956 13825241453016383268 4607810610927664469 13813115815993544928 4577984507012478272 4601402075614973828 4606295293346786578 13831401944589992485 4596799281039723408 4592123942647168412 4580421995059076144 4600289410451817244 4580535421577595844 4600170739828041636 4609710201217348756 0 0 0 0 13825241453016383268 4607810610927664469 13813115815993544928 4577984507012478272 0 0 0 4601402075614973828 4606295293346786578 13831401944589992485 4596799281039723408
1 0 0 0 0 1 1 13831015953659952127 4605684797533070250 13824253996069278070 4598084688123584576 4603184377744851798 13829634774744805768 13825995834609977694 13821516726919682352 13826264356928848704 4600590328487519800 4596367520564917520 13827538357509062721 13816696492532848775 13817690150098872909 4605233640214365173 4586228968195658956 4600098184675396852 4606154213968215650 0 0 1 1 4603184377744851798 13829634774744805768 0 0 4604347430443002210 4601883673773675998 4603291272116945768 4603184377744851798 13826264356928848704 13829634774744805768 4596367520564917520
1 0 0 1 0 1 0 13816945054659516640 4604354200024302074 4605673387200419870 13812996722456294224 4600274016097047456 13804362577415667456 13817406063301541848 13823516992098847626 4604511397346076896 4607612092594062097 4599751327789734104 4606582239644240362 4595047329549201750 4594356043110841140 4596855900748214656 4598252500249622707 4597076394864249045 4598606904928717915 1 0 1 0 13816945054659516640 4605673387200419870 13821624537104398515 4597076394864249045 13827270019438569933 13820410925214791373 4604846629543105557 4600274016097047456 4604511397346076896 13804362577415667456 4599751327789734104
1 0 0 0 1 0 1 4606977903192841566 4607309774315291193 13826606385123247397 13825469841875618298 13830696894151141242 4595649610232252896 13817745227425220420 4600401453736935190 4603554782698333240 4599221986318727272 4601078529911663936 13822570661253759574 4590657394937036016 4587654627088784312 4604992095408367992 4596584735904194296 4582614736506278579 4604416794735831556 0 1 0 1 4607309774315291193 13825469841875618298 13808391180704197282 4582614736506278579 4602618644986039833 4604511988430945455 4602753721932713742 13830696894151141242 4603554782698333240 4595649610232252896 4601078529911663936
1 0 0 1 1 0 0 4602430127945286392 4596496071898616176 4606926573508025546 4603248424715572758 13815994296394856032 13824438962905046720 13810767770680095088 13822482949920229402 13810655742000707456 13830202917190412882 13830252091074499867 13827239357650382457 4592867826253056312 13806715224040685800 4597245082525804968 4600716447187836541 4598678631838547466 4611182757016730965 1 1 0 0 4599882886833616344 4605087499111799152 4589689060923201643 4598678631838547466 13827971382890488173 4594948704930321036 4604321089505497260 13815994296394856032 13810655742000707456 13824438962905046720 13830252091074499867
1 0 0 1 1 0 1 13826585867110606692 4598226098268565144 4607569968901185397 13828273297611466084 13824030747617285346 4598170176367680232 4600946123195665404 13815253295085781568 13831036403645647392 4602748627544664722 4598529298767198608 13820085892524881152 13809957629102028192 13818558228757881632 4605961820434920032 4576918229304087675 4576918229304087675 4603039434182697780 1 1 0 1 13818062800215760944 4595280536781861644 4576918229304087675 13800290266158863483 13822995051025771333 13815415192182385482 4606626500546916069 13824030747617285346 13831036403645647392 4598170176367680232 4598529298767198608
1 0 0 0 1 1 1 13826230837201852260 4607539114684296159 4603687232509013966 4606397585832215150 4600941809966086736 13826723487467806034 13822627895148034756 13815446439710330192 4604176419115059250 4595916648242069872 13823612879370679554 4598732299542895172 13786674022500206336 4594355734405228366 4605897282968060716 4597036675765680778 4597254703420870142 4609541096957326335 0 1 1 1 4607539114684296159 4606397585832215150 13820408712620456586 13807200408528929788 13827810226290914366 4603885791073172924 4599768904357896781 4600941809966086736 4604176419115059250 13826723487467806034 13823612879370679554
0 0 0 0 0 0 0 13821730988932133068 13828448241223965352 13830936297659619567 4595067344161209040 13816334037450071200 13830099741251623462 13822540468968438796 4581533795400638880 13830476410255327041 13829698146120702880 4603868053218195524 4602727440390806610 4594195603190889658 4585927826555760640 4603390394933771113 4599954850974237880 4601348445859699497 4609267406987499229 0 0 0 0 13816334037450071200 13830099741251623462 13822540468968438796 4581533795400638880 0 0 0 13830476410255327041 13829698146120702880 4603868053218195524 4602727440390806610
1 0 0 1 0 0 1 4595166431454811568 13830469444101209224 13830800391300082139 13831448801446870042 13831415855458305865 13805100508739554304 4602116738697226772 13821967130212629194 4603273376290934788 13831016148907185730 13825190279820379630 13825150730070956624 4587148225695185024 4592229167524704844 4606992781951066996 4588373790017368931 4599572464248654690 4605445722398668320 1 0 0 1 4595166431454811568 13830800391300082139 4588373790017368931 13822004992112282115 4606431574673781834 4586942701616128288 4600822165272857426 13831415855458305865 4603273376290934788 13805100508739554304 13825190279820379630
1 0 0 1 0 0 0 4607489259243276987 13829806848232654552 4606323581108824158 4604539448088441394 13831252508046397787 13819630467153888072 13824456487351553588 13816849761452155840 13830617318523959853 4606998018164892782 13817077812140670888 13831118256763471001 4587610923372704800 4592534996828041092 4603390012215691321 4601255406646905603 4595963807074808478 4596758045927866276 1 0 0 0 4607489259243276987 4606323581108824158 4601255406646905603 4595963807074808478 13827979839934739722 4603535866279641503 4600309382816116399 13831252508046397787 13830617318523959853 13819630467153888072 13817077812140670888
1 0 0 0 1 1 0 13817711354328730048 13830947368458238873 13830593129392382059 4593430977980778960 13831284641304482201 4598649296656020808 4601462748956324422 13825339569626259200 13828000850285418880 4604388177380615546 13830760705031302354 13827595343429099321 13817382591076105410 13805365302512506864 4599754070686675710 4597697578646430246 4592686014563762954 4610255486523805088 0 1 1 0 13830947368458238873 4593430977980778960 4589927898369585318 4590020296481794068 13817697562480670516 13828813076794362831 4603340004253467119 13831284641304482201 13828000850285418880 4598649296656020808 13830760705031302354
1 0 0 1 0 1 1 4604246592354281210 4587982114396501504 13831317526733100496 4605826906066915670 13830898611804446206 13830595250974781232 13824236418456569802 13816077592089368104 4601038814781186600 13828950396695728934 13828462640875490942 13829745404016938863 13790439995288766976 13819385493426768175 4598935500301074168 4597641747725135600 4597247716632254512 4609619148318053994 1 0 1 1 4604246592354281210 13831317526733100496 13811573424550854807 13817032887458475680 4605652847919933280 4599956713073016024 4601504655935448610 13830898611804446206 4601038814781186600 13830595250974781232 13828462640875490942
1 0 0 1 1 0 0 13831388487210442432 4603786216484869336 4586550868118520512 4607956554854096507 13821887374801425334 13830929893237560283 13823297995849817972 4598310097519471494 13828113940563832576 4608062186335286399 13822687109916527340 13827771071857790808 13813532976879315412 4594801198972118372 4597115509559875556 4599713205720168714 4593596709045231060 4604044434405612494 1 1 0 0 13822107922199128232 4603652644198061201 4596060439394351950 4593596709045231060 13824907903814814998 13819133588764722346 4606109378406092749 13821887374801425334 13828113940563832576 13830929893237560283 13822687109916527340
1 0 0 1 1 0 1 13829500285736130840 13830238919239228716 4592150330250178432 13830296666118472238 4604243272581891920 4587039733384179424 4596350207446819560 13824082165343590750 4606292649988776050 4603186945540526694 4596495797791681624 4588938940148696128 13811901527597711212 4588912169238703976 4601923663040678518 4601345417945040013 4601589715350314573 4602005300462182105 1 1 0 1 13829869602487679778 13824857327792725054 13824717454799815821 13824961752205090381 4602220635297181453 13827586070525676424 4603312431472187346 4604243272581891920 4606292649988776050 4587039733384179424 4596495797791681624
1 0 0 0 0 0 1 4596466428877522632 13828215182498862948 4606605497696793066 4588432249687217888 13831000630800151392 4603903166187744890 13823323513400653284 4600098195698095124 13809215262409660544 13829227179639218692 13810429343462641344 4605155041660862368 13818596063161335013 4587715727221309880 4592065656309617776 4599196241169502882 4582513525174035864 4595401020459653017 0 0 0 1 13831000630800151392 4603903166187744890 0 0 13826509810168760524 13827577309207193333 4602647401031630867 13831000630800151392 13809215262409660544 4603903166187744890 13810429343462641344
1 0 0 1 0 1 0 13825447982008742566 4601573085601443356 13822111383466781980 13827007606263453588 13827913778175958096 4607902599297702255 13800463753748862272 4602059973256437490 13822197378155058814 13827328144472603901 4606150803474265346 4602626261951822288 4592098006237104756 4590994777948499132 4592330207504781304 4594593575413908030 4596883043045513190 4597085155365031026 1 0 1 0 13825447982008742566 13822111383466781980 13817965612268683838 13820255079900288998 4600171906586835084 13826078211198060820 4605248878806114827 13827913778175958096 13822197378155058814 4607902599297702255 4606150803474265346
1 0 0 1 1 0 1 13827903067004759770 4596442212867540704 13817030849115424880 13830607956080857341 13816871213006917040 13831256333194989720 13809072630377660912 4594940931416206132 13824148148467249308 13827409642938815611 4604273497506342870 4599561588113940576 13817668363946991263 13817725963725898656 4595985407166784276 4602484660964149169 4597086053389177003 4608313625465162701 1 1 0 1 13821580919233137954 13826666505928329604 4585766971538851445 13820458090243952811 4601089696555661288 13815214309563654152 4606334119519467641 13816871213006917040 13824148148467249308 13831256333194989720 4604273497506342870
1 0 0 0 0 1 1 4606551979729348610 4598306148790587220 4598851702152093400 4598747830857487292 4607356266134877109 13831230920939733451 13807664076093846880 13823901147521846096 4606403815926627006 13824946363716485682 13830560772039885076 13823038784121919562 4575093548809074176 13811890609940374036 4605817107110180588 4588075010617382610 4592687385989853712 4610018783026046857 0 0 1 1 4607356266134877109 13831230920939733451 0 0 4606170439442661298 4600789265896645902 4597691752935239106 4607356266134877109 4606403815926627006 13831230920939733451 13830560772039885076
1 0 0 0 1 0 0 4602500446062475220 13826744806141200840 4604065105093774242 4583992809615070848 4605558317945098494 4603163677363980396 4582286718554691680 4601833798111608930 4607395002784056085 4587151047248551328 13823750273142016058 4587869484539786848 13819338654716497045 4594963294921419844 4602649747083078966 4600695613132689017 4597127265083786684 4607627897178794063 0 1 0 0 13826744806141200840 4583992809615070848 13823515160117199842 4597127265083786684 4593907569096509231 13823805658021611800 4606439269128362829 4605558317945098494 4607395002784056085 4603163677363980396 13823750273142016058
1 0 0 1 0 1 1 4602538154746830628 13830939072201836303 4594732223116573080 4607625900665338781 4600836374605483892 13815113748155296480 13802245214055242944 13805389519598780384 4597373682624610624 13809269080480414240 13828311156081514147 13827997409027786152 13818626848448295192 13805597010625109008 4601804618703949512 4581742207453460814 4599964505382461702 4604707052687695041 1 0 1 1 4602538154746830628 4594732223116573080 4581742207453460814 4599660583406284974 13818891856807807994 4603619124968835753 4605173215488360195 4600836374605483892 4597373682624610624 13815113748155296480 13828311156081514147
1 0 0 0 0 0 0 13791482774913959936 13830422664551082362 4607306509345590125 13821650983484313100 4588863332242123840 4590774568554696576 4602553441010106292 13821521760129428288 4598763087651115876 4607721662192540201 13820470148978859980 13829508398891265504 13810502138806454144 4592947612017016428 4602105083672412588 4593985034410042826 4602326648987396678 4606703935523615855 0 0 0 0 4588863332242123840 4590774568554696576 0 0 4584348077805961717 4592481326137926715 4607125142869647521 4588863332242123840 4598763087651115876 4590774568554696576 13820470148978859980
1 0 0 0 0 0 1 13830422216365116304 4597693536016139784 4597716997850934432 4603786853929485726 4589245027675955488 4590956185969333152 4601262748942922178 13824089952208168232 13829504260489645416 13830796847555724442 13830882460751171359 13826813019908201534 4588736103672091720 4593865082692882598 4589558356975466544 4601851319857047834 4584069361119678484 4609834959186200374 0 0 0 1 4589245027675955488 4590956185969333152 0 0 4586363623327538039 4571333116620197753 4607173997674172561 4589245027675955488 13829504260489645416 4590956185969333152 13830882460751171359
1 0 0 0 1 1 1 13825215437762824218 4601265707066560424 13831170302929039045 4604911079329619606 4607102273062281886 13827272928385382613 4597415484962575572 13822835390455483964 4601983879115764408 13822934155179431930 4607545258893233627 13822881493471830882 13803696269618213416 4587009810642681484 4599920401468947038 4600002884820710950 4589836101569737672 4609032723443023693 0 1 1 1 4601265707066560424 4604911079329619606 4589721208406002888 13813208138424513480 13827351962983497395 4599510698206453414 4604413112705612548 4607102273062281886 4601983879115764408 13827272928385382613 4607545258893233627
1 0 0 0 1 0 0 13830486305879199453 4606086491839241382 13827166075046400857 13826182794556370196 13830382676441406292 4605220359320758984 4594464699811080708 13810979774483817088 4606385874793124654 4601934178722576580 4602741375819862172 13829971653527858515 4594780844550005382 4592649785757178412 4600793448873765164 4602189511838385202 4600824714706848310 4594877125585098846 0 1 0 0 4606086491839241382 13826182794556370196 13796128040495941272 13824196751561624118 4603448720244159722 4603004005690037703 4603652687314387009 13830382676441406292 4606385874793124654 4605220359320758984 4602741375819862172
1 0 0 1 1 1 0 13829186719876445422 4593990090733059784 13820963499212482432 13830586931126776577 4597659351906720888 13828155769107400900 13823535771829203896 13822137023537664514 4597063981793281696 4607983384271629571 4601361954699860132 13828063262845116496 13808313188671211656 13817009138518500794 4605519073191033879 4600816589806014723 4598362464566334157 4607241103501360164 1 1 1 0 13823477602638443836 13827136261757802481 13823283159568235868 13821734501421109965 4602244612313721075 13822087450521216908 4605684921597654387 4597659351906720888 4597063981793281696 13828155769107400900 4601361954699860132
1 0 0 1 0 0 1 13823695155503571434 4600585290616346060 13823649130556614534 13821796606813602450 13826091523172547473 13831071838829111920 4599559511230462802 13825548493310784526 13822413805262122972 4607756857934951107 13831389391482185599 4607564687499296871 4594655467950827354 13819055579007950869 4605007962674943726 4598880994982333332 4602597271553152263 4610457930456084917 1 0 0 1 13823695155503571434 13823649130556614534 4597921889708914757 13822464658760543199 4595824974960958716 13825864181872478569 4605850474089121575 13826091523172547473 13822413805262122972 13831071838829111920 13831389391482185599
1 0 0 0 1 0 1 13826110047834675492 13827243187159806710 13825164435965029428 4601898003588492908 13785899350751982592 4605831649279444098 4590175969606937312 4598234011078561140 13830347372308497662 4607656620923166801 4598272206585542024 4605130284750686372 13813330608546520682 13818233486740460560 4600839462833963608 4590910451391827231 4602446056642642009 4607629001364374956 0 1 0 1 13827243187159806710 4601898003588492908 4590910451391827231 4594784887150178764 13826741685581492515 13824847457864317350 4604414026805014041 13785899350751982592 13830347372308497662 4605831649279444098 4598272206585542024
1 0 0 1 0 1 0 13822002249468508112 4606318098338188110 13828798312215662539 4596240048942442872 4601567481378763048 4599185279446380748 13824477545430919466 4580624541117197664 4602822547966992098 4602912320536319978 13830363617868680157 4607449468126645171 4589830824360745144 13798887597655492288 4591233137916728360 4598451572035012601 4601368484546836530 4597385985561111998 1 0 1 0 13822002249468508112 13828798312215662539 13821823608889788409 4599936872943615732 4604619868940478445 13821098831824854971 4604092807194528336 4601567481378763048 4602822547966992098 4599185279446380748 13830363617868680157
0 0 0 0 0 1 0 4605545773643633878 4596263348344398616 4605174912018845550 13830024115479266532 4606989111891303914 4598878115918445696 13822963696514274074 4601858707875109424 4602100017372922400 13831115398598394975 4605657226685462942 13819782486301186884 13818553329472138983 13812682665628195328 4600574205969038924 4601708283535251078 4599420806098313789 4611394531088386553 0 0 0 0 4606989111891303914 4598878115918445696 13822963696514274074 4601858707875109424 0 0 0 4602100017372922400 13831115398598394975 4605657226685462942 13819782486301186884
1 0 0 0 1 1 0 4588810672112650208 4600826902082348140 4599752739917619172 13828264171257790951 4607008090865998974 4585238042142177024 13820568879342595368 4594405608328260540 4598210300185699940 4602402467194260008 13824154024467833350 13828907536170150892 4593880100415162414 4590453672943056708 4606347125884268767 4591861872266602243 4599427668182915881 4610345463770652242 0 1 1 0 4600826902082348140 13828264171257790951 13815233909121378051 4593479218241041556 4604797969863700669 4595596912295702557 4604064672054511615 4607008090865998974 4598210300185699940 4585238042142177024 13824154024467833350
1 0 0 1 0 1 1 13822063538031546526 4595935734467185504 13827767923176350299 4604858580154167412 4599422528817793964 4598999798970597384 13824351225558675476 13817881625504998008 4598976065577354408 4603868392559992826 4603577089755344766 4607925719690201651 4595069750898282678 4595167371307773294 4605291446839264469 4598341938004430902 4599004215774081651 4608756529198600772 1 0 1 1 13822063538031546526 13827767923176350299 13821713974859206710 13820376363100152091 4604984471728910615 13822092687590322481 4603503497415743389 4599422528817793964 4598976065577354408 4598999798970597384 4603577089755344766
1 0 0 0 0 1 1 13817832145675247576 4605027240062779856 13830798185769049810 13822179252596142108 4594093705661214952 4603116395117495648 13822865741048593290 4599481305260881974 13829331598220950222 13809807605139937248 13819032963545530400 4605241716964639564 4592985014254752720 13805803245631003496 4598490259896927862 4593338900578828094 4589644473340980180 4609983574584202068 0 0 1 1 4594093705661214952 4603116395117495648 0 0 13826423612540824421 4580804992475650309 4605746541143196510 4594093705661214952 13829331598220950222 4603116395117495648 13819032963545530400
1 0 0 1 1 1 0 13829927170377822640 13827294560282536337 13830334550742274020 13825442803011469898 13795405580431166976 4603054619649229874 13821790375778230440 13799676103654454528 13829146515087100884 4598613572135797100 13831031307820410503 13824420198200744850 13819236340218111154 13816875505932364893 4599479444976158702 4598475564931292292 4598516160625722884 4611408803169642092 1 1 1 0 13828610865330179488 13828040690130860164 13813408843907123986 4589305197749026129 4603248046063038670 13825428586354517866 4604324960069250341 13795405580431166976 13829146515087100884 4603054619649229874 13831031307820410503
1 0 0 0 1 0 1 13831350905308890412 13827128881022228359 13824605835972026686 4604539782423733444 13827462419861855033 13828740188604456348 13803079444442326336 13820180657976357768 13826902562020151796 13824937948037769574 13825772170750203204 13830524101509426496 4596087833907785626 13806628931718963520 4602172071994124654 4589916946696386541 4600067253698743964 4608869130496818447 0 1 0 1 13827128881022228359 4604539782423733444 13801344586578023204 4593807261874340218 13827573826068136140 13826403721230456741 4602782262610126322 13827462419861855033 13826902562020151796 13828740188604456348 13825772170750203204
1 0 0 0 1 1 0 13826302552548640692 13831278800242774836 4606734018016083814 4593620349157876096 13827479026364594265 13819834273024292896 4587761200829517440 4600806706682140672 13829050912120021528 4594934394209479920 13826262585783542592 13827296768090552923 4590439939232041528 4580417467487487680 4603715168016085143 4602229009306611056 4599465099094980330 4610484077004125306 0 1 1 0 13831278800242774836 4593620349157876096 13794590769679418032 4599356082585305707 13815787299756679644 13830019565921017929 4599471940337428315 13827479026364594265 13829050912120021528 13819834273024292896 13826262585783542592
1 0 0 1 1 1 1 13830092748286550340 13828389419594483342 4601178491573661504 13817146333682535096 13827627372231047930 13830328068985572398 4593102285907788856 4596928223732326372 4604387145035927420 13830613541666873098 4602438583763204792 4607924478119885279 4590059587264897256 13812820171879635862 4604620928778816286 4598377859364645509 4598741796972751444 4603084280246461810 1 1 1 1 13829241083940516841 4594371753677679076 13821749896219421317 4589337345049781966 13820079508192303994 13828602790055218049 4603447446363690438 13827627372231047930 4604387145035927420 13830328068985572398 4602438583763204792
1 0 0 0 0 0 0 4606556181152337794 13806194410075673408 13828949249729031110 13825349669628163136 4600893453067381052 4608020389717114517 13803003257006688064 4585144514979034784 4604220221402725662 13825550910181681394 13822060559251487576 13827691291587512885 13818496577431833959 13819722193449694301 4603201351629684236 4598619574882632989 4600613683645469297 4599725995895982507 0 0 0 0 4600893453067381052 4608020389717114517 0 0 13830400120393478259 4591789491541795949 4594772602496172283 4600893453067381052 4604220221402725662 4608020389717114517 13822060559251487576
1 0 0 0 0 1 1 13828725477770869207 13819017602987761648 4606139564779499658 13831106990081901813 4607819967729396007 4607554240013140139 4586431375335293872 13823340074398438978 13830824241073163545 13825614978005653476 4604270367112254966 4597895882139785264 13817100109950251152 4595063714063652894 4597432485264713244 4595441449279455406 4590727845290598979 4610637177152985856 0 0 1 1 4607819967729396007 4607554240013140139 0 0 13828707515029380179 4603391296244679622 4595683084240102391 4607819967729396007 13830824241073163545 4607554240013140139 4604270367112254966
1 0 0 1 0 1 0 13823610652037092040 4569418579992132608 13826518649757056441 4589890225814875088 4606691653284760142 4607114623484989630 13825739936770349926 13824712745872945248 4603174175411622266 4601215213101840284 4607806458123036127 4603057669398623164 13818466494759114853 4585795736131765784 4596907075405348204 4599608888356402453 4594613333353738658 4605863158608131543 1 0 1 0 13823610652037092040 13826518649757056441 13822980925211178261 13817985370208514466 4603194222454072834 13818485110682535266 4605505312953178598 4606691653284760142 4603174175411622266 4607114623484989630 4607806458123036127
0 0 0 1 0 1 0 13831420193889749821 4606400716662855718 4592072088235768480 4600733883116137072 4600946307193152332 13822115100097714568 4598696903082872332 13814995869377784728 4605845320265525398 4600930535595699328 13827097681895775847 4589315161553056352 13816712390268739402 13817812454754723996 4599101553823148312 4598399150375317768 4598345454322822711 4602011111120910214 0 0 0 0 4600946307193152332 13822115100097714568 4598696903082872332 13814995869377784728 0 0 0 4605845320265525398 4600930535595699328 13827097681895775847 4589315161553056352
1 0 0 1 1 0 0 13829261353687609438 4599130134528649344 13827907711470353798 4594188518878948896 13830064416336490915 13820702715870385044 13815940042734065120 4598027085469596556 13822949955882855430 4607286143279757591 13824851439837627282 13829207679634043536 13815366464208362960 13817217608589562133 4602562551701732750 4602419907503534705 4592175452042670057 4610106973203467276 1 1 0 0 13822028496754867230 13822148987195879934 13810202659500887925 4592175452042670057 4594679405440346100 13818738782275447933 4606940472875632751 13830064416336490915 13822949955882855430 13820702715870385044 13824851439837627282
0 0 0 0 1 0 1 4607431110043599611 13830831201834869700 13826666399434366884 13820508927687530176 13828900157451227971 13831234298693249619 13819235675488097416 4599206334452863840 13819505849430442464 13829864214072535900 13822689261079274412 4605408550755420938 4577827166724474160 13819587875780131048 4606879955577679641 4602630385617341823 4599048451352171822 4607686479531395193 0 0 0 0 13828900157451227971 13831234298693249619 13819235675488097416 4599206334452863840 0 0 0 13819505849430442464 13829864214072535900 13822689261079274412 4605408550755420938
1 0 0 0 0 1 1 13830761664648471078 13822304316301326210 13827841895011704588 13830045239804463192 13822627713832342376 4605928063409135786 13805330694748903648 13816247775140828552 13826501648858172425 13828363620280360612 13831054983769227403 13824218015048290922 4593716397458458380 4571799502606371424 4603074987659440589 4593306143913430456 4596586800959554429 4611227747905056952 0 0 1 1 13822627713832342376 4605928063409135786 0 0 13828351340565221702 13822031077846209228 4603524563883298609 13822627713832342376 13826501648858172425 4605928063409135786 13831054983769227403
1 0 0 1 1 1 1 13805726011398945216 13826382846074475727 13823475065220046716 13830787252312278821 13830744846866873571 4605645588377461522 13811577144582002208 13817242069301414668 4590061148099367824 4595767463300232320 4606233771752004506 4604619559971927710 4593188713884529964 13796472848979595168 4603842026956049506 4598271051264930004 4600876823726903491 4593067535980380084 1 1 1 1 13822088519982597277 13827891504796749572 13821643088119705812 13824248860581679299 4603969255182379596 13822393700392009435 4604531558725056532 13830744846866873571 4590061148099367824 4605645588377461522 4606233771752004506
1 0 0 0 0 1 0 4605823979305803186 13825836467966545682 13829939797642436376 4602490101362282188 4597329343025150152 4602634378265838004 13825702120050721578 13822047505767001730 13827819075966765859 4604423558006288670 4607694929592045427 13831034652211404881 4589213033055916912 4591653298655525856 4605280246194164260 4597814071287734138 4595181696654474452 4608702136161920002 0 0 1 0 4597329343025150152 4602634378265838004 0 0 13824067800410086455 4594564985872438810 4606359016806427119 4597329343025150152 13827819075966765859 4602634378265838004 4607694929592045427
1 0 0 1 1 1 1 13818782882902547016 13827113176119830853 4572822339113623808 4607913782477367569 4604251298490994288 4607368483839415475 13823383108501173650 13818142938946768092 13828231250685222708 4607244674801620235 13816847530092366592 13820569698030573512 4592588528777369212 13817744787272934098 4589729925334169376 4600459868154098573 4599607464107252789 4610335488234910197 1 1 1 1 13824170282931769303 4603434293463121842 4589707924091934067 4595730508893070109 13827542698881042105 13823554673405872248 4604056203601735648 4604251298490994288 13828231250685222708 4607368483839415475 13816847530092366592
1 0 0 1 1 0 1 13819760624031956232 13828260895835475228 13824286447403526382 4605096355069889046 4604522840842074826 4599824961171410692 13821217525125982688 4596338164884687996 13829995970213080932 13826449062677349576 13823483954000086074 13827365054032264397 4595565189955206228 4591973861476353584 4604416522779654568 4594440523316023897 4601615227154447245 4610514068008176947 1 1 0 1 13825562437929765982 4595767500708916030 13817074022177371154 4595855534189436456 13813919422372709865 13826983269550750102 4605319352068587637 4604522840842074826 13829995970213080932 4599824961171410692 13823483954000086074
0 0 0 0 1 1 1 13825108639153535426 4602535591742886760 4606325115655904938 4607682684104877871 13826042843013696018 13826317542143295290 13817563595673219668 4602106832694353368 4592253129501657216 13828850975084487564 4607635803057944055 13826829857935442383 13818064356261044637 13818983111986118250 4598919248461380718 4579087058106393072 4584990399948574487 4603938890605307230 0 0 0 0 13826042843013696018 13826317542143295290 13817563595673219668 4602106832694353368 0 0 0 4592253129501657216 13828850975084487564 4607635803057944055 13826829857935442383
1 0 0 0 0 1 1 4603773180025342506 13829449108606587859 13826774897883340399 13827404904726975158 4590720092212837232 13823782999135931720 13825226509890819046 4594448592465080192 4589230499052163616 4607900635318932891 4602590016370135648 13830862585217703645 4595643823228303462 13815282089531379904 4599798040036838632 4597027352609260372 4589951405013388384 4602793438928081760 0 0 1 1 4590720092212837232 13823782999135931720 0 0 4598538322220775468 13814665846743017941 4606807817101343664 4590720092212837232 4589230499052163616 13823782999135931720 4602590016370135648
1 0 0 1 1 0 0 13827955224451270978 13822296202589102442 13827380431884433077 13822717459416731700 4606717958437638214 4606784221876415554 4578579965162618752 4590194246697277200 13829447809608744590 13830983322348399173 13825412052372038250 13831165891536807064 13815507138563753040 13819021780650205885 4603821700945107923 4601789619722952140 4596926614733716398 4611622661341227561 1 1 0 0 13826064376879766780 13825713733579087567 4586410091576621160 4586867236975717798 4599019017177675966 13823708117823233336 4606104734901058116 4606717958437638214 13829447809608744590 4606784221876415554 13825412052372038250
1 0 0 0 1 0 1 4597987413620604240 13829403543775458067 4603861401831162230 13823525293302345578 4608075671491213687 13829393642806455955 13823733108822495272 4600119801887439198 4607711971533429365 4605801814747121922 4606082972493957918 13828861077813671500 4578198033187713760 4593695100674894150 4603694010010940737 4595533435167120483 4599895513391851124 4603126159417746968 0 1 0 1 13829403543775458067 13823525293302345578 13818905472021896291 13820348802124839621 4602077330759841489 13827709865540183216 4603223773131307007 4608075671491213687 4607711971533429365 13829393642806455955 4606082972493957918
1 0 0 0 1 1 0 13812831271044358768 4607746287317019305 4601649271796428204 13822103924608254824 4607521007553834587 4601883795207025704 4594789855449017692 13814239211599087336 4599161434456988644 13830822758385205359 13818511544651164248 13830870832871654303 13817098808842762800 4587599739925132400 4600725541818164808 4601103362864808316 4595114168937147841 4588450355256321040 0 1 1 0 4607746287317019305 13822103924608254824 4601103362864808316 13818486205791923649 4599551974123541225 4606259341225113545 4599012770986453149 4607521007553834587 4599161434456988644 4601883795207025704 13818511544651164248
1 0 0 1 0 1 1 4607256179188806929 4607525709119071303 13826235682039378341 13830847403070705628 13825444387065300900 13829450515208536428 4593474812470161960 13805729952907055040 13824948566570623986 4602096409087460620 4599778220088622684 4605549623046459338 4591822816417460360 13818211209204899866 4599986167277859558 4598244294519871156 4590445663388242877 4611214051233781835 1 0 1 1 4607256179188806929 13826235682039378341 4598244294519871156 13813817700243018685 4600070093616707199 4604858944797967701 4603295994754420102 13825444387065300900 13824948566570623986 13829450515208536428 4599778220088622684
1 0 0 0 1 0 0 4602018391237910884 4605600008876491106 4602807857588214568 13822571796999447838 4607348728202448285 4599269395723638692 4592635917852812952 4601841166949495090 4603191056227612464 4602879323622739986 4585892431889257088 13831384407956731469 13817078833701443893 13818726118812526959 4604660201210598108 4599559980227889003 4595040996519156887 4611529242659091953 0 1 0 0 4605600008876491106 13822571796999447838 4591776739710094057 4595040996519156887 4594023420795003466 4605436503144484315 4603364628642447959 4607348728202448285 4603191056227612464 4599269395723638692 4585892431889257088
1 0 0 0 0 0 1 4605226944672247542 4598932365454863384 4603467980417921724 13830703254199135716 13813377387312809280 13825360093515049554 4600534057856193376 13821139011173486080 13827567348888973829 4595940244419975352 4597608637532512672 4595663365708747368 13817992837119762396 4571138636915376512 4577001051523153984 4598562269191901382 4600570022558881209 4606963658653667104 0 0 0 1 13813377387312809280 13825360093515049554 0 0 4601758617778078046 4589631881300649393 4606199819071015042 13813377387312809280 13827567348888973829 13825360093515049554 4597608637532512672
0 0 0 1 0 1 1 13824248430673242554 4602207729937139880 13819259995600174048 13817941144321398176 13818148063750277504 4606710726743781562 4600797248062835726 13822320645444196352 13818939399270943568 4598740934209131192 4599985993841480540 13824351002445917898 13818773654447057484 13817842054887864319 4601738786742302640 4601414208579612497 4594099166743356230 4603656162490462557 0 0 0 0 13818148063750277504 4606710726743781562 4600797248062835726 13822320645444196352 0 0 0 13818939399270943568 4598740934209131192 4599985993841480540 13824351002445917898
1 0 0 0 0 0 1 13822182424606295144 13824483364297904186 4599904682950613256 4607623242669649975 13829468086609148446 13826751780783019649 4582918440717782592 4598370066505981084 13827757118433667711 4604617710650430930 13827250444821250845 13819377011050155896 4594723169442098794 13819400415980926138 4595653891994988564 4587202745580185711 4587073739383670204 4590714917039199389 0 0 0 1 13829468086609148446 13826751780783019649 0 0 4600477226662034977 13828712175345887378 4602207310663307936 13829468086609148446 13827757118433667711 13826751780783019649 13827250444821250845
0 0 0 1 0 0 1 4607562635655465863 13822737346230134514 13830529210024934947 13822628586805624928 13818250863859214552 13821637247711383372 13812641592106561536 13825951178278272670 4606381285161034750 4599303407495345788 13830438320275015356 13827088419855464659 4590356616407398724 4589818603218055912 4600924331154963646 4597614021684557071 4596064323791249144 4611015216126749179 0 0 0 0 13818250863859214552 13821637247711383372 13812641592106561536 13825951178278272670 0 0 0 4606381285161034750 4599303407495345788 13830438320275015356 13827088419855464659
1 0 0 1 1 1 1 4603243792712360460 4596848715113843536 4603872024120547072 13823968229392907618 4605189890924369710 13823145881420884616 4599499439223693478 13809356418491123232 13815034762479200160 4607312854504847203 13819380019856523776 13822194386008687140 13803234741441427104 13817723916008546464 4603429533483808713 4601877726525264308 4598534488137860536 4605680933120748549 1 1 1 1 4600660366790816992 4593602493723795772 4599255852566224274 4588072755281625464 13821812569329916603 4600485428473596093 4606165026170694168 4605189890924369710 13815034762479200160 13823145881420884616 13819380019856523776
0 0 0 0 0 1 0 13818571809917179136 13830601521507986854 13830029830649539786 13824288490762616226 4605503714454603242 4601910281748828560 4581497891265247328 13816379204045824160 4597410993582398920 4596964863536386256 13826532329255538792 4603468615110745056 13809607778884869408 4595650608457013450 4572949477458356736 4578618645134136206 4592746798910802469 4609850491587249658 0 0 0 0 4605503714454603242 4601910281748828560 4581497891265247328 13816379204045824160 0 0 0 4597410993582398920 4596964863536386256 13826532329255538792 4603468615110745056
1 0 0 1 0 1 0 13829574487559065759 13826118875256419227 4607647688278661473 13830826970957762314 13828272442456111810 4603373738191176378 13823480643562934300 4600019004714807620 4597999011574390400 4596844024987210344 13803626871407920000 13830829085455316827 13792275265214454272 13814311384325450832 4596493720498370520 4597504121651906424 4601313409424256109 4611083426668564113 1 0 1 0 13829574487559065759 4607647688278661473 13820876158506682232 4599265935175404703 13829910574567568919 13822233941446118141 4597605824645380009 13828272442456111810 4597999011574390400 4603373738191176378 13803626871407920000
1 0 0 1 0 0 0 13827904784519816542 13819239138575693040 4605114239194123688 13823874566952027290 13827604205366816361 4604848189404704674 13817523864631887068 13822008251085863012 13827086907032824632 13828988729254723048 13831429793054779080 13821810209588216298 4585682268225453080 4594713688098829150 4604949880643915666 4599724772790598136 4597966597517841328 4591010168663467442 1 0 0 0 13827904784519816542 4605114239194123688 13820892453785568509 4597966597517841328 13826754792325505174 13826525181329410235 4603581833217197095 13827604205366816361 13827086907032824632 4604848189404704674 13831429793054779080
0 0 0 0 0 1 0 4605366408098988206 13828415430064203194 13822910525291264360 13830804095090989665 4607161722566702862 4607127006323148886 13819672522465033264 4599654643045151446 4586072773560604960 4607727943677053231 4581012897943101824 13817968795089824048 4591055082286373032 4583056402373468696 4603750412375360451 4594747972020254094 4598177883667826773 4611320121365494416 0 0 0 0 4607161722566702862 4607127006323148886 13819672522465033264 4599654643045151446 0 0 0 4586072773560604960 4607727943677053231 4581012897943101824 13817968795089824048
0 0 0 1 0 1 1 13822679933383436768 4599060560539589224 4602814669232668544 13830694349743728795 13822959737015226684 4593829149873119968 4590682296346328464 13819569716978802224 13822472834127930032 13823381439348907784 13828574135372194183 4569096627679859712 13805858575218950552 13819455102531772888 4582034920760437760 4590116597344931864 4596034141211400815 4606903640084650213 0 0 0 0 13822959737015226684 4593829149873119968 4590682296346328464 13819569716978802224 0 0 0 13822472834127930032 13823381439348907784 13828574135372194183 4569096627679859712
0 0 0 1 0 1 1 4605539026547458882 13809104435115746304 13828431323794803826 13812425084506125856 4604667245098706542 13824653346543892082 13825437683158703042 4594433904091682252 13826192072612367161 13831228030449182097 13819158880357762536 4598865472457191248 13817655523063363701 13808563160921753748 4606198941961076757 4594842037218269794 4599293205582960950 4608087103067450142 0 0 0 0 4604667245098706542 13824653346543892082 13825437683158703042 4594433904091682252 0 0 0 13826192072612367161 13831228030449182097 13819158880357762536 4598865472457191248
1 0 0 1 1 0 1 4607078278527586558 4596654682006102160 13829743522843541308 4603213452052667580 13816306187850983968 4581708930000585664 13813055180808933208 13814433309440101448 13831336218552658020 13830875521814541897 4593474120378745200 4595575799158461872 13814463796131503984 13812112345402315028 4606733825368557655 4600811941996620065 4598472288727417741 4602949832737660730 1 1 0 1 4603562581750877329 13818856125017507072 4580571322983026740 13815121993232660250 4592988188780793408 4603851704950343091 4605090750756125909 13816306187850983968 13831336218552658020 4581708930000585664 4593474120378745200
1 0 0 1 0 0 1 4603228830808905422 4602825448155902788 13828471441262036728 13817536941240571808 13819586260693394272 4594503718803230424 4597619330172732872 4590588482891121144 4605923212447197418 4602930449545935248 13831285412474713733 4599511093830649028 13818377121226407178 4594969195103081370 4576320481282383872 4602293541241392143 4593782191273988658 4611507552875463913 1 0 0 1 4603228830808905422 13828471441262036728 13813333374564763639 4591885858664031530 4605394244617167926 4600800154073499933 4601749073879183780 13819586260693394272 4605923212447197418 4594503718803230424 13831285412474713733
1 0 0 0 0 1 1 4605141709543254164 4602581449338564264 13828002519693440827 13817678001152182480 13821674020422061500 13826758166868663552 13809418503746673904 13813404633689862120 4599247653851535464 4604681552770661744 13826536356423341292 13820280245026254104 4594142106361361230 4584810255751083532 4606384355634701603 4590645076955319990 4601248019385986805 4609597928649846649 0 0 1 1 13821674020422061500 13826758166868663552 0 0 4603340975841507164 13822723693091465318 4604985424913463480 13821674020422061500 4599247653851535464 13826758166868663552 13826536356423341292
1 0 0 1 0 1 0 4602888786760778900 4600059257501623312 4601552403631357808 13830427590737524413 4602359508820368552 4592559757259146752 13803785156388308736 13825802530340897760 4603143879128728850 4584746523950773408 4596929894511993688 13817793095809424472 4590272683350923312 13819255394404012906 4586028357266427072 4596270000135170051 4601473002021202082 4610279681996004799 1 0 1 0 4602888786760778900 4601552403631357808 13799552649920131557 4586401795032860262 13826809009376342910 4599971699914830725 4604772252366112597 4602359508820368552 4603143879128728850 4592559757259146752 4596929894511993688
1 0 0 0 0 1 0 13829474696286269750 4600305662573790640 4605432935526308170 4607897469885055561 13824258121640584602 13826225321175967788 13824795364906263214 13822046394716770988 13831249754928447066 4605877537502060706 4607734466561905419 4605255368261588960 13804825003896562856 4596336567685989502 4605369768811023518 4589696326209717099 4584850285227670411 4594209194210132828 0 0 1 0 13824258121640584602 13826225321175967788 0 0 4604103157028532933 13822079201619389818 4604472045542031208 13824258121640584602 13831249754928447066 13826225321175967788 4607734466561905419
1 0 0 1 1 0 0 4606751953007286642 4605064589703692936 4600497026271232216 13823512309327343066 13824529643096674098 13827346818311476262 4590252420214163712 4600805814685197432 13830314702016989119 13825723244193255886 4607412210757953323 13829051543109923506 4593982932582451402 13816946050647148615 4597554256317141228 4598095787764347162 4602442496176704278 4610009228607181069 1 1 0 0 4605908271355489789 4576861682559692768 4598095787764347162 13818059473535390526 13817337318008128819 4604094363367799672 4604857660554089842 13824529643096674098 13830314702016989119 13827346818311476262 4607412210757953323
1 0 0 0 0 0 1 13828074855633842426 4589993663295615584 13827713929346970245 13829421518425327982 13829767517284320132 13830590234278463769 4601604148857472940 13821598817472517648 4602951445948118126 4601800609243275280 13825895645895467706 4602867234944585070 4594935075705763110 13817189719367376764 4603299931525467482 4594951268853320781 4600423338344636200 4600300431076744537 0 0 0 1 13829767517284320132 13830590234278463769 0 0 4605111045986664143 13826595649750386186 4599162585067989240 13829767517284320132 4602951445948118126 13830590234278463769 13825895645895467706
1 0 0 0 1 1 1 4604189112334317326 4589337503078518752 4601448281424622728 13818451083196766792 4597898250504888504 13826162732455495262 13823978059298251712 4601536971425993008 4599510506080592352 13829362182139916856 13828454478537065796 4607214270212495605 4595781767981403188 4595036999187520182 4604346806282300760 4587004196407844874 4583009249261464091 4608251659685129035 0 1 1 1 4589337503078518752 13818451083196766792 13810376233262620682 4583009249261464091 4599457238381913109 13816118665840575418 4606645203930396494 4597898250504888504 4599510506080592352 13826162732455495262 13828454478537065796
1 0 0 0 0 0 0 13823622771575905030 4602684958301433956 13827382166738499782 13823329504449076442 13821907095948448956 13827450950540989929 13816171627659419104 13818134398662407692 13830753813636527592 4605793914109633182 4599256264937736000 4605366840697702676 4574576651032228864 13818884978261285141 4603004211825763904 4599087500536962674 4594283300223137748 4605910403326163226 0 0 0 0 13821907095948448956 13827450950540989929 0 0 4601979662812222484 13821277899399595312 4605862994013700856 13821907095948448956 13830753813636527592 13827450950540989929 4599256264937736000
1 0 0 0 0 1 1 4607927067118858131 13830877948084725048 13830099939159164614 13822250122443224812 4599205697619318724 13830431312159677248 4602034182489470208 13824204122771125412 13823025026653729586 13817554247808337120 4603914252805701260 4595859425978010328 4593063886146608540 13800998354444089808 4603827898588594428 4589447178786412839 4595058317124710683 4595681224102651402 0 0 1 1 4599205697619318724 13830431312159677248 0 0 4605631000734200598 4592325362076231627 4603137470411858069 4599205697619318724 13823025026653729586 13830431312159677248 4603914252805701260
0 0 0 1 1 0 1 4590051929024627392 13821553552591314498 4597935072630288992 13826682209013164647 4596374768506932456 4596400370064673336 4599508443359769170 4600311467639278024 13826519422443229877 4599026521143143164 4606610414698888186 4608009398653456615 13813191286221419006 13817765083900161452 4606809879011462013 4589774140902064196 4579863924326194308 4609516788810021266 0 0 0 0 4596374768506932456 4596400370064673336 4599508443359769170 4600311467639278024 0 0 0 13826519422443229877 4599026521143143164 4606610414698888186 4608009398653456615
1 0 0 1 0 0 0 13823169683728166024 13811243086980715104 13824195344688171680 13827530145119207913 4606153955736408454 13831150758672255420 13817215473456070332 4598639239283482746 4606420492388902878 4607235224741749747 4603420209354875406 4587858258803750080 4594125555058466966 4596059664022138198 4606235651255214605 4594662085018363328 4592426681774688054 4602138081504066770 1 0 0 0 13823169683728166024 13824195344688171680 13818034121873139136 4592426681774688054 4603173593240209252 13823932835401188608 4604829594292504075 4606153955736408454 4606420492388902878 13831150758672255420 4603420209354875406
1 0 0 0 1 0 1 4601713997777260992 4605145191878862146 13826195974186195370 4585904204374858400 13830858270614778097 13825042748354869208 4583117187350963712 13804311317075753952 13822090591656305830 13830398605651052229 4605460211855509838 4601211999000562532 4592416331717160124 4586900837327712472 4594116613309077500 4601743729470904249 4599245550760588564 4594261223445423824 0 1 0 1 4605145191878862146 4585904204374858400 4601743729470904249 13822617587615364372 4574623022225291388 4603741866974854633 4605256052468174688 13830858270614778097 13822090591656305830 13825042748354869208 4605460211855509838
1 0 0 1 0 1 1 4607950683606239609 13830915921599169516 4587331990830154688 4597696149253908352 4604087490757369748 4594378751867334792 13825541011070026424 13803696487382630400 4607890067450379159 4600112646077452436 13825615489178331516 13824577495740078416 4595581961400116466 13809564188323427912 4589821340094678352 4597347630973889923 4583233835660053064 4604562535663068312 1 0 1 1 4607950683606239609 4587331990830154688 13806219719288733172 4583233835660053064 13814628477974673721 4605686501076309944 4603077393344935886 4604087490757369748 4607890067450379159 4594378751867334792 13825615489178331516
1 0 0 1 0 1 0 4604665080357850222 4606130746945381402 4590047030625987040 13830667910028060798 13829267197667550172 4606294833909336358 13822769501650037036 13824135112517880838 4600820757395194696 4594887936058757136 4606170441471541302 4590949653411084992 13819362237065396418 13817355627658307472 4603027867784166697 4598753128543734046 4590739968550121472 4607635019486241907 1 0 1 0 4604665080357850222 4590047030625987040 13815488197064124806 13814112005404897280 13819992734532810275 4605131947427470521 4603584671973441034 13829267197667550172 4600820757395194696 4606294833909336358 4606170441471541302
0 0 0 0 0 1 1 13829408238129730507 4594518754288103368 13826289477970832522 4603966610065054118 13823237162993356938 13814210659409589232 13823151547818538734 13823790296777408966 4598852348501337956 4608018869157144221 13823546830903464108 4578321576207898880 13812971498209518416 4582988748772197744 4596040269224895504 4602617265889272484 4600082946598061624 4609924116789211662 0 0 0 0 13823237162993356938 13814210659409589232 13823151547818538734 13823790296777408966 0 0 0 4598852348501337956 4608018869157144221 13823546830903464108 4578321576207898880
1 0 0 0 0 1 0 13831029778605452856 13826450214407331374 13823407679813629802 4603466863279578432 4603624404401862220 4600579240078456480 4600357627445619748 13825874481116644488 13831404050575671641 4603838099451347946 13810380475777633728 13830932526313637173 4591370205111992120 13818020424707248266 4601441854894856752 4600486737765395293 4597161549136722915 4611078941516573702 0 0 1 0 4603624404401862220 4600579240078456480 0 0 13826143840182753193 4601260436026517707 4604928257636434772 4603624404401862220 13831404050575671641 4600579240078456480 13810380475777633728
1 0 0 1 1 0 1 4601203357910456836 13822797380968734660 13821606229863717316 4598761670264254444 13831135831934953896 4599129640662180172 13815516845117383808 13814499069061257416 13819900886361642476 13826909390398427621 4593977160080242544 13826803338547112592 4595910144389691280 4586061346848478648 4605555436547477514 4597072872435930739 4601693991544786976 4594991741958752036 1 1 0 1 4587272876221786368 4579593257866060416 4588327493544314170 13817580037453415780 4583237580865641476 13817486764426633378 4607093972472074022 13831135831934953896 13819900886361642476 4599129640662180172 4593977160080242544
1 0 0 1 1 0 1 4600285968009420988 4604603484715911776 13825866940411840956 4603312027604394464 4599134765243614608 4605855792109119074 4602584225065798006 4592883282066460880 4603745872946859236 13829555614805410692 13826352211818147007 13816710666350994320 13814285237822389725 4586703016575963928 4606204825765507680 4602286438921944063 4597560727813798739 4607947873737537977 1 1 0 1 4603042939153472863 4585962150952101904 4601551689423939247 4593790193731049309 4572576921038780185 4603460891159778655 4605468310107399212 4599134765243614608 4603745872946859236 4605855792109119074 13826352211818147007
1 0 0 0 0 1 1 4601498820922287020 13829909913915425842 4605527057776378518 4602806070082594260 13810278646800350656 4604079271293641918 13819813859822239508 13825920999685318014 4608058165620658177 13825346563316501460 4608016356187889587 4604093418278947922 13817304247797354341 4594947461175135728 4606678371592134708 4600845414296072554 4595052894336538222 4604580202805424429 0 0 1 1 13810278646800350656 4604079271293641918 0 0 13825602171280375288 4590074267435442376 4606072073831142490 13810278646800350656 4608058165620658177 4604079271293641918 4608016356187889587
1 0 0 0 0 0 1 13821909047949389556 13817800683923838848 13830663487659959464 13828134749790981626 13822419295461639660 13821766637663302692 4599366409385239572 13824812706330126628 4607981231685301517 13830588218245876523 13831155806547728508 13825775642164196714 4594597261349132372 13818599599756903135 4603022112755345888 4597052149729431099 4600458636500177462 4608574236376744187 0 0 0 1 13822419295461639660 13821766637663302692 0 0 4591427290968176244 13824830168685870150 4606253435003556036 13822419295461639660 4607981231685301517 13821766637663302692 13831155806547728508
1 0 0 0 0 1 1 4607390619364305679 13827994416513793514 13829541599547032580 4603556291363713448 4607530303687736245 4606114039394546458 4584089216627022496 13815316040315325008 4607463902605690337 4589069756327891200 4587696622355073248 4593560405487899168 4595520779386811782 4596183884228522032 4605737546338640720 4593956953466602382 4586765049612457694 4606455371376563175 0 0 1 1 4607530303687736245 4606114039394546458 0 0 13827257416623717311 4603635781162078172 4602321700949616814 4607530303687736245 4607463902605690337 4606114039394546458 4587696622355073248
0 0 0 0 1 1 1 13824231336105392336 4592013026744193888 4607440386276619367 13830739309682077415 4599717290648917456 13823086528076534552 4594359381808769904 13814985038332211480 4603584149686605842 4607487263477863571 4590248894193838752 13823784663412526498 13818504124612436168 4593694073857406138 4598027661612941116 4602530336827497188 4600456682483798115 4606734000164074832 0 0 0 0 4599717290648917456 13823086528076534552 4594359381808769904 13814985038332211480 0 0 0 4603584149686605842 4607487263477863571 4590248894193838752 13823784663412526498
1 0 0 1 0 0 1 13813486166243637392 4605514153234356526 13830039518323934134 4607414383472562581 4599779557351813720 4605763939967411330 13800863257119273664 4600808788923112996 13826081532561361325 13822444426410029370 13828876522381767336 13827451055207259182 13805049445859432080 13806749980680129192 4595571929426913188 4598966183817612816 4597990375386735683 4604584024727694669 1 0 0 1 13813486166243637392 13830039518323934134 4598003062593188668 13794848000627724096 4605319718066344368 13808334764363714270 4603652053282950385 4599779557351813720 13826081532561361325 4605763939967411330 13828876522381767336
1 0 0 0 0 1 0 4589543394838246032 13826515388353199145 13817911469499081984 13821637440541032166 4601120830296673420 13828120716478688086 13822229808866553992 13822821079255701414 13825335738941517018 4597090963670769856 4604716882114140734 13822152112648206028 4594765565590007146 13811204287279207176 4604435553253708975 4599637354787980516 4600473316589136535 4611583645081680616 0 0 1 0 4601120830296673420 13828120716478688086 0 0 4603814823518944285 4596339866324994300 4604965638859532517 4601120830296673420 13825335738941517018 13828120716478688086 4604716882114140734
1 0 0 1 1 0 1 13829305376814096240 13828534147935023186 13813853333246417760 4598395890092180896 4601323152132762484 13827108403373231417 13822361042040422572 13824040745986767636 13823298177724963956 4604289690536614240 13827463831951004078 4604799168384945410 4595729527731324764 4595629706472426038 4601982696601819938 4577163015107088383 4596169150167718793 4606070586131402652 1 1 0 1 13828919762374559713 4591204523147476368 13800535051961864191 4587440040793323192 4591039345117828774 13829099891014112432 4603017982608388170 4601323152132762484 13823298177724963956 13827108403373231417 13827463831951004078
1 0 0 1 0 0 0 13829973049319956612 4607343477272355629 4604820263538572396 4604714789224158486 4607669398527378215 13829922489729121356 4598636229809890612 13822947568467805074 13829928761807173876 13821985087359865044 4607400698903978381 13808604887033317408 13816054758919604679 13818619080787761330 4602838994547050192 4597116260851223213 4595701518030343925 4601226029851724658 1 0 0 0 13829973049319956612 4604820263538572396 4594207349080599633 13819073554885119733 13828638942454871395 13825195562080505398 4601214626553872523 4607669398527378215 13829928761807173876 13829922489729121356 4607400698903978381
1 0 0 1 1 0 1 4607756663883367983 13827556592110763136 4606723104369124006 13812078285890730560 13821041161578087596 13816683382110357584 4599929957202576062 13815721641007913352 4599235099111909408 4607107408929175418 13809499971764128992 4606488768708954218 4593532134086797404 4574227982553075808 4598452336785581794 4595023938314271525 4599134841045215096 4611062747516559550 1 1 0 1 4597460727711997884 4601685415491743490 4590189411615660915 4589538301651082341 13824688690826379454 4591639307326111491 4606284341611330630 13821041161578087596 4599235099111909408 13816683382110357584 13809499971764128992
1 0 0 1 0 1 0 4590941432806041872 13827670249086462833 13827077600644279934 13829714739495623587 4606403279592748514 13818681551739239384 13825956511050608862 4601590226518872720 13830291685117745138 4597032508017343560 13809209949048103552 13827625742614849313 13817769387620791938 4587629269731294344 4602606167652525324 4602214968861488682 4581695314536336216 4607876131776505199 1 0 1 0 4590941432806041872 13827077600644279934 13802800866049625776 4581695314536336216 4603738964126352858 4595689602158904825 4605068418749712186 4606403279592748514 13830291685117745138 13818681551739239384 13809209949048103552
1 0 0 1 0 1 0 13827508274229621828 13831425066138586491 13826408147051735892 13826855245004790321 13829252271899710306 4602974912023566798 13823671141745078132 13815220606716060208 4600398648752932000 4605084526010689000 13830682602187090762 13830113181682245856 13818095540259600949 13804374733565870320 4603265549533125175 4580873241536773562 4593751596865485794 4604411808293492618 1 0 1 0 13827508274229621828 13826408147051735892 13804245278391549370 4591664528065851272 4602640142672397498 13824637938483998627 4605001840937842273 13829252271899710306 4600398648752932000 4602974912023566798 13830682602187090762
0 0 0 0 0 0 1 13827279390149988312 13826865209895098227 13828797768597810170 4596810635396391760 13826311676450012340 13816224362670428000 4579297937618984576 4593749832348267832 4603401213758727006 4603667973474361494 4599441652073208152 4598969449246874296 13816589460139343770 13818733391597691703 4606944331631539726 4598909550521061329 4598189999380874072 4606525329802397836 0 0 0 0 13826311676450012340 13816224362670428000 4579297937618984576 4593749832348267832 0 0 0 4603401213758727006 4603667973474361494 4599441652073208152 4598969449246874296
1 0 0 0 1 1 0 13829459337534610596 4606481472928623638 4608001326834831177 13819313409546316672 4605486420485118926 13823109019785738612 4589715847788605736 13814895627218093720 13815122957392511456 4599561725210830148 4605735130967452918 13813937785435162016 13819034841384120082 4594720620586929070 4598650368843098630 4598862161798179501 4599191265708512241 4606730117781162277 0 1 1 0 4606481472928623638 13819313409546316672 4598862161798179501 13822563302563288049 4599715076748147152 4605746692623803218 4601332322554349450 4605486420485118926 13815122957392511456 13823109019785738612 4605735130967452918
1 0 0 0 1 0 0 13828109661189551520 4607975187200163851 4598622605806327124 4606737512245666522 13826165490628931757 13827114313576002386 13820980400920033272 4602208821298242806 4587905269215335552 4605982904443888546 13831237140962665629 4605215399263163554 4594369094218884566 13818465943587480456 4602806359527782851 4597235404586581295 4602639268488765679 4610545427046710680 0 1 0 0 4607975187200163851 4606737512245666522 4585295283195079126 4602639268488765679 13829635242224836349 4600475276751164567 4597308474466082111 13826165490628931757 4587905269215335552 13827114313576002386 13831237140962665629
1 0 0 0 1 1 1 13828665646555354255 4601901937873786272 13813035683169794816 13825522017691395152 4581542268353592320 13826904786345939597 4588400397018001776 13817437304350895836 4606881968156507606 4573625882033185024 4605327863613722416 4606805709843682750 13818960813397201522 13817326712783860774 4607009061159920927 4593458098095463672 4593900375734831681 4589149796500805340 0 1 1 1 4601901937873786272 13825522017691395152 13805536454003508178 13817272412589607489 4599641594158372470 4603216753540233923 4605016449353164464 4581542268353592320 4606881968156507606 13826904786345939597 4605327863613722416
1 0 0 0 1 1 1 4604121812035792930 4607169331698990994 4606641682942029802 13824458693960467860 13817870151340619008 4607891537795806675 4600886486612546664 13808909069110771680 13825399578132956018 13818805718918876088 13826943797866074938 4604548136071361430 13819589771951185959 4594059806680834930 4605651367770280463 4590557745502140780 4602376616284479114 4611163743376020663 0 1 1 1 4607169331698990994 13824458693960467860 4590557745502140780 13805515787070518500 4602863122020034376 4605327397209934476 4599328319823303497 13817870151340619008 13825399578132956018 4607891537795806675 13826943797866074938
1 0 0 1 0 1 1 4604917109579206984 13825822146565153702 4605391529916838922 13823172533755575584 4607851439324899531 13817302329343479656 13814001173436648080 4584928445672862800 13807573379703525888 13826863549212333998 13827583116491833620 4606414317785990954 4587122026590941516 4591238180774164216 4604336454351207825 4602566958360910173 4591985385815104868 4599433456305972287 1 0 1 1 4604917109579206984 4605391529916838922 4599575458067612502 4591985385815104868 13827418057854418882 4602475053630313030 4603399032081712473 4607851439324899531 13807573379703525888 13817302329343479656 13827583116491833620
0 0 0 1 0 0 1 4606932718386175622 4599231839049669016 4603166221825290726 4606656530127798050 13829731035947679638 13828334869149195170 13822751985621696308 13819508581970180520 4607290370346052521 13823509200721796274 13831216116847121116 13821086923781228676 13818372749752681242 4584741958123243628 4596432357218607312 4595076780648632739 4596948858593504043 4609221233743486875 0 0 0 0 13829731035947679638 13828334869149195170 13822751985621696308 13819508581970180520 0 0 0 4607290370346052521 13823509200721796274 13831216116847121116 13821086923781228676
1 0 0 0 1 0 0 4593454101183030000 4606701719214580810 13829240420974830506 4606524344733707182 13827637549416330965 4598451460241529196 4597113001015102172 4579599028408015744 4607772110386622505 13814971729983750224 4599686597270415164 4586771990003363168 4579859411726653600 13818563690183199714 4600223940179182134 4594691014818253131 4602069571547297947 4590867032928915647 0 1 0 0 4606701719214580810 4606524344733707182 13818063051673028939 4602069571547297947 13829550411676471230 4600304866663629823 4598602807782394199 13827637549416330965 4607772110386622505 4598451460241529196 4599686597270415164
1 0 0 0 0 0 1 4600929139716782456 4605690273261466442 13829379923080513582 13831444997885259093 13831432795321811531 13826599721429263613 4590616587691811248 13821990759441542562 13826713081970611029 4599453407896060036 13828935752151954504 13815946405425243856 13813609164996748394 4588858667130406712 4601586095655781686 4600400415645626624 4599017776480979906 4602885752970041833 0 0 0 1 13831432795321811531 13826599721429263613 0 0 4603418169376907739 13828132223916998502 4600083895107997542 13831432795321811531 13826713081970611029 13826599721429263613 13828935752151954504
1 0 0 1 0 0 0 4595965124391659040 4590760858739128608 4606056904485619018 13831162930433256123 4602069839073595196 13830422237953189747 13819348280597970668 4598982031139381944 13823713023757652124 4607583204086260639 13826579983235815409 13824264615827985530 4591725418743281344 13814187935713070964 4600653213641739864 4601452610390113242 4602104786734058382 4609140503385331472 1 0 0 0 4595965124391659040 4606056904485619018 4586796701308904786 4601242282472852583 13828928004316926850 4587640009721952397 4603316784458874122 4602069839073595196 13823713023757652124 13830422237953189747 13826579983235815409
0 0 0 0 0 1 0 4599190607402903376 13828922918463759300 4606173500469112646 13829321109472853092 13817552286492059088 13830778738872952939 13824099354943264840 13824777090938729594 4605940365297333982 13830370184547610320 4607463387382860237 13822802552516820420 4584887675970270408 4589191100897517952 4602708494218534188 4591408775755980049 4593637235694342051 4600041891031498557 0 0 0 0 13817552286492059088 13830778738872952939 13824099354943264840 13824777090938729594 0 0 0 4605940365297333982 13830370184547610320 4607463387382860237 13822802552516820420
0 0 0 0 1 1 0 13826456754411157080 13827537768420652385 13825937024554535984 4601631040202492104 13829956006474370620 4605909647248301050 13822419086791182644 4600902347725015814 13830453956716657893 4599198000087062152 13825367178993341398 13823601943063220418 13808982000558673000 13809849047109584608 4606187071731661924 4590340332867376011 4590436569722288141 4610291459509979362 0 0 0 0 13829956006474370620 4605909647248301050 13822419086791182644 4600902347725015814 0 0 0 13830453956716657893 4599198000087062152 13825367178993341398 13823601943063220418
1 0 0 1 0 1 1 4604626586618064286 4604805566265928022 13831247309648112748 13828404104224041780 13828394232735453136 4595441788715418352 4597928194112727984 4600791464012148634 4600185503588265720 4601645321724919264 4598673227278920044 4602082648183104472 4592812043385065864 13808612137515619060 4607022147960455285 4596964802832724181 4594847061824486809 4611361051455549888 1 0 1 1 4604626586618064286 13831247309648112748 4596964802832724181 4594847061824486809 4606277101284787791 4598098109156568234 4600153901999511479 13828394232735453136 4600185503588265720 4595441788715418352 4598673227278920044
1 0 0 1 0 0 1 4604541524432668494 13819309396734406432 13830979102331056537 4607972446520505001 4603626628184481946 4603270125372985392 13807436191239318656 4595818408512051884 4603998734921010244 4607745811530882619 4604987140771387324 4604987454981780868 4590567450247102440 4586443133498628744 4593712856297261632 4601448610967492270 4601872281913624060 4609492069216982187 1 0 0 1 4604541524432668494 13830979102331056537 4579065544245960830 13825244318768399868 4606351480624128716 4598010131925753233 4599800880737759593 4603626628184481946 4603998734921010244 4603270125372985392 4604987140771387324
1 0 0 0 0 1 1 4604931985176790844 4603144659786836178 13830616810758229859 13831208838845338933 4601856009156511136 4588649106848025952 13813932703887065312 13820712057606274348 4596324622110483008 4595906385419375808 4603280111360358302 4598608901874396336 4595811027991666974 4581326238614330416 4590111576265126544 4601083397855637085 4596742825819330044 4598939681696230702 0 0 1 1 4601856009156511136 4588649106848025952 0 0 13809185184953291103 4598471964006675174 4606849550214969616 4601856009156511136 4596324622110483008 4588649106848025952 4603280111360358302
1 0 0 0 1 1 0 4604711799133317308 13826110036500918701 4603559275341552680 13824089354760443714 13827981446630594806 4607654118098961293 13813109083637402824 13821556595073604024 4607975674932713045 4606927009169485934 13830258615073707259 13830596482366921101 13815008570654155706 13815937091607670080 4603306223156164480 4594537873180237396 4602026002329727989 4609492536011166852 0 1 1 0 13826110036500918701 13824089354760443714 13817909910035013204 13812292847814229438 4598675470847345743 13823938816546580176 4606111478128935085 13827981446630594806 4607975674932713045 4607654118098961293 13830258615073707259
1 0 0 0 0 0 1 4602863199948359190 13828427064865202052 4599441664106902040 4600157841012501884 13827993624992680706 13829748150441526648 4596824560589513772 4602598086640405662 4598599183594161484 13818742729747063664 4606966359574992190 13828875710559458419 4588167860018869936 4593979591228476874 4606423437817416268 4598104006995850756 4594669829103494134 4603869826617947742 0 0 0 1 13827993624992680706 13829748150441526648 0 0 4605961378696311376 13823356380877660583 4600165537897974952 13827993624992680706 4598599183594161484 13829748150441526648 4606966359574992190
1 0 0 1 0 1 1 13829456252030191447 13825159022718148942 13826866110138477434 4598785715621312908 4603268378227425602 4604569608053060182 4601207350933276974 4593353562805346760 13830734928690089398 4594819901905768656 4599623033113767992 4606430701761828546 4596222174129579232 4580168922063666816 4597790761775664828 4600676147944001821 4599340032146897303 4610014414681748007 1 0 1 1 13829456252030191447 13826866110138477434 4594137919814791784 13819247470508887986 4603306796507857652 13828054401630841486 4600729556510743455 4603268378227425602 13830734928690089398 4604569608053060182 4599623033113767992
1 0 0 1 1 0 1 4601506660225703960 4607649283707052181 4595966791494787048 4603082735556091552 4589975864087801280 13821719011053969608 4596013988458979876 13817462946316303260 4597953274376371032 13829368882388585056 13829762064890467291 4601563163229799848 4594062291096654244 13818692663150237343 4595759072594255780 4598447980036661134 4598913591068746299 4607927508073410187 1 1 0 1 4605104444156631195 4600278828729783962 4597056650695333668 4598913591068746299 13826159185217669135 4602754951741575462 4604411067844106599 4589975864087801280 4597953274376371032 13821719011053969608 13829762064890467291
1 0 0 0 1 0 0 4606753796616048258 13830731318352690580 13826697104352465057 4592584651035720144 13826905919443308698 13827671905430386118 4601358704766693378 13816844345746161392 4601595458032561124 13826244681831755095 4606696653850800226 13824280139634544280 13808799085578769528 4587781928391047376 4592402094580165376 4596744768577349786 4601218332757651266 4599836898740898630 0 1 0 0 13830731318352690580 4592584651035720144 13820116805432125594 13824590369612427074 13811747756035647299 13829127463800569339 4603013244209364291 13826905919443308698 4601595458032561124 13827671905430386118 4606696653850800226
1 0 0 1 0 1 1 13830540627346824650 13830966542385198813 13828912961290386086 13827906408482438296 13825714936525517614 13822025414336172896 4592521448723131736 13813055685079701336 4608019436363427391 4607307605823218683 13822208232262976274 13825427738538921896 13813841102609913533 13811663600807672232 4601216497619705594 4601317981450608803 4598303210331452805 4610960017754860311 1 0 1 1 13830540627346824650 13828912961290386086 13822439391281606402 13816186078813224786 4604389209695253754 13826726647721203060 4601593708120641028 13825714936525517614 4608019436363427391 13822025414336172896 13822208232262976274
1 0 0 0 1 1 0 13827578844014012623 4598247470626368024 13822374355554565962 4604124476665962106 13827548207907234093 4600791752161374072 4598957756530393786 4599082477462616122 4604329468257053084 13831442660582501567 13818245161092223896 4599842996090075120 4567030532189204480 4594265369971152830 4607007365244521711 4602228949761085950 4599044361810170699 4597586353484041648 0 1 1 0 4598247470626368024 4604124476665962106 4598533430928495636 4599044361810170699 13825979334174455027 4596965160130216154 4605749408868398407 13827548207907234093 4604329468257053084 4600791752161374072 13818245161092223896
1 0 0 1 1 1 0 4604495980972635508 13830797774745033193 4606751336332714614 4604792936032019926 13828322366825192470 13826244191860439124 4601889877955581706 13809992081507154352 4597820826776617088 13827860438824924975 13827386629977974916 4606694644733958014 13818947085414601176 4586816814860332748 4606854287155238605 4599129733228914807 4598725571912149417 4606243318798636155 1 1 1 0 13818886209161034940 4605772136182367270 4599129733228914807 13801934682140715060 13827991293240561954 4563087066977739829 4604468383657701937 13828322366825192470 4597820826776617088 13826244191860439124 13827386629977974916
1 0 0 0 1 0 0 13813117729947659248 4604552973824460126 4595395499550126936 4599383789378377200 4602814261315114628 13829195104738807732 13809015325197208672 4601935948182652382 4604821741564045302 4587457253614084992 4598502701374646348 4603149012227848396 4570071886737992192 13811979847552055188 4607022763431276392 4600496055493219637 4598697499824290884 4609506394478509663 0 1 0 0 4604552973824460126 4599383789378377200 13808943286139657546 4598697499824290884 13823653599532992227 4603602738347983719 4604558701529054554 4602814261315114628 4604821741564045302 13829195104738807732 4598502701374646348
1 0 0 0 0 1 0 13829166248941372620 4604390986588419724 4602590112581089680 4599023787021963836 4605402925768301174 4605027735615109950 13819905723057969536 4602285526400846526 13829573536721316852 13827770024483428857 4604927001674446180 13827547992346520925 13815621773560320154 4581939743989505640 4603796575635830185 4597975588846338784 4598206755752249998 4608822353745629981 0 0 1 0 4605402925768301174 4605027735615109950 0 0 13827613949092023653 4603422097559906212 4601867996994488387 4605402925768301174 13829573536721316852 4605027735615109950 4604927001674446180
1 0 0 1 0 1 0 13825872110896705962 13824516252814769192 13815082219644812624 4600486529797305656 4599645874991585016 4594762020634190208 4599511748783699518 13822154303840343846 4606197363450347398 4576264310800058240 4606072731410781866 13818638510122975248 13817452572691790704 4588209849791581448 4592944990557092072 4602614770408529186 4600205257978985326 4600299409403257827 1 0 1 0 13825872110896705962 13815082219644812624 13825986807263304994 13823577294833761134 4594681410403442776 13823210300163894279 4606525244924126547 4599645874991585016 4606197363450347398 4594762020634190208 4606072731410781866
1 0 0 1 0 1 0 4605175867691495168 4602144358955906176 13831273126434951826 13825626797824470930 13825991410787863178 4604073943598033876 4586558383769139792 13819069923462075428 13814846266549593328 4605452702429740458 4607199835205103759 13828359129294951828 4591930676003280632 13812178314125288416 4603087432213679903 4593829913035191008 4600033673738871012 4607303984014616102 1 0 1 0 4605175867691495168 13831273126434951826 4593829913035191008 13823405710593646820 4606200814034041553 4598790821647259868 4600049053549094635 13825991410787863178 13814846266549593328 4604073943598033876 4607199835205103759
1 0 0 1 0 0 0 4607123561170964126 4603458238676438832 13828768066941317935 13818422270989828496 4599171619985654160 13831343668816610758 4579047749122145536 13824479596148787964 4607891217088204405 4602344548197885680 4605971254150273022 4603185594495744618 13797993084918916256 13812999728218797504 4605505039285190093 4599937262486073151 4601746636695681859 4606007358455140196 1 0 0 0 4607123561170964126 13828768066941317935 13797411218893483136 13825118673550457667 4604200562132289226 4603810356189201269 4600902144139020684 4599171619985654160 4607891217088204405 13831343668816610758 4605971254150273022
0 0 0 1 0 0 0 4606241589893060826 13831364541224020417 4606453674894547026 4597602859752662520 13828043643867620950 4607423730438256915 13822687941615666246 4595280174774288636 13830507034054501596 4606505413934385826 4603322875340964794 13824065395007677002 4591576638635209376 13819159445361524181 4605582981815922372 4599156017795536956 4601017762456989401 4604637310082217005 0 0 0 0 13828043643867620950 4607423730438256915 13822687941615666246 4595280174774288636 0 0 0 13830507034054501596 4606505413934385826 4603322875340964794 13824065395007677002
0 0 0 0 1 0 0 13830045311990577026 4602981745577682168 4608042572624216693 13820543515784505300 13831260351317128588 4607252016570471657 4602544690651529744 4582022371702996384 4604106988402065378 4607322256532263873 4605716136700921578 4607631576463950889 13808845312927752012 4591824628711514856 4589165947635693408 4596364708171054902 4599577954175111729 4598765024535766584 0 0 0 0 13831260351317128588 4607252016570471657 4602544690651529744 4582022371702996384 0 0 0 4604106988402065378 4607322256532263873 4605716136700921578 4607631576463950889
1 0 0 0 0 0 1 13825198162308596878 4599007521040459780 13817573429340297048 13830504793246978048 4599643152901544232 4603561179328422156 13804693076755719680 4594656537229578568 13809514607751158752 13818102967472952024 4607702957304689975 4607985232039208289 13817334249933084880 4587106862784187912 4605027863411623250 4601991370689427771 4596823388851544428 4611279481058502210 0 0 0 1 4599643152901544232 4603561179328422156 0 0 13826253390613126951 4600553219384685219 4605041283656384025 4599643152901544232 13809514607751158752 4603561179328422156 4607702957304689975
1 0 0 0 1 1 1 4601013776080316992 13829710851482260250 4585956549770997856 4606544054347271638 13831271125742562307 4607085049061627282 4591688338966274632 13824727994979738546 4606273008827505954 13827703225047454881 13829014515076162519 4597182107703586832 13803798472732532392 13813281883021852138 4604766398740575897 4599439156293595737 4601373819952800053 4601210982134283576 0 1 1 1 13829710851482260250 4606544054347271638 13822811193148371545 4598197952335504534 13829135893870268884 13824583156781753036 4599781024034031752 13831271125742562307 4606273008827505954 4607085049061627282 13829014515076162519
1 0 0 1 1 0 0 4607691804821518723 4571083897100870656 13820687725006686584 4602515082104786132 4600328630600866696 13831160692328523094 4601395860827177992 4602039302611733506 4603880967989251564 4599791326554307804 4602785525182824368 13831382875693313345 4588170696909017200 13819265441756043138 4603581713073382208 4586236360943036143 4594367734183117022 4610163904250454605 1 1 0 0 4603205661199176661 4593937648546727960 4586236360943036143 4594367734183117022 13822694148642556310 4601915997570749513 4605668895752656228 4600328630600866696 4603880967989251564 13831160692328523094 4602785525182824368
1 0 0 0 0 0 1 13830288285430270764 4604284402901147588 4606149840734763610 4607283400084858037 13826195842439111028 13824739938397319546 4587696733824020688 13815364554660555560 13827862913428458778 4601355458522589840 4602645102486683452 4593288789026615088 13817345148549859380 13813296927521283414 4602832012010287328 4599943786085843047 4601782169495691359 4608277507988880672 0 0 0 1 13826195842439111028 13824739938397319546 0 0 4599920171718896148 13823353512760917452 4606011989789715357 13826195842439111028 13827862913428458778 13824739938397319546 4602645102486683452
1 0 0 1 1 0 0 4605228460087345486 4597937793107853064 4607221170592301429 4607443088874069645 13826978663975916905 4590361556058237824 4600490219103904606 4598497403822446924 13819274970278028120 13828681690847899188 4607977656476607635 4605071252457925828 13805644185909883568 4596062662699243218 4601875850223020242 4596084309816862970 4602241462918344884 4603022537287585631 1 1 0 0 4602798061418475656 4607332129733185537 4596084309816862970 4587291617479829524 13828265682419825356 4599801331211127821 4603332646238587626 13826978663975916905 13819274970278028120 4590361556058237824 4607977656476607635
1 0 0 0 1 0 1 13815434697142529024 4595007863720064576 13828781491148966620 4593757989848863232 4604134279256010208 4604996729145964912 4599166202716175782 13816895795168849704 4584290937557810944 4604095518468712328 13824108142771314330 4604853651082847794 4591304208802524052 13816278742731011536 4599463198406456816 4599794918272542689 4586521782878229905 4589206066784146017 0 1 0 1 4595007863720064576 4593757989848863232 4599794918272542689 4586521782878229905 13821166543947012631 4589553734482646116 4606899043222023027 4604134279256010208 4584290937557810944 4604996729145964912 13824108142771314330
1 0 0 0 1 1 0 4607719459629799699 13831138552826134407 13830485070307804353 4604778479163143972 4605384443226839158 4601045541384400528 4593984347640313564 4599375881735761000 4603237990807694406 13831164728253411714 4607537580397787261 4607315017539776749 13814107032291991072 4596049403596526906 4606952311803577282 4598357208351634771 4599467317513451817 4605226664912904507 0 1 1 0 13831138552826134407 4604778479163143972 4592061946093350596 4599128528416832336 13826194490308908638 13828222541067058921 4601410723231703225 4605384443226839158 4603237990807694406 4601045541384400528 4607537580397787261
1 0 0 0 0 0 0 13828175098557024634 13816315988588692240 4598268132187628240 13828589568024445992 4583282083527773760 4603936907433596240 13815063959070815768 13825659763219956166 13829956108125044074 13815658373840743616 4598017385868550048 13808183306752129280 4591137761097257012 4592065820250076176 4581385025579681664 4579829775800999653 4587934969716651746 4608769014346310353 0 0 0 0 4583282083527773760 4603936907433596240 0 0 13826154680888307345 13811376365879084516 4605899270495863612 4583282083527773760 13829956108125044074 4603936907433596240 4598017385868550048
1 0 0 1 1 1 1 4601366790746781552 4593385294885207088 4605510932236508894 4607835023499675187 4607320587451336559 13824017635005315618 4589510782616927344 4594699987497253436 13827608972400033074 13825533492187707588 4607137962986942046 13816625222303488000 4589554835010955624 4595925161992588862 4597994467256433692 4601862280058164403 4597373315683079671 4609903977135722641 1 1 1 1 4598609314610099006 4606999280217920930 4597790942349446103 4585059641765800291 13827958970372735376 4594349610133194673 4604367271528747604 4607320587451336559 13827608972400033074 13824017635005315618 4607137962986942046
1 0 0 1 0 1 1 4605352707650737990 4604380514766787708 13827864167607525631 4603307443861212026 4607096215678423154 13827497757828192780 13823385121817586104 13813338617481915648 4602135348589962576 13818963382167596672 13829111826112966106 4603714978108841644 13781178068167539200 4588138496857086128 4587873387129949728 4596544441888924944 4598977415363955179 4611183787635908243 1 0 1 1 4605352707650737990 13827864167607525631 4589212160653014150 4584527174452007952 4604358725179916309 4602861401273113604 4602750544374692164 4607096215678423154 4602135348589962576 13827497757828192780 13829111826112966106
1 0 0 0 1 1 1 4607827274913822827 4603222993887222524 4601291639613081648 4602988934861594658 4604895885700226144 4607508243082675739 13815705535209923464 4581123622116274208 13825138454140967504 4607992702281855169 13825257298875559822 13828824446764541174 13817471594799078984 13802561647782516688 4603534347751343997 4596599418360632635 4596089253164411909 4605724662725789139 0 1 1 1 4603222993887222524 4602988934861594658 4595676544984631516 4596089253164411909 13826242681453275599 4603111081677368357 4604067577901414452 4604895885700226144 13825138454140967504 4607508243082675739 13825257298875559822
1 0 0 0 0 0 0 13818603454793300704 13831014112475259334 13830624626987964541 13829149679743604971 13814212574510406848 4603602704229567028 13811387517982067488 13825480439886755248 4607537718640261073 13831026631720133421 13819987317536168184 4592486964134730624 13818608722759026786 13818103928354094596 4595200782284829448 4597896479502330820 4601039779613866817 4609984497112009821 0 0 0 0 13814212574510406848 4603602704229567028 0 0 13827732896932416921 4588817343945919410 4604700154277218825 13814212574510406848 4607537718640261073 4603602704229567028 13819987317536168184
1 0 0 1 1 1 0 13831413302175373398 4607837335066669505 4604351881641385282 4598150493311466688 4605523739292898278 13825851436550877584 4601473000715603756 13808782382189056112 13828885234723921510 4594631526737297936 4606468228654236362 4600309833180973940 4595387360261203702 4589765713165756792 4600542825591441312 4601923531038946416 4599874693203232279 4600561666307327960 1 1 1 0 13805555026388898464 4602093900269247602 4601923531038946416 13823246730058008087 13824004596308920344 13818987531558133419 4606324934154624060 4605523739292898278 13828885234723921510 13825851436550877584 4606468228654236362
1 0 0 1 0 1 0 4606297532409766370 13822754168790589212 4606546108295970866 13824898599480871236 13823900079337730936 13823541439278319860 4602196385884185228 4601573300683213942 4599798113576679260 13812085052071918816 4599227407608800512 13830380742926378373 13802083831950520368 13803855826149948504 4602180873853921086 4589630326783827592 4600120382566798190 4609163739773018714 1 0 1 0 4606297532409766370 4606546108295970866 4589630326783827592 4599453501365995794 13828853367404736266 4602021001840150213 4600097298335307923 13823900079337730936 4599798113576679260 13823541439278319860 4599227407608800512
0 0 0 0 1 0 1 4604148761254771230 4604523814611877400 13823938172495669436 13827540626208502857 13825512312616050238 13823382179583522132 4601885296742847544 4599843024244479008 13820371352055233996 13825567851206943426 13817165370220874600 13823252517813672152 4574992726546800128 13802096294242799952 4604051825633972689 4602210887432407760 4600913061905421673 4611445542827955607 0 0 0 0 13825512312616050238 13823382179583522132 4601885296742847544 4599843024244479008 0 0 0 13820371352055233996 13825567851206943426 13817165370220874600 13823252517813672152
1 0 0 0 1 1 0 13829973863839233514 13800574927282597376 13830632821799700119 13830170341493550448 4600316362006880708 13830824286011661430 4600754903719585586 13820550317236798772 4600374171169996184 4600287428000564392 4607864310892110455 13829470881482805880 4586735096873813228 4583640457514772304 4605902057897531177 4601400701792231735 4598878184557368377 4597199271565901036 0 1 1 0 13800574927282597376 13830170341493550448 4596926135629210842 13822250221412144185 4605680927108222392 13807965422019275038 4603146739330368378 4600316362006880708 4600374171169996184 13830824286011661430 4607864310892110455
1 0 0 0 1 1 1 13828704203722582960 13831033241316892837 13811866826635929728 13827158970004507418 4607197494493965241 4607661282153297525 4597567154399656604 4581094102518319392 13828578561806489308 4604201538343287542 4605497468229200286 4595656068945836680 13817045972211757301 13817290701789823760 4587923825876440592 4595951655517740593 4600076016969451614 4605815952021187124 0 1 1 1 13831033241316892837 13827158970004507418 13818631243490384853 13823448053824227422 4602168229193009129 13828148903689965152 4602503335307511611 4607197494493965241 13828578561806489308 4607661282153297525 4605497468229200286
0 0 0 1 0 0 0 13830340660994858258 4606859844608692086 13827148219969470626 13827910863968569915 4605207976207370142 4588789852501978368 4585189999863986768 4591879042952795552 13823679173977201788 13829708649818556931 13826570506662637949 13827443238725630239 13808174143604496000 4588115530969822216 4602703615084079707 4580490864515006416 4581085434983638358 4607466167077690769 0 0 0 0 4605207976207370142 4588789852501978368 4585189999863986768 4591879042952795552 0 0 0 13823679173977201788 13829708649818556931 13826570506662637949 13827443238725630239
1 0 0 1 0 1 0 13828025432070672808 13830704450628484595 13827676463519941375 4602895283110702952 13828576654691978006 13816538930724657040 4600119378346448086 4590163519482069960 13827941022782921256 4601520344583351388 4605148569796443176 13823177518909986986 4591813225950250984 4562035780967600128 4604557616057650663 4601245047688237109 4593702158809329859 4603291881979065965 1 0 1 0 13828025432070672808 13827676463519941375 4598197125242048809 13817074195664105667 4603848985890190946 13826654547369803359 4602955762697285443 13828576654691978006 13827941022782921256 13816538930724657040 4605148569796443176
1 0 0 1 1 1 1 4604443868132005670 4607190263752751959 13830662130193944499 13826593235308808606 13822400507580258474 4603881164417348066 13821956681572489356 4588582340405662432 4601546605566721172 4598337253220051568 4604973963850718130 4606863136609078286 4576294506147306880 4587585986208469824 4599004584315333428 4600833993109677970 4595317704357524113 4610595872151890150 1 1 1 1 4605820988418746090 13828681520020952194 4565456035262014464 13818689741212299921 4604903877112207214 4602588762740375778 4601665604339334366 13822400507580258474 4601546605566721172 4603881164417348066 4604973963850718130
1 0 0 0 0 0 0 4606155090430154906 13823183862283425674 13816603016869171584 4606444699724153138 4602091191362106696 4595194265696797280 13809045649387030080 13813270141805377952 13830894670993413406 13824525274448337698 13829018918124115238 4600590288966503204 4595485901359907128 4596074217152330154 4605150023309769057 4592114119073432699 4599362095181010113 4609042653843457628 0 0 0 0 4602091191362106696 4595194265696797280 0 0 4582696133206819427 4598856253064035005 4606798510573720094 4602091191362106696 13830894670993413406 4595194265696797280 13829018918124115238
1 0 0 0 1 0 1 4607980706904184149 13824315690816427736 13828139337397046964 13826373620950564413 13821266492719310916 13831155566630212081 4586653807611275296 4600629650500855456 13830255647009068394 4607403592738871291 4608080762280841299 4606889658077597894 13816893198398973082 13817856194695690800 4581842877526597184 4600329461342827372 4601929355201247783 4603113704826636545 0 1 0 1 13824315690816427736 13826373620950564413 4600329461342827372 13825301392056023591 4600491844793429426 13821663741120901316 4606185492744753658 13821266492719310916 13830255647009068394 13831155566630212081 4608080762280841299
1 0 0 1 0 1 1 4605706694759701318 4576225301290168704 13824205330303001854 13830314176298442456 13819510939500558848 4596430330748448120 4582676443878045888 4599189481994491250 13817200971095235360 13822156772315106108 13818761137152687624 4607720560150966973 4596070764713146574 13800688172723656224 4602835652297722250 4602573102052882882 4599948101392731598 4611384417297602602 1 0 1 1 4605706694759701318 13824205330303001854 4593964324464525277 4593866656354845505 4600468175632668363 4603187289509068711 4604843090322120421 13819510939500558848 13817200971095235360 4596430330748448120 13818761137152687624
1 0 0 1 1 1 1 13830257580991184683 13817873968375857272 4600798026519910736 4596602393219741408 13826810986507922105 13830881498801879076 4595802054716643944 4599452578437438220 13825228409290963678 13830326721306406603 4606984408571745678 13826435121960417861 4590250355673579164 4590309026557099912 4604847990775465545 4595465154688562143 4598199634014077506 4610501663668752869 1 1 1 1 13826569157599436708 4599093416451209824 4593805307221018706 4595913592887183992 13820495246648141464 13826758705434814192 4605247356589414062 13826810986507922105 13825228409290963678 13830881498801879076 4606984408571745678
1 0 0 0 1 0 0 4605528715449273618 13808418344903099968 13824081120202718048 13828023328784996654 4603583242310528002 13824381778644632100 13825446263504332194 13804331590216602432 4593683230518252808 13827020203097570047 13808106640841219008 4604864064140896816 13811267762330795904 13814263595250701616 4586686467915508832 4599443360301428527 4602472268719006799 4600599323970163357 0 1 0 0 13808418344903099968 13828023328784996654 13820421818857416752 13825844305573782607 4603500447734694362 4580253094913879432 4605438204891542833 4603583242310528002 4593683230518252808 13824381778644632100 13808106640841219008
1 0 0 1 1 1 0 4601185667591475720 13809075136506927072 13822691999601071090 13812101743179571008 4604129262885741970 4598954417102804948 4600856372636812264 4587266076257213984 13818324602994561472 13812891613211462048 13812257284388468608 13826268611709138204 13817770666613167148 13815662594290391735 4604097213145572077 4592237628106644057 4590409793882991473 4604843330406038584 1 1 1 0 4595989283137060620 13819259510634825690 4592237628106644057 4569696915201249144 4590470888594134633 4599566572223492238 4606655504020291141 4604129262885741970 13818324602994561472 4598954417102804948 13812257284388468608
1 0 0 1 0 1 1 13820562478428421352 13822667350436990234 4590745768569600464 4602684485833184238 13826488391994115713 13824279814862421138 4593300144813536704 13814985150317123968 4592284054929088592 13830773369548162366 13818976478365117648 13830744565360089309 13817881995476266164 13802664154190907952 4602128564776228876 4599235127947330735 4601670189315377758 4598162759089546328 1 0 1 1 13820562478428421352 4590745768569600464 13822316370604922092 4597606958341581246 13815123640918156218 13813366510253997293 4607113951302894315 13826488391994115713 4592284054929088592 13824279814862421138 13818976478365117648
1 0 0 1 1 1 0 4582999836692402688 4605528423772499434 4590871548473461792 13830450255856263232 4605694418220140278 13830775689537446602 4588318379042099712 4598623079211101856 13826556654021815784 13831024529512666656 13828378642830139363 4601074858153047728 13818613060503375535 13812146134356077484 4604263251985422755 4598751244028822600 4597626338109368104 4607886818182707924 1 1 1 0 4601254280872753274 13825170765252605628 4595479407684572167 4597412890286352502 4600543447753633008 4602803958696306494 4605096123231599441 4605694418220140278 13826556654021815784 13830775689537446602 13828378642830139363
1 0 0 1 1 1 1 4576310221405870336 13826211451680604149 4598535505205082400 4596540965171694040 13822786065218971712 13828898753267593934 13816220820073983896 13825766802306229328 13826042577742521896 13829672774011950382 13812229580095104736 4591017300675450000 4590821935680666400 4594384804893782750 4607058306676981058 4577863014751943704 4586250351744297595 4610602538315283359 1 1 1 1 13821627280184095889 4597718378018291212 13801235051606719512 13809622388599073403 13814694095020208575 13823023751986079579 4606630791026963027 13822786065218971712 13826042577742521896 13828898753267593934 13812229580095104736
1 0 0 1 0 1 1 13821841049589460770 13823909625837265150 4607400082358509199 13822797064598728826 13807712095587014720 13826502975094964988 13813739956821993624 4602398251148207734 4596004111289145384 4607429461045813953 13830969527176065354 13828929276585352984 4593804974609628250 4584325080031352600 4589240735497952384 4594460587565848794 4590463610460883736 4608155535738459305 1 0 1 1 13821841049589460770 4607400082358509199 13817832624420624602 4590463610460883736 13829214141226520903 13819816836280398669 4602398370930961874 13807712095587014720 4596004111289145384 13826502975094964988 13830969527176065354
1 0 0 0 1 0 0 13826282053645044765 13831124888840044252 13823570511704419332 4608037593785025847 13828968619357377362 13829396113034114126 13821621205522771720 13810719934449094608 13823553757702090424 4599010835942995448 13830579467365801843 4604290753359406478 4593106798229696460 13818775025072938949 4601808390936033458 4601543941252965298 4600677645088020196 4610769088291240594 0 1 0 0 13831124888840044252 4608037593785025847 13820883179501642906 4599301724124002325 13830360584460655488 13819581076227890885 4589440293714821871 13828968619357377362 13823553757702090424 13829396113034114126 13830579467365801843
1 0 0 0 1 0 0 4597604781649404448 13824559633380309944 4604342329100773712 13827578195160134241 4588745813998496256 4604187569775448170 13824561336209688146 4597803662254477880 13826508795701101841 13813367937000385376 4603812048468566350 13829889997857580846 4595143644723439478 4595922519377327066 4584972800546890192 4585316022688654094 4594553698237551664 4607773410987116255 0 1 0 0 13824559633380309944 13827578195160134241 4585316022688654094 13817925735092327472 4604983855717650149 13823537146662081096 4603097694446270599 4588745813998496256 13826508795701101841 4604187569775448170 4603812048468566350
1 0 0 0 0 0 0 4598314113748979084 13830107991284564858 13826460753022924289 4603873051470489080 4607940065499720869 13822286397430647714 13825209866115634732 13824258839109995106 4601320671591471956 13817580801441363568 13814105599361661088 13815041997433991552 13818092077583142447 4589970615309736228 4606514375426696152 4599585199886805548 4583078306638688164 4609400053594504989 0 0 0 0 4607940065499720869 13822286397430647714 0 0 4600096273294015093 4606331708937402661 4597445485081110836 4607940065499720869 4601320671591471956 13822286397430647714 13814105599361661088
0 0 0 1 1 0 0 4599038501408803392 4607684131351765841 13830531157090686825 4607248953136521217 13820244729449284968 13829730113620048622 13823867979550025604 13822716537901461956 4607535934372879771 13830740594924809104 4592453732541910048 4598317482938964464 4593488577993629760 13814235531096433290 4599397568410709856 4601961487444234293 4600493896536245187 4596672625631449132 0 0 0 0 13820244729449284968 13829730113620048622 13823867979550025604 13822716537901461956 0 0 0 4607535934372879771 13830740594924809104 4592453732541910048 4598317482938964464
1 0 0 0 0 0 1 4604913977784978668 4597525324530584704 13829374106801363875 13825750705889204062 13822294174509053868 13819275849270061824 13824797659728856168 4601412924742349424 13821942405389134496 13807619542295778752 4587199215597719776 13829794124615452128 13807769109538952400 13818302370567471637 4598951089795160470 4577854549172108806 4596547091994322187 4609521588091039267 0 0 0 1 13822294174509053868 13819275849270061824 0 0 4583444103477861176 13821692950933221554 4606873865415739571 13822294174509053868 13821942405389134496 13819275849270061824 4587199215597719776
1 0 0 0 0 0 0 4607879463783567203 13830866987196834219 4605666362440439098 4607468825416296605 4607397084036002909 4604369139645816246 4600770064853136918 4580188078821119200 4605245118637800292 13822852176570389192 13822181158094551976 13831388766110015537 4573929638565609792 13812115109265155400 4592783052586171520 4596706624294472092 4602306336204741745 4594640497379664038 0 0 0 0 4607397084036002909 4604369139645816246 0 0 13827668531666999394 4603878107134851468 4600345959034713931 4607397084036002909 4605245118637800292 4604369139645816246 13822181158094551976
1 0 0 0 1 0 1 4603445259013189400 4600758313578130792 13829935869172338274 13827565704096332630 13831204070340447095 4606962448179910614 13824338691644774514 4589672802657735120 13826526363902435539 13809743679367270848 13827480548982304416 13823898532857086442 4587441560867576432 13802333612603799968 4595630395434257024 4593608615484430619 4592828108438153042 4609530768081080727 0 1 0 1 4600758313578130792 13827565704096332630 4593608615484430619 4576870536772043973 4603659446902957536 4598475886274122884 4604904457607531243 13831204070340447095 13826526363902435539 4606962448179910614 13827480548982304416
1 0 0 0 0 0 1 4606911965913752446 13828641240524772864 13825843700758597280 4603048743701429694 13817074203295567168 4601316846563501548 13822853965766935922 4600376629212775698 13822331590292740362 13828142865323250444 4606937357851470734 13827768031899289601 13818821754634819612 4588958871494579920 4603619339395396031 4597003170643455874 4591509234735783298 4609024339297993698 0 0 0 1 13817074203295567168 4601316846563501548 0 0 13823446051848238192 4586692092835415644 4606584460999482227 13817074203295567168 13822331590292740362 4601316846563501548 4606937357851470734
1 0 0 1 1 1 1 4591001617445761728 4593731344539414944 13824740112850502408 4607303898940357601 4606278549470525402 4600189863198017096 13815907729816031208 13824704723945192162 4605076521104577008 13828639739382082740 13825135668755455880 4603123321262046690 4593334274161363440 13818607587717172092 4586938027428320112 4594222934901232503 4582722485438030726 4598912117141801852 1 1 1 1 4592396343303342848 4599073551414416958 13817594971756008311 4582722485438030726 13825174417188143539 13801221155982967671 4606212095644479953 4606278549470525402 4605076521104577008 4600189863198017096 13825135668755455880
1 0 0 1 0 0 1 13820284089729841072 4603388659693100426 13827038338939241102 13824250644678226562 13831436644451944501 4607443364997055753 4601238554341016236 13816308945039710088 4607246259792929285 13830912954709171216 4603770625966630530 4599541058055798740 13794829239391165280 4594332991147246678 4605812356038871466 4601748745583490884 4599550767457414798 4610297798897835734 1 0 0 1 13820284089729841072 13827038338939241102 4599092170078163674 13818040745501420974 4604334549531465556 13818039930317485704 4604601863671798647 13831436644451944501 4607246259792929285 4607443364997055753 4603770625966630530
1 0 0 1 0 1 0 13813028170914170560 13831258625678600949 13818383272775191008 13829583692473203842 4607322705920832451 13807175000981958336 4596514683832077088 4599108629486176700 13826169408844264466 13831352767338481461 13820761339044426380 4607790003420240469 13809138368656041952 13811369335384252908 4603129501147208259 4600640110666490629 4602362332641878487 4607328275175276491 1 0 1 0 13813028170914170560 13818383272775191008 4596694157296463256 4595667357978129842 4592417574943309152 13807732920693890122 4607125997137641816 4607322705920832451 13826169408844264466 13807175000981958336 13820761339044426380
1 0 0 1 0 1 1 4607497109007977115 13831436369247749844 13827351096456598025 4602904346067348722 13828965083180792854 13831079051707619086 13823011762562557450 13824831384445389636 4607944512705030277 4602101421172133248 13826853229619300906 4607017063060708622 4595087439482254486 13817213988721935176 4605927808449498331 4589754767436847987 4591581646942266492 4609658366618606430 1 0 1 1 4607497109007977115 13827351096456598025 13813126804291623795 13814953683797042300 4602538506603425247 4604344025044911139 4603014646913139590 13828965083180792854 4607944512705030277 13831079051707619086 13826853229619300906
1 0 0 1 1 1 0 13819577115572352112 4603705378538832838 13828674995877222544 4598398845306008944 13828661678681683514 4603104994277457638 13808740150157540160 13822326803849410286 4600410110056966272 13822142354136806120 4595584598159835440 13829232657110644138 4594869330312393332 4593308231525543020 4604827492107773031 4588813390819257204 4589402881877715349 4607265345689840055 1 1 1 0 4596709809064127828 13821807783555800536 13810426098081045874 13812774918732491157 4600427392778801591 4586982469384372948 4606514149019640429 13828661678681683514 4600410110056966272 4603104994277457638 4595584598159835440
1 0 0 1 0 0 1 13823216613393603790 4606585002544808814 13822601121364442898 13819414490878354960 13827942320077858982 13815226902141795296 13823565105524687490 4598679791141723204 4595995934090724080 13830556468900048786 4595306340630250120 13825772438513260030 4595369690089928518 13819549565914232180 4586411259760905472 4596791446155649018 4594917636382365843 4606490772589405018 1 0 0 1 13823216613393603790 13822601121364442898 13820163483010424826 13818289673237141651 4592857504468359647 13825855702053774904 4605964170015854211 13827942320077858982 4595995934090724080 13815226902141795296 4595306340630250120
1 0 0 1 1 0 1 4605495623746004090 13824561141004323766 4602738769514087228 4593137827162216992 13827894917675549035 13830144628852201416 4589238575427458008 4596628716439344788 13830642356524050155 4604294699054555970 13811464173886804704 4601899940302309272 13809195446353147412 4593996534204449126 4577784362008830976 4592980676878383917 4586964656854877439 4608337552127398284 1 1 0 1 4596291344460348734 4599294345699098240 4592980676878383917 4586964656854877439 13818923122560529229 4597493458900478791 4606792127932608626 13827894917675549035 13830642356524050155 13830144628852201416 13811464173886804704
1 0 0 1 0 1 0 4607254388350465889 4605884890776572998 4606625904133044770 4607651444800147811 13818251118011116512 13828037910089520660 13824764458407912262 13819731928714577476 13827598332068194934 13826855602080870785 13831172603129435494 4605165438360499958 4593611889221169624 13817379712338573972 4592566677845906336 4595212916811433801 4596293349114702661 4607825661527796878 1 0 1 0 4607254388350465889 4606625904133044770 4595212916811433801 4596293349114702661 13829459343123826859 4600371188133887112 4599078085868942507 13818251118011116512 13827598332068194934 13828037910089520660 13831172603129435494
1 0 0 0 1 1 0 13794247647252376064 4599994240538021160 13826852008478152377 13814600633008267616 4602568689663245280 4601021729241266704 4596899120095797780 13822969015287164076 13824980567463944758 13830349177609116384 13816206936769728544 13797624133061101824 4595018362546584342 13814750204875643056 4606884303333794361 4587999076910431387 4599958972823760276 4602443132699290653 0 1 1 0 4599994240538021160 13814600633008267616 4587999076910431387 13822759252665665283 13790304755700028457 4595922695484651147 4607022687349427569 4602568689663245280 13824980567463944758 4601021729241266704 13816206936769728544
1 0 0 1 0 1 1 13825315928273238228 4589829014984937936 4607446760771898705 4591607621315305152 13825712792484522426 13829578134262341470 4602443154774974648 13818928291602002504 4607313876226176341 13830256689991934577 4606927583236608626 4607980627338973389 13818063483808280439 4584773506823490312 4604856470647236012 4597500997815416726 4599394916086835437 4610644396635262801 1 0 1 1 13825315928273238228 4607446760771898705 4597500997815416726 13817049856629245692 13829253722494191118 13818156630881442667 4602563953688330129 13825712792484522426 4607313876226176341 13829578134262341470 4606927583236608626
1 0 0 0 1 0 1 13828130053251807922 13827005028645772425 4607619906685932295 13831070968714012267 4596797006679642672 4594589167211984712 13824848428382639496 13816922730234770504 4606957075175265994 13826166280296601677 4592320393827211680 4605702941512849774 13818468515690927112 13796700537159404096 4598564066847841468 4590120036193795494 4594886499238139945 4592819103577013867 0 1 0 1 13827005028645772425 13831070968714012267 13813492073048571302 13818258536092915753 4606238530603759917 13819399175534511390 4600930320661545345 4596797006679642672 4606957075175265994 4594589167211984712 4592320393827211680
1 0 0 0 0 1 1 4599198955447115756 13829117135547300984 13830872166987724311 13825229751945169218 4580087882890744704 13831066502791583868 13809668438183897056 4600315478827741432 13828844650329710596 13830816933295163849 13830677699156771345 13827253311905717196 13819627716609398023 4592531547260831408 4602856821323272569 4598891321033380033 4601049064072362012 4606889404146427958 0 0 1 1 4580087882890744704 13831066502791583868 0 0 4606642740440933323 4589839120758395892 4599675728354439803 4580087882890744704 13828844650329710596 13831066502791583868 13830677699156771345
1 0 0 0 1 1 0 4607551351631617269 4606482362382465162 4603398382965373532 13827004718776478889 4605652688168796078 13830619459796928239 4601054723822030466 13816103050421983272 13831218087463179409 4603263950330288552 4603050609078783218 4579537478038053376 13819684592087934389 4595851676807200134 4605264738475523548 4582315496847707653 4595971458013199283 4607418816325215529 0 1 1 0 4606482362382465162 13827004718776478889 4582315496847707653 13819343494867975091 4604582437818708138 4603875040365556596 4599181333169213970 4605652688168796078 13831218087463179409 13830619459796928239 4603050609078783218
1 0 0 1 0 1 1 13812637133841556336 4605198718717326910 4600841199579965780 4581172141710523520 4597849829088026440 4602933159355198578 4602022431150499664 13822698891768132168 4604928397374170692 13826984725651031443 13826248465571748259 13829331044642253168 13814395532421734471 4569129278855022720 4600286501091799668 4594335403496254853 4600219907638047535 4605498846047127437 1 0 1 1 13812637133841556336 4600841199579965780 13817707440351030661 4597912308045131246 13823975134440130559 4582148659846579227 4606486485490095951 4597849829088026440 4604928397374170692 4602933159355198578 13826248465571748259
1 0 0 0 0 1 0 4607559496792333235 13828867697715462184 13826530951428163917 4607423308106447179 4604333800481223800 4601446586584466736 4600904367412404814 13823346418052133378 13827429496463746754 13816923022164210544 13826275240810147077 4589801602177840880 4585506425377705300 13813155207167186852 4601328113938596486 4600595535715280899 4599352571487737863 4610858729444173614 0 0 1 0 4604333800481223800 4601446586584466736 0 0 13825721834992475572 4602930957325463381 4604474814951100744 4604333800481223800 13827429496463746754 4601446586584466736 13826275240810147077
1 0 0 0 1 0 1 13831303428583207277 4605574507394620018 4602882698459227444 4594396181296721800 4605105134799721048 13829366836192074820 13821162174496695072 4595134470785935456 4590259586365013136 13811126213174058816 4596398857449204896 13814701357723220896 13818205057843801772 13817589963216392216 4606243921359211400 4594491055727603267 4589520092472442345 4600897579322096736 0 1 0 1 4605574507394620018 4594396181296721800 13816522563385808480 4589520092472442345 13822113270051355392 4605347187841598733 4602998834835940479 4605105134799721048 4590259586365013136 13829366836192074820 4596398857449204896
0 0 0 1 1 1 0 13828086673849110067 4601195500825763012 4605425515570441602 4599771617839326312 13821673407623634388 4607322308038303109 13818849976393629832 4601740886289933790 13812149097961905024 13819528951108163152 4585085743507865056 13828423517264677442 13812380286241020480 4588372324092906992 4592579948277104512 4594619124910790351 4597959844520374523 4608462015159699139 0 0 0 0 13821673407623634388 4607322308038303109 13818849976393629832 4601740886289933790 0 0 0 13812149097961905024 13819528951108163152 4585085743507865056 13828423517264677442
1 0 0 0 1 1 0 4596913431917734792 13830572356556418515 4605822142747094458 4607324564019641801 13825795168491920854 13818257478816589232 4597042941402320692 4585849521357754192 13812432141948597184 4602788682087647838 13829534776726561226 4604727369961092524 4596148722834254846 13818694078343577492 4605820839205041705 4602592463652030593 4595043232606455713 4603843720914065200 0 1 1 0 13830572356556418515 4607324564019641801 4589879280193285674 4595043232606455713 13829950033028288332 13823085211206153564 4593897313442666997 13825795168491920854 13812432141948597184 13818257478816589232 13829534776726561226
1 0 0 1 1 1 0 13827600845281785350 4607055496822436318 4607240359698035957 13817233812961666128 4605877067701597570 13829405312832731882 13822572228821235012 13819010653014153512 13828621157481435334 13808401178321892416 4603328241680798624 13829004195715413060 4580390021854451944 13817148231157906734 4606924954558343952 4601177244511239659 4583795835302689276 4607368740756603781 1 1 1 0 4594821397081388976 4601621262014595286 13822181234994287514 13807167872157465084 13826401733677002685 4593163813117447519 4605687539021027040 4605877067701597570 13828621157481435334 13829405312832731882 4603328241680798624
1 0 0 1 1 0 1 4592102356139597312 4607915207567590275 13829320297656726628 4606878156829054174 4603450157631036968 4600449291768917228 13825318750727949540 13785664927459041792 13826107551681813122 4607198998547368221 4607771437809504303 4586605311837861824 13803551708632349976 13816873541770591572 4603913324488342038 4585290319729123226 4602572823718908576 4610781840456340546 1 1 0 1 4603876478907496803 4587599989252621264 13808662356583899034 13815925878770575314 13818786664757775083 4603534213386273090 4605244311902875140 4603450157631036968 13826107551681813122 4600449291768917228 4607771437809504303
0 0 0 0 0 0 0 4605636141492216262 13826977912000616299 4607434202609445107 13828562874703150330 4592045422113958320 4607797419938521295 4596301602940750276 13819441061963320636 13825921788246893474 13829105129888101598 4602906660030999660 13827278370096272131 13814551856873972932 13815652673049497562 4601699899288769112 4600841341575858745 4602653119157167455 4599591248457938348 0 0 0 0 4592045422113958320 4607797419938521295 4596301602940750276 13819441061963320636 0 0 0 13825921788246893474 13829105129888101598 4602906660030999660 13827278370096272131
0 0 0 1 1 0 1 13810838018559641632 13824068968036322216 4606014218644414426 13817099278668533000 4607770036639742921 4606263275285936574 13823648783601604674 4596901245193888508 13821581326711670192 13830755478103026221 13827461662984547141 4601499003514108792 4585844802894875660 13819115589421261549 4595249908607623688 4600654500152880678 4599200607617674634 4605149993344416667 0 0 0 0 4607770036639742921 4606263275285936574 13823648783601604674 4596901245193888508 0 0 0 13821581326711670192 13830755478103026221 13827461662984547141 4601499003514108792
1 0 0 1 0 0 1 4605936042192622570 13829381737431955574 13830778745716695271 4608044409161721137 4607142412285916414 4596854656712607016 4596324311472171296 4602117988793926030 13820127833405468004 13828731812238822494 4594730656607435752 4605051645275401822 13808874096818774572 4583107470944328744 4605592009987561384 4599769521294780863 4590133747505617023 4609893236537077690 1 0 0 1 4605936042192622570 13830778745716695271 4597189761028456880 4590133747505617023 4606100649633769935 4600369684312927561 4599001227658460242 4607142412285916414 13820127833405468004 4596854656712607016 4594730656607435752
1 0 0 1 1 1 0 4600295765330383412 4607907141512387591 4601195888152824164 13826287069005189017 13829751415859775466 4608001614679564095 13820348517628056892 4589683309860320872 13829880213954526612 13825276642910338332 13826658044340180477 13829337289214193754 4590361902945418084 4594949450767711694 4601888958151046804 4599860586918458065 4600145654781530455 4611025884448809302 1 1 1 0 4605059578238136468 13811354285791991608 4594536542637937018 4592378648533351044 4596845483822865249 4603744642107846246 4604988970739809710 13829751415859775466 13829880213954526612 4608001614679564095 13826658044340180477
0 0 0 1 0 1 0 4603538877112182032 4602762287021233516 4604983266399446138 4601705497735503740 13822436382015962292 13822610829273634390 13819341619495002872 13825083154255661184 4607619650884531591 4587947880713331872 13827202255282556597 4605815657756725158 13803623616473532608 13804665774595826776 4606110929310763165 4601507762014837079 4602162010127860811 4605475134005461565 0 0 0 0 13822436382015962292 13822610829273634390 13819341619495002872 13825083154255661184 0 0 0 4607619650884531591 4587947880713331872 13827202255282556597 4605815657756725158
1 0 0 1 1 0 0 13828674544667951964 4607630939980561175 13830103259602472628 4603214253548397604 4598205690317805116 13830417746675558640 13825819887700143918 4599621767050916982 4604886444624402246 13826792161847373765 13830285662648022110 13827971634688807726 4590940878959322996 4595519646423391152 4604835002888261439 4590447971898675006 4598019694896815165 4611311076236821525 1 1 0 0 4594721926986392996 13819573995543909664 13813820008753450814 4598019694896815165 4600211493718013226 4589157549869224195 4606549046316614279 4598205690317805116 4604886444624402246 13830417746675558640 13830285662648022110
1 0 0 0 1 0 1 4590727178249232192 13824402333118530636 13826625484826567472 4600955525130237100 13830081063962065180 13831009425751956492 4596974264575004628 13825920654575869084 4602077180357320784 13828811742370042171 13831438371530790831 13823641115537613814 13817744212405560007 4594801879990234504 4602393798074613428 4601647405113254049 4601313447534568448 4611029883879396393 0 1 0 1 13824402333118530636 4600955525130237100 13803874052144814548 13803630986225360184 13821382734392016106 13821601373174006172 4606604299264337936 13830081063962065180 4602077180357320784 13831009425751956492 13831438371530790831
1 0 0 1 0 0 1 4599332435595412120 4600088931752775100 4604482871023860092 4600840900315230572 4604609491340650802 4594841520501127512 13815860014688203392 4602404928483559768 13821428968269971412 13825969944380577300 4603294699464720748 4590649815005242416 4584877349445798712 13809449022049763540 4594760203476759016 4601259531902679273 4602621750661236745 4611648812902891333 1 0 0 1 4599332435595412120 4604482871023860092 4592022290698185676 4592102384318626392 13827629620374733702 4596550339769578066 4604557094022139608 4604609491340650802 13821428968269971412 4594841520501127512 4603294699464720748
1 0 0 1 0 0 0 4605626717157086470 13830461279605971475 4604737520966282048 13819046636957104200 13831048985973208086 13819073517156880752 13822541785633500528 13821101346566883084 13826243453486109168 4607041523405139946 13829970289971524582 13823593509720336876 13814618815867859664 13814726397586473095 4594550214894001576 4600364578925801142 4578463588264649662 4607548280107934410 1 0 0 0 4605626717157086470 4604737520966282048 4600364578925801142 4578463588264649662 13828141449729689215 4603051662676454721 4601119184656627329 13831048985973208086 13826243453486109168 13819073517156880752 13829970289971524582
1 0 0 0 1 1 0 4590322713702505408 4607904111925422391 13821731569072575272 13821422316613001208 4595562062702886272 4600446534703834316 13824410631057030774 13818840874501618340 13828460655182883148 13829745736216753836 4604427285312293954 4591159101578626784 13817434107212975930 13819604322852330735 4602089874665994316 4593937818340657697 4598425338847142963 4587970227833969352 0 1 1 0 4607904111925422391 13821422316613001208 4593937818340657697 13821797375701918771 4587429710539094634 4606833646790821769 4598552145494318625 4595562062702886272 13828460655182883148 4600446534703834316 4604427285312293954
1 0 0 1 0 1 1 13823075399606185938 4599491958362339008 4605258722313047134 4593201306217069088 13826445407861135750 4594685651364947072 13823144269954154466 4592455033274751696 4598578582900807008 13829131436357377567 4603158167519290496 4608077444159094903 4584700162196648884 13818142399775519708 4606848302859886952 4601761723755010849 4593074404057274180 4610345643848617966 1 0 1 1 13823075399606185938 4605258722313047134 13823037147524238014 4592349127801010290 13828831295457001613 13820131277099166537 4603122011400327966 13826445407861135750 4598578582900807008 4594685651364947072 4603158167519290496
1 0 0 1 0 0 0 13821239035797878232 13828080864881207774 13811071586764170016 4605511875533147398 4607461459155796493 13821296793340400088 13818422259351365788 13824345782362059338 13830560779823444369 13828074001638009142 4601085518288890600 4606833331682193106 13819229196735560311 4592821285267894228 4604276210731473526 4599116320426249175 4589999258299446889 4604173808425595663 1 0 0 0 13821239035797878232 13811071586764170016 4589961162746882035 13813371295154222697 4595103947026987985 13811458240443609528 4607045511458014277 4607461459155796493 13830560779823444369 13821296793340400088 4601085518288890600
1 0 0 0 0 1 1 4605655353049269150 4602761462625876016 4595865202310334384 13815983641850221184 4598605811220831104 13828516688380437072 4581538503964025088 13823548068709218110 13828729101811850140 13821831427019880460 4600386079061658528 4605059924949303850 4594880797422808906 13815623942343809319 4605150758381768790 4592302849728797062 4600988564771635938 4610331201956497126 0 0 1 1 4598605811220831104 13828516688380437072 0 0 4603757719479567325 4591172390836646224 4605196868690185539 4598605811220831104 13828729101811850140 13828516688380437072 4600386079061658528
1 0 0 1 0 1 1 4606923980844170586 4599182981947040256 4602782797234161308 4598315639566332436 13830612202199805573 13827455440447982515 13821982654096283590 4596286908467864796 13829250582679812790 13831392256318048393 13821555270752560002 13828164913132436743 13818293600167351303 13819290575927731132 4592716127170262496 4602201449375011663 4602308373227748340 4608967524466784882 1 0 1 1 4606923980844170586 4602782797234161308 4602201449375011663 4598435284477983003 13827342330016730645 4604414458129383288 4599543131506066655 13830612202199805573 13829250582679812790 13827455440447982515 13821555270752560002
1 0 0 1 1 0 1 13827954308072063662 13817215829413345664 13825749247360472436 4598739180353251760 13822455522454736984 4595907781547467648 13825078598957826970 4571214687301565696 4602904977160026904 13827900780121165702 4607328475384979597 4603549221332268602 4582298626946377008 13815563720882430407 4603728081289258331 4598583662361867523 4600967878316902816 4604229901347853841 1 1 0 1 13824619651511701774 13815312517822830472 13821955699216643331 13822824057259587478 13793556941006062228 13824775183542513261 4606310606806275585 13822455522454736984 4602904977160026904 4595907781547467648 4607328475384979597
1 0 0 1 1 0 0 4605966892987106014 13827384873987842028 13823863081869833782 4598103615166192512 13828688163848612690 4603870532479103902 13821198070545789564 4590481362633271736 13830460932180958970 4607380631889281847 13830803424851538072 13826149512884566075 13819631265902909751 13819241067526855853 4604742946403770772 4588083977260093120 4589446967979753645 4597000602657519264 1 1 0 0 4592480644079324104 13812739712836587756 4588083977260093120 4589446967979753645 13816714110171900276 4599046839739022712 4606703396549466361 13828688163848612690 13830460932180958970 4603870532479103902 13830803424851538072
1 0 0 1 0 1 1 4607527389282018427 4604560216598889400 4605999660802619426 13829871103100093558 13826176538825081678 13817312030276983712 13823632323762269046 4599861562046859174 4607481089478012327 13826474793144149232 4604282537059968290 13831206503408952009 4595529477312758390 4574260895400958816 4605901320138290288 4594768534715760832 4600138997396303597 4605762599889509786 1 0 1 1 4607527389282018427 4605999660802619426 13818140571570536640 4599271092779128412 13828385539774083684 4602767500875399196 4600959547221620562 13826176538825081678 4607481089478012327 13817312030276983712 4604282537059968290
1 0 0 1 0 0 0 4604123614321860548 13825881683624180586 13825669222322768850 13831193169640276126 13830604485713207143 13828907281067326483 4593945130990807108 13825998550768247146 13830298993375440561 13811599376750644096 4607336120200088701 4604590543563652402 13816168898825775204 4568131432999316608 4603769584472115608 4601590516180513646 4600770338435642916 4609361433985151849 1 0 0 0 4604123614321860548 13825669222322768850 4598908853791711369 13824142375290418724 4602012826181884474 4603751472768575346 4603888459249655728 13830604485713207143 13830298993375440561 13828907281067326483 4607336120200088701
1 0 0 0 0 0 0 13821795668630165370 4605567514452877970 13824774366321538746 13827545901337595441 13822185748964494884 4603048223333887098 13820087898852534572 4599433014865586016 13821561579956471720 4605002956603035556 13829991799000620460 4607989780770708019 13819103486761530060 4593043037062824684 4594972581564705260 4594362853953062921 4593773604884017307 4609834176564869680 0 0 0 0 13822185748964494884 4603048223333887098 0 0 13824467025479179934 13814804726812966226 4606338384661787380 13822185748964494884 13821561579956471720 4603048223333887098 13829991799000620460
1 0 0 0 1 1 0 4593368198149888288 4602505966456171048 13824181583319842250 4602703966170063062 4605147007040245394 13825398305265939636 4590785653937161904 13813331249799109368 4603180559910399086 13830582769106245938 13830776698179079507 4603438924410152832 13819126084983586317 13814589483371489172 4603377208866748157 4585581168007157148 4594399406147771226 4603344205911023554 0 1 1 0 4602505966456171048 4602703966170063062 4582870394408260219 4594399406147771226 13826586418290709225 4602830030419517663 4604012104123491260 4605147007040245394 4603180559910399086 13825398305265939636 13830776698179079507
1 0 0 0 1 1 1 13830969686404533409 4607325946324391701 4605356599628029462 13830875743968624089 13830976941412705350 13831076481258915565 4599380485033547846 4601253632242614766 4603276468791086942 4605606580192036026 4594624526179359920 4603062429998919290 13816253006153664672 4595982490678039548 4604877799918362761 4598526534621511773 4601185382912948055 4606747895534606719 0 1 1 1 4607325946324391701 13830875743968624089 4598526534621511773 4594530312939413535 4606752207841605802 4598683359730347737 4593703262188969213 13830976941412705350 4603276468791086942 13831076481258915565 4594624526179359920
1 0 0 0 0 1 0 4607068150634842094 13827732105705417636 13829339597669823518 13821181302071949528 4591373470519906320 4601930536571365784 13818092896465779368 13821623952031615760 13824760970445810026 13828669425083646312 4607317351915409587 4606934119234178366 4586959525304823552 13809089846062426668 4592332100944067400 4594541396311398068 4590174914375138985 4590102252076271782 0 0 1 0 4591373470519906320 4601930536571365784 0 0 13825633090963634456 4585977268470937612 4606084258102731640 4591373470519906320 13824760970445810026 4601930536571365784 4607317351915409587
1 0 0 0 1 1 0 13827094308550646184 13824832244369511698 13825003436133235304 4602816696725133242 13824935724632730996 13828671818013591506 13824014394494422836 13814367980023854752 13823107739803579674 4607335029797319963 13827552747605994353 13829580642038067602 4586365567197084192 4590339550262952444 4603150023355524180 4599637456360805907 4590238743751577153 4604876516121514285 0 1 1 0 13824832244369511698 4602816696725133242 13821277824004029282 4590238743751577153 13824660412039182545 13824515594349910428 4605432521759437276 13824935724632730996 13823107739803579674 13828671818013591506 13827552747605994353
1 0 0 1 0 0 1 13825735106517942176 13820090680223400448 4589998536652737264 4600276191646008844 4605010468725580618 4604064529189319474 13818820214742227392 13820708905386301180 13827773429733995609 4607390677800339423 13831053377323969944 4589511004479689616 13817224908410652518 13793388502256134784 4604959022042941372 4585834078831267101 4599330567804049225 4600000469593673997 1 0 0 1 13825735106517942176 4589998536652737264 13809206115686042909 4598012132738033445 13813610936968100017 13823243418201209361 4606603436076169862 4605010468725580618 13827773429733995609 4604064529189319474 13831053377323969944
1 0 0 0 1 0 0 13829678865032939734 4607116211021697938 13827567673048746787 4602749847032047464 4600804553433317180 4607867385162911989 4597847646922823724 13820357165669400928 13827855621298552828 13830566105718201126 4604309235088581922 13828316027439064372 4589902433911877228 4596115723324149300 4582498013223594400 4586594207322601655 4596993518438324402 4594254215055180648 0 1 0 0 4607116211021697938 4602749847032047464 4586594207322601655 13820365555293100210 13822625639364833292 4604988433837613082 4603363679529369507 4600804553433317180 13827855621298552828 4607867385162911989 4604309235088581922
1 0 0 1 0 1 0 4600403298062419492 4604138723183980790 4594215497071849296 4598148194636432920 13822112004233450668 13826931891499848410 13822570915072658104 4601766116626668754 4598109230034563016 4606333704124935778 4599289188182991004 13831004394469960905 13813162480432891418 4589627392557466056 4605140463890693614 4595311836809773681 4599160748514088223 4611426593911525107 1 0 1 0 4600403298062419492 4594215497071849296 13818683873664549489 4599160748514088223 13813164101737294081 4601403499063793714 4606285295108723643 13822112004233450668 4598109230034563016 13826931891499848410 4599289188182991004
1 0 0 0 0 1 1 13830373076364378048 4599669032579839184 13828797579508641196 4607650723019638487 13828794113101063418 13824120981393992450 13821903304307002820 4583704982174546208 4607934152947385237 4602682588567910500 4599899670199372724 13829456238618610610 4588771304550689344 4596197671686003690 4603527881573779344 4601500184555629867 4600951207284243997 4599289416349840514 0 0 1 1 13828794113101063418 13824120981393992450 0 0 4603171363760337531 13827247962036097900 4603040416010793002 13828794113101063418 4607934152947385237 13824120981393992450 4599899670199372724
1 0 0 0 0 1 0 13826459875682688252 4603282235882084798 4606379498423950046 4594554368563639944 13819024113753237248 13829528700252887602 13818982219836273100 13822789501527589704 4603448600025670302 13809081099419657920 4604066569058028874 13820194003826953284 13818958006383026269 13819152386498153517 4605829385158093687 4602459103896292902 4593563632581262803 4598135263216758284 0 0 1 0 13819024113753237248 13829528700252887602 0 0 4603995634823820636 13787472618151513587 4605049246408544807 13819024113753237248 4603448600025670302 13829528700252887602 4604066569058028874
0 0 0 0 0 1 1 13824226073796778938 13828695393823623547 13819067632315780480 4600594219052303328 4604207870215676440 13823497417893114382 4601211367358256588 13821473994319166780 4592181778463139840 4607683532634175169 13828545431086778359 13828742309387644790 4582741565768316752 4587622349449215640 4604553644413991379 4591168674518321742 4601027000252324716 4604443798475929887 0 0 0 0 4604207870215676440 13823497417893114382 4601211367358256588 13821473994319166780 0 0 0 4592181778463139840 4607683532634175169 13828545431086778359 13828742309387644790
1 0 0 0 0 1 0 4592120227818565984 4607290262328196385 4604304221687462996 4607701780652483951 13827037229359803953 4603731195608167276 4598646984943821588 4599755364497345442 4597975839302166016 4599998537451105120 4607010616653258162 13828320244326550123 13814142425138774983 4592916933401769296 4599998932775091480 4597512585052368194 4598398647113904663 4608477074164869932 0 0 1 0 13827037229359803953 4603731195608167276 0 0 13825716725491709178 13824954257264524776 4605007474526465036 13827037229359803953 4597975839302166016 4603731195608167276 4607010616653258162
1 0 0 1 0 0 0 13827561374411265773 13827763052900275939 4604865955268160472 4599400974010564360 13830986675626926558 4592952189271055616 4593597380477532904 4598938440236732980 13829797010403221188 13831031749835192242 4607905400161889993 4603218419170122532 4584402472352362832 4595052118880406924 4588338120206150976 4602224955963588780 4598812534824897450 4604787748513163461 1 0 0 0 13827561374411265773 4604865955268160472 4595166375378130976 13821578969139488743 13826479682207818490 13826391194221851238 4603949046737359066 13830986675626926558 13829797010403221188 4592952189271055616 4607905400161889993
1 0 0 0 0 0 1 13829784034894107538 13828287564920910110 13830221027094054861 13817807651248315952 13825176898657535994 4607737025045967539 4600488343251861090 4601350931423040082 4603037437423861058 4604038107775704920 4596085311650022992 4591409581546844432 13818273921752638994 4595587352228140634 4599664113541944820 4587974315015073246 4600713493220393426 4607868307840992169 0 0 0 1 13825176898657535994 4607737025045967539 0 0 13828847432256874355 13818622173326294874 4603227452942165509 13825176898657535994 4603037437423861058 4607737025045967539 4596085311650022992
1 0 0 0 0 1 0 4604425670781918174 4607463890402820515 13811186216871846976 4607596552982787141 13813909174936868720 4599800574518135356 4602491392852734990 13819729409915682400 4598702771193703060 13830812249736514735 4607433599045311943 4603218134324304198 13815567642594399661 13818333306213116797 4592688051115163664 4583687824440689052 4598540407981997045 4607839241389590401 0 0 1 0 13813909174936868720 4599800574518135356 0 0 13825696344844286473 4581475228895025868 4606073278156622324 13813909174936868720 4598702771193703060 4599800574518135356 4607433599045311943
1 0 0 0 0 0 1 4604679465814876594 4594652497408658200 4604466947379653342 4597836040880257600 4605123146596772406 13830920950055034970 13814726840566145688 4601202350512027986 13809832135547149024 4604971263191523664 13811779995389873280 13827705491315412717 13818559905804391215 4595091648628469002 4603042057573073094 4601772714021501397 4601690177955575310 4587883260170698593 0 0 0 1 4605123146596772406 13830920950055034970 0 0 4606710885495877178 4598311649264247369 4595967522755432694 4605123146596772406 13809832135547149024 13830920950055034970 13811779995389873280
1 0 0 0 0 1 1 4606633716882682238 4607304571994545249 13815617155896402784 13820719067432784728 13831357416029959731 4606442974494178402 13823298834851316014 4602527309008566594 13816199017447893440 4607967145480028675 13831031290241128756 4607659172322887821 13812654345680429342 13809293182256484844 4605330572118478124 4598800350714442426 4602176990650186448 4610220659400197278 0 0 1 1 13831357416029959731 4606442974494178402 0 0 13828914886525174790 13826197946870938596 4598240533529695843 13831357416029959731 13816199017447893440 4606442974494178402 13831031290241128756
1 0 0 0 0 1 1 13826935613950506893 4603135543945658594 4607329356663532579 13799189183667303168 13825034535979171274 4605900988980722070 4595315843374259220 4598891328105790236 4607544660324171551 13816126146015407152 13828356532666516250 4603583180565625616 4592303763925102256 4592333544201221932 4574828372444084096 4594378783387758493 4596994439096977174 4608312577202595756 0 0 1 1 13825034535979171274 4605900988980722070 0 0 13827695489705725846 13823920310230196298 4603788309152607260 13825034535979171274 4607544660324171551 4605900988980722070 13828356532666516250
1 0 0 1 0 1 1 13827123824860787695 13826156581362706159 4607478969068627549 13830983023751351278 4603905156918025970 4606485522190602930 4602562369459984942 13811701090726917392 13826940208209737700 13830434005754568300 13831191418837588709 13814782524351922784 4593547545549672924 4589061011862279520 4597185073813142880 4598745507658940206 4600042069342878759 4610119189841174641 1 0 1 1 13827123824860787695 4607478969068627549 4592232182691245159 4600042069342878759 13829146393767385564 13823581924259208375 4600797772949005360 4603905156918025970 13826940208209737700 4606485522190602930 13831191418837588709
1 0 0 1 1 1 1 13819263076454766496 13830518053275822163 4606481976154885958 4590702631033228032 4607694151629856501 13826619371821652748 4590060700866540176 4593169215418811600 4606142494165366402 4607830413904075283 13826726540394837204 13822991289998743044 4595671783037868882 4594188405843222834 4605256800174562045 4599435959875274004 4591814669712558287 4606850433111762780 1 1 1 1 13826873032251619102 4602705985998210131 13815596349863690382 4591814669712558287 13823451538076520941 13827418234260494754 4604208131087457132 4607694151629856501 4606142494165366402 13826619371821652748 13826726540394837204
1 0 0 0 0 1 0 13818806874723744920 4596516693439412376 4592367391930291744 13831171401380389209 4604595279445940202 13830149125138368688 4587035699836572640 4600765701601819428 13827260642001801057 13827209700829243356 4596819782293377840 4590756588837161408 4591606174331495376 13800429161154929568 4602583904678240466 4590753099933359487 4599714557640576864 4599995847801668248 0 0 1 0 4604595279445940202 13830149125138368688 0 0 4605474251674196351 4599773963430466225 4602284196607672922 4604595279445940202 13827260642001801057 13830149125138368688 4596819782293377840
1 0 0 1 0 0 0 13829504207508250228 13822717076968997922 4584833400126017536 13823938869325922330 13828249800832144243 13823342477388195142 13821082069798782064 4601187353739295134 13827718264335186326 4598477584516687660 13829807675298566510 13825744896901029670 13795636436713303552 4596281735327833982 4606266699130754518 4598131967694936752 4601462694638890993 4607519560884799871 1 0 0 0 13829504207508250228 4584833400126017536 13820551489068465219 4601232195285471237 4595086641818707356 13828386809862834983 4603846265903289573 13828249800832144243 13827718264335186326 13823342477388195142 13829807675298566510
1 0 0 1 1 0 1 4606169797385893138 13826108944672376318 13827240043379688163 4608062536250134039 13809894576663233472 13801042838228305664 13822325425205125258 13823265335430425838 4607737378565612225 13831427953568632312 13824625365176800098 4607141743997153530 4589782544287941432 4587999822787992824 4601310627177168612 4582760722231120199 4599797747454503498 4606038587865013986 1 1 0 1 4596033799427120680 4598746267093244235 13806132759085896007 4590810748062238084 13820659260411753403 4593036322597379875 4606888107153056319 13809894576663233472 4607737378565612225 13801042838228305664 13824625365176800098
1 0 0 1 0 0 1 13828776180521694660 13827091729159949088 13825684190174288658 4605935492422013758 13828426149476847542 4605647291469878238 4597422278072145332 13809964795569861792 13830113698105595330 13830430616641796227 4595660970327713008 13831173430242622425 4585852956488828748 13817478119412939412 4604919371112026689 4599868012140969474 4583554968058082054 4609729628340611915 1 0 0 1 13828776180521694660 13825684190174288658 4595777699432713190 13806927004912857862 4599723107892584234 13827876346287217406 4603824744564060832 13828426149476847542 13830113698105595330 4605647291469878238 4595660970327713008
1 0 0 1 0 1 0 13829833482362241331 4599553207168839856 13830129149378607602 4600622831557007576 13824168974805093330 13825026520545534200 4601557200626445834 4601602461912910618 4596594055097546960 4601338009118750408 4607780327863803075 4596397399433218112 13799239608334664320 4594177131758834998 4596206555004670440 4598587377818951877 4601340483087587189 4610720281938378925 1 0 1 0 13829833482362241331 13830129149378607602 13818600413825848228 13823959479352708448 4606168781162519487 13823607513135954164 4598755539074040096 13824168974805093330 4596594055097546960 13825026520545534200 4607780327863803075
1 0 0 0 0 0 1 13825168370434270260 13830213353761905708 13830615683807131427 13822756518594787232 4603147713127271656 13830895521446299327 13825412532800582534 13823463783071232084 4602743495523818562 13804442983609104512 13820158223941546232 4604399968852529838 13816173880994464372 4588844515722849432 4604597138393162829 4599384378926254016 4602015012853778761 4610957895804720020 0 0 0 1 4603147713127271656 13830895521446299327 0 0 4606344302518342298 4598353996839473115 4599643071461664940 4603147713127271656 4602743495523818562 13830895521446299327 13820158223941546232
1 0 0 0 1 1 0 4600960154990345568 13824878112814492010 4596811914429081296 4594041074704525712 13821830479472945240 4604205159361116596 4596446031481214600 13817254923940839552 13829398699894433136 13809554909585491168 13812824544997950160 4607434761758319095 13818193482143267815 13819310918856325189 4599346598741283618 4595391877966249894 4583686828652125326 4604165017495013029 0 1 1 0 13824878112814492010 4594041074704525712 4595391877966249894 4583686828652125326 13822764794507835019 13821731223711924197 4606388225281058426 13821830479472945240 13829398699894433136 4604205159361116596 13812824544997950160
1 0 0 0 0 0 0 4599404803503394232 4583295039817771136 13815715691533101440 13822961272568680356 13821144125071893164 4602699250451550050 13825981109264765566 13819364207856327792 4594490717034453432 13827818423989471785 13831243805462298583 13831392569394582001 4589773531514583052 13819660208096020752 4598194627333337294 4600333008431704253 4577432620227070686 4609876668735233001 0 0 0 0 13821144125071893164 4602699250451550050 0 0 13827349110903645005 13820939614865319746 4604737123774653144 13821144125071893164 4594490717034453432 4602699250451550050 13831243805462298583
1 0 0 0 0 1 0 13830947145417547134 13825505570524132774 4607797909714150141 4588351477043166944 4607141658517732218 13830463086394670054 4599138193871771600 13825222153315916096 13828434242730361735 13826586812947380777 13826361817625186073 4599658010787337272 13804154480954180144 4589504671343479276 4601135507884284914 4594513667626793679 4589398817069374307 4610432588380747590 0 0 1 0 4607141658517732218 13830463086394670054 0 0 4606019577464903057 4601184257544303207 4598355958170853677 4607141658517732218 13828434242730361735 13830463086394670054 13826361817625186073
1 0 0 0 0 0 0 13827471492982310191 13825070198023368002 13825804204365361640 13829222543187821071 4607334421282863757 13830681140001494148 4599463288633871696 4599133607121982510 13830289215308844396 13831260745290842460 4598266610541968696 4607751194204804557 4590031763613243504 4596007703604879088 4606142407073299556 4599460355916603588 4596079977593999578 4606508417997476171 0 0 0 0 4607334421282863757 13830681140001494148 0 0 4606627570361631220 4598768393809972753 4596315750632577645 4607334421282863757 13830289215308844396 13830681140001494148 4598266610541968696
1 0 0 0 1 0 1 13827034962881367422 4605523461813111274 4598441896234325208 13831181156861986795 13817138339842716536 4606456005693128170 13813253404959253272 13821662790416816876 4600401428538388484 13826865594178757196 13824094394196577242 4607562082230179651 4596041586713284936 13808637933275606984 4606200645778005153 4600534853114110340 4599081895015365045 4596435207559596836 0 1 0 1 4605523461813111274 13831181156861986795 4588084553228241570 13822453931870140853 4606217693636086556 4598417768926787156 4600249390454988588 13817138339842716536 4600401428538388484 4606456005693128170 13824094394196577242
1 0 0 0 0 1 0 13826144130681623611 4604400258758186540 13801606009850951424 4589850357792161792 4604347360714726438 13828232715267729938 13824585243585974932 13819048833064382592 13826334930403413708 4601701040455034392 4607470854730502491 13824838114169564442 4595844819900344430 13816287078979730500 4604259503482022433 4582361727873581975 4594443490436370060 4602993195065350732 0 0 1 0 4604347360714726438 13828232715267729938 0 0 4603465262895637410 4600660773445158942 4604573110839213018 4604347360714726438 13826334930403413708 13828232715267729938 4607470854730502491
1 0 0 1 1 0 1 4604085137480422510 4596650130472404696 4605616543489791334 4594990291608973512 4604601839719449338 4596417265446188544 13822576792124225038 4598960192493005440 13825159068779810538 13822000961401218310 4597920634864280952 13829322140144185188 13812437600705838976 13814685155819974026 4590204166416250136 4602137280589830111 4594294327241711064 4610235978498017990 1 1 0 1 4601452065398519332 4602568511692030360 4597061925216251013 4591264503184466488 13826529628249165309 4600783317209867430 4604782908216714333 4604601839719449338 13825159068779810538 4596417265446188544 4597920634864280952
1 0 0 1 1 1 1 13812632048412167552 4606367784002491638 4607764424471725943 4607986325182385885 4604262200707237834 13824449927042463354 13819362988761216888 4599462494296734888 13823534614276781456 13825847997556457504 4567689175161127936 4599478644863668216 4590398290057069776 13818815606065776584 4605570934354846898 4600030968067335365 4602412730048707410 4600265270001728774 1 1 1 1 4601289735513342790 4607875374827055914 4585337874319535188 4602412730048707410 13830290375126997481 4590494725305410529 4597322902288638495 4604262200707237834 13823534614276781456 13824449927042463354 4567689175161127936
1 0 0 0 1 1 0 13818368431122289680 4607970827951673809 13822171185258207844 4602768202642887974 13831047831282704739 13831010024017150363 13817336141350895592 13824581689745994686 13828110110192854546 13830483758907642338 13826422752075387914 4605076446624608008 4588077554966583344 13799183232895114624 4578157260854722880 4602459204869051189 4590438242991384468 4609987821131288208 0 1 1 0 4607970827951673809 4602768202642887974 4602459204869051189 4590438242991384468 13825963418715001410 4605219431402371652 4600488710044947494 13831047831282704739 13828110110192854546 13831010024017150363 13826422752075387914
1 0 0 0 0 0 0 13827284380284878093 4606867007921837582 4604488946700133818 4600367435278086044 13820762415544189464 13830729690269215051 13825176519979282082 4600567297024404084 13827721254145463829 4599292615051838620 13828678326548940396 4587842968068143616 13817310576666227965 4585321235568429556 4606091660062030722 4600087596738643898 4602648323851995586 4596100767872688734 0 0 0 0 13820762415544189464 13830729690269215051 0 0 4606096652329821631 13810094843470305621 4602206803402325455 13820762415544189464 13827721254145463829 13830729690269215051 13828678326548940396
1 0 0 1 0 0 1 13813997954501072224 4607229872734342699 13827687266287269873 13829321276812165144 4600572777200240012 4598390458827773088 4601762615551477868 4598100388575230912 13830628284361028267 13824746736696375070 4605400222198665398 13826203102029292397 13819491850793839650 4594742368557210216 4598999088290356032 4587001421105102017 4602657513563563991 4609288235978617601 1 0 0 1 13813997954501072224 13827687266287269873 4587001421105102017 13822136468243569415 4604860665570296049 4589975973311772560 4604174688531641799 4600572777200240012 13830628284361028267 4598390458827773088 4605400222198665398
1 0 0 1 1 1 1 13824974597632497426 13816149760093611584 4602756871260234434 4604061072984419310 4597777827556640232 4603523572592285944 4598650311912191806 13799963440135060544 13810492576567418560 13831363096128524129 13827435962638736565 4603632585009444964 13818172399254622141 13800100018622628352 4604103175514398113 4594845901885194801 4594151912731579662 4608542204556808550 1 1 1 1 13822023290024548433 4603408972122326872 4594642199912456095 4594151912731579662 13826563997500996178 13815206495534149082 4605602108164353523 4597777827556640232 13810492576567418560 4603523572592285944 13827435962638736565
1 0 0 0 0 0 1 13830806233144030193 4604370132480612052 13829876018860244443 4583082421323584832 4584055486501594560 4599400497839454836 4596632406728016724 13799626416765546752 4603376517921674118 4598398031192893320 13816191680507343680 13818457376178264800 4588983718657214064 4590078621802965080 4606173278523990275 4596064397665002722 4592484542661505100 4607852462588017938 0 0 0 1 4584055486501594560 4599400497839454836 0 0 13821204931656103694 13808003828811216868 4606913553487150291 4584055486501594560 4603376517921674118 4599400497839454836 13816191680507343680
0 0 0 1 1 0 1 4603119925252744196 4603330664032500320 4602457053341252468 13819449005620263696 4599300350431672728 13829021525407421870 13815321455113760848 13823001249825396346 4607584582380570015 13831092399143338662 4599830065400846996 4604229716109150274 4596310272039245526 13815332165100117994 4591682253788732720 4601654068214773350 4593632385004687945 4611002287908241006 0 0 0 0 4599300350431672728 13829021525407421870 13815321455113760848 13823001249825396346 0 0 0 4607584582380570015 13831092399143338662 4599830065400846996 4604229716109150274
1 0 0 1 0 0 0 4596453997791605696 4605096575010853026 13822485998642769948 13830876185141566005 13826028541980189924 13830388774311964140 4599753575866902114 13823499501133705096 13823754770530476804 13830363137396977425 13828580282627256367 4606851927386002822 13816193745225485437 13813580529106718141 4593410440379388472 4584245193880209538 4578683024544161705 4610775043584050609 1 0 0 0 4596453997791605696 13822485998642769948 4584245193880209538 4578683024544161705 4597212287138606519 4599119091422232223 4606521866335862976 13826028541980189924 13823754770530476804 13830388774311964140 13828580282627256367
1 0 0 1 0 1 0 13829660642173919522 4601542115475881228 13830709276823553994 4605075312372521274 13829604395581418239 4599143453697296984 13822458917905063992 4601950203803841554 4600803666331630272 13814636475262019824 4606673253988529142 13821073511609361176 4593835951141331230 13806137284592892624 4602776920930139784 4602338367403412994 4585435124401857651 4604583209356489793 1 0 1 0 13829660642173919522 13830709276823553994 13825710404258188802 13808807161256633459 4605801443239759343 13825262895552017892 4598603710366540457 13829604395581418239 4600803666331630272 4599143453697296984 4606673253988529142
1 0 0 1 0 1 0 4600676110981067836 4607528363325513425 13831444276605435839 13826290625522817410 4603062485767359228 4608061872257878669 4599400885961361544 4594466022171826848 4601481794917773880 13825117561637193444 13829052739005792784 4603019101983339156 4594855866719207262 4585350942855067496 4584200892748826720 4593619725848574807 4598107947237466242 4607966496899868477 1 0 1 0 4600676110981067836 13831444276605435839 13799745203885526001 13817806900767745341 4606675167976677905 4590121672916066533 4599473405003377519 4603062485767359228 4601481794917773880 4608061872257878669 13829052739005792784
1 0 0 0 1 0 0 4603203297601332168 4603267295992501262 13824011097248681634 4603825066460126342 13823550271765384730 4607099654571261758 4595532213210311264 13825996147272928610 4600235828145394052 4600118238035438068 13831441391977690619 13830960880942215629 4591378540476953040 13818383750767403724 4605103394780835633 4592495387506901170 4596923251810235379 4611375678662141161 0 1 0 0 4603267295992501262 4603825066460126342 4592495387506901170 13820295288665011187 13827942088041378629 4599441469512409192 4603824376615840123 13823550271765384730 4600235828145394052 4607099654571261758 13831441391977690619
1 0 0 0 0 1 0 13829072464940209320 4602884875475546684 13813641801723570544 13830255933618706564 13812633836580063552 4604223610487187160 13817613015574058744 13821961921151952670 4599543875096256656 13817085375678031296 13830953269365015533 13810431168978083200 4591982608112981664 13816614399070776768 4598358367398338756 4601779779649319663 4592447825642879707 4593412052548907093 0 0 1 0 13812633836580063552 4604223610487187160 0 0 13827949030278212115 13816380375486749798 4604424947700728000 13812633836580063552 4599543875096256656 4604223610487187160 13830953269365015533
1 0 0 0 0 0 0 13827567804653321198 4600788143884416880 13830058195184046727 4603934665304072058 4603339757182112836 13827265118639686548 13819575282469352924 13825345693242776256 13826318269708616006 13827568263546557258 13803557831893686016 13815468081113522608 4594353362426403152 13814815736830643552 4599935765940858566 4585081750227407806 4600373865316154295 4609537594423815474 0 0 0 0 4603339757182112836 13827265118639686548 0 0 4602811774259854039 4600102291195391629 4605196160758786523 4603339757182112836 13826318269708616006 13827265118639686548 13803557831893686016
0 0 0 1 1 1 1 13819337624955282312 13827870590819391907 4596774732590042376 4604600331093758884 13831360111970057038 13798858017982705664 4591504818352497752 4596613237367004748 4603020121726114700 4588753922791836736 4589286984349784592 13822783350044314506 4589538097390885244 4594783744014247756 4603520296239696098 4594566298797316158 4595363950345612606 4606503790592447184 0 0 0 0 13831360111970057038 13798858017982705664 4591504818352497752 4596613237367004748 0 0 0 4603020121726114700 4588753922791836736 4589286984349784592 13822783350044314506
0 0 0 1 0 0 0 4598221436134961640 4603979133697588670 4605660799684452902 13804275581648268288 13808180412375940416 13831011491929065816 4568101895231419648 4574124023630612352 13827216710943000926 13823151949910807826 4603675436846343292 4598526359749437788 13815165133602866260 13818404935941829416 4603105020732825011 4599797984005607733 4601776172969359238 4609551605825043187 0 0 0 0 13808180412375940416 13831011491929065816 4568101895231419648 4574124023630612352 0 0 0 13827216710943000926 13823151949910807826 4603675436846343292 4598526359749437788
0 0 0 0 1 0 1 4603753087197719828 13831384362302213915 4603109561404612568 13831121868212935949 13807827941373601536 4604859590017284990 4590129496353232056 13818667100045046052 13826466199445986937 13822197497067572288 4603195199404215080 4606044216905159802 13818510287326505447 13817897297122036524 4593992054533955848 4598482075629136188 4601006197140633192 4608249956941222526 0 0 0 0 13807827941373601536 4604859590017284990 4590129496353232056 13818667100045046052 0 0 0 13826466199445986937 13822197497067572288 4603195199404215080 4606044216905159802
1 0 0 0 1 0 0 4599664881910092980 13815662963244009088 4604926438424860876 13830628564633890737 4597936127279289648 13831096163801983708 4597183300674123212 13824596330916279876 4604551704641997532 13825691935583769858 13826553986483920053 4607433264341777083 13796960956088010816 4595183623241886744 4590429710819148088 4601969219366786208 4597258968784088837 4609273762528867553 0 1 0 0 13815662963244009088 13830628564633890737 13821108641090659944 13818961448237885406 4606515022527419741 13808958140138338409 4600442838210641226 4597936127279289648 4604551704641997532 13831096163801983708 13826553986483920053
1 0 0 0 0 0 1 4591297453283790912 13823678877683940594 13818517381972985784 4604543000806249028 4607596114161617345 4599738880922274392 13812008549752972256 13818221749428663660 4599747669528194936 4595059642080641112 13828327773875335564 13829633263447827439 4595709866754357838 13809523963887680680 4603015902336168029 4590749971812510319 4595920905398790968 4610498288661689711 0 0 0 1 4607596114161617345 4599738880922274392 0 0 13823698326613172948 4604784909900726376 4603310438542377961 4607596114161617345 4599747669528194936 4599738880922274392 13828327773875335564
0 0 0 1 1 1 0 4605159847937809388 4606491793191232274 4602602076440002776 4605098620170297690 4601000106395840828 13819618895241060688 13822564740750635976 13819668972492837244 13822361400999349342 13830778080622627702 4603186570451187988 4607053074613926490 13818941392703510372 13815159514392211812 4607117662153703599 4598639491949892036 4598770021783816124 4607059604401421923 0 0 0 0 4601000106395840828 13819618895241060688 13822564740750635976 13819668972492837244 0 0 0 13822361400999349342 13830778080622627702 4603186570451187988 4607053074613926490
1 0 0 0 0 0 0 13829211548918561782 4599546334861245176 13829989668169750387 4592035328992073840 4589566271218570624 4598459812013934796 4600799909102304836 4599498699050303720 4604044553128882568 4604891682595260594 13820199510332955432 4597486545188989152 13817680499824099309 13811212243476142268 4592852630521685512 4598020707020807708 4590646928013625823 4602757411186471991 0 0 0 0 4589566271218570624 4598459812013934796 0 0 13822694726773086457 4596322981772988344 4606538615880723909 4589566271218570624 4604044553128882568 4598459812013934796 13820199510332955432
1 0 0 1 0 0 1 13828847627373090487 13829903971641870780 13829140256517148246 13830630884184367091 13826520128302472805 4598022870269235816 4601845398883171818 4599690120911838194 13828252039479024374 4604930245325180962 4600953042256407868 13825334143652270354 4592920219614349432 13817330119866553624 4596806786430251548 4592260946652216133 4592722539037452444 4606390504450271451 1 0 0 1 13828847627373090487 13829140256517148246 4589538178000593548 13816094575892228252 4604046699039937457 13827002527596708699 4601892418694013224 13826520128302472805 13828252039479024374 4598022870269235816 4600953042256407868
0 0 0 0 0 1 1 4606601717311628954 13827842653214096815 13828743278183815428 13809862669217628480 4604066900535343244 13831282448964664657 13808224892545565152 13818091903096077848 13830346443451144207 4607529592059439423 13827010479163745815 4604369927924100370 4588729800291538992 13815234773366187959 4605792794981472839 4594106729124960456 4583484898029272892 4596338154883139574 0 0 0 0 4604066900535343244 13831282448964664657 13808224892545565152 13818091903096077848 0 0 0 13830346443451144207 4607529592059439423 13827010479163745815 4604369927924100370
1 0 0 0 1 1 1 4589982283171378416 13829741461439042376 4606030990405328182 4606378841840183406 13823693499412621794 4602752503577162510 4591645615231868864 13817679463153280648 13827354715236759031 4605901371716166682 13828787843663449058 4607209888000962001 13813041108821294598 13809108670753435128 4596104905745093264 4600032242334469903 4597551777885426432 4607574326895313569 0 1 1 1 13829741461439042376 4606378841840183406 13813784024182719066 4597551777885426432 13828871100318201652 13824854255946011203 4600668643232312853 13823693499412621794 13827354715236759031 4602752503577162510 13828787843663449058
1 0 0 0 1 0 1 13826827002622813517 13819913256250645256 13826455614104361497 4598454474135412724 4607666718676628023 13805678938295963136 13822250083700523638 13812634828119208200 4597396781615261928 4602137869765372792 13826547604670014430 13830635597572277472 4595131151262121680 13802398298881520976 4604280305752776812 4598791861991040056 4600960435703445054 4609700604730505810 0 1 0 1 13819913256250645256 4598454474135412724 13821209974667036856 4586147384431949256 13822007468734911610 13823308300911901103 4606247291123734367 4607666718676628023 4597396781615261928 13805678938295963136 13826547604670014430
1 0 0 0 0 1 0 13825977175374020738 4586542871719356544 13820342424334113472 4590357680931405440 13828734120424931464 4592025818259489056 13817773397354745040 13823567462278120210 4602718371508117838 4603382442221416578 4607489032254208641 13827477292242430346 4586242278661315168 4591555754659417364 4596495259707800708 4598611307677900466 4599609879607782485 4595298450594350297 0 0 1 0 13828734120424931464 4592025818259489056 0 0 13797543023266516859 13828254868487505311 4604186386324791388 13828734120424931464 4602718371508117838 4592025818259489056 4607489032254208641
1 0 0 0 1 0 0 13826798909943868773 4607404275818505481 4599552104138494088 13825533876917526622 13831073144512158544 13822192912281562410 4594532251457780088 13822213188427990260 4607909857729969459 4601997404584944920 13823303149146793088 4596140929922130432 13817186635230314888 13817017774195529972 4600932140212353014 4596592770847279857 4583017542592546532 4607977265561868691 0 1 0 0 4607404275818505481 13825533876917526622 4584704242537230932 13806389579447322340 4599792181479950271 4606002188626099524 4600153247788665568 13831073144512158544 4607909857729969459 13822192912281562410 13823303149146793088
1 0 0 0 1 1 0 4604084209017318652 13821092472120305672 4598553662681002688 13822224040708082014 4602491897516461944 13820775317507706084 13809806544706296528 4596547706817268220 4608005557063470545 4604010200059458856 4601822832843872804 4600782067838923504 13813057313777887280 4591387913780154952 4602493611051842760 4599610799311214666 4592245463453668176 4609621463570739028 0 1 1 0 13821092472120305672 13822224040708082014 13821661871920711142 13805420881501744040 4600368186198512805 13818122817319376018 4606419653287468548 4602491897516461944 4608005557063470545 13820775317507706084 4601822832843872804
1 0 0 1 0 0 0 13831407771144674436 4604449648220713302 4606166402372665658 13817519376439066464 4599021126502216264 4595733693188782240 13808061497847425440 4599954384683522616 13830558330357673402 4605408142004049574 13822537922940157698 13826007168754290794 13799592244135467440 4591823993544720616 4594680160854455076 4596874227900356309 4599386977510100033 4608555095236873239 1 0 0 0 13831407771144674436 4606166402372665658 13812794194742072143 4599386977510100033 13827931844325549892 13827423376229103562 4598503965597107999 4599021126502216264 13830558330357673402 4595733693188782240 13822537922940157698
0 0 0 1 1 0 0 13814549005407506272 4605039123331109216 4607930973369376347 4602991091583415830 4605023314952201318 13812247396528901184 13823112885003610666 4585935372098528096 13829125153529151391 13826605240481419183 13826433497990118763 4603941365647256206 13818784882575092509 13803535526595165680 4601954438536954474 4591419961648144559 4597786237383677361 4608555473110694377 0 0 0 0 4605023314952201318 13812247396528901184 13823112885003610666 4585935372098528096 0 0 0 13829125153529151391 13826605240481419183 13826433497990118763 4603941365647256206
0 0 0 1 0 1 0 13824514389323247530 4596542498233362472 13830579182984565742 4602840725595637112 4604473084422024784 4595202886269113080 4601149420945016078 13808763513609406448 4607436736351579047 4606380760687807918 13829180806437205774 4607273393616763463 13817810351952412424 13809929025431018552 4586795976206991152 4594487923004493006 4588055456373631108 4609100721732738809 0 0 0 0 4604473084422024784 4595202886269113080 4601149420945016078 13808763513609406448 0 0 0 4607436736351579047 4606380760687807918 13829180806437205774 4607273393616763463
1 0 0 1 0 0 0 4607454197117320905 4607357621113850539 4605302824270333698 13830847667193767729 13827024250971731510 4606782831515595986 13822609344315863650 13818399518500595684 13829003200746539186 4589510075191145328 13826049090278404270 13825545101501240110 13816576688900093248 4596191083168690742 4605656641025843316 4585721404527884404 4587297178814148535 4608636956145400177 1 0 0 0 4607454197117320905 4605302824270333698 13809093441382660212 13810669215668924343 13826606263303815072 4605062395916241282 4599364734776227238 13827024250971731510 13829003200746539186 4606782831515595986 13826049090278404270
1 0 0 0 0 0 1 13825982099188726554 4598497457461961176 13822493938442381182 4599322267722396908 4606888675237027862 13823345433592842114 13816602177069385968 4582116097295872032 4603698064808285330 4596504593781522112 13819742657995303600 4585307089693204832 4590373340984917688 13819364185824498736 4600198281286922510 4578701395657671966 4599472888726192806 4609514617153155158 0 0 0 1 4606888675237027862 13823345433592842114 0 0 4594922691311378283 4605074296026899457 4603784374312747134 4606888675237027862 4603698064808285330 13823345433592842114 13819742657995303600
1 0 0 0 0 1 1 13831213693396395018 4598019869431541264 4607817241545759715 13826823374407830679 4604266184287942282 13823903620464361856 4595653853180677260 13816525531547305208 13830347328869971869 13828740096173780611 4607587880877692141 13831306713528487212 13813527608735537031 4584945203853453728 4605612905664748302 4598246157690329643 4593155472561827897 4608606970914008772 0 0 1 1 4604266184287942282 13823903620464361856 0 0 4600918401389434277 4603810877965631571 4604195188993676054 4604266184287942282 13830347328869971869 13823903620464361856 4607587880877692141
1 0 0 0 1 1 0 4601424414196101144 13830650062840022158 13819009773847786352 4607791225039664683 13825027814880690886 4599955782491162800 13821027606079726452 4596024242692011740 4588155585345022528 4580728716589466752 4606041386762693598 13831286564112266413 13819453980516488464 4592059387826909344 4604573828821528498 4602069993849647966 4600878204958034115 4604154352657675546 0 1 1 0 13830650062840022158 4607791225039664683 13824289488138081406 4596096670437241603 13829280947988632172 13823854006231886760 4599908426116020750 13825027814880690886 4588155585345022528 4599955782491162800 4606041386762693598
1 0 0 0 1 1 1 13830919842435192615 4590454240231117632 4606374344875510090 4594488906001766128 13808157201311896864 13831176105116189238 4598992286494621330 13822939353887995638 13823247571654940546 13822000192939655504 13824852364654621020 13815188633553851632 13816718488248423287 13815447916458135735 4595862602425142552 4601079280139347786 4597099256491715632 4607740066079809900 0 1 1 1 4590454240231117632 4594488906001766128 4596688578961732004 4594561738024721731 13821472535212194937 4596131001729350897 4606725811409663128 13808157201311896864 13823247571654940546 13831176105116189238 13824852364654621020
1 0 0 1 0 0 1 13830916468485783898 4596830713551557224 13808695944384506784 13830452435894542752 13826407111429119396 4606746613725878106 13825075300246635856 4596216208136935848 4607935736466192731 13829719328914938100 4602322005629901148 4608063235530147515 4588208488230716208 13817471555438262926 4605544179376972984 4601598829649955935 4586039081602976825 4607671627453795215 1 0 0 1 13830916468485783898 13808695944384506784 13824970866504731743 4586039081602976825 13815305525123932679 13829675564405708947 4601217382339812270 13826407111429119396 4607935736466192731 4606746613725878106 4602322005629901148
1 0 0 1 1 0 1 13824363043137832586 4603687636416275228 4607036188875470590 4607762574553913799 4605836749670420458 4597721945455258992 13813919292871035552 4596281807524999296 13823735658728517430 4607465454412180107 4598278220325283144 4604101973460994316 4589829017188928736 13808553352637543820 4593569709980436256 4601706587653980104 4596338173496962825 4598492305230520431 1 1 0 1 4592075315416858460 4607435939195828899 4601706587653980104 4596338173496962825 13829537981812351766 4579445317219934357 4601980930500986499 4605836749670420458 13823735658728517430 4597721945455258992 4598278220325283144
1 0 0 1 1 1 1 4603122702567451964 13828884161445564358 13830115970946292780 4597964530728243336 13828811655134627246 4605640926229813682 4596182688105025240 4601937710732606782 4594824340917735648 4604169325406446698 13828742888653570000 4595533249037617560 4593829302193051234 13811377566439305312 4603407528457761343 4597255411322766333 4600394554243850817 4598746348655037713 1 1 1 1 13817318901191984404 13823413243709495306 13815411388585812843 4600394554243850817 4598980599877940502 13821458059632756650 4606488621276079175 13828811655134627246 4594824340917735648 4605640926229813682 13828742888653570000
1 0 0 1 1 0 1 13795307634825187072 13823729964329191490 13829229675642283948 4590487541750418848 4588888063900660928 4607965293558836843 4601969623538402818 4599893309875597118 13828366852697075988 13818862761165698232 13828157207815282540 13825737892154264114 13810742513565370356 4584840278680573496 4593069087089308376 4599425040620936518 4599857607209810868 4600146038781917720 1 1 0 1 13819308951823957374 13823998185879006712 4599425040620936518 4599857607209810868 4600992895785798376 13817063522007593999 4606326937764991901 4588888063900660928 13828366852697075988 4607965293558836843 13828157207815282540
1 0 0 0 0 1 1 4590099295965791904 13817157129467516744 4600523189767222880 4605916816786869982 13830755245380493395 13828550737981964280 4595155844319460104 4595825529115441008 13815045959484346384 4604691105582211136 4601204528743762732 13828089657560392188 13810568499053174840 13811514889295454728 4592072197046609648 4601136050969169459 4595936594963306615 4598194764326526638 0 0 1 1 13830755245380493395 13828550737981964280 0 0 4604129015790011021 13827219108572841904 4601023365729837066 13830755245380493395 13815045959484346384 13828550737981964280 4601204528743762732
1 0 0 0 0 0 0 4603756105836521696 13826872671168603641 4601398105677485712 13823824908735502016 13830141991239351439 13826190344684777664 13817081973909444860 13797005313892249984 13830861523807377232 4603358180909538422 4600276548612798216 4607382321351688443 13816250119905400509 13810421166740941464 4597970707223337412 4586993681036664510 4594814716178745664 4606369250418882415 0 0 0 0 13830141991239351439 13826190344684777664 0 0 4601792956795103892 13827535320562790124 4603540263611200462 13830141991239351439 13830861523807377232 13826190344684777664 4600276548612798216
1 0 0 1 1 1 1 4601162751387188912 13826065156312033704 4606206876788321002 13823292746191638890 13823181373411858424 4590819497184289792 13825486326523685940 4601902342143747684 4607927472221290199 4602117302212560088 4599268558276757228 13826327557130031528 4589975914209375140 13804533142409867520 4601587909534066562 4602487634005399107 4601402298829646001 4608590745560584887 1 1 1 1 13809711531309290112 4598578732451471925 13825401214351735909 4596107304786452961 13822220713588992643 13816064686004484050 4606743888608929275 13823181373411858424 4607927472221290199 4590819497184289792 4599268558276757228
1 0 0 1 0 0 0 4585029056768790272 13829802071054202660 4598368412100373300 4599658914190263964 4606077372056065162 4604611116579569842 13819536151530754496 13824929438029363806 13826585044948060790 13822807766227346432 4607698573717752173 13826021714806254070 13813931921747377664 13812547421098351962 4604715423923156277 4592748911650939742 4596647778400164824 4609068576308771276 1 0 0 0 4585029056768790272 4598368412100373300 13814071322931373920 13820019815254940632 13822767236153745674 4592544817391343295 4606658702054541016 4606077372056065162 13826585044948060790 4604611116579569842 4607698573717752173
1 0 0 1 1 1 1 13827326041226085237 4595384858421198424 4607832741352072075 13820818289788535672 13818624641155827904 13828427588176930152 13793686885140251136 13824388278192259202 13822152492247187418 4599578995097613456 4606456484064303818 13828355818834536974 4582619880550122984 4592789022591952548 4598853001469074004 4596291030138725413 4601353261033567609 4597196296324376394 1 1 1 1 13820989207732045758 4601909906115950136 4590244879984011780 13824725297888343417 13823128695629255117 13821214272371650451 4606370955529985248 13818624641155827904 13822152492247187418 13828427588176930152 4606456484064303818
1 0 0 1 0 1 0 13825550923777869608 4607639906981653737 13825882505020650142 13824624085631450196 13828461974749002868 4594756925041627416 13820704636425764684 13822904080453544042 4604437368575377406 4603596751708570870 4607812661317549927 13809224281251067392 13814549044111367597 13817634045475788410 4596291668338076060 4594717156097173870 4601572929462316146 4603207182184274033 1 0 1 0 13825550923777869608 13825882505020650142 13818089192951949678 13824944966317091954 4599836330015086313 13823351486153603438 4606028979657116630 13828461974749002868 4604437368575377406 4594756925041627416 4607812661317549927
1 0 0 0 0 0 1 4607583090862089067 4601920514228233384 13828741224212754250 13821709757212474596 13822252507205216364 4607206214077939367 13824598105006845702 4598728653570495982 13808329853451938176 4593346210527205776 13830835740150206679 13830812709947514225 4594019082477953446 13812814457828204858 4597380639769726644 4595583176012965153 4600138169219865208 4606638159546501989 0 0 0 1 13822252507205216364 4607206214077939367 0 0 13829455249488376742 13819632787840995275 4601532690311821669 13822252507205216364 13808329853451938176 4607206214077939367 13830835740150206679
1 0 0 0 0 1 0 13830740786816523013 13822086158947728882 4608031847214947887 13825110531633992978 4607638520998618831 13824853213151569442 13821762844885266272 4596407514631967388 13812670636922219984 13821634616613420714 4607944006729473845 4607765639632746637 13816276147198613210 13819603327860831104 4588554657579725776 4601457486230592809 4599951296494902865 4611251436487174113 0 0 1 0 4607638520998618831 13824853213151569442 0 0 4597643673690942032 4606383243961150019 4599760357001338079 4607638520998618831 13812670636922219984 13824853213151569442 4607944006729473845
1 0 0 0 0 0 1 13829040537192520912 13828896292413218935 4595496863229248016 13830885794691503634 13830092130041319072 13829951188871994832 4602011339277053132 13825544967655604990 13814672984499799168 13827965485336025246 4607127782970777810 4600450760330977096 4578570066681895504 13813674970524458932 4603771753657337629 4598469717779273683 4598071552958610903 4609785897689106877 0 0 0 1 13830092130041319072 13829951188871994832 0 0 4604970453236889353 13826395709557532230 4600438285114499364 13830092130041319072 13814672984499799168 13829951188871994832 4607127782970777810
1 0 0 0 1 0 1 4593867585877294064 13820717866152638136 4602921406674638920 4603097108322237916 4596786845770610160 13822383592196199378 4600127077771543316 4597439286815709328 13826732318503684620 13821474785973623536 13817654514845334992 4606445765708033686 4591989867301458940 13799506364588753952 4605434146594986429 4601858093625444899 4592925957102997155 4609016204594435972 0 1 0 1 13820717866152638136 4603097108322237916 4599307285933233965 4592925957102997155 13826294148827481412 13821984964183921779 4605420391797468089 4596786845770610160 13826732318503684620 13822383592196199378 13817654514845334992
1 0 0 1 0 0 0 4603507010483367258 13799646092723046912 13822091680608205150 13823736954819734278 13815458848931459872 4604742309287632636 13810391636755677056 13822727190387181504 4602663112867934972 4606984503676513242 4596487124412277752 4606756293268132914 13810781978064718208 13811606298131077436 4571896421546957824 4595250853742685247 4587261435160741508 4604098146240966027 1 0 0 0 4603507010483367258 13822091680608205150 4589711279747157341 13810633472015517316 4597178205564375753 4603435476607633661 4605207227956459482 13815458848931459872 4602663112867934972 4604742309287632636 4596487124412277752
0 0 0 0 0 1 0 13828360507766317318 13831172800743864419 13823568712721915778 4596503475734736528 4597032041073488448 13818046462268006600 13824309339984522592 4601210027973240816 4603821979413693530 13813021060886770736 13813167214074101392 13818894251192570936 13810645943489609080 4593730012311418716 4601639350646123934 4588092897928817219 4589796617016616318 4607143782349055199 0 0 0 0 4597032041073488448 13818046462268006600 13824309339984522592 4601210027973240816 0 0 0 4603821979413693530 13813021060886770736 13813167214074101392 13818894251192570936
1 0 0 0 0 0 0 13829666406735873247 13827686855720571451 4585720220625524288 13826143690165669968 4603554912043859152 13830491320619645971 13815826150512665776 4601205806499853688 4598332905054824360 4606505420653704394 13827608230710805881 13798541071850520064 4594739105140408334 13816473890338222234 4603936687117023629 4602390452545590686 4600602660766029338 4610589098967511352 0 0 0 0 4603554912043859152 13830491320619645971 0 0 4605093816972883720 4598612232388030155 4603386767794532630 4603554912043859152 4598332905054824360 13830491320619645971 13827608230710805881
0 0 0 0 0 0 0 13827931467950559698 13828095845329487854 13828494594611073300 13827848016033612405 4583738317814026816 13822492107416524952 4600619558186470834 4584684812365651408 13830062766604684234 13820612151367286436 13827611814283950151 4602557519910878784 13816396075948860247 13819730330019780709 4599448096254858086 4590127105205538091 4588765464597812050 4610223673024918826 0 0 0 0 4583738317814026816 13822492107416524952 4600619558186470834 4584684812365651408 0 0 0 13830062766604684234 13820612151367286436 13827611814283950151 4602557519910878784
1 0 0 0 1 0 0 4600057325172836256 13830085908744610270 4596555617532203728 4607774899767423965 13831058551963171272 13811837293431406720 13819375619977719004 13818595909224047944 4607203450765143601 13822648873716046188 4606878694019555618 13829584557457830568 4595772554897690852 13819048686104014084 4599961695596205338 4597182560551121169 4599185883001266257 4610952295799664292 0 1 0 0 13830085908744610270 4607774899767423965 13820554597405896977 13807506944622700793 13830254983527422961 13820877614741229740 4592504614633336000 13831058551963171272 4607203450765143601 13811837293431406720 4606878694019555618
1 0 0 0 1 0 0 4605320042459693642 4604166736940388350 13813199071786871168 4594792373101740936 13826554658116751088 4607770285237785355 13824666313408629414 4594148965307403016 13808196355816294720 4607572661981818479 4606014512152937274 13809729575063899872 4594676186151058694 13809309774751502920 4604924136104523617 4600588458373925542 4597993981886583356 4606379665258439650 0 1 0 0 4604166736940388350 4594792373101740936 13820504271763597689 4572750201220932208 13819563379618606043 4602332724150003973 4605875415362562298 13826554658116751088 13808196355816294720 4607770285237785355 4606014512152937274
1 0 0 0 1 0 0 13820417615603244092 4604946368320952802 13823953960220079122 13830464316770037991 4595211485287191312 4603276886487679620 4600151628308277974 13814298715534102280 4606188176596967998 4606650442115701822 4603444553605094840 13830746696365317283 13814259943983384688 4581675025169243816 4605620449838277858 4600765365716397455 4593433605904249339 4609201558323037006 0 1 0 0 4604946368320952802 13830464316770037991 4598879223156191295 13816805642759025147 4605806972519112142 4600784221431849440 4600071216744868794 4595211485287191312 4606188176596967998 4603276886487679620 4603444553605094840
1 0 0 0 1 0 1 4608062141780212941 13817223534662438960 4594745138528734992 13830636746675731273 13829430895429088668 13821799298973150948 13821309317935907748 13819358912164269988 4607536543952763767 13826742354728765225 4603342903503285390 13811708672379357856 13791648570036690048 4593857709456998530 4598293227369070554 4601472674439820916 4595024514746116180 4610144720349694284 0 1 0 1 13817223534662438960 13830636746675731273 13823050673502588438 13818396551600891988 4606390906504239972 13811034775192182069 4600996177867208243 13829430895429088668 4607536543952763767 13821799298973150948 4603342903503285390
0 0 0 1 1 1 1 13826371338090220855 13828999088244305218 13825979816174484108 13829508132500539234 4600511495367155636 13819195812786723888 13817302688262938008 4584647427235311808 13831060831936369122 4600684496679320596 4607488990917525905 4603746355782369700 4583719185189151960 4586208777341560576 4598876757206653764 4600921038541139043 4597826857260888995 4608137216199833957 0 0 0 0 4600511495367155636 13819195812786723888 13817302688262938008 4584647427235311808 0 0 0 13831060831936369122 4600684496679320596 4607488990917525905 4603746355782369700
1 0 0 1 1 0 1 13817149859169788864 13828669124312768899 13825530772975926530 13818060033682220760 13828875206619542890 4607440175373369695 4600139522142361538 13821810890641095740 13822649794929145198 4599944265073103336 13828304854267327502 13830075498275405942 4586099284586965876 4591578356635848028 4595312180472295568 4583955491711719530 4599413923831740960 4610100021955992776 1 1 0 1 13825317975191517811 13822667209008531511 4582560684583492602 4589357272159133051 4600821254252776936 13824978478902061773 4605428492604922678 13828875206619542890 13822649794929145198 4607440175373369695 13828304854267327502
0 0 0 0 0 1 1 4607853764266457081 13817547099654211280 13828135247103293112 4607040727178342482 4593961824600929296 13824676976124689926 13819579158422355132 13824954698907944494 4598437319874237844 4607663721161142563 13813117758555411280 13831397731735564476 4591507640445488456 13811633676372497576 4590758709228273144 4600755520363377858 4600737669799866962 4606449048887889893 0 0 0 0 4593961824600929296 13824676976124689926 13819579158422355132 13824954698907944494 0 0 0 4598437319874237844 4607663721161142563 13813117758555411280 13831397731735564476
0 0 0 0 1 1 1 13810538954030380000 13829356459298779020 4599597105272040488 13830158823424901666 4590618183562406048 4606533008960247086 13823578342880214132 4599681224524556930 13830700862117368181 13830378340140554956 13830861494811179788 13826756689932097224 13818380801670454205 4595352499759104662 4605086051010763616 4602043862100200329 4595017665899405833 4604151677314056813 0 0 0 0 4590618183562406048 4606533008960247086 13823578342880214132 4599681224524556930 0 0 0 13830700862117368181 13830378340140554956 13830861494811179788 13826756689932097224
1 0 0 1 0 1 1 4600354564757730936 4603091756677939910 13824999703508278736 4607407752794353177 13827635126156891664 4605434772042884794 13812676078973371416 13810316500521572864 13827528340668325224 4605147460420927312 4595541082133157360 4607402534275413753 4594159136426472744 13803129654376484192 4593158410668971480 4581985005351770314 4597206677851152213 4607547058403901645 1 0 1 1 4600354564757730936 13824999703508278736 4581985005351770314 13820578714705928021 4601127609777038711 4596723330990922681 4606154193303443709 13827635126156891664 13827528340668325224 4605434772042884794 4595541082133157360
1 0 0 0 0 0 0 4605256797372063766 4600360808202048064 13826623091330997621 13818824046578382800 13830075163902573636 13819651965741362568 13815000080663965992 13822614276132977654 13817244599277511264 13817317142347168864 4603569279717626588 4595497210218982408 4594497271777384172 4594041558281607694 4598671432377081468 4588493640820376703 4597001594170323625 4606742389410917464 0 0 0 0 13830075163902573636 13819651965741362568 0 0 4599554422754494338 13829113895423207346 4601475149889484065 13830075163902573636 13817244599277511264 13819651965741362568 4603569279717626588
1 0 0 0 1 0 1 4607418594475182805 4607589497630883363 13817608553281143192 13830978049507434531 13827361062436397947 4607155803413788874 4602145342885235052 4602268815084288292 13815367976965508432 13830460956429284920 13829425770355350343 13827675556364369863 13817859654297646116 4589671594760405308 4599349050544883570 4584469850827402772 4602220619665022540 4611030501162480867 0 1 0 1 4607589497630883363 13830978049507434531 4584469850827402772 4592583685949472763 4606445747845948923 4600415479348152437 4593829505098878109 13827361062436397947 13815367976965508432 4607155803413788874 13829425770355350343
1 0 0 1 0 1 1 4603863153690362816 4607096767891817654 4603630974841547574 4600280678878244528 13827886065610790198 13819683400493307504 13813964354812557296 4599110005228807002 13821077167870367892 4607481585399621071 13829713838510932476 4600089191195065684 13819020285482864356 13817392361832343894 4588912450028423984 4591091546063992819 4592025657392755322 4603403965528149201 1 0 1 1 4603863153690362816 4603630974841547574 4591091546063992819 4592025657392755322 13827623289123752899 4602997313130935027 4602753306286074947 13827886065610790198 13821077167870367892 13819683400493307504 13829713838510932476
1 0 0 0 1 0 0 13817359330562265912 13829190029215784044 13829284581952238702 13826417198088403013 13822889968135515958 4606037556127618326 4600685041257024238 13823631929533275602 4598108887669445312 13830597892670614212 4607143658540256466 13828958833259645748 4593939142476371044 13816277474680821287 4606220950061221788 4596157559343245117 4593850083442020461 4607444500765068957 0 1 0 0 13829190029215784044 13826417198088403013 4596157559343245117 13817222120296796269 4601120742727626760 13828362516817439885 4602736963312655269 13822889968135515958 4598108887669445312 4606037556127618326 4607143658540256466
1 0 0 0 0 0 0 13826710817930987196 4606428123295034382 13828511329905051192 4586786490335422464 13827381539086696409 4602557383982057056 4594102083149450408 13821113557541244944 13824166040692927884 4604757982027423854 13818207540154603752 4607875190263000265 4585542542997442088 13819089514340860842 4597625359329646216 4598799206675608295 4590491491039800495 4595461564477339694 0 0 0 0 13827381539086696409 4602557383982057056 0 0 13827176133044383396 13825942099739877028 4603620383852017109 13827381539086696409 13824166040692927884 4602557383982057056 13818207540154603752
1 0 0 1 1 1 0 13830682542499775568 13829103394948182778 13813616390856045376 13811798335720755616 4594303688390489136 4604489440596146642 13803513344077605056 4600964630445443550 4599905089462457108 4591455330973401600 4607806283586598327 4605166936704999926 4579045862852537216 4591865641369542056 4602008317417257190 4601297732424877986 4600677106353865701 4607797599400553644 1 1 1 0 13829957012146470349 13812892793644539400 13822621707269661820 13815072158113081580 4595168703699130748 13828757861388227450 4603360419785717693 4594303688390489136 4599905089462457108 4604489440596146642 4607806283586598327
1 0 0 0 0 1 1 4603297521245575816 4592983385796122752 4597160799593742280 13824705062165727402 13822318661146777534 13830794970251021413 4592692831729576888 13817839307121454260 13828954888555583647 13813121367023616288 4599807317902056384 4605162465652299690 13817525158712438167 4587782648834954496 4605960163186459618 4593773760041748452 4591857289275078593 4609795550153505504 0 0 1 1 13822318661146777534 13830794970251021413 0 0 4606228049629084661 13813002586942325339 4601645631557754751 13822318661146777534 13828954888555583647 13830794970251021413 4599807317902056384
1 0 0 0 0 0 1 13829084023648370918 13829938954076058331 13826923938714199819 4599673254870924208 4595191737125706856 13828584200936244912 13822894677424879448 13816006844687413816 13822225240738620772 13829219033224874374 13826545335730924968 13814004938347464736 4591676919916250116 4594318315939316310 4600204083492906746 4602478652347414345 4601590232176796345 4607656240900825105 0 0 0 1 4595191737125706856 13828584200936244912 0 0 4605364256010320014 4586222654730297005 4603588523040303414 4595191737125706856 13822225240738620772 13828584200936244912 13826545335730924968
1 0 0 1 0 1 0 4598623851530239136 13819268152763290400 13822522060346944596 13823775658356903828 13825242876440035280 4607943775020899603 4592339054637280976 13810464756734558912 4604390639393999474 13827309511277918520 13830058821889965072 4589898109532830976 4592381267103063588 13819486499309323607 4605376664283656165 4580351593293784644 4577880886571331690 4607651249339860672 1 0 1 0 4598623851530239136 13822522060346944596 4580351593293784644 4577880886571331690 4592668598197852192 4595148482562071801 4607000933295275402 13825242876440035280 4604390639393999474 4607943775020899603 13830058821889965072
1 0 0 1 0 0 0 13829423274463592102 4607122775791620530 4604623265237958910 13827835836852434551 13831210208848819422 4602259770753986212 4602253657818304490 13824986829859715856 4601389360947122288 4593808244006727024 4607788426175754161 13826521644051334665 13817106604891705986 13818088482678595741 4603570803297147345 4599503452657914040 4595355662714478199 4592554343117636375 1 0 0 0 13829423274463592102 4604623265237958910 13822875489512689848 13818727699569254007 13828431002799588676 13824942983336055113 4602190735806957206 13831210208848819422 4601389360947122288 4602259770753986212 4607788426175754161
1 0 0 0 0 1 0 13817486372002736864 4589296314764664704 4598540857166529148 4596221169986416312 13830987931102946157 13802547237058893312 13822545368124415626 4598218168371032284 4607249237313344907 4598481830152568864 13818610955070852264 4607379326140372093 4594001623617042104 4595821216752516672 4606471439587566088 4590269258527375406 4591883484799982631 4607689701443081365 0 0 1 0 13830987931102946157 13802547237058893312 0 0 4596275636654666080 13829870821650109223 4599567554718740012 13830987931102946157 4607249237313344907 13802547237058893312 13818610955070852264
0 0 0 0 1 1 0 13831033980397544607 4588103169838239552 13819474412814285128 13801004095654334720 13830306343816085536 13812845413578810608 13813733256203426064 13822663518645902562 4603217815583841606 13830504613275603619 4607085448266938362 4608025012312443241 4595920347440150198 13819488216359911263 4602553291276545386 4600799490010130016 4599906451087070973 4610155011835817780 0 0 0 0 13830306343816085536 13812845413578810608 13813733256203426064 13822663518645902562 0 0 0 4603217815583841606 13830504613275603619 4607085448266938362 4608025012312443241
0 0 0 0 0 0 1 4606086139760059658 4607184312917862857 13830747094816597006 4586254024750436928 13831144517109273877 13823719334255565142 13822131978453645476 4590275354612990408 4607815419171189763 13829622066032717376 4600100903878845592 13821250289949387712 4587632011671083176 4593279872729620636 4601435063489427508 4593204455866247759 4601326245182124217 4610448228070605264 0 0 0 0 13831144517109273877 13823719334255565142 13822131978453645476 4590275354612990408 0 0 0 4607815419171189763 13829622066032717376 4600100903878845592 13821250289949387712
1 0 0 0 0 0 1 13812723261266099888 13831097463289647982 13815947445007590528 13822551871426878286 4601115324913669796 4564959303934086144 13822413921059169020 13799339067795142848 13819543767180558872 13827106669826433350 13829054254576161854 13830578510650867697 4592431874657703004 13814372737209366100 4599381890965124942 4594104811407679193 4599412251027842104 4604747500664825599 0 0 0 1 4601115324913669796 4564959303934086144 0 0 13814478444998053328 4599066636677368935 4606731191840333967 4601115324913669796 13819543767180558872 4564959303934086144 13829054254576161854
0 0 0 1 1 0 1 13827682845067174303 13831422040665333400 4603629372137252442 13826489411890350806 4602947395045519752 13827081641021784873 13818548405742137164 13824617870341415866 4606810542270193982 13830580090811829996 13828845450603022972 13828368322909658148 13814900614035320407 4588538496752319512 4590445711752116928 4596690205295297421 4599903926668599443 4607849493356747342 0 0 0 0 4602947395045519752 13827081641021784873 13818548405742137164 13824617870341415866 0 0 0 4606810542270193982 13830580090811829996 13828845450603022972 13828368322909658148
1 0 0 0 0 0 1 4607764096878136709 4603886231722941810 13829156589316803314 13828687496717319120 4605125320868959004 4600321630888412864 13825488744670269112 4593859758695070608 4606094505330568614 13817321777103368216 13822707157344825194 4607549279670365293 13814868330933697936 4592065143052582184 4599480427857850652 4601136928333996223 4601412195364103303 4610085368263520359 0 0 0 1 4605125320868959004 4600321630888412864 0 0 13821786896431645191 4604796693079869118 4603802043341140666 4605125320868959004 4606094505330568614 4600321630888412864 13822707157344825194
1 0 0 1 0 1 1 13828460102805607380 13826958898437811298 4601802464632138388 13828989067650605810 4606014596191270354 4607790707826097619 13819223133933847036 13824829867425979176 4606885471793690306 4608068584851128429 4605375795502970804 13825217471640958970 13818307949270683234 13813731103570918704 4602067535372192792 4588692381268099829 4589728497620147919 4609491560713539696 1 0 1 1 13828460102805607380 4601802464632138388 13812064418122875637 13813100534474923727 13826103661509358396 13825912428736618299 4604555269063690710 4606014596191270354 4606885471793690306 4607790707826097619 4605375795502970804
0 0 0 1 0 1 0 4607569627744793755 13808356319557711872 4607999634942143993 4607841837084753879 13816857417408835312 13826355994662085433 13825688116663531530 4578398541881546752 13826819212797346627 4604992871511971454 4608047703397789231 4607670377844910287 13816102962875599712 4594882516154111142 4603789194323309892 4588559674020874226 4598724184273794669 4607864210028414406 0 0 0 0 13816857417408835312 13826355994662085433 13825688116663531530 4578398541881546752 0 0 0 13826819212797346627 4604992871511971454 4608047703397789231 4607670377844910287
1 0 0 0 0 1 1 13826390865599730151 4597693855019424592 13827526487095409829 4595430996499628368 4594341647012828104 13811063164774936064 13822071365951566222 13824626151590668252 4604866758267415328 4601398123769043816 4606620457181442082 4594188595544816576 13813170094277758998 4584245402549002800 4598842522783038358 4595092665600817791 4592064115183821371 4595639318384856496 0 0 1 1 4594341647012828104 13811063164774936064 0 0 4590569988221081399 4596823217885778166 4606945742735080352 4594341647012828104 4604866758267415328 13811063164774936064 4606620457181442082
1 0 0 0 0 1 1 13824207502144215752 13823495289953357114 4602903755709875058 4606721520549915670 13824722058303440350 13822798792729716338 4600424652422667744 4602378793003127068 13813210005977358832 4598976783332059964 4604557692249284984 13831151748297473045 4593468232729015540 13819128032121008632 4603832124738261116 4591305536216016234 4602564537519762309 4607534717807803182 0 0 1 1 13824722058303440350 13822798792729716338 0 0 4594075018782416309 13826199266549553895 4605789910960303196 13824722058303440350 13813210005977358832 13822798792729716338 4604557692249284984
1 0 0 1 1 1 0 13826346235175798112 13824253657836460942 4605828437620678486 13829255642725467631 4604052316812810232 4606051704279198906 4589756014451971312 4593336703350571888 13825028914360036884 13829198570733522250 13822411618186258804 4603563077409884978 4587251579203832372 4594421779566917846 4582270105527209344 4595037129422144346 4594713124727753425 4598155583333304666 1 1 1 0 13825447636080317223 13792579995382795392 13809859365452754449 4594713124727753425 4594512320978373867 13825829327527158346 4605924254252771495 4604052316812810232 13825028914360036884 4606051704279198906 13822411618186258804
1 0 0 0 0 1 1 4603788630247302070 13828986039875625312 13830075431304871351 4600344091336680320 4592985020194877712 4599152434596767632 4589679355306646920 4591875537999892216 13827980229680268040 4604373524987153992 13830670182729317506 13830792550700532463 13819398610814563706 4590766222372152248 4603856206582788680 4600200665876904331 4602080269070451514 4609998371022603292 0 0 1 1 4592985020194877712 4599152434596767632 0 0 13820387376525352398 4598965341656765964 4606558237475098213 4592985020194877712 13827980229680268040 4599152434596767632 13830670182729317506
1 0 0 0 0 1 1 4603470497788004344 4573354383537232896 13822162278407717158 4608004779224773943 13822743313322030796 4584100290838053888 13819275468738854708 4589757516970276232 4606885002610570794 4601298460020826408 13830964579599059811 4607394608100556329 4594342426558164614 13817987256797318856 4601856000741499454 4600321463001040855 4601672116830163426 4609319902605673481 0 0 1 1 13822743313322030796 4584100290838053888 0 0 13819007395303486698 13824911421469917976 4606114996252059511 13822743313322030796 4606885002610570794 4584100290838053888 13830964579599059811
1 0 0 0 1 0 0 4606985891951394218 4606259732297224786 4606545287018091726 13815591552124882640 4599094046692683128 13829695238205815776 13817086702596869100 13819385416014505348 13819268210175991448 13830275473029505752 13825615691733771910 13813243094623614336 4594445755790302500 13814562171173896157 4601077509422079896 4593743405539898191 4598531913572018406 4607830308654285735 0 1 0 0 4606259732297224786 13815591552124882640 4593743405539898191 4580669488767762508 4579388389295353714 4604321327274553937 4604758413502476573 4599094046692683128 13819268210175991448 13829695238205815776 13825615691733771910
1 0 0 1 1 0 0 4607801704566735233 4607578683136593925 13831229927663747514 4605021193721770222 13817369472079899200 13821252460248441204 4590925098937692728 13824839499694158454 4600399955329368968 4603919004909014420 13829469358949611579 4603344178242486626 4592044459217031512 4590751827790739364 4605404852857627083 4594246786117094842 4585524131417009169 4606742406083650077 1 1 0 0 4607690193851664579 13819564395337622796 4594246786117094842 13808896168271784977 4598640379091194840 4605508439710653273 4602777542707569694 13817369472079899200 4600399955329368968 13821252460248441204 13829469358949611579
1 0 0 0 0 1 1 4603950080098889298 13829898632852635994 4590862594604767728 13817517189610039728 13820971050428409464 13820877821095622328 13821598479296512848 4583002015604988032 13822830486778839368 4603651637964778202 4596907868653495088 13819301202258057376 4584357323929364976 4590470816725254148 4586480186078941376 4598516298068655033 4598285877416505902 4611374141110708304 0 0 1 1 13820971050428409464 13820877821095622328 0 0 4599201357386077417 13821494011708559354 4606450139961983591 13820971050428409464 13822830486778839368 13820877821095622328 4596907868653495088
1 0 0 1 1 1 0 4599938967534735592 4597040810127649696 13822268901306710140 4600918386159292672 4591871805700182800 13794973448709942016 13822923702735634516 13825601661115897400 4573417718192366848 13831191164598004626 4602039569134635696 13829065087911724368 4578508644483517600 13816222619584884740 4601861362781201606 4597152606841326557 4588425401089435821 4605243540800585086 1 1 1 0 4598773491185599324 4588246907865227792 13811029655686213478 13811797437944211629 13818625349030471063 4598415324221266628 4606730307633788506 4591871805700182800 4573417718192366848 13794973448709942016 4602039569134635696
1 0 0 0 0 0 1 13823199269679679928 13826016584863567568 4606491216726558010 4607433685817328427 13828557419194041300 4603696880953928996 13822605420677993024 13823183796784704340 4595185567869874360 13829628296245546718 13826220378856941446 4600274047228926752 4595893888929311638 4587177925342553248 4597855426413607260 4587811896652659478 4600858173551380425 4607556762305844010 0 0 0 1 13828557419194041300 4603696880953928996 0 0 13826364805701336159 13827803368941084013 4602339240818303013 13828557419194041300 4595185567869874360 4603696880953928996 13826220378856941446
1 0 0 1 1 0 1 4607406705443212879 13827061478189427626 4607429255281566257 13821721446977010128 4604622086814989246 13830738000443318433 4586866580064875536 4601641134983577774 13820085552605109664 4602926988105505340 13831039921415284495 13827088720727373077 13807475977769931888 4587513147663441328 4599464053850870022 4599794678058879486 4588360464415025195 4604419036896381112 1 1 0 1 4597051121794048488 4600833597033580410 4597257250008613812 4588360464415025195 13823162379890219640 4597489544025126071 4606387524973001858 4604622086814989246 13820085552605109664 13830738000443318433 13831039921415284495
1 0 0 0 1 0 1 13812620407436891712 4603100838881087632 4607381228906881461 13824326876677948788 13825522696633713272 13813052620452617600 4600116328906778102 4600051954986908616 13829376730532074310 13831233456806909907 13824479197084801994 4596015090257699920 4594574144314792700 4585444869077129512 4594957488019345124 4599460631549345132 4594598555734221830 4603962473697918200 0 1 0 1 4603100838881087632 13824326876677948788 4599460631549345132 4589158768356604543 4601360393748418918 4599967693454805300 4605687888323074365 13825522696633713272 13829376730532074310 13813052620452617600 13824479197084801994
1 0 0 1 0 1 0 4602088955781626784 4605061967571369534 13827588393067557336 13828479243163607940 13809950253800552128 4605894240958024262 4601464637230098102 4600795803571577004 13823409108341576220 13829228092442171330 4592463337629874816 13826453165637777885 13811106321914537268 4581882387639597456 4601773797118265752 4601430082444145273 4598973979899300955 4595083313476585894 1 0 1 0 4602088955781626784 13827588393067557336 4601430082444145273 13822346016754076763 4603924590747548666 4600559607553821224 4604192966280970658 13809950253800552128 13823409108341576220 4605894240958024262 4592463337629874816
0 0 0 1 0 1 0 13823263417160657514 13831251494454616492 13824038290151294570 4607691220647888259 4601292253772086608 4591956569977754928 4599252863484068938 13820593929793888528 4601578479291392320 13824773001684506898 4607695275813236045 13829510345412590680 4593060070474000160 4595232387497348478 4596071539609430756 4586155866813452771 4601870296688781223 4597274646783179618 0 0 0 0 4601292253772086608 4591956569977754928 4599252863484068938 13820593929793888528 0 0 0 4601578479291392320 13824773001684506898 4607695275813236045 13829510345412590680
1 0 0 0 0 1 1 13824784015002129746 4607382019259807803 13828289941736215840 4601825163973270340 13825969678317811222 13819122170324282816 13823750299659272666 4599848909830392718 13821152082300348488 13824076581155839218 4605335945016937492 4602707549955877340 4579093879301349088 4577805054581871136 4600337401548885160 4600747321161278679 4596997114866743914 4593491528891949340 0 0 1 1 13825969678317811222 13819122170324282816 0 0 4596121932325903260 13825661220773686298 4605891548354984249 13825969678317811222 13821152082300348488 13819122170324282816 4605335945016937492
1 0 0 0 0 0 1 4590689839728859568 13830709149879699166 4607964384579893597 13816401192373147696 13830828865507597368 13821902728812828464 13820656697024891460 4597786858768967680 13830871254923822725 13827510994563363969 13809949349378209984 4605110535158096740 4591305035679968632 4595594797712509764 4587318166341383728 4601017285712158378 4602336348989310140 4608008179142220079 0 0 0 1 13830828865507597368 13821902728812828464 0 0 4601476616504060809 13828967179618644292 4600257934492030856 13830828865507597368 13830871254923822725 13821902728812828464 13809949349378209984
1 0 0 1 0 1 0 13824148432089429540 4595206003525434360 13823862654676209320 13826143625904472133 13826170913447660335 13814047482344253376 4601235600178067154 4594364821639511592 4604992075022304608 4599133868254946156 4563643114872654848 13830045355783654144 4589747066795673196 4594549269151287586 4591255217173445120 4602129002751683097 4601250537809686276 4602659119689281556 1 0 1 0 13824148432089429540 13823862654676209320 13825501039606458905 13823036206753576544 4602712251792681544 13824021099218475801 4605130347224156254 13826170913447660335 4604992075022304608 13814047482344253376 4563643114872654848
1 0 0 0 1 1 1 4607461582733903465 4605843690358821394 4607623520309840273 13828548072096056152 4606835073807440062 4605436411949433014 13819613609848684472 4600812699030460578 4598495026068590204 4582763162998375936 4607749600015613835 13827850757307262831 4589390178052827784 4595121208923620746 4595291695354534724 4598777377634804780 4598844752733500093 4605992954513382064 0 1 1 1 4605843690358821394 13828548072096056152 4598020092708730594 13822216789588275901 4605462213008615038 4601161777618849676 4601155936609124993 4606835073807440062 4598495026068590204 4605436411949433014 4607749600015613835
1 0 0 0 0 0 1 13812455638231165760 13819949466812430360 4601864618562636092 13822175605842650288 13829127134417549524 4603134652399829200 13822247313048824508 4602463902867472084 4597281367484641536 13830786875645179343 13828887793267423656 4606528949389970566 4596331119183186516 13819338425103579796 4576932989043995264 4601982214996724070 4597467404659460805 4601350642282782645 0 0 0 1 13829127134417549524 4603134652399829200 0 0 13827616046213506006 13827288414340405848 4600406167896394406 13829127134417549524 4597281367484641536 4603134652399829200 13828887793267423656
1 0 0 0 0 0 0 13826324780900984253 13820198829145868656 4604115183711735074 13830849832638156007 13823241767883380258 4593662447011646080 4594465926742531492 4601168023995257574 4601065133125608184 13827812228584677317 13830666254446505605 13825472336650911996 13813602081336446794 4589500755054705740 4607050533418691659 4602199403686791084 4600205094308843028 4603427608430258299 0 0 0 0 13823241767883380258 4593662447011646080 0 0 13811851615261574120 13821785608530085442 4606849191678161883 13823241767883380258 4601065133125608184 4593662447011646080 13830666254446505605
1 0 0 0 0 0 1 13822508438951656740 4598404317108650488 4604868452721620696 13824757947484153860 4584906859589007328 13814427715450536496 13812568267184464992 4602574512233710740 13830814446371730532 4593141712838308768 4599761478196275244 13831192864281887518 4594196142717652726 13818387927758318173 4604553665941140604 4598896790746927481 4597160321161317209 4610384151963117918 0 0 0 1 4584906859589007328 13814427715450536496 0 0 13813336151194010872 13815684363503794929 4607107009364080045 4584906859589007328 13830814446371730532 13814427715450536496 4599761478196275244
1 0 0 1 0 0 0 13826383570119782777 13826789287945169762 4605276930409120414 13830498034893264216 13820983071259625652 4598911429687352336 4602006116678395130 13805702591022105152 4607982483315381785 13823807024096869290 13829155195827472992 4595244486900872064 4596290338510529930 4595823209285736838 4590300393101714048 4594571361907729133 4594848736711094046 4610569617827047895 1 0 0 0 13826383570119782777 4605276930409120414 13817943398762504941 4594848736711094046 13826660794603788573 13826517545695265308 4603677727135041808 13820983071259625652 4607982483315381785 4598911429687352336 13829155195827472992
1 0 0 1 1 1 1 13821857259146574948 4601198219837173736 13826648237331103190 4607696092364672425 13811678268699371680 13824890047456020258 4601624966659499512 4590411423322357912 13822860970172093590 13812759485825657456 4599124664125735920 13819346178847956080 13813640998300804205 4593925974041522404 4603486867104817874 4589127679541672892 4597261147633553004 4606180610361031951 1 1 1 1 4590090415753914120 4598605185370905980 4589127679541672892 4585979732421393586 13817632127632293779 4594606627333772889 4606987734035401227 13811678268699371680 13822860970172093590 13824890047456020258 4599124664125735920
1 0 0 1 1 0 1 4607825643225211881 4607396647694388913 4594576085441493536 4604476358009033216 4607919294163866131 4607587213531180749 13815965896271132048 4595772963352093832 4606850328563717454 4605566815522614258 13819306223299103696 4595641537059609856 4591880712449838400 13819422792334266439 4602749668829652728 4600284554441329812 4599647550124171403 4590731231474548242 1 1 0 1 4607611145459800397 4601324774669402248 4599618021392503623 4599647550124171403 13826750433107846651 4604342244057445424 4601677717401294151 4607919294163866131 4606850328563717454 4607587213531180749 13819306223299103696
1 0 0 0 1 1 1 13831401942703675474 4602326639803500840 4604790697234622850 4600850780970372808 13826178321493321884 4606100376529087214 13823190367835187590 13816621844034643568 13830547796379233474 4596103976910955328 13831029727403754721 4607744205181372109 13800154870267187376 13812812496708295062 4603537999532832601 4587939353592881020 4591885971237183691 4606738188224254338 0 1 1 1 4602326639803500840 4600850780970372808 4587939353592881020 4591885971237183691 13825118573428534385 4601253278703928371 4605278611775608848 13826178321493321884 13830547796379233474 4606100376529087214 13831029727403754721
1 0 0 0 1 0 0 13815619900250291248 4607317290874850349 13826502086784420393 13811826094152924576 13826284413153394305 13830592317990122836 13820337602135565384 13823429370157912472 13831124621681368558 4607101892296808934 13826505441457160316 13829666391338848632 4593814665591741304 13813521375010490484 4604787096664164068 4601400667602623633 4597018088913151935 4605806583683143261 0 1 0 0 4607317290874850349 13811826094152924576 4595637964122699282 13819127972048023810 13804382147956219242 4605235051814588105 4603766321840928563 13826284413153394305 13831124621681368558 13830592317990122836 13826505441457160316
1 0 0 1 1 1 0 4605185839377235170 4588370587609160800 4607739244138615175 13822443128504341530 13829066784609727102 13803592416658601664 13818403127969812156 4600336476241477182 13831165080990931137 13817069773175657768 13830186800891461152 13824083523120433250 4594332393078133006 4591958444596691224 4598717509464905122 4589267263072903201 4602420699301872993 4607415416066692536 1 1 1 0 4601195350160700072 4601092733984012545 4589267263072903201 4602420699301872993 13822551621145548831 4598317733976777255 4606430437687118756 13829066784609727102 13831165080990931137 13803592416658601664 13830186800891461152
0 0 0 0 1 0 1 13816826243877759456 13826908570064416325 13814641503239060160 4598689493698563596 4588942631037296320 4607919337762130779 4598811669931689448 4602195400230267766 13820069722424467388 13818092759899346416 13817165567684993040 4603563495621602984 4595203909918165438 13799707826127570384 4604290728247043261 4592542894869412558 4600627536078293350 4611450197989370230 0 0 0 0 4588942631037296320 4607919337762130779 4598811669931689448 4602195400230267766 0 0 0 13820069722424467388 13818092759899346416 13817165567684993040 4603563495621602984
1 0 0 0 1 0 1 13821127034714945124 4601772994525083072 4598054150486602104 13830656002602143094 13822920740837793142 4599478965783390176 13825782985698367458 13823858813771618634 13827194713642498351 13826863452889038278 13826841577349112468 4603271327868106396 13814160874353805959 13815173988566728599 4607092605582376389 4590318218602608091 4599993525090860808 4609214036579994424 0 1 0 1 4601772994525083072 13830656002602143094 13813690255457383899 13823365561945636616 4605360388344928638 4599207481161069195 4602848713720860850 13822920740837793142 13827194713642498351 4599478965783390176 13826841577349112468
1 0 0 1 0 1 1 4604755128790568250 13828844457948481684 13824093503621477690 4603886887254457046 4593442947781348560 13831422726715956213 13818001662381438112 4599027011382347334 13829056097518087534 13829572383155977934 4603340050169510474 13827240419691738878 13817920707311529048 13812937326929697232 4596051009621616572 4602257450354710910 4598433897106850396 4609572125592809204 1 0 1 1 4604755128790568250 13824093503621477690 4600596060329921338 13819679211152754898 4599395290721140569 4604756924275567989 4603617709728263797 4593442947781348560 13829056097518087534 13831422726715956213 4603340050169510474
1 0 0 0 1 1 0 4604694141245406652 13828848902675532924 4599952878889740620 13821798723112065804 4606920141571409106 13828712689919540380 13822509720217321736 13823872112306412958 13825646058002525792 4599495835400000648 13816978348463774368 13829107541760376982 4581136765567087232 13818602123034588997 4600518655985690500 4602445488644339760 4599950564821543059 4609918952541369400 0 1 1 0 13828848902675532924 13821798723112065804 13819009196012373490 13818702440534401648 4591550032023016186 13828161457254224549 4604228415274881957 4606920141571409106 13825646058002525792 13828712689919540380 13816978348463774368
1 0 0 1 0 1 1 4602668309890887272 13827944395446518536 4605892475268409870 4589682077759841536 4605323193733561484 4599230915052345224 13821560491305858666 4601668545660411366 4600553974395410644 13828499247014491240 4602553423109634424 13830766449526336836 13817475679566722213 13800630602980694736 4598339621557292570 4600800863189910481 4599861409185574717 4608505555373896629 1 0 1 1 4602668309890887272 4605892475268409870 13808053318322737079 4597064762357156588 13828416466350964707 4600596656635809681 4602860788846739449 4605323193733561484 4600553974395410644 4599230915052345224 4602553423109634424
1 0 0 0 1 1 0 4605497309248364250 13825496324151644484 4607412743235651069 13821126243111682184 4607836750989918091 4605964764856773354 4592226740394711712 4602185208459950108 13830996173004680063 4602767332711268136 13831385615733851437 13824442726216679120 13809290788979714504 4595717356225327840 4604554779474575928 4602124018253929137 4599208507457443255 4611150419837467192 0 1 1 0 13825496324151644484 13821126243111682184 4593534406781258322 4599208507457443255 4601018743830334282 13823889357057807526 4605653098781398089 4607836750989918091 13830996173004680063 4605964764856773354 13831385615733851437
1 0 0 0 0 1 1 13826220439061437992 4607523766791033071 13819074321024788288 13822943549771393230 13829544679851499234 4601147400220645948 13824695576862763838 13821383602341068112 13826732276556259920 4596157339856100528 4605383873617302182 13829407404620658832 4595638662939190940 13800543963924565344 4587229470111043392 4586131850127039528 4599570680694286859 4605573478684443376 0 0 1 1 13829544679851499234 4601147400220645948 0 0 13824478412005278879 13828734168766037505 4601585919057083527 13829544679851499234 13826732276556259920 4601147400220645948 4605383873617302182
1 0 0 0 0 0 1 13820679387597507192 13828372070566036276 4605743907991418438 4605006994482496382 4591093386793357600 13827111889384161888 4600944413007150312 4601036732317248404 13827582579531989498 13829585151735704968 4604206397888740454 13828501543912841462 4585361353118483636 4591532278874470136 4600512090772665988 4582592605832568756 4602426038322099994 4607740516431356844 0 0 0 1 4591093386793357600 13827111889384161888 0 0 4604067624798135732 4585949630284803827 4604978035072129680 4591093386793357600 13827582579531989498 13827111889384161888 4604206397888740454
1 0 0 1 0 0 1 4600010414352174184 4603221918508793946 13823048849759351220 4606384190700043150 4596080039264891152 4590713714715013488 13817749980699591464 4599479643756041682 4607612058716047529 4607568653016294861 13827249511022430158 4589592544912084224 13804450310824715280 13797652920439695680 4606273925157534365 4601100550952063995 4599287854727276598 4600164041544451011 1 0 0 1 4600010414352174184 13823048849759351220 13820973020035248931 4599287854727276598 4599453410656733767 4599852109378207715 4606126493020983463 4596080039264891152 4607612058716047529 4590713714715013488 13827249511022430158
1 0 0 0 1 1 1 4600049604548869384 4600715816233180256 4603246005807716726 13817691131166917520 13827971388413458022 13827979858303176564 13820567070684501920 4600250405680167768 4607209912828849107 4607701227454437859 13823260883770298498 4583495526607724608 13814911391886595463 13815107733944228631 4597182909171963644 4590793181986920603 4597272274621958150 4606125023302248967 0 1 1 1 4600715816233180256 13817691131166917520 13814165218841696411 4595303216839124198 4586620399385402939 4602084564976336548 4606129604153310988 13827971388413458022 4607209912828849107 13827979858303176564 13823260883770298498
1 0 0 0 1 0 1 13818063282474895104 4584778813286135168 13830081468697914058 4605168232050045354 4607913183014201515 4600600722341034144 4601906703105622358 4599525893936328088 13828476429943354495 4607042453256708610 4599099406250106548 13825638296130410322 4594783461882654340 13807331036884290064 4602907324785398825 4591199777350012221 4582957112522569195 4608819130580242161 0 1 0 1 4584778813286135168 4605168232050045354 4591199777350012221 4582957112522569195 13828041063551930807 13814203356038722428 4604369239110952605 4607913183014201515 13828476429943354495 4600600722341034144 4599099406250106548
1 0 0 0 0 1 1 13826215988718290292 4601913661025661332 4600790908536075292 4607916660849272453 4601009671147631852 13822259471058445270 4600128252868184416 13814192120643684208 13830227487518412984 4605370722238716500 4605769023899894506 13827877901227964174 4554500076180362752 4583684196388338320 4604146123720738391 4600169320352905056 4598683288755788701 4608010374366476545 0 0 1 1 4601009671147631852 13822259471058445270 0 0 4599293612056101146 4600446970597697139 4606033437874235444 4601009671147631852 13830227487518412984 13822259471058445270 4605769023899894506
0 0 0 0 1 1 1 4605452286750186166 13823324378712265880 4606165597635404270 4603567468795474756 4600710089043472076 13830969353646898402 4599080698414728024 13825501036564346636 4604695925089603398 4603993988154805646 4607709267360731447 13819119760762512848 4590090162004862956 13812605244129306422 4603974460082932526 4587093363953996815 4595286142478713123 4603749096237311963 0 0 0 0 4600710089043472076 13830969353646898402 4599080698414728024 13825501036564346636 0 0 0 4604695925089603398 4603993988154805646 4607709267360731447 13819119760762512848
1 0 0 0 0 0 1 4578219684053764864 13830585519146833541 4603395720927714224 4599668851930759032 4604632463217512936 13830979903390699942 13825875888249254070 13820255034947461860 13824804830786803030 13829632310224611994 13823577265889284658 13830175585840292025 4592972771291556708 4583614605017908056 4606431095734903686 4599600312472837192 4598487315992543732 4607722007390025634 0 0 0 1 4604632463217512936 13830979903390699942 0 0 4606290733273486110 4598013826852294515 4600114463074104250 4604632463217512936 13824804830786803030 13830979903390699942 13823577265889284658
1 0 0 0 0 1 0 4607934700589455717 4604281510407429652 13823941424074056296 13814778889334416048 13808281045112777280 13827711288699464148 4599962586921829862 13819862755461524420 4604780050604590652 13819681367623153464 13825709148949776420 13830876181214072253 13814760663281014061 4595292569408347588 4598745019354319366 4589773430257120671 4597840045693797458 4611670477090810185 0 0 1 0 13808281045112777280 13827711288699464148 0 0 4604967860656008032 4585870960829588950 4604079650013457941 13808281045112777280 4604780050604590652 13827711288699464148 13825709148949776420
0 0 0 1 1 1 1 4599045329167389368 13828234945399620712 13826810594213862009 13821839569846066996 4607307460815830001 13831016806055214978 13811399843030262992 4602428760690421322 4607485247885421319 13827591982226893749 4607230927420545497 13800632702244967808 13817414784301221024 4596287848485396598 4604589267140144682 4587942304642519279 4599291867636336344 4610716987030398224 0 0 0 0 4607307460815830001 13831016806055214978 13811399843030262992 4602428760690421322 0 0 0 4607485247885421319 13827591982226893749 4607230927420545497 13800632702244967808
1 0 0 0 0 1 1 13830040001975858695 13826666295460463822 13828203169278220663 13830751934067601213 4595545813307325760 4596998714062430664 4597062062329844368 4590249433172624344 4595811766201601640 4606035144163735690 4603687314353898274 4599351136695929588 13812916163430255750 13813508493783530564 4600764693324588764 4602122436023554167 4588415732402030556 4602725750426805741 0 0 1 1 4595545813307325760 4596998714062430664 0 0 13822251595452416066 4597525132154839676 4606540857576658570 4595545813307325760 4595811766201601640 4596998714062430664 4603687314353898274
1 0 0 0 1 0 0 4602242648601147296 4592329255128841296 13826549216438255712 4607780329177566127 13828266829475137692 13820487749427520096 4601633429594557018 4574629291398547072 13816196280762207232 13830929480289445841 13830486081124889524 13825625119098900218 13813408383190139668 13818136452797023184 4603763588074620596 4598409481236698007 4596761385738625219 4606656727635382312 0 1 0 0 4592329255128841296 4607780329177566127 4598409481236698007 4596761385738625219 13830196915913107072 4587394461711031286 4598614749296815867 13828266829475137692 13816196280762207232 13820487749427520096 13830486081124889524
1 0 0 0 1 1 0 13831406295090922132 4606151185747074602 13828987844843154326 4607872852235010035 4602888267046098230 4604363347665755480 4602269346976521374 13825302164791208462 4606802766752941714 4605932970353120090 4594783852357416232 4580918901258499648 13818706114308624215 13815991651061683818 4598535587512776016 4599865710927859900 4602052902859480820 4596947629949412582 0 1 1 0 4606151185747074602 4607872852235010035 4574240197099111328 4602052902859480820 13830133077381400985 4598413077470723667 4594524080872037416 4602888267046098230 4606802766752941714 4604363347665755480 4594783852357416232
1 0 0 1 0 1 1 13824424887094646062 4607724345599895299 4601622354880174240 4605544845855135986 4603273656990535888 4594418310839309648 13816958603113093304 4600414185232311258 13831297542801399301 13821636049771899704 4607080885358200942 13823887349485326258 13809189215585423168 4590456913148720588 4601904412279737618 4595805727379157052 4586229147684731421 4607756504560018506 1 0 1 1 13824424887094646062 4601622354880174240 4593681642868538100 4585816913169547224 13823405973386167385 13823145857669469608 4606030196075849762 4603273656990535888 13831297542801399301 4594418310839309648 4607080885358200942
1 0 0 0 0 0 1 13820242289521217604 13828365533358346336 13827607147381147428 13822163123355931458 4590408033620424928 13822278425002743210 4596501944474471640 13812788026250954952 4607743717973625543 4607818377136281187 13808129483699658496 4605659617301481314 13812753315069624708 13794918787997778688 4604928876462817012 4600079729601250068 4588225782500894357 4609739038697750391 0 0 0 1 4590408033620424928 13822278425002743210 0 0 4598759676691621429 4594167696714433500 4606724796155260590 4590408033620424928 4607743717973625543 13822278425002743210 13808129483699658496
1 0 0 1 1 1 1 13821940854270347302 13820006026777976984 13826695609117359878 13817682976369558992 4607770617533856401 4594319568415769216 13824164789186065330 13822312467001312480 13825243961700187442 13813452121664617424 13827789867073311828 13813343669429675632 4590960577274292120 13818080682017705682 4604765106497340809 4587985497859017376 4599048106466535451 4604013399409152160 1 1 1 1 13821170239459309682 13823477739296051322 13811357534713793184 13817744149157787606 4596445149430265505 13822709221568420296 4606529571361465350 4607770617533856401 13825243961700187442 4594319568415769216 13827789867073311828
1 0 0 0 0 0 1 13831429117043153928 13827145866380804957 4601272377288948752 4598544542406489796 13817403845612604528 4598815351979283216 4599371715333594648 4591991453942786944 4600881743734273460 13825320319315766892 13782653660412948480 4600803088816947220 13814653743893237949 4590776083783095680 4604499526241308252 4590120486966771842 4593675419128908752 4608880974087492819 0 0 0 1 13817403845612604528 4598815351979283216 0 0 13819723229708983347 13809626659816104156 4606993366123444740 13817403845612604528 4600881743734273460 4598815351979283216 13782653660412948480
1 0 0 1 1 1 0 4603647969457736380 4600932448485213272 13830852021110420365 13826223817358995771 13826581386469258411 13811286103768166080 4600108109017133470 4602451854489261934 4606231381237511138 13825786259005100634 4602825687198390182 4604825327079908732 4589950001924239736 4591719021525503716 4604612822117760851 4601421673259934938 4594525850702713266 4611417036619566078 1 1 1 0 4602726801643333236 13828686701962521642 4597337991272181472 4594525850702713266 4605177519630695626 4598415480857450123 4603320253828438337 13826581386469258411 4606231381237511138 13811286103768166080 4602825687198390182
1 0 0 0 1 1 0 4603294700322891434 13829338715253624883 13812814266708776624 4596993178143410616 4603938093374981032 13823167923727432102 4595297641318461152 13825347775243851352 13814640931237809344 13828743936548137468 13831445927101870595 13831255928325856377 4586934413882236948 13818978708524501645 4595702098975530608 4596118520102695754 4593008524022411149 4611505204497019811 0 1 1 0 13829338715253624883 4596993178143410616 13817247811879291771 4593008524022411149 13823990710448899784 13828118744600849572 4603262438092412388 4603938093374981032 13814640931237809344 13823167923727432102 13831445927101870595
1 0 0 0 0 1 0 13827602566747669380 4604293606390762072 13827331455046397047 13820627490769456672 4597530731098354912 4604433781330771532 13823830527379719306 4602023488782867108 4600958719405088912 13817518927230980888 13814533463827972096 4604895035235381902 4596024364632855060 4590395775487090424 4600470741765444780 4590405613672371187 4602453743813325169 4602140208981818604 0 0 1 0 4597530731098354912 4604433781330771532 0 0 13826746253986648543 4585079780070526738 4605524066139609567 4597530731098354912 4600958719405088912 4604433781330771532 13814533463827972096
1 0 0 1 1 1 1 4599510802444898816 4585117817332280448 4588025078339182528 13830973312746585414 4606260881253587894 4594562059992007072 13810963346830914240 4600585000278448858 13826323611633853308 13823739321781042784 13828644950283497116 4606640487019530018 4593730765940180506 4594709380102272792 4602307629899864220 4601032669323872458 4598172536054176665 4609677004691879078 1 1 1 1 4595626827354589072 13826223955078484040 4591448116753065527 4597418706870813540 4603789870309667637 4586088522624488259 4605208574276722395 4606260881253587894 13826323611633853308 4594562059992007072 13828644950283497116
0 0 0 1 0 0 0 4606494728961061642 13804239738631308672 4602309991461018596 4602690310649855524 13822445796377336432 4596229913957989792 13817958292713862948 13822286084104874584 13818971966999993576 4603568941712510318 13829778313348396176 4600105993765810048 13815525177119835584 4580435922739923480 4579822762230413184 4595739122409260809 4601116739228203901 4610946572490589566 0 0 0 0 13822445796377336432 4596229913957989792 13817958292713862948 13822286084104874584 0 0 0 13818971966999993576 4603568941712510318 13829778313348396176 4600105993765810048
1 0 0 0 0 0 1 13826119386635860730 13829316316452870756 13830228775408917988 4587807486175007360 4605824196975200558 13820113133987221168 4592506430212190952 4600483996677240432 13822270291670999408 4607062853477666802 4607603563213514051 4604418310773451490 4590026230719611324 13811036948199945216 4598224599583452426 4600827456946039677 4595236298755660002 4604294369966534512 0 0 0 1 4605824196975200558 13820113133987221168 0 0 4594841363147603322 4604397783595858083 4604531134810023905 4605824196975200558 13822270291670999408 13820113133987221168 4607603563213514051
1 0 0 0 0 1 0 13830785803583349383 4607560888233472549 13829044840008366168 4607787180106243651 4604578770309404932 4604856214412531286 4586641590857476224 4594586027739547276 4601364518597118888 4607994020285738809 13826486805989617308 4606099155362408614 4590473788431846532 4588011988581258960 4600054341966904634 4601315994506351849 4586786702859903932 4611560988965708631 0 0 1 0 4604578770309404932 4604856214412531286 0 0 13827261625056701650 4601878947538432941 4603799770425377232 4604578770309404932 4601364518597118888 4604856214412531286 13826486805989617308
1 0 0 0 0 0 1 13818490251764260376 4607611021618798433 4602477580625876032 4601049114725626268 4600963979558053048 13827437561367938258 13814477301818405512 13812570475223976048 4604903903819214248 4595719703526150688 4607142434199036634 13828335467919149395 13803551245913637400 13814968171377120013 4601787566954168050 4597602481368102029 4589209416698300860 4606107652156949173 0 0 0 1 4600963979558053048 13827437561367938258 0 0 4602942600666316997 4599910835850987893 4605151591223767074 4600963979558053048 4604903903819214248 13827437561367938258 4607142434199036634
1 0 0 0 0 0 0 13812942849723780064 13829260752535050288 4600840823889772996 4607701384675826809 13830671724207772039 4605065057198205862 4577156270770783424 13823042128800491242 4599897457432163048 4596805266811459760 13826162211244290933 4606203095775993794 13817349346884550236 13808646199263946444 4606307011461931125 4592220847065549885 4599414402212301865 4589413750787971278 0 0 0 0 13830671724207772039 4605065057198205862 0 0 13828011176512449059 13826431700740657552 4601542980328581304 13830671724207772039 4599897457432163048 4605065057198205862 13826162211244290933
0 0 0 0 1 1 0 4605860730716105086 4596530182177938552 13829970642715353298 13828092260045158080 13812809412474344160 4606169766835789506 4601292463189465220 4598811650025449708 4604764786352979134 4594249455670977328 13829687960914233312 13826533614367734062 13815447075776451322 13815646650060888346 4603810631415538035 4602001762038318081 4602668708562421237 4608243734453338673 0 0 0 0 13812809412474344160 4606169766835789506 4601292463189465220 4598811650025449708 0 0 0 4604764786352979134 4594249455670977328 13829687960914233312 13826533614367734062
1 0 0 1 0 1 1 13830720700423256469 13831380360090807460 4606403045291143886 13829898188423289782 13831178361190439283 4607238664257332291 13821991601490135620 13824727347828393452 13825760184938412070 4605283745089774482 13830622594358002759 4585971585145694976 4585499380226275284 13818782075499920642 4604192815485381884 4598191433609961094 4599227214761042684 4606925578503124483 1 0 1 1 13830720700423256469 4606403045291143886 13821563470464736902 4586573735724846640 13829519587714289716 13824413707351986180 4597160176890861531 13831178361190439283 13825760184938412070 4607238664257332291 13830622594358002759
1 0 0 1 1 1 0 13831010626950794581 13830024266144124684 4599530068496437796 13830723306925534775 13827829899167992116 4607637221305757045 4599445100348920486 4599515099861857346 4603956179853140198 13824127356568166466 13831222487904091261 13828291094813426748 4579042028810960160 4594632569352295142 4606999845205048822 4602467482137895655 4594324060329778553 4591117110962601288 1 1 1 0 13830649993925126766 13823459334279639900 4593699723481177098 4594324060329778553 4602431439934200836 13828314461676365807 4601709271187616496 13827829899167992116 4603956179853140198 4607637221305757045 13831222487904091261
1 0 0 0 0 0 1 4604495607498235784 4607157070049648194 4606846542378484590 13820221664014451564 13830589386551950291 13828940232644636498 4574660816210470272 4582662206620811456 13830900582766959849 4603306380105854340 4599575542127925716 4594917613550346432 4595701835901766614 4589205612528899848 4606897946942956581 4599447589691856217 4598180733232478446 4611408449977906957 0 0 0 1 13830589386551950291 13828940232644636498 0 0 4605139215680802316 13826848642893310726 4597679375048112699 13830589386551950291 13830900582766959849 13828940232644636498 4599575542127925716
1 0 0 1 1 1 0 13824143463439161378 4594333009403617752 13830565214765039434 4599099596857262576 13830932209037109496 4600398524353653340 13803601388810646048 13821338612896159184 13823794468425077854 4594507064535223280 13814071956529728656 13829560619795314476 13814135026555076247 13817476911432966885 4604637958154946082 4600079850197397430 4592193693909172538 4599615398155013408 1 1 1 0 13817057369255249718 13823358385778236828 4591536438618630003 13815565730763948346 4596802309141273948 13809270040297120058 4606970582828365978 13830932209037109496 13823794468425077854 4600398524353653340 13814071956529728656
1 0 0 0 1 0 0 13831407483054015067 4598457832484366440 13823288400855666770 4599951962287575552 13827618513986385698 13828734270226956816 4600597287464675782 4597412864859970312 13829591227279158799 13826686580137934851 4604585372736389282 4603853701448981284 13817486506447678808 13817842689051802815 4598415507373669150 4602347180410994382 4600764534002446596 4610933029780523228 0 1 0 0 4598457832484366440 4599951962287575552 4599690406615086120 13801844565521765428 13825613850336674958 4599885490815430618 4605463191560916490 13827618513986385698 13829591227279158799 13828734270226956816 4604585372736389282
1 0 0 0 1 1 1 4577007802876347776 4606415424275699374 4586061994426497920 13829660238438498770 13829521567591537684 13830441081930110985 13822346758179541212 4596688729686934540 4602931822407386610 13828530584989673086 13823063886577816706 13818174365892971968 4592114988260518340 13818176971696701234 4587287722915761024 4598777585214141075 4602307675827663839 4607864775886189556 0 1 1 1 4606415424275699374 13829660238438498770 4594394774696894270 13820592727833580922 4604276986123697638 4602980644669278485 4602736575967951381 13829521567591537684 4602931822407386610 13830441081930110985 13823063886577816706
1 0 0 1 1 0 0 4604650300735892510 4601602887142131448 13820605422312164484 13827599110576426975 13819207120189507936 13826066420918762102 4590120491610283256 13818147743085496720 4594780518561670536 4604016358320285032 13826252226788252354 13822971561210794998 4595199080371903344 4592660230034789868 4602661033560337720 4597819549980995591 4601357747947526297 4603094584358844347 1 1 0 0 4603395576946640845 13825111852240769792 4597532376505856590 13809802996648911480 4602950855928127219 4599790466004652947 4605172566627926635 13819207120189507936 4594780518561670536 13826066420918762102 13826252226788252354
1 0 0 0 1 0 0 4601766031473546072 13831222342950216507 13822854728550553328 4607003511620192126 13830829484329014893 13822191441198408920 13821508915894170208 13812712387168010944 4603972265677103312 13831210728835432596 4604810208918856882 13831064184354861628 4588829393042350280 4582810215223285992 4605757716439191229 4601254437318642454 4600385425102407795 4598254466807807323 0 1 0 0 13831222342950216507 4607003511620192126 13824626474173418262 4581731065742323078 13828901623360123833 13826409873388294570 4596541357181654060 13830829484329014893 4603972265677103312 13822191441198408920 4604810208918856882
1 0 0 0 1 1 0 13814529049000642160 4576624198466454528 13830315095817536832 13828899920232048862 4593533888381288320 4592455763390756784 4599220083927463984 13813055727587451816 13824877669397080822 13830876582894419679 4607219499764477273 13827140555529524097 4595685357267142616 13810109918744694988 4600316655119538846 4584972377995156654 4600626102998834805 4607990262588135036 0 1 1 0 4576624198466454528 13828899920232048862 4584972377995156654 13823998139853610613 4604449793235906657 13816854160817317787 4604542675089773558 4593533888381288320 13824877669397080822 4592455763390756784 4607219499764477273
1 0 0 0 1 0 0 13824413562914344064 13831249098455925295 4596201015203640240 13826102638771949069 4600457643152946288 13830902867325425991 13818191588954397648 13823959295554193492 4604129483157925000 13829696727792022694 4599951318312480452 13824500073578957638 4596329626496541890 13817398078564255405 4606172713802422520 4586737222045745168 4600379490628670261 4608463481165031321 0 1 0 0 13831249098455925295 13826102638771949069 13810109258900520976 13823751527483446069 4600201216661258639 13829743654246523875 4596423134182692824 4600457643152946288 4604129483157925000 13830902867325425991 4599951318312480452
1 0 0 1 1 0 0 13820921446161812924 13826012346390610174 4597666891348594816 4603250548207444478 13824541663670969628 13822445700500572386 4599186039924091442 4602313533766515426 4608040924138875211 4603429908421201828 4607541185437043393 13817983835131377952 13810508800486662336 4593986292444920996 4601548231591585990 4590480351353903282 4602539785520225589 4610624592019078118 1 1 0 0 13823623348835771374 4600871666344588830 13813852388208679090 4591964431381676473 13821778290585326450 13822459014586060548 4606433180795967549 13824541663670969628 4608040924138875211 13822445700500572386 4607541185437043393
1 0 0 0 1 0 0 13827481028335824809 13828361357311726786 4588318392853545344 4605181237425954728 4607120459152268510 4603991729696620904 4589666891026289024 4577683954726253440 13826867318723394609 4598718332912878216 13831293251423040253 4597311306326776912 13798468585310195520 4590017161049165764 4606090407377436500 4596139269551499455 4597975881344650584 4602164583248979978 0 1 0 0 13828361357311726786 4605181237425954728 4585879169677753722 4597975881344650584 13827374204709178179 13826225025840129265 4603204611644015804 4607120459152268510 13826867318723394609 4603991729696620904 13831293251423040253
1 0 0 0 0 0 1 13825976152078858750 4603222487282029644 4583929022009723776 4603014431716014360 4606115830539299174 13823393765430810930 13821880118356710840 4589844217895868992 13801091723112295424 4607439210606820021 4607315382812062829 4607579695052166655 13812009465744408864 13818692386330377212 4604394138714705767 4602254593219881853 4581957490602781434 4598123572854512244 0 0 0 1 4606115830539299174 13823393765430810930 0 0 4595679922243767520 4605331366744688076 4603397181962263693 4606115830539299174 13801091723112295424 13823393765430810930 4607315382812062829
1 0 0 0 1 1 1 4601016807910382324 4602198536426786260 4590809925299618048 13806432002678345792 13830440493710816116 13825789926937390736 13824368233991500230 13822134240610044772 13824647552844730442 13817637327127527248 4603912144057455428 4590153087885464544 4594997427119562838 4567417665821868416 4586702119714640336 4598629784192346394 4599723355066769084 4607776978109889845 0 1 1 1 4602198536426786260 13806432002678345792 4598629784192346394 13822307639767696546 4583717820183872941 4599191328354049472 4606745481657230028 13830440493710816116 13824647552844730442 13825789926937390736 4603912144057455428
1 0 0 0 1 1 1 13826711120376360912 4604298104538918234 13828128253875079822 4600603495204771300 13823088416555707602 13820853340616442488 4602509598010290684 13816258375013357576 13823398736142092576 13823773244365066394 4607131939178979070 4607597312251494409 13818288990661541404 4573264368976127296 4606829731148398973 4593834497580484347 4596236016987367536 4610635804586328401 0 1 1 1 4604298104538918234 4600603495204771300 4593834497580484347 13816423185927270438 13823709826454597769 4604402571191219085 4603764519620899272 13823088416555707602 13823398736142092576 13820853340616442488 4607131939178979070
0 0 0 0 0 1 0 4602373940112064152 4595745205260422056 4607610449289212759 4602826153657444644 13826366390661350827 13817911080310241064 4598073502766984324 4599989124045208152 4607769478744995307 4605524287892619946 13823745655914864142 4607161269271332662 13791181703780433600 13816433690686839271 4598542096404915884 4589178831000461454 4599612502186046774 4609929790250232578 0 0 0 0 13826366390661350827 13817911080310241064 4598073502766984324 4599989124045208152 0 0 0 4607769478744995307 4605524287892619946 13823745655914864142 4607161269271332662
1 0 0 0 1 0 1 4607627259438352925 13818845069625250680 4604592105906419946 4603993854779756098 13825290090824833654 13831115258246692647 4591200183985598608 4600742486969843192 4598704075650810704 4606549813007956278 13822296048434455044 4607872742045912283 4595830345425880284 13814490029996300368 4600633757506932150 4591757303337258653 4599998286644529565 4604350183681302692 0 1 0 1 13818845069625250680 4603993854779756098 13815129340192034461 4599998286644529565 13827591106663386098 13821747887804074101 4604425744723997561 13825290090824833654 4598704075650810704 13831115258246692647 13822296048434455044
1 0 0 0 0 1 0 13827281098093936135 4605535708010899142 13825262569710400356 13828098779797658606 4604317445381831456 13827824139452681105 13823799260506882924 13822849726455800276 4590966025753501056 4606298853868756654 13826123342025264828 13830796530475284525 4586045738385058540 4593941785234533352 4585890833559002816 4596675729863584109 4598731265196048529 4604722383830705148 0 0 1 0 4604317445381831456 13827824139452681105 0 0 4604818099347724519 4600947616036684139 4603050335591558269 4604317445381831456 4590966025753501056 13827824139452681105 13826123342025264828
1 0 0 1 1 0 0 4603433328236530242 13821790976535021964 13821973786391757992 4607920839967299703 4605532351781209006 4597006312924970496 13825818462921877586 13817787051505007408 4605811626429566646 13826627023210430340 13796031739173533184 4598595081863745672 13811391855726936116 4581616947577900112 4604925082476098766 4592253524475667752 4589848529963113117 4605948835386837337 1 1 0 0 4594936917910702840 4601690596697673370 13815625561330443560 13809837529152940160 13824462597410726185 4596161381383154654 4606194744135684801 4605532351781209006 4605811626429566646 4597006312924970496 13796031739173533184
1 0 0 0 0 0 1 13830613720210425513 13821377531800312968 13821453595721906292 13827447065870698313 13831389937156551327 13826077925844047726 13819304542576388136 4600124548229026750 13825862212589762072 4607984684640186233 13831232358414399811 4594626104000285888 4585514325974310888 13811640255985868360 4604067831314283047 4598661668507130623 4598373202304489549 4603713565335696026 0 0 0 1 13831389937156551327 13826077925844047726 0 0 4601454486204682804 13829183151501738984 4599213999371238495 13831389937156551327 13825862212589762072 13826077925844047726 13831232358414399811
0 0 0 1 0 0 0 4598293012449002080 13828584761909975260 13825184530501307974 4598838413341515068 4607980830098430603 4604913362073762766 4600368360285855426 13822569896955225060 4603221165587752374 4596984494494723336 4603337782464905058 13828764990004519920 13815886564233464036 13812700024398361130 4607022181549133395 4599924315564333024 4601272924602566010 4609511092305507119 0 0 0 0 4607980830098430603 4604913362073762766 4600368360285855426 13822569896955225060 0 0 0 4603221165587752374 4596984494494723336 4603337782464905058 13828764990004519920
1 0 0 1 1 0 1 4607782314829498507 4605787965469323814 13827420925637851353 4603038677399734710 4606313892841065806 4607367009835211063 4594215595013310676 13809370282958521952 13810344572888343040 4607222036512761559 4606675919962765674 4604656143783005406 13816635032253182272 4595512056682873878 4607146509980636523 4600668001112629381 4591183320213010331 4591311751019537044 1 1 0 1 4607085088164151710 13811614548957296920 4595002365267621086 13812460565214954559 4597457543130428368 4606020747459247554 4601490205047873413 4606313892841065806 13810344572888343040 4607367009835211063 4606675919962765674
1 0 0 1 1 1 0 4602334208375472736 4605419019734997410 13825927778570467548 13823311268588197914 4605835131340546546 13825530113280209120 4600489933295229272 13824333699493786112 13824754684068166616 4606518182391454382 13823121618828640610 4603551404255467554 4594729151936966942 13812609732734548372 4593061212174544656 4599773424986071245 4593849377739141749 4599068388157556806 1 1 1 0 4603962766754528617 13824619523579332731 4599773424986071245 13817221414593917557 4599968339961486482 4601587983301235679 4605628424579593420 4605835131340546546 13824754684068166616 13825530113280209120 13823121618828640610
1 0 0 1 1 0 1 13818257555365905984 13828437647602403964 4603884364345310954 13825302158024089634 4607216638544178189 13826599049679651655 4593816704930804404 4595850630873077016 13821801667583122832 4589276273608603136 4606019817930113026 4607350028262874037 13813149353814257040 4596260527652704584 4606154670399224178 4598627191207502973 4597145717167356777 4593894783493312300 1 1 0 1 13825363422530182156 4590983997360487268 4583821232154726028 13818891193924018878 4592514248821632586 13823866401513266123 4606453466192829760 4607216638544178189 13821801667583122832 13826599049679651655 4606019817930113026
1 0 0 0 0 0 1 13831345337046369897 13825443782407377426 4584504713677107520 13822881062195144000 4606365429988997854 4601373892515665280 4601815895800107328 13826017953826745828 13821031317695614220 4607429373074436071 13825072438695805030 4599667506927139876 13818855019167690572 4572138549243627712 4606980033772852617 4590240067231595480 4601840931245068663 4590612608944432682 0 0 0 1 4606365429988997854 4601373892515665280 0 0 13824435268033784237 4605437289904611575 4601348336208575525 4606365429988997854 13821031317695614220 4601373892515665280 13825072438695805030
1 0 0 0 1 0 0 4607756281066678115 4607561517880186951 13818489611958892160 13824643501806973664 4606859499273134750 4597712139703837048 13816153886994069448 4597216991790658276 4594621276602969840 4600171009985881768 4604496906407018114 13830237037923684520 4593863480222452964 13811545091960359900 4604738583926277270 4594244240697246241 4590822777834654009 4598272821406876542 0 1 0 0 4607561517880186951 13824643501806973664 4594244240697246241 13814194814689429817 4600123382674389075 4605034604128177805 4603040625067118931 4606859499273134750 4594621276602969840 4597712139703837048 4604496906407018114
1 0 0 1 1 1 1 13808886960230472384 4607547778846382453 4593648678515644368 13831101423151472806 13826164286050702596 4594736550426378464 4600443234413970112 13823554298547992948 13825319078054660226 13814337673871173424 4602950886593903186 4591538198949791936 4595614840498249370 4587633512773360216 4604987559200512545 4600357146114702923 4594529903160170084 4608159624138713701 1 1 1 1 4602876863520890015 13826021758789221970 4600357146114702923 13817901940014945892 4602884987274904459 4598836635960841160 4605405598419624315 13826164286050702596 13825319078054660226 4594736550426378464 4602950886593903186
0 0 0 1 1 0 0 13825712364952380790 13828098699252383842 13828351326852909442 13828815542144522328 13828225133387682487 4605239662680919394 4600803327372573124 13823933706494827042 4607451833745342499 13829702067911578051 4604447210346931672 4603621672179842782 4579802603831749504 4571392366390444128 4604730628809990281 4591559781640850452 4598953539533252878 4603988327598852113 0 0 0 0 13828225133387682487 4605239662680919394 4600803327372573124 13823933706494827042 0 0 0 4607451833745342499 13829702067911578051 4604447210346931672 4603621672179842782
1 0 0 0 0 0 1 13823386873008226448 13829135137842807835 13826938629713913926 4599155315552712176 13831099189086251622 13829362195693904342 4578153505640743808 13820903979534622096 4603095467149919648 13820993505375616760 4602688506905589986 4607023643069409170 4594904965006900174 13816331245231359498 4601259693458957172 4593285795445006342 4593780180650725950 4605489642728794953 0 0 0 1 13831099189086251622 13829362195693904342 0 0 4604331459212443929 13827846543781376527 4596703886597723528 13831099189086251622 4603095467149919648 13829362195693904342 4602688506905589986
1 0 0 1 1 0 0 4588862613256817056 13827509694540807590 4593948931798598432 4607860392979927927 13830934299431560614 13826740568117585925 13810927595271671776 4595952878623681348 13828862486639367276 4607626172740964147 13826883789529215297 13828670948446020280 4582255841132935768 13818758978886842770 4599720213696304942 4601903327020971474 4596787571834673322 4610007802972908316 1 1 0 0 13822462232899623180 4603954407291065307 4590942954924402896 4596787571834673322 13828097257674571560 13820406130675521216 4604036953688811491 13830934299431560614 13828862486639367276 13826740568117585925 13826883789529215297
1 0 0 0 0 0 0 4603877445821904278 4603147608053083304 13826470467711845611 13830354187140793238 13825835509173959018 4590220104574899584 13825208008890844180 4600028539129555274 4602092586417512400 13822473583696570242 13831386410205636192 13827761146100693227 13816062131123460983 4591401712611665820 4603391465024930941 4597990668063621398 4597490897164502011 4611101685483375200 0 0 0 0 13825835509173959018 4590220104574899584 0 0 4580383441737082592 13823668883422633942 4606549848954531310 13825835509173959018 4602092586417512400 4590220104574899584 13831386410205636192
1 0 0 1 1 0 0 4585267148207392576 13813292416053455888 13830156763618341108 4604427883778299234 4602281631459694940 4602890907387831404 4587768935828430080 4597675334129396264 13823320599034083714 13816038755612941984 13828376265727103608 4598955794900724800 13815460460202333792 13815909164253800624 4603401850246940749 4598532988331548927 4600007589451987798 4608618203957864041 1 1 0 0 13804434848162631904 13817253743115843364 4590652193598631709 4597701323188522102 4581875399782080761 4590728428666406900 4607148363553038665 4602281631459694940 13823320599034083714 4602890907387831404 13828376265727103608
1 0 0 0 0 0 0 13828610867556819115 13823525496367086622 13823702929129097624 4594335670440242880 13828940515890946684 13823839527138739290 13817683610831524964 4587451150794158640 4603246440601774568 4596352964314929768 4607340549595579599 4604802604654263620 13792792767299118720 13819521221299267432 4605639856537137616 4601618586475541235 4594161147250129802 4590114495909818396 0 0 0 0 13828940515890946684 13823839527138739290 0 0 4595741568362520181 13828008147824078014 4604232099891679032 13828940515890946684 4603246440601774568 13823839527138739290 4607340549595579599
1 0 0 1 1 0 0 4599034563578787532 4603402085699784686 4601691334929864508 13829951886932733871 13822127495217602404 4593501158663445888 13824788901717629376 4583569217698794752 4602096668340311660 13819280760746167832 13822087720295905174 4599377288372027536 4585290349377995988 4593686630685006302 4602940122500856504 4601394501281334207 4601387200173761777 4607481514769677042 1 1 0 0 4601579957902854996 13821329603198715938 13820962898117098922 4582136864390041300 4600175415187385882 4600266297018465811 4605900655369397729 13822127495217602404 4602096668340311660 4593501158663445888 13822087720295905174
1 0 0 0 1 0 0 4603715630802924386 13819296195750641832 4606427502742752326 4607916296245680495 13827968491397927950 13827262820062357229 4602599833849768386 4590719521559061296 13831360645440082246 13825006071394959022 13820200616468015660 4573747236862860544 4592954517432812848 4577272229603746816 4604904049036359315 4598595590072408529 4595916540744881025 4589535607773443744 0 1 0 0 13819296195750641832 4607916296245680495 4598595590072408529 4595916540744881025 13829777288124510947 13816761314096650825 4600659263996642140 13827968491397927950 13831360645440082246 13827262820062357229 13820200616468015660
1 0 0 0 0 0 0 13826929967502207657 13830704551682704906 4576187171224462848 4606047041613658654 4603143176204123430 13817077769520416472 13819819145843072560 4592549487798432400 4598540125904760192 13815668294554618016 13827533052627799245 4603315566163827162 13818096762265494293 13808127850311420448 4606765366158847506 4600139771765056277 4595576136615940153 4602862502365345915 0 0 0 0 4603143176204123430 13817077769520416472 0 0 4591432358683647699 4603991735785148562 4605000325724268662 4603143176204123430 4598540125904760192 13817077769520416472 13827533052627799245
1 0 0 1 1 1 0 13824339103667200946 13825645042011128820 13828518506268306300 4599925166906800848 13817981133542645776 4585342974922566368 13821584586781761640 13814015078327361504 4607986616628626911 4572080001837197312 13829391407183360248 4602883864857468678 4587584065835815184 4586753826845164704 4605938868316280803 4597903696657972037 4594038447997652447 4608351073832058082 1 1 1 0 13824992072839164883 13820229009892924456 13821275733512747845 13808646124891949585 4598288137188625532 13825280567976693795 4605845936848188751 13817981133542645776 4607986616628626911 4585342974922566368 13829391407183360248
1 0 0 1 1 0 0 4594225011193929264 13829272451483033446 13821893146948817058 13827964866216944554 13826796023537343465 4594300789658387136 13821719807021123732 4601233007928471308 13821412823991356504 13811407933806228992 4591297635344413728 13829578422959014651 4592622058955335764 13817794357011261482 4602876721787754933 4599427867612229955 4594335033647306338 4610780745287845340 1 1 0 0 13823504604129814490 13825886011677641723 13817959660739430744 4594271438860513394 4599764253128346807 13824707588072136735 4605736015324470122 13826796023537343465 13821412823991356504 4594300789658387136 4591297635344413728
1 0 0 1 0 0 0 4601233469853968000 13827300354551008353 4601447255607069580 13831075645059561875 13823260587913331652 4605114827005075636 4600316000514368260 13823896589944251222 4604210130905867438 13814650316909896240 4600542972904451120 4603589850024179802 13818016357095337007 13818698263004525503 4598227157168898180 4583955554376374902 4595578623004542328 4607150041046922268 1 0 0 0 4601233469853968000 4601447255607069580 13781536443739176064 13813612337529474353 13826652110777075705 4601702795824118587 4604415824771923762 13823260587913331652 4604210130905867438 4605114827005075636 4600542972904451120
1 0 0 0 1 0 0 13823211594987337270 4607486090325224119 4606424393126841994 4601481202269209300 4606704307400504074 4603971643684701340 4586864284377001248 4600430572187388630 4606698734854247402 4602848009204700330 4602098643437740160 13821912225010191396 4593887871003501612 4589696224973236616 4603074108718135227 4597757902775994186 4598484245381337294 4605161261071078889 0 1 0 0 4607486090325224119 4601481202269209300 4588939578349790692 4596157117557389659 13823451810178182921 4604955496782597224 4603164344867671801 4606704307400504074 4606698734854247402 4603971643684701340 4602098643437740160
1 0 0 1 1 1 0 13827569862398315618 13825887431273762552 4601004717114739868 4566961803393841152 13831381265601003120 4599198293924435848 13824482766891933896 4592549507531770480 13820173481389437624 13817914026427400936 13829245538177908990 13816997876426858016 13791529130554332352 13808716954106695512 4605655670455528917 4596178103630649697 4599468038946038053 4608107257136685006 1 1 1 0 13826769503024454127 4596538737650396940 13819550140485425505 4595125685933928102 13821123457283237059 13826320630242621869 4605505967679211624 13831381265601003120 13820173481389437624 4599198293924435848 13829245538177908990
1 0 0 1 1 1 1 13822393400349703132 13831308578673360768 4599248675091021744 13831269487097848877 4595129353836638224 13820475493942189848 13774135634855452672 4594556477406132264 4604116426400148512 13830972277860024156 13831132772829800391 13808835338639254912 4594106422570117614 4595565162682767360 4607181351109977588 4601878379790497181 4601067440533728012 4611466981084762719 1 1 1 1 13828142414940245623 13824692391326976130 13775694468566251699 4594556608865886219 4603277011562426093 13827217434181232274 4602965881353228068 4595129353836638224 4604116426400148512 13820475493942189848 13831132772829800391
1 0 0 1 0 0 0 13830541489402419506 4603900668471894810 4607315102616958049 4599807858594681072 4605431257287852530 4606690723827593498 4598748803589172722 4596098544374066168 13819135299062137208 4603198642503600500 13815260415405607456 4603585829377801690 13819481488067399213 4589915487946006232 4606903082814731830 4579108113545324865 4595511617071841544 4599523381062572307 1 0 0 0 13830541489402419506 4607315102616958049 4579108113545324865 4595511617071841544 13828908212170020124 13824533701313376506 4600860716317811836 4605431257287852530 13819135299062137208 4606690723827593498 13815260415405607456
1 0 0 0 0 0 0 13826987371246690929 4607547970067426071 13829394164799053284 13824611629925306604 4589306180572381216 4603061194313882852 13824669956959584228 13817442190659966116 4592545648208650432 4606488501522933014 4604423292108447750 13830402898702439287 13816978727558713079 4593966454284418838 4598887137770609826 4600623024041340311 4595442978147482763 4600521875221974415 0 0 0 0 4589306180572381216 4603061194313882852 0 0 13824212282878923872 4595362254874357349 4606292134259123612 4589306180572381216 4592545648208650432 4603061194313882852 4604423292108447750
1 0 0 0 1 0 0 4601124038478928688 4603982630892720082 13830747822684803947 4605555550808486134 4577136131353773824 13826915381120853074 13823412571782039048 13815170364957060760 13830319963492690773 13817785358436578880 13808897151156456128 4603230477879072848 4596255741539465720 13806919640776818688 4598509862722982552 4597509565872418948 4602268263326643839 4608617150313195990 0 1 0 0 4603982630892720082 4605555550808486134 4597509565872418948 4596769827993136268 13828294872630564014 4598840882502397204 4603552857939914453 4577136131353773824 13830319963492690773 13826915381120853074 13808897151156456128
1 0 0 0 1 1 0 13827916032882659858 4607869274817187807 4591480467906036480 4598582475912495016 13824178431721391370 4606021828499383330 13823281392616447742 4579037236545809920 4576095198048163200 4607221364924219239 4604026966723929062 13827298793790829934 4596371722481324718 4576832178389203280 4589792351386500048 4592017706596189447 4600639389743229929 4602785410058336433 0 1 1 0 4607869274817187807 4598582475912495016 4592017706596189447 13823189495061412115 13821722779126612376 4605263327533760886 4603216530590771025 13824178431721391370 4576095198048163200 4606021828499383330 4604026966723929062
1 0 0 1 0 0 0 13829438978375148670 13828045495702684210 13831043686288071784 4605564508051833394 4607575928820060121 13830830734102416423 13822487812476413676 4593552691719892440 4607882616204283901 13820871596394275784 4605628885830022098 13831092584556534865 13816315976443981735 13819654801589231340 4602770618109702454 4602024199006619332 4595631350945043617 4603098188268337382 1 0 0 0 13829438978375148670 13831043686288071784 13825396235861395140 13819003387799819425 4605292829404546546 13824659250746599302 4601664103990316676 4607575928820060121 4607882616204283901 13830830734102416423 4605628885830022098
1 0 0 0 0 0 0 13828205070944387395 13819319010588452672 4606521337751316602 13830849468874163537 13825134332189837230 4594249270452265528 13824527944512157856 4600107275663898354 13830073200525925886 13826710035447289368 4601618604734970288 4603009959539277914 4571035538390310720 13815235010297921584 4606518884721378170 4598644110805975254 4586486799830702757 4603785052778811474 0 0 0 0 13825134332189837230 4594249270452265528 0 0 13821136844876944986 13824699845851531990 4606040096095827425 13825134332189837230 13830073200525925886 4594249270452265528 4601618604734970288
1 0 0 1 1 1 0 4607218858225887679 13826528890564289093 13813408266960860352 13823410594530691394 4602968623547494748 4593817865052170664 4595992252047765612 4599446849983776588 4602618286190315152 4601974477069812560 4600431694341559844 4606424721164168974 4594896559978918720 4589447342881724328 4600519218966271534 4600139499630276718 4595743543250106659 4605620362048500585 1 1 1 0 4597364908175024754 13820249947264050802 13807364098296127812 13815176605109618292 4598656385645211098 4589404645869628422 4606810413605983896 4602968623547494748 4602618286190315152 4593817865052170664 4600431694341559844
1 0 0 0 1 1 0 4588599409462983776 13826623759819946791 4601927892027906056 4603440109912477070 4607707112961161877 13830749688093598344 13824051309096194556 13820978678502755064 4593739632618324856 13829722052870880211 13826368708608534453 4607434129565886997 4594460091585414956 4576342859695232000 4603307313427459490 4588214720009302940 4600115751535456859 4608448988570521500 0 1 1 0 13826623759819946791 4603440109912477070 13811586756864078748 4588023264711477544 13826449602212815964 13826475468578009618 4603903165833058533 4607707112961161877 4593739632618324856 13830749688093598344 13826368708608534453
1 0 0 1 1 1 1 4606743744869823614 4608070279606592445 4604948433660505532 13817373412030802600 13830849452316464345 13814205997033445376 13825751538705273222 4600902876312766904 13825186952873525902 4603797766521103950 4607752648466644753 13827570700666223546 13810259747341126560 13804484293088946160 4603727321206588199 4591778473891313516 4601090325394429062 4596835228949149072 1 1 1 1 4607516680720756478 4599236495311762194 4591778473891313516 13824462362249204870 13822844247895035738 4605854142601953898 4601088375209015531 13830849452316464345 13825186952873525902 13814205997033445376 4607752648466644753
1 0 0 0 1 1 1 4600111735990833600 4602262051063113220 4607765434132551533 13830418521686772585 13831370379327946080 4603959616264497908 13817609378032489136 13813520111753345328 4607443622900022199 4607876319512466887 4607590804329661153 13820680946625743872 4586940834652354200 13813384777106068110 4595931032451246616 4594655703257738359 4601827263545641153 4602054075836444192 0 1 1 1 4602262051063113220 13830418521686772585 13818027740112514167 13825199300400416961 4605290224646456618 4598274768822355139 4603196085592648460 13831370379327946080 4607443622900022199 4603959616264497908 4607590804329661153
1 0 0 0 0 1 1 4585370392627226432 4586285111335632128 4607174317741824378 4592755743307226368 4607736947807101111 4600588110735082276 13819472938932919872 4598302851300287404 4603525054814258522 4605206778662911684 4596222906424080952 13810660529379260256 4595828513536357536 4590347469734568788 4594631459992040440 4600236406935439870 4602331243010185795 4600693046849372469 0 0 1 1 4607736947807101111 4600588110735082276 0 0 13822454532982806186 4605104379350024122 4603254293031115413 4607736947807101111 4603525054814258522 4600588110735082276 4596222906424080952
1 0 0 0 0 1 0 13824486285294110696 13822937074924668022 4599760718374023672 4598746623143602900 4608014026358614805 4599144090093477264 13822091374695834018 4580637539409552032 4600470188915805288 4603200155536642928 13820348254314716752 13831374363312377899 4594775017107219454 4589084656836691032 4596404017388788528 4596254448076843532 4600703417018038518 4611548629341164466 0 0 1 0 4608014026358614805 4599144090093477264 0 0 13821169329697847575 4605667951096487897 4602684608724196812 4608014026358614805 4600470188915805288 4599144090093477264 13820348254314716752
1 0 0 0 0 0 1 13828035558239841658 13831301579245349364 13828391051715197314 4607632483465624469 4607747349773217577 4607478508367343209 4599258169929464500 13824846595208274782 13817083287249271088 13828901448850800718 13822334910320383780 13829398796276834662 4580151689857767840 4576321009490496416 4597651664548629832 4586966757489558813 4584982787082664636 4607945158567564593 0 0 0 1 4607747349773217577 4607478508367343209 0 0 13829390521375904146 4601604403224246836 4597047685447726761 4607747349773217577 13817083287249271088 4607478508367343209 13822334910320383780
1 0 0 1 1 1 1 13816287053486588720 4605572012803328474 4603585557835989178 4602574263631157176 4599996049373222368 13830210543343111581 4582775279071991904 4585665946509934656 4601255780938290560 13826385230506812300 13827749110522212151 4594038856495664320 13815939933889715210 4596273562585977790 4604769970923471990 4595150505867213038 4598734303950026532 4591482093126675176 1 1 1 1 4600037088679876980 4603106049618945611 13813633349757922198 4598734303950026532 13823224370518414192 4601229644072183502 4605744790242071201 4599996049373222368 4601255780938290560 13830210543343111581 13827749110522212151
1 0 0 1 0 1 0 13829328622717836055 13823592536149626420 13819027292863511976 4603244602143110390 13829298976551759988 4607810612303612639 13817204593352436048 13825334779071533112 13831163246016278694 13828542049856857968 13814177439056808288 13825427448952201462 13815994541321040586 13788509116648952576 4606442894481053843 4600428315348877295 4594832589998506757 4605857327134347651 1 0 1 0 13829328622717836055 13819027292863511976 13815658709845771992 13818204626853282565 4595562648694017852 13827611869101130232 4604640078915314249 13829298976551759988 13831163246016278694 4607810612303612639 13814177439056808288
1 0 0 1 0 0 0 4601277660922831876 4579618481355618816 13827749231905198082 13830529489692906895 4606821389584652690 13831383641259441193 13825482663264611124 4600479427494105160 4606661536929902206 4605974653424924030 13826856197087228697 4602968659621754812 13817307870276850886 13817515869884397885 4575813042124594944 4602399037328247266 4601363274985161547 4607669277309588008 1 0 0 0 4601277660922831876 13827749231905198082 13821060965181502088 13809487834022226889 4602886630662310052 4601756199658538651 4604701484656749919 4606821389584652690 4606661536929902206 13831383641259441193 13826856197087228697
1 0 0 1 1 0 1 4594045504860095472 4588939956173840192 4604570509085800566 4591829364010513536 4607908955716839475 4605840910664446502 4583771040211658336 13816673676916047888 4603333089848517896 4602993888066534184 4605090427666596326 4606368398509414290 4595562489936733772 4588093648691846368 4589629121190453000 4593509073461374656 4580639360958362754 4589766447357218024 1 1 0 1 4591736689017236416 4600962527376848646 13816881110316150464 13804011397813138562 13823215366461215014 13813401533936222068 4606610703383919227 4607908955716839475 4603333089848517896 4605840910664446502 4605090427666596326
1 0 0 0 0 1 1 4597179040050911712 13826591303015779334 13809954383787932352 13828950759403339046 13830840987600797716 4601056986366154532 13821524580255261824 13821855521002004580 13821538272135282228 13831270308919418049 13829489384049354460 13830641905959090622 4586022088704126488 13817571035352914968 4602131814305560400 4598987462143609349 4598205053999694076 4608625013352708806 0 0 1 1 13830840987600797716 4601056986366154532 0 0 13826252193098979392 13828407251502214063 4600580650608823597 13830840987600797716 13821538272135282228 4601056986366154532 13829489384049354460
1 0 0 0 0 1 0 13831384351225172898 13824097084669528044 13828188510201244970 4600618026048233048 4607293657327737871 4605518427363338750 13825172281217414428 4596408674340021004 13831400231271139194 4606551209161223414 4607434243469148335 13827830961836819028 4593193046172335020 13809412977079201832 4605883599308805526 4598385627037738887 4595963338588008968 4607700678318184028 0 0 1 0 4607293657327737871 4605518427363338750 0 0 13828350096550510903 4602822747378191228 4600952138950006907 4607293657327737871 13831400231271139194 4605518427363338750 4607434243469148335
1 0 0 1 1 1 1 13827193104950799583 4607313455456720397 13830587190784074501 4607839811296107863 13814060633762276928 13828700757687211060 4596479438159701084 13825269666447498740 13829150594359491250 13830673262741857029 13830788528648506993 13825874829924881614 4594896316463247298 13818958593041523687 4600965105481027768 4580116195851877128 4598618496469500068 4602738401197688839 1 1 1 1 4596414868325334646 4589661679597638288 4580116195851877128 4598618496469500068 13821366461478491736 4586048189581552006 4606900192617965240 13814060633762276928 13829150594359491250 13828700757687211060 13830788528648506993
0 0 0 1 1 0 1 4594312809503789592 4602256403538958488 13826344517907640553 4605787622862425258 13827841955846579978 13817295865967405168 13822375423347930560 13810358638331522944 4594096797487165416 13807545149741338112 4598261119324734560 13830381536353087226 13803858283259866160 4595802005841693646 4606647350898605052 4601023363949504048 4601003468941480546 4609151341059542593 0 0 0 0 13827841955846579978 13817295865967405168 13822375423347930560 13810358638331522944 0 0 0 4594096797487165416 13807545149741338112 4598261119324734560 13830381536353087226
1 0 0 1 1 1 0 13817125376761400192 13826401075009237214 13824853198499573096 13830797547099967894 13822775560896905220 4605508952357565830 13816783393660642320 4601886495489705470 4601538023484159788 4601200683997466888 4586882705872980352 13817446764608047520 13818330075392428762 4593811653274937336 4606755234907793114 4600646024211300072 4600651340639234500 4589738518014113458 1 1 1 0 13823043805285888958 13828246332904320240 13823796333083034921 4595228817086101158 4605074954872332992 13815981055569000425 4603879349045858435 13822775560896905220 4601538023484159788 4605508952357565830 4586882705872980352
1 0 0 1 0 1 1 4598344793499448988 4588014505663631072 13827685538315656824 13826580302235990324 13831105876915450491 4604230163768376734 4595677426837248356 4577140235185944064 4601909061077601076 4607902737045516441 4603912439476343178 13827555134793900141 13818861918775207752 4575848250160673760 4603532731869450415 4597838698711401447 4592611454128173598 4610519224070309276 1 0 1 1 4598344793499448988 13827685538315656824 4590748897591075700 13815983490982949406 4603906066593302986 4599526775917440375 4604477307896133674 13831105876915450491 4601909061077601076 4604230163768376734 4603912439476343178
1 0 0 0 0 0 0 4594102558994675224 4603867458554746778 4595846668031778608 4600228674079245656 13830627687933982302 4592891347394542736 4599800132240274250 4590198964261379968 4586715858097603552 13830260017056944217 4601321741453590880 13825785349155493418 13819259570494743068 4588727711807419912 4589031974345377728 4596140878062726992 4591379595258217267 4600803933826675935 0 0 0 0 13830627687933982302 4592891347394542736 0 0 13811415884232967780 13828182524382334696 4604246472679755619 13830627687933982302 4586715858097603552 4592891347394542736 4601321741453590880
1 0 0 0 0 1 1 4605473439111757162 4599863835642955300 13809905155547589504 4595679372512532976 13817996297014922960 13820015047245104108 4601720344905393338 13816701886307202184 4598414214112212576 4602702290694972530 13825994327943355644 13830846516849562834 13818954634542129517 13810313932056887840 4586800481422247952 4597296410339010097 4596574767757624974 4602022873779293728 0 0 1 1 13817996297014922960 13820015047245104108 0 0 4594922984100454566 4583224591560803202 4607063624348491218 13817996297014922960 4598414214112212576 13820015047245104108 13825994327943355644
1 0 0 1 1 1 0 13820373484380521624 13823876178858070122 4607542303755960965 4593228193167818256 4604730511909487570 13828481643230595535 13825857324579822348 13818244929074489768 13825811006395847652 13831274960740411605 13818274095958320144 13821684123050705504 13816632044537046359 13816514611228967133 4577087332366301056 4586666760402908128 4599064703678793635 4597235268370236508 1 1 1 0 13822418274624178523 4603573939910131302 4586666760402908128 4599064703678793635 13827466370857876729 13817376929151885285 4604855901716602999 4604730511909487570 13825811006395847652 13828481643230595535 13818274095958320144
1 0 0 1 0 1 0 4596046389298800504 4605536298989773022 4606652041207904438 13831166034981422619 4599011454912358088 4606906331569583038 13821879794321406400 13823043059248376150 4606503536725776778 4600735873899398132 13813526741509541248 13828916207716517434 4593981983793924242 13817726174019960037 4596695119615815064 4601403708498386655 4593270674962149840 4605447710606781730 1 0 1 0 4596046389298800504 4606652041207904438 13824529098851041192 4593270674962149840 13829512605429302582 4583363305227411262 4602068014700221173 4599011454912358088 4606503536725776778 4606906331569583038 13813526741509541248
1 0 0 1 0 0 0 13823224726589420216 4584699708913915968 13826938775451970260 13825503856272571490 13809386675880771392 13826516817877918699 13825500211594901488 13822956932778393568 4600274147459367528 13822870790194587382 4598957993872802024 13825762855514857634 13814383492161719463 4595260614665500018 4600788587561433188 4587152315993875986 4593073187882422316 4603907379657005286 1 0 0 0 13823224726589420216 13826938775451970260 13810524352848651794 13816445224737198124 4604430444575046097 13819080036026355782 4604446470656997887 13809386675880771392 4600274147459367528 13826516817877918699 4598957993872802024
1 0 0 0 1 0 1 4593724833817390560 13817990060733094760 13823602956449394786 4599662565677990516 13824769664908935594 4602198165361241312 4598747852827244006 13814048446429279800 13829609160306335808 4604570697134058182 4591489438451651472 13823094343480482746 4594787767915906600 4585041461383541184 4606760637566577088 4590930570143622084 4600352846861109366 4605838725885206371 0 1 0 1 13817990060733094760 4599662565677990516 4590930570143622084 13813295283762891431 13822344864731895805 13822250615536612244 4606380451538680369 13824769664908935594 13829609160306335808 4602198165361241312 4591489438451651472
0 0 0 0 0 0 0 13823879967651405372 13825389213035714278 13822245167301737844 4603643404864301702 13824308495146404866 4603095586598045892 4600142923995095818 4600515159703255252 13830239142196755842 4601293100257131144 13828709239423789248 13824234244578331366 13819268819459824295 4593980904566727786 4603359493834356859 4601545179834125212 4600410644005438788 4608876296366710611 0 0 0 0 13824308495146404866 4603095586598045892 4600142923995095818 4600515159703255252 0 0 0 13830239142196755842 4601293100257131144 13828709239423789248 13824234244578331366
1 0 0 1 1 0 0 13827128334096397310 4607870549480681441 13828352920336246639 4607145269746806646 4586732487589552512 4596058473248478480 13823455976528437546 13819081082394363760 13830877953009508001 13830634156857273729 13830854943777527607 4607008700610041002 4594781343691451540 4587361539950780940 4602970864456628622 4599516179419564221 4596669978629164379 4608695814077021501 1 1 0 0 4598474002837629892 4593321965724508188 4586600598775874312 4592664529536018614 13813089492540197918 4592611374244072630 4607105163575390043 4586732487589552512 13830877953009508001 4596058473248478480 13830854943777527607
1 0 0 1 0 0 0 13819384158225835056 13829390297859990768 4604711545895441176 13827018405022246745 13829830689557556684 13818526871810429968 13819194415526977964 13818575048840352016 13829805893243331178 13827327528781750238 4587034727828566432 4596849166892983472 4596042237365957232 13803078794654420528 4602707704004186271 4600336668212461283 4598803381800237659 4603798927957667553 1 0 0 0 13819384158225835056 4604711545895441176 4596239207586089536 4595849232867980454 13827624128882584212 13821985095119011948 4604347480558309364 13829830689557556684 13829805893243331178 13818526871810429968 4587034727828566432
1 0 0 1 0 1 0 4604097378819583516 4600464989154876232 13823207307990940386 4601726627210572300 13826932707275309587 13827317787456776114 13821663134741566410 4600396208457323160 13827724965651282761 13831168355327930673 4606015376162502322 13827164562406492560 4594571028716350436 4594683613415101330 4596822922172716868 4596337510806620255 4581390951379209380 4599096477332281698 1 0 1 0 4604097378819583516 13823207307990940386 4596337510806620255 13804762988233985188 4602232831063319560 4601375038895524266 4605101285409772319 13826932707275309587 13827724965651282761 13827317787456776114 4606015376162502322
0 0 0 1 1 1 0 4604715897769949838 13809856838609158432 4602768086145893424 13830710337960293159 4607531827642068337 4592235210200748816 13802282291785280128 4594943491638915944 4600136289834750248 4607594229312577987 13831396982437810935 13827886183439503336 13818163355392151149 13809932693649964436 4604434916439517236 4600883345239907774 4586073586414727224 4604800955733736193 0 0 0 0 4607531827642068337 4592235210200748816 13802282291785280128 4594943491638915944 0 0 0 4600136289834750248 4607594229312577987 13831396982437810935 13827886183439503336
0 0 0 1 1 0 0 4592008098554973472 4604949692150472174 13828478258844396583 13821411427565905264 4600002543106246024 4603663322248192798 13820720920062256304 4592043673300155152 13826177781728955945 4607438144859663843 13822665081847586522 13826961750888903170 4593783863143124858 13817999190898052079 4597192695929626780 4594417567384103654 4596420633744027621 4608657415404996844 0 0 0 0 4600002543106246024 4603663322248192798 13820720920062256304 4592043673300155152 0 0 0 13826177781728955945 4607438144859663843 13822665081847586522 13826961750888903170
0 0 0 1 1 1 0 4607081981014733398 4600250336681390200 13821631261167009820 4607490077162722279 4602093596298816376 4605955311800713174 4597352928054474740 4594707572328458836 4602179847251087428 4605783988183901810 13822609459719652980 13820043369154283420 13817126386396538626 4592844741618991440 4605082384802710923 4594032153785070904 4594932288856468864 4608793031535652660 0 0 0 0 4602093596298816376 4605955311800713174 4597352928054474740 4594707572328458836 0 0 0 4602179847251087428 4605783988183901810 13822609459719652980 13820043369154283420
1 0 0 1 0 1 0 13829612026239717072 13829155143825547934 4603265665411161930 4602412236452884544 4597605095054984200 13827744504845029274 4596340180565008076 4596145845170654704 4603069819935498578 4607802529686572537 4603663489674055108 13815431473388351872 13811576128357062412 13818170031207736152 4603177675748671627 4602391640040913916 4598979381818818780 4589360768060127258 1 0 1 0 13829612026239717072 4603265665411161930 13825763676895689724 13809742655677689296 13827496049539275194 13826581464966331791 4602691660922349501 4597605095054984200 4603069819935498578 13827744504845029274 4603663489674055108
0 0 0 1 1 0 0 4607492108573187887 13824894732366411978 13821716151672222354 4607553778388425105 4604291423746101616 13807966692818568384 13824512652154802368 4580929971047367008 13830952064421325087 13827896203967361472 4603932596401577092 13827332381856046502 13810429908810102216 4595127631143796810 4607067043544891805 4600834711933281731 4599906762089627200 4611316577246564021 0 0 0 0 4604291423746101616 13807966692818568384 13824512652154802368 4580929971047367008 0 0 0 13830952064421325087 13827896203967361472 4603932596401577092 13827332381856046502
1 0 0 1 1 0 1 4594486088209664904 13828587139610023166 4581747663285724288 4596719811113102912 13822402510523931810 13830649278890024692 4590929508949478048 13822970954294030060 4602215170490661548 4605816314142808874 13824768793540560968 13823961446592616770 13814308996662500756 13817402512214542109 4595400968159361400 4590876845897748286 4601392578217457874 4605833287077804940 1 1 0 1 13822754023002870300 4592977516720394960 13814248882752524094 4596652913000725118 13821465160586603332 13820495763107211142 4606671996455683875 13822402510523931810 4602215170490661548 13830649278890024692 13824768793540560968
1 0 0 1 1 0 1 13823263937113568354 4600129921905485536 13804303576445640896 13826172115679067516 4607370059786651611 13828418577022574676 4595288237270188960 4595001287443329284 4554561915334123520 13829085636811391438 4606455722178974606 4606469487850857822 4589775099827857048 4595669452736988264 4595291201770983096 4598084422754168710 4597283523833999628 4609401373107882765 1 1 0 1 4574266714847858624 13821833338494898306 4584482067279750820 13820655560688775436 4601447707011660311 13811888316611716861 4606283243106164048 4607370059786651611 4554561915334123520 13828418577022574676 4606455722178974606
1 0 0 1 1 1 0 4596496556480454480 4604996368750760854 13830282090102772492 4595109046598597080 13827097513842181008 13831416181187676900 4594173895017234792 13818574995250284852 4598005264509069160 13816270500542205728 13830779624999300371 4606789429232488630 4596334690815523376 13813456385864513156 4591885511138745944 4599630661325722595 4601688294221782901 4600814883129177821 1 1 1 0 4602324903170870122 13824293233898386582 4598726983937408632 4601688294221782901 4599461587457460756 4598409432917762789 4606368936002533698 13827097513842181008 4598005264509069160 13831416181187676900 13830779624999300371
1 0 0 1 1 1 0 4607371464144757739 4606278283357529998 4604701540965238138 13829711459108188843 4589483343401080784 4605033029698996930 4591384567797223448 4591495760868199472 4573151049374981888 4604708990657978780 4607634753173995397 13826011117392314466 4589358753028002728 4577688466132927968 4606871283114794813 4599334902323251683 4595106116294028341 4610308164490729800 1 1 1 0 4606919396423514034 13814587982670640324 4591861491476536680 4590384550233237771 4592019966877951657 4605225311158302383 4603705180731686857 4589483343401080784 4573151049374981888 4605033029698996930 4607634753173995397
1 0 0 0 0 0 0 4596187866079875400 13828849702209152323 4607805790336097691 4606638442381724654 13824110499257746726 13825094816541381348 4597397570962234136 4595870714697898464 13818501079958330376 13817061143592980368 4593762868642834488 4607334177402987829 13816988007766378682 4590741272681186296 4583719417969645568 4595507921459384128 4594348281414661853 4597169327024582958 0 0 0 0 13824110499257746726 13825094816541381348 0 0 4602738466239208434 13820767435565972536 4605663597760559581 13824110499257746726 13818501079958330376 13825094816541381348 4593762868642834488
1 0 0 1 1 0 0 13828218421097132774 4602254277965827816 4583719470265062592 13823573991820664858 13825951177486379244 4605645983396593398 13821840464717165982 13822185702471019562 13827254546448709008 4606911117861780114 13829659235470573608 13817255382196071536 13808169688125748268 13819125985620982640 4605515468453229711 4590433609177745960 4588080613386955799 4611516388224947246 1 1 0 0 13817299728491550436 13818566501639754446 13813805646032521768 13811452650241731607 13803477042563826422 13815224538852948561 4607136400023975525 13825951177486379244 13827254546448709008 4605645983396593398 13829659235470573608
1 0 0 0 1 0 1 4601808758789530104 4607934371807469601 4607599703888293299 4599009915599074904 4604171346621557378 4585626887105646752 4602231720833331494 13818565043896588208 4602883976861471348 13829092314076849370 13831021778399300142 13824824127630356162 4594246850818327214 4586434327609511960 4590464320943333568 4598782370248121585 4601831107541990347 4608330474180166897 0 1 0 1 4607934371807469601 4599009915599074904 4598612142870741027 4601831107541990347 13821549410274900211 4605633629735500238 4602694766225341088 4604171346621557378 4602883976861471348 4585626887105646752 13831021778399300142
1 0 0 1 1 0 0 4604759672673026382 13826571620790548997 4607728438152027327 4603262345076426844 4596542145775893544 13817414039255889336 4601401310488730734 4588823899459935312 13816169974860497376 4604979068388100352 13828655967028642792 4603577718561945068 4588286623893955072 4576270302690532304 4605505495429173706 4600138864887285192 4601496779311048601 4609396326017984744 1 1 0 0 4590904775612177700 4605768401290232045 4600138864887285192 4594600679532785073 13828219039032381584 4581507736846828146 4604223651459570635 4596542145775893544 13816169974860497376 13817414039255889336 13828655967028642792
1 0 0 1 0 1 1 13823051724907396678 4606529227001200158 4602514020075858548 13825173313203079274 13829097536938868464 13830833923093487227 13820703311763396892 4599742967779484878 4581265482405530944 4602470693324233232 4592311438763507040 13824904357925416620 4593977165537238732 4591594566750815440 4606490405253899307 4588718875456724907 4590969832428672835 4604922224042558054 1 0 1 1 13823051724907396678 4602514020075858548 13812090912311500715 4590969832428672835 13823970369148926755 13824530333365476322 4605599653579431851 13829097536938868464 4581265482405530944 13830833923093487227 4592311438763507040
1 0 0 1 0 0 0 13829015126462824202 4599287781073915772 4595827172133901504 13828039335341348806 13809408113384825184 4600365549226261660 4598350474132820088 4599303240753089838 4598357916090146596 4601132510908631212 4606029768417802894 13830808313619575051 4596026821854554894 4595208052793944782 4601331865041731434 4597759590466361575 4599237224895674364 4610620194833565039 1 0 0 0 13829015126462824202 4595827172133901504 13812869956519275537 4581691453034930508 13803981969226517428 13829218731353667180 4602892650627054201 13809408113384825184 4598357916090146596 4600365549226261660 4606029768417802894
1 0 0 0 1 0 0 13831394042016778171 13826630735351075765 4601922753979969808 4597391429114098720 4598194902858531256 13827784085819358854 4602141269236104686 4600463601143215354 13812679753561990976 4602004483440039704 13820484452081142216 4584045723646073280 4594010439881015986 4588406596855772304 4592879935152214296 4600879181770637349 4593651832447627118 4605635161229517898 0 1 0 0 13826630735351075765 4597391429114098720 13820243050494339897 4593651832447627118 13818672025437942651 13827256933303549695 4604970744791783076 4598194902858531256 13812679753561990976 13827784085819358854 13820484452081142216
1 0 0 0 1 1 0 4587381722330708768 4599802306415464988 13820925631561068552 4606721731982123262 13826717124484390519 13827789848724909477 13824952608900813380 13815706168688096568 13814812904279782448 4605304287321639536 13820915197697727156 4607837826787113923 13812484004414194428 13818094971455977442 4602150484072239930 4580969247146505778 4601232812520319204 4600336808293619723 0 1 1 0 4599802306415464988 4606721731982123262 4580969247146505778 4601232812520319204 13829586894798559793 4595530518973638464 4601145244471646585 13826717124484390519 13814812904279782448 13827789848724909477 13820915197697727156
1 0 0 1 1 1 0 13822039647172521454 13829916425019665222 13826447202628891716 13830274226597596353 4604899735027533354 13828393733794330942 13807120465628333344 13817645169827929064 13816311543075898000 13829804425748218864 4604061908106263036 13827440009896486610 13801990700453850592 4595482200390953362 4606645725585555772 4592270159716487011 4601675761677632457 4608991602326265777 1 1 1 0 13826980838309818654 13828360714613244034 13808833428604282273 13818420709144151434 4605404711249031539 13823024459607417953 4602598341036647182 4604899735027533354 13816311543075898000 13828393733794330942 4604061908106263036
1 0 0 1 1 1 0 4597166608301435472 13828972247445112754 13828272764845029880 4596652454235416384 4605508354606717802 13827805612308467073 13824758942823038340 4600039405923735056 13827955052807896195 13830477875378787045 13829356285748164996 4597771919474358384 13809179108301773536 13810133233125300680 4595041985251661592 4599404744476421420 4600519889668477947 4597279759154437158 1 1 1 0 13822469000815017246 13821898056731439144 4599404744476421420 4600519889668477947 4597159698018862393 13821593186053325424 4606658344098685865 4605508354606717802 13827955052807896195 13827805612308467073 13829356285748164996
1 0 0 1 0 0 1 13823957323307715296 13824182199614792666 4604353665797039408 4605420078347565378 13826672812882830206 13809424134386538624 13822864192670758998 4598864293571390074 13824017680491981570 4606052771272770738 4593364812040947072 4606916118297278326 13812515509340323208 13818495799024163138 4604998875383962959 4597306408420845661 4596616775751796899 4611058912780142199 1 0 0 1 13823957323307715296 4604353665797039408 13820678445275621469 4596616775751796899 13828321616378026823 13820042101352116079 4603807283429712501 13826672812882830206 13824017680491981570 13809424134386538624 4593364812040947072
1 0 0 0 1 0 0 4607357051409277451 4601396748099792940 4602387623274648280 13829320314432394276 13830986676326553400 13824508396976389678 4598347921884668810 4599537372843476946 13809433969500959872 4601793889328397096 13821724815083499670 4608060095685563477 13819623009807251600 13805587726407964272 4601426050390935674 4601309870362856181 4588891997589251129 4605066689700962009 0 1 0 0 4601396748099792940 13829320314432394276 4598834394268083167 13812264034444026937 4604883742316824777 4600709116321043839 4603047977668986129 13830986676326553400 13809433969500959872 13824508396976389678 13821724815083499670
1 0 0 0 1 1 1 13817802562603779040 4589574486688068432 13819872550600088272 4606917343245844370 4604004915535548838 13830989705562027773 13825148512002995098 13822753269793729212 4605000004505588516 13828262704815174490 4603595084841936438 4605974044484196118 13804476596392683200 4593094217063589152 4606342242727420117 4589125482250876698 4600316824121537440 4611374788351384929 0 1 1 1 4589574486688068432 4606917343245844370 13812497519105652506 13822060194034759069 13828335449317781486 4588395285523096735 4604073118031621528 4604004915535548838 4605000004505588516 13830989705562027773 4603595084841936438
1 0 0 0 1 0 0 4607736557264287615 13826079175896131666 4607271055312891295 4595973679317320376 4594208403879435432 13827826263507460109 13801729140407408640 4601704394504264346 13830889656206825679 4592349113949611968 4601637292786081112 4600267146370294776 13812931373316304470 13817548504840818612 4596802712626975344 4596284847921648075 4601401459160877905 4604395637750678822 0 1 0 0 13826079175896131666 4595973679317320376 4596284847921648075 13810743195341089928 13822845420221296123 13824233929122730946 4605907587844783147 4594208403879435432 13830889656206825679 13827826263507460109 4601637292786081112
1 0 0 0 0 0 0 4593714749907279600 13827692708604086484 13823488535967594402 13830050031749009179 13830008605640386200 13821292377946739660 13823618583528855178 13817631421259686236 13820016263767780048 4595011371410010952 13821854866304939508 4603778619166166526 13817744229408129773 4595369965071172086 4599353205924511650 4601250041707819618 4597814993578620879 4609302756171198858 0 0 0 0 13830008605640386200 13821292377946739660 0 0 4600935903148303238 13827430939608257585 4603947520438960930 13830008605640386200 13820016263767780048 13821292377946739660 13821854866304939508
1 0 0 1 0 0 0 13830458426900805638 4586250743348711392 4589210525417154784 4607765796128494799 13820575819207558836 13821314399449637688 13823553593577306286 4601176168262355720 13829902362732710878 13830815642043053307 4589542383256729584 4607675411689120171 4593974202214817224 4583454078531435584 4600806828730254356 4600839738530490315 4594125396919056317 4610149143624974544 1 0 0 0 13830458426900805638 4589210525417154784 13818101920215323290 4594125396919056317 13808725514615439867 13829660079464485986 4601470700235407726 13820575819207558836 13829902362732710878 13821314399449637688 4589542383256729584
1 0 0 0 1 0 1 13829693574821201256 4603820344664023514 4603628657693879514 4600202887209934552 4606374326956465058 13826232234153594657 4590192934987934784 4599028613733674938 13825388476246362872 13831196474003404229 4600394285166275852 4608059581710722525 13818147860694481392 4591219564083159628 4586391102373124288 4594754799340167001 4598514881786975345 4604623282911198069 0 1 0 1 4603820344664023514 4600202887209934552 4594754799340167001 4573286077195450372 13821876215013944719 4604292291801560170 4604329296294652438 4606374326956465058 13825388476246362872 13826232234153594657 4600394285166275852
1 0 0 1 1 1 1 13828641964723468612 4607754339292767867 4602755532041355888 13810333436835219712 13826507297904817898 4605281474424788362 4582935960313655648 4593242591726218784 13813262630495522000 13817368303667638016 4600970359192239424 4594778288742921168 13818409767533297938 4591572599770382352 4604204681384567974 4600392081432261785 4597796931542338239 4607498815234248303 1 1 1 1 4595280684124186468 4597478572914613184 4587987699080470768 4587761368112043888 13817381827064627429 4599499621303734755 4606611632727389196 13826507297904817898 13813262630495522000 4605281474424788362 4600970359192239424
1 0 0 1 1 1 1 13831425932077394488 13818778530101792448 4600269598850964812 13826291977190927191 4604496085216591724 13818094615019215544 13816029961735964768 13822217432577831996 13823446380487388450 13831229212733376671 4607421819769142425 4605280543692811858 13819228284220675719 4588129316901081192 4604660107726260257 4597898234104573849 4594813496830591278 4608140996497925735 1 1 1 1 13827702141569584144 13813819382815322820 13816519260250313506 13818185533685367086 4594036666343374753 13825564856171590406 4606017122787881302 4604496085216591724 13823446380487388450 13818094615019215544 4607421819769142425
1 0 0 1 0 0 1 4604212372039203608 4607279889172464493 4599198017212524772 13827736110243827997 13830010280383917038 4607681223584685975 4594680576686197316 13813075572789609016 13817045414463456928 13829352053628036616 13820845903026773016 13824653188158573602 13817559559643301237 13810125820772772608 4595519579153295104 4599469033380137581 4587462175733523082 4611664948291977968 1 0 0 1 4604212372039203608 4599198017212524772 4596054302217999598 4587462175733523082 13823263455752600240 4604295369654863073 4604006336609191722 13830010280383917038 13817045414463456928 4607681223584685975 13820845903026773016
0 0 0 0 1 1 0 4598460803244471552 4606065210099957198 4599106170990859676 13830612492531264978 4600446845329524796 13826831929158029539 13819791125858197096 4597938731580811896 13827397458193984613 4596971067049530960 4607717781324254037 13818235465282179152 4594664986669886488 13819507109957562367 4606005193653848666 4593077868886524364 4597023568792138952 4602375789255622437 0 0 0 0 4600446845329524796 13826831929158029539 13819791125858197096 4597938731580811896 0 0 0 13827397458193984613 4596971067049530960 4607717781324254037 13818235465282179152
1 0 0 1 1 0 1 13813842375176178448 13827488246764828202 13827846968823755873 13830962002064469509 4595655462719394552 13827836779999414190 4586228594060547888 4595777823610200380 4607036532701933818 4598679782337388824 4590675628905861872 13819375343000477520 13804396894537922384 13819159252881045252 4598498336748680268 4600257556740015320 4601467497111347825 4603885130059401731 1 1 0 1 13823710386844737420 13829608258648950838 13823629593594791128 13824839533966123633 4604054823379723490 13821741819558033936 4604581600253222584 4595655462719394552 4607036532701933818 13827836779999414190 4590675628905861872
0 0 0 0 1 0 0 4606645416821392270 4567298511080557568 4606071146521668882 4605564549167641174 13816009143954021584 13826104167298093893 4595971873069798040 4597527359728886584 4598383002144566444 4589181553276422800 13829860754919865075 13830720743769458850 4595747136026305806 4571514816329108640 4603882440160593628 4596281498354227030 4600096647415319319 4609071497413566185 0 0 0 0 13816009143954021584 13826104167298093893 4595971873069798040 4597527359728886584 0 0 0 4598383002144566444 4589181553276422800 13829860754919865075 13830720743769458850
1 0 0 0 1 1 1 13828360873756403362 4607293299839396809 4607853652780954487 4600158825734752616 13826849499660042029 13824636206957566242 13823542200425654890 4593730739384450916 4607044432070721538 4586924840729042112 13830797261945507089 13826426942953657032 13812899576284500272 13819022073643672925 4603983210266027515 4599217674225536384 4600180348092715231 4607978429078743958 0 1 1 1 4607293299839396809 4600158825734752616 13820703624435326706 4598986965561299706 13826178369931224959 4605032325827867114 4600788506682566619 13826849499660042029 4607044432070721538 13824636206957566242 13830797261945507089
1 0 0 0 1 0 0 13817381804529572096 4607628328163993947 4607527459941399381 4607558913660631301 4600467301204619728 13830065993978596970 13823015828864363688 4600541060685245612 4605387102574998974 4599941563918895376 4606125834478152766 4601035784058795568 4589289051419423560 4587431436204996496 4605061304855432067 4596974370214742298 4594662005200932786 4599437767906612248 0 1 0 0 4607628328163993947 4607558913660631301 13817717698087951249 4594662005200932786 13829283681330385649 4601603471625564583 4598382798043958986 4600467301204619728 4605387102574998974 13830065993978596970 4606125834478152766
1 0 0 1 0 1 1 4604731129651556546 13825773485846788596 13827219684633470820 4603867859163525562 13830644386678059334 13821651043427748694 13818329834403534056 13821113860555033976 4607695050773720699 13822693565040633516 13828964146516475518 4592718069917095488 13809495163517668556 4594948472501179242 4606854104520510824 4598809007051852667 4602210749480069622 4611389945161192416 1 0 1 1 4604731129651556546 13827219684633470820 13818249823892474653 13820735596489395328 4604574817716783981 4602489264117586937 4602729016790411695 13830644386678059334 4607695050773720699 13821651043427748694 13828964146516475518
1 0 0 1 0 0 1 4603485695129502666 13824303193837789040 13829611371146019276 13830999511118101069 4606655608043167514 4587294974364656608 13812853442180603816 4581582100008417376 4607304837388479427 13830699394332855827 13828332184740812558 4593404805591800768 13813111704331857706 13814051895646387850 4604954539597724061 4597395131530148278 4593973808279338368 4604417003425599242 1 0 0 1 4603485695129502666 13829611371146019276 13817166544397931118 13800217426488741576 4604710283453850520 4601272687113170324 4603072006501917235 4606655608043167514 4607304837388479427 4587294974364656608 13828332184740812558
1 0 0 0 0 0 0 13828905997325741738 4607859420980433429 4603085340977886506 13817395771305690576 13824755222440830954 13831178291833616587 13821897828109662998 4602576598030507286 4587371751065444096 13822653781169503674 13830689318180263242 4603937894705473546 13804886560041607144 13803108848130941856 4594842305109312772 4588793771325476707 4599632958495463970 4599741228544728686 0 0 0 0 13824755222440830954 13831178291833616587 0 0 4606296795252711396 13818718034370557655 4600822615311773748 13824755222440830954 4587371751065444096 13831178291833616587 13830689318180263242
1 0 0 1 1 1 0 13828261406274777319 13825446489866449098 13830909281901825334 4600677981030463360 4596788381375668920 4584956317497370720 13821519152303558688 4595437651397234680 13831189137702067728 13831313617305896873 13829287174679628940 4603978142565147644 13808084576710760648 13814357893504101095 4599542958844322350 4590021756873290586 4596982680517191653 4594718755200750533 1 1 1 0 13827005039610856614 13823257327965208236 4590021756873290586 4596982680517191653 4598254016929223528 13826279815592293274 4605488422080021934 4596788381375668920 13831189137702067728 4584956317497370720 13829287174679628940
1 0 0 0 1 0 0 4607992461233178797 4592355234503750240 4603988287003175242 4603127171856064748 4599237246824718292 13825444266605176222 13824508632636226846 4599011227814613714 4607586426461893429 13822147824947174668 13831273004565966466 13828856078041961764 4593342436890425328 13804114065507191680 4606155547487494026 4596357430623551434 4586854728732983522 4609751161730252097 0 1 0 0 4592355234503750240 4603127171856064748 13819729467478327242 4586854728732983522 13826388238543075288 13801185442710480194 4605770198281507347 4599237246824718292 4607586426461893429 13825444266605176222 13831273004565966466
1 0 0 0 1 1 1 4602781508212323688 13828535909993651438 4607077431841121594 13821555650021053156 13830563041013025394 4605024036861292958 13814696063315541368 13824869278393589478 13825137082570940614 13823668658734681266 13831284928499200740 4603554657572991540 13816143425342716132 13817956759849980279 4606185517034457002 4583449674244591712 4587159623790406411 4602559166536624817 0 1 1 1 13828535909993651438 13821555650021053156 13806821711099367520 13810531660645182219 4591866940593696069 13827066032226762768 4605236535619885524 13830563041013025394 13825137082570940614 4605024036861292958 13831284928499200740
1 0 0 0 1 0 1 13830120485321698466 4608045790475304347 13823751479935624250 13821987418466617448 13831155477430829637 4601454733129800184 13823603921230763874 4601207272310211344 13829723154131472271 4604287163585298454 13799684583535016576 4601570388008034136 13815792008309251428 4595306851656405618 4605745166322570331 4597135232369326344 4600886634132329832 4604818719964571648 0 1 0 1 4608045790475304347 13821987418466617448 13813726514323590970 4599487503208531197 4601423144194355718 4606008167733131122 4597888597288778339 13831155477430829637 13829723154131472271 4601454733129800184 13799684583535016576
1 0 0 0 0 0 1 4601848182874658516 13830591717289222817 4603969812608388332 4606401224895613574 13825732184768799848 13831054276858340584 13821737362591486952 4598846117272610316 4602816712536823188 13818310745823238864 13830988798701484277 4595963461435136704 4589799899904368040 4594878433693525082 4582078545873623904 4589821590133031267 4598218771960918986 4601421718807103519 0 0 0 1 13825732184768799848 13831054276858340584 0 0 4606776610150086357 13818161529368322238 4598219436407591354 13825732184768799848 4602816712536823188 13831054276858340584 13830988798701484277
1 0 0 0 0 1 1 4600701402761745836 4606626926965826462 13819639951030675256 4606724585400706426 13830895957736351373 13825828318991150168 13825774673453307322 4589256298111634824 13827430976379135206 13830167305163419951 4608023211128676603 4598319942134596488 13814459110508338423 13796154772975671104 4605392642291598806 4596761831810595689 4593296782402032507 4606504916652477355 0 0 1 1 13830895957736351373 13825828318991150168 0 0 4602027460727928194 13828203940572008365 4602472341556232372 13830895957736351373 13827430976379135206 13825828318991150168 4608023211128676603
1 0 0 1 0 0 1 13831312289719303859 4606509145713719474 13824769085749263632 13828027877986183740 4607236393329026743 13828360985348178616 13821180499618606044 13818003739432940820 4601161952108769968 13831030877610440352 4607267254191128273 13809137920019373120 4592351724782530220 4593860853239468918 4603170471487263285 4598540638331468152 4597622213296825948 4608972147871057111 1 0 0 1 13831312289719303859 13824769085749263632 13821912675186243960 13820994250151601756 4602952847262738470 13828851241666553177 4598072590833515711 4607236393329026743 4601161952108769968 13828360985348178616 4607267254191128273
1 0 0 1 0 0 1 4607336992540334045 13827073143974226936 13830563693721676564 4607778101217885199 4604799112415757326 13816454244528481456 13817359254891730684 13817770060466891744 4603765727259953298 4603836816406525328 13829104020624180264 4600214257323092672 4595479141031138376 13801370469600383792 4602869561223521951 4580868888100278997 4579394498692943035 4595469852345365238 1 0 0 1 4607336992540334045 13830563693721676564 4580868888100278997 13802766535547718843 4605706348779865895 4601154891333236401 4600125112955832839 4604799112415757326 4603765727259953298 13816454244528481456 13829104020624180264
1 0 0 0 0 1 0 13829770534950122263 13830708359719384847 13823506135953388020 13818837923927835968 13824204884536073330 13822338903069134586 4595209466968611976 13824339830967312934 4607286860363612361 13824850024373814426 4597353444771173224 4607136588331207522 13809329254446632736 4594654165397750902 4595320945542580088 4601944590869717032 4602579041439853415 4603624648522410727 0 0 1 0 13824204884536073330 13822338903069134586 0 0 4601445831539736039 13822727333024544096 4605787315373322789 13824204884536073330 4607286860363612361 13822338903069134586 4597353444771173224
1 0 0 1 0 1 1 4597976140788495120 13826494084003649465 13828261281203751108 4604253333808827250 4604126318708810872 13819067276747744448 4596788460660281020 4601356652868201432 13817968772485596600 13819488171418246536 13824442941568637278 13828227838551709102 4593703020270303626 4596353012823890028 4595751562508926796 4599954809523791206 4580790401190931470 4604484552478047066 1 0 1 1 4597976140788495120 13828261281203751108 4598520511827168043 13804162438045707278 4605474630421187287 4589659766746672808 4603415290261905320 4604126318708810872 13817968772485596600 13819067276747744448 13824442941568637278
1 0 0 1 1 1 0 13830350317869317212 13827209542431825485 13823578574035061470 4606484497804794194 4602127890045034900 4597977592234051768 13817539453180759176 4585622762243068048 4607203991224550129 13821757659622157792 13820281354262573996 4600179844424344616 4593766263431656100 13815765718828081418 4604679021597152048 4597079581155786047 4598000944966487695 4609787177755274833 1 1 1 0 13828779930150571348 4598713439546233827 13820451618010561855 4589775126927978152 13823844879743510096 13828236306701289537 4603157396379491840 4602127890045034900 4607203991224550129 4597977592234051768 13820281354262573996
1 0 0 0 0 1 0 4607329842189246655 4606981983925406494 13826649320448675753 4606782611354991050 13822337445587819916 13824312293218542378 13818041005283159132 13818583120824147916 4607931213416392015 4600147377919697188 4601533437746681832 4600949080604756188 4579299186938440016 13817757393265964452 4604580703844666005 4596091899254746358 4600333999075416675 4611563914467530840 0 0 1 0 13822337445587819916 13824312293218542378 0 0 4598279791260988367 13822322992619845101 4606472989178498289 13822337445587819916 4607931213416392015 13824312293218542378 4601533437746681832
1 0 0 0 1 1 1 4597300125481877536 13830941502552341919 13828580851249247584 4605233922525808650 4605901018727042498 4595368061736786112 4596809876809119188 4601869698656966018 13828173562471820750 4603419310717894334 13827512343358237517 4594651400614144096 4571093031386608000 13814356524730500116 4605451241507220157 4591367937534176767 4597134963672623416 4608863607465472925 0 1 1 1 13830941502552341919 4605233922525808650 4591367937534176767 4597134963672623416 13828439739675477718 13826687938504591458 4599036953164837221 4605901018727042498 13828173562471820750 4595368061736786112 13827512343358237517
1 0 0 0 1 1 0 4602888624037944672 4602830041447570508 4605441698276186430 13821100825848923784 4602743017306375206 4607078102957043454 4598595285825334908 13821880640106554352 4603037755317304028 4604898320498856986 13831195157621680699 4602130919279812120 4591668480585798668 4592624942211001792 4604492358249030399 4599225819838401766 4598928037766336031 4609487318323567063 0 1 1 0 4602830041447570508 13821100825848923784 4595992311885409891 13815167072294042464 4599816274746789153 4600570284318179030 4605907783805997324 4602743017306375206 4603037755317304028 4607078102957043454 13831195157621680699
1 0 0 1 1 0 1 4598243910325708712 13828198592565540854 13831033861183409200 4596517419077841928 13826570247161292271 13830763625535026635 4602131096082004448 4595428240782894044 4589009541468553536 13824862926928490162 4607516007397212585 13820521982003828244 4591415534736140264 4595052853471289634 4603307275452179137 4601977789124308537 4600683309867549308 4608764233006777513 1 1 0 1 13821270439068485700 13825172317387828062 4597065942600544639 13817721854328862446 4603368823050906238 13821896535875387938 4605122773945534512 13826570247161292271 4589009541468553536 13830763625535026635 4607516007397212585
1 0 0 1 1 0 1 13822697914208069648 13826394507843445673 13829031301027671235 13829147836195340575 4607624221368195755 13827745703594804729 4600472812420017734 4600052803317370174 13828885840439621539 13830552464388478147 13829475560418608395 13831118864432955298 4578208860237737808 4591046644703901504 4594144954945910988 4601151001517686468 4597946242636617786 4600815302189751295 1 1 0 1 13824718036933769137 13829089568611505905 4601151001517686468 4591545974717742340 4605373626747310991 13821638695450696753 4603077665573045607 4607624221368195755 13828885840439621539 13827745703594804729 13829475560418608395
1 0 0 1 1 1 0 13820385639670383596 4607073178347307334 4598079114558259872 4599822928103137136 4599554823288572648 4604781811487027512 4596245260920375908 13822691224847511704 4598137781966369472 4607763144784737869 13828918585678135654 4604065353577823330 4567601915952344768 13815845585832939712 4605491042817456148 4581705211994732960 4596847671767310718 4609579406046975948 1 1 1 0 4600608183088668747 4598975047577452640 4581705211994732960 13819257478405945925 13824104774256072544 4599860215836805704 4605862228945829342 4599554823288572648 4598137781966369472 4604781811487027512 13828918585678135654
1 0 0 0 1 0 1 4604528860896717038 4597367803781823680 4591364306120787584 4604847582063483538 4607853165867952479 4602029135691431616 4599165255817706214 4590336410669614504 13826104000268467010 4606523151127121162 13824404990200243232 13830486122951538573 4589029497515627296 13817800880250333626 4597551430165071608 4599856554343928911 4589984197851402699 4604822123513926007 0 1 0 1 4597367803781823680 4604847582063483538 4599856554343928911 4589984197851402699 13828528308980350884 4592190512877282959 4603788552871872241 4607853165867952479 13826104000268467010 4602029135691431616 13824404990200243232
1 0 0 1 1 0 0 13830920082131598112 4591034239720532704 13820390719456046232 4586406710363839424 4605041542507373102 13824272594699623520 4602057635077489642 13823347874225601444 4607775270574625983 13830580883530286985 4596135030391907536 4598962146445766852 4569728506078599296 4581261132988792808 4603843079026852596 4602654459026851093 4591778940500799521 4603085657412398296 1 1 0 0 13825985881598861540 13814325647496664488 13821738935956600514 13815150977355575329 4592339998735956673 13825626073657075546 4606036175560751388 4605041542507373102 4607775270574625983 13824272594699623520 4596135030391907536
1 0 0 1 0 1 1 13827390550945085777 13828420970531571688 13827072366461208156 13822219765332287034 13822313027551301898 4603452750428194528 13824164565938247498 13824966574207621296 4602701689648929408 4607618348614708447 4605887688611600014 4607600105451668245 4583529391984082480 13817076246243646988 4604732799006705494 4589857976551059318 4598508970036655429 4603754709935320589 1 0 1 1 13827390550945085777 13827072366461208156 13813230013405835126 13821881006891431237 4602109992940901267 13826526632895686494 4604382788579167845 13822313027551301898 4602701689648929408 4603452750428194528 4605887688611600014
1 0 0 1 0 0 0 13827555678098267625 13827834058178937283 13826242536819983366 4575229389917413888 4605630807602370446 4599109889129835744 4581073700540123328 13823559174503852420 4603684362991200214 4604226522956135962 4606583699609470282 13826612258042996515 4587282658984831316 13819648150154857924 4601717518468838548 4584971177593824638 4601463114891817136 4603435250730541367 1 0 0 0 13827555678098267625 13826242536819983366 13808343214448600446 13824835151746592944 4599406558465915565 13827154872536002230 4604614311068859387 4605630807602370446 4603684362991200214 4599109889129835744 4606583699609470282
1 0 0 1 0 1 1 13825743105376867770 4607752730019457569 13798182253545081344 4591469866748907712 13827049694121603081 4604922748033493938 13797568171032388352 4597252241178253468 4601244238592980660 4603483043925287514 13830891654108011291 4604397425975464124 13811968548933707944 4593532104135705480 4595806840585093264 4590466559610048539 4601901017232277865 4608317775338561695 1 0 1 1 13825743105376867770 13798182253545081344 13813838596464824347 4600682406235221115 4593843643588087217 13824398497894270473 4606314007883067577 13827049694121603081 4601244238592980660 4604922748033493938 13830891654108011291
1 0 0 0 0 1 0 13826509376042359860 13830560158015494711 13815594722521847616 4604548475548671858 4603109498666818692 13829235119228327416 4602178713793353418 4598463466784135818 4604097457954971098 13822415716243266512 4607226137057337863 13830676285739922958 4595544219266322470 13814637072209597824 4604678098128732229 4596829871961805407 4599273285500237925 4598210888079969784 0 0 1 0 4603109498666818692 13829235119228327416 0 0 4604393011014863756 4598394977358514100 4604249030645186950 4603109498666818692 4604097457954971098 13829235119228327416 4607226137057337863
1 0 0 1 1 1 1 4606202852564347966 4607766199375707121 4604589771057078034 13827129698408198693 4607265635268481049 13831445012351053983 4599811603442895580 13819666899614029364 4607424669127325893 13828890792857091586 4607698484105335637 4607693393795755571 4595165978970841884 4576316128264048032 4601200748500133616 4598965563028035593 4598828372452484489 4609795539395024269 1 1 1 1 4607229417528944904 4586817697065035624 4594012769997889475 13822077553251945806 13808897867327580439 4604901451697389461 4604156440539545676 4607265635268481049 4607424669127325893 13831445012351053983 4607698484105335637
1 0 0 1 0 0 1 13828512769674460192 13830305933180944725 4604895708722854700 4603374239028437992 4597517780711485800 4607713891239587375 4602444626156961550 4594238343387735496 13826010638641611694 4607793135304467259 13831281550561008496 13831110084778972633 4595351179904724052 4590656470246953404 4606462795326124808 4602546967670765142 4598323568856516837 4601386231506815054 1 0 0 1 13828512769674460192 4604895708722854700 4601280664373128379 4598323568856516837 13827090815355720386 13827300902590034183 4601988866587361887 4597517780711485800 13826010638641611694 4607713891239587375 13831281550561008496
1 0 0 0 1 0 0 13828583028077666332 4606970603865609938 13828581437693843038 13829928883683028495 4603231552310526032 13823064489016869114 13808390566365481936 4595706948514157916 4589757240171579808 4604057447671559720 13831171903705566219 13830167263296954852 13818746779037997493 4595175761461539062 4606282344487121255 4602425398694534772 4591097137377769172 4611000621936763002 0 1 0 0 4606970603865609938 13829928883683028495 13796762194911051064 4591097137377769172 4606191424417852516 4601165467946843969 4595897844401507952 4603231552310526032 4589757240171579808 13823064489016869114 13831171903705566219
1 0 0 1 0 0 1 4595508544109557712 4607996757840126683 13818851628338752088 4607541007344288383 13827172452940946472 4603040889544121150 4598003599430708596 13822694205115096170 13826774493703016894 4607204572025451307 4595859755615934136 4603655938279623022 13807773441775200704 13811220469214690816 4602614502396338452 4598000061212534533 4601740392743927728 4593411034350727351 1 0 0 1 4595508544109557712 13818851628338752088 4598000061212534533 13825112429598703536 4593422052777031274 4596494224430706669 4606926029927284576 13827172452940946472 13826774493703016894 4603040889544121150 4595859755615934136
1 0 0 0 1 1 1 4605917281144308490 13817111783744181488 4605800344848751646 4599502224305233376 4603125870753278428 4607417867712485723 4595981033953212132 13818851264626675864 4604326202952207866 13830028507216488151 13827196083680829285 4607361671870714801 13810196535446468888 13813656359288381495 4593672032480950448 4592249760956810656 4600942548797744448 4602565969200546997 0 1 1 1 13817111783744181488 4599502224305233376 13815621797811586464 4600942548797744448 13824086250785166306 13813379757948198539 4606438632800641047 4603125870753278428 4604326202952207866 4607417867712485723 13827196083680829285
1 0 0 1 1 0 0 4603041173672238696 4603545331049743416 4607852408408061307 4604873513628682810 13830357548714603784 13830276284591315712 13823697562957938704 13817915197106076980 13830298505885692944 4598402989585081768 4605084139611657392 4603965670842755022 4581889415055587568 13819518065009062108 4590082639031724240 4595732089918656031 4602451078724036209 4606461573592137631 1 1 0 0 4603293252360991056 4606697955822394008 4595732089918656031 4590345281375021401 13829731094691365257 4596990164475432349 4600099779221520902 13830357548714603784 13830298505885692944 13830276284591315712 4605084139611657392
1 0 0 1 1 0 1 13826452282545395745 4602783464163303284 13831040710146646287 13826205931964539385 13830268190689358090 4606945097878949014 13822360740854113712 13813792728400314136 13824459097410073472 13810215722395861536 13826507084406025771 13828805823153014966 13817485044461039390 13816166486202091997 4604096648227190037 4601534895491499086 4600189106379290752 4601610296973582010 1 1 0 1 13803777762700266192 13828866448301519372 13809360688184018408 13818100521095406775 4603976209402164216 4591305860181163609 4605015464889014351 13830268190689358090 13824459097410073472 4606945097878949014 13826507084406025771
1 0 0 0 0 0 1 4599929918373012800 13823429674888991422 4593513273008523712 4603800071739695238 13830153303238293924 4607555874006000337 13817166645843783776 4602511808224788718 4606323420871411898 4576858822915620096 4597265473913817984 13830734430471756214 4588287726824791648 4577369228472945488 4599429925199924458 4598498968569830893 4591644234433818665 4609405085932215116 0 0 0 1 13830153303238293924 4607555874006000337 0 0 13829457618455120358 13824347846422018927 4598240214434373212 13830153303238293924 4606323420871411898 4607555874006000337 4597265473913817984
1 0 0 0 0 0 0 13822440923933633346 13823507629108531318 13825404120253866492 13828233090418914220 4603248238034018204 13822442028260091076 13815380848844042928 4601463365201906828 13822553497023741416 4607769838528577569 13825802444820094730 13829010137403059690 13814326552084693178 13812690072493229254 4606229775166552699 4595149295408976278 4594930053180057180 4597850733955730824 0 0 0 0 4603248238034018204 13822442028260091076 0 0 4597560154028405230 4603479878364049941 4605145763924223562 4603248238034018204 13822553497023741416 13822442028260091076 13825802444820094730
0 0 0 1 1 0 0 13830881369802888333 4595549412007928832 13830857845618279312 13826313634739088806 4607993444163118915 13817689997904147920 4600235762480926076 13824574376730593914 4599338526244707888 4585380757467579488 13824705841933148412 4604075500162985296 4584055937447178008 13804986280926387608 4603726075271422659 4595819891309514728 4596491682982514711 4605164316796933793 0 0 0 0 4607993444163118915 13817689997904147920 4600235762480926076 13824574376730593914 0 0 0 4599338526244707888 4585380757467579488 13824705841933148412 4604075500162985296
1 0 0 1 1 0 1 13817934591994461904 13799612229182548352 4598983524669930472 13822942302418953354 4604482110556048322 13819537946525299776 4600813045228339594 13812849539967966640 4606093007677230702 13812159279190685280 13826631349520391977 13829130305938873312 4588461173237804464 4583789672256220504 4530559438545747968 4588865681335237115 4591185914843656644 4595716273275907720 1 1 0 1 13813748903026261352 13803723185417176336 13812237718190012923 4591185914843656644 4586571893584992005 13817451118681057985 4607089347459449631 4604482110556048322 4606093007677230702 13819537946525299776 13826631349520391977
1 0 0 0 1 1 1 4599894339115143400 4604030007164611318 4600712912481178008 13829180986488465622 4604851299933550892 13828059998772412546 4599652565230306094 4598551982817995004 4607655030298215061 13827288784739355101 4598339587219150792 4604092936826107748 4595749029254326394 13817421467122180488 4606532916242005376 4599044303928507235 4601348530362506646 4605419508845466962 0 1 1 1 4604030007164611318 13829180986488465622 4598853901262807977 4596437553051513000 4604060256451049963 4599815683847621914 4604262796948413128 4604851299933550892 4607655030298215061 13828059998772412546 4598339587219150792
1 0 0 1 1 0 0 4595055278953782136 13829033345448391768 13828391463339551722 4605173776239893372 4590237224945821056 13831064407012085373 4594815811846909648 4569242634993296384 4603833541143144232 13829050772140595352 13796684905344963072 13828832645682942934 4594796809096306470 13819583860498267402 4597665855480553080 4590515940673590116 4600203653142204416 4597977719736510222 1 1 0 0 13823057931155209594 4576092813944812096 13813887977528365924 4582328008572280692 13819841632730734590 13825347167679407173 4605957282394754466 4590237224945821056 4603833541143144232 13831064407012085373 13796684905344963072
1 0 0 0 1 0 0 13825877444457391064 13826171388348210489 13824399195842650170 13831447964836505722 4602022219595107132 4607368311415260801 13825910384501019812 13822081877717827942 13831348997376783852 13828080879994025278 13824834243219051876 4606690757770176726 13817818085653439431 13810060833938648216 4607064167018878735 4596932001731853513 4598606409948847902 4608338437687286520 0 1 0 0 13826171388348210489 13831447964836505722 13820304038586629321 13821978446803623710 4606408039783198264 13817782706810127493 4600492902312125130 4602022219595107132 13831348997376783852 4607368311415260801 13824834243219051876
1 0 0 0 0 0 0 13827837708060406668 4591390708970190336 4606424315942832858 4602896347610137578 13830504032929741056 4607283267719719321 13822246517179025980 4602272817815277496 4591190454829679328 4599309589817174372 13826639574277541181 4594391214018893088 13813265425383825358 13816295449586869642 4585343425820363392 4602547053455148580 4582671008878822379 4597466048309120034 0 0 0 0 13830504032929741056 4607283267719719321 0 0 13829720214424177304 13823076067063550308 4598247601592323711 13830504032929741056 4591190454829679328 4607283267719719321 13826639574277541181
1 0 0 1 1 0 1 4594902867530055392 4603511806604126300 4602082622513051864 4591431729937826848 4575956674678807040 13826239787549052336 4601683439126959424 13813340265611193248 4586624154372671424 4600085398359935400 13829199817346951371 4607583014300434183 4595371856258195520 13813736747031895908 4606775811019747624 4600117621773662344 4597892284912924605 4606065765024783367 1 1 0 1 4600441918786635796 4598723034874811632 4600117621773662344 13809465647784909956 13823381525777840245 4595988352944812957 4606432348824770691 4575956674678807040 4586624154372671424 13826239787549052336 13829199817346951371
0 0 0 1 0 1 0 4589910364233852656 4593279810138213088 13828070746488973894 4589702806579022592 4605799695124902842 4607169568536581730 4600585981575697788 13824746993551803038 13820131615032958472 13823694305076845082 13825194400024791324 4596013646127431064 13813245104078041408 13810960291725651360 4605774469282167420 4586528934569159244 4598392684307228377 4594577642754477074 0 0 0 0 4605799695124902842 4607169568536581730 4600585981575697788 13824746993551803038 0 0 0 13820131615032958472 13823694305076845082 13825194400024791324 4596013646127431064
1 0 0 0 0 0 0 13820173371242814468 13830467821984850239 4600473616721742608 13831221306986624209 4596927393719893896 4602977102780442692 13822280993716620304 13803825490037431872 4606584310426940130 4605701729750034270 13824581598302789906 4607712489051586067 13817444564455701790 4595908493928302292 4589810004356741192 4598375764098217166 4600492346988095007 4588330170476680473 0 0 0 0 4596927393719893896 4602977102780442692 0 0 13823153531652307455 4599506344933525304 4606130468859500494 4596927393719893896 4606584310426940130 4602977102780442692 13824581598302789906
1 0 0 0 0 0 0 13825635286833144776 13816026505642670192 4607535093043149457 4600508894473961932 13817589626140159256 13827147377090010444 13806793004745114720 4599817442968940832 13799059322395948672 4600524789452041080 13827628036731535939 4595176217831300048 13814627059069527946 13813582887577910013 4599701478640794538 4602354166881779224 4601305248993081855 4609645564994696107 0 0 0 0 13817589626140159256 13827147377090010444 0 0 4602842912992380597 13809531828035476854 4605869483614619363 13817589626140159256 13799059322395948672 13827147377090010444 13827628036731535939
1 0 0 1 0 1 1 4605331229575757162 4599908958564659468 13829393415174008186 13830800693742168307 13813397742204102816 4606164446977495134 4601562323242195942 4594735042444852636 4598226769843823516 13828527368370593839 4591262990642570736 13826862691112622381 4591764690029677840 13814864845908300826 4605752706699772806 4593255944957426869 4594404859508672332 4603838332536203856 1 0 1 1 4605331229575757162 13829393415174008186 4593255944957426869 4576036980887277224 4604486291091639543 4601911787695820540 4603107249867491276 13813397742204102816 4598226769843823516 4606164446977495134 4591262990642570736
0 0 0 1 1 1 1 4598480269480554224 4604852044353654322 13831379372356082058 13829540589897950702 4599223134080511544 13825950874899352894 13824350379626426230 13821834628101172848 13831175233794304632 4601441157934819688 4594692930960740720 13822978326700997048 13809984011222910868 13819641039882141548 4603055019550462732 4592410023247720233 4600280430646174192 4606092825863832189 0 0 0 0 4599223134080511544 13825950874899352894 13824350379626426230 13821834628101172848 0 0 0 13831175233794304632 4601441157934819688 4594692930960740720 13822978326700997048
1 0 0 0 0 1 0 4600117333860651440 13824883158520037994 13819681531718367896 13828365237711965332 13829313305887270394 4600725531216240764 4599521557040396278 13823797514364613012 13830221610405560474 4601578318084870756 4607971428522172429 13829469978944351023 13773302527123038208 13806720047575561728 4605388458320904995 4601548038942843721 4601590268852430487 4607581557828230803 0 0 1 0 13829313305887270394 4600725531216240764 0 0 13824360477512309802 13827795870981100352 4603532503166493100 13829313305887270394 13830221610405560474 4600725531216240764 4607971428522172429
1 0 0 1 0 1 0 4604108147613683752 4608041355984626771 13825612804552736528 13819840439127244844 13817872856942856120 4607816008518821157 13818869309708205276 4595190170866765168 4605178017169106716 4599445076262472096 13830221340268665422 13820470252382440184 4582968647180865368 4596088168273012958 4598431823393407596 4597530290532953857 4599766212482076749 4608130591945190449 1 0 1 0 4604108147613683752 13825612804552736528 13813982432752763336 4596095165664384902 4603752706909250538 4602043066046538562 4603876183985453716 13817872856942856120 4605178017169106716 4607816008518821157 13830221340268665422
1 0 0 1 1 0 0 4607443679087908707 4599085132947885712 4607441765185258189 4602979185284072292 13821757762102909252 4600660572665403820 13820463620746726384 4598222478973405054 13828070131299465660 13823443493657308850 13813935573973190768 4607178263008904086 13792159947383035264 4592463579052608720 4605163350746411527 4592402962769714434 4601150856397975124 4609879436111935100 1 1 0 0 4604293457718033159 4605340148427285631 13813242078481141527 4598310264509364474 13827261421903859887 4602450866569014754 4603579769301680717 13821757762102909252 13828070131299465660 4600660572665403820 13813935573973190768
1 0 0 1 0 1 1 4604974838699790856 4596246707213269200 4603185729420091864 4606903543707542590 13803859204869632576 13829357488605142082 13820842334632530960 13818506913987345640 4602981086136387798 13829697896297629960 13801359970309129600 13828339831151166871 13818878605396616330 4592875842483682636 4606271371175129191 4587411250829762875 4601837891858888099 4598765380503512105 1 0 1 1 4604974838699790856 4603185729420091864 13810783287684538683 13810342062976008824 13824754524130845109 4604704767874243184 4603036316970806641 13803859204869632576 4602981086136387798 13829357488605142082 13801359970309129600
0 0 0 0 1 1 0 4607332096136578507 13796304403394213632 4602945521025679826 4605704008803815338 4588523456373248832 13823400680380625048 13807191575949787584 13805592296827019744 4606984887839817518 13818229877282666368 13817914659160197504 13830189553633630524 13809758205777523596 13817371086958308160 4606594405007223738 4595986628005142120 4591931469922219189 4608032914106309664 0 0 0 0 4588523456373248832 13823400680380625048 13807191575949787584 13805592296827019744 0 0 0 4606984887839817518 13818229877282666368 13817914659160197504 13830189553633630524
0 0 0 0 0 0 1 13822668875487514832 13827230501125104643 13826108705625824573 4599701073121822576 4607465709872035157 13829862728991003240 4596652279690869844 13818351719857564188 13828647477927771256 13809404802796114080 13829362393092781968 4602282870787472176 13810405995524853068 13817362573253255116 4606907733042387147 4598021046445994984 4595818730738484292 4606048795889783596 0 0 0 0 4607465709872035157 13829862728991003240 4596652279690869844 13818351719857564188 0 0 0 13828647477927771256 13809404802796114080 13829362393092781968 4602282870787472176
0 0 0 1 1 0 0 13831330474773474505 4605468377854197170 13816591853426166800 13827331318780146789 13818312736377114104 13830588038767840639 13821722074139588450 13813580569242221880 4607781222371938505 13823063369095446036 13829125646308895083 4606485847300295314 13819297907306205276 4583565132157547968 4595696110220145600 4601432682837631029 4601026766321403557 4608967122272698670 0 0 0 0 13818312736377114104 13830588038767840639 13821722074139588450 13813580569242221880 0 0 0 4607781222371938505 13823063369095446036 13829125646308895083 4606485847300295314
1 0 0 0 0 1 1 4603447647145813680 13829459114864942434 4606509874890687466 13828132524687986810 4605624608933100438 4602761936359344474 4592820769384737632 4594168170971900252 13828098981010485952 13831060870881014938 13827802013823120441 13830982369254699369 13817662886237821114 4596366947095205664 4591367453210839736 4601217341739705148 4597151168619502149 4599746075191420680 0 0 1 1 4605624608933100438 4602761936359344474 0 0 13822529110553182963 4605248581108307448 4603030592220853240 4605624608933100438 13828098981010485952 4602761936359344474 13827802013823120441
1 0 0 0 0 0 1 4605495112871414898 13824900785117716908 13830413006962286239 13823618831801154636 4600657969959011976 4599440046065197948 13821974391250707156 4600858535426568400 13821819513547785348 4601745492713478764 4606404511737660574 4605803451348430670 13809866854060911136 4592483093970757672 4600786925339379894 4600475112450059988 4598133797120117426 4610638991862510570 0 0 0 1 4600657969959011976 4599440046065197948 0 0 13820110723468890456 4601041978836424575 4606173150776615167 4600657969959011976 13821819513547785348 4599440046065197948 4606404511737660574
1 0 0 1 1 0 0 13828072835307952483 4591874996200933808 13830286481902714711 13826581943706918780 13827693726390047661 4601958832634794532 13822448246454886096 4600853597261016226 13824410447539400274 13827654453134198685 13827769591189610107 13819866596160781416 13808524149104903496 4592489342947354488 4605855562014319361 4599588883600648003 4602269721923833840 4600830917854027648 1 1 0 0 13822667913738360877 13828434212804816746 13821111029471077165 4599549262062043816 4605078223714631908 13818882109293232912 4603739778850561292 13827693726390047661 13824410447539400274 4601958832634794532 13827769591189610107
1 0 0 0 1 0 1 4607960148557069629 4606290073038039834 13826379631411289669 13825600590763799148 13821805777268166780 13824217050114703578 4596942127394192464 4600984616357019194 4604751399275037446 4595417514883354848 4604614506575348800 13823581957926139482 13779185633398377472 13810661759370906560 4590612766761451024 4598760192467459452 4594785231223883562 4608797912810185450 0 1 0 1 4606290073038039834 13825600590763799148 4590103791285126781 13818157268078659370 4601108168559041123 4604608279911779455 4603266369593403264 13821805777268166780 4604751399275037446 13824217050114703578 4604614506575348800
1 0 0 0 1 1 1 13830373706499255996 13807698920830680704 13825855820237188482 13819904154607133076 13826336505793160508 13826977569123629695 13798273681153579264 13822849657122742496 4604682108511231270 13828685535960297456 4589226831815951072 4589692340815699664 4593866160676488316 13817746832190349741 4600350071030131748 4601464587849714036 4586135012223331783 4593246874166104798 0 1 1 1 13807698920830680704 13819904154607133076 13824836624704489844 13809507049078107591 4588784955134782596 13818286802851499538 4607050749979644410 13826336505793160508 4604682108511231270 13826977569123629695 4589226831815951072
1 0 0 0 0 1 1 13831333018213066795 4605355836999835936 4604380719598987240 4603747155542877416 13821699915477881620 13830585585405421171 4600168007598074310 4601218093815609660 13830991758324249533 13812747430165826704 4598259067247526968 4602640639885596360 13819500326350609060 13819443950272515252 4604284770675671884 4586433229857202375 4597160497265245744 4604401283354404302 0 0 1 1 13821699915477881620 13830585585405421171 0 0 4604731784397127083 13809979615985477587 4604337909648877882 13821699915477881620 13830991758324249533 13830585585405421171 4598259067247526968
1 0 0 1 1 0 0 13822884682809322442 13827259124474572533 4599843192675933808 4600616465401925024 13828793785625684988 13831260800393792799 4594055867568576828 4602490074031359950 4601070660917347196 4607952750870269467 4594406940541026848 4605877561239930370 13810991330061911296 4583118751802679824 4598371043361906740 4600079468265907905 4584183847100972754 4609209394335103801 1 1 0 0 13825676037865522394 4600229829038929416 13819436447348064323 4584183847100972754 13823020074973532249 13824088449996831278 4605907810759997810 13828793785625684988 4601070660917347196 13831260800393792799 4594406940541026848
1 0 0 0 0 1 1 4598295121966955352 13824925243518777454 4592527999474436672 4604390238946387146 4576235464418195712 13830767154307140955 13824112285430667972 4597019389089253660 13828407789704372344 4590485998964908096 13815725694609725216 4605659432153097430 4594487207231904168 4591305906193111068 4603195274084809624 4594454292649970476 4593965180189106649 4600618867365947015 0 0 1 1 4576235464418195712 13830767154307140955 0 0 4606357195601746432 13811871477314647527 4601131725710496999 4576235464418195712 13828407789704372344 13830767154307140955 13815725694609725216
1 0 0 1 1 0 0 4598655634574782904 4606548295436201078 13814009196135144864 4607301803370055075 13828037350699288954 4593646755448628384 13823908888295931172 4591075623683355792 13823111969323375914 13821614638883323592 13828644357279504732 4607675413195755923 4594246983458802244 4585151692296692980 4592205269295875448 4599230158570078364 4601642295932070131 4607308733582101004 1 1 0 0 4603607761154957993 4602170995985571730 4599230158570078364 4601642295932070131 13824670691731019679 4600948538887465145 4605479214029686756 13828037350699288954 13823111969323375914 4593646755448628384 13828644357279504732
1 0 0 1 1 1 0 4599537299057574308 4604191046491589816 13830860679352970953 13814664169393917024 4587830069302085728 4603402340362021960 4601511919602470026 13824557133139342372 13825706714743547052 4606548172510158830 4603349739232005206 4599801748814609524 13808877025771618316 13813079779249965534 4599424011857548760 4599743116506147106 4600626777426751576 4609564678761419819 1 1 1 0 4602620286434053514 13826771311717848975 4599743116506147106 13823998814281527384 4602465784371050131 4601671555827410022 4604942461425712424 4587830069302085728 13825706714743547052 4603402340362021960 4603349739232005206
1 0 0 0 0 1 1 4604224292996858810 4599710258580140116 4605437676533971198 13827170106825560100 4607633879464715533 13827299145294774422 13813583872111146688 4597172495902742072 4598143084246067904 4605217399697577508 4595403934637337248 4596088329262672552 13804600514588534960 4595370271444542182 4603394917665015863 4598269513668370715 4596391575633237433 4599779582460010023 0 0 1 1 4607633879464715533 13827299145294774422 0 0 4604703581357345504 4603759777241128721 4599083771359623525 4607633879464715533 4598143084246067904 13827299145294774422 4595403934637337248
1 0 0 0 1 0 0 13829709076363137744 4607248487316366027 13821213406152320896 13825657535666427978 13831128238891691339 4604816160281319352 4602335180417401658 4595613105495415308 13829090673000869738 4598606088389707440 4604598325910205978 4595586694880669744 4587135990439753632 13810496276535029416 4597136584573193020 4599603946201718252 4599425077945902764 4607037106163756644 0 1 0 0 4607248487316366027 13825657535666427978 4599603946201718252 13822797114800678572 4601178806212365536 4604911913665062882 4602828941629383993 13831128238891691339 13829090673000869738 4604816160281319352 4604598325910205978
1 0 0 0 0 0 0 13819559615200654920 4604131209231513138 13830431667316020117 13824949354062878090 4607775592221019699 13826385665813340446 4593808032742094232 13825028913112301122 13827465710568312170 4608034668425142611 4603623063403402890 4605494490880690958 13817083245837188077 13818014117601288765 4605345091700614207 4584194406385102258 4599220647078114498 4604714064543897362 0 0 0 0 4607775592221019699 13826385665813340446 0 0 4600441026102423698 4606116765495657490 4598811764394414636 4607775592221019699 13827465710568312170 13826385665813340446 4603623063403402890
1 0 0 0 1 1 0 13826212768719832464 13822425488589697520 4601923269396820608 4603368034765702824 13826375149858611257 4607837881407355083 4600141458333687498 4602583542219010196 13821567513058147352 4582771089467132032 4607488662511795651 4607635479160295647 13807825385171340632 4596153922316491406 4605281232933360732 4598225684513427815 4601800769372155489 4607531378801259099 0 1 1 0 13822425488589697520 4603368034765702824 4598225684513427815 4599835264161123100 13823769383325012551 13821398262499340801 4606232300367108839 13826375149858611257 13821567513058147352 4607837881407355083 4607488662511795651
1 0 0 0 0 0 0 4601795353024434456 4606585577213235010 13824841619831742560 4581132879198798016 4601971393090673224 4605438088954702418 4596422537693638876 4595574111999992256 13820453759472458876 13822815884793929350 4600436839986587184 13824789032324506606 4588517360238331984 13817781822071460183 4603824361806519812 4598934210415136946 4600055543159615970 4609166684822575828 0 0 0 0 4601971393090673224 4605438088954702418 0 0 13828883420777978431 4597361127253181387 4602983014572970339 4601971393090673224 13820453759472458876 4605438088954702418 4600436839986587184
1 0 0 1 1 1 0 13828018351597206000 13815484536125317072 4605382653114627734 4602990467916438786 4604486255266926106 13829615385683722656 13814264586113937248 4597709749686875728 13823957589639695090 13818931822351329512 4604831557140787886 13821625743295614484 4582619643460846096 13815318938082424887 4599736693059202812 4600154688267233807 4600018126677059840 4604308471810595159 1 1 1 0 13824445761795757546 4604186560515533260 13809628817795082769 4586637561422000729 13827807504256826382 13822502435148900145 4604047984639011546 4604486255266926106 13823957589639695090 13829615385683722656 4604831557140787886
0 0 0 1 1 1 0 13826425309426429620 13824889360008125182 13819705585304153408 4607528544900424649 4584004213451884160 13830017579676306064 4597252241278188908 4600377547342128878 13830816805361877696 4589885673976286256 4600251992176886720 4602258123128648776 13811212518004172348 13819353878771196060 4604784393051159780 4600216858038076922 4595428364172485285 4610750108037149797 0 0 0 0 4584004213451884160 13830017579676306064 4597252241278188908 4600377547342128878 0 0 0 13830816805361877696 4589885673976286256 4600251992176886720 4602258123128648776
1 0 0 0 0 1 0 13823152990338704378 13831302872224588360 4605486554018400862 13830679509228639331 4607540494776396343 4599523356080356268 4600124416386887468 13821891065728606968 13830800243176116283 13824341680194731106 13829234792502233248 13824816238893453862 4585167156974181080 13814622103915588154 4595491575248520328 4586563268672014032 4596142173171590965 4609359816128230462 0 0 1 0 4607540494776396343 4599523356080356268 0 0 13824327165654185956 4605299655868993802 4601944387309091346 4607540494776396343 13830800243176116283 4599523356080356268 13829234792502233248
1 0 0 1 0 1 1 4605072617018278628 4607439355164573769 13831029674636043427 13829596025543051992 13831188214555065405 4599809436954955888 4592921213649714728 4600982756054077252 4594552684468805304 13818292989458999568 4607295278811425969 13825713378627547764 13819065478228163716 4577365676222321408 4601366366511418554 4596399007788389542 4594076303921541610 4602668220805913452 1 0 1 1 4605072617018278628 13831029674636043427 4596399007788389542 13817448340776317418 4606268012497612228 4600090191377865961 4598291934084097262 13831188214555065405 4594552684468805304 4599809436954955888 4607295278811425969
1 0 0 0 0 1 0 13831276277825410464 13829892401866309183 13822337719044810316 13827472080389317080 4605272737226114522 13828626106757472208 13803719034583004768 13804681610353676736 4591843797114693664 13829986999305230030 4600329186551414536 4607566903238656705 4591812831172912536 4585991437426207032 4603700740329598585 4594056618893413550 4601960266386583268 4610857693637652712 0 0 1 0 4605272737226114522 13828626106757472208 0 0 4604799794459010921 4601429484730729921 4602886751038688400 4605272737226114522 4591843797114693664 13828626106757472208 4600329186551414536
1 0 0 1 1 0 0 13822453215146859858 4606318560414007838 4604107931758242880 13825289178064025576 4607373263544431959 13809254607796146400 13815794096591815888 13816880364447515792 13818913954990031592 13827370091659301534 4607252088811148679 13826203649169316853 4595944264845325988 4595052151722825232 4597238561246018576 4593716321994478446 4596952440583256606 4606203190976822166 1 1 0 0 4599110181599548277 4591904226932343088 4593716321994478446 13820324477438032414 4589189896998928415 4592832323988706293 4607106469350851889 4607373263544431959 13818913954990031592 13809254607796146400 4607252088811148679
1 0 0 0 1 1 1 4599690735715173532 4604895099729965334 13827916076534926202 4594515292541830800 4606029798170267258 13820179838884717524 13815345028606672400 13821559604693909868 13831134826815750760 13824562268363687028 4603770484509669930 13830322512323310844 13817284969946718357 4585396308315943276 4602149270064792164 4601257504622243639 4601707826865844825 4607748749017479037 0 1 1 1 4604895099729965334 4594515292541830800 4600753432332387832 13820795662175768506 13816096356518955876 4605061029681127023 4603893630721169912 4606029798170267258 13831134826815750760 13820179838884717524 4603770484509669930
1 0 0 0 1 1 1 4603318520004554502 13826184278313599520 4607889893899982597 13823971614355103460 4607212048373820683 4605569709131014550 4595072034575947600 4598543852066935844 4602099993199065460 13828911555807472620 13827819209891852126 4602832110853562808 4595783654117900054 4589727866747248188 4602507509766418908 4599011441892488548 4597462095357373690 4609059125982591840 0 1 1 1 13826184278313599520 13823971614355103460 13814977802831614659 4595967318688395035 4601585814832374407 13826750189449299288 4604372033711734017 4607212048373820683 4602099993199065460 4605569709131014550 13827819209891852126
1 0 0 1 1 0 0 13827768444166538661 13822615028853975458 13825512710954363888 13827325829057861256 4604964631587514708 13826324608253421948 13818471806131576008 4598176674836868870 13827739103044105922 13831120228961169729 13830920509736765398 4604002020937840926 13809353235578504744 13805986068743935384 4601157425906258312 4599465472104296276 4594110472575722187 4592938189168745378 1 1 0 0 13826050530579815030 13826553806274377280 4599465472104296276 4594110472575722187 4602741882708044001 13823931391203126329 4605133308692186308 4604964631587514708 13827739103044105922 13826324608253421948 13830920509736765398
0 0 0 0 1 0 1 13831340202230936903 4597540160192251376 4603514267895903170 4603450037092474820 13825652690285096898 13823263099540387592 13821979246708939026 4598566410741449314 13821346295735781816 4582020464127228800 4593982368429288752 4592628818107441088 13818782101967476455 13809371041211679336 4605780411792659830 4599083600206703958 4602597697285261058 4608431736282645388 0 0 0 0 13825652690285096898 13823263099540387592 13821979246708939026 4598566410741449314 0 0 0 13821346295735781816 4582020464127228800 4593982368429288752 4592628818107441088
1 0 0 1 1 0 0 4603509368712041096 13828612805856653539 4606541955375584274 13827587127101410968 13818620622848057712 4605371004159011858 13825013400741300452 13805573905396336160 13821179575373172640 4607867537460547263 4605079532828473694 4603811397720979690 13816196028817253325 13814933145612273546 4592381550704823776 4600938268018209404 4599291143063269853 4604210398123114825 1 1 0 0 13814962058677287276 4593821750548433652 4587129678685454089 13822663179918045661 13820574016928492353 4580468588125767732 4606954342500509289 13818620622848057712 13821179575373172640 4605371004159011858 4605079532828473694
1 0 0 0 0 0 1 4604816051651946122 4604410496512430488 13815090377246999072 13821718121368765252 13828608324089239766 4601548364311832548 4585532484298152592 4601075058396670374 13830578898117437155 13818217671312301496 4599856489492268416 13829006488745114227 13819295466128354112 13818619470073679842 4600034255690739958 4590530553372852181 4601721887405801944 4602601963397903140 0 0 0 1 13828608324089239766 4601548364311832548 0 0 13826677502759161464 13825360585294018259 4604300363274381703 13828608324089239766 13830578898117437155 4601548364311832548 4599856489492268416
1 0 0 0 1 1 1 4601527762163043772 13814438972518921632 4605890009916046946 4595570182669187168 13826110903477877431 4607275168074819871 4598474304750662098 13818735165224209724 4595597349782779128 13830540361843802162 13822772515023762786 13825038084898128118 13817952451158019440 13819259071538704520 4606174458324278599 4600044889952356738 4593970076519507403 4611278461351670356 0 1 1 1 13814438972518921632 4595570182669187168 4597416291294884357 13817342113374283211 13823460180622750310 4588420102380609722 4606575828222401062 13826110903477877431 4595597349782779128 4607275168074819871 13822772515023762786
1 0 0 1 1 0 1 13830883963099320268 13819411544777358624 4599827526884982076 13828848817508870448 13830596981497535268 4605377925835884126 13822357938813835654 13823967446182473532 4607697802932685247 13830358135867173607 4605959948804777626 13821743724019601100 4585559229615141568 13796463162018686016 4595402329863444572 4598420779298941543 4602402728587282040 4603920900997605179 1 1 0 1 13827239299425955696 13820987272395871524 13821792816153717351 13825774765442057848 4597342150028591468 13826990636819120329 4605054407231115630 13830596981497535268 4607697802932685247 4605377925835884126 4605959948804777626
1 0 0 1 1 0 0 4602873566670835686 13823866590277484844 4607282508966857351 4603249823923240458 4587528303100352384 13818717077989328904 13822412121576849374 13809745872112888112 13830166886262150811 13830093204706836976 4607664759246131723 4601878264372858468 4581620932964960720 4581758467115917568 4584925019648338816 4602077883832066615 4599757525903407202 4611449054566199696 1 1 0 0 4589811942155795776 4605316211528468876 4598011930968843576 13813761680041136498 13827828090793680442 4585400423233517841 4604622972469267539 4587528303100352384 13830166886262150811 13818717077989328904 4607664759246131723
1 0 0 1 1 1 0 13829423663115263983 4607451560239040221 13829620124628002983 13831268805803036241 13826454626644778971 4592507480253407088 13824232751561761720 4601501810528401372 13831159925084620527 4603886437844590382 13809116191893577728 13823436193669636400 4584912865248108340 4592564877121048860 4606243692061259316 4598685353441598421 4595911599791578270 4602404471666415813 1 1 1 0 4591340722333464364 13830678047972217170 13820667384448151919 4595911599791578270 4606348459088894072 4582881570960976727 4601228557335316217 13826454626644778971 13831159925084620527 4592507480253407088 13809116191893577728
1 0 0 0 0 1 1 4603794801784637956 13830721246642799521 13824084702030561426 4602916324584130374 13829782424068994882 4607429773366702547 13817373342585106636 13811718035033393168 13829975945116884302 4607828545149521363 13828309229982220072 4605064660161477278 13804890335430181376 13818002948519557565 4603533835713622585 4587998759268912014 4599842486961152318 4610947553286410500 0 0 1 1 13829782424068994882 4607429773366702547 0 0 13829963514208822071 13822046481593130820 4597207103685949978 13829782424068994882 13829975945116884302 4607429773366702547 13828309229982220072
1 0 0 0 0 1 1 4597552578843050688 13828814000242167120 13830971967029683407 4607880531242984679 4592792920196569856 4605065900974151426 13815836655151084040 13821908933007717456 13822531939877254466 4607934783004351181 13828447225145222014 13821828737107134028 13818422030724956439 13803445799339691040 4593782049460019000 4600511429165482996 4600611869572343758 4601420696238407599 0 0 1 1 4592792920196569856 4605065900974151426 0 0 13827884992226891171 4596146045666097456 4604333095852895343 4592792920196569856 13822531939877254466 4605065900974151426 13828447225145222014
0 0 0 0 1 1 1 4606006022845545678 4598676571277828056 13828777480819529356 4603749292237736578 4606392484198863106 13822572534495333718 13813347709930423920 13795360551320169216 4603476700604573694 4607937247265328675 13827929314734066292 13830487056861302184 13814968468980799786 13818098158476976629 4601328052742191154 4598066843377434104 4601203931170759044 4610554728465304228 0 0 0 0 4606392484198863106 13822572534495333718 13813347709930423920 13795360551320169216 0 0 0 4603476700604573694 4607937247265328675 13827929314734066292 13830487056861302184
1 0 0 1 1 1 0 13821609317170883740 4607724399227842925 13819766753123193088 13814690257866780320 13827428825811833947 13831193213979263037 4602081196492863322 4600462439493451648 4596015047053597768 13830814722983681106 4589010192303137312 13821551213910610938 13815595452782184253 4596319906341442772 4607130329466769224 4591933962215264641 4600835149124028709 4611188900243921842 1 1 1 0 4601479949829196940 13817816855221462056 4591933962215264641 4600417437623231732 4599763441063239070 4602363846757878897 4605452812920736329 13827428825811833947 4596015047053597768 13831193213979263037 4589010192303137312
1 0 0 0 1 0 0 4603411633832236902 4606534456105830982 13825523922920204312 13827276348154564197 4598671174367885488 4596356202873012400 4598490156949444050 4591599450678744584 4602981438273532532 4595248745724823440 13806942778009162496 13823881723100879666 13819103728184265981 4581754201369587096 4606616250366279107 4600012012328834985 4595744892595393623 4606713841637959856 0 1 0 0 4606534456105830982 13827276348154564197 4598422865739345607 4589709613015873645 4603677811913779841 4604563205350910421 4600010311577140664 4598671174367885488 4602981438273532532 4596356202873012400 13806942778009162496
1 0 0 1 0 0 0 4604991036934694878 4603990693238623166 13827422248210897440 13814750189488882592 13827765560278332857 13830981395841853528 13819160041321824476 4597987410289621284 4605410834005227570 13814646227533646304 13829805688268323051 4606326609874113310 4595662257499992268 4595046890887317504 4603262567092623193 4589449589938375613 4594056749051944502 4607638784845539056 1 0 0 0 4604991036934694878 13827422248210897440 13812821626793151421 4594056749051944502 4604732623570854012 4600403019967594675 4603352299243591671 13827765560278332857 4605410834005227570 13830981395841853528 13829805688268323051
1 0 0 0 0 0 1 13828671665606390734 13828210197550677310 13828709399249884936 13827642329785136112 4600853497471981448 13830812298316499361 13825825933427704140 13822106239462077236 4606743137816015774 13820157095584794064 13824546520871766190 13803616199335422656 4589881414114936600 4590193558679912584 4604257171998655969 4582983266971597126 4601460363847747936 4605579903387110155 0 0 0 1 4600853497471981448 13830812298316499361 0 0 4606336689162394125 4594053345951719503 4600890595379142013 4600853497471981448 4606743137816015774 13830812298316499361 13824546520871766190
1 0 0 1 0 0 0 4597347433958659056 4605113252407921876 4603495386074063052 4607578706771277883 4593902902952741360 4599714603132025288 13825658136589357108 4599370765416320658 4600703134928448184 13822470758412864454 4605620678521037186 4588633889261249344 13818034326120662391 13814734229297194647 4602593417634375576 4600253090504511608 4602143086769825707 4602927544958002261 1 0 0 0 4597347433958659056 4603495386074063052 13822717194463486130 4586476011535825528 13827236148838945064 4598845885596005409 4604661580998851522 4593902902952741360 4600703134928448184 4599714603132025288 4605620678521037186
0 0 0 0 0 0 1 4604748304399249492 13822613210017766734 13828922809572758222 4596719967634777776 4592463883355803824 4604363878984908566 4600506494390276060 4598448291254866602 4598916592318447684 13806336497959512832 4599772337228954260 13829980267508868043 4595566046641940990 4587767921670969184 4604412092911452845 4595567176363377807 4594206091333338749 4608821992369824839 0 0 0 0 4592463883355803824 4604363878984908566 4600506494390276060 4598448291254866602 0 0 0 4598916592318447684 13806336497959512832 4599772337228954260 13829980267508868043
1 0 0 0 0 0 0 13828846278138359908 13825675987965319054 4596138177934140400 13824418479743503558 4594634059986856768 4596916827743148096 13825436124815290660 13821810113578980080 4600198611188662392 4600244781407794156 4605092350570227438 13810623902432628576 13815119561195170228 13811105184611927244 4590682636234600264 4598310288274180523 4586308896180498194 4608867553326105608 0 0 0 0 4594634059986856768 4596916827743148096 0 0 13821807262311418466 4597764762951377961 4606591730399477757 4594634059986856768 4600198611188662392 4596916827743148096 4605092350570227438
1 0 0 0 1 1 1 4603349759132490902 13824313873616118430 4603707901742933468 4607824177236075621 13826827022289053177 13829583675101635054 4592123075069037872 4600426828173547494 13802388652615596544 4598437307307559272 4605360549977435336 13822872938640464456 13816504963136962944 13817072368045406642 4590651298905112224 4599087591355023820 4600466039379054725 4610369233068442201 0 1 1 1 13824313873616118430 4607824177236075621 13814960461698806579 4593579267844381344 13830145479950910157 13814093643424392518 4598820179611376742 13826827022289053177 13802388652615596544 13829583675101635054 4605360549977435336
1 0 0 1 1 0 1 4605702964835868742 4602419232756318356 13827878431088717482 4606332298600931002 13830896881979614565 4605342140732501558 4601730054977385424 4596161185894221904 13829156056229317360 4594919898012081432 13830893239926340486 4601115479284992028 4594272640047878082 4589665059360899564 4605214996979465788 4598038761843095863 4599410781254204987 4608575962481825564 1 1 0 1 4604125995400175688 4591968038131122240 4598038761843095863 4598169326469347652 13808138031339320994 4602602215387014774 4605992374544444988 13830896881979614565 13829156056229317360 4605342140732501558 13830893239926340486
0 0 0 1 0 1 1 13825475100772798866 4607627901335668271 13829392266487348435 13826642682354411962 13826986856524359144 4607060311559855826 13825092066170634030 4597541146723738748 13823817900153107178 13822075665195664890 4590281159713811952 13827650379336293486 13808117944189809952 13814565914386016192 4604720333776716439 4593438549775341704 4601672736514826193 4601829067065388393 0 0 0 0 13826986856524359144 4607060311559855826 13825092066170634030 4597541146723738748 0 0 0 13823817900153107178 13822075665195664890 4590281159713811952 13827650379336293486
1 0 0 0 1 1 1 13831259757235743191 4599611301171925480 13831434247977741789 4602933579681478024 13828264618044276352 4600730478649472644 4595942598802738376 13811949057703182944 4605879871478722570 13831146466955264507 4570016337800820736 4593393487677951984 4590991190183355848 13814224990584045389 4602134609996021304 4600251104132128885 4600323378434456617 4600062292379690352 0 1 1 1 4599611301171925480 4602933579681478024 13822528922893387648 4600243220000856106 13826737908539215580 4596221908611067156 4605322032471847056 13828264618044276352 4605879871478722570 4600730478649472644 4570016337800820736
1 0 0 0 0 1 0 4607880433635538069 13828333233992555038 13823164872790995708 4606822912909216766 4591196255587513184 4602950327144978202 4573892619915246336 4595543852516310220 4604538903551824326 4600805617359435860 4605823101557910730 4607879525287009655 13817962638215854984 4594069981081727464 4606959175825467026 4601126313203491176 4590011806696496518 4601302390180848656 0 0 1 0 4591196255587513184 4602950327144978202 0 0 13823960556246450830 4597112991934162913 4606251332653134803 4591196255587513184 4604538903551824326 4602950327144978202 4605823101557910730
1 0 0 1 0 0 1 4594985241569730016 4602733152527298972 4594048539306324048 4603169072129388146 4588166083836966272 4600958910631663728 4591768414151361984 4589422826772620888 13830910779446872270 13819347497591460960 13831404232354355059 4598266370820160660 4595542961773089544 4592033893289644316 4603865262980128373 4601918071930871392 4587865076348582231 4595402248948724156 1 0 0 1 4594985241569730016 4594048539306324048 4601918071930871392 4587865076348582231 13808315110604564075 13803443911294622760 4607176379744196051 4588166083836966272 13830910779446872270 4600958910631663728 13831404232354355059
0 0 0 1 0 0 1 4596494337185065264 4602333300801213556 4607447739771199479 13827309724463505549 13810771121382142176 13822677332999470856 4594834986512917608 4566034044860316672 13829597201881570822 13827362300626500816 13827187505897148885 13830792156210244434 13818760131020008832 13803758601690920256 4604106458093167697 4602104730983839655 4600662780051243259 4608677223163037270 0 0 0 0 13810771121382142176 13822677332999470856 4594834986512917608 4566034044860316672 0 0 0 13829597201881570822 13827362300626500816 13827187505897148885 13830792156210244434
1 0 0 1 1 1 0 13822250963613423450 4594112018080769560 13830912733167174006 4597840282015276400 4595728546572384072 13828233872331575752 4590647498160616976 13824912556179869494 4594266529177595648 13826985755610891991 4606965091789499722 4583598459287022528 4548659095088668672 4580110484116741632 4598450725688220082 4596823010931982492 4591862963248998410 4608809938247071364 1 1 1 0 13813507073409190044 13824599345620999056 13808813772379400706 13815235000103774218 4601262464898606083 13813000912151367499 4606320114618640565 4595728546572384072 4594266529177595648 13828233872331575752 4606965091789499722
0 0 0 1 0 1 0 13823178655071584858 13830181607593040241 13828033708681999982 4600671971962662188 4607559974437820533 13827694152695782013 13821609682651531348 4598250826841051844 13831407823544796984 13830819775291181065 13828310763400740316 4592788336933233888 4595352392295614756 4563801826131664896 4600389438267122336 4597236736423051498 4588486729017955531 4599576676594412430 0 0 0 0 4607559974437820533 13827694152695782013 13821609682651531348 4598250826841051844 0 0 0 13831407823544796984 13830819775291181065 13828310763400740316 4592788336933233888
1 0 0 0 1 0 0 13821168766215947824 4602267910673865880 4602940701934996260 4606264667974539706 13828864382901020818 13830001539529968058 13824945270014214478 4598588408793219050 4589183609196287840 4597918502998332592 4606576417411197062 4602671449915624948 13809385374098701032 4595944725986254566 4600631963783594530 4597976489921088500 4599175427729499645 4607995919553978912 0 1 0 0 4602267910673865880 4606264667974539706 13812434288404977460 4591615235797268128 13827418574798899761 4600433512044532705 4604110408033515584 13828864382901020818 4589183609196287840 13830001539529968058 4606576417411197062
1 0 0 0 0 1 1 13827062586883086487 4607057824450070194 4580584436738840832 4604355226614342214 4607624295109754707 13830873323677172881 13815150048510665584 13815628636836952208 13830738561819554245 13826887513575888818 4601018088787496600 4598688994995627272 13818854087428379280 13814340554101596423 4606924809885029171 4598843298095345142 4599812315576642953 4611467398707172581 0 0 1 1 4607624295109754707 13830873323677172881 0 0 4605672270809564825 4602948397699794060 4595020378530388893 4607624295109754707 13830738561819554245 13830873323677172881 4601018088787496600
1 0 0 0 1 0 1 4602978432715590372 4596370827934330320 4594636475416827408 13824612468777234570 4589783135122616704 13797903678387046144 4591077825637355224 13823096823147469914 4598394845704694596 4604938207218450494 13819404749732991616 13829643900657708972 4593914166800689684 4587949941312948856 4599169515221653094 4599311211751565901 4598652994745539168 4594949477067434605 0 1 0 1 4596370827934330320 13824612468777234570 13815793827615474456 13822025031600314976 4601897499853744448 4588896398159266881 4606169922547610113 4589783135122616704 4598394845704694596 13797903678387046144 13819404749732991616
1 0 0 1 0 0 1 4607163088635681794 13830838692023733625 13818446520166493200 13826297595125428740 13811412387973562784 4603230306425410296 4599125039919592576 4575237773535314176 4605135438409609568 4604701210196242302 4607589488811681291 4599812865045887780 13804344765244956392 4596012404106541448 4606600413558670940 4601626663290973194 4593809856982368398 4610126866138983853 1 0 0 1 4607163088635681794 13818446520166493200 4598851886437590008 13804083803888451371 4599914787106324888 4605358238739162099 4602568718217742502 13811412387973562784 4605135438409609568 4603230306425410296 4607589488811681291
1 0 0 1 1 0 1 13822501509598725732 4605566726956180150 4603053640013961216 13829018143805628580 13827962620567518487 4607643100248889211 4600598731331555624 13815923944014160880 13831175004947685262 13817944389245425832 4604546450250433730 13817859415627878392 4584909915359258636 13817483561411952370 4606624729787030642 4595442102410047141 4598661227412227257 4601912033431056760 1 1 0 1 4598334200915787652 13817724991019094344 4595442102410047141 13818315273282345168 4574375711763327722 4597236707298512412 4606953431981538182 13827962620567518487 13831175004947685262 4607643100248889211 4604546450250433730
1 0 0 1 0 0 1 4590115071559197792 4607292345726774011 4604759608124165990 13824947543287819016 4600240317814645156 4604583908140393780 4601008712025101360 13820660687755933588 4600618864035583664 13827664891662952190 4594366734817786096 4604043144289327730 4592384374100994056 13817658352374600028 4605159414001082209 4584592166243082030 4592854036263482221 4602984311001748478 1 0 0 1 4590115071559197792 4604759608124165990 4584592166243082030 13810935212036091188 13828449547923805106 13804860157016674750 4603959232651756870 4600240317814645156 4600618864035583664 4604583908140393780 4594366734817786096
1 0 0 1 1 1 1 4596079765433029992 4604726152029793508 4606370926815906338 13811515772365656128 13821779066873963202 13825228298252099850 4601407154894955998 4594375730133980648 13824865196053911608 13826710924956593383 13829735590980588972 4604915831527275412 13815390174994620548 13817412606998733898 4604148654682939630 4599259397474291548 4600570865874260520 4607341371778465009 1 1 1 1 4601950488688046654 4601368395033842974 4599259397474291548 4599314398689899722 13826350799068204044 4601787227718756564 4604624238366426237 13821779066873963202 13824865196053911608 13825228298252099850 13829735590980588972
1 0 0 0 1 1 1 13821231787772456280 13828955114442721954 13830683393240931309 4605787648821716698 13830723465474513499 13822918429274830568 13819570109675268440 4601285507319995032 13830070561739164372 4607029763261348530 13824429841893097178 4604666451564151226 13819389155755000834 13817183850976278797 4606025670919636179 4594656069493612853 4591163965566635683 4607499867055990113 0 1 1 1 13828955114442721954 4605787648821716698 13818028106348388661 4591163965566635683 13828997679444193374 13823026906624189738 4601837650821972972 13830723465474513499 13830070561739164372 13822918429274830568 13824429841893097178
0 0 0 1 1 1 1 4601087162651039836 4607371114677706799 13830067404752017912 4596261721941042832 4594878904030252272 13830891871154912236 13822761282136110892 13822376632989810742 4602122838362072252 4598493306307793568 13820109421859637944 4594687460367490160 13817760265298266496 4594249340390928382 4606014274869997130 4598797473407126433 4601644280904629214 4606414316994503076 0 0 0 0 4594878904030252272 13830891871154912236 13822761282136110892 13822376632989810742 0 0 0 4602122838362072252 4598493306307793568 13820109421859637944 4594687460367490160
1 0 0 0 1 1 0 4603300620436271744 13830081739746963034 4607921637911719685 13828057846851520720 13825802270021459984 4589914378769046784 13810113762776781232 13821353293726123516 13828620635501186666 13827930211799594482 4607220938876230673 4599090790530717724 4589841127030684056 13819589632917912316 4602954148536551172 4593629247205835731 4599023448581733842 4594006599295237317 0 1 1 0 13830081739746963034 13828057846851520720 13817001284060611539 13822395485436509650 4602706536352827198 13828177789935278468 4601828293613096779 13825802270021459984 13828620635501186666 4589914378769046784 4607220938876230673
1 0 0 1 1 0 1 4598163360748656816 4601957831718576320 13829756677866931704 13806133587172523328 13831080817884430715 4602247101669794500 13818729771367197688 4599607451208594192 13828981049024450340 13824171788498350304 13815279320405243520 4605980213650805794 4595153928386215766 13815285577739569101 4600702213521203034 4600194264967152702 4592715817467509040 4608292876545367274 1 1 0 1 4600063560932771468 13825475088517977570 4597150793929865646 4585740422427280148 4600142832140624416 4595474661391654600 4606432012741372345 13831080817884430715 13828981049024450340 4602247101669794500 13815279320405243520
1 0 0 1 0 0 1 4605500746419142198 13822812052445611870 13817217324623636880 13831223752035936442 13805895993441288896 4605704655072347510 13823557954086662300 4602676574614632390 4576971210504652544 13823285222930631176 13820080648868819488 13829670871222270310 4586816178533086676 4584047711600900736 4601451084177255402 4594605015360040519 4600608211470137897 4609554772536448945 1 0 0 1 4605500746419142198 13817217324623636880 13797764384896138336 4597478307248763670 4594870023689604556 4604347985805471814 4604577917604603652 13805895993441288896 4576971210504652544 4605704655072347510 13820080648868819488
1 0 0 0 1 1 0 4604641044584213674 13826333945446942358 13823363561850750746 4593873688434654736 13826816438674101180 4598811908401662052 13791874122163369216 13821382673574582032 4606350339535316138 13813215449106337360 13827810208224298649 13818472653773808104 13814105103544048452 4593618950695519728 4596086971813602132 4596258304030497250 4589655694630198513 4610582468189347567 0 1 1 0 13826333945446942358 4593873688434654736 13819630340885273058 4589655694630198513 13797330910146763646 13824833853318781416 4606296462516784268 13826816438674101180 4606350339535316138 4598811908401662052 13827810208224298649
1 0 0 1 1 1 1 4607388486681835799 4607199152494214097 4606299598592403810 13823946614288367848 13826308530833719315 4607856298090235455 13816861263537929992 4596898981440521088 13817480936186010784 13829438541367026946 13826252485437677817 13831370228405827813 4581329425887142656 13817938629032486412 4589292261092992328 4602678341138498558 4596918795802845577 4607593247480284464 1 1 1 1 4607293819588024948 4598344520207190254 4602504360460114978 4596918795802845577 13824211781686656965 4605151136100645600 4602530676962884170 13826308530833719315 13817480936186010784 4607856298090235455 13826252485437677817
1 0 0 0 0 1 0 13828825281031623406 4600329804491114660 4601386567159086336 13815743617604220656 4604889601400604198 4588445546236618816 13817583249749792728 13817064561750207948 4594373024213284008 4602072292756898116 13828817306973696950 13818328046098733784 13813605576627571194 13817617118697861383 4603229008377338572 4600118956540999391 4593638456665819477 4610587529164130984 0 0 1 0 4604889601400604198 4588445546236618816 0 0 13819641494992141447 4604648044630773032 4604181905204514618 4604889601400604198 4594373024213284008 4588445546236618816 13828817306973696950
1 0 0 1 0 1 0 13814946784501042576 13830860384393289649 4599942530508635040 13829697356479105846 13817415787106171864 4594419132200372912 13823587719197627016 4601023604948798502 13826586323826018655 4603326401508443786 13824689904327182090 4602190136211978544 13816820169740303677 13817055582803644360 4605175928772937948 4598329362133845113 4595556427709409416 4610892966983216762 1 0 1 0 13814946784501042576 4599942530508635040 13821619977677087803 4595556427709409416 13825257276048901055 4582325771715540672 4606188978070657948 13817415787106171864 13826586323826018655 4594419132200372912 13824689904327182090
1 0 0 0 1 1 1 13828036927214533312 13810602715813048096 4598613639429484640 4607209022894425361 4599930955639332504 13826057056011475022 4601363210404441502 4602491329098209436 4606969895396693906 4607416623055059049 13823591459593723346 4593467153610266832 13800933997723948544 13810100062868239464 4604730592976251138 4598437940354255358 4601193550200109273 4600232901573508303 0 1 1 1 13810602715813048096 4607209022894425361 13813257082039917624 4601193550200109273 13829366918680172939 13804455156537237821 4602605548477303380 4599930955639332504 4606969895396693906 13826057056011475022 13823591459593723346
1 0 0 0 1 0 1 13819628229631715920 4588802724795489984 4603276839891778178 4604701001518047986 13817139420400000904 13828770270101523640 4594514119338994816 13825898364052881490 4597211638195668464 13830226770337135932 4606132814173858286 13818550146886011920 13811783865580507816 4591915606504835100 4603606989239609498 4594442941731104616 4599870158021904306 4604787630795014246 0 1 0 1 4588802724795489984 4604701001518047986 4586694423841436416 13823157669047181101 13826809137265009692 4591504042698807354 4605435474634820475 13817139420400000904 4597211638195668464 13828770270101523640 4606132814173858286
1 0 0 1 1 1 0 4605559970855215886 13815938251291027952 4592621426311099104 13824911484989670094 13830948968763547072 4607362789533371253 13823521485719302074 13817007924037206368 13823995815100779584 13821288409546718896 13807173994452159552 13831080819339435420 13817056365658827650 13809284217858269676 4604127743338336697 4598938490619200587 4602159884960762071 4602840139551329316 1 1 1 0 4600068647006209488 13818418633950316054 4572390138914788928 13817095879259930607 4593523423701479046 4601934464938804696 4606102054110409924 13830948968763547072 13823995815100779584 4607362789533371253 13807173994452159552
0 0 0 0 0 1 1 13831410090531810485 4577090389343698944 4584785573243146400 13827855694488594814 13830739034724600672 13826060477777905248 13815606108149097648 13822108984351728208 13831047668699373408 13824693028868275054 13828333312172687808 13825623042440445118 13816003924730894093 4594471385907105878 4601464089446224124 4600087689224961083 4601458697801609843 4606752390788188934 0 0 0 0 13830739034724600672 13826060477777905248 13815606108149097648 13822108984351728208 0 0 0 13831047668699373408 13824693028868275054 13828333312172687808 13825623042440445118
1 0 0 1 1 0 1 13827645357666046229 13824497565891179850 4605184834206409196 4605307758028217650 4606491648926045282 13826668087871242790 4594236080074711600 4594786950765091004 13827646779853792771 4607560644541037563 13830738956972528029 13815516423012251920 13819175371760126172 13805711216144382608 4603222975605179310 4597821491193817419 4583735813226705178 4611468137114687852 1 1 0 1 13826459784312673757 4605246296117313423 4591414282850165802 4583735813226705178 13828060051967493483 13821336158400806448 4603995650799081103 4606491648926045282 13827646779853792771 13826668087871242790 13830738956972528029
1 0 0 0 1 1 1 4606755186649092826 13830281516702522090 13831245859156577989 4607420140519709095 13830977516713873257 13818880177843128552 13819058023557578752 4598183065428122296 13826391416051762633 4596321038683908272 13819820101802098356 13826714338057452401 13819615237212198415 4592514929262820652 4603313218717409165 4602380990357433764 4600516434943350846 4609134772109921159 0 1 1 1 13830281516702522090 4607420140519709095 13818589543198643191 4599632064384657272 13828841423669126393 13824426119708844748 4601234575031991573 13830977516713873257 13826391416051762633 13818880177843128552 13819820101802098356
1 0 0 1 0 0 1 4602995279032766394 13807896594376450048 4591866816981095360 13828090338485646331 13814876091995846240 13821082750059763880 4589121346165908160 4595794983845576572 13826100706735830933 13823703078689404856 4604966540900997974 13827750289007932680 13819060998767975868 13818480243657454328 4598669839506917690 4601431338282498464 4599210684242396986 4608454157633326364 1 0 0 1 4602995279032766394 4591866816981095360 4599263780828554408 13817339810465269132 13821758780387624396 4603882017389212866 4604732962991539121 13814876091995846240 13826100706735830933 13821082750059763880 4604966540900997974
1 0 0 1 1 1 1 13826156434969000641 13822304409055888684 4607405454656971613 13818187642680725168 13811725800708605344 4598868195600215472 4601689314330526782 4597539002038227536 13827515774415806289 13830883967608523170 4596989682358668544 13830955919062461366 4591372456791659636 13803083419557477664 4603593504832113551 4598495812313430965 4598327783560710800 4610651866391835806 1 1 1 1 13824283211483233623 4601712994502701838 4598495812313430965 4595133231009077585 13825060984430080712 13824706417222236321 4605273161380503616 13811725800708605344 13827515774415806289 4598868195600215472 4596989682358668544
1 0 0 1 1 0 0 13815764983654877216 13815095200246103312 13826680554403301090 4604500188484214306 13826727486877793813 4607673155932098131 13815666172619332544 4587926663719800896 13830801985855800826 4607900273532039225 4606732424421111050 4601805368571987424 13818672447978079487 4580370656087972056 4606977289588642370 4600354002313126426 4600623579884892919 4610012372479333905 1 1 0 0 13815430091950490264 4589431104405921024 13815012534950221159 4586859044819143002 13810706542244094409 4589525824674123023 4607150705406756344 13826727486877793813 13830801985855800826 4607673155932098131 4606732424421111050
1 0 0 1 0 1 0 4606750795815213838 13828790865101080927 13830524213137345771 4607314126856008817 13826314933599436346 13831332301177704651 4594943670796226616 4591239066717292664 4606426974788607494 4607445058893850837 4597184620943831840 4607275005678583827 13818456565399520452 4594529974298835492 4593598517864013320 4598441718987392843 4602331644007810628 4607239413787177769 1 0 1 0 4606750795815213838 13830524213137345771 4585266223125058833 13825703680862586436 4606379901663075279 4600350137132094552 4595694497705404519 13826314933599436346 4606426974788607494 13831332301177704651 4597184620943831840
1 0 0 1 0 1 0 13830994154735614672 4602681146903494182 4599426124427730480 13829532833643193356 13831245362226857122 13827809241379707278 4590384300039291520 4597264256795249876 13828414258733500120 4607336812523469555 13827535455912525271 13831009183248179128 4594650774786446350 13812589121447571098 4602352271293646114 4593704898532227293 4593830534275778829 4610851043980852332 1 0 1 0 13830994154735614672 4599426124427730480 13800065790307655548 4593830534275778829 13823769375035510510 13829476361661389909 4598944230895968521 13831245362226857122 13828414258733500120 13827809241379707278 13827535455912525271
1 0 0 0 1 0 1 13824792330631237448 13829637592684226932 4593953510131371296 13814666602833729824 4596428087113573920 13813950655815128272 4600873826804256858 13814159521110498128 13830804026555397454 13810744252852095232 13822253702859276628 13831430351557868429 4593428200765698892 4589679736503133176 4603780874762076599 4599039859116061633 4602407897541130080 4609971622650701014 0 1 0 1 13829637592684226932 13814666602833729824 4598484163008079519 13807644166199062508 4594965436789368460 13829121555954693658 4602829142330664717 4596428087113573920 13830804026555397454 13813950655815128272 13822253702859276628
1 0 0 0 1 1 0 4589951416171363536 13820804306146027080 13831028293379197614 4602885283814824220 4605282144657611182 4594357961664352256 13823494253799245056 13822388170811888728 4599860695787600752 13818049718360276232 13818350702889844544 4604819991565826222 13815185990527400973 13814306820764127370 4605399656930581432 4596763281796870338 4598976995380435520 4610924944038810804 0 1 1 0 13820804306146027080 4602885283814824220 13820135318651646146 13819781101465699374 13826706751804489637 13815702536242111885 4605495805837660367 4605282144657611182 4599860695787600752 4594357961664352256 13818350702889844544
1 0 0 0 1 1 1 4608047112633587551 13821655800064559274 13811187571226502912 4594137773646067432 4603050851327068220 4606533350202764458 13817723834141656548 13822460102308187800 13827710365194706173 13815347237081577600 13827822238183774850 13820263266676301056 4596305847510093990 13818118313504534056 4604513711886169839 4583541567097069400 4602301478077565497 4607969115773589228 0 1 1 1 13821655800064559274 4594137773646067432 13806913603951845208 13815698599143555995 13822242642954459748 13824610117996530479 4605925022137731614 4603050851327068220 13827710365194706173 4606533350202764458 13827822238183774850
1 0 0 1 0 1 0 4602871771433687224 13828676458007975356 13827114321312767376 13829772457227372532 13827039438150681218 4596323737537691904 13821892118916652976 4600865829025777242 13831434522374816877 4594621473484169312 13828540183890431452 13830654826927902792 4588798976811706208 13804476326972518248 4604464197857704758 4598845000869097793 4594694573188624936 4602482151520757916 1 0 1 0 4602871771433687224 13827114321312767376 4598845000869097793 4594694573188624936 4603254895232758237 4600295710367506622 4604835316372912630 13827039438150681218 13831434522374816877 4596323737537691904 13828540183890431452
1 0 0 1 0 1 1 13826324627019907819 4602231109788499132 4581281872009488832 4605483068590288494 13831278587486354297 13819714364695591328 4600445936109596562 13822073433256809774 4601007851530216040 4603665951640829720 4597223587946615968 4605263077051010756 4582006138399476352 13811510074538925884 4605997488877870902 4599448994066702441 4599191434278837823 4606493337149299006 1 0 1 1 13826324627019907819 4581281872009488832 4598351676274155087 13821673591339126145 13813426190162994017 13826260547896341962 4605821174531711499 13831278587486354297 4601007851530216040 13819714364695591328 4597223587946615968
1 0 0 1 1 1 0 4590356172562508144 13824823823238182100 13828449710859551755 13831287644286014457 4601391949124145120 13817098559570698720 4588603241167794976 13815150642449662848 13828488098585810824 13828677311010644359 4596525342286411824 4598948934003947224 13808706993786176468 13818835107345183148 4599798541955297300 4593866700333290048 4593740671263498553 4597104830860183886 1 1 1 0 13818897285635975800 13830235271888393726 4593866700333290048 13817112708118274361 4604572503283051294 13815142270792690244 4604453392256713950 4601391949124145120 13828488098585810824 13817098559570698720 4596525342286411824
1 0 0 0 0 0 1 4598399130243513508 4576522358917127424 13831226791352095018 4596658360656810552 13827812818532817516 13819435400384758288 13801005468728051456 4600635472097406054 4605515555483882570 4603843759529443298 13818472840039433232 4589068457709534016 4595956779113138646 4591432494554110780 4594140431680436396 4594441897794907413 4600980492988606483 4601566798201333176 0 0 0 1 13827812818532817516 13819435400384758288 0 0 4598741863212201110 13828231022935988741 4603655188663972754 13827812818532817516 4605515555483882570 13819435400384758288 13818472840039433232
1 0 0 1 1 0 1 4592478906439758128 13827966638304847264 13828141122336544308 13828222923572999520 13821410639309478516 4607580421246648681 13809800433868592816 13818102829728592504 13827938881790327164 13823916428414042474 4602106604731797268 4604090978537283602 4592667963592301468 13813598042576935808 4604732122327196561 4594313016549916355 4581817527679867950 4600073522939184581 1 1 0 1 13822486227955402618 13828182022954771914 4593621574813767432 13805189564534643758 4603693589685837985 13822760580400555946 4604694914742494500 13821410639309478516 13827938881790327164 4607580421246648681 4602106604731797268
1 0 0 1 0 0 0 13807173551628261504 4595148393248077192 4603591814522359964 13820990979204846440 4599909763410458336 13830496961111038956 4600857616885779540 4594715494085384776 4606604995950627070 13828547899949543890 13829899591563792583 4578430892563764608 4595264917635965240 13816948407406344599 4605946759488370438 4597332307338251300 4582563138509507376 4609559630116360243 1 0 0 0 13807173551628261504 4603591814522359964 4597332307338251300 4582563138509507376 13827520525845974139 13817830842279975803 4604785829583858193 4599909763410458336 4606604995950627070 13830496961111038956 13829899591563792583
1 0 0 1 0 1 1 4598293707106741636 13827880268887739650 4603296398962697466 4593379453761271136 4604638709270820152 13830973702453327008 13824468731390695974 13824208656708382788 13828180703650362004 4586302569014645120 13831139883508154539 4598217019323938752 13818120707343720991 13818606073225207098 4576169672498000576 4594657221190364705 4602158786337919733 4602988325081721717 1 0 1 1 4598293707106741636 4603296398962697466 4594657221190364705 4602158786337919733 13827600259170113454 4599007179663274581 4604288626650249725 4604638709270820152 13828180703650362004 13830973702453327008 13831139883508154539
0 0 0 0 0 0 1 13826485940087265386 4597683973233449744 13826732592929083166 13831400879077159812 13831392411408074296 4601444352125645472 13818160459813545392 4602280218415414294 13828178370789207202 4607199967792468513 4603376403512198996 13814049724569127168 13816105516299439556 13792213732449583232 4605106201630723956 4598876479879231207 4602598856387866543 4611014214367331711 0 0 0 0 13831392411408074296 4601444352125645472 13818160459813545392 4602280218415414294 0 0 0 13828178370789207202 4607199967792468513 4603376403512198996 13814049724569127168
1 0 0 0 1 0 0 13823381759154168266 4607691715554732811 13827708797507057561 13831156290993082195 4598606046013884968 13824543127860755566 13825297183901068444 13824964413799700534 13790790471502112768 4607892664730307149 13830876724583557242 13821558929559012900 4592517213445267536 4593898910184428876 4598679389448922828 4595800453570625337 4598688377700228990 4610664070362648970 0 1 0 0 4607691715554732811 13831156290993082195 4591850797246774974 13817399159517574089 4606764397525128674 4598247979333118989 4594991962145637250 4598606046013884968 13790790471502112768 13824543127860755566 13830876724583557242
1 0 0 1 1 1 1 4603693162069429914 13826741633065244282 4605303455856637516 4607582525441755025 4605323740331093350 4599513967096350624 13820616058986782044 4601671375958504032 4607467290134904965 4607592956455453537 4606450473635964298 4600500748178542444 13804568416045724376 4595804143825299674 4599533402864773304 4598864133166449406 4596544152959763111 4589321256473477299 1 1 1 1 4580834275151806976 4606643043970065079 13822236170021225214 4596544152959763111 13827725872296446354 4583452919181316598 4604724646656146357 4605323740331093350 4607467290134904965 4599513967096350624 4606450473635964298
1 0 0 0 0 1 0 13828336732565907228 13822887501390698946 4605865301161028182 4603372829714464296 4593329614202314016 4605564532521616250 4598884018494360614 4595478264257131732 4605669746036825054 13826325843616556527 4604869552251367846 4604563903757050414 4589728018051786204 4583636448578457040 4603586703535616530 4601524309884626448 4599707277006104338 4607511659264375485 0 0 1 0 4593329614202314016 4605564532521616250 0 0 13827962612254389465 4585214840859782482 4604489732185097740 4593329614202314016 4605669746036825054 4605564532521616250 4604869552251367846
1 0 0 0 0 0 1 4604926634014491846 4607599841135230319 4600121896938315548 13827754811062927490 4597784512405992448 4606395103437286490 13825784805584161776 13804146585684139200 4601812712257456388 13831396064255071792 13829358574373560771 13831177484882994654 4572522312513894720 4592276604221841636 4605563772178812914 4586708050671972647 4598698354603506136 4601287061406697367 0 0 0 1 4597784512405992448 4606395103437286490 0 0 13828052084154505153 4594948034106147947 4604235650166751557 4597784512405992448 4601812712257456388 4606395103437286490 13829358574373560771
1 0 0 1 1 0 0 13824667315216785608 13824865559441156282 13822417858261573904 13822097431576311032 4590037176404963968 4605911602624523786 4587086500939690688 13825830079250777484 13831270921886712802 4604486996964301256 4607825726139113907 13826113862951313389 4593955198486737658 4595277360025446546 4592266787472578504 4591785852804377937 4593851717708799966 4601939695192149848 1 1 0 0 13824766437328970945 13822257644918942468 4591785852804377937 13817223754563575774 4601652976207507652 13825643705157217908 4605009977646710919 4590037176404963968 13831270921886712802 4605911602624523786 4607825726139113907
1 0 0 1 1 0 0 4607890568079412297 4587668541114111008 13817815015218634064 13826624938188528715 13827097112928177194 4601253342707130088 13819889199421102624 13825062767180917150 13813182353873335792 13821958186111334446 4607880686902403381 13829706254523468607 4571990760297312160 13810748299575833608 4598219113694175194 4593738758401954359 4588355005164558936 4605469653223863168 1 1 0 0 4603621584704489194 13823440078079488927 4593738758401954359 13811727042019334744 4599081315801907102 4603026583793163805 4605265896590494444 13827097112928177194 13813182353873335792 4601253342707130088 4607880686902403381
1 0 0 1 0 0 0 13827316173682236192 4605713695330549582 4607221246037889595 4603939373418159718 13831209301387682898 4606103342895095026 13825798474832992322 13819667988743418660 13829358849738628740 4603630674411643574 4597807904550522720 13799038256997036160 4592778792540347200 4595237553648461058 4597066563356392292 4582329583428106432 4590271233645681201 4595632733925382478 1 0 0 0 13827316173682236192 4607221246037889595 4582329583428106432 4590271233645681201 13828255355082555750 13825265320296085594 4602442506465429773 13831209301387682898 13829358849738628740 4606103342895095026 4597807904550522720
1 0 0 1 1 0 0 13815288037621751808 13829649844031886664 4580297699904236352 4604824277849241452 13824776348397029216 4591032760242000256 4599213978744631624 4590685043862740248 4605298559009601074 4607151295585261842 4603875798528467624 13830310804414580412 4595436026319372894 4581305489591035120 4598584384210585018 4589658830747179800 4597551246357851501 4607375531490686512 1 1 0 0 13826051773972457636 4600465693174865094 13813030867601955608 13812820361609855577 13823348347908977462 13826813760794800725 4604767357839766294 13824776348397029216 4605298559009601074 4591032760242000256 4603875798528467624
1 0 0 0 1 1 0 4605624932448938954 13831426064441185503 13816369027138630976 4606717328811243842 4607582867497397941 13828985645278287962 4602425304416893212 13819606855960484232 13828793433700396516 13827743218520592278 13825246686479247800 4589976621739184960 13803180835193483648 4583937087518466352 4604271843712704975 4589459618540305909 4591888047805671829 4594416934495018262 0 1 1 0 13831426064441185503 4606717328811243842 13812831655395081717 4591888047805671829 13828711423358310344 13826591911542618262 4597516246163273950 4607582867497397941 13828793433700396516 13828985645278287962 13825246686479247800
1 0 0 0 0 1 0 13830859352146838169 13818503414588263024 4585312511163618272 4601136352437312212 4601861151450084976 13823330534085763050 4588314896281990240 4599492027207750274 4607581103585219485 13823309765694070904 4597190951244900096 4606475053501300606 4594576403977311742 13817757416300628476 4589866751804811296 4595107736107281497 4598264332082599722 4596429936872655220 0 0 1 0 4601861151450084976 13823330534085763050 0 0 4596473407666582030 4598960393857167778 4606589571164671789 4601861151450084976 4607581103585219485 13823330534085763050 4597190951244900096
1 0 0 0 0 0 1 13826157295585991153 4598567654049429404 4591398352844411392 4602966658156566016 4603323712526832968 4596912227149471048 4598367248158721662 4601783802134651088 13827295707348817361 4606144008810800898 13827958090658691919 4603376965364803758 13814809010082964036 4587584164852199736 4602781429082407692 4601726320605712151 4592150965209039080 4608775785876358211 0 0 0 1 4603323712526832968 4596912227149471048 0 0 13818402248953302198 4603663223927412041 4605165471008325659 4603323712526832968 13827295707348817361 4596912227149471048 13827958090658691919
1 0 0 1 0 1 0 13829935766382804994 13813040761837514592 13830868135583279040 4598255253279709712 4583360668926971712 13830852010213600773 13816430933516955792 4598640943937855980 13827719983391894251 13830732898743231654 13822859308233892376 13822897516840741610 4577231042874084176 13812593456442516116 4604827832599745938 4593731709186258547 4600201524749005369 4603442056611529149 1 0 1 0 13829935766382804994 13830868135583279040 13817103746041034355 4585465136078097460 4605785554805210762 13824835696275928064 4599340293745519874 4583360668926971712 13827719983391894251 13830852010213600773 13822859308233892376
1 0 0 1 0 0 1 4605796903990228002 4607347978980259111 13831086359198390673 4602507798252390488 4605025711631753734 4603227336817055580 4601860779761538212 4592229456503921448 13828776861360912019 13825805558621556642 13825593167414948676 13822792210920059648 13818858378309454039 13815633529183113450 4585194904639720992 4595434449777842587 4593505694925418895 4609157812904352026 1 0 0 1 4605796903990228002 13831086359198390673 4595434449777842587 13816877731780194703 4605815593831930012 4601808691517172721 4598652116126739189 4605025711631753734 13828776861360912019 4603227336817055580 13825593167414948676
1 0 0 1 0 1 0 4599628403112753800 13828355359248049684 13829366239859115004 4603272822165349696 4601877066024560200 4607534458626245557 13808123654217558448 13795629268682191488 4607740833427779059 4601430389463513584 13831111905236783848 13826815972192888394 13809683077209271180 4592686031995767912 4599021934737822598 4585524070287175851 4593550664376988460 4608982470003115384 1 0 1 0 4599628403112753800 13829366239859115004 13808896107141951659 4589187312004578936 4605652682081835871 4596494253385120197 4602850964054891403 4601877066024560200 4607740833427779059 4607534458626245557 13831111905236783848
1 0 0 0 1 0 0 4599396352108867008 4605685323783580862 13819911562671657816 13830634606539410831 13790761957244060672 4605067354750293248 4601962649073301724 4596941929712903108 4603864494778607434 13826783709718337249 4607240830226485383 4605651557986131038 4595009586665059952 4592291695397653048 4606089207523623837 4590071128793306707 4601773500474706655 4604167650440741860 0 1 0 0 4605685323783580862 13830634606539410831 4590071128793306707 4571656886530358368 4606296860584411481 4598518797677425460 4599769095522760297 13790761957244060672 4603864494778607434 4605067354750293248 4607240830226485383
1 0 0 1 0 1 0 4604114812122781366 13816260687640656304 4589636672720549120 13820190297694053000 4606200166674404494 13829689527843656618 13823836660916231736 13814682004225421496 4607826600621428065 13830454106191744485 4603532855129198008 4581249219854938112 13818186040698308576 13818898006156511548 4597393696682568368 4602480805081573130 4590329726610011681 4607719335429278577 1 0 1 0 4604114812122781366 4589636672720549120 13821597958451091164 13813701763464787489 13821295580275468876 4604540290360902804 4604160561043177565 4606200166674404494 4607826600621428065 13829689527843656618 4603532855129198008
0 0 0 0 0 1 1 4606299871033961138 4580651428338645696 4605451584031366270 4604244544995224756 13830740793345957966 4599158676628561252 4593686658773309016 13822803920766444336 4587880872808735712 13821737849842920900 4589552022247199376 13824305728436263586 4585305413075183284 4581755392117070808 4602940133115742688 4598936690330525674 4596705915156997981 4609530906840275952 0 0 0 0 13830740793345957966 4599158676628561252 4593686658773309016 13822803920766444336 0 0 0 4587880872808735712 13821737849842920900 4589552022247199376 13824305728436263586
1 0 0 0 1 1 1 4597436089428846712 4605929735909502454 13823053078270439264 13799469491357760640 13830919735466339937 13830714456976819834 13823417240574602550 13820112896293854268 4603001112300318804 4606756714354767098 4596269797072577464 4605269156909300686 4586446762605735800 4590399008841662888 4605488883902725081 4591468697304485727 4599354292724713274 4608770926002472439 0 1 1 1 4605929735909502454 13799469491357760640 13814840734159261535 13819204076717781099 4591008762318728263 4604718711295467177 4604313903231112723 13830919735466339937 4603001112300318804 13830714456976819834 4596269797072577464
1 0 0 1 0 1 1 4599673981525876084 13829506498519431610 4604672118715810252 4603438702394551492 13818977187245756616 4603605855832773898 13813875863008978912 4595015429084456176 4601005436617214488 4606066247764492406 13820756345808223052 13830935980068591767 4596014138329235914 13818405012528271784 4599075663805731762 4599983667843425818 4602481365718829601 4610743817546337015 1 0 1 1 4599673981525876084 4604672118715810252 13809118172966401976 4597607262106868843 13828512845906110863 4591183171200484381 4603827319226042896 13818977187245756616 4601005436617214488 4603605855832773898 13820756345808223052
1 0 0 0 1 1 1 13830359235960693463 13819751011666221000 4607353296718270067 4599030499744469512 13829567117079134556 13811619551556723040 13813740853911114928 13822735936161502834 13829850924058062352 13826786901135468504 13825693681008238202 13830291702292819111 13818751728997287117 4592206082153141036 4602451353160262534 4585862472542537468 4588167614512505773 4607018175575669397 0 1 1 1 13819751011666221000 4599030499744469512 4585862472542537468 4587225600432188548 13819444020496667534 13806874368147719627 4607012101957739343 13829567117079134556 13829850924058062352 13811619551556723040 13825693681008238202
1 0 0 0 0 1 0 13809726337745510144 13825257635375374218 4607742835558534379 13816945351318443856 4603532297065004348 4607140735868789762 13822489655613506244 13821127684994392812 13814547650971759888 4607194561779104379 13823892079009883062 4606678543650470902 13818509993445802448 4591455732435123700 4603859920247682838 4598292255668156165 4602092640436036559 4603490354994827368 0 0 1 0 4603532297065004348 4607140735868789762 0 0 13828609126071209799 4601378862909396540 4601773283087828785 4603532297065004348 13814547650971759888 4607140735868789762 13823892079009883062
1 0 0 1 1 0 0 13821898385025700170 4606004899739305474 4599640432881061176 13826856060605068428 4593140806209895472 13828316983139260240 4602031764025294340 13820335432375146972 4606155403258839866 4599216481855626572 13828548740773020679 4605931429562811418 13808478713161622752 13796189664395318112 4600055827902413976 4598637784119369404 4600215917272710860 4606049966886838336 1 1 0 0 4599073935985425757 13817188852592188384 13811016837674576176 4595029403458103901 4593553832371255015 4599535577253755328 4606619059096829949 4593140806209895472 4606155403258839866 13828316983139260240 13828548740773020679
1 0 0 1 1 1 1 13823279361691976854 4605859223595375826 13823037496486756458 4591741311679169568 13826427244529531820 13826172519865145366 13816460513087732416 4600012190695889372 13826322468775250745 13830815925175737879 4607797548768973579 13796094186075743744 4592938232553232036 4593351793203940328 4603228959801146695 4602583458413207662 4598237521070271691 4608670907932911682 1 1 1 1 4598237771508357767 13816485691438087876 4589251701049809415 13799904694885812480 4597655784657524690 4594007278785147495 4606844899642843811 13826427244529531820 13826322468775250745 13826172519865145366 4607797548768973579
1 0 0 0 0 1 1 13830150043241925381 4603042949389519992 13831413967555307027 13825301685027843848 13831198174701858024 4602860857392790804 13824573005917071836 4598923887497233254 13823361380724607150 4606037563464292542 4599461686066307120 4605513784968269710 4584327378919016064 13816254170536890960 4606158665668837212 4599811979798233500 4598540193700355140 4609768465466177935 0 0 1 1 13831198174701858024 4602860857392790804 0 0 13826884713257983447 13828236197568568161 4599292743915279500 13831198174701858024 13823361380724607150 4602860857392790804 4599461686066307120
1 0 0 1 1 1 0 4596380426358393584 13820779048439089544 4606197660367020962 4601006285243096568 13827752571786625615 4590165421820821408 4601863094584306334 4597819137643246224 4605784861551771826 4605952145425434182 4606224575330358486 13823021326357755372 13804886087447679208 13816816508478977741 4607037360156344538 4588682493959022533 4595773889097131596 4608386911878205083 1 1 1 0 13802738340443190464 4604020106287446351 4588682493959022533 4595773889097131596 13827822400851838848 4571673059923676076 4604636694651734641 13827752571786625615 4605784861551771826 4590165421820821408 4606224575330358486
1 0 0 1 1 0 0 13823536332490014824 4603089445560989666 13830977512715055361 13830651257616458041 13830366346595107327 13827269002847905961 13819267007944895680 13814743031374847824 13829949687802167220 13816399290843200528 13831164706846721154 13827698103391811426 4572217827134232640 13817109758242979320 4607171911685214997 4596541696531734865 4599136602102713464 4608543883290915029 1 1 0 0 4591335973291351736 13830814385165756701 13819242614060533480 13814732697625056219 4605400312699053520 4587703078001801103 4603532967001255284 13830366346595107327 13829949687802167220 13827269002847905961 13831164706846721154
1 0 0 0 0 1 0 4589590969959644768 13826259600601565429 13821259799734483456 4607894521596315031 13827481181723072513 4575510138504445696 4593795330400268828 4600559655993961280 4604575588227067114 4602428341864945780 13825316322304867798 4603760591930698738 4595518040726775734 13818889109469549680 4603966499021502876 4601447077265040284 4590263790934478717 4611050220182799993 0 0 1 0 13827481181723072513 4575510138504445696 0 0 13819128701273233291 13828111942643188257 4604118399963075635 13827481181723072513 4604575588227067114 4575510138504445696 13825316322304867798
1 0 0 0 1 1 0 13816328514916963456 4604245193372986938 4600216045616877388 4606287427011208938 4603764249760643392 4607274707385293889 13822757362094890880 4595949637903941268 13823560453639757038 13830259410883167825 13831229854196625741 4603292420493097236 13810054427580835512 13817417564453299658 4605897937547117068 4601529145051644861 4591220716519698256 4611193395716349472 0 1 1 0 4604245193372986938 4606287427011208938 13820930601890045188 4591220716519698256 13829296866660354670 4599719665789885327 4600579141763149683 4603764249760643392 13823560453639757038 4607274707385293889 13831229854196625741
1 0 0 1 0 1 1 4604398890044505748 4596691466504291496 4591676715435102848 13827521769369240086 4599377716689183548 13825770325089845052 13818229532256959604 4594665420555593648 13830146712444677522 4607174379732159306 4603200548466744080 4607325812074657907 4583472248041313752 4590272964097138436 4589512406713064392 4593000121164492809 4593313214603914374 4603924657040797642 1 0 1 1 4604398890044505748 4591676715435102848 4593000121164492809 13816685251458690182 13804643908465289400 4603724003343262682 4605268163315787244 4599377716689183548 13830146712444677522 13825770325089845052 4603200548466744080
0 0 0 1 1 1 1 4603287195391276316 13815101259265780240 4608057186768606463 4585093943683525216 13828926936583778026 4603366461075427136 13823189568075345612 4601653324569372246 4591493182732316256 13830570660738565855 4591471622417460864 4596875430520523120 4588757127473148216 4596187102740091208 4605648261903171718 4600443821674223840 4583269713273030036 4608405966293553488 0 0 0 0 13828926936583778026 4603366461075427136 13823189568075345612 4601653324569372246 0 0 0 4591493182732316256 13830570660738565855 4591471622417460864 4596875430520523120
1 0 0 0 1 1 1 4606664288003397350 4589998155373008608 13826951324208470681 4604400102341046100 13826764330168367772 13819270609309017768 4592428108627040848 13821308384339202228 13830749033617606390 13830642780796247866 13827434838708367106 4606326456404998794 13809319521355677544 13809357644981971424 4605700818141153550 4587188545637542515 4602313669206245241 4605116400664114371 0 1 1 1 4589998155373008608 4604400102341046100 4587188545637542515 13812153610099312144 13827564068553614910 4590773389854012294 4604834385609008946 13826764330168367772 13830749033617606390 13819270609309017768 13827434838708367106
1 0 0 0 1 1 1 13814211966483472784 13827641592156362510 13811806308179106784 13821207561682121468 13828806003620387887 13828824030829155220 4595320597251395680 4599832376404178304 4585926874500094880 4582740433448172672 13815405353191248496 4596819307160335944 13818602066080236196 4593462061058930460 4605762163254016695 4596883029641523163 4587732155375673802 4588528822254145404 0 1 1 1 13827641592156362510 13821207561682121468 13820255066496298971 4587732155375673802 4600062509083733008 13825241632377225392 4605531650155902870 13828806003620387887 4585926874500094880 13828824030829155220 13815405353191248496
1 0 0 1 0 1 1 4604121226122325306 13827950940701800166 13830176733322745092 4599472259100321484 4595479637152184592 13830203725053293505 13824186686983445916 4599328339005311734 4589123837376891456 4604348241960587250 4602812596391322966 13813317266540774704 4589058652670337288 4574462232049694464 4603243650065249141 4585013932136589511 4602552831358923893 4611598754139214038 1 0 1 1 4604121226122325306 13830176733322745092 13808385968991365319 4579280617485421152 4605578759319514367 4599451317609655009 4602148886192803959 4595479637152184592 4589123837376891456 13830203725053293505 4602812596391322966
1 0 0 0 1 0 0 13831391686648233771 13829823333242320716 13827209948485688484 13831236247565582152 13813606727126549744 4603149535504569620 13824787306494318580 13822258149002682978 13812028639286531712 13824743148954588248 13831296604660864895 13806432842135210304 4594553619051643234 13819323373210348396 4606885980222199578 4600431522370264341 4598537870296174914 4600382859199669996 0 1 0 0 13829823333242320716 13831236247565582152 13823803559225040149 13821909907150950722 4605569888534193674 13826054352534861514 4598625242184707964 13813606727126549744 13812028639286531712 4603149535504569620 13831296604660864895
1 0 0 1 0 1 0 13829382347851800583 4601988561922063532 13826691844995191525 4607826165370253825 4605225768598839534 4606402730916890366 4599470604101877182 13821791851651454118 13824511590580440042 13825422047356457120 4601225114445128116 13827900526439778984 13807431950362290904 4593895156753889070 4604854456030987716 4594285848173460775 4598419947958591096 4603035770697404384 1 0 1 0 13829382347851800583 13826691844995191525 4593839956387213150 13821791984813366904 4603994116883540488 13826670208608345781 4602760569352312968 4605225768598839534 13824511590580440042 4606402730916890366 4601225114445128116
1 0 0 1 1 0 1 4607699299210848239 13831446631755484615 13827872332688175127 13790758060410165248 13823488432602867842 13820665837363564556 4602306635484610396 4601608756337090648 13827316680063936789 13820446723690819976 13830556181878160130 4600684700310334372 13818050875822513962 4591687606356572576 4601714568694599172 4602456349829900677 4601568643785341787 4608604811492564077 1 1 0 1 13809537588928339328 13823389200252324463 4599796049490460456 4599671136347289622 4601502634286958281 4591871447077708555 4606236662355831121 13823488432602867842 13827316680063936789 13820665837363564556 13830556181878160130
1 0 0 1 1 1 1 4607529454802510965 13824977939093971510 4605809765759617510 4598026230723058152 4576282625398591872 4603657363933157204 13824528029775961680 4566460283841310720 13819117209836239784 4580438474406775424 13831425207860591899 4601574400766450572 4592930616756437916 13818831807114645783 4605887616620500412 4581589374120886234 4591448815382847590 4603929462372779219 1 1 1 1 4599405750016989135 4603099768956512304 13804961410975662042 4591448815382847590 13827495709779146619 4594638053417143875 4604799075062341990 4576282625398591872 13819117209836239784 4603657363933157204 13831425207860591899
1 0 0 1 0 0 1 4600603082900308004 13826387429185071559 4580749934780974464 13824548938673762394 13823317183258849178 13830444796012104864 4599935905523391116 13823904278055156760 13826647125985729159 4595262836559047608 13821098688175201784 4601018586603115748 13817831704508548173 4586732638194980212 4598733108644561900 4598411828290580396 4601081557372369158 4605906381953530739 1 0 0 1 4600603082900308004 4580749934780974464 4598411828290580396 13770764353615038464 4583707095493301968 4602739665178849840 4605936159743542193 13823317183258849178 13826647125985729159 13830444796012104864 13821098688175201784
1 0 0 1 1 0 1 4594094283783952400 4605266478097821568 4604456300459296458 4603106461590076692 4606465002818971450 13829511696447832264 4598507682181463752 4598442247451993490 13823010074678784704 13830662413004835580 4593266930176865664 13827559698329882407 4593804596999696538 13818986856813759517 4605406611932364857 4594053526292488883 4595177179508837061 4606466549042707232 1 1 0 1 4601994444343805316 4603781381024686575 4594053526292488883 4595177179508837061 13828017051352229906 4597369383603896820 4604097000880231589 4606465002818971450 13823010074678784704 13829511696447832264 4593266930176865664
1 0 0 0 1 0 1 13827066106434489324 4605927241706359922 4596269958030853920 4594994092494091840 13813048224687547680 13830493085293384706 13821611699638274032 4594573991668992376 4596404137873762600 13831024547091042615 4604849657891690550 4598427907473374152 4589719351738496344 4596183588766834174 4603813407829549836 4589836151468117717 4601926496468406392 4608671009680803385 0 1 0 1 4605927241706359922 4594994092494091840 13812791490150810240 4578357729464925560 4584917941806280388 4604573168793945030 4604508266569816206 13813048224687547680 4596404137873762600 13830493085293384706 4604849657891690550
1 0 0 0 1 1 0 4604127953835331102 4594968664494637616 4597033639172262400 4605873491557451422 4601620126784541104 4585465168260781184 13824308674048622066 4598480041522503362 4607942016037530713 4598327254791343640 4605073085108296810 13822062151245128644 4586593261281284952 4595098790585455550 4592956015286246752 4598866500861998890 4594490390711375249 4607158948618685377 0 1 1 0 4594968664494637616 4605873491557451422 13822238537716774698 4589718241336987871 13827281145586205019 4591116424290779027 4605074618811452335 4601620126784541104 4607942016037530713 4585465168260781184 4605073085108296810
1 0 0 0 0 0 1 4601924282162520388 13822822777396142408 4600598212714903976 4605480560927202706 4585888683580640096 13819278815446195280 13810464425451393280 13811176608638309920 13830586339907438405 4593175664882778240 13828254321917865470 4596206276056592104 4591914873811316984 13816967838752937079 4596663728508993652 4595532506045413630 4602226635670249200 4609801394133233818 0 0 0 1 4585888683580640096 13819278815446195280 0 0 4589207540734353482 13812283040650685762 4607147847621446581 4585888683580640096 13830586339907438405 13819278815446195280 13828254321917865470
0 0 0 1 1 0 1 4608036985817675921 13822006524122806606 13814277344569891744 13827608468446301868 4602222891774784628 13828552447065038690 4586297786597404128 13813630484746690488 4601697604510681824 13830600053220330778 13822696016080037086 13817808412513758776 13792228799515230400 4563822737546388096 4595882232110195204 4585234916941391818 4592996500732980742 4605280914538930648 0 0 0 0 4602222891774784628 13828552447065038690 4586297786597404128 13813630484746690488 0 0 0 4601697604510681824 13830600053220330778 13822696016080037086 13817808412513758776
1 0 0 1 0 0 1 4582595637237967488 13826496603673681694 4603872716180073514 13809474393552077888 4599773332023075112 4603491304051020624 13802039092173198016 13822767277849108452 4595680602538337704 13824507019772623280 4608006766203093365 13818716261408083112 4594371427859177524 13818013080332315308 4597128338255974108 4601407965741431612 4594918263449582578 4602743404660030415 1 0 0 1 4582595637237967488 4603872716180073514 13816915592049563292 13818290300304358386 13827910305219621033 13814159604318769869 4604504154775945773 4599773332023075112 4595680602538337704 4603491304051020624 4608006766203093365
1 0 0 1 1 1 0 13821033881383272140 13830446933663564416 13823703104872374786 13817244570177676424 4597680121997393120 13827049710032936349 4601419889049051982 4595657161090684196 13828785174835171596 13830605532599230122 4605198594326170298 13828799999745686176 13816381775653725994 4586094311255056276 4595933775442213540 4593342739049824455 4601933258954639034 4603903964630001610 1 1 1 0 13827058823061553434 13821549509080619555 4593342739049824455 13825305295809414842 4598845260385735844 13825257141949572854 4605762884851829035 4597680121997393120 13828785174835171596 13827049710032936349 4605198594326170298
1 0 0 1 1 1 0 13830475532406697598 4594128433788284664 4596153616320246432 4603593150137514730 4600993068091552608 4600257854781056896 13819497759151312024 4601453223680348338 4607384477898882917 13828670157711619586 4602733738809397830 13829980867229010962 13804376462831197264 13817379258293360984 4585044634606191648 4597160766164299301 4592613538748896766 4595818378107438582 1 1 1 0 13824731829404889792 4600835949517571986 13820532803019075109 13815985575603672574 13826116346180887635 13823206647794148411 4605299645305055400 4600993068091552608 4607384477898882917 4600257854781056896 4602733738809397830
1 0 0 1 0 1 1 13828536666755716012 4604426801785215292 13826939054372716929 4589754475841565936 13828755114139435711 13819525525857694928 4599016848559245344 4597238334285557808 13818004555978205432 4601433803934053716 4599638837287229736 13828751300693109979 13805173332408256304 4596362351014241476 4599218473592863878 4596660823381606934 4595955136210384011 4610877954719969551 1 0 1 1 13828536666755716012 13826939054372716929 13806898383814440624 13815802142088022003 4604625864901405908 13825656574795034572 4602754872773317716 13828755114139435711 13818004555978205432 13819525525857694928 4599638837287229736
1 0 0 1 1 1 0 13827788448152804925 4602494211795900288 4607550714999528087 4607259120828339807 4600066834344817204 4598614778358263240 13824287251063694840 4587985462383700576 4603469589082492230 13825608821646154380 13813157298147677152 4600488846045827160 13819167484914208548 4595614435792862742 4582677277014237408 4601823110585738282 4598041421218711149 4609034099101656387 1 1 1 0 13815356040772962804 4607404917913933947 13821478894448221634 4598041421218711149 13828434510899928353 4587802253055972484 4603960310049047972 4600066834344817204 4603469589082492230 4598614778358263240 13813157298147677152
1 0 0 1 0 0 0 13831206961083619872 4605535150034359294 4606353990966692018 13825809523754878476 4606707883192274666 4563454279161274368 4598380938205139854 13812922649940480568 13828122204527016598 4604300230811688304 13816584816873010848 13826666826167251327 13809910203743447160 4595303784181317118 4605099146498569431 4596203407590684322 4589315014460712923 4603090150075412575 1 0 0 0 13831206961083619872 4606353990966692018 4592808432549141658 4589315014460712923 13827605549872765988 13827489368244745255 4599710833587992205 4606707883192274666 13828122204527016598 4563454279161274368 13816584816873010848
1 0 0 0 0 0 1 13807363388672971776 4595040880115084848 13827345087037161919 13826613449900738508 4588509208569795392 4592064151006909040 13808600575938479216 13823543216161076400 13823862172024586954 4606235986825513662 13824148422588352946 4607362688456643273 4590458541370585808 4588084337151469384 4605715964487310029 4591088616754175948 4586609419317334414 4601398930688226168 0 0 0 1 4588509208569795392 4592064151006909040 0 0 13810406194046031634 13805501047109716617 4607169895416554655 4588509208569795392 13823862172024586954 4592064151006909040 13824148422588352946
1 0 0 0 1 1 1 13828788104037900818 13824263510974318242 4604332950716395898 4598417473439358168 13803612179346346560 13829096025109571822 4600421922810561488 4601060443068241094 13823213814248580386 13824021810964357304 4606598788641929530 4605044172177839300 4595452307683363518 13818815387361891948 4604800477155414442 4594734526582186722 4599051344135850031 4608479602881969973 0 1 1 1 13824263510974318242 4598417473439358168 4594734526582186722 4597553198419501522 13824677939906898629 13825920098629019674 4605020748280445267 13803612179346346560 13823213814248580386 13829096025109571822 4606598788641929530
1 0 0 1 1 1 0 4604894874711052122 4603642710770558758 13827865608078197544 13822873937743236152 4602943560350901318 4591407253603843296 13821317960948593444 4591316703988818208 13823835044012046554 4602491094686111576 4596327877046041240 4591812362241391136 13808831708829326336 4582149163163967296 4602990918292358697 4602662290431998222 4601232442512735355 4589901936623612636 1 1 1 0 4604268792740805440 13826164002481763490 4602662290431998222 13824604479367511163 4602768119753037397 4603245079278094503 4604034522267077495 4602943560350901318 13823835044012046554 4591407253603843296 4596327877046041240
1 0 0 0 0 1 1 13814738902214138432 13830450162807785733 4606828852762150006 4607269044349214243 13824245450078826324 13831023556151407438 13795145996925061888 13824729065352446904 13831414858743874678 4607805853061061763 13821677447842547144 13820663058592535028 4574737866200979104 4595571369257623638 4603494150400697160 4584007923523725294 4600795811522003343 4602161413621417469 0 0 1 1 13824245450078826324 13831023556151407438 0 0 4606809124468918188 13816159324150401388 4598385162809504318 13824245450078826324 13831414858743874678 13831023556151407438 13821677447842547144
1 0 0 1 0 0 0 13829937818186451468 13822209665702090720 4607541771166078847 13824816414967141956 4600348683522640384 4602538633065685648 4590715193799713344 4599879716417574364 4585965731707298944 13822334909508686740 4607776842249818815 13818141050088083968 4589940335961603728 4590548874485255376 4602703929539666389 4595050924478784147 4600631728532858043 4603992582552495536 1 0 0 0 13829937818186451468 4607541771166078847 13818422961333559955 4594686854128027174 13829117434795061951 13825282729477392304 4598906677787293012 4600348683522640384 4585965731707298944 4602538633065685648 4607776842249818815
1 0 0 1 0 0 1 13816221259320136784 13829531641576365410 4582261156814235072 4605993835441917646 4586336979446093568 13826213183983280479 13822575217477968368 4601181699325610120 13831015969357829053 4598501686426224268 13830952605925854484 4606426404448333586 4585620418422620424 4594566243824125214 4601997483608476456 4602343612570426787 4601241875273594192 4606680666099183963 1 0 0 1 13816221259320136784 4582261156814235072 4594200973340843279 4601241875273594192 4593728485231682874 13817932785717776923 4607007669844803949 4586336979446093568 13831015969357829053 13826213183983280479 13830952605925854484
1 0 0 1 0 1 1 13828551617745125818 13829925392763767146 4594928808960798352 4606197133258788798 13829608542159689954 13826414443222323209 4600981027204136832 13825828215630472656 4604665069148971462 13829910454782926230 13825474352410875282 4605923004440458346 4588901721561427792 4592466536458847432 4603075104517969587 4599245178099480237 4598212369070846334 4610991324195791025 1 0 1 1 13828551617745125818 4594928808960798352 4585300513649145936 13819303119301583940 13810968478033350209 13828235210554748001 4604190611231905053 13829608542159689954 4604665069148971462 13826414443222323209 13825474352410875282
1 0 0 1 0 0 1 4602841560393321770 4607489563127829001 4605132454063616942 4603922890953608444 13816576584549397760 4604462681573705890 13790061678115892736 4600872020405708374 13819412996590986776 4601112634612138004 13823065573540970230 4607268096528348073 4594319673920393322 13818034751603439453 4591662907862529576 4601435046462487504 4598487795561127007 4601692359908908198 1 0 0 1 4602841560393321770 4605132454063616942 4601435046462487504 4598487795561127007 13828740140633379754 4597112554562277121 4603219754040239754 13816576584549397760 13819412996590986776 4604462681573705890 13823065573540970230
1 0 0 1 1 1 1 13827599050651202006 4599776278164527516 4605974843029020446 13830727415489679868 13831173542791292201 4603091273926249852 13820018881718379752 13825093536399992796 4608055602573372187 4597686888994477144 4603082193144868382 4600517418102516740 13819296667538809656 4589745810799071436 4602055601390333166 4591832944123053782 4602130958123340409 4598235485696759909 1 1 1 1 13818538987400989200 13814250439281021800 13815204980977829590 13825502994978116217 4594792605427680929 4581643902537693645 4607070015253952135 13831173542791292201 4608055602573372187 4603091273926249852 4603082193144868382
1 0 0 0 1 0 0 4588473277564214080 4602041113218027124 4606005534472727702 13826636084709188232 13817292657840592424 4604911395353944910 13817388471741959032 13821799685061279392 13830862356887363124 4594114946927462968 13830832679081823271 13830015537324018504 13815042542693211117 4573071846895720512 4604484176836042866 4601716672415700714 4598817856151906868 4605132900823915094 0 1 0 0 4602041113218027124 13826636084709188232 4596481521831992866 13814420137400598712 4603039913521530435 4601748445380630694 4604590483650765349 13817292657840592424 13830862356887363124 4604911395353944910 13830832679081823271
1 0 0 1 1 0 1 13827585149156552174 13830949938761000406 13826994248735729162 4608025495154727503 13828813189578777170 13822459856481812552 13800609800533590400 13824887495174396848 13822792332655089444 13811227970699532416 13818608838089384496 13830274851368278024 13814480139017045719 4595821636486052460 4603376280901434643 4588811627522490747 4601633016641803553 4611428703356285117 1 1 0 1 13829465285511879885 4598917979546390164 13812183664377266555 13819797618144211586 13815700141789837566 13827907077315202113 4604481139617490451 13828813189578777170 13822792332655089444 13822459856481812552 13818608838089384496
1 0 0 0 0 0 0 13827456066567322445 4604310047327001794 4603350641186286404 4605685830525553290 4602985047034761776 4604512681946468572 13817125594348736152 4596034819241028792 4596163298450013536 13826809776284589026 13813495707679928240 13828899568716745363 4596370264456040598 4589860184152670364 4604205811543814716 4601572008573825362 4590854587815461970 4598755646752763966 0 0 0 0 4602985047034761776 4604512681946468572 0 0 13826864667868018278 4598439588467736775 4605043362865847540 4602985047034761776 4596163298450013536 4604512681946468572 13813495707679928240
1 0 0 1 0 0 0 4602737365913887694 13830382675648910124 4603209742495068390 13810084942681764064 4607770200856256115 13830872030701199419 4584718466102385264 4572383244318780544 13829348748583207894 13821958663110549018 13828749568460073948 13826705904331490671 13803760841511491152 13803893084355497368 4593179512871016784 4602162814109857353 4599956842600042560 4598006880760625054 1 0 0 0 4602737365913887694 4603209742495068390 4602162814109857353 4599956842600042560 13826451874590964847 4601217440871024763 4604720409027013658 4607770200856256115 13829348748583207894 13830872030701199419 13828749568460073948
1 0 0 0 1 0 0 4606296178541021654 4604940716519123382 13819307571938996464 13805994606817641088 4606532439528395290 4606782339015282830 4589227711570568208 13816274824738844016 4602751621800408112 4603238449959055782 13826623811085757219 13827557742112037297 13818204839370142706 13818062528412884058 4600964063389150854 4586715954048529049 4596528195733629219 4593505324743817465 0 1 0 0 4604940716519123382 13805994606817641088 4586715954048529049 4596528195733629219 13817178946131848432 4605218193117440171 4603668961984367559 4606532439528395290 4602751621800408112 4606782339015282830 13826623811085757219
1 0 0 1 1 0 1 13816111446714920832 13816431173116227200 4595650280375322280 4605250744323658046 13812625796695094032 13822220937580446460 13824306804131814190 13820123197127784336 13813560554670872176 4598772118923428188 4606537664278254362 4603580847361338986 13817308929588163240 4589904812319348552 4603962522756080802 4599505433367815208 4595124972132725706 4610380319180978797 1 1 0 1 13816271309915574016 4602367709717484264 13821781205433472400 13818497008987501514 13824224445218619002 4580436590094444634 4606434541596218234 13812625796695094032 13813560554670872176 13822220937580446460 4606537664278254362
1 0 0 1 0 1 1 13828289633287473439 4607334885647248907 4606593715400076622 4607705047919750473 13824831473274102330 4607990828386939885 13822250878937522058 13823985011514523794 13828435460482127179 13825989617342587472 4581524487447968640 4594739643026131960 13800887682561295360 4587871786649089488 4603747576945445309 4600519539447436282 4598871850334517626 4591227723487666122 1 0 1 1 13828289633287473439 4606593715400076622 13817761938767304305 4598871850334517626 13828495965553239724 13824751395640945457 4602155196970937049 13824831473274102330 13828435460482127179 4607990828386939885 4581524487447968640
1 0 0 0 0 0 0 4606711811264189354 4608026009224551007 4589387198853846608 13831369637733141373 4594086078737865304 4607856064999138403 13820039174043428100 13824268142071149548 13830844215619308187 4607383283794066645 13830326303846325516 13820138048506844464 13812202839676487060 4593759933367310304 4606609346297547025 4600571001534708623 4602375584446135076 4610016577238850621 0 0 0 0 4594086078737865304 4607856064999138403 0 0 13829232378750335027 4592007828349915958 4602782381883006578 4594086078737865304 13830844215619308187 4607856064999138403 13830326303846325516
1 0 0 0 1 0 1 4593793060788969952 13830496324752841824 4607189342416926039 4605795812219043662 13809285902960624064 4607199922628131435 4588367018322789664 13825670643450258854 13826464176750189453 4598428661846421760 13827047935072908809 4605080321354804750 4592681362832097232 13799972547871582944 4600562591282072936 4601175302359917654 4581742709407992085 4611440320090131413 0 1 0 1 13830496324752841824 4605795812219043662 13810632045758188788 4581742709407992085 13828346808611912156 13826824661046735034 4598980001339005223 13809285902960624064 13826464176750189453 4607199922628131435 13827047935072908809
0 0 0 1 0 1 1 4603896814800481400 4597068950074852840 4605613388597220974 13829618456869599324 13827423035764244393 4606278457773199778 13823373407040266184 4592641232010269968 13828274733789322402 13827923920607115898 13824772547892413254 4600723761107138312 13807174065908561944 13809233920435835700 4584884898921277024 4599329127897518930 4596616863777257711 4604934753993210557 0 0 0 0 13827423035764244393 4606278457773199778 13823373407040266184 4592641232010269968 0 0 0 13828274733789322402 13827923920607115898 13824772547892413254 4600723761107138312
1 0 0 1 1 1 1 4607924683114422019 13829716156129904724 13806332227597617792 4596363669762884480 4596058107754452720 13830796587161125918 13821963036949242120 4591729245491823576 13827018141094796035 4605035036932912612 13828335674206712282 4604831773317157242 4594696744828401730 4596072631036662876 4605330999376726682 4602612111591347916 4600427266697168858 4608782800958367647 1 1 1 1 4593813676597930852 4590947198968711728 13818344806609394935 4594271573790322060 4592177185878507084 13806054598994861645 4607130639084652442 4596058107754452720 13827018141094796035 13830796587161125918 13828335674206712282
1 0 0 1 1 0 1 13822721069365711582 4606420072346002754 13822143767299697192 4599727478709769200 13817044015114412208 13822939631160671096 13824509666166898010 13819059069852012732 13826829471543393086 4593615508428915792 13827386327221481846 4600391184663782256 13818234875257358554 4594992960699899910 4593835249473667428 4600507234883654357 4592997553823725302 4605018118298428288 1 1 0 1 4599077766422117331 4583303207527206464 4600507234883654357 4592997553823725302 4594022403516603077 4601566779656410843 4606179808029944692 13817044015114412208 13826829471543393086 13822939631160671096 13827386327221481846
0 0 0 0 1 0 1 13829889269952522835 4605577440339954394 13830355457912473989 13830702817828200293 4605552829690329258 13821900067524939526 13821864641223907358 4599660818078759654 13824304296656355622 13830657878978471455 4604746321632676916 13827282540628301594 4595907392248264188 13818524690191914823 4605283824784301461 4589730273727493996 4601609517093958610 4607066898324497448 0 0 0 0 4605552829690329258 13821900067524939526 13821864641223907358 4599660818078759654 0 0 0 13824304296656355622 13830657878978471455 4604746321632676916 13827282540628301594
1 0 0 0 1 1 0 4607526430797047929 4581106506845409216 4604549394890781590 13825446401237867048 13824785997414379020 13822258081740296836 4594988913081818508 13815396824708757872 4596026537806299968 13821230078890113952 13820560871798156916 13829847163061877994 13812542982712094270 13815805931423750487 4585178897094608896 4600032418112508401 4599917054087217733 4602606734268127293 0 1 1 0 4581106506845409216 13825446401237867048 13818347737288882178 13821215397067313642 4599994405094102895 4590153823622698031 4606581431455537070 13824785997414379020 4596026537806299968 13822258081740296836 13820560871798156916
1 0 0 1 0 1 0 13830567357400863283 4597504281664521088 4600378908148666120 13807962871113732032 13826605724267782764 4603644568098844234 13819159003392577832 4601027355247858324 4606046993011750226 4600235379791218048 13816634204800746704 13828110074135357068 13816673786707981968 13819436337811790839 4606304870892909939 4594003483543899011 4599041496655454535 4610711995666854014 1 0 1 0 13830567357400863283 4600378908148666120 13817375520398674819 4599041496655454535 13826360260645352287 13827429754116460240 4603008525780741404 13826605724267782764 4606046993011750226 4603644568098844234 13816634204800746704
1 0 0 1 0 0 0 4599198591761868488 13827198723019721352 13818181584108793936 13831359287266840104 13829111931716728039 4607394541173337559 4600627473485425854 13815381036484323200 4607560360782787849 13828211713111810540 4606168500687204730 4604450816992397708 13809391431238173992 13808081930382892588 4602397509137154864 4581477296466061568 4591255137095478766 4610738804106417670 1 0 0 0 4599198591761868488 13818181584108793936 4581477296466061568 13814627173950254574 4593649490125985090 4599757850961501228 4606578055796569369 13829111931716728039 4607560360782787849 4607394541173337559 4606168500687204730
1 0 0 0 1 0 0 4598641798371706828 4607295804281753425 4606841060292423830 13808152342995255648 13827933763017894374 4594211549588272336 13815338532275923216 13825444199431981544 13808922467028725856 13821702480496723568 13825618306250703752 4596633977197426480 13812997506555309558 4587282128274706136 4600564296192259202 4598446463920441256 4596362611302978392 4599379286005229514 0 1 0 0 4607295804281753425 13808152342995255648 4598446463920441256 4596362611302978392 4590528325300816464 4606151404532169613 4601911241254951578 13827933763017894374 13808922467028725856 4594211549588272336 13825618306250703752
1 0 0 1 0 1 1 4607984907938293219 13828706793170915764 13827486486935998051 13825883290618833930 4594130584907705736 13817784794521731408 13821556521512059252 13815314536631440520 13830834823146034822 4578974046120797440 4601998998426705940 13826390924062519104 4583337431345081488 13818350244334800711 4571102894372557824 4587137452888382502 4595356468943591353 4598684485141491897 1 0 1 1 4607984907938293219 13827486486935998051 4587137452888382502 13818728505798367161 4602278477234607130 4605402583963056010 4600113776007199885 4594130584907705736 13830834823146034822 13817784794521731408 4601998998426705940
1 0 0 1 1 0 1 4607231629334705635 4606982565255558514 4600954629120902324 4602118770408666620 4604413493022614726 13826381724112477572 13808231573703675152 4580688118972678208 13814900706294755408 13827667224651415049 4591183507358011776 4603323535567859836 4581226018159304400 4584285530231718376 4605946121316331538 4587763287046602534 4600978021765708018 4611486764101175010 1 1 0 1 4607131702562476188 4601536699764784472 4576979776189803578 4583498387121033074 13824169211808364941 4605022709568891215 4602817216437720968 4604413493022614726 13814900706294755408 13826381724112477572 4591183507358011776
1 0 0 1 1 0 1 4590769369593156544 13826313482360218675 4605749716195061678 13827156491017485619 4604769365950913958 4595607769058550456 13818263272853083324 13823237042816116084 13829389798456804812 4604844260617477954 4592090432720312000 13822842936072525746 13819382747085038824 4594526583333424908 4604093480724687562 4599896583339904841 4597661236200902738 4609910407857193850 1 1 0 1 13820546271833146230 4592525468792572396 13808595019479192944 13820655669067945919 4585871481417989069 13808182493230340619 4607170651694112800 4604769365950913958 13829389798456804812 4595607769058550456 4592090432720312000
0 0 0 0 1 1 0 13829906921925451972 4594898577312193624 4597066883239509968 4595313625177864728 4606748846088277878 4607321097029581907 13819499445706301764 13826046485444342512 13830748399553794883 4605809176937971650 13809654869499621888 13827349322641570538 4596307768394752344 4591721949634055316 4595813739886537452 4599221378100271118 4602093372650928289 4609960950353171363 0 0 0 0 4606748846088277878 4607321097029581907 13819499445706301764 13826046485444342512 0 0 0 13830748399553794883 4605809176937971650 13809654869499621888 13827349322641570538
1 0 0 1 1 1 0 13813332382732494224 4603396905462896942 13830188337370129233 4598947104462227208 13826193681548524128 13829643352743244468 13816102405574037008 13824275658043623316 13829620003927555802 4605784034411387582 4603086815159733860 13822248837749457680 4594530410825011230 4591635185428258204 4606893387418490003 4591119254260301873 4592983322322489391 4607241963189672435 1 1 1 0 4598231315183707260 13823046995470598093 13814491291115077681 13816355359177265199 4601181149908934179 4591482046058895042 4606318015624787315 13826193681548524128 13829620003927555802 13829643352743244468 4603086815159733860
1 0 0 0 0 1 1 4605905588024022942 4605127903092411332 4607099855827404166 4601291772058563840 13829216301034151122 13822198421623516952 13777279934345875456 13816383897937678584 13830029556598927288 4604011421084557370 4595930302783498240 13826853417896506171 13817691766371796453 13800046053875116624 4601105172147377168 4599544950027264479 4597428870905142302 4605873784344340561 0 0 1 1 13829216301034151122 13822198421623516952 0 0 4598590598418849366 13827185116931369825 4604755119215547380 13829216301034151122 13830029556598927288 13822198421623516952 4595930302783498240
1 0 0 0 0 0 1 13827442191627366974 4604734603186470284 13823893620102085040 13826760494576648433 4601792052676421640 13816827503191811808 13819212785555014980 13818006922552921384 13815071650949454160 13817765866377850832 13813689697894362336 13823580067260772620 13810570716713612096 13818145280278043087 4598877376038625560 4598631850945794882 4601549804257516975 4610669652394969067 0 0 0 1 4601792052676421640 13816827503191811808 0 0 13808370749960273240 4602297144679084198 4606077010007060330 4601792052676421640 13815071650949454160 13816827503191811808 13813689697894362336
1 0 0 1 0 0 1 13824696704325117032 13825836549842533938 13821859925479647862 4595942576891932536 13831349654405390423 4605929533665489466 4600877213855606608 13808893103814235504 13822671336234890426 13829451748228061068 4607613466991620265 13827219144918650301 4595433203966382994 4592286249025262844 4597573867539929752 4585850940705376549 4601501656198431117 4607379846100876313 1 0 0 1 13824696704325117032 13821859925479647862 4585850940705376549 13824873693053206925 4600238454128702189 13826274307835250251 4605103696669116683 13831349654405390423 13822671336234890426 4605929533665489466 4607613466991620265
1 0 0 0 0 0 0 4605395975666857478 13830716495410325181 4604142501785045794 4599741068931940724 4607884340623816937 4599653132092771204 13796446359517617408 4599890470683267984 13825270381759010264 4606612444817325218 4604970383629039024 13830422959668358272 13817528563061392100 4594076426122407978 4606376330240398624 4593629342945125871 4602527650392177608 4609247187386773880 0 0 0 0 4607884340623816937 4599653132092771204 0 0 13819549683460332884 4606674768147071793 4598495055690489475 4607884340623816937 13825270381759010264 4599653132092771204 4604970383629039024
1 0 0 1 1 1 1 13825951026669227624 4602884518060512028 13822192983851243782 4602732108416271186 4601462152672113776 4604055868482195922 4599105383604807832 4584958728787716848 13828755439719938956 4603799073259272580 4606691750964017738 13819819080685522616 4588657403715200640 4596031302167878094 4601129562960006916 4601174883584672958 4600285342363394672 4590010729764640142 1 1 1 1 4579333255923858688 4592593321990019900 4601174883584672958 13823657379218170480 4590455829817324774 13809961512686306351 4607144284903776759 4601462152672113776 13828755439719938956 4604055868482195922 4606691750964017738
1 0 0 1 0 1 0 13805769770987333888 13822485376180389042 13831220014765428636 13811073456292922944 4607092954147438618 4600759981720250776 13816528058464664696 13825719457848451284 4604707803337939546 4602673459085444692 4603561085613345336 13831227223644482938 4594757481079374364 13818530126926914725 4604919436017091126 4599223873728282320 4595572037388453478 4607401724346134712 1 0 1 0 13805769770987333888 13831220014765428636 13818950156212385108 13818944074243229286 4605663322271130600 13815147796897357158 4603101453583339108 4607092954147438618 4604707803337939546 4600759981720250776 4603561085613345336
1 0 0 1 1 1 0 13826749060083299918 4590250763021256768 13831322367806629661 4584631861398369408 4607508262561418947 13826985814338213151 13821817346710402144 13825721153805101818 13826006038827315954 4602057388892034080 4607878251006026405 13825956390057120440 4586010236924075700 13802761517281602464 4602551731381532738 4592375899343628695 4600226274354037741 4606478700279688404 1 1 1 0 13821547078922283660 13826678539429416267 13812544123529863496 13823598311208813549 4602924563936794481 13821311114062918771 4605507691931833227 4607508262561418947 13826006038827315954 13826985814338213151 4607878251006026405
1 0 0 0 1 0 0 13828347727346912662 13828200357090831862 4606774825320944294 13829925734808415932 4606099682019861134 13827976603723780476 4594499946263806084 4589791200768403560 4602252579950360504 13827485771726961950 13831393719293829897 4594535690936852344 4595527274288654410 4594019084855219798 4603721494626729245 4600339427910523942 4585655864938673254 4590860720112193784 0 1 0 0 13828200357090831862 13829925734808415932 13823711464765299750 4585655864938673254 4606053928345477119 13823963941031909809 4598994402084824531 4606099682019861134 4602252579950360504 13827976603723780476 13831393719293829897
1 0 0 1 1 0 0 13814940056790329488 13829608004214076920 13829689469860190866 4597249151140795416 13828246620454965804 13830745590280039711 13804203275640122784 4595945452747773704 13830812811110786106 13822296212887555740 13823039273771648470 4593713254729288048 13819271511162971831 13813726286812960669 4601623317029073682 4601310067721024186 4602018394416450504 4609564132385668746 1 1 0 0 13825967354495755018 13823165587520255372 4591491525099907596 4590555342504344823 4598317970793352036 13822328784782437560 4606466742311348433 13828246620454965804 13830812811110786106 13830745590280039711 13823039273771648470
1 0 0 1 0 1 1 4595416854098222520 13814812103407812688 4605469673456356202 13820945171022760460 4595672065022331112 4605581232651676514 4599768445121809518 4598889099769300056 4603815971823060548 13824663561660094500 4603778288496607036 4598361245315901236 4594594983101529360 13814408506364990570 4599540567434976144 4600710749594876173 4600749872443942208 4608858359765494209 1 0 1 1 4595416854098222520 4605469673456356202 13785552573766512064 4594229795923501052 13828593180529282546 4579344778463281342 4603784872917173299 4595672065022331112 4603815971823060548 4605581232651676514 4603778288496607036
1 0 0 0 0 0 0 13823430272032190114 4593932705029168496 4604916025736158610 4606580459968748538 4603870347642505606 13829145182048027856 13808888114898659664 13816231751008593384 4594124848891812624 4596564249311497128 13822719317470454936 13827952304914561488 13814766059502143693 4590447443876148020 4598885275271294530 4600349183378254414 4600188465047396642 4603908079040294529 0 0 0 0 4603870347642505606 13829145182048027856 0 0 4605362017292985492 4600878131588348385 4601794704045027732 4603870347642505606 4594124848891812624 13829145182048027856 13822719317470454936
0 0 0 1 1 1 1 4607472214761311965 4606147283417817950 4594266036509390960 13829704757677769786 4604961812031512558 4592724778391847536 4598207118989039614 13823481062003683928 13828225579145356276 4606557617927489158 4604895013436972018 13823062729566892082 13813096596363338096 13805975127349633488 4601884677206797774 4599411537492008960 4594483171831220117 4608095018168785968 0 0 0 0 4604961812031512558 4592724778391847536 4598207118989039614 13823481062003683928 0 0 0 13828225579145356276 4606557617927489158 4604895013436972018 13823062729566892082
1 0 0 1 1 1 1 4605842284120305478 13831332411239216362 13829880308355227539 4595836447533925056 13828787566738872262 4585449696291578240 4598498887912959186 4601136964290765340 4604487813591290186 13831271139452253240 4603699488708410674 4560834016473858048 13812368375751452188 4588796405352879336 4600813410457595302 4598535045189018097 4600200602063518963 4602453020289908852 1 1 1 1 13818332148842427676 13823709601917009635 13821907082043793905 13823572638918294771 4601180571158621496 13814539890838345234 4606322163598315929 13828787566738872262 4604487813591290186 4585449696291578240 4603699488708410674
1 0 0 0 1 1 1 13820281816733528712 4607193157736365621 4607179990754537674 4607075971187998198 13829786765180514566 13823989898999731308 4601388188265839864 4587376292872156928 13828997870169516650 13830827072374890052 13830836694426790295 4594004448194820064 13819294918588383668 13815443640448903421 4606918421243543937 4602291799681305482 4595280866525975091 4610466685527812874 0 1 1 1 4607193157736365621 4607075971187998198 4601441330829436314 4589418793154451100 13829537348813892262 4601391331657714658 4595351319470057438 13829786765180514566 13828997870169516650 13823989898999731308 13830836694426790295
1 0 0 1 0 1 0 4602685080482804258 13812766548002462880 4603107125040966120 13827466880888125440 4588948192241375744 4599609260484407456 4600559654053971226 13819087854161383380 13830349620561599282 13822322178846418064 13830154275081118605 13821229055222369960 4595376640692473108 4584067937253673520 4600047371577159216 4594366693694814970 4597366858369353480 4610614008356900508 1 0 1 0 4602685080482804258 4603107125040966120 4594366693694814970 4596779448684015242 13825969174722746823 4598718063844223202 4605581080175210454 4588948192241375744 13830349620561599282 4599609260484407456 13830154275081118605
1 0 0 1 1 0 1 4607462475000007887 4602694559723645942 4598176158781967000 13825619918102942278 4604341148338937958 13829597353569312436 13825144451089809308 13819805318893145388 13822690170314324004 13831350007042341335 13829015203601112586 13820877154802632472 13803780427245077584 13814477994981083220 4606598133366552094 4591930539043097862 4601765468148137423 4591666339903786306 1 1 0 1 4605218545461822154 13816179902450339676 13811442092720708000 4587431717568009312 4582464218371094576 4604625055971735068 4604458849010825229 4604341148338937958 13822690170314324004 13829597353569312436 13829015203601112586
1 0 0 0 1 0 0 4599001511270143936 4603727752046555972 13818260254324969896 4606176222188882178 13815269309463598096 13830806554647867289 13800579624395163648 4589266505836607112 13822808146906959032 13822184056493935952 4569851095123140608 13830913278245573289 4595319261834804598 4595796085896501492 4605254083910141701 4598895919594504405 4600724086257712042 4599895916367891467 0 1 0 0 4603727752046555972 4606176222188882178 4598749253933444155 4599514724278487733 13827379587263211072 4599589852363684830 4604368537419944557 13815269309463598096 13822808146906959032 13830806554647867289 4569851095123140608
1 0 0 0 0 1 0 4604517775484068318 13831365647980413791 13820904515736788004 13828694804948563675 4603908183270798326 4606308734513350622 13822610468006531020 4597739382956321864 13831061970803689885 4606563078886299926 13830602961396994047 13821798435996756748 13818292495653954759 13814268705530304762 4604344648038042237 4602417317232072181 4601087013111356069 4593868371005996598 0 0 1 0 4603908183270798326 4606308734513350622 0 0 13829074994288733338 4600741097263154551 4600590701709639728 4603908183270798326 13831061970803689885 4606308734513350622 13830602961396994047
1 0 0 1 1 1 0 4603710604238021224 13829827801261937635 13821173540111018676 13825589019100763110 13817824131058062752 4605616598810003486 13811536297169567808 4597355075861308908 4605797647117607586 13828514889839616406 4605579134733029562 4597169108192456688 4592854290077035784 13814412995307806522 4603556391454653707 4595993800441515934 4592867994646984989 4591877398598017070 1 1 1 0 13818030377483592438 13823474708678149280 13819365837296291742 13816240031501760797 4598450627902495055 13821610242055661793 4606554150491329884 13817824131058062752 4605797647117607586 4605616598810003486 4605579134733029562
1 0 0 1 1 0 1 13822512190381353972 13810886971435366432 4607799326607167639 4607707743735925089 13817379091207635480 13826290245871995722 13804515091390009152 13822132816343176500 13826362572051178277 4598879188462007548 4599029045160613032 4604249572496816234 4592604748338713256 4587467574226836784 4605465244767476298 4592129492344954186 4601033855442050598 4603245662714728728 1 1 0 1 13818927854947083000 4607753535171546364 4586660372049837603 13814391972436307868 13829474662425319667 13817390074650901742 4601873011327264878 13817379091207635480 13826362572051178277 13826290245871995722 4599029045160613032
1 0 0 0 0 1 0 4600034366552371204 4607209388034590273 4595638584007679736 4603423004309724734 13826201615202646022 4602704794647090746 13824614189285870070 13820883490200272056 13801623676780300544 13830678141472538237 4607839625454639033 13815009534080654224 13799807696301021728 13806931231320069608 4605573935190370722 4591104656025414731 4595467248270866054 4609885633084821544 0 0 1 0 13826201615202646022 4602704794647090746 0 0 13826103021991618907 13824597125400951520 4604965721456750983 13826201615202646022 13801623676780300544 4602704794647090746 4607839625454639033
1 0 0 0 1 0 0 4603495783044968016 13820558721330264784 13827785940925762370 13820490676673304168 4595793591808155616 4607429015402706587 4585475351697146832 13821975554265049058 4598323563294707068 13827662910480531338 13831107911448202923 13823808901620605652 4596361531228279762 13817097751583260544 4593981488313453808 4593654453596191721 4599888426795710816 4608080126332380874 0 1 0 0 13820558721330264784 13820490676673304168 13817026490450967529 4598883285161032243 4591440245264390610 13824393048336346270 4606355004228616227 4595793591808155616 4598323563294707068 4607429015402706587 13831107911448202923
1 0 0 0 0 1 1 13825322808962000816 4604762861015190062 4602224145445673828 13827083740142534796 4603993396920541808 4589369848723416768 13819497089198380748 13815667709749521584 4594437399648101752 13831222308311187507 4583773336538756992 4591491606326250768 4589737871351018088 13817442010074373564 4603540440040654399 4590533721796922841 4601863979103896707 4603488364047536138 0 0 1 1 4603993396920541808 4589369848723416768 0 0 13819745800189326527 4602978672441785961 4605578685482565336 4603993396920541808 4594437399648101752 4589369848723416768 4583773336538756992
1 0 0 0 0 0 0 13828521427706162992 4604114659309640730 4606092643914497886 13822278378321486920 13827236786986355477 13829712479331084408 13824008756113121266 4592829937987988584 4602463281610423696 13806447406772833472 4567141968690494976 4595577840174281256 4592213068499419020 13817023946488715655 4606942694635527502 4600565904253861938 4600283578719852008 4594401824690462344 0 0 0 0 13827236786986355477 13829712479331084408 0 0 4604521283650917917 13825629874075125554 4602910863840459362 13827236786986355477 4602463281610423696 13829712479331084408 4567141968690494976
1 0 0 0 1 0 1 4607267890477941533 4605912541420197134 13824254785399086032 13829427914599155259 4600750322231721668 13830566120532405155 4599749410541263596 13819859775843672408 13830829921644355361 4604623928997604350 13831038927694283749 4602947592283956122 13815936196130821213 4589268055733349704 4603512923219019846 4600537789598278581 4600596203739642623 4610043954668514349 0 1 0 1 4605912541420197134 13829427914599155259 4600537789598278581 13814623802195953504 4605442767153559440 4602441800400966388 4599699347101374892 4600750322231721668 13830829921644355361 13830566120532405155 13831038927694283749
1 0 0 1 1 0 0 13824196748616975612 13829220689790316384 4586641682648411552 13825390566046806502 13830861606803458234 4604554421047277506 4602403058641689642 13817017622936693456 4599562845520421612 4594723405922437984 13830032128259918332 4602973957348916088 13817350250689297864 4589376219758887964 4604892997279665795 4599423632054943664 4600130465179746873 4610005637697501016 1 1 0 0 13827172246056257775 13820076858717858866 4598844694826875180 13808679494864515022 4598556051096003315 13825219246345746048 4605820816658283005 13830861606803458234 4599562845520421612 4604554421047277506 13830032128259918332
1 0 0 1 1 1 0 13820469465585786660 4604910615708986246 13823092506538131330 4605922242541767526 13828328299617561904 4607610686127724603 4601069366374869638 13824218492860117340 13814967300810640336 13827144678436079016 13830130478380957603 4605502206790247798 4596164501013876594 4591976751074213484 4585757744068507408 4595644671572754730 4600222001906727716 4601081157931158316 1 1 1 0 4598424663971496893 4598394218031672229 4595644671572754730 4600222001906727716 13818304210696669114 4589614977672528701 4607044836732598873 13828328299617561904 13814967300810640336 4607610686127724603 13830130478380957603
1 0 0 0 1 0 1 4594990498078647760 13820580340090752804 4605474515305122418 4605265810207739930 4597464508601920264 13814759057704198752 4580348324783384064 13809038386687645104 13829132148789153638 4601893159403407256 4598571220713499176 4600560921463771484 13814672050128572039 4593983735339843612 4601136756621629342 4596359682698052311 4597724079976734860 4610143894016880346 0 1 0 1 13820580340090752804 4605265810207739930 4593028469731012369 4590081807034148940 13827023717184495010 13815513650726668962 4605264961899934433 4597464508601920264 13829132148789153638 13814759057704198752 4598571220713499176
1 0 0 0 1 0 0 4593446637374585424 13821659880885209662 4603733867001480284 4602693676991295618 4607554364018816711 4604726674290373034 4585789196625075184 13822145838749454760 4589813886074577216 13827613142903585102 4604509579435955330 4595541292966844128 4586062730280691988 13814914389787697351 4599912559149523706 4594759995556696225 4600919716153232804 4589100817845267652 0 1 0 0 13821659880885209662 4602693676991295618 13818132032411472033 13824291753008008612 13826611524071087984 13821265397305071422 4605297340634828212 4607554364018816711 4589813886074577216 4604726674290373034 4604509579435955330
1 0 0 0 1 0 0 4591937110781355120 13830370276606960843 13830954731958129289 4605213416303776312 13831370537710082345 13829013548998279327 4594002893301732192 13813530613642160888 13810216519319849856 13827550092209930268 4603109186015275184 4590449227999676624 4587537673428624160 13817302250251306458 4588677628317154608 4583494057690744320 4595605523410825026 4605010767123036148 0 1 0 0 13830370276606960843 4605213416303776312 13806866094545520128 4594223440108562534 13828678187185329778 13826266789456448862 4599330408579719307 13831370537710082345 13810216519319849856 13829013548998279327 4603109186015275184
1 0 0 0 0 0 1 4601720636141286656 4606044417808130170 13831040066526852389 4606145847176849098 13827249490039815110 13830800300973290749 4599587753969517620 4601122913821794534 4607010547619311214 4608043597039545425 4603061398454553132 4598507664257761432 13787912498918615808 13817623544971621773 4601579634646592476 4596313537465427519 4595748045093769752 4608147629843715016 0 0 0 1 13827249490039815110 13830800300973290749 0 0 4605305706107504164 13823542121332209189 4602554927723591273 13827249490039815110 4607010547619311214 13830800300973290749 4603061398454553132
1 0 0 0 0 1 0 13831288469740159337 4597368194747441496 4605093012287037398 4586901952861620832 13827315905043245918 13816320105856520576 4598846448575383514 4598041951472107980 13826627574945902340 4586423109962617216 4600415688150806816 13828487433763401844 4595743956232050874 4593776023212705614 4603906685491619977 4600712966135254415 4597367059175598681 4601676294617728710 0 0 1 0 13827315905043245918 13816320105856520576 0 0 4597832090924857169 13827957250929577598 4604120804129552312 13827315905043245918 13826627574945902340 13816320105856520576 4600415688150806816
1 0 0 1 0 1 0 13817887601233717376 4602191667676221316 13828449826662096631 13805803113731643264 4599737256510934680 13820725242033976760 13811534810369735120 4599651012084522712 13831004663364272796 4601565239379116160 13822597276395726094 4597226417841266736 13816166877239458832 4594226153935081040 4600481485298465400 4601881804399649566 4601755817450872672 4609029861600682652 1 0 1 0 13817887601233717376 13828449826662096631 4595972044825572802 4582708101415127940 4605268325699519459 13805350586481271371 4603723053433590981 4599737256510934680 13831004663364272796 13820725242033976760 13822597276395726094
1 0 0 0 1 0 1 4588732471453523936 4603077011456643926 13825092870859695742 4604151797126232358 4601238909251804752 13827004345623433925 13824321298343610274 4597578776566396956 13829439053454642826 13816000760291969248 13826316827765556177 4589418115534009008 4596215668148346006 13810948784631061108 4593903522126846424 4601664541006378538 4595401058944703137 4596470107532652726 0 1 0 1 4603077011456643926 4604151797126232358 4601664541006378538 4595401058944703137 13827452476878975010 4598318002282831954 4604567464240189441 4601238909251804752 13829439053454642826 13827004345623433925 13826316827765556177
1 0 0 1 1 1 0 13821064656636030372 13827188200740674880 4603618079670753016 13827266890908505893 13826703657741688917 13817718531289635416 13819468360334797228 13825098344476009766 13827075963390949615 13790040679146507776 13831207441711222612 4607254517001240367 4588054649545133008 4585548415863233256 4602972152274899684 4601786124656678326 4601455818795434229 4607741105430319491 1 1 1 0 13824815750985984169 13803382438891095456 13812683645638156627 13793007753446328320 4587759086273695070 13825449726730644912 4606127490502041412 13826703657741688917 13827075963390949615 13817718531289635416 13831207441711222612
1 0 0 1 1 1 0 13825435555586772982 13826186115728501006 4591417551360862368 4607059781084682330 13821571991441738648 4596841707283216688 13821901860007572164 13817104363353393364 13827374122386894717 13829217060311737339 13831081091250299136 4595181640542113784 4588901887636613488 4595009947143422280 4599454330607035132 4600220318385587819 4600585131947497936 4610918320312474975 1 1 1 0 13825878465508176137 4603039570983585463 13811824173000949302 4598478079239870025 13823690510933821316 13825810626753909393 4605307507410457214 13821571991441738648 13827374122386894717 4596841707283216688 13831081091250299136
1 0 0 1 1 1 0 13817652680293073208 13829328005397176530 4603597864230620370 4599455834797916396 4596862766309729832 13824943088118450986 4600538278547412042 4600260988010812542 4603078931525982018 13794649446968385792 4604996362559387336 13830216872281894809 13818652647554162506 13808787934314096056 4606639913660309239 4583171956868253944 4586387624160342503 4611217395535816661 1 1 1 0 13826076708792084624 4601986372043255112 4583171956868253944 4586387624160342503 13825648993575066370 13822220068060490226 4605653045070711601 4596862766309729832 4603078931525982018 13824943088118450986 4604996362559387336
1 0 0 0 1 0 0 4601924088201927124 13823130518004511826 4607264171319047603 4592097204728774976 13815608433064209728 13823756493694902180 13810905010454465792 4590543939764833000 13826663211204897523 13830595355767080238 4604509500948388142 13830663380124647113 13813399176823477748 4580295625761488744 4603799550242108601 4599171274273679799 4600449837531482735 4600439708971775141 0 1 0 0 13823130518004511826 4592097204728774976 4590649954178673016 13821511004569431590 13814301719340093165 13821717352346550421 4606838674099248656 13815608433064209728 13826663211204897523 13823756493694902180 4604509500948388142
1 0 0 0 0 0 0 4603657790988754426 13825918283336655800 4594082392451072112 4607705369250413853 13823294139233931018 4598059809394653024 4589914210885588728 13822702324313980532 13828392268188012972 13828990843701237600 13830798420505121829 13821450550582594652 13814308669465894000 13812241980504345404 4591267819782458056 4592832731479252870 4599975079506468905 4593230141428458440 0 0 0 0 13823294139233931018 4598059809394653024 0 0 13822491534833673256 13821366235600345128 4606472264527692863 13823294139233931018 13828392268188012972 4598059809394653024 13830798420505121829
1 0 0 0 0 0 1 13830674238673818809 4607200176494520645 13831023484928764607 4606172229872774026 4608045516751058823 4608005579369645653 13822264743773967274 4596302604478362320 4594375200209097192 4597374468114205936 4589958168366916288 13824830858797922354 13809800322554264972 4594292796763106694 4604710583819621866 4596710366657464499 4597913669165886255 4592618561842068950 0 0 0 1 4608045516751058823 4608005579369645653 0 0 13829317551617434431 4602274071925596344 4595170160593033689 4608045516751058823 4594375200209097192 4608005579369645653 4589958168366916288
1 0 0 0 0 0 1 4605972569878415158 13829340809615588704 4607693545060136665 4577793738970318848 4602841737375601458 13823883373256407506 13824154237437883818 13825655077820023748 13818837304443168784 4603570725450369396 13829192171118333564 4594810341036381872 4584432694817470360 13816873255213536602 4592071653309219552 4598824023741763683 4594965369165141688 4596841551394850862 0 0 0 1 4602841737375601458 13823883373256407506 0 0 4598251313681433723 4601834840527522151 4605871107862577222 4602841737375601458 13818837304443168784 13823883373256407506 13829192171118333564
1 0 0 0 1 1 0 13828116731504501887 13829896304995666598 4606309400768690338 4600894185672707828 4604433648805711218 4606518184501805578 13794974541960004224 13813931766333779288 13825144174633346220 4605410493856586954 13828155657871147216 13824545002032258512 4585047700990678360 13818760003620091669 4588899572389349856 4593428165476716295 4601881486372020826 4610722957738788372 0 1 1 0 13829896304995666598 4600894185672707828 13816800202331492103 4598956911599594698 13826434879256432059 13827748709555347412 4602339436249850074 4604433648805711218 13825144174633346220 4606518184501805578 13828155657871147216
1 0 0 0 0 0 1 13830681953197566277 13826705768337890976 4581367549008552768 4603919920743562240 4607814077606175695 4602732475129477104 4595275140290131136 4602549497494362976 4607134747944144370 13829305421475067552 13825546370309352506 13831091335870928188 4592126312703977248 4596054581489376210 4602937132909193062 4600886231998270602 4584399949406572466 4604644732413275083 0 0 0 1 4607814077606175695 4602732475129477104 0 0 13822621671710836275 4605546962187786337 4602391364447337665 4607814077606175695 4607134747944144370 4602732475129477104 13825546370309352506
1 0 0 0 1 1 1 13825908468712549410 4607540516508931979 13828158218346062596 13822368202170803038 4599496013733283648 13826008838462196900 13825866480807656794 4598765879195461406 4605629391948731810 13830293359283820480 4604333115290830052 4607764948364719139 13795114632344118368 4591883119651024700 4598593366591736562 4601879331395877598 4594222164462193595 4611342635099046589 0 1 1 1 4607540516508931979 13822368202170803038 13814249236183185922 13815798139876645242 4600616196690491010 4605520518807057011 4601448362303226404 4599496013733283648 4605629391948731810 13826008838462196900 4604333115290830052
1 0 0 1 1 0 0 4603438204196221716 13829144172422358751 13820937482250080904 13828391210600205648 13820773724894075996 13825921737225141742 13811557829594224752 13823700627347583136 4603598167167543680 4592031956308228672 13823347264920380624 4607924493362200691 13818461881861475792 13811927268745942120 4601226100848052670 4585909116342792916 4601389920832598742 4606379164122777219 1 1 0 0 13817207919888033686 13825986967249027570 13809281153197568724 13819806156246171196 4601315403638599953 4584701827313928775 4606326429962419191 13820773724894075996 4603598167167543680 13825921737225141742 13823347264920380624
1 0 0 0 1 0 1 13828958914444057452 4607829939687556413 4595776663485640208 13824164097705090046 4604005733932470198 4601485638896776968 4590125125352283864 13818158782732610880 4604592080311637776 13826325327242618791 4601453739985844928 13804503219916355584 13806103194950250584 13803653271075213336 4599115552593975062 4599563979489897757 4600643975514670334 4610124368011862815 0 1 0 1 4607829939687556413 13824164097705090046 4592874403541579488 13820528101585317397 4600340496669770029 4605873894343503780 4600226485433797801 4604005733932470198 4604592080311637776 4601485638896776968 4601453739985844928
1 0 0 0 1 1 1 13827721501212459626 13829072774384926504 13829379554071721952 4578068184286416640 13830309321732247044 13831178970926569062 4575988969928712640 13821160716810438108 4607944501029456959 4605715027916212018 4605604378674041314 4591561345179803808 13809307918098456012 13810462266284960152 4598003095663131084 4602404113039304950 4602598410909145671 4606665239387279611 0 1 1 1 13829072774384926504 4578068184286416640 13825776149894080758 13823963073732181969 13812185699630586635 13827968260905887511 4604468698081747143 13830309321732247044 4607944501029456959 13831178970926569062 4605604378674041314
1 0 0 1 1 0 1 13804015759831679744 13823860327991657874 13827641391604219785 13831100097669414804 13831426169454533415 13830291722780283417 4587960661707583200 13823606247566890408 13824941187032580746 13828268206542433651 13824536096194798798 4602047469921078696 13814494139524118871 13806975245911385968 4600790837645051904 4596202129898922984 4601970295019010158 4607392165143070858 1 1 0 1 13819668384712317378 13829643565644128088 4591214071211742956 13822151039176431926 4605067242985270934 13813047875157238962 4603940394327893036 13831426169454533415 13824941187032580746 13830291722780283417 13824536096194798798
1 0 0 0 1 1 1 13828436749688280064 4594973700311424080 13826911293235329209 4598855253260533408 13830548562055953672 13826198532514888999 4602400065097663518 4601156108869230708 4602707903746110464 13826632562431658969 13822363015377983158 13826082083300881161 4582990128898920360 13804278854878390936 4594653584759702244 4600731815563263808 4602054997757842467 4605074391657468398 0 1 1 1 4594973700311424080 4598855253260533408 13816361683349216304 4600623377669706594 13822469796410150393 4593815731404802878 4606685144010903253 13830548562055953672 4602707903746110464 13826198532514888999 13822363015377983158
1 0 0 0 1 1 0 13822606690890969674 4599968661983981416 4601502004273265012 4596896882779663312 4603751822339460820 4605897398073282218 4600903863148020918 13821400618474011328 13829110952630078882 4606336594222833518 13831062887419149450 4604544654920091418 13773296405439204352 13811898210581219996 4601042700145298968 4581586718474595188 4596450692417170068 4604731130243480251 0 1 1 0 4599968661983981416 4596896882779663312 4581586718474595188 4596450692417170068 13821893185796210809 4599616003961289801 4606324834877504357 4603751822339460820 13829110952630078882 4605897398073282218 13831062887419149450
1 0 0 1 1 1 0 4589479866523548192 4600048185413561156 13830182509889260944 4601682042184853632 4599533621494445632 4607351024023113061 4588951268451593744 13821190426902660180 13828896647983470434 4604630394858174700 13817165020632167232 13829184761892678350 13815414235533263828 13817859869337632216 4593732230336785496 4599632009576476569 4602177278035213845 4598915377236750556 1 1 1 0 4596748447251286476 13821673699128416592 4599632009576476569 13820589039001633326 4592529265751195598 4599181731082885412 4606694187232763924 4599533621494445632 13828896647983470434 4607351024023113061 13817165020632167232
0 0 0 0 0 0 0 4603902137710838414 4604739019593313958 4599436289102012312 4599618379901872660 13826007629436963026 13826097904382692068 4594276938544096132 13824381662423855684 13826051344302104817 13812709982886060320 4604794861931385158 13821892369054356172 4595001087952346642 13819042465199098264 4593620219551829664 4598735102804778590 4594947966370826935 4603989218706502245 0 0 0 0 13826007629436963026 13826097904382692068 4594276938544096132 13824381662423855684 0 0 0 13826051344302104817 13812709982886060320 4604794861931385158 13821892369054356172
1 0 0 1 0 0 0 13819969234748606580 13827811173142794333 13830171334434726237 13817167641735217584 13811789507794623648 13828261755257393878 13818358615510388080 4594024322215708072 4606263525090806042 13820442978592396076 4607456945393390857 4601045441754242776 13813226205148965226 4592745288651048928 4605026824963296548 4595782117544945337 4601065876511777426 4597008144216382308 1 0 0 0 13819969234748606580 13830171334434726237 13819154154399721145 13824437913366553234 4606074650233287820 13812667974403730626 4602249139873474759 13811789507794623648 4606263525090806042 13828261755257393878 4607456945393390857
1 0 0 1 0 1 1 4599576906082782624 13830406331023478145 13805189372678048448 4606392906519056758 4603323708084128632 13823674217696879484 13819811980767921620 4577036390184038912 13830144636340014604 13826404445979804307 4602100056691277640 4606834631316799642 13798707251392272544 13810163707578211508 4604886514488246076 4597122807793999339 4590841648978265675 4608368179038451665 1 0 1 1 4599576906082782624 13805189372678048448 13805088443729269360 13809550256565332332 13806130124731641864 4599598224932753998 4606678115295093801 4603323708084128632 13830144636340014604 13823674217696879484 4602100056691277640
1 0 0 1 1 1 0 4597932667106067968 4607564705582398055 4607090961333800038 4593544285855200368 4604314138065747202 13818827090102951616 13811818407770931792 13814979034741019864 4596101975037525760 13823885027794889546 13822387074658113766 13822574090301608844 4586768752877201972 4594245021483072682 4599487887682186766 4593571382599536449 4586741440392195265 4608884175542317093 1 1 1 0 4604156686806969127 4603188082014040442 4591677283021860555 4586741440392195265 13824317173543643898 4602951246742161348 4604890365937936457 4604314138065747202 4596101975037525760 13818827090102951616 13822387074658113766
1 0 0 1 0 1 0 4605400770395537502 13821917700693531622 13821595017740120058 4598659126440132432 4594134148296922464 13799783020792080128 13818016118419811496 4596311684092086740 4605809805169960722 4600492040605733320 4605579771367199758 4604198765266898638 4592450556930490480 4587447765250739256 4594126985701590256 4602286322739947846 4599364045894961808 4609413956858882271 1 0 1 0 4605400770395537502 13821595017740120058 13808434651326431535 13822134012815621492 4599050534088989081 4603674507415187498 4604782359011299946 4594134148296922464 4605809805169960722 13799783020792080128 4605579771367199758
1 0 0 1 0 1 0 4601637588671954908 4606503060046611350 4603285383465314174 4602657685902079328 13826862171845031480 4602160228525663544 4601936645616520122 4587576421310780304 13829730236407106374 4603200080053376214 13826559499970621995 4606071636312887990 4581012681271507536 13811983599043400764 4607111163131222336 4598243820775456921 4594595360002850353 4608623005507422324 1 0 1 0 4601637588671954908 4603285383465314174 4598243820775456921 4588003124366060224 13826824507017246229 4599672588596824483 4604829342933566700 13826862171845031480 13829730236407106374 4602160228525663544 13826559499970621995
0 0 0 0 1 1 0 13827743554064456141 4604143902606168538 13820354249182380160 13825508345982401298 4603072488581467456 4599779916929743288 13825824675471271762 4594904142886493372 13827520347283511899 13828187694797465344 4599465763194053540 13819985014211833676 4593253003142849340 4595848436604892624 4594537733105518032 4596878338717798499 4590421706665380251 4607543935681843656 0 0 0 0 4603072488581467456 4599779916929743288 13825824675471271762 4594904142886493372 0 0 0 13827520347283511899 13828187694797465344 4599465763194053540 13819985014211833676
1 0 0 1 1 0 0 4580614732538252160 4600029481701830500 13829862168773519066 4603869521099964370 13818999001712805144 4603437930556487148 13821854309676925766 4594249782631355668 4606954353703804786 4596559231053179016 13827769270834041134 13823553075353224692 4590178331623524788 4595006885670362480 4589163993371037968 4587061370169105213 4594891736417673100 4602820792188308569 1 1 0 0 4595835726520074268 13817781278782869008 13810433407023881021 4594891736417673100 4599124748414684779 4592104330245291442 4606709304548136366 13818999001712805144 4606954353703804786 4603437930556487148 13827769270834041134
1 0 0 0 0 0 1 13827754807435661244 13830116090554659424 4602430485433473936 4572637589480988672 4607536553392838275 13808928721072734144 4595797889001099344 13825164696152607472 4602776019220720000 13830606771375222174 13829184756223743924 13830802351430688544 4586859521661415316 13815672891366882640 4602270298772264264 4591387278861339177 4592864206094036207 4610224080801589896 0 0 0 1 4607536553392838275 13808928721072734144 0 0 13812971094566568860 4605888892416760240 4602784819360072134 4607536553392838275 4602776019220720000 13808928721072734144 13829184756223743924
1 0 0 0 1 0 0 13828864595286500678 4604464101670940624 13831399212446669255 13826146507382617994 4606251704901486150 4602124031362535132 4597216319440214240 13814116188129364488 13830937859668855660 13831163774943628854 13826319088554344505 13821017756249034440 4595384851992459286 4593991689192721424 4606742888712386861 4584874175826352991 4594466827343713945 4609448163311562515 0 1 0 0 4604464101670940624 13826146507382617994 4584874175826352991 13813797100393318483 4603586756784212743 4600897581984208229 4604403483443049382 4606251704901486150 13830937859668855660 4602124031362535132 13826319088554344505
1 0 0 1 1 0 1 13814326827694293104 13821069731638472232 4604488466678577558 13831411242516137363 13817770282157136888 4600611855703443872 13812699728950422224 13820926747402778380 13825603496958321104 13826390664838199940 4607158562974124650 13827922554724990610 4576364199304300640 13815323494012303818 4606693713025794882 4597805817794531806 4597097353202177336 4606859484128519189 1 1 0 1 13818377486935979824 13821355108833567520 13811083554132948485 13820469390056953144 4594321813477750234 13818610062262505222 4606959679077222462 13817770282157136888 13825603496958321104 4600611855703443872 4607158562974124650
1 0 0 1 0 0 1 13825365657954226452 13829364619669457148 13823890871395758790 4602832502918246826 13819159294419804640 13825520195479530602 4598851868662637378 4602442954608778582 13820366425353665556 13825820977944002330 13826251590745041393 4599289343168166380 4594725660551353404 13815827474077325821 4603682091080686011 4596028881931259869 4589360731868311395 4590954112808724990 1 0 0 1 13825365657954226452 13823890871395758790 13819400918786035677 4589360731868311395 4598510901034716252 13826561652355109507 4605255531063044019 13819159294419804640 13820366425353665556 13825520195479530602 13826251590745041393
1 0 0 1 1 1 0 4605755266172292886 4600552595078087184 13830997255771864383 13826451553229372601 13824385125863809394 4587682693323502496 13819460961348668112 13811678041078430640 4605789530814799466 13831338228961907361 4605994007413785742 13831007591401635585 4594402963767335182 4590953721214673592 4580671567275174592 4599688421802336599 4596375799063277929 4607338655938522051 1 1 1 0 4603685486648829967 13828945804559154076 13816269751626523967 13819747835918053737 4605279163784593756 4598652362429610890 4603121093145288893 13824385125863809394 4605789530814799466 4587682693323502496 4605994007413785742
1 0 0 0 0 0 0 13813144442023214560 13826425774099463973 13825184625490736442 4600772873003246720 4607434520667411013 13805710123144222784 13823827351484053954 13822087183738610606 13819738307626707456 4604922269092875170 13825180930692417924 13826001529003752218 13810475767965060584 13810281062175012372 4606230733717588532 4597028321473335209 4601249218068193154 4589730611590565500 0 0 0 0 4607434520667411013 13805710123144222784 0 0 13805844166826907680 4606217155307050642 4601773854954409320 4607434520667411013 13819738307626707456 13805710123144222784 13825180930692417924
1 0 0 0 1 1 0 4605297541829674378 13826507901158244768 4604048466935405606 13830761196589878171 13827464459901948108 13822025714483512356 4602092518315184834 4553552929322858496 13824619034667661822 4577205277610242176 4600899780446464744 13824013407740583190 13818902532183800991 13808182288782353548 4601530750426353068 4595639733820631267 4593971216237288467 4607903604150446387 0 1 1 0 13826507901158244768 13830761196589878171 4595375659919891219 13817343253092064275 4605820207936178916 13819502810401996721 4602538140117055057 13827464459901948108 13824619034667661822 13822025714483512356 4600899780446464744
1 0 0 0 0 1 1 4600071131010468404 13830429307885512228 13830790251726731562 4606911375620069158 4586936723168866112 4602947116396235076 13824214305014102944 13823083107679030358 13821628865725782776 13815702553793255360 4607288846382867805 4603539559730167228 13819099748758225568 13807637234609613352 4604439506983621510 4600949715884235930 4589619749899361593 4607014413482093647 0 0 1 1 4586936723168866112 4602947116396235076 0 0 13826329099492537235 4596101489528817085 4605608862852805550 4586936723168866112 13821628865725782776 4602947116396235076 4607288846382867805
1 0 0 1 0 0 1 4599900723445808320 4592927077048175296 4598641255788767764 13818594042885751896 4603011481901876570 4604342162554094852 13809269825037758928 13824767436913348162 4594872585783799320 4577336250770061312 13826613745620784982 4607868390956205167 13808297760048641780 13813519176075461226 4591758089155626592 4600734580154589247 4590725891805913716 4603825268127544913 1 0 0 1 4599900723445808320 4598641255788767764 4593880137967116548 4590725891805913716 13823253880001498282 4599925827152796247 4606030736284640854 4603011481901876570 4594872585783799320 4604342162554094852 13826613745620784982
0 0 0 1 1 0 0 4602364039069230140 4607474924748289267 13805266530228326720 4603746639787652776 4599019286538227200 13820397882037820848 4594174837375060840 13820033256060065972 13822325238883630932 13823829432407384292 4604940222140006154 4607415444335025825 4592752147940099404 13814538905219556279 4605240327141739016 4600288302862530101 4594429227125187988 4607670564635173325 0 0 0 0 4599019286538227200 13820397882037820848 4594174837375060840 13820033256060065972 0 0 0 13822325238883630932 13823829432407384292 4604940222140006154 4607415444335025825
1 0 0 1 0 1 1 4607686409638733875 13830301213408121337 13827130413481638986 4602329199333864164 13828179645321694462 13826805510639439569 13810774571161367696 13800087627223246528 4607021370540856574 4602249863005498732 13822971970210464382 13830785695793835125 4592735036075475704 13819451273353606917 4603940259192849162 4599054024273268845 4593695590998046524 4607753725588810533 1 0 1 1 4607686409638733875 13827130413481638986 13801116272824306308 13811115547963751160 4601149027208698279 4605070335727484848 4602528054031104171 13828179645321694462 4607021370540856574 13826805510639439569 13822971970210464382
1 0 0 1 1 0 1 4604698369436789234 13826533131582537763 4607225314242775689 4604295196443266314 13822640895426150954 4603072786974061010 4595437767926917964 4594390056905091652 4607269922675749741 13822568287629206354 13826421309000819451 13831102370546587150 13795937597448500032 4576636943820430288 4606044135200819923 4597661619434213817 4600151744142788369 4608729510796109089 1 1 0 1 4590813519499274044 4605781703064400142 4592453641001692879 4596078017886998528 13828224124352300517 4588899682184246718 4604196080069942908 13822640895426150954 4607269922675749741 4603072786974061010 13826421309000819451
1 0 0 0 0 0 1 13827311570737018886 4600409639590100104 13828554780747757903 4598597567893869784 4604411029444406726 4607889046647232111 13816680575967883672 13818253995565698676 13821658623222293494 13831148990788336234 4604971637163776310 13828976262431314216 13802949508429017056 4595289041331263060 4604606276318235574 4594401901361548388 4599177101222591413 4601070979262479665 0 0 0 1 4604411029444406726 4607889046647232111 0 0 13829062700456366725 4600120701547707361 4601221474375854924 4604411029444406726 13821658623222293494 4607889046647232111 4604971637163776310
0 0 0 0 0 1 1 4599504567869252296 13827416651387341886 4576776411948395904 4600841414767197864 13831105529865898173 13821630752369609580 13823533977096407560 4596347355096852832 13827088368574992425 4607564924978264697 13818882152295137664 13827197793210360705 4582129576650088104 13811557060480977504 4604611423136215098 4600633626942699996 4598517631070219565 4611107328769647878 0 0 0 0 13831105529865898173 13821630752369609580 13823533977096407560 4596347355096852832 0 0 0 13827088368574992425 4607564924978264697 13818882152295137664 13827197793210360705
1 0 0 1 1 1 1 13828191523116817692 13829661498328930392 13826442601339729382 4598723644674643888 4606271796533595830 4602922215995684538 13824915349187530932 4598889274514901966 4606428691579426946 13830045886797501254 4587252588959733376 13828763381476594435 13819235856021068831 4593760209808234090 4600816755951169618 4597983736628075100 4598561931654607642 4593867990237184036 1 1 1 1 13828926510722874042 13817278722267927580 13821355773482850908 13821933968509383450 4598285068356618842 13826700835124368976 4605193003249745422 4606271796533595830 4606428691579426946 4602922215995684538 4587252588959733376
1 0 0 0 1 1 1 13830022152214239624 4604396556151731114 4572981730035026944 4605591003191647950 4601742644331813120 13827528463990782331 4594532657024093948 4601257666846074392 4607583044080965733 4606504735800991310 13828779904533259510 4591324978541296752 13818936677238647740 4580249311516127104 4603272916260153889 4595466758633218382 4596620055659061233 4603469460986706553 0 1 1 1 4604396556151731114 4605591003191647950 13812559672632059764 4596620055659061233 13828054794938105771 4602928028475744556 4601719573163499950 4601742644331813120 4607583044080965733 13827528463990782331 13828779904533259510
1 0 0 0 1 0 1 13825478157200217890 13823246097898879832 4607854801304056829 4602246037422203044 13826325061661536082 13824910159026886730 13824755779957010130 13823281330782243700 4604456790096663874 13826965429570559234 13822189859627126772 13819723124701083072 13811258817991509448 13804205982316385600 4606062098655299247 4592302264499305804 4598728698362712722 4610078894115576099 0 1 0 1 13823246097898879832 4602246037422203044 13815674301354081612 13821986183886014148 13825584197239630632 13821589765310522320 4605773091276113410 13826325061661536082 4604456790096663874 13824910159026886730 13822189859627126772
1 0 0 1 1 0 1 13830523607280985490 13830602450582350259 4606863493127412730 13829118970558079052 13827153150043162860 13828243609316186196 4602270592052838120 13817073628102055836 13829042908105607779 4607426395404234933 13827265624722719150 13830704432386342653 4596178879877265532 13807616549621623376 4607084771814998275 4594533919509566187 4595932051734026349 4600332980037226530 1 1 0 1 13830570741025119806 4589093296428670320 4594533919509566187 13816269241809298350 13814640238783505362 13829901146488582872 4600201781843594323 13827153150043162860 13829042908105607779 13828243609316186196 13827265624722719150
1 0 0 1 0 1 0 13804648758290270592 4603963105006664230 13821149564317969880 4594137801777806344 13826300529394632715 4602496816974759824 4600923511739827614 4599234511624484780 13830461043727847716 13827524787823586424 4606510681898102994 13828056745264079587 4590664822450538580 4589281188270985352 4600754172496750906 4600547643891986303 4598248739167947768 4608637604192776255 1 0 1 0 13804648758290270592 13821149564317969880 4600530492001933623 13817786207641721977 4599047400282024256 13815091885552702333 4606726657254633834 13826300529394632715 13830461043727847716 4602496816974759824 4606510681898102994
1 0 0 0 1 0 1 13831240716055531656 4594252030936344576 4604298924898594060 13831276852793077129 13827500848935486955 4607635375367048099 13823074615127595660 13795683819716099584 4607270598096791447 4602760883142055694 13829717567288617980 4606707186235189426 13808590309806825176 13819449652620378765 4605147164850646770 4585417284900291598 4601425370979491755 4609184203689165280 0 1 0 1 4594252030936344576 13831276852793077129 13808789321755067406 13805835587498004068 4605598119224111797 4591819127268518218 4603198202496849273 13827500848935486955 4607270598096791447 4607635375367048099 13829717567288617980
1 0 0 0 1 0 1 13822562087996383842 13830661023227574993 13819819597165848860 4603010091683826880 13828709321451019516 4605244555478345020 4602449628767937372 13803514412010952896 13814877488461043232 4607342944469101481 4587306410998514432 13826724449224557307 4590949692911536080 13813101351296744704 4592469533781191392 4592335696756995414 4591697736673402730 4593281048194687476 0 1 0 1 13830661023227574993 4603010091683826880 13815707733611771222 4591697736673402730 13826685520607906935 13828176402340055678 4600238903511910859 13828709321451019516 13814877488461043232 4605244555478345020 4587306410998514432
1 0 0 0 0 0 1 4603377922848364712 4607645303856833153 4601409713094631012 4606348200748368610 4606686201586394506 13813529630521097456 13824193098971851224 13815709852097719456 4607774154107891607 4604122139515188628 4604816400942357748 13828758315039326260 4593079016522130588 13815214737813064826 4605687014770164207 4602213261519374842 4600630896602380941 4601893373615508786 0 0 0 1 4606686201586394506 13813529630521097456 0 0 13805769073075181257 4604808738623111592 4604264694285003284 4606686201586394506 4607774154107891607 13813529630521097456 4604816400942357748
1 0 0 1 0 1 0 4604167037493349952 13831159084435993551 13822804436230671152 13830675821313848466 4595570919300662944 13830652970757811866 13825868737221568496 4602612340303864282 4605076920200845606 13800133486972715648 4606328548623315170 4607473129239360367 4592294062643894652 4591976327141808844 4601504214600105918 4599242175340792177 4595425332913786591 4591715800065587044 1 0 1 0 4604167037493349952 13822804436230671152 13822614212195567985 13818797369768562399 4601037908440072635 4602394887636287743 4605142301922069072 4595570919300662944 4605076920200845606 13830652970757811866 4606328548623315170
1 0 0 0 0 0 1 13823459943668736838 13823820715966405500 4599693180659980156 4605777727506682102 13822128754462632238 4606861268525963334 4600813215758458264 4600571007690582194 13830582426836624116 13822304260153355668 13828092188271201158 13811372484921614656 13815613264485965399 4594570322303619134 4584472932497172320 4599872483080960391 4587926144645926072 4608071531344527078 0 0 0 1 13822128754462632238 4606861268525963334 0 0 13828098325178363984 13816750422624573268 4604260174780593818 13822128754462632238 13830582426836624116 4606861268525963334 13828092188271201158
1 0 0 1 1 1 1 13826179910100099830 13825164183744366948 4604240500811754698 4602178111733622304 13826059436461068852 13828075142119005166 4600764183142335458 4598241103911294534 13825701127951541408 4607732651891741947 13821618306243367914 13829916550769306443 13818399079244637138 4589978629900362940 4606279864682316571 4578344464181577822 4601109126949966136 4609296339290510553 1 1 1 1 13825736573958571944 4603334483132444653 4578344464181577822 4598291039772424194 13825665099711145039 13822018271935422739 4605682590578132643 13826059436461068852 13825701127951541408 13828075142119005166 13821618306243367914
1 0 0 1 1 0 0 4599652985499499492 13827025092027319800 13812866930253443392 13824711997909371824 13823102416139170126 13831133698811007851 13820372618328434708 13818692831358632184 4598648832106447916 4603818527024478998 4599086251258298552 4600313754113469436 4557044382150746112 4589442655973528820 4605094139455751448 4594562175038076266 4595846534000339029 4609085793909662870 1 1 0 0 13817514362818252812 13821416016465876992 13817934211892852074 13818872010171114070 4599212831528800004 13817273644098477613 4606663620693032726 13823102416139170126 4598648832106447916 13831133698811007851 4599086251258298552
1 0 0 0 1 1 0 4605658665457351198 4607318992483830589 13829318647072097594 13829377412973430596 4604463892844554882 4600691671455225544 4592223515145583056 13824817921665441258 4593670994698305776 13828587520710604339 4606108531013840378 4604452027289276098 4592312051336342988 13813406804243324734 4597616530006148972 4599894249187047478 4593689744613424788 4599251560561742395 0 1 1 0 4607318992483830589 13829377412973430596 4599894249187047478 13817061781468200596 4604603828486438347 4603210598992816040 4601273614212961684 4604463892844554882 4593670994698305776 4600691671455225544 4606108531013840378
1 0 0 1 1 1 1 4604360176712052646 4602978602581264488 4602466272688418672 13830954573531742903 13830919183994034185 4607483397662633989 4600842247828100850 13819289323567659760 13826433205824366907 4606307576943150678 4606956447680779994 13827069992130841099 13813124988034706878 4589457047500071872 4581832760302825088 4598300636978804021 4581550840027342114 4600516261368781226 1 1 1 1 4603669389646658567 13822453765396065718 4598300636978804021 13804922876882117922 4600132671253625017 4603465945070911184 4604709863050189596 13830919183994034185 13826433205824366907 4607483397662633989 4606956447680779994
1 0 0 1 0 1 1 13825369328554325384 4603567678815268620 4608047182946858179 4605853817089669254 4606202123758278178 13831425440670299352 13825934238690725604 4584993523360970736 4606714640767299206 13822238289298127710 13831020887165879361 13827671198871901824 13811400504189813256 4577763681115026224 4602350388692111034 4602623754935712163 4595203582488060806 4604768413406737811 1 0 1 1 13825369328554325384 4608047182946858179 13825995791790487971 4595203582488060806 13829877251401498275 13817972877800298255 4599963233518139850 4606202123758278178 4606714640767299206 13831425440670299352 13831020887165879361
1 0 0 0 0 1 0 4599568657621079336 4594196532214368624 13829205160442548824 4587346726263011712 13831163438479775545 13822557117399767158 4597049127443556684 13819439441534125748 13831279309673378411 13823337129137211320 13820170962695843076 4595404648891384976 13807109125506281128 13809863472145182888 4604752707985632595 4597630580957207220 4598937507857544112 4610286947928574532 0 0 1 0 13831163438479775545 13822557117399767158 0 0 4598339860820629697 13829328492520002848 4601452078664976461 13831163438479775545 13831279309673378411 13822557117399767158 13820170962695843076
1 0 0 1 1 0 1 4605299220533843992 4603094164136661618 4608027760350645441 13831044627583123606 13829899124083070116 4594571767457107752 13818911399712087076 13822535538751950344 13824705991178209956 4601756374997323592 13829579389537885428 13831275110039628328 13812601683531559742 4594178946591837960 4598714671213123068 4601168008617262201 4601080124978169961 4609841590132572257 1 1 0 1 4604196692335252805 4585843534992556720 4596305660170164495 4593687614395661254 4591833038463791631 4604164547654434966 4604842650296483800 13829899124083070116 13824705991178209956 4594571767457107752 13829579389537885428
1 0 0 0 1 1 1 13827407661149210832 4607139647177933930 13828909338835549807 13828123444138850494 4607081388218757430 4606116816711713242 4602094448522434628 4594852320248515512 4602829989897614044 4607547450243323381 13830670988087253095 4603341518671100164 4576198780306586272 4572110335228669088 4600384314369447600 4602222546103428210 4588433485089763552 4611668243520109087 0 1 1 1 4607139647177933930 13828123444138850494 4598154305828491376 4588433485089763552 4604214259637603953 4603749332555273767 4601044244234835562 4607081388218757430 4602829989897614044 4606116816711713242 13830670988087253095
1 0 0 1 0 0 0 4596282309201851272 13827074765171044886 13830025335277528646 4607962064053154011 13825596328296915776 13814721351992563472 4577788512960431296 4601029867130884622 13830715056696087373 13826572574994724610 4605566469087078182 13826966545511738565 4577734908916496992 13814038198269097303 4606073713179671756 4596040519417164478 4593615715264737759 4611228094886309983 1 0 0 0 4596282309201851272 13830025335277528646 4587376963947000879 4593615715264737759 4604989285158472773 4593381111974085577 4603964083827705420 13825596328296915776 13830715056696087373 13814721351992563472 4605566469087078182
1 0 0 0 1 1 0 4605129091748844322 13821697969273689772 13831415980837258242 4597457563542478264 4605295267432278150 4605396302610772254 13823152277517664976 13824210727888059222 4606692780676291634 13816456558497163872 4606120854196180918 13822066017342118228 4594459985917641664 4594191468362909560 4606544562091033745 4600438138026305247 4602437962264682761 4607643002700853878 0 1 1 0 13821697969273689772 4597457563542478264 13823416415918164754 13824080514341185929 13814559704793650870 13824116608253270648 4606418889295801784 4605295267432278150 4606692780676291634 4605396302610772254 4606120854196180918
1 0 0 0 0 1 0 13804864540600371712 13830660942242877396 13822836415053208890 4602272483970896024 13815079568851454112 13820243686967552292 4598824681395752462 4598265701312315286 4598204123209206864 4601965281489946768 4602948789312432588 13821323051559874296 4580623030672822592 4582830012040935888 4607137336519199899 4596875275320925197 4600727105121449565 4604751663377265427 0 0 1 0 13815079568851454112 13820243686967552292 0 0 4597686808178262927 13816068391372677298 4606869242194473026 13815079568851454112 4598204123209206864 13820243686967552292 4602948789312432588
1 0 0 1 1 1 0 13825575095882483230 4602383005862755352 4602308227808483184 13824090941464078284 4605555597175794554 13820636940980237660 13821971290818937684 13816557806367387656 4594774059273793480 4607747623816695649 4605515732228856154 13830930338380418295 13806861420979587624 4591259121471317576 4602687248029190437 4597745809008859415 4596705784724549373 4610561740889548188 1 1 1 0 4572408320875216704 4586518113832517264 13818250459681575858 13818633673378813683 4586990371005742863 4584790682700071666 4607167644539385377 4605555597175794554 4594774059273793480 13820636940980237660 4605515732228856154
0 0 0 0 0 1 1 4606503588102281282 13825501429006720716 4605814259308617882 4590342919827378224 13821751661562386192 13828200738393010094 4596918659174155640 4596449113816734164 4606885370799866210 4605584972843970614 4601416175050275464 13830920760587203227 13816666789205139127 13808078570787631200 4606529065254646022 4588477021779740464 4597052193064048202 4610707589437261697 0 0 0 0 13821751661562386192 13828200738393010094 4596918659174155640 4596449113816734164 0 0 0 4606885370799866210 4605584972843970614 4601416175050275464 13830920760587203227
1 0 0 1 1 1 0 13826792630503102409 4607524461610186257 4604549295526353426 4595660078254066696 4603846429929338270 13815621136102867872 13811043647195108928 13820511818834128596 13805762044582057344 4606807160815258078 13830555052464588347 4607006112556477802 4579005886118110768 13809950726636075340 4603717202146948694 4601277326773172987 4599072482711378036 4609685457614973833 1 1 1 0 4598059841834592434 4601668710389865748 4563803236713732096 4586272187751855684 13825497220882490005 4596519581011195053 4605913831278694784 4603846429929338270 13805762044582057344 13815621136102867872 13830555052464588347
1 0 0 1 1 1 1 4605683606922764530 13830876014837989787 4580624962159947520 13819151488870886904 13828320640522469654 4607834252468543883 4592133180986666752 4594173508242551672 13829152195682863476 4603739502232983170 13830004977712889412 4593037372327266080 4591346972701882200 4589841910255751716 4606577681847228040 4589976167985313823 4601808308157582317 4599021796032211768 1 1 1 1 13816604178492524816 13814026921649575960 4589976167985313823 4597322834951663866 4594729668709825883 13820017680402564124 4606875892766055446 13828320640522469654 13829152195682863476 4607834252468543883 13830004977712889412
1 0 0 1 1 1 0 13829782188876829291 4606341216796537850 4606468648316721426 13814652837435858992 13828631295011251888 13822874824145247070 4602296530520111018 13804382711933206784 13830810270070776952 4606845413491427750 4607946779690694101 4607379439934377167 13808021569717011288 4580955459693196712 4597522381518945500 4600100702148406054 4594759946782697296 4610725750654053958 1 1 1 0 13794342168247089280 4601138001199611148 4599748807541030360 13818131983637473104 13823993789002440009 4582934853908235146 4606481953639927881 13828631295011251888 13830810270070776952 13822874824145247070 4607946779690694101
1 0 0 1 0 1 1 13823715829036054236 13830649336168938898 13824186982347946318 13827541042124213580 4594925694496549552 13830395627079625224 13820939880550469736 4594501803025782552 4593816839651053712 13817153485350533472 4605572987925071466 13821927261571898460 13807358608677997776 4589234637399849196 4604956422318623554 4593828262577445031 4589583248853486075 4609827699502572310 1 0 1 1 13823715829036054236 13824186982347946318 13817200299432220839 4580457133973122940 4601668411763252045 13822449407522293266 4605780279253682832 4594925694496549552 4593816839651053712 13830395627079625224 4605572987925071466
0 0 0 1 1 1 0 13830868617727657662 13831043953842656328 4591811737854515168 13820064507275681432 4605355454361799570 13827383905218762069 13809340940037931488 4601087812386157306 13831360471651413065 13824301957479381156 4599970974210590404 13830609575794899910 4580906168492010920 4595669941471341998 4598681246391853832 4587192471723583023 4598463436787351236 4611561122622357018 0 0 0 0 4605355454361799570 13827383905218762069 13809340940037931488 4601087812386157306 0 0 0 13831360471651413065 13824301957479381156 4599970974210590404 13830609575794899910
1 0 0 1 1 1 1 4604540924779403812 4600261085866613780 13828729983270097274 13821754108095710340 4598520765560492584 4603335766139596610 13819772979719044996 4599302926984306730 4605343798787784244 4607309410056985949 4607810035855895857 4605230095076287324 13814676570359577338 4581316634550515136 4597824892167350728 4599295567904350443 4594852890070072087 4598400583252774972 1 1 1 1 4603005438649517079 13826316232665831902 13822667604759126251 13818224926924847895 4602876237468844028 4602691815802828637 4604390557600697699 4598520765560492584 4605343798787784244 4603335766139596610 4607810035855895857
1 0 0 0 0 0 1 4606994469540083254 4607182718135342981 4599847543645777432 4606578720824955774 13828590353077821974 13825303782644440486 4599463830715810120 13817534801820950980 13824033748311589078 4607710911832734919 13827589433974993241 13831132934941862968 13818935661304472124 4589504832846887376 4606916073940715269 4601309895464283713 4601096526754159466 4598109491540411434 0 0 0 1 13828590353077821974 13825303782644440486 0 0 4602695225527909415 13825898727792061728 4604585844603880506 13828590353077821974 13824033748311589078 13825303782644440486 13827589433974993241
1 0 0 1 1 1 0 13817075328558378536 4607369969542012595 4600821051146159136 13826917961591356649 4607066118185198686 4607458084528018213 13819302198115758952 4589761410289711216 13823233864077095666 4598220745202869416 13828003692112015500 13825744783361035328 13784019724595780864 13814443481585052183 4603635346972246147 4595498569336436344 4599166967270917897 4608796241709743301 1 1 1 0 4601920102803370460 13815220415826652004 4567702808879862848 4593935864349940388 4577368975285294328 4601647572363928112 4606250877583838565 4607066118185198686 13823233864077095666 4607458084528018213 13828003692112015500
0 0 0 0 1 1 0 4601245596431365104 4607318050688060653 13809750271942293312 13824382027649355660 13822436256846171512 13818076327467744168 13823337096710209852 4598957876313021266 13823814840611510350 4601654655434661016 4607640517437069283 13829648043480596366 13816600172834188599 4594042831171960022 4602165347502865718 4593048786995243962 4589452663203647644 4611102318914446891 0 0 0 0 13822436256846171512 13818076327467744168 13823337096710209852 4598957876313021266 0 0 0 13823814840611510350 4601654655434661016 4607640517437069283 13829648043480596366
1 0 0 1 0 0 0 4603157501884097378 13826999706619453598 4602796311018795714 4604277684467778536 4606597184553455506 4585887495038082208 4588209914822291920 4602635526487034896 4599134417010826108 13830732381054866977 13830594338381775568 4607129879845666046 4595335343016706452 13819344639500793016 4595854526258089880 4595108467201346804 4586377362164394408 4601936204563369571 1 0 0 0 4603157501884097378 4602796311018795714 4595108467201346804 4586377362164394408 13827362996325617931 4598799113990515436 4604557539551874819 4606597184553455506 4599134417010826108 4585887495038082208 13830594338381775568
0 0 0 1 1 0 0 4581202421054639040 4599916733721075508 13817848870941184712 4607635302319585309 4603270672933944510 4601956161229758068 13813067063411182152 4601110780277244308 13825570206539551390 13829275200850170794 4608050092051024439 4606808985284370138 13819633939902503484 13798331880145636288 4603325302781698807 4593264653222069967 4593747070704694986 4610132817396144990 0 0 0 0 4603270672933944510 4601956161229758068 13813067063411182152 4601110780277244308 0 0 0 13825570206539551390 13829275200850170794 4608050092051024439 4606808985284370138
1 0 0 1 1 1 0 4580634157721573568 4607519270332292095 4603695926558848304 4606359072929512534 4588443914178559872 13831167578094951107 13807127037295500960 13804639673761313696 4606442855546691586 4595664321794808944 4604050103971690070 13804441960088175872 4595969205643661406 13803150919299585376 4594493350343354376 4588390570339520160 4595129730999868108 4588162545667789776 1 1 1 0 4603093435334814562 4605027499744180419 13811762607194295968 4595129730999868108 13827854359528822164 4598163108651913612 4604199596079271824 4588443914178559872 4606442855546691586 13831167578094951107 4604050103971690070
1 0 0 0 1 1 1 13830598121835621424 13826168732918551773 13810733548881525664 4603205790432546836 13815456172438558768 4597695736767813728 4581789984476916544 13820828132648269996 4603722640222798184 13827607013473353876 4595350177611431352 13828319760092376230 13813666194825441908 4581103095934237592 4597490507348067788 4600928204851858242 4596973101612922127 4606722074012023714 0 1 1 1 13826168732918551773 4603205790432546836 13824300241706634050 4592132821033545106 13826175179142852539 13823555850474204499 4605183058213492180 13815456172438558768 4603722640222798184 4597695736767813728 4595350177611431352
1 0 0 1 0 0 0 4607892527183192843 4599860495099567056 13826845028972539985 13827220248651608076 4584442867338086464 13830932798476384413 4601482761076345894 13823600759627107764 13830360942368195834 4605524353441720302 13812056759572123168 4605026555094484060 13796314059867944000 4588507937284855112 4603977351976909375 4600020936548109911 4597709776621285233 4611233411822601228 1 0 0 0 4607892527183192843 13826845028972539985 4600020936548109911 13821081813476061041 4603598180661563062 4604777595511615830 4599374167680074498 4584442867338086464 13830360942368195834 13830932798476384413 13812056759572123168
1 0 0 0 1 1 0 13828236567082935084 4598843234332466044 13821744959930220176 13829394487143233938 4592198369726442992 13826937861041713649 13820175332276424280 13818107484637582388 4596235758689292360 4603563087430264284 4607844658873421167 13826758949591458257 13790787017447992640 4591558498914470888 4601817098038031126 4599602231781560798 4599934331297300750 4597623650376507114 0 1 1 0 4598843234332466044 13829394487143233938 4577082566443918560 13823306368152076558 4605589269382284124 4595006001972040104 4603077400340277111 4592198369726442992 4596235758689292360 13826937861041713649 4607844658873421167
0 0 0 1 0 0 0 4596949639214226184 4603511946331203388 13817854116787906152 4589241418298922704 4599496222748708356 13831397845474300174 4585754153570520064 4600681297891787166 4607479311355679753 13829818987020048031 13819012445967584592 13808837567960508416 4595124445752622774 13803627552186305576 4598442896822346526 4592664727506481383 4595830003791474139 4604667854149486700 0 0 0 0 4599496222748708356 13831397845474300174 4585754153570520064 4600681297891787166 0 0 0 4607479311355679753 13829818987020048031 13819012445967584592 13808837567960508416
1 0 0 0 1 0 1 13830938588677224394 13831351741038602421 4606065057538719530 4599376803929087216 13826069189421199591 13830364081478161586 4585888530751873392 4602103572143745212 4606383103762517154 4594329553336872288 13828963731574953158 4604692633696786222 4589308850399018104 4586124607111090144 4601296057071407376 4600584196299323763 4589438058325522711 4605722815927458475 0 1 0 1 13831351741038602421 4599376803929087216 13823956233154099571 4589438058325522711 13821940946322552413 13829749465975497617 4599277879013331469 13826069189421199591 4606383103762517154 13830364081478161586 13828963731574953158
1 0 0 0 1 0 1 13829957943175463856 4605075034494646744 4604004236560861322 4607371249225477249 13828213381666129744 4603935781536202532 4599738174068106958 4601455561188041194 13825513780523014784 4607781738769017063 4600573468163211736 13817631620145636672 4595002621437523650 13813726965607832189 4605413734238690393 4596293837328261963 4598743290989304403 4599872335169969658 0 1 0 1 4605075034494646744 4607371249225477249 4596293837328261963 4598743290989304403 13829658170726217907 4598067609062698023 4600119112357174634 13828213381666129744 13825513780523014784 4603935781536202532 4600573468163211736
1 0 0 1 0 1 0 4602920616849434294 4591085546964282704 13817943641390419792 13831294210831035713 13831243150281512638 13830315184443917964 4599533247729597796 13808739967317954304 4606977028915249402 4584796607822182592 4607995757387660549 4605246229618137436 13809467103477119400 4586152877481164424 4599770221779165766 4598921518669228462 4585307180757682989 4600750986248205728 1 0 1 0 4602920616849434294 13817943641390419792 13821886901228830543 13808679217612458797 4596027487679939387 4602932153158223133 4605629107974310007 13831243150281512638 4606977028915249402 13830315184443917964 4607995757387660549
1 0 0 1 0 1 1 13823705549323169388 13824847645189687054 13830169549502226254 13826682134636566809 13819215918185497968 13828436614747209326 13814355121527731288 4602286005797240426 4603260057480049034 13823713993546515694 13810070468726515200 13811228390639552640 4589847648483829172 4592846784168373364 4598635246969353462 4602196730658821133 4602016605719811583 4608498704659860889 1 0 1 1 13823705549323169388 13830169549502226254 13822196895362138236 13816960892520614288 4606079882496885383 13819924241734012029 4601478810362250645 13819215918185497968 4603260057480049034 13828436614747209326 13810070468726515200
1 0 0 1 1 1 1 4605973123861721102 4589819749858987360 13820268977605982136 4605498016713431582 13827910482667781436 13826006736802609208 4599973255965564064 4600964102834211208 13822689332323328724 4596096262824348560 13813703928419563888 13829590356134429424 13813848966684799988 4594408955335418994 4600349607269085052 4600230229984311962 4593162286651263907 4606127023533299352 1 1 1 1 4602113940383828410 4599062186970893360 4600230229984311962 4593162286651263907 13818058448406107686 4602822361432597209 4605766689795630629 13827910482667781436 13822689332323328724 13826006736802609208 13813703928419563888
1 0 0 0 0 1 0 4596415029954125080 13811158830147571104 4605551416454582258 4582088877535445760 13818496179780085704 4607441946159651271 4599139547856708216 13818991425585386616 13828530049072279627 13830607955867560409 13810367224654477984 4595436299943855984 13816096476157380048 4577488665662537648 4607106222310803999 4590775297075495598 4600531636478487879 4603308442990577329 0 0 1 0 13818496179780085704 4607441946159651271 0 0 13829345194501984967 13806737516306142909 4602674680535848323 13818496179780085704 13828530049072279627 4607441946159651271 13810367224654477984
1 0 0 0 1 0 1 4607770513392783359 13824331988405873874 13828429267277466408 13829182722604948150 4591358078346006176 13830665179704576375 13825871373259603856 4599264542862622186 4599932284394315492 13827194907621556001 4607137096204352062 4607691638733064529 4589631403946465704 4592997556928230584 4605316409458688962 4598427903067576848 4595091610093770896 4603231442062097400 0 1 0 1 13824331988405873874 13829182722604948150 13821799939922352656 13814800613373659380 4605571118286718959 13821732460748881703 4602750599260570888 4591358078346006176 4599932284394315492 13830665179704576375 4607137096204352062
1 0 0 0 0 0 1 13831100474374975881 13811908825153646688 4603091946716187810 4596769803345635584 13828156834587825144 4605343129696242938 13825279067994802018 4599660357834179126 4603453036923748454 4607264175336215201 13810377697847311264 13831339949709805068 13809810959668478976 13815522406082361799 4606555035003039631 4601061325696842822 4598676383261378306 4609196646603310663 0 0 0 1 13828156834587825144 4605343129696242938 0 0 13828601081183579986 13824176511003201086 4602309627088413880 13828156834587825144 4603453036923748454 4605343129696242938 13810377697847311264
1 0 0 1 0 0 1 13827758864558529026 13830900765771808463 13824144200042732264 4604434827027926618 13823044938489830642 4606585331252224702 13818911355610408844 4601297138570127832 13829854844885858160 13830992310622203499 13828473013998877202 13823309956259590284 13810381637796658872 4591385945180326408 4601223109134024480 4601894492574948734 4598062206119288140 4607467160095718897 1 0 0 1 13827758864558529026 13824144200042732264 13800619319758929192 4598062206119288140 4602108931680402938 13826313263710814702 4604548425589644718 13823044938489830642 13829854844885858160 4606585331252224702 13828473013998877202
1 0 0 0 1 1 0 13828946578411474130 13828093256929351968 13831125320285554499 4602783977580761368 4597134739745949632 13828996746463390812 13819180363360146692 13825335406997965390 4590780668774749024 13829517077521537114 13830438769162727692 13829767229601083402 13785898905046537856 13819441059541504127 4602217295421505614 4594975600349845911 4598538192829097591 4602392042538478158 0 1 1 0 13828093256929351968 4602783977580761368 13818347637204621719 4598538192829097591 13827371980255777048 13826106816751743489 4603314542440215189 4597134739745949632 4590780668774749024 13828996746463390812 13830438769162727692
0 0 0 0 0 1 0 13822772823111746100 13818116932038413824 4592523587730561408 13827279353115336228 13831289318767478329 13830946762231071850 4598207194008443524 13809058642440223328 13828702014654611260 13826463795585964560 13824094081269831728 13824549976660343134 4591480138471696596 4595460712446838348 4605353907177746693 4595742628589705410 4599571058932437675 4593843861593901456 0 0 0 0 13831289318767478329 13830946762231071850 4598207194008443524 13809058642440223328 0 0 0 13828702014654611260 13826463795585964560 13824094081269831728 13824549976660343134
1 0 0 0 0 0 1 13829608762978821115 4603933410619302940 13821967706945476476 13818270692656537840 13818621002444700032 4605825555244286762 13823602198127577726 4590878358758046344 4605725540423015962 4607293338052567763 4600645153112531476 4602701413739338650 13808316074080819156 4594461166231329304 4605323900220878604 4597524363703603860 4581738139989928435 4608759060565861344 0 0 0 1 13818621002444700032 4605825555244286762 0 0 13827366670106147947 13815470950150751155 4604987006573719112 13818621002444700032 4605725540423015962 4605825555244286762 4600645153112531476
1 0 0 0 0 0 0 4593933615745893936 4604385045423423494 13822491115915652724 4602689031567524276 4594137575414731272 13823225171333049924 13826013973058626384 4599789526563704288 13824837916491174358 4600966029972706988 13821466565226587900 13830471254316366187 4592032109531843260 4588852573501773424 4604798355437980779 4598030794744225467 4589719199601705720 4605914469011474676 0 0 0 0 4594137575414731272 13823225171333049924 0 0 4600744027457347769 4584889743158859884 4606453960210339911 4594137575414731272 13824837916491174358 13823225171333049924 13821466565226587900
1 0 0 0 1 1 1 13816551871086698576 4607753474865569801 4600003748878558280 4589374347156685792 13823256005063073012 13830173172299741865 4585944303354116384 4598994943300586456 13831229244131817405 13831448415501678977 4606889634122620306 13822634601682470526 13809890213023301580 13814323030458622119 4604625115447609684 4592857044468260581 4600239361384372699 4609365363804127367 0 1 1 1 4607753474865569801 4589374347156685792 4592857044468260581 4593684189842123800 13818016990314154387 4606375386426328665 4600603315736102827 13823256005063073012 13831229244131817405 13830173172299741865 4606889634122620306
1 0 0 0 0 0 1 13829474273368638400 13819407111682069472 4607107727918373786 4606900360525144970 13816629691227769040 13830608908068233405 13810039457530933248 13825754065676050104 13821736344197223406 4573459517271171584 13824886384773180032 4597971097903094400 4582731834989357632 4596302357981504048 4595562064117553208 4597015258901143706 4598993374479089453 4607356951830411139 0 0 0 1 13816629691227769040 13830608908068233405 0 0 4606602844290900106 13810821467909106728 4599963603572421844 13816629691227769040 13821736344197223406 13830608908068233405 13824886384773180032
1 0 0 1 1 0 0 13825986387399201612 4590351547885568736 4595241314126382352 4602907563795668948 4590435169545720160 13830055267327025474 13819125571701077516 4598380834488494074 4598546547037373356 4603961782975170778 4604732291460884998 13826635278331601921 4589356838608248292 4591049412180215772 4604739011908800420 4590242312797589146 4601504303851023683 4604721362294740589 1 1 0 0 13820061005966230164 4599922287627260184 13813614349652364954 4593267645437839235 13821646463950979768 13821754073496356978 4606558904505172560 4590435169545720160 4598546547037373356 13830055267327025474 4604732291460884998
1 0 0 1 0 0 1 13829133293050226134 13802864784485480320 13831099848561285185 13831242422162014979 13819472151803772256 4604208189881788650 4593106009371699136 4602493320282340628 13830800853941307663 4595934121254073504 4594768573905327744 13831006014265211575 13817858877565062541 4595102432898948150 4604599118701981502 4598926846600349668 4601047612032437661 4604010768615960299 1 0 0 1 13829133293050226134 13831099848561285185 4593872829773325073 4589470720171878084 4606819129517802972 13819023434534784229 4596950382300174429 13819472151803772256 13830800853941307663 4604208189881788650 4594768573905327744
1 0 0 1 0 1 1 13827347255472044793 13825137124601419890 13824069432665033106 13830981099177417751 4597542110178996648 4598197646775839512 4594621164490587920 4591396184458018024 13827174820806095378 13821721479142678986 4604684648126643698 4605940425151567222 13779770661958081536 13817546031835901624 4605108902095869602 4599226158565934519 4589964980853215371 4601531559901900776 1 0 1 1 13827347255472044793 13824069432665033106 4592696092060733059 13813337017707991179 4598118867021517034 13826782192568574068 4605155028149458429 4597542110178996648 13827174820806095378 4598197646775839512 4604684648126643698
1 0 0 1 1 1 1 4603152701728629488 13827729628071219657 13826448274272638791 4601647888064740872 4607764085677213303 4600965632862551372 4593773969089834060 4589883658384874640 13825213726622992102 4605995882667065670 4607978432538351169 13824912467560807630 4594568305295976270 4595397120336346528 4605449499253471395 4601551145529373107 4601448392225141568 4606212470109470299 1 1 1 1 13812856015469198180 13810835928283922968 4594389587510790403 13813356257737529932 4597155955128506439 13820096245627313287 4606752701428390828 4607764085677213303 13825213726622992102 4600965632862551372 4607978432538351169
1 0 0 1 0 1 1 13829704662121721362 13824381614999248832 4602991781042784794 4603844676759108682 13824879688116060900 4597069971779687712 4595938027587595028 4601095331805119758 13826338827028720615 13811600149005254752 4603460712953585106 13826192075601841634 4595579882710107870 13811089610019257120 4603239508929811921 4583131496221705094 4599272003733913236 4606291135179710230 1 0 1 1 13829704662121721362 4602991781042784794 4579729952030665976 4597060333335560736 13826537394312448720 13828173402666552544 4600692260254745199 13824879688116060900 13826338827028720615 4597069971779687712 4603460712953585106
1 0 0 1 0 1 1 4606090865226709170 13822767488863846496 4601696266627289228 4599219652162687544 4606275195542954122 13830565083634697975 4602265110919354824 4597114879121234228 13821572504884818444 4602003198935802244 13825521779249053654 13821808656418670590 4591362498763007736 13817996592630536533 4607136347302391677 4601539459085379113 4601861604777663777 4608679145664894233 1 0 1 1 4606090865226709170 4601696266627289228 4601539459085379113 4597137586719867815 13826610083599041737 4603445349364226059 4603440497397317701 4606275195542954122 13821572504884818444 13830565083634697975 13825521779249053654
1 0 0 1 0 1 0 4594930309311991600 4607443017453263065 13822312611819995120 4582830244281636608 4605239511413361184 13831119519649690711 13821722623900581130 4596270476449590676 4589417251536555216 13826624134613036049 4607820669262164423 4598373508097595864 4595488328378175090 13812173508136789984 4601581149585835960 4585339590592510821 4596856771172581795 4607755069426041491 1 0 1 0 4594930309311991600 13822312611819995120 13808711627447286629 13820228808027357603 4597470474434620656 13803213326012776728 4606938953921226782 4605239511413361184 4589417251536555216 13831119519649690711 4607820669262164423
1 0 0 0 1 1 1 13826653278180750043 13823165003852009916 4592579902837364416 4594048294375700144 4606868149355276222 4604377287421119680 4596015641341527604 13819897356316716964 4599287697094399924 13826073665226685908 4598214048994609216 13830093006480983038 13817496790221327855 13819279562145359485 4598490358401361056 4599406738140643508 4599852451798807487 4601890469463693086 0 1 1 1 13823165003852009916 4594048294375700144 13822778774995419316 13817883394325637437 13822753349502374241 13819403362784592394 4606543936912895782 4606868149355276222 4599287697094399924 4604377287421119680 4598214048994609216
1 0 0 1 1 1 0 4607558073751272991 4596060139492736856 13826339476211619708 13830969303462607455 4605267200519334210 4574956785451165184 4600971649793449572 4595498977781199472 4604645303307972578 13828490714619426562 4607738691760642763 13828956631611170138 13810871791546889836 4594274097757998358 4604801801769426328 4594825446083811417 4601209923237839629 4604880219621660312 1 1 1 0 4603915989024177674 13828861813741020701 4594825446083811417 13820262515085744381 4605521677422616081 4600292325222895039 4601721653554407796 4605267200519334210 4604645303307972578 4574956785451165184 4607738691760642763
0 0 0 1 1 1 0 13825715294039482822 13827688064356765977 4590923562489224960 4602079256195008792 4604219016366503246 4605381660789425670 13821592890127211314 4601171516823930916 13825775008424450422 4599412606303521868 13814100917513649856 4606709906920388382 13817961044247558162 13817232881272237896 4594244202787702700 4589609785545534639 4601474841044685487 4609109419035406340 0 0 0 0 4604219016366503246 4605381660789425670 13821592890127211314 4601171516823930916 0 0 0 13825775008424450422 4599412606303521868 13814100917513649856 4606709906920388382
1 0 0 0 0 1 0 4599305360620878296 13828967383005679742 13828835465785124376 4607858172253197037 13803736245184205120 13830039818767223534 13821987284644323024 13815199998904783680 13826088278802109013 13810211073050396864 4608048687784427913 13828682566752135852 13816499896091880160 4585596919322665032 4605061477836239637 4586922471177994170 4585848403675343143 4600710344954372795 0 0 1 0 13803736245184205120 13830039818767223534 0 0 4605658605308171437 4588257634616280908 4603162452092166065 13803736245184205120 13826088278802109013 13830039818767223534 4608048687784427913
1 0 0 0 1 1 1 13831098006587585788 4605674482039294010 4604296751286337652 13829380164349699130 13831047436984139469 4603844570008646198 13826014553565475370 13801238464875531392 13830799885507270414 4603249034771970704 4607687007247628777 13831121270627717521 13812875656184450154 13819136782239735258 4600826173751788710 4595469154258254254 4594378037229368941 4602999557055771823 0 1 1 1 4605674482039294010 13829380164349699130 4595469154258254254 13817750074084144749 4603884507990478172 4603631238974247504 4602335456447938650 13831047436984139469 13830799885507270414 4603844570008646198 4607687007247628777
0 0 0 0 0 1 1 4601218332980291760 13830893956507235236 4593578798488050992 4603205215420666850 13802400528928708864 4599760592333588852 13820198663562159220 4598448671811297668 4592983003443353328 4600402943727552256 13821813811095628088 13822718765131634076 4593012400050633180 4583027179658090600 4606626450025605401 4590189453965598172 4585982520378196241 4611624264416828128 0 0 0 0 13802400528928708864 4599760592333588852 13820198663562159220 4598448671811297668 0 0 0 4592983003443353328 4600402943727552256 13821813811095628088 13822718765131634076
1 0 0 1 0 1 1 13767856657322573824 4607267766469398127 4603295652468486122 13816821264614264704 4607832492908238867 4606905575587447186 13817423912608971996 13822292071813033764 13811041275972266208 13826268501791928509 4599321974217787676 13826802766584129597 13809439093501795008 4572497370263404800 4604747807241752527 4586798272539152021 4587437951108306370 4598970895242443497 1 0 1 1 13767856657322573824 4603295652468486122 13810170309393927829 13810809987963082178 13826357755223771224 4585144770769736637 4605783879689403604 4607832492908238867 13811041275972266208 4606905575587447186 4599321974217787676
1 0 0 0 0 0 1 13824113567836896036 4607493720820402839 13819785195835227692 4607108856288887178 13829667274544423258 13815339142833869888 13821534190226079568 4600360745780379118 13830515347402601047 13829449852093073426 13828698811999561339 13831180500313721704 13808074604983950560 13801034664438429984 4595921050475570708 4600455359018756046 4595312113753321507 4603767753810518008 0 0 0 1 13829667274544423258 13815339142833869888 0 0 4591144713104090147 13828403755829501933 4603959845269378094 13829667274544423258 13830515347402601047 13815339142833869888 13828698811999561339
1 0 0 1 1 1 1 13831234763183268507 13825587594425938226 13829467639727239612 13804826152786595200 4584763038306007552 4603421709710617836 13822282625645864200 13819217230624113644 13825591461029597282 13831321976201977396 4599032467922095316 4606154159575772446 4586086235510367448 13814377945426895773 4606291429700056455 4601089836948091070 4598613389502403172 4596201409519636310 1 1 1 1 13828867147969212136 13825145193053725224 13823307851266708698 13821985426357178980 4600046613811934582 13827897308046260656 4603711133717106267 4584763038306007552 13825591461029597282 4603421709710617836 4599032467922095316
1 0 0 0 0 1 0 4607825907019928759 4590601960671731808 13830362398193256739 13829825682663430284 4590659506566111328 13820318565271092776 13821859247303480590 13816086615469906352 4597294722046792728 4595584226878943392 4601594403873547680 4606278320577229466 4594628201986522698 13818666350572386765 4603077063357649656 4599376264197409149 4595070581716618330 4607735616814130507 0 0 1 0 4590659506566111328 13820318565271092776 0 0 4586767363700272195 13812952726840406612 4607151939047157916 4590659506566111328 4597294722046792728 13820318565271092776 4601594403873547680
0 0 0 1 0 1 1 13830903441694458070 4605703498836728166 4604184026418762556 4605329341402324162 13830670567174710013 4599667806416586208 4584291079022160640 4599073876182754328 13823048154554643440 13812620564620544864 13831365503951750259 13826621055454080525 13819168425334573548 13816405399862809866 4605220901988690223 4598273113779354878 4585439376565144784 4609403110719844004 0 0 0 0 13830670567174710013 4599667806416586208 4584291079022160640 4599073876182754328 0 0 0 13823048154554643440 13812620564620544864 13831365503951750259 13826621055454080525
1 0 0 1 1 0 1 4607486004707531133 4606881952671104902 13820984239865868456 13822290611132762614 13813960611265860304 4607989416705111805 13820948344665418816 13822442446896683384 13822761711432991520 4603862554412148074 13829614780378752487 13811837581626701920 13803663681485642096 13798776171848614496 4606202779421601262 4601741648030291666 4599818611841110271 4609188196062969596 1 1 0 1 4607259095221546144 13821778179632861477 13818224937647215319 13821305402535556218 4598219605789402328 4605660836012454496 4602598913046080064 13813960611265860304 13822761711432991520 4607989416705111805 13829614780378752487
1 0 0 1 1 1 0 4606181500078537574 13831121555616929923 4605595181822301578 4607893876635245015 4605381508721012638 13826422308097228639 4595880551121812472 4598675092145543192 4602951109500399284 4599580588352236852 4606284335051579746 13826530931996390669 4578247058878402720 4594655444740747202 4594189574448358124 4598961023461236826 4598584431317841200 4607809782115260286 1 1 1 0 13816576932100953728 4607100258146387100 13820432718993316304 4589919256894521332 13828245811684117157 13814320789546258926 4604145304977424679 4605381508721012638 4602951109500399284 13826422308097228639 4606284335051579746
1 0 0 1 0 0 0 13819875639647131956 4590970643465088656 4607215788128183401 4588558291680973824 13825137949223022920 13830948597517030570 13818127089706438988 13818838418462241264 13828714769656612224 13831144454649432016 4597503815789118464 4605833353356104530 13808536625416952500 4595223495483372484 4599751521415322268 4598957590452828014 4599269003042226857 4607526796140849214 1 0 0 0 13819875639647131956 4607215788128183401 4593847394716638701 4595646103998871156 13828250413611202619 13816126428534394546 4604106046012312759 13825137949223022920 13828714769656612224 13830948597517030570 4597503815789118464
1 0 0 1 0 1 1 13831322528227033392 13829224995385993444 13828259907802630058 4597110599872713520 13828875489242182718 4595636868555350496 13822740475788252040 4594410729172507828 4601819065524057448 13815300627540778400 13828511097494258772 13826586080634816007 13812056969995671412 13811570439622116652 4598860266972146414 4594886292697772465 4600930237787091914 4605741735393781057 1 0 1 1 13831322528227033392 13828259907802630058 13818258329552548273 4587904137501544154 4603905038192338338 13827776440461172525 4599834762823623089 13828875489242182718 4601819065524057448 4595636868555350496 13828511097494258772
1 0 0 0 0 1 0 4600295401671768484 13815961622281268640 4603849071894515802 4606270082060018758 4594482309731952096 13827633490930862844 4595964815134479288 4600924344415017456 4600319119248254280 13818758413225130120 4593926017617388728 4587770791775838272 13817925059036200428 4594562212388274674 4537989942161047552 4598662481181968128 4602149941946018513 4605240165341303601 0 0 1 0 4594482309731952096 13827633490930862844 0 0 4604794044989597255 4596318554703532826 4604016893470852156 4594482309731952096 4600319119248254280 13827633490930862844 4593926017617388728
1 0 0 0 1 0 1 13815899634492698144 13830062657147316298 13829502452548274752 13828747369539961226 4598940485969673600 4604091832375336834 4602596389926692994 4600778400029411660 13830404523882271497 4602932212782650678 13814951499436137792 4597945194763188936 13817166512792977676 4590944332651753124 4605960805890079679 4593984321735691959 4595317638028856314 4609549687866056983 0 1 0 1 13830062657147316298 13828747369539961226 4593984321735691959 4595317638028856314 4605154713507837210 13825345835511671905 4601465145304442867 4598940485969673600 13830404523882271497 4604091832375336834 13814951499436137792
0 0 0 1 1 0 1 13825536367167036914 4596165418447942560 4601660749491166628 4607356887815304085 13822622223899384388 13816174616542782704 13823091648165724886 13822969806346056830 4606654232017987414 13822321025473631024 13828468243638463384 13823034835341908288 4591792175017649064 13784174736391875840 4604362921038462579 4598628704462527133 4595431563002447112 4608214947864819475 0 0 0 0 13822622223899384388 13816174616542782704 13823091648165724886 13822969806346056830 0 0 0 4606654232017987414 13822321025473631024 13828468243638463384 13823034835341908288
1 0 0 1 1 1 1 4600102547748000216 13830830450238105565 13827544034047417003 13821581233077833908 13831305349385187965 13819582323185772384 4600756849350847206 13823118880867854026 13823142728941310710 4607874501223652185 13829832553072980958 4607896539001933469 13818389417030400052 13819529570770160682 4598508373493779714 4581371634513226674 4589989159717825737 4607458055565343821 1 1 1 1 13823387381279000270 13825309222572622597 4581371634513226674 4589589383122968046 4598386856117978798 13819100193285615051 4606712289515282504 13831305349385187965 13823142728941310710 13819582323185772384 13829832553072980958
1 0 0 0 1 0 1 4607167481550282562 4604678897603392614 13827668368256553201 13829556105018184438 4605300015478272166 13826659915562780873 4589117407004153664 4594642055598361168 4607962850111507135 4606177669063657198 13818003101554907248 13826894848472432793 4591016106272123032 4562318043279966208 4593292791846070504 4597400493006126101 4587457166621375273 4606380647534420924 0 1 0 1 4604678897603392614 13829556105018184438 13820126514005825477 13810829203476151081 4605175449299038582 4600385912407232363 4602742055528875257 4605300015478272166 4607962850111507135 13826659915562780873 13818003101554907248
1 0 0 0 1 1 0 13823920906852911934 13828310692120878158 4598117886014744064 4594330327396041744 4601020098728969056 4603376706083441042 13822341168298196512 4601225380639898946 4605272634358260616 4601529451643977652 4605032118509229510 4607743621577204759 4592511900088571840 4583899558831170432 4587845024256710560 4600502917022756869 4597900149373703461 4611271703041601200 0 1 1 0 13828310692120878158 4594330327396041744 13823874953877532677 13817258128704807361 13816282383176970607 13828327272931116939 4604014619158870973 4601020098728969056 4605272634358260616 4603376706083441042 4605032118509229510
0 0 0 0 1 1 0 4606395729877417558 4606548867919856746 13830606574140880879 13830415414582576545 4604128905580129342 13818694837751047904 4599504792211023484 4579816427021950272 13814308399344176000 4603099260977978964 4603607881236894954 4596359669976809472 13817915201800737628 13816887015858215616 4585028438102509472 4594567208627789537 4597628568805051863 4607558286406976789 0 0 0 0 4604128905580129342 13818694837751047904 4599504792211023484 4579816427021950272 0 0 0 13814308399344176000 4603099260977978964 4603607881236894954 4596359669976809472
1 0 0 1 0 1 1 13827292504085767879 4606087428660127162 4607928933817896427 13829684354682659815 4604108800920373372 13830871080298603241 13814994566479345464 13819115538377730200 13827886860190159644 4595687013174005704 4602969441679539810 13818368080734332992 13815281646070548954 4592090995381518812 4605582913815592443 4602270595779660489 4598487777157693180 4608917775048681179 1 0 1 1 13827292504085767879 4607928933817896427 13813454185740938850 13815926320753644475 13829416575473610246 13821511617992569074 4601201002158405995 4604108800920373372 13827886860190159644 13830871080298603241 4602969441679539810
1 0 0 1 0 1 1 13827289820505638215 13831054583096901741 4598023046138963760 4598612596238751308 13822239671344863108 13829774073461995668 13818622015643381736 13818233477825536804 13827823841869544306 13826867262729155057 13828558326103648978 4598972969431964288 13813662514770494410 13819272732510913370 4601620694156865286 4599048621775885327 4600145731077867585 4607952935998793354 1 0 1 1 13827289820505638215 4598023046138963760 13812229519766849833 4595458232390883250 13824596627826865417 13825723696530608199 4605105733446025513 13822239671344863108 13827823841869544306 13829774073461995668 13828558326103648978
1 0 0 0 1 0 0 4583061018587518848 13829461644392980066 4593310311512129120 4601397053531250100 13830130211122913527 4604802991504260412 13822931582560399390 13822971941388130408 4590512127627467008 4607135756701917350 4586523318930136544 13826805319687628090 13813998433164496861 4594633493546826436 4600801003234630082 4602430394203959234 4602276471757048958 4602239743615283575 0 1 0 0 13829461644392980066 4601397053531250100 13825802431058735042 4592887869453344254 13821972682015609477 13827737463677610243 4604236337413633678 13830130211122913527 4590512127627467008 4604802991504260412 4586523318930136544
0 0 0 0 0 1 1 13820121824428462536 13821021534736462616 13810064015549764800 4606114656862818178 13828288660558133354 4607224568924155527 4587210409083549776 4587950893162666736 4604094591825695606 4606569408324712718 13820278809600729624 4606178269432031994 4593396987642825856 13817895965183435448 4606606917066533455 4594665111716874799 4601157653572827922 4600956436613111696 0 0 0 0 13828288660558133354 4607224568924155527 4587210409083549776 4587950893162666736 0 0 0 4604094591825695606 4606569408324712718 13820278809600729624 4606178269432031994
0 0 0 0 1 1 0 13830886921813132732 4600242372563828512 13830725242671344590 13830892713333409150 13829701601872231510 13828321722539885340 4593854775287136544 4584935842515240960 4606261928519041834 4607412528203991137 13830571383763919201 4583505543800948416 4593722328778962194 13810735924325051768 4604238995517396866 4584044776892015188 4600224244021554035 4607842723874482651 0 0 0 0 13829701601872231510 13828321722539885340 4593854775287136544 4584935842515240960 0 0 0 4606261928519041834 4607412528203991137 13830571383763919201 4583505543800948416
1 0 0 1 1 0 1 4601175782082409416 13809460309274584064 13825838609476182410 13830303720180301660 4606498059664322218 4600274804691776356 4594080965573131484 4601225069493111982 13810545239591047360 13828990318507090644 4607472956488339205 4606407482623589222 13819320255734547333 13811179151511103752 4606726327943352159 4586215452970064495 4596964772688285580 4611036102707781879 1 1 0 1 4595931251032037192 13828124226466052112 4586215452970064495 4596964772688285580 4603818784384296870 4598825885546129290 4604705012863660046 4606498059664322218 13810545239591047360 4600274804691776356 4607472956488339205
1 0 0 1 0 0 0 4607845071258168483 4598578314082651384 13827095197949175482 13827326423212061133 13822021577746216150 4601645884802878640 13819034132281989164 13821427327601891900 13817678708708938208 4599241647042600848 13830646556849900425 4605946479310240646 4589526783714038312 4591406632413957888 4580546840188458912 4590818335031581512 4584673420328838592 4601182232945531241 1 0 0 0 4607845071258168483 13827095197949175482 4590818335031581512 4584673420328838592 4604043083676350284 4604201051488502174 4600117442858652425 13822021577746216150 13817678708708938208 4601645884802878640 13830646556849900425
1 0 0 1 1 0 0 4598409417768809468 13830650642421024907 4585968317501432896 13829947067412465062 13831324209410677194 13823429196424820244 13824290044809258274 4599775404923416660 13826136409048466239 4599565803949486988 4603231410060399936 13819559729149063392 13819223538229822303 13817990382217708052 4592195283135375848 4599980955346018183 4599530419184113658 4606373816729928575 1 1 0 0 13823874330634434328 13825080499255992162 4582016842175603374 13822902456038889466 4598906666689632100 13819175121650247086 4606632565741189486 13831324209410677194 13826136409048466239 13823429196424820244 4603231410060399936
1 0 0 1 1 1 0 13830025091808364560 13831433681200309555 13830985192487358366 4604311329619319878 4607004962559322462 13827767660414279385 4599075053488868504 4600317952938897362 4606187962253015942 4607379387002017469 13829176041289418952 13820525882968193028 4594552334481297420 13816331662441819226 4603978541413935526 4590797808450492824 4586125852624035436 4602373176460093119 1 1 1 0 13830861727465944222 13820005182836966892 13814169845305268632 4586125852624035436 4591290095020184019 13829962881949046314 4599875152588253490 4607004962559322462 4606187962253015942 13827767660414279385 13829176041289418952
1 0 0 0 1 0 1 4580147958846661120 4585258336043952704 4591391869078154240 4583919143892951552 4601653744849277300 13831356592562023650 13820147657695594384 13821276814931702444 4583165972857093504 13829408384309213263 13831264686841630667 4586577653102781440 13819468664331698218 4595434061045382822 4604694543920962056 4599121654536084056 4601014993978555976 4603200272777163508 0 1 0 1 4585258336043952704 4583919143892951552 13817963242846788162 4593179262135095176 4594382937663512167 4597214680279384281 4606857565550427440 4601653744849277300 4583165972857093504 13831356592562023650 13831264686841630667
1 0 0 1 1 1 1 4604138982351756844 13830788187102357538 13831298954329657161 13828408316747233942 4599090460504247320 4606853288738651762 4598871907552456584 4600296556496877362 13828446989369316242 4604679215566932422 13831399832706897485 13827847892885728869 13815101946122725668 4586918018019108652 4602914510952141700 4600939431167191456 4600858589606335555 4603961936657336958 1 1 1 1 13819561855832089648 13830225884875877524 4600201930155034248 4598646766495650127 4605804760400088158 13810939200956573164 4602940245425971708 4599090460504247320 13828446989369316242 4606853288738651762 13831399832706897485
1 0 0 0 1 1 1 4607622810143032725 4601825003093654108 4607888318217196195 13827316457069952485 4607690874476917479 13814667164107007072 4586523531223308208 4597480999452133284 4607009495859345718 13825579242528318636 4599436710123835436 13812963045457759520 4592122612437378236 4576383838503908016 4606270100008570309 4601759595248997940 4600515956602605320 4607489776177243421 0 1 1 1 4601825003093654108 13827316457069952485 4579591442692964198 4594998335490894254 4603623262958493506 4598578542415907633 4604915322606948375 4607690874476917479 4607009495859345718 13814667164107007072 4599436710123835436
1 0 0 0 1 1 0 4607777514682350647 4607217376705574505 4604131267471218836 13829250179925217663 4594554614666990704 4598183812869484520 13817870329603326704 4583239758498737600 4604329625481660526 4603447411121860656 13830801699497912145 13830783460815337769 13811365150903597724 4594299413331583376 4593345594999281792 4598264481372656407 4594886888772790973 4601186267283405034 0 1 1 0 4607217376705574505 13829250179925217663 4598264481372656407 4594886888772790973 4605742917625642336 4602203939391708093 4598429546053640564 4594554614666990704 4604329625481660526 4598183812869484520 13830801699497912145
1 0 0 1 0 0 0 13819574582105231488 13830199404518854418 13826500459758476047 4596543041555323392 13825051473670189520 13814218391755862512 13819651708741710084 13820432572791838920 4594832534866208224 4607511601171829311 4607161085221619794 13819103494705528472 13817152246282209880 4596098948728493360 4604725260579045368 4594943063402468479 4580876300656948966 4599732019195897652 1 0 0 0 13819574582105231488 13826500459758476047 13818315100257244287 13804248337511724774 4604263867585116541 13810667788246966666 4604797843427826238 13825051473670189520 4594832534866208224 13814218391755862512 4607161085221619794
1 0 0 1 1 1 1 13831356438586084023 13823603772696886846 13808991844224395904 4601997589797241652 4604862868974880874 13828506666061927999 4597079615088320456 4594213566581167076 4605178045315831946 4607813900795892239 13830676933755582760 13816280868141310432 13781683042140989440 4595091514355853704 4601623402699068630 4600338803709802440 4587285957525363569 4606800032255681006 1 1 1 1 13828492867939764806 4596811616878142948 13823434376591631306 4587285957525363569 13810410654478426459 13827813937640491883 4604630725959165734 4604862868974880874 4605178045315831946 13828506666061927999 13830676933755582760
1 0 0 1 1 1 0 4607770454755869541 13831282335312000991 4603893359183182346 4602892263767995034 4605948036897882346 4602665892975034536 13817839702579649136 4574497835898767488 13830795194558755409 4605869262182306694 13808047711955869216 13812184434792007200 4584669301888262840 13812595173906689382 4606407194094643386 4599238457681142184 4590455932627934288 4610582818461673118 1 1 1 0 13803475655522590336 4603392811475588690 13815889628534640079 4581765657252622214 13826944604443574792 13808931581945984616 4605378303612829875 4605948036897882346 13830795194558755409 4602665892975034536 13808047711955869216
1 0 0 0 0 0 0 13826365843335910819 4600766517063453944 13812885655282478176 4604364684450023732 13830672811711797430 13829804121906067372 13825435085052808168 13819159366584732512 13830394562894340105 4597085907205101248 13796657534007331072 4604131186668521558 13814668369401003242 13818687448711074157 4605769297297979135 4599743416804564407 4602607602375986027 4602501469394730788 0 0 0 0 13830672811711797430 13829804121906067372 0 0 4604288939885517694 13826866333745389209 4601535328511247768 13830672811711797430 13830394562894340105 13829804121906067372 13796657534007331072
0 0 0 1 0 1 1 4606492368362224682 13827265433061180223 13813122258127295104 4599060454623459412 13827383709405359105 13815685086151421456 4594277019868130616 13810713760412096384 13825231666742470394 13825165003092884634 4568197231210782720 13830869412429461703 13812475142433290248 13808318993581708960 4606782334915330118 4599730010317141426 4598480771594819478 4610502059408605442 0 0 0 0 13827383709405359105 13815685086151421456 4594277019868130616 13810713760412096384 0 0 0 13825231666742470394 13825165003092884634 4568197231210782720 13830869412429461703
1 0 0 0 1 0 1 4599097058366914088 13829790408295124299 4598750544005930084 13830895068748755364 4598547237541723436 13831039218603288327 13822180014133191354 13815876025192826608 13830827785580371749 13831394187419521849 4607784756350883949 13826201486870766919 13814122332732049047 13815391616084147012 4603920218584684445 4581292306090096658 4600042411895056683 4607648787619397781 0 1 0 1 13829790408295124299 13830895068748755364 13804664342944872466 13823414448749832491 4605623198810342256 13824524229246969654 4600503165027465674 4598547237541723436 13830827785580371749 13831039218603288327 4607784756350883949
1 0 0 1 0 0 1 4599311627616323872 13831375233733669271 4578767262140137344 13831067915481083925 4594357240961751792 13823633152744293834 13821652949695627794 4596203991347093788 13827749058174027835 4603895608057973710 4606675721293348602 13830233029417500516 4594389837439498082 4596006153804568046 4592963635106717024 4601271453255079427 4597643779965684937 4608417970491544882 1 0 0 1 4599311627616323872 4578767262140137344 4599404909232115092 13821015816820460745 4595497286335762128 4595103940953823587 4606917285418975820 4594357240961751792 13827749058174027835 13823633152744293834 4606675721293348602
1 0 0 1 0 1 0 13817364906549082144 13827265627447978533 13822865697795799966 4604045240954274920 4596070750948780160 13829374168983939931 13824194614794874892 4594643282726345604 13824667920477189722 4604252205403753036 13826116777683808041 4601559895765117336 13813591708244557424 13813236578437198254 4603520973339172192 4585420485779422063 4592346269952493831 4611610317672234724 1 0 1 0 13817364906549082144 13822865697795799966 13808792522634197871 4592346269952493831 4598117360273416808 13811460838550398680 4606886043357029937 4596070750948780160 13824667920477189722 13829374168983939931 13826116777683808041
1 0 0 0 0 1 0 13826639838134985295 13822595431555589514 13817977849999129280 4603946936567196686 13826374651047145706 13826524371727706102 13823613757231316112 4602533365868241516 13829595232003443532 4605648369697054370 13826728767827890802 13830705248914381644 4572748578571902112 13814238603486218196 4604337894570082100 4595735129405165395 4600708353287019802 4601268894222353907 0 0 1 0 13826374651047145706 13826524371727706102 0 0 4601773810042351879 13825332944641550867 4605070159274396172 13826374651047145706 13829595232003443532 13826524371727706102 13826728767827890802
0 0 0 1 1 0 1 13831234541586447157 4606339272239299906 4595390526504489688 13824318809034231876 4602718527493705624 13826628936922357579 13810638723305729472 13819355665489517716 13814480866497916992 4598710433085523700 13821881703529781052 4602213147443954980 13813369182440936494 4595359500517024320 4606365726959814151 4596612798261978203 4599672315277335175 4611392457480312281 0 0 0 0 4602718527493705624 13826628936922357579 13810638723305729472 13819355665489517716 0 0 0 13814480866497916992 4598710433085523700 13821881703529781052 4602213147443954980
1 0 0 0 0 0 1 13829766622919383036 13827606010683332352 13825883946634291620 4607485748044257635 4604163184525535038 13830983469306896517 4595389614340330776 4599138346085949734 13829966816900699434 4604257526825832476 4603243083123991862 4598474839473842948 13816427355211593226 13806233811913511568 4599011775721493048 4577336022549746613 4599907416851814602 4610998285834430188 0 0 0 1 4604163184525535038 13830983469306896517 0 0 4606077482199656600 4599759095850509405 4599809874571563836 4604163184525535038 13829966816900699434 13830983469306896517 4603243083123991862
1 0 0 1 0 0 0 13821735859501564650 13823067574450365570 13826600638649094485 13820559680246485600 4607876898344108731 13828280577332948152 13824720407850011620 4598678013098436334 4606850072657916010 13827028831242777458 4605170917668540532 4607650129131234203 4591540736676251476 4594771661926251584 4603564963572270740 4595763688935479181 4593380573534290576 4605419071124666863 1 0 0 0 13821735859501564650 13826600638649094485 13819135725790254989 13816752610389066384 4604091169903988973 13821776750658102537 4604541586274880004 4607876898344108731 4606850072657916010 13828280577332948152 4605170917668540532
1 0 0 0 0 1 0 4604509088144056810 13822497348979542080 13828957888234415534 13826728587610813529 4600190390434621148 13826428637059320535 4589005141371520912 4601184288373670470 13823387877826297246 13823319798067294568 4606876075648535026 4600343242667496896 13818289455572867458 13817570771590643005 4603875235569109801 4583113745142869984 4597428067955193054 4595213839300670376 0 0 1 0 4600190390434621148 13826428637059320535 0 0 4600725095645457887 4601928693173155020 4605361800357399661 4600190390434621148 13823387877826297246 13826428637059320535 4606876075648535026
1 0 0 1 1 0 0 4606388314955705830 4606400535821794290 13823394423774933626 13821708647643846296 13830241761663139044 13826131508109492065 13824213345070165484 13824230385321728374 4599713547920807000 4606407626749434750 4604128595620723474 13827489409714097714 4586703936791391732 4586676173655470356 4606836577333100276 4585144431795041045 4595716159808843380 4609689944833225112 1 1 0 0 4606394425388750060 13822551535709389961 13808516468649816853 13819088196663619188 4599864927029793750 4604624259872508382 4603647902070949033 13830241761663139044 4599713547920807000 13826131508109492065 4604128595620723474
1 0 0 1 0 1 1 13825665725336438072 13830777126518122519 4597299878884710600 13820823163959444660 4607952872779823277 13799696381782249856 4598481994484571294 13819423467304329104 4607888773433142275 4589482777562116976 4603081956800460938 13831300661094136446 4594083179146057144 4596042837195186602 4589103795330179872 4595829132745690765 4594463521938882740 4609331871847349798 1 0 1 1 13825665725336438072 4597299878884710600 13819201169600466573 13816189169043824323 13808560004574314446 13826741197667402331 4605527354811980170 4607952872779823277 4607888773433142275 13799696381782249856 4603081956800460938
1 0 0 1 0 1 1 13829106283570713214 4607300113949402035 13818053177854324704 13827679643297750213 4606006617976890298 13823527150673097060 13817010071023468552 4551463510791806976 13824158552339107418 4602270753022700668 4605447616781811314 4594636359221119888 13818041342966980650 13817353140033379844 4606802432777564741 4589818221155100315 4597619134554453012 4596743539279225308 1 0 1 1 13829106283570713214 13818053177854324704 13813190258009876123 13814965393235991832 4581257171608739697 13827255450976067211 4605140528486137646 4606006617976890298 13824158552339107418 13823527150673097060 4605447616781811314
1 0 0 0 0 1 1 13825405418093655338 4602771317432863230 13830275440541253184 13830776797621811896 13819041639323433968 13829813067395578260 4586621186291281600 13817849257609853792 13811546348080136416 13828566172157210860 4607837636467105267 13823132608543518848 4591515269926385084 13818795556822467098 4605246376174172610 4597295256705394173 4580101671994642965 4607968078232954449 0 0 1 1 13819041639323433968 13829813067395578260 0 0 4604275649202528496 13819751513912864749 4604552058661730007 13819041639323433968 13811546348080136416 13829813067395578260 4607837636467105267
0 0 0 1 1 1 1 4605457449351814918 13823647460993769228 4598479539559123984 4581148743574102656 13827422609227114327 4592158899693186336 13826017260641208686 13819762599849977536 4607807503621329439 4603921759180421366 13813133431901637920 13826808079858387524 13818206484693705949 13819674554856152549 4606016084631534265 4589990417914011048 4599704697958324730 4610581476333647397 0 0 0 0 13827422609227114327 4592158899693186336 13826017260641208686 13819762599849977536 0 0 0 4607807503621329439 4603921759180421366 13813133431901637920 13826808079858387524
1 0 0 1 0 1 1 4606056011151880254 13829148720060593920 4606102747148455062 13807260128948750464 4607897385801167787 13823260000800170930 4601484663663505072 13824136562691740306 13831285428648112317 13823938221900404906 13830054295195371194 13831230353998294840 13818424194717754280 13811460415224779232 4595270422641668572 4601033328945940863 4593192070606067344 4597965749053653718 1 0 1 1 4606056011151880254 4606102747148455062 4601033328945940863 4593192070606067344 13828795193882780845 4602782315838927275 4599101796490391459 4607897385801167787 13831285428648112317 13823260000800170930 13830054295195371194
1 0 0 0 1 0 0 13823480181062671994 4601503065324147696 4594075377164646472 13829387514724434574 13822613766562155972 13825426944443678096 4597702050402268000 13823084032240531542 13829443824011299346 13828230146191096471 13829606244416202742 13820391262446317592 4595497032966005502 13817926576734112245 4597922923238389280 4596442754109694562 4599912093438770330 4608504067560237416 0 1 0 0 4601503065324147696 13829387514724434574 4596442754109694562 13813395591215299248 4604120775032013425 4596101342319342812 4604715523339561627 13822613766562155972 13829443824011299346 13825426944443678096 13829606244416202742
1 0 0 0 1 0 1 4607199236206368263 13830679792484648265 13830591290120318128 4603962837202465406 13825316854508387922 13831174949644575665 4601117443990547768 4598961488557077706 4602870987701195958 13807033154811238848 4602587049207647764 13827169683466551489 4582779929351144976 4596341499486531272 4594256189238254912 4599683202918717553 4597828403253951319 4608705570163987242 0 1 0 1 13830679792484648265 4603962837202465406 13823055239773493361 4591066451212559778 13824772893945959503 13828614873300467827 4601732178941539867 13825316854508387922 4602870987701195958 13831174949644575665 4602587049207647764
1 0 0 1 0 0 1 13817944921247317352 13826631114819886382 13821812298050485012 4596672088157620272 4607725822640344783 4598194512300045976 4598753994369618808 13824831776528977528 4596368043779103672 13825772533668381646 13830784254976422181 4606259344712615354 4592406858797304480 4590123579792778148 4602032653423302104 4602168456670168341 4597078782061456602 4603741322274989262 1 0 0 1 13817944921247317352 13821812298050485012 13805008734487054232 4594221844220651642 4599687235564430249 13821187382581438565 4606385531091620816 4607725822640344783 4596368043779103672 4598194512300045976 13830784254976422181
1 0 0 1 1 1 1 4602492250644159744 13823134565301189690 4606066287763352422 4605735017225008294 4605297013646738744 4603400203160329020 4594480455967844628 4600424161833003118 13819663334231200520 4596926553065919936 4590657305530584032 4607670223978932101 13819377588438439141 13803754849283763664 4602986998562916491 4601441593834985518 4601774234192156015 4600450330550511880 1 1 1 1 4590123865058656652 4605900652494180358 4598104134029851034 4601774234192156015 13828455419962111356 4595235379029673663 4603752504905118411 4605297013646738744 13819663334231200520 4603400203160329020 4590657305530584032
1 0 0 1 0 1 1 13824702934370305736 4603291526970993576 4602214744195645064 13821111371281465784 4600944873053359516 13827480873717791681 13815117211788771048 13816984595845855176 13818147523297599872 13829375491122897763 4606606231578179890 4606028965877510134 13808952026053716344 13819356855379364959 4606935964726184772 4587121847969684912 4600952565491098171 4601972975955815348 1 0 1 1 13824702934370305736 4602214744195645064 13810493884824460720 13817385657121713659 13827094187083492484 13822407833077414599 4604745425139521641 4600944873053359516 13818147523297599872 13827480873717791681 4606606231578179890
1 0 0 0 1 1 1 4602403289937946348 4599674392410005284 4584673049193906688 13821317435587866496 4602016158259384952 13826065233540175418 13823130409914745376 13811007475568714560 4598747348987143004 4601232670633425004 13828239957468882110 13830909685106525117 13813899848243955700 4587902808158643304 4597305206387956112 4598878820637172244 4600620611263797237 4607708399739507179 0 1 1 1 4599674392410005284 13821317435587866496 13811960048410163376 4594982405430356118 4598949476571243468 4600609687474397212 4606057573276662908 4602016158259384952 4598747348987143004 13826065233540175418 13828239957468882110
1 0 0 0 0 1 0 13825834110007451504 13818961959517372424 13823454397409836146 4588614732731639552 4606915963033971790 13824090163647035542 13819067166569916616 13812987698783580240 4603186588614680184 13828148648306190631 13830827604420977014 4597360161587110984 13809113003778197684 13817703830580767808 4606827916134910602 4595006203578788019 4601085065979609452 4610860212291777380 0 0 1 0 4606915963033971790 13824090163647035542 0 0 4598006131125423238 4605565737259336858 4602825797319828242 4606915963033971790 4603186588614680184 13824090163647035542 13830827604420977014
1 0 0 0 0 0 0 13826945253840895116 4577108294634477568 13819175681472184768 13826217616830282938 4603080375435446414 4603931537589279846 13823471667568318748 13809067834497966064 4590219406209353360 13830135854549625859 13813649401399721056 4605680810016730826 13786436111819276288 13817493625472770630 4597813145287144936 4599060732366696427 4595520264168257191 4601662801233233644 0 0 0 0 4603080375435446414 4603931537589279846 0 0 13827859826024216909 4600341650027138023 4603666920351052738 4603080375435446414 4590219406209353360 4603931537589279846 13813649401399721056
1 0 0 1 0 1 1 4605474430394110594 13827746470067210018 13819681364050008888 4605950662418086142 4607438114879102843 13807759761056063744 13823027282658375798 4600798790236479490 13831135972516745627 4600147375158519440 4598542951376367688 4601879283470007808 13818489849815086068 13819397200051877677 4604166518591856366 4598973737706509804 4602601332204592204 4607962968889159996 1 0 1 1 4605474430394110594 13819681364050008888 4588202264969454944 4596240440021174396 4575700198612732756 4605632866097236868 4603225773930853574 4607438114879102843 13831135972516745627 13807759761056063744 4598542951376367688
1 0 0 0 0 1 0 13826056087684448935 4595757399501157464 4607063421292010022 13830022671396215524 13830776243037231173 13818966870927269152 13816541434565598296 4601003505446831570 13818557604352067152 13830887107397532847 13828703176155872086 13828171765480226186 4588603078146940408 13814925692771036932 4606593337601606911 4584018545420036326 4590905155664362524 4605609772628497381 0 0 1 0 13830776243037231173 13818966870927269152 0 0 4590622004668015719 13829578677563252159 4601689434433546397 13830776243037231173 13818557604352067152 13818966870927269152 13828703176155872086
1 0 0 0 0 0 1 4601660491881109704 4603348995716522262 13826420752096391453 13831403990671722235 4605952965841427382 4605874975736529898 13822101280953177624 4600693505023672350 13829942012735493808 4606034898275988934 4606176790578218774 13817598760769569320 13815631586428938935 4592164726099253156 4602648728642584046 4597759535479517645 4597552557150562237 4607550037026219824 0 0 0 1 4605952965841427382 4605874975736529898 0 0 13827691899843909376 4603603693660885569 4601129411585318311 4605952965841427382 13829942012735493808 4605874975736529898 4606176790578218774
1 0 0 1 0 0 0 4604856238754510342 13820785392584828560 13830838966732242039 4595191849904877648 13826188674457331990 4603489057119075640 13798227991344255360 13825358430274213154 4605030146094400952 4603569710653789364 13827306610909993543 4606499432254919122 13814694371041091818 13813496999440917332 4583252869943905184 4592387178148089917 4602417419635925857 4607601748811925679 1 0 0 0 4604856238754510342 13830838966732242039 13799590631997069485 13819777756833120975 4605692566837161213 4601022164776721328 4600338403453445252 13826188674457331990 4605030146094400952 4603489057119075640 13827306610909993543
1 0 0 0 1 1 1 4607567639205951155 13830622916934830014 13830732563074129349 13821599564395741692 13828605955259527884 4605514213606886118 4599420780156166140 4596179105846251284 4603729173952943530 13830496832728561394 13826321966564039911 13830309719783220676 13819443178619491717 4592604887162441512 4593870184753286592 4582126553729153474 4599009166961799055 4606690581583810774 0 1 1 1 13830622916934830014 13821599564395741692 13805498590583929282 4594675626405210292 4600069858981524373 13827724102439458278 4603897268622423267 13828605955259527884 4603729173952943530 4605514213606886118 13826321966564039911
1 0 0 1 1 0 0 4606286289855426226 13826475989683313897 13823108483062726414 4595528517176082416 13830697999559093311 13815882827317958992 4600157059758797426 4599669989839137046 4602347682073730204 13830616784370799723 13826389374375918905 13830431787912095397 13819714952894905285 4594351632671547396 4596199663224552132 4600592495734316251 4600458111771473798 4609569826919951576 1 1 0 0 4595532694344311698 13813805613212483116 13800256655571576712 4595844624841837148 4597168945603208102 4600118096529753692 4606344641059168706 13830697999559093311 4602347682073730204 13815882827317958992 13826389374375918905
1 0 0 0 0 1 1 4602903614811687480 4607393745641141419 13828135163419256959 4606705902537099130 4596186991675707288 4607924202058574267 13825672044790841772 4594625779787616164 13829185759456346842 13818221565252718464 13829255307525597811 13819965518310409400 13812949506024359290 13799921472419729488 4604417476176881973 4595574917441914916 4587319792922267715 4611360586891956088 0 0 1 1 4596186991675707288 4607924202058574267 0 0 13829854871726254218 4591902992108729239 4600393067436116411 4596186991675707288 13829185759456346842 4607924202058574267 13829255307525597811
1 0 0 1 0 0 1 13830021191296859368 13823521932019852640 4598260513941648196 13816856323863845696 4600226066931735552 13830733218754465923 4595289936953459464 4595921266051483980 13826847296117164315 4604389483557009296 4606834816375253518 4603703084693290312 13810610613736219564 13815863720905273098 4604075005511012455 4600437803768293408 4594377936627157666 4603658272634040410 1 0 0 1 13830021191296859368 4598260513941648196 4577752294504646008 13813618897478517163 13823446275741573088 13828098415863153478 4603463278327894449 4600226066931735552 13826847296117164315 13830733218754465923 4606834816375253518
1 0 0 0 1 1 1 13817857755821930840 4585821233783090496 13813274268774349056 4603308291450462530 13816024008946067824 4607735252889982173 13822793118512770008 4588069631972647648 13824740884805324316 13821882537711062548 4600069300050615928 4607619690906174805 4584627539513638168 13798961646186490048 4605695767325758572 4599474312463982489 4598187702779326447 4605906547418354955 0 1 1 1 4585821233783090496 4603308291450462530 13820524917378593849 4589453873892180090 13826465617636922046 4574526522988636066 4605720786096702858 13816024008946067824 13824740884805324316 4607735252889982173 4600069300050615928
1 0 0 0 1 0 0 4607750175843039887 13829900400584761846 4592269389613873632 13831127977627529464 4594012151488237088 13829232322445721031 13792937436196445440 13816095333275707912 13828458103796053672 4602420878020508048 13830847385913527185 4603612239974316320 13818019275441902896 4584713475459831744 4598778258830578916 4595924596890152776 4598118396875675657 4610848088438204996 0 1 0 0 13829900400584761846 13831127977627529464 13808222070263823380 13809875226822766515 4606429222671176765 13822091167499861420 4598822048900810329 4594012151488237088 13828458103796053672 13829232322445721031 13830847385913527185
1 0 0 1 0 1 1 13828126329850557391 13826337182312538319 13831213005182801526 4607115922705438510 4607612023326592357 4581092075489771648 13820278552979357592 13821468075134036796 13821560046315431764 13824518140016657076 4604986931509598812 13830213483309682336 4595359051440396686 4591474950924412704 4594333387571491052 4589594282828650831 4591853183184430827 4608392221657061536 1 0 1 1 13828126329850557391 13831213005182801526 13812966319683426639 13815225220039206635 4606696254212890741 13821625188367898202 4596405698004752673 4607612023326592357 13821560046315431764 4581092075489771648 4604986931509598812
1 0 0 1 0 1 0 13826764979390192277 4604110309553487374 13825519442138386802 13831051487674346823 4607902388518079081 4607733767250481739 13822210980434809250 4595817989254733448 13829213859035710298 4606994113370151850 4607427400403263195 13827174363073609358 4585345547790657236 4582235271951881200 4603146742481343429 4595511945665951137 4600487166664022694 4607457953890684169 1 0 1 0 13826764979390192277 13825519442138386802 13815309025858943320 13820467990686985174 4602202430221372461 13826126078310875107 4604653672077721355 4607902388518079081 13829213859035710298 4607733767250481739 4607427400403263195
1 0 0 0 1 1 0 13822966528348964034 13818575497031310304 13830706254455789925 13821721729961241862 4601577410841545120 13819108877621087536 4584564090221761056 4587919325521334784 13827102165682248485 13830582327937427669 13825548713359978746 13831028668347147311 4591300941451980392 4589457147322131808 4599632947837054186 4598843474373918632 4599900425181580276 4609346947691160997 0 1 1 0 13818575497031310304 13821721729961241862 4592714780317595879 4589406902646725692 4599444217387991140 13821301315257795271 4606421518126737079 4601577410841545120 13827102165682248485 13819108877621087536 13825548713359978746
1 0 0 1 1 1 1 13830725208779671989 4603970148953969350 4594225504890587800 13822294756274083788 13830230064890682708 4607358072621175961 13824361942645548718 13818348808128298104 13830608222874092059 13830598359614188449 13825890313367802848 13817140532484390160 4594756362851342910 13818994366113807869 4606630706759415143 4596955128455089059 4594979058726007448 4610811615321699279 1 1 1 1 13819647609336922440 13813481171920692480 13820327165309864867 13817739108872970680 13815487021099124336 13823227719093452685 4606583645315990261 13830230064890682708 13830608222874092059 4607358072621175961 13825890313367802848
1 0 0 0 0 1 0 13823833683103171462 13828033734678305488 4603526531009576102 13826494943284422545 4596631998389325640 13824812053745462394 13825954083325441584 4597004001004610060 13828431649327633756 13831403814600662005 13830783600995551047 13828973799893738395 13813954458313216631 4589992005744288036 4595609213233084536 4602345177027053531 4599190046667743537 4603897203804171096 0 0 1 0 4596631998389325640 13824812053745462394 0 0 4602389764600670263 4598162403337756703 4605729817075072082 4596631998389325640 13828431649327633756 13824812053745462394 13830783600995551047
1 0 0 1 1 0 1 4591945642523034688 4598491421344275904 13823239210850079306 4605982984906472386 4605902176325611730 13827468027938762781 13821763374214570642 4578785970623359616 13826657200350554299 4607534511293479091 4605165611757808638 13830259649907004363 4589260548946457980 13818779371157385898 4598807468522569010 4598586928559005860 4601668262566144314 4609453314946602325 1 1 0 1 4595808127181872848 4598381608240403101 4592152061542449579 13816576514097628312 13824629109479911105 4592522048461088322 4606285715310358298 4605902176325611730 13826657200350554299 13827468027938762781 4605165611757808638
1 0 0 0 0 0 1 13812847872624783200 13830568732980174364 4606193734992820466 4607212658529407947 4602181602723516404 4608052587021930701 4598491140140307830 4591292483937453664 13826970156110178432 4600116000852482520 13830583618559121935 4580923410001563008 4593102707858563264 13811204371992237120 4605016543917905013 4601786615594409838 4597930409620732986 4608818824151914213 0 0 0 1 4602181602723516404 4608052587021930701 0 0 13830084807713914111 4592652861410253619 4599054089129431258 4602181602723516404 13826970156110178432 4608052587021930701 13830583618559121935
1 0 0 1 0 0 1 13817023507103695312 4602945410080980252 13828658363723367418 13822470449881057898 13831303143533272407 13828246434043329696 4597733645399775532 4601849198521784206 4599834455079150580 13814893389860106704 13817573139836946072 13826088115993816039 13792346126252247360 4594271254279498936 4601742680967172780 4595735365717121159 4593783933864032197 4595218014803667108 1 0 0 1 13817023507103695312 13828658363723367418 13819107402571896967 13817155970718808005 4605401675600153726 13813260749610805117 4603512027075630171 13831303143533272407 4599834455079150580 13828246434043329696 13817573139836946072
1 0 0 0 0 0 1 13821880996889864432 13811247695437322656 4592845798303148880 4602972040666033770 13824515487145144250 13823732362791139362 13824868110508238144 4590047811159459728 13828121898080983495 13822431214246288362 4607406489223855727 4605550138989693394 13817803538796498661 4561001402703315456 4602644165489203866 4602134481213526949 4600669404139479263 4608356883197318697 0 0 0 1 13824515487145144250 13823732362791139362 0 0 4600222002460092889 13821449502458500343 4606264819168593105 13824515487145144250 13828121898080983495 13823732362791139362 4607406489223855727
1 0 0 0 1 1 1 13826496228841785993 13829744513264084644 13822616528921386462 13830205376910586156 13829648246572277702 4606737334977351770 13820874369775815536 4584982577492664656 13831039166043744834 13827981607141061172 13825222158325482602 4601471294006293012 4589788415964859140 13813443915579410439 4594947653178963936 4588426703818383808 4597172193205021418 4601033882913189120 0 1 1 1 13829744513264084644 13830205376910586156 4588426703818383808 13820544230059797226 4605152871249338641 13826281360358277133 4600005741743107408 13829648246572277702 13831039166043744834 4606737334977351770 13825222158325482602
1 0 0 1 0 0 1 13816673827839497152 4605847907384299418 13828535217568612682 4605355596264719284 4603051789563016910 4606259464240346326 13823622152697175050 13817829803914414248 13818842517663146904 4607126398659861322 13826191910491696773 13829700830723312230 13813275447519778310 13813002364988363126 4597741832409816188 4598439215276248348 4594108864688364662 4608978721264237191 1 0 0 1 13816673827839497152 13828535217568612682 13813217762834599857 13815660139408213957 4604025238338135346 13808699039255615226 4605016466723406342 4603051789563016910 13818842517663146904 4606259464240346326 13826191910491696773
1 0 0 1 1 1 0 13826005396351038406 13818022950747552560 4599068169940374304 13824249918483099440 13829785592742592118 4606816426556714510 13822646367979705586 13824924390439763626 13811497230758102016 13813234206208435280 13827124865178235541 4607756172425730023 4585566669001229780 13814128991176506292 4601754171902986372 4599653024107492471 4591001476932946653 4599041500795442210 1 1 1 0 13822895249962420399 13810771704642367552 13823025060962268279 4591001476932946653 13808478107445012124 13823425326669159820 4606592623033143890 13829785592742592118 13811497230758102016 4606816426556714510 13827124865178235541
1 0 0 1 0 0 0 13830741873497260297 4604948472130684124 4604268110816716252 13824191847095604022 4598376036307525396 4603596586510425964 13813833021607588456 13807677152305721984 13821726853880080410 13827455557226673314 13830790625178127749 13827325581160517993 4593879740658126578 4579348626462491440 4601423031508483174 4599043123388698118 4599730012596631672 4604503529816381142 1 0 0 0 13830741873497260297 4604268110816716252 13822415160243473926 4599730012596631672 13827085581466365288 13828094215520730154 4599183033582884130 4598376036307525396 13821726853880080410 4603596586510425964 13830790625178127749
1 0 0 0 1 1 0 13826226199909058369 4602896227486320818 4603363299278585032 4606853333663405874 13803147889139848576 13821733824034286960 4594911766692239060 4598429000932776742 13827255777969936605 13823610761260466182 4607776974011860009 13822134914413863546 4589966146729707256 4589530499373990008 4601761315038924746 4597831861063504389 4596931272711963073 4608012337313487925 0 1 1 0 4602896227486320818 4606853333663405874 4597831861063504389 4590384891754932364 13828580013194966399 4598572935064249671 4603241208860035235 13803147889139848576 13827255777969936605 13821733824034286960 4607776974011860009
1 0 0 1 1 1 1 4606748731125332066 4602649485927539816 4607502860322349419 13830229427479168874 4604234045450229032 13828676017080252196 13814175126212645704 13823613539695966204 13810284043680060672 13827237911882762899 4595029040512027912 4607915488080359269 13814566420415001120 4594693916947543230 4605234606195171487 4600023796106069578 4595230651240632342 4608051236227993387 1 1 1 1 4604706441837712715 4587888110798101344 4569528109428955936 13818602688095408150 4591840653267216536 4604701904861705544 4604317479392646205 4604234045450229032 13810284043680060672 13828676017080252196 4595029040512027912
1 0 0 0 1 0 1 13827622998929754317 13815743675441324608 13806910040622347776 13805266408565257152 13822696295831080236 13825160258129188692 13820677021010426676 4590121661990658144 13817845370988546888 13826061434948058823 4598988822793688112 4606253165723224346 13817494879378688255 4596131447631311952 4606072848097899593 4594358488910396115 4589758547486456705 4609312255722906796 0 1 0 1 13815743675441324608 13805266408565257152 13817730525765171923 4587821559500412557 4596851623058894781 4584262919057869342 4606971096798218704 13822696295831080236 13817845370988546888 13825160258129188692 4598988822793688112
0 0 0 0 1 1 0 13826276693136825734 13830465457840216348 4606713007947051138 4592630783658528272 4608067450021606603 4605158553654256714 4600964578891452990 13806496630268610816 4594554169654734416 4589240094585681024 4607264623082290965 13823782738976532978 13804342606793823568 4577974875715074512 4605524636177743631 4601506014950069289 4601173623126220953 4608222467317321374 0 0 0 0 4608067450021606603 4605158553654256714 4600964578891452990 13806496630268610816 0 0 0 4594554169654734416 4589240094585681024 4607264623082290965 13823782738976532978
1 0 0 1 1 0 1 13820690670426737864 13830162895654427121 4604852061653553316 13830112291858772335 4594614083718631752 4589482675053610176 13823935019293051114 13820892102025323616 13829645487849226082 4607743629682823029 13830961696158255291 13830760316628936400 13812293308773537664 4592193844043854252 4604125218712179238 4586296023055038541 4586410514415606593 4599924758590918682 1 1 0 1 13826873902687418002 13815589230919713580 13809668059909814349 4586410514415606593 4596654177033483161 13825960727335773229 4605774459154215560 4594614083718631752 13829645487849226082 4589482675053610176 13830961696158255291
1 0 0 0 1 0 1 4606812484834874502 13827407673241949577 4596682035746595000 13829449701179787226 13826351384173894185 13826025418235234264 13817181622246444812 13823040237506749298 13827983418273899366 4603062423636692088 4605720244630794314 4607487092445629903 4593697991631154022 4595703559123235550 4601122496058420136 4600178840859236681 4585342964570357575 4609238174332714718 0 1 0 1 13827407673241949577 13829449701179787226 13809357569087838016 13808715001425133383 4606027167915423329 13823228290618776788 4599968959436968799 13826351384173894185 13827983418273899366 13826025418235234264 4605720244630794314
1 0 0 0 1 0 0 13826065064545013954 13831208158794988965 4600357971234414816 4604839927611434368 4608030719477016267 13827862825375358824 13818441708496391392 13822842831093311184 4598083030083503512 13826850847256187228 13824139193290780650 13831133837610658930 13800711355885325472 4583009047185271440 4605297504376073738 4601353481054233688 4594690904195007806 4607551559282468110 0 1 0 0 13831208158794988965 4604839927611434368 13821803034180520294 13817760771686681554 13827448617758783075 13827714260054808356 4599423711172574802 4608030719477016267 4598083030083503512 13827862825375358824 13824139193290780650
1 0 0 0 0 0 0 13827726799272017414 4605224548685887220 13821775032132743288 4586789631887156736 4603188904345813080 13830999010893073888 13821867073632804686 4599182821376513628 4603574123420879010 13830631646451021903 13829036908666386835 13831277940974653861 13818064443797836303 13814997671067204122 4593657842257492928 4598462269808151156 4599209363692635660 4595439808538921862 0 0 0 0 4603188904345813080 13830999010893073888 0 0 4605764743049488320 4599994980753386240 4601028942346534461 4603188904345813080 4603574123420879010 13830999010893073888 13829036908666386835
1 0 0 1 0 0 1 4607603630874040001 4596303868808839504 4604128191910715754 13828191255067908754 13831002509573523405 4605761833658242002 13814272740671528912 13824784509992553410 13830474303045809551 4603054876023993144 13830469468472817384 4608067947119848733 13811442949634591740 4582428022830555496 4602656669016387308 4591942773117143479 4593685443958011314 4608487299068440641 1 0 0 1 4607603630874040001 4604128191910715754 4591942773117143479 4592344433087491368 13826907670046147243 4604777549373075850 4599606211665386073 13831002509573523405 13830474303045809551 4605761833658242002 13830469468472817384
1 0 0 1 0 0 1 13819466591571340136 4607644564837148779 4603536201489883730 4600165952669781760 13826929437617332735 13827444161541759465 13825039728588384334 4602497503630805832 4592586593569541792 13829782051023997936 4588161207026878656 4600698506223238628 4576432088770970016 13814452111848624416 4604513159924514262 4593499744859561284 4591204922201669594 4607901839205033506 1 0 0 1 13819466591571340136 4603536201489883730 13816871781714337092 4591204922201669594 13827240451239538147 13818125204546027766 4605013900263534462 13826929437617332735 4592586593569541792 13827444161541759465 4588161207026878656
1 0 0 1 1 0 0 4581679698788391936 13827663507686415818 13829817478696101064 13813577433311754304 13813995918957598928 4600370913341548488 4590746377749796432 4595428704922355080 13830163096725527232 4605922567720138406 13826234378538112651 4607855497611446703 4596040957414176540 13807894511067713424 4587049318552282000 4602432003157548146 4601103129904188076 4609730744416315557 1 1 0 0 13822971705640921322 13826006501042957264 4596187206665872800 4579944460434475708 4601778339597743295 13825034790698978175 4605156290886105093 13813995918957598928 13830163096725527232 4600370913341548488 13826234378538112651
0 0 0 0 1 1 0 4585356927413045728 13828769151460426123 4597505858208824328 13826824615935693897 4581495780722698176 4607655259338754459 13824398200022380726 4597349605636479712 13830755986100310330 4605273633072752624 13829924073654591792 13830363570436024490 13816044635131986468 4577097675446265728 4602170732272306844 4601854272216561429 4594130180038275912 4607397490926304448 0 0 0 0 4581495780722698176 4607655259338754459 13824398200022380726 4597349605636479712 0 0 0 13830755986100310330 4605273633072752624 13829924073654591792 13830363570436024490
1 0 0 0 0 0 1 4605452597370620838 4604869383622252130 13829050638917861868 13830940019748542897 4604561776746481688 13822803582927772332 13815707330137572400 13804176439699397984 13829331277915188408 4603350299200050530 13826485534745340595 4602731410506000408 4593687749685476174 13815585593974807088 4604460506863112752 4601148934907525143 4594834211086948985 4608871532561731172 0 0 0 1 4604561776746481688 13822803582927772332 0 0 4596853785088331542 4603024245125328075 4605518560273832544 4604561776746481688 13829331277915188408 13822803582927772332 13826485534745340595
1 0 0 0 0 1 0 13831288012104003381 13830773542774640307 13829637323454701431 13820064357372270920 13828130523854646754 4607406427675156105 13821814349858388952 4602051331886753222 13830365343782759222 13817177534010378848 13827187318056967915 4606609939895600390 13808212572043653804 13818707105673549498 4594004585131212956 4593396414164144202 4598070613321837979 4607465464871445181 0 0 1 0 13828130523854646754 4607406427675156105 0 0 13830008724456599619 13820481412491937454 4598400943948377048 13828130523854646754 13830365343782759222 4607406427675156105 13827187318056967915
1 0 0 1 1 1 1 13824929053909674536 4606517626236386450 4606636705660038602 13825119817203701306 4603292259739113138 4607714484254753235 4600123187563930888 4599179915245028332 4598433179520421276 4606254217095056622 13830156135142650782 13830568384438169493 13818230636201812223 4588707935768523664 4605906429991849667 4595861547977075556 4597127355134131060 4611493596527441427 1 1 1 1 4597967436535762684 4598014832089040218 4595861547977075556 4597127355134131060 13819211367171420296 4600600945553632332 4606320408394013683 4603292259739113138 4598433179520421276 4607714484254753235 13830156135142650782
0 0 0 1 1 1 1 4606569785478602522 4602996605597840756 4593910705886956192 13818354986997592208 4604708054211924410 4607451627703451061 4584710071286456592 13820153087464386628 4586090310955949792 4600568785137564128 13830880632646098874 4606987414206023918 13811339632619774828 4591585882199001036 4599462870909354244 4601704269440543738 4599667715534946891 4611634271038174404 0 0 0 0 4604708054211924410 4607451627703451061 4584710071286456592 13820153087464386628 0 0 0 4586090310955949792 4600568785137564128 13830880632646098874 4606987414206023918
1 0 0 1 0 0 1 4606827170852683750 13827596695071038856 4600558709888999084 4604902364237981030 4596549499136519760 13827740903600296113 13819367667942431180 13821041681842028500 4599905817277934572 13825849845433212046 4600608618955745696 13814501105671480544 13818608842963810111 13818929571992421058 4598262556064423180 4588587984119263348 4590424605075306651 4610345172623016772 1 0 0 1 4606827170852683750 4600558709888999084 4588587984119263348 13812286739895111658 13826329122869603943 4605075386414541034 4600198821051098176 4596549499136519760 4599905817277934572 13827740903600296113 4600608618955745696
0 0 0 1 0 1 1 13827749174779248091 13826558538842219069 4605993353782778390 13828137958441690171 4605686540848684262 13817807534219430416 4585032042373153648 4591131419808444952 4589887768305393648 13822989932604433380 13823936731964219796 4580781819429002496 4595385086460911420 13814149770381723556 4597214926108274616 4601316079151512976 4601155418291715780 4610961382246033185 0 0 0 0 4605686540848684262 13817807534219430416 4585032042373153648 4591131419808444952 0 0 0 4589887768305393648 13822989932604433380 13823936731964219796 4580781819429002496
1 0 0 0 1 1 0 13818614308220515176 13826206754935908266 4599830087380199536 4600291565148516484 4592829484988649728 4607073275531359502 13816354186983127536 13824781340912687538 13817919372506650576 4598878250643957624 13820696118463558480 4608075862154251303 13816751989770375504 4594286884509731860 4596315387455104544 4598451915540680276 4599350653199299004 4607525522037567384 0 1 1 0 13826206754935908266 4600291565148516484 13818303106557449852 4594066662504543866 13820592490569442471 13823822359497026095 4606273943550032913 4592829484988649728 13817919372506650576 4607073275531359502 13820696118463558480
1 0 0 1 1 1 0 13814148288936583712 13818296516242710720 13831230072530885472 4605648538948925722 4579110618659345152 13817401916877374816 13824554085525307064 13822380021573811674 13828465834365978514 13829549837548974559 13826521620650712269 13826542427899831392 4595270789569970450 4590847306822191816 4587680972140509616 4595967095449650865 4601657654040607102 4611397427037592800 1 1 1 0 13816848832324661712 13818310284351863628 4594080198443907994 4590467216106264744 4597940610162963060 13822068037489411562 4606542336264976296 4579110618659345152 13828465834365978514 13817401916877374816 13826521620650712269
1 0 0 1 0 1 0 13824697864237629186 13831289473327352597 13829745358513011132 4565109664531374080 13817457736332423792 4594923570112869904 4602039326821417984 4588974123713894800 13828603292251790172 13829019521392011672 13828320879405696022 13830977949498566957 13813389081092086350 4592948228929663624 4603253008840805781 4601649282788330682 4601400323410581786 4609325314351438950 1 0 1 0 13824697864237629186 13829745358513011132 4599343369592151444 4577553104180593272 4605874422840454111 13818962436759973713 4602452046340228378 13817457736332423792 13828603292251790172 4594923570112869904 13828320879405696022
1 0 0 0 0 1 0 4605698566499370514 13821963960748089282 4601438072608190040 4606634035850024866 13827679258145101368 13829048804569400152 13824701514506631936 13824273480379574092 13827274374335856525 13828814455769785094 13829296762404113086 13828585750292258914 4585607617717217812 13817752378825094205 4606470134376268468 4596370968743900632 4593353957875548035 4589337903197588610 0 0 1 0 13827679258145101368 13829048804569400152 0 0 4603895901810175183 13826127352816485178 4603412217698308113 13827679258145101368 13827274374335856525 13829048804569400152 13829296762404113086
1 0 0 1 1 1 1 13829592298754027726 13829124550316732974 13830644697125707974 4603808881092510274 4604554442632508032 13829684370024325408 13799832870535555776 4601519264609359688 4601685733039302844 4600835952876097720 13823510305120937234 4603242706912838706 4593915917674612674 13813304345029507242 4603248373091283354 4602615227934802081 4589534917339989539 4597719406076800732 1 1 1 1 13829358424535380350 13819648098443984532 13825987264789577889 4589534917339989539 4593589635184112084 13829063328762464421 4603011914251893039 4604554442632508032 4601685733039302844 13829684370024325408 13823510305120937234
1 0 0 1 0 1 1 13816357446003568112 13830990190587873645 4603656895778413314 4601764876251399044 4595756426248500328 13829281809134846470 4601932382453236082 13821981989364973118 13823973255348766914 4607902533635570477 4607025215213054986 4602896266109333678 4572910084881993664 13814224224927691063 4602889830549743454 4600141714305800413 4598505089654082968 4602260523077021323 1 0 1 1 13816357446003568112 4603656895778413314 4600141714305800413 13821877126508858776 13827311604898934287 13814714636127575990 4605045814858744243 4595756426248500328 13823973255348766914 13829281809134846470 4607025215213054986
1 0 0 1 0 0 0 4600530305471733412 4579808193070219008 4603237851228643156 4598228924151285392 4607519276802368981 4594909353027108880 13823314096312700960 4593965473789867884 13826931557523923088 13828250488249001032 4606953755551849046 13829242712642322646 4590954363342230360 4594586328743203746 4597999520571188524 4592340839204037116 4602564878180881999 4611416858246847371 1 0 0 0 4600530305471733412 4603237851228643156 4592232604511124112 13810394801985563392 13824252056272973504 4598446936352433214 4606077021290017193 4607519276802368981 13826931557523923088 4594909353027108880 4606953755551849046
1 0 0 1 0 0 0 13828360439531347564 4605381471710286622 13831071527401064037 13829876191440987526 4603723997466367628 4603017862687772380 4600155741233202086 4600401782141479078 13829581504486795104 13824401455002192560 13826129533771374177 4607778039189694939 13815102279118344986 4581676209594232528 4601775868734825056 4596222030602750390 4597084598069414064 4602831094783771928 1 0 0 0 13828360439531347564 13831071527401064037 4596222030602750390 13818104338250358456 4606343196158658509 13821689255111993938 4599677750277894715 4603723997466367628 13829581504486795104 4603017862687772380 13826129533771374177
1 0 0 0 1 1 0 13831344858595244725 13823004636746848524 13830468400315538445 4599873145984006720 13829235576510530158 13827905480535646596 4598792961014737262 13821276978319945944 13828453975853206862 4606135820952510842 4593977110470007312 4607728234998334781 13818913469764028618 13818439834672664716 4606653128103670771 4598363812497652769 4598085588992859335 4607733227369390804 0 1 1 0 13823004636746848524 4599873145984006720 4598363812497652769 13820564762672888042 13825806502448976852 13817368773944313774 4605951818461747232 13829235576510530158 13828453975853206862 13827905480535646596 4593977110470007312
1 0 0 1 1 0 1 4587088446296414944 4605634171411655146 13812706315375318336 13828456721401524770 4606690687445575334 4606332274735973458 13822002400012382546 13818938458980691376 13831284133901842343 4605760721893897826 13825051098091938810 13829282175946817450 4586418838271708672 13817898606692033565 4593135411779186016 4588551900409939621 4599516695055345782 4599683308581387664 1 1 0 1 4601563548363073432 13824536854006326474 4588551900409939621 4580518208896329616 4598428452947628920 4600352315691003507 4606194873483774621 4606690687445575334 13831284133901842343 4606332274735973458 13825051098091938810
1 0 0 1 1 0 1 13822554303854439392 4604415463048026162 4607261558682403847 13822695892179781040 4598635627485360984 13829213170972185136 13822137619058677154 13824319102223579650 4599115701190055780 4599857971610304904 13803519869880126208 13817727015610340976 13812574426363049694 4583328168088149040 4605222075273957156 4602443532157788878 4591211583207363995 4609729484988702929 1 1 0 1 4596137860214277252 4600010981233870134 13820783022273490412 13814583620062139803 13822800785167692502 4597826712940991383 4606430987024711965 4598635627485360984 4599115701190055780 13829213170972185136 13803519869880126208
1 0 0 0 1 1 1 4605455745062743610 4604132260547529088 4598597891554656548 4602688078504864466 4606705744937538658 4604282303245118514 4602274881716074434 13823102584266133650 13829087073111348286 4607060388461234378 4591095367140250416 4607747554637928575 13807521618166016128 4587286365455696236 4606189591900057939 4600176090698369190 4599409431548666272 4590595187222818628 0 1 1 1 4604132260547529088 4602688078504864466 4600176090698369190 13805811872137469424 13824904993140325461 4603339075085591566 4604421344904413368 4606705744937538658 13829087073111348286 4604282303245118514 4591095367140250416
1 0 0 1 0 1 0 4598415225416750640 13829443834360075524 4593796646708323120 13829016384415946998 4605584136587623266 13815231313240241504 13811608495764755344 4594884635496901188 13830607601875314838 13829833423313209600 13814362533258364240 13830566330974930776 13817671017897887228 13812712124934306624 4605700220185255905 4599123148777772616 4593143128347574255 4611274568415237044 1 0 1 0 4598415225416750640 4593796646708323120 4575853951453775448 4593143128347574255 13819463188756618999 4600649309149423392 4606296918394961740 4605584136587623266 13830607601875314838 13815231313240241504 13814362533258364240
1 0 0 1 0 1 1 13826922600271874556 4592444838441053632 13830740300033662109 13825181145946976682 13826373318431288808 13829858637908983610 13823621768356580126 4602444776280800618 13830461194507050744 13828687015397239762 13808903331754242368 13818815805222824952 13812749731043840292 13815200448611339725 4606286006369412135 4587455357810310464 4600008100304071685 4608667456932237168 1 0 1 1 13826922600271874556 13830740300033662109 13810827394665086272 4600008100304071685 4605458847228537038 13822413755914108686 4602743470303395715 13826373318431288808 13830461194507050744 13829858637908983610 13808903331754242368
1 0 0 1 0 0 1 13824433168173096498 13830139509787406083 4588579559790883712 13827192536611024821 13806573755599477440 13826060455397142439 4598599458279876210 4601723596323999566 13830124411262324104 13824862110918744968 13831242784647000639 13831100367603114299 13814782747704333863 4594404133082600116 4603067567397826339 4594385541604682811 4595975165081936977 4610469353614509252 1 0 0 1 13824433168173096498 4588579559790883712 4594385541604682811 4595975165081936977 4590919394759245903 13822630643894831745 4606702511535504634 13806573755599477440 13830124411262324104 13826060455397142439 13831242784647000639
1 0 0 0 1 0 1 13825106025446111106 13822378909592134530 4604997228337846592 4598472231195277916 13828613121559747798 4604676868008160582 13821614412825359126 4598910441859167324 13828187562685957351 13827581826735978758 4599997128526618032 4596742247196485456 4586415149396926616 4583968951463378752 4607032474324059124 4590165537355040787 4599759466498487974 4605936541983079864 0 1 0 1 13822378909592134530 4598472231195277916 13813537574209816595 4598808500153880037 13821021944655437529 13822875181597644620 4606429404361790084 13828613121559747798 13828187562685957351 4604676868008160582 4599997128526618032
1 0 0 1 1 0 0 13831391247334521673 13830013048329210655 4601840496167693324 4604719136328846248 13828722982452441806 4599433697997799220 13813306751184352424 4599863311099282706 4606502937383716150 13806782677017443328 13827949279198757950 13826704875435272765 4593516121638298512 13809798085648732760 4602539773678918308 4600880932597368080 4598454377131737154 4611535623704873688 1 1 0 0 13830837499663261804 4603489396999508183 13822313776101701528 4598454377131737154 13826878994235625146 13828275180201752105 4599125884812773821 13828722982452441806 4606502937383716150 4599433697997799220 13827949279198757950
0 0 0 0 1 1 0 13815053373554075152 4604134095844900984 4594435948448705600 13825454673830189058 13804757987396820480 13808975491077469952 13818700551686232216 13821626725627032074 13822839239554766826 4608072314808559415 4607515542482121049 13823059843498196278 4586593803859615448 13814827236063114311 4589980508284861624 4594571067713511234 4589357079562739305 4608951735525025160 0 0 0 0 13804757987396820480 13808975491077469952 13818700551686232216 13821626725627032074 0 0 0 13822839239554766826 4608072314808559415 4607515542482121049 13823059843498196278
1 0 0 1 1 1 1 13828967511227937890 13829717331322929910 13830611035734646495 4603106457453341340 13822182367733421964 13823043993147884710 4596080279946261328 4587628921570830400 13828537623879023947 13830962625563452101 4580275414065316096 4603773423028335542 4592210500655887380 13818739421952653887 4589434146765812480 4602518428769011973 4598668268967244653 4610942851349296339 1 1 1 1 13829342421275433900 13820918300158076484 13800310673410744512 13812153284488716536 4588871022217106979 13828964396986148154 4603256489672926832 13822182367733421964 13828537623879023947 13823043993147884710 4580275414065316096
1 0 0 1 1 1 0 4607634417965305931 4602294971018205916 4601185683192914936 4598373164958673328 4598956931634662088 4599686236044125720 4596327731102309680 4602257700680603582 13818949141375146512 13826748763514649357 4607877513731382319 13816488452255687536 4593371663964547556 4593593975736587120 4602710606950295456 4584912130435801636 4599871488075843039 4609439033825632841 1 1 1 0 4605286656113010434 4599779424075794132 4584912130435801636 4592242507572458024 13820231240874148024 4603630596682943526 4605079664092342129 4598956931634662088 13818949141375146512 4599686236044125720 4607877513731382319
1 0 0 0 0 1 0 4598455106427361128 4597196311704918128 13828186587596088202 13818749421443789680 13830916882939815347 13815233807757562048 4592249426581243464 13818914282473569204 13818493176330163320 13827429033865101293 13822009721848702236 4603764956223154286 4582841472583654848 4590089204489634376 4600455576442968778 4599546918999609159 4599825300350402373 4605148597414177514 0 0 1 0 13830916882939815347 13815233807757562048 0 0 4595446862444536056 13829473311396701662 4601632348384576971 13830916882939815347 13818493176330163320 13815233807757562048 13822009721848702236
0 0 0 1 0 1 1 4603074024959101650 4607608894457031587 4593689593111121080 13830714446859716086 13831445177553276078 4603685054029835654 4598308091851524708 13817801008292286196 4599658066692557932 4607718979615588661 4598501785339010208 4607256394625763095 13813636571452327412 13807084984400149680 4602343950857347074 4602107879101124548 4601111483254988898 4592667969686002532 0 0 0 0 13831445177553276078 4603685054029835654 4598308091851524708 13817801008292286196 0 0 0 4599658066692557932 4607718979615588661 4598501785339010208 4607256394625763095
1 0 0 1 1 0 0 13820424956430469572 13825579754255943382 13826985942572392742 13825420558942069602 13812259388136876544 4607754524192965109 13822868118154166236 4600008029691524946 13829672706937127690 13813825944606054224 4603668305212238214 13830964255722081789 4591734992535347956 4595754797614557876 4597752983758992876 4593394580634728180 4599219540587739377 4604501818437793610 1 1 0 0 13823282930335602140 13826360825028569452 4593394580634728180 13822591577442515185 4604095670585822403 13822881156685950205 4604303742742732085 13812259388136876544 13829672706937127690 4607754524192965109 4603668305212238214
0 0 0 0 1 1 0 4603842770235834442 4605976569863208294 13825328687678395366 4607524824341802809 4598262908471170156 4607282906261240585 4598424415066678510 4596371075998258404 4602981585972241500 13830558627340508754 13831066766893398851 4606051000455880542 13814321897767296096 13818681232647132615 4603531974439451740 4598510132758289736 4580346391213008335 4600464380667645950 0 0 0 0 4598262908471170156 4607282906261240585 4598424415066678510 4596371075998258404 0 0 0 4602981585972241500 13830558627340508754 13831066766893398851 4606051000455880542
1 0 0 1 1 0 0 4594414835009300088 13827406609324393802 13825076665588184696 4591291245827307056 4608019865032095053 4600046013400255196 13818718383093717092 4598633962732234674 4600851309922301788 13828473741327272856 13830918340879355139 13830967051743406467 4587922945118138632 4592471830513549444 4602737513847948025 4598762355457971593 4597875859339937947 4608407487619275574 1 1 0 0 13821591306017332140 13818916359669778668 13820219133772897479 4597875859339937947 4598742164165030704 13822256070862688934 4606415954859110231 4608019865032095053 4600851309922301788 4600046013400255196 13830918340879355139
1 0 0 1 0 0 1 13830823395398516266 13829581969042671290 13828254990697861708 4603435988462092872 13829095571837648635 4597986308001449184 13823929334866727604 4596673656087888952 13831350145550867501 13823208930011578586 13823702059830102464 13827413450665942529 4590071475753234052 4589575587627570696 4583408160977997632 4599228189370923543 4601054430396194705 4608504008237053947 1 0 0 1 13830823395398516266 13828254990697861708 4585020170502014049 13817421793634593348 4604716779870873585 13827159637416729157 4598901842186538157 13829095571837648635 13831350145550867501 4597986308001449184 13823702059830102464
0 0 0 0 1 1 0 13829059805469634027 13831341665326353012 13813946964145402336 13820232711350723736 4604617697702389290 4590324731194944064 4602034226985965414 4599309242773652008 13817547619412865024 13822949394273779234 4605245215647671330 13819392580619166832 13810938531008277480 4582934370337782128 4606846828422563410 4582590975515180526 4598382926708161838 4604549217876950970 0 0 0 0 4604617697702389290 4590324731194944064 4602034226985965414 4599309242773652008 0 0 0 13817547619412865024 13822949394273779234 4605245215647671330 13819392580619166832
1 0 0 1 1 0 1 4599337854906589024 13826237525629682933 13826075476852156051 4608025933994014165 13822186251914284434 13831124451834014640 13817144844373008920 4601191543454066770 4602753340290066664 4607638913941659817 4604892981688756902 13824695522990225114 4596045308925330340 13812473540692419368 4602453011079828474 4596126729231746536 4600378517126251667 4607115742155574491 1 1 0 1 13815465064459097364 4599837629108536599 13819498766086522344 4591819889107931290 13824130419182277977 13821842626037313701 4606100909518481871 13822186251914284434 4602753340290066664 13831124451834014640 4604892981688756902
1 0 0 0 1 0 0 13828382010330210796 4607403246971999205 13828674931448884800 4607727486211924529 13819509535626417280 4606799957771207122 4596003857973865256 4574466949250360832 13818696243608189376 13816732521768906064 13828514602028620870 13811165090182710464 13815554391544792765 4593714132842288772 4606932388247904528 4601917362819941904 4599332912826478878 4610279070874317784 0 1 0 0 4607403246971999205 4607727486211924529 4596175578528935874 4582048310975037664 13829101386385773339 4602640340343234866 4597123166606230832 13819509535626417280 13818696243608189376 4606799957771207122 13828514602028620870
1 0 0 1 0 0 0 4599597582323618760 4603562337119302760 13804490629746501888 4587819514811960416 13830637064382325854 13827162791032745517 4583268482031984800 13816560108683754320 13826074785571835217 4603328884197967740 4594568567444753080 13803700372226540800 4593917526324617048 13812740817253000030 4605965997333703056 4597911511145855734 4601442756589598830 4607239087213549639 1 0 0 0 4599597582323618760 13804490629746501888 4590306349420733277 13816220319591848137 13810208502001252286 4596216952683341718 4606998489569539929 13830637064382325854 13826074785571835217 13827162791032745517 4594568567444753080
1 0 0 1 0 0 0 4598710909734761648 4598457527517633748 13826231929555733820 4606932612821484886 4596028219011128800 13799483191134947584 4590812491414288712 13818311316725556168 13813431616705398304 4604842703393471500 4584552821709204672 4606600349035249910 13813837704745154068 13800676124744075856 4597507951863640128 4591166077669602295 4593790411307161089 4607257340153068311 1 0 0 0 4598710909734761648 13826231929555733820 4591166077669602295 13817162448161936897 4602456936861258187 4599215426694491890 4605533938290532852 4596028219011128800 13813431616705398304 13799483191134947584 4584552821709204672
1 0 0 1 1 1 0 4564845340516325376 13831008375183104837 4603198047811218296 13818837164734478888 13828079432487593059 4589885265673960800 4599035380237220854 13823919586126005352 13826251179118054281 4592089197587156832 4598200317539128192 4595295362058709200 13817488643042327517 13817660127729627725 4599557306009574944 4600334264076262812 4601831144270556271 4608731946188323637 1 1 1 0 13826497741847123615 4596065123027835356 4591180197467411690 13817574156091065712 13822941451001604566 13823863938784020093 4605972948865045177 13828079432487593059 13826251179118054281 4589885265673960800 4598200317539128192
1 0 0 0 1 1 0 4607463913809829817 4607395760743942789 4601909476581974992 4608021952227479343 4604622759483390582 4592825299857518192 13820663147635753180 13821299864860923908 4600142524246378604 13831332085273531285 4604038164805140956 4602640513367173824 13812865430950146318 4585547111381320148 4596250243160193488 4602009026233897099 4599422441492037953 4604181896322243624 0 1 1 0 4607395760743942789 4608021952227479343 4600340899801268289 4598621632926055112 13829765163345729103 4600291230515855048 4595668275952808767 4604622759483390582 4600142524246378604 4592825299857518192 4604038164805140956
1 0 0 1 1 0 0 4594250470234673504 4607313171765568751 4607149368170377294 13823270414226261680 13816578269644799424 13829936432842725502 13822074147264976566 13795283100779902336 4589184348211394576 13816036279871258032 4607392314892488253 4598400629976211804 4589974098220485080 13816219804181749111 4600918169075853870 4594132420029080987 4600496519984335458 4603909847496245989 1 1 0 0 4603444878381215515 4599532389816216822 4593954751360722086 13823176028554957680 13824698845792937781 4601651693783652820 4605285688162389518 13816578269644799424 4589184348211394576 13829936432842725502 4607392314892488253
1 0 0 0 0 1 1 13830862541592080885 13826398285730109984 13828632436132494924 13830871543286869656 4607203593934344099 13831415535027122226 13821962051800325810 13822570230361567926 13831081597292724501 4586772909441474080 13821966391878698878 4598383773424726132 13819310916139824050 4588281429737613456 4604007967403180351 4601321969986496184 4585855393454068872 4610899988823862316 0 0 1 1 4607203593934344099 13831415535027122226 0 0 4606715917794287402 4598989580638629405 4593115447685847160 4607203593934344099 13831081597292724501 13831415535027122226 13821966391878698878
1 0 0 1 1 0 1 13831323097260267869 13823539861340740798 4600996070994069400 4607894462801837327 4599952902453931348 4602194967751201972 4600042746440581692 13814714036806202504 4591892537416426048 4595119407306937600 4604694894726047982 4604669236948402868 4590979710335981956 13814211125701480685 4600018242276394544 4600537420474258396 4602210349946882183 4605610949258713201 1 1 0 1 13828443548774912140 4605221975943507701 13820289923483321769 13800113079350909052 13828420309889551404 13825816124085491987 4601327135173330266 4599952902453931348 4591892537416426048 4602194967751201972 4604694894726047982
1 0 0 1 1 0 0 13830563435354758261 4597156255603497072 13819649685082956256 13824033432296901492 4601093902890082088 13828411563275858964 13822754449508340778 4602536222040964124 4599212216673435176 13826930053274023416 4607435817036144141 4586316971505665728 13818318382038912103 4595678443633538300 4597568110258994240 4599548549233926508 4599551892102505770 4607956330649026632 1 1 0 0 13824071756599112398 13822315951519202866 13822487583792419844 13822923928957281578 4601884200537414275 13819843015777624207 4605981287249796148 4601093902890082088 4599212216673435176 13828411563275858964 4607435817036144141
1 0 0 1 0 1 0 4607832367826736563 4593831230564142856 13826760301496554557 4606123952084440318 4601282631232436024 13831376867912169575 4599586731745320830 4595284352862378212 4585358842242122528 4594752338952532696 4600525020147187536 4603997348806856950 13802902777833570592 4594008150035319500 4607040481567926254 4602043667851258409 4599775725229650321 4608391909489906673 1 0 1 0 4607832367826736563 13826760301496554557 4599617520451703617 4594973322811444580 4604067596263336942 4604417765311775359 4599126950294787256 4601282631232436024 4585358842242122528 13831376867912169575 4600525020147187536
1 0 0 0 1 1 1 13824631053227422630 4585008951771011072 13823424619048094106 13831446835910495539 13827352715159544626 13824901161200997914 4601684579160764364 13823148550094658870 4592880194819786672 4607785959096470609 13824976924184232554 4608057261913321195 4594428809297797270 4581304534467586928 4603601195989508591 4600258798179895087 4599809472449118793 4611682556741597868 0 1 1 1 4585008951771011072 13831446835910495539 4598354684100800801 13822078652845652030 4606626861595165113 13809120769293780941 4599861099178856002 13827352715159544626 4592880194819786672 13824901161200997914 13824976924184232554
1 0 0 0 0 1 0 13800824238900886528 4598313051656373264 4605913504109032170 13826854655244814085 13822200574115622244 4600278072566641752 4591740346352873624 4598136351429108680 4607141122634069938 13829634977284541020 4596549637887743568 13828964049821658168 4595848674899169172 13809413718275764392 4606374954228817828 4600054688336906465 4594171672382823426 4600553397105874125 0 0 1 0 13822200574115622244 4600278072566641752 0 0 13824183674278309534 13824558881993189325 4605541699260221705 13822200574115622244 4607141122634069938 4600278072566641752 4596549637887743568
1 0 0 0 0 0 1 4606479372699712830 13830068496553778632 4607443150141561633 4606714079321261274 4605414682825365194 4600836871677309272 13804711136791687616 13823440171507703452 13826296934200572576 13820956142374599444 4597834197044495448 4607421736592998003 4586801457982700520 13818784512008278911 4603599712582684919 4582022534791547368 4600759551205641834 4599649718963715715 0 0 0 1 4605414682825365194 4600836871677309272 0 0 13826415939579070185 4603382992812997964 4603680186403392736 4605414682825365194 13826296934200572576 4600836871677309272 4597834197044495448
1 0 0 0 1 1 0 13830225147662192241 4592039729015158736 13826104774913999556 13830780593048457361 13823603640196592912 4607703784837673857 13822279271818207672 13818690876440376300 4603957077154293358 4606810566507537350 4604937993506573018 13831094829603036504 4595148688563626800 4594384225985926582 4592184705234752208 4601545764938056495 4596430094663362266 4604294296046454027 0 1 1 0 4592039729015158736 13830780593048457361 13823997241427731925 13819802131518138074 4606553828796736773 13805757396319660751 4600269904103747810 13823603640196592912 4603957077154293358 4607703784837673857 4604937993506573018
0 0 0 1 0 0 0 13830056491974721812 13812612475728626112 13828297308112526428 13831029176713056858 13824417896822296448 13813850801271801712 13820242643914752556 13825637603310643684 13818846392584451640 4601441473015097520 4606832270234643506 13826186668618768718 13799181533608735104 4588159196675751824 4606035405101592369 4582650395398404015 4595356635070315354 4611211442724263388 0 0 0 0 13824417896822296448 13813850801271801712 13820242643914752556 13825637603310643684 0 0 0 13818846392584451640 4601441473015097520 4606832270234643506 13826186668618768718
1 0 0 1 1 0 0 13831300957659717390 13821383528095786248 4602764376396085252 13823143767974201378 4603439853919059830 4604446256151207514 4594444951358623360 4599122508991116430 4593683741724198456 4603896304910129060 4599140147591708128 4604969335648550476 13803583481850368000 13816876752995276247 4598897291265342758 4584259207985716588 4589993645105963611 4588567303004942474 1 1 0 0 13827902791901156271 4590820825663360972 13807631244840492396 13813365681960739419 13819984393453180245 13827155629754149625 4604973171648234769 4603439853919059830 4593683741724198456 4604446256151207514 4599140147591708128
1 0 0 0 0 1 0 13826009805565538100 4605365633985217508 4604663099415742414 4607755351421882389 4607757352400852089 4597807009126054928 13819271794812653752 4602474377306433316 4605196775388327364 4604743366281547580 4601327892077572808 13801435337518755968 13819046707279434986 13804390808447165480 4604081167744289159 4600126642198183827 4586082101113992362 4610597504368337272 0 0 1 0 4607757352400852089 4597807009126054928 0 0 13821646629733224895 4606585027026124126 4598191768822891993 4607757352400852089 4605196775388327364 4597807009126054928 4601327892077572808
1 0 0 0 1 0 0 4603723400241396020 13823487850963919658 13831018135446073691 13814744003196469216 13823122370548551348 4607370860328690967 13808185014329630464 13817121418796217032 13812734073067777552 4603034795264592896 13813443530120539280 4604391051398757004 13813105058256048432 4594122345770350216 4589873193287491160 4589555720039500163 4598473123853247699 4606175834068137553 0 1 0 0 13823487850963919658 13814744003196469216 13812927756894275971 13804395126538264324 4597402684240979565 13822014576878424991 4606584382469827201 13823122370548551348 13812734073067777552 4607370860328690967 13813443530120539280
1 0 0 1 1 0 1 4604192593680859122 13815162455408392816 4605568906635116846 4606403854349940002 4604272865725513792 4605599165102325742 13818332880800544188 4602598147093694102 13822416059839869498 13801684338880737024 13830631156466004183 4608064306040500225 13779727492025263616 13814298073439446471 4605685082016750334 4597150364228640826 4589184314985375613 4593835767074617199 1 1 0 1 4598798244317182116 4605986380492528424 4597150364228640826 4589184314985375613 13828895326002134540 4595026480842211901 4603174260856901943 4604272865725513792 13822416059839869498 4605599165102325742 13830631156466004183
1 0 0 0 0 1 1 13813926621136125904 13820907679317768600 13831203204052512115 4598311912336574648 13831439452979561437 13829152126171771176 13820936814535288832 4592673696701325976 4601413783074825656 13830754730703612732 13828864248096840386 4592343886476185504 4594016513113514254 13817179718616183237 4605641189905044448 4590698089822590735 4597397958538756914 4596831336380613214 0 0 1 1 13831439452979561437 13829152126171771176 0 0 4604084125096763694 13828150991930977047 4595624211905796596 13831439452979561437 4601413783074825656 13829152126171771176 13828864248096840386
1 0 0 1 1 0 0 13831009902420886128 4602126372561353428 13830240940498635530 13831252357127990898 4603294975756208358 4603639697800414436 13825305569851667510 4598486144577555900 13823832526289426162 4584527547453191168 13828347112797034396 4607290944998796799 4590858534282506216 4594699401665527306 4605154719481246872 4599448979154716262 4584464792191988746 4611616494731743245 1 1 0 0 13822734373237884790 13830825027602352636 13822821016009492070 4584464792191988746 4606613909640775162 13817467211116513909 4599468462160279571 4603294975756208358 13823832526289426162 4603639697800414436 13828347112797034396
0 0 0 1 0 0 1 4606033144259370014 13817096458996148856 13819968486980546848 13824095141342327542 4588963265503091168 4603638594604984378 4602404100694544260 13820443300935807712 4604941866718634372 13824221608640328762 4606531782532332670 13819662900818866400 13812755364919716528 4586734746235833992 4606667938502004756 4601118013214190109 4595077057949838536 4603156291397750600 0 0 0 0 4588963265503091168 4603638594604984378 4602404100694544260 13820443300935807712 0 0 0 4604941866718634372 13824221608640328762 4606531782532332670 13819662900818866400
1 0 0 0 0 1 1 4598279121509728968 13828225447129638048 13821433031267263688 4597089708812072224 13823519850477264362 13815052815872019248 13823612788007306950 13816368547069502184 13831061602879428430 4603291144104581366 13830969887061119265 4607314948191700133 13814498487761144260 13813608357318985508 4604275549262750108 4596985811617137834 4596274935287414274 4609075209657349896 0 0 1 1 13823519850477264362 13815052815872019248 0 0 4581434668669753249 13821844612860306526 4606854778692884026 13823519850477264362 13831061602879428430 13815052815872019248 13830969887061119265
0 0 0 1 0 0 0 13829591059682763276 13829640358100162536 13823704722054589362 4607599872894991267 13818441568957577000 13830575416835116099 13816578728016561648 4596213286749031148 13827726093959044951 13829352636803778096 13829541083780403079 13826218325523448963 13819315211929051727 4594703342092369474 4604921567264106577 4598321852169026255 4600965706418349441 4602988709655153709 0 0 0 0 13818441568957577000 13830575416835116099 13816578728016561648 4596213286749031148 0 0 0 13827726093959044951 13829352636803778096 13829541083780403079 13826218325523448963
1 0 0 1 0 0 0 4603703158826051384 4597468392399118096 13829127077360392066 13822954290966722138 4607884997803956011 13830062974559724691 4594701402189033224 4597615264542068196 13830221396035945694 13826090534655966650 4589238978351487568 13826051194281269829 4585256713232769352 4591160688487887032 4593875302634194900 4592935177259906873 4592855908273557193 4610829685902679027 1 0 0 0 4603703158826051384 13829127077360392066 4592935177259906873 13816227945128333001 4605404622493277391 4599545595783874531 4602669280349717307 4607884997803956011 13830221396035945694 13830062974559724691 4589238978351487568
1 0 0 0 0 0 1 13825281689070324478 13825271376027397688 4607037832467728634 4596744142475473824 4607775930922152539 13830880725028862717 13825586205348463914 13824976740759690694 4600548673235076532 13831181568467781641 4602975536118187038 4590628417216492656 4592131693034861036 13819573846104068543 4606821223445136657 4594874303377148401 4601150528706978461 4604833571012295206 0 0 0 1 4607775930922152539 13830880725028862717 0 0 4605101434202214986 4603106270512286270 4599618694930504028 4607775930922152539 4600548673235076532 13830880725028862717 4602975536118187038
1 0 0 0 0 1 1 13823490955833542062 13830500206533022521 13819568949616474176 13824443925588605826 4598488895949453892 13827811709270530245 13823475354291089882 13804325989192452992 13828862129527339788 4597504561993269088 13828645767141825838 4602543163552056016 13818172900951089420 4595080635475802498 4598216816844319024 4594018306692151195 4586724577545676976 4600161097255344369 0 0 1 1 4598488895949453892 13827811709270530245 0 0 4604998919184918835 4598506639543391112 4603534548602895837 4598488895949453892 13828862129527339788 13827811709270530245 13828645767141825838
0 0 0 1 0 1 0 13792001198201759232 13830550733918312762 4602834442205771008 4595315784609148648 13830832637264392702 4607840518551836269 13825128076454819824 13823859061406326002 4603452807759806598 4600641129241773076 4602986366951512814 13830142966066145947 4592337668005106684 13810026678598511316 4605893674357289892 4600912725241070039 4584831022139638394 4604626260621544067 0 0 0 0 13830832637264392702 4607840518551836269 13825128076454819824 13823859061406326002 0 0 0 4603452807759806598 4600641129241773076 4602986366951512814 13830142966066145947
1 0 0 0 1 1 1 13826195864687007977 13825124187048627320 13828006071260365579 13821644806066714764 13826426219652375821 13820795678692796972 4602311115208538520 13822050896816353240 13830056624075971452 13825308185132373262 13822867797519716518 4603014950442210184 13818006659561022191 13816101778804465405 4602326840747171376 4602402731972514077 4592751608709431546 4607201375141521167 0 1 1 1 13825124187048627320 13821644806066714764 4600134702513619360 13816123645564207354 4594319937467689458 13822258560835909213 4606700003510569854 13826426219652375821 13830056624075971452 13820795678692796972 13822867797519716518
1 0 0 0 1 1 0 13817563460974471656 4606567013389667254 4606421355916610078 4601811608548694880 4607525519376277597 13830566281443578247 4600844454815542752 13822213077141822704 4606367510619499386 4605323861586154378 4607811665036579879 13828011791808178291 4594232554503024690 13818780639429115165 4595950073538625344 4593048106792768561 4602618684765599855 4610102325520765979 0 1 1 0 4606567013389667254 4601811608548694880 4590458267765839977 13820588609887340486 13826817863409476716 4603369422386495263 4603310450505134614 4607525519376277597 4606367510619499386 13830566281443578247 4607811665036579879
1 0 0 1 1 0 1 4599197152821722024 4596119133210095880 4595436812770787888 13822017344499774598 13830964003396715008 4577122648868408832 4598375404563009956 4598309363278231266 4598515966450551376 13831398172504918630 4604548381468727248 4585457140663869472 13818090176726513848 4590221547293031560 4603730905969416193 4600999791259407009 4598614787448436305 4610489719403736465 1 1 0 1 4598169109654131756 13810890023838436792 4594894696703483869 4590067980621520175 4593773241894133399 4600692965534991315 4606389798701862910 13830964003396715008 4598515966450551376 4577122648868408832 4604548381468727248
0 0 0 1 0 0 1 4603466139509361300 13830493705031168150 4606832767550183122 13805201852339883648 13823200738835194136 13818074639711948160 13818683220546372016 4602133354474714434 4605339347848589790 13827469399868549309 4607760653096031033 4602809613754307028 4591230829238382136 13817343037040500206 4603602676809247715 4596135684981485010 4594504632222306395 4605995334183065159 0 0 0 0 13823200738835194136 13818074639711948160 13818683220546372016 4602133354474714434 0 0 0 4605339347848589790 13827469399868549309 4607760653096031033 4602809613754307028
1 0 0 1 0 1 1 13812634432276406976 13827717659722861644 13826744510666771964 4603851867843434022 4605413330633502802 4606646351858098182 13813264091357102304 13822477290237995446 13830921962361196650 13827638750921033066 4602393789351296764 4606147109326977382 13816570792930251712 13811802293041774784 4585833838065942864 4599438967413592686 4600864620888556599 4601647679789819542 1 0 1 1 13812634432276406976 13826744510666771964 4599438967413592686 13824236657743332407 4602616838107032989 4586990966621138872 4605981830606920480 4605413330633502802 13830921962361196650 4606646351858098182 4602393789351296764
1 0 0 1 1 1 1 13828303186609411942 4606578183124671590 13817611288892891776 13830154089594634860 13817819728025661872 4606358117423383766 4601536228196999482 13810216156693209952 4592402357023901360 4603281423318621278 4599826424436690284 4600096828117979260 4584812643477365152 4587424291697265688 4602626128125488602 4602366318382531773 4601647317710052521 4602879291329208114 1 1 1 1 4591252554143306752 13826484576965791110 4596709811143343885 13825019354564828329 4603250305659155277 4587199199472520355 4605603518713122940 13817819728025661872 4592402357023901360 4606358117423383766 4599826424436690284
1 0 0 0 0 0 0 13815067804094772400 4603078632495657942 13830911667382779192 13828467418693030276 13826008534304187882 4592955555958872272 13824168867844997738 4601097113398885792 13830529803956379052 13828382774408003772 4600951666673650920 13830257411338360288 13802967748294912592 4595510615079539098 4601239398285508370 4584678126947841631 4589535919013771828 4608587009500798419 0 0 0 0 13826008534304187882 4592955555958872272 0 0 4588943484138330891 13825394773787497428 4606137194193780858 13826008534304187882 13830529803956379052 4592955555958872272 4600951666673650920
1 0 0 0 0 1 0 13827030117265020727 4599525252853079368 13828362780152923476 4600959399409943736 4606478987787955786 13828561387290452884 13823254775325495914 13798192682517942656 4606863847429473426 13823420954271663708 4605428788682803802 13824001007014861006 4589276033522456744 4593800626737594166 4588583453724732704 4586762575032819006 4587945639472742352 4609353857299543216 0 0 1 0 4606478987787955786 13828561387290452884 0 0 4605271516361560972 4602064348466524706 4600927717157358034 4606478987787955786 4606863847429473426 13828561387290452884 4605428788682803802
