4634764069025240452 13850015560201804228 13839296899974511008 13857324136528523422 13857639917571565432 4625764815077200088 4626591822650009084 4634629852555723710 4634849719097264632 4623031781642369016 13859617026811486863 13857510322973316091 13853215804144495294 13859332847943297121 4626974865565990704 5 5
4641240890982006784 4628430046770155640 4636535905784888352 4624537623928082640 13853374468276710362 4631874463841139552 13859279043222275565 4602961652109535232 13859333055642967494 13859392603940330772 4634787097555644184 13847903737948571248 13856649468553380497 13852075750479945204 4636737291354636288 0 34
4627516801602693416 4630554604281643592 4633021946092164540 13856710814120320344 13839650023579943136 4622446044011633384 13852498330113388472 4632211357891099064 13857629224063404794 13853045098584945512 13857065558962480834 13858808613692511594 13859406551880610755 13842508615036763472 13842508615036763472 13 13
13850353687384063396 4635168235355561130 13852958674940071580 13853958890174050216 4636061132565313556 13857559806245032075 4631358309537446552 9221120237041090560 4619848898999527632 13854480925961959922 4632213141702476072 4635694903562561654 13856041121366502256 13851998791752665824 4618853049585856616 7 7
4634590461252556946 13846130007792002392 13853381330229814190 4630879794649771784 4626227139033957708 13849874583608984696 13853075417097945566 4636162499214610308 4629536962173983856 13853745691580624372 13854089555895935606 13854659978344781644 13858895049968986221 4633493315357392844 9221120237041090560 10 10
13859708136560619315 4632098146169191344 4636351818112589626 13857786993883089688 9218868437227405312 13848595604799992152 4630567339764445628 4635886919229781412 4631004363517104168 13827254054465951872 4626602257971095752 4632124702524469396 4636344516001393176 13856077299008197475 4630568704243291908 4 34
13841633761060950608 13841474823269604112 4636192015267849978 4629962982207267360 13859202719802191358 4629466607465707304 13855285968824429438 13836328163317864832 4624855260397068040 13858836265295065106 13858491261838800957 4627021273371923648 4624944376118333336 4641240890982006784 4636737291354636288 13 34
4620818201834213812 13854705725787655584 4629825905017404372 4631807194271152800 13860032866894973796 13858294349743012307 4631612578633161652 13854746846139074519 13859260319781548987 13858496172851121888 13855830559430910516 4627017856536102616 13849175741712537404 4628126400434712584 4620818201834213812 0 0
4631453890181304456 13849216684252094104 13821412894657039360 13856602176105618947 13844745464567685056 4612861324652409696 4626229183233026440 4633192861945060272 13850142479563906772 4601291420165965824 4626263957931465760 13859642596953764405 4636065943505626932 4635529254955814660 13848989837071308192 8 8
4641240890982006784 13860101342948628693 4636124751723486782 4628671296440174432 13852677039916894368 13837168268819563264 4626163772300677140 4631467503890786676 13859878125877725032 13858281757577658013 4630227666030938116 13848984830445412812 13845450928055752632 4636347994526984878 4636737291354636288 0 34
13857600126174703822 4634500151137951606 13858522491013153816 4631675117853028876 13856083060606836138 13860089429241446240 4633079732238977012 13848960663780050484 13846897768258755432 13847674368887886192 4631034281244644132 13859884108967908358 4628940531466701536 13851358201844272963 13851358201844272963 13 13
13845434975195156448 4628488068366822416 13851130360298428096 13849150582356027012 13850595208707864484 4632081800137734020 4634516568271726016 9221120237041090560 13852215319195036572 13857401467975059238 4631712666389379664 4634264547693092748 13859152427474336427 4631149901164997624 4626406138641610936 7 7
4635209827761288564 13852447559299078340 13835486336904967776 13858490785372335166 13858435627562538482 4627895622740214684 13854555061212074406 13858551898150168207 13858859897706162663 13849372010263260272 13859199214957465038 4625565901008959828 4619107989603363296 4635224275188935530 9221120237041090560 1 1
4635283180118575076 13859276459749838805 13859141261549576572 4630199298082191000 9218868437227405312 13848131876799317736 4630808894373429228 4619400643511813952 4627727228858980688 4636189986879387972 13856817932832650212 4631439545026080672 4634865037938512286 13858080780052497141 4630638854137747624 4 34
13848619412315349168 4636282396761413250 13857858053965597104 13858257291549626865 4636105606533694356 13858735483898612540 13858529083344110841 13858613090442866070 4617125674626911648 13850979400714426680 4631521186692056032 13856451558108583169 4627482904314945132 4641240890982006784 4636737291354636288 13 34
4627613015306878240 13860019491894668996 13858836309846102798 4635486823910128292 4630293943754836544 4632246347624224684 13859058397496341601 4622674706010103600 4593394417540564992 13836705956224399776 13857890246594621344 4634354225169807310 13848584999761266384 13843057811677544736 4627613015306878240 0 0
4635437914587158624 13854546048733624369 13857405410134845894 13858547512063108004 13836098040713586912 13855454906131243991 4636080151915430554 4609773176534494208 13859101481219594287 13857641214877504318 4632017519874472124 13857610868807030546 4632237265640943376 4629789636113874528 13854068623714838153 8 8
4641240890982006784 13828939221414957184 13860102001922009523 13851057980682071196 4635461813524322002 4631079946494807744 4636501498969992484 4626598486886514220 13858195970911474374 4636106979167954678 4634948316177990528 13826666060783220480 13855727801838377338 4632813654139007356 4636737291354636288 0 34
13840821488854877856 4627891066428712016 13853856221651558591 4631784993286727576 13855403725216976734 13859037364636009058 13855553236842271606 4631190219899721412 4625558894240957360 4633984788572015592 13859780625756741252 4635157910743901584 13854926156530289638 13854934817464068408 13854934817464068408 13 13
4629372858350287192 13856883058539564116 13823396193027172864 4634518884633044826 4635370416498920690 13853267892730991700 13845585863749694568 9221120237041090560 13859013218779505448 13855398242205917644 13851118396779323192 13847689432571276384 13846222165980564736 4618917963361503728 4627397350030406048 7 7
4630239477107597172 13857949762603067929 4629382903156764528 13850711705070417716 4613181384832262944 13857081323806115959 13851289927337421240 13858448493340421754 4634696855207834628 4624959755991849976 4630890603781850104 13859566075381898835 4632047694722129816 13827103426926188288 9221120237041090560 8 8
9218868437227405312 13834213695181943104 4635716325751395540 13848602586488495948 4632429499586949912 4630943756943533276 13858431958540916612 13859430937648077270 4626720675217200208 13857706876908049021 4632089163557629888 4635973154407007086 4629916943412943564 13856334052751697909 13843613327798794376 0 34
4634804733642969780 13843453825545101008 4631059262875124972 4632038105182791588 4630621535294796848 4631951139064759520 13845545889879605432 4634429957006627404 4626680948561591040 13858394334544173863 4594537120686191616 4633165594131698920 4624045736036054976 4641240890982006784 4636737291354636288 13 34
4624194254436766464 4617055726961579136 4622348815234959936 4636660385180596028 4630094269747949652 4616248689164998000 4634371417740679404 13845295349670791384 4631880079991912048 13849674402844772280 4634629553568335936 4622979771064722112 13858644615138951279 4633795263451694868 4624194254436766464 0 0
13857189357829646741 13855805829198367850 13847631618966172768 4634014981934910956 4631181184488767636 13859375203159444724 4635779629815412912 4635101251673138610 4633127410720016184 13858527069037686438 13853695732353399038 13859964909862173651 4635353870896637128 4636228529323847490 13847931319607968600 12 34
4641240890982006784 4636122237015298870 13855617333155224834 4636695547132295794 4625080338010757384 13860052134681862715 4635313349919600314 4635602520680230364 4628321035243905328 4627649447951341072 4624679134985887824 4633952010142093168 4599015717634298624 4632344900719755040 4636737291354636288 0 34
13853905872264923384 13849332911223229440 4632130843124554728 13846658713386422392 4619707738860729104 4636357025203836372 4634345055744447192 13849999478099553872 4626611341564199508 4635205876056677756 13858324692436127418 13855371692657314288 13857592866786303796 4613597762474063264 4613597762474063264 13 13
4625844860798022232 13855841980845973734 4631061860767993800 13836774299800741312 13858590626680667349 13851396156885808848 4622103873533466040 9221120237041090560 13858737269924657107 4635485884255274050 4634908345361975814 4623172896930599488 13854523598292008906 4619716132092138272 4629200742914535252 7 7
13859405588335576896 13852321111037801296 4629434534756778080 4634874260289758146 13856912565050336709 4635150143458534884 4634293959106222496 4635036089830759800 13849218686381671084 4636341270590854952 4634348943580054408 13853500574236443344 13857795792427955774 13859655853970910623 9221120237041090560 13 13
4633151644596811372 13854185262730134738 4634375225761500802 4610411283913184384 13852407679331772296 13856569583079965878 13856149997643279366 9218868437227405312 13841170965554270480 13860091377249398034 13859739691205564851 4632377269698867216 4632489261987784904 4626667113549894960 4622730038191176688 7 34
4631303191911284576 13858214923104875343 13851182294118694384 13837739958618957024 13852207854998918048 4631096204588326124 4630137238779949200 4617957072424466736 13854898460059992888 4634687280514346446 13858034392903336432 13852063607144636084 4634745635869824506 4641240890982006784 4636737291354636288 13 34
13854624602784405176 13850391387195797104 4633811056067661504 4636501014725337106 13857511678480451459 4621434507673287160 4635988378541206592 4632128904489676724 4635028065062342892 4633386854508996208 13858274492690247620 13847265796861170424 4626077463879150520 4633509631868422884 13854624602784405176 0 0
13857413430734962569 13848704231856689640 13859239944142486796 4631672111199029756 13854020422569093322 4620566553251729856 4622236353807402984 4635215622731994048 13856927917387598938 13855755752179576781 13859146905792401721 13853383896384369738 4626847590682893060 4636427144377243300 4630636178304802724 6 6
4641240890982006784 13850211916339279596 13854069392417078422 4634987178953649940 13855304409814070050 13857714458226670492 4634802702194165960 4634389896643466166 4624119861850252600 4633711681758559264 13853183612968218824 4634904766296028246 4635927011705784778 13843259963648436368 4636737291354636288 0 34
13857848209504801549 4633193161305781296 13860027870585956073 4634649065493873246 13853930718886730169 4632664878411233244 4633938432539460356 4632544299713431876 4631189374280508500 13847126205357718072 13852767173452883368 4623788751863829960 13858966034108123206 13840022627600162640 13840022627600162640 13 13
13856252985481055875 4611523192019301504 13853116111787391062 13857676759810246107 4617440888502711824 13854773940930192438 4617596302293066880 9221120237041090560 4616617316642893824 4612670189435009024 13840865929054026992 13859092433213195998 13859576467800219916 13858009892180515180 4622114541907841448 7 7
13851830096517311016 13852350536877732440 13858235285077686734 13856388022729511800 13849043383490452604 13850580277511813024 13852351695826635336 4633404462350255644 13858828045082907502 4619777918683403584 4632424343036378248 13852003327663137896 4622041536735950448 13848643160308693968 9221120237041090560 0 0
4630553279049724028 13859912017852545129 4629652917287933056 4634692838549450480 4633084247405145900 9218868437227405312 4631090327497138876 13856277317894968984 4625556868389286728 13858999363846055291 4628906527927179048 4634660859206361550 13858423223222848480 4624741351222839504 4631959959891068316 5 34
13858634554217651851 13853333971216011984 13860087601546722390 4628052277952823104 4628017068590197176 4622515712943766312 13856372453902533916 13842620882941253280 4634937909617494330 13847246709358822544 4626016861840454448 13857178023199954647 13843431349230793680 4641240890982006784 4636737291354636288 13 34
13853566725489142547 13843619017044348592 13853503757376525376 4634870086167151392 4635350287797910840 4634350300451715854 13851067564302149068 13852823151999473380 13851075772643693128 13854474573720097566 4636610672885409160 13853515103553319688 13858997382795461544 4614768117259045920 13853566725489142547 0 0
13857782540130387342 13849221647896778540 4624471186066069024 4630017083348298440 4636131163586267358 13855167394863236294 4632952546696385612 13858627049105885898 13857386169434745922 4634351062846587398 13845390961692705144 13857217904382240972 4635222284496978450 13854132215481113231 13828829541817955456 12 34
4641240890982006784 4636075588765909414 4635964240079898084 4620786281888491752 13853962626201536494 4633237795301396256 13844096080487182096 4631164714211843840 13854489004951926606 4625332976264633396 13858437817258618730 13851046657205041456 13859229528241223165 4632732235681770328 4636737291354636288 0 34
13856705917052605888 4635793732363884550 4635561277885665494 4625696980790164140 13859657472023502805 4630894130298846636 4632030584278727308 13860048564671980699 13856489626673267044 13853790362759845266 13856899199176595834 4629247913306085160 4635605243199182454 13855330266120195338 13855330266120195338 13 13
13852735951120029396 13858984071308835457 4636533283208618298 4624426911740522776 13851679228261965512 13854063502587162600 4636013452241752264 9221120237041090560 13859978644973575460 13849668577091979248 13853221068960409128 13846714221212659104 13858091773891355304 4626823670124552040 4629798612725346412 7 7
13859534952948590102 13856921123440561575 13859596467759269388 13856415211868532159 13854355898702108003 13847377769664813072 13859577500592060044 4636521396324260022 13850300476706983572 13835784558747817024 13853368070750315390 4636466465463757748 13857664989367323515 13858695357683234768 9221120237041090560 10 10
9218868437227405312 13857796949489160227 4634712225418344400 4632093527429780508 4620801034127185448 13849327926745294660 4633969196952129236 4634991738080826316 13840868612243012688 13858942079414228272 4622142808234415472 13858698174635629112 13857221883719709500 4621493881366145488 13852989058006032604 0 34
13855705168310528694 13850968941225341504 4629087216946173400 4634466800391160874 13847258929004379680 4634351392589976556 4631561155244394600 4626321885554358704 4633000567042985196 13859270741441932849 4630766681000086920 4636288326621493906 4627751586156676276 4641240890982006784 4636737291354636288 13 34
13849068523224653986 4636472242225518626 13857851793301589513 4635706271872991530 4629385225162367728 13859025411712497412 4610079276364574336 13858481323374202879 4629938164385405648 13848944554667483360 4635633357187723276 13858779356873993356 13853923651538166084 4632416941330724112 13849068523224653986 0 0
13823164594895379456 4629405264776645688 13855419186209306288 13852330152632202124 13847988799556288232 13855201271772183034 13836709115805220864 4622414218861125472 13855428938742945494 13856973438838331900 13857020149434386416 4627786384383554104 4629687280144239056 4633213429947615696 4625893979643081328 8 8
4641240890982006784 13858705344555939260 4635916054555147744 4629575709352234104 4620788430593653224 13854145973252809503 13853745286226516262 13839688791396579632 4630165252716730912 4632785326666060672 13846184074746001312 13854007418134311381 4628879239724676856 13855736592559861994 4636737291354636288 0 34
4632236924128698280 13858161495040752938 4636478161657306294 4636664514890813570 13844622405032607808 4629190060401946904 13853257575469806604 4625965906331871344 13851754849821378772 13854885590000422178 13854851786439405481 4627532990114475320 4633322885333499912 4630172844181913488 4630172844181913488 13 13
4633930816918967956 4631074175886298984 4633366720755097960 4609220658986074624 13859875221670619104 13857876358854915638 13858999048190924430 9221120237041090560 4631552033640018392 13855140331428501056 4627969463849823520 4627201707522167484 13853198048407717912 4617718326225208608 13852032069645935576 7 7
13858810961784385352 4623495524663261064 4634213466244837808 13848781498692352128 4613694386816125120 13855351223600372569 4632840710057428420 4636269672656243336 13857933128703218080 13854722780366240697 13855387331906054034 4622163677605041184 13854769193206904859 4634567670726985648 9221120237041090560 9 9
4635079186224139686 13852238667290097928 13853841417801349431 13855656438575232319 4606622063525134464 13854946673660459234 9218868437227405312 13836310026432993408 4636663060835826468 4636033653800340098 13857006545651274272 4635861603729205238 4633072249004508964 4623792623911641560 4623880913337015524 6 34
4636088059655508808 13858243769222361535 4631951513097052984 13853371078262714004 4631222636069340704 13855531195863629247 4632071317911646544 13851529304370487340 4631446264115860256 13853955488849871781 4631672658333751044 4626263761061827184 4635042212575004212 4641240890982006784 4636737291354636288 13 34
13854231166388079020 4618741227665811824 4628037883067440964 4635938798794277292 13854630396291065678 4633075923841502596 13851874515092847112 13850294327690176216 13859478369988116772 4620036637307414832 13860024056364620915 13855887955489925694 4624574942443879248 13853642000447040250 13854231166388079020 0 0
4622947419041169576 13850743926258651784 4628084993638586764 4636285641371683276 13857986153940128690 4635967098499041896 4627705887709003304 13848180098743259584 4626378763283805676 13859841716252650463 13856774344282193869 13857863066693050062 4630881592392063344 4625017336015608704 4621239937643172624 1 1
4641240890982006784 13856086789215626231 4630540335809366332 4633543990088033944 13851483017336563868 13850860017569727480 4634058032519425248 4636636346309468618 4629654473133353256 13849698452763571060 13856937907004669381 4631643936882813372 4626355699299561564 13853563956023425654 4636737291354636288 0 34
4630555300148854180 4629809142198834136 13845964136154430608 13858135925235234836 4635054234145178698 4618514113868763536 4631296315058107500 4630177761848011872 13853521117689877684 4633293033026357912 13858256573958324756 4625338558104592560 13845227399266534984 13847385946965202728 13847385946965202728 13 13
13854780285625435109 13843149939548494864 4635587492365270320 13859969943330870237 4620410384558317472 13859627140006176435 4636170950165040080 9221120237041090560 13858915206419336630 13855089826731796309 4610701730467090240 4631141198033469200 13855986584829920553 4627352725893800816 13854408345284796964 7 7
13858892588274552038 4635152678679407398 4634638417207411072 13845774821686950944 13856182615677044412 13842998573317620288 13849786479911993172 13856394815204809709 13851590343231900784 13857349164113148906 4616921925112526272 4627545307267633740 13859282047321022112 13858542326147996602 9221120237041090560 4 4
13855581977878186703 4634840341214662538 4635682176950089466 4635325653164126010 4635058424308847948 4604612742977588608 4636698595879009340 4636464618409654306 13846690040389465880 13860089837194687558 13853824732720181384 4636159413195959988 9218868437227405312 13841782249979536016 13848044239547892252 12 34
13857808204696866616 4634637149359003142 13855987313321174522 13854701546778094000 13854895424434276266 13845183469085517632 13858154197844015910 13853108468281358578 13845175244767092424 13851929580579098684 4623532058077939288 13859279821371278876 13858194010327252565 4641240890982006784 4636737291354636288 13 34
13855195483761763691 13849372059604582268 4619790830267895872 4628966365492831496 4635664202752180206 4636163092143235478 13859270596963977702 13844443220104049696 4630385396395066468 4634668394621779284 13854374457299224091 4633966918127748924 4636400686238061706 13849656400546495584 13855195483761763691 0 0
4636396164830229078 4605680965535675392 4627414522533380852 4632299439270294176 13851952983982831672 4636551816957454324 13859435768945149977 13857720999800287806 13843889401346995280 4630881879971922712 4621560935106525264 4635721278743410934 4635670336745728250 13851004818550851324 4629824097038664046 2 2
4641240890982006784 13846459742323715848 4633390899796775308 4632898373353037880 4636056612231213464 13851074263636032560 4620091108960675280 4633675223759907524 4623251007047718096 4629412417165034024 4634942484390099678 13854736261383128272 13856975479036322762 4620185460804552624 4636737291354636288 0 34
4635624530477384564 4626304064301963804 13857862385618858838 4632264182062840368 4634308544194280592 13854103894248858297 13857242126346044159 13851253319578973628 13859905164420475860 4619743509822716848 13859082279290914348 4607242018352978240 13845805368851358872 4624619958081592456 4624619958081592456 13 13
4636505098528441192 4633570007091995012 4627888490781746572 4629798934144050300 13852840143732963736 13859272804059124230 13834994251495171200 9221120237041090560 13855329488581816803 13857373532233429788 13858502537735013686 4578962717297049600 13859325754993240752 4627415590630435728 13836359322581109648 7 7
4634564576925380274 13859570846693964673 13860054963696186746 4635543315931020964 4625922992892498128 4636396471745383484 13840710336810787936 4635264772928738732 4635176634690647234 4631094971872937616 13859286364844498102 13859253837146448218 4623328605195762728 4635163666993682278 9221120237041090560 10 10
13859633516059984899 13859794074168178143 4635301383976711148 4633520188179322492 4635900424018962034 13847651275892014192 13856638910957794497 13854176028081807769 4633316415369597948 4610399249187101440 4634371617379671522 13854303016148560650 13857581103826106592 9218868437227405312 13848824799770583382 13 34
13857921322404183535 4633922050810401368 13856159667797145394 13840349534552910160 4620562515285458560 4635721088232078748 13842436476025168256 4636494321641895628 4634247376585478644 4625922721826034660 4619184928098185024 13854199579015440953 4626455438067577072 4641240890982006784 4636737291354636288 13 34
4626047109672906920 13851362281416962072 4628872357992477880 4634278804542942292 4630703927762221256 13855173166311300569 4634712746704544334 13850022969520365912 4630447114223203348 4626846719065437344 4624575458720336560 4635128984582486808 4634331693750002190 13857184089627732594 4626047109672906920 0 0
4632678617141069928 4633578943056332772 13850946223174652012 4635131726412117208 13859043881022160063 13859645325132411938 4608957169930964608 4632663948108893556 4634760439544583642 13858589933934412994 4630478106691546496 13857000237326265291 13859215075228447984 4630532175206190304 4620592291564777640 13 34
4641240890982006784 4632546254668073072 4635016140509016290 13858275131865814372 13859642553530881088 4633945805789437612 4636428158446884480 13856648892964448666 13858221556108862527 13857841395461281348 4632127294526369116 4634010210082779712 13847779788962511136 4618389436638193232 4636737291354636288 0 34
13857341788870580491 4627461790919606388 13855983469886193444 4636002887992787304 4634787685741287712 4631896229693068140 13858041376738272534 4636309744639513242 13858863970781960148 4621521551401208400 13856605770388517431 4631343757308979576 4633318728339138508 4630327834263783556 4630327834263783556 13 13
4632965838183197728 13853621459648340722 13859949933275675066 4630934941525197860 4616376961766633680 4628504579488806952 13856169756981040891 9221120237041090560 4635245641064077144 4630029046322048640 4625952509648040140 4629943815597918716 13857844274378575763 13857602563550305463 4608893917558061568 7 7
4628620692222145584 13858636039650927001 13844056197672262912 13856427664192352069 4634969251202371580 13857663265546756880 13853698721096340025 4635745233124275744 4626923094009459232 13854239628218710334 4626237095950756052 13854335151030542875 4630457470873080024 13852392248010760160 9221120237041090560 3 3
9218868437227405312 13858989555553156962 13852358489024725796 13855668964676132503 4632595849525846944 13857841845071720784 13852040189486177980 13845085317102367984 13840280397562394064 4635402792559778406 4635690590556728506 13844072975941034768 4635915789207040284 4630487216486649352 13852276471899818592 0 34
4632522006501881584 13848803461621463696 4634528583508593574 4635342370069154126 13859695681923991829 4633492319841988512 4624756527241099888 4636622430280859500 4633397465011375972 4632338701439109252 4630158296139934256 13857785302295048638 4631730132821332712 4641240890982006784 4636737291354636288 13 34
4631629081855568040 13848847828122053168 4633205353124003636 4635837594343054290 13847078585248328048 13859460474493077574 13839476677986701824 4634187970953438704 4635994456753750208 4633340760189825132 4633651698394622328 4621454728882240872 4636372002409670242 4634084823093697224 4631629081855568040 0 0
4627010422164228160 4634028596922603284 4634368689801260926 13846553243476073672 13847680502073397920 13858700683485121591 4630558952970428400 4633634573903414024 4630453832957886840 13836370272992069152 4634410533324343634 4625946798720758916 13858475754326312827 4628622322612821312 4630656319472035722 11 11
4641240890982006784 4635957553811745240 13859638588221787334 13849247021677629168 4630291006132601184 4635164006260132992 4635870402101982864 13843888879017018240 4636260011883911546 13859401389226566476 13858285879547893113 4630479819858143472 13851600735955081996 13858349823857113235 4636737291354636288 0 34
4628744777315595080 13799496549939036160 4634027929099963888 13857578180319691334 13849282626254544716 13857344287084500050 4630411206919701428 13855856661917684938 13839613105437210368 4618079899410973808 13844655999025460304 4631042849256993824 13852974874546234180 13847121045738497720 13847121045738497720 13 13
13847996971064794392 13855287463357973128 4634939669755510182 13858750484907934884 13855996366042776009 4633220534011565740 13859854456086698335 9221120237041090560 4634264761907417662 4633288954105071944 4635325962884510762 13850752537526338748 13848796583590718548 4635109930643640598 13851620049642968348 7 7
13849059351304457224 13856671480510310409 4624878237160519216 13858897847024767018 4635141433450796350 4631157120587250592 4636365509282701334 13850456038397361760 13840000197552465456 13849401414544418656 13859941401583281268 4632220245988175172 13853781170552634406 4627148208029526516 9221120237041090560 2 2
4630621179764950224 4633344454619125480 13859474414176736732 4621606182157951712 4631244104156179004 13836927461735484352 9218868437227405312 4633534509649003304 13857716387034051329 4635601951744502916 4636521085634063170 13855614775923260938 4635583184393443292 13850111380016286504 4628349020953607888 6 34
13858488028027555735 4616308858454678080 13855466746805412434 4634472544158283688 4609232277553811520 13856863705005285622 4636244472461694944 4635624333712062864 4635972946376037558 13858696500803267810 13848564621030871608 13859270666878256279 13858174035860880863 4641240890982006784 4636737291354636288 13 34
13855502761854262467 4635704070457263996 4633878879782414512 13856186963664359512 13858693919960803679 4621738803781360936 4629916077595947912 4621799411841086512 4630991648421311476 13846792335167918280 4636438344284599924 4634166874748790628 4611744112110843904 4635904076767951134 13855502761854262467 0 0
4629177045661935688 4624021465050750752 13852001210580987060 4636523993789433560 13852349301716331196 13858522375700736022 4636509482776540742 4635044478067629078 4635836016388439636 4627312586970252420 13853771918320221138 4635622545720505292 13847120116854768160 4635639854841593942 4627796630657988744 2 2
4641240890982006784 4627591183738163764 4636066619077806034 13849203882450724224 13858366670644652762 13850286866653755692 4635842458022402098 13844523004121739080 4634046399993424904 13857917587258423688 4626253089886611564 13855220198798586788 4636584319623595644 13858336925005534132 4636737291354636288 0 34
13858310823909111508 13849644995432381952 4633380117744854376 4633838157228803804 13851978829978238468 4628964321886742456 4602936581650703872 4634337186390287920 4634323760842387034 13859438770527262485 13855680676732096900 4635327454434034978 4630150389761387480 4630407948044021882 4630407948044021882 13 13
4631094233530626428 13857242431699518119 4636262824097499348 13860087884820339712 4632340891688775500 13857341873112615844 4630277624325071876 9221120237041090560 13850716361812084484 4635940796288039410 4623623406924637104 4628389472816578908 4635305187131087226 4632260578540674064 4626733870638537908 7 7
4622464998990755936 4635529108242585842 4630320289690581512 4636674240129391548 4634915347831199642 13850141728425033404 13854242629631333241 13855236286205683097 4631854086364346272 13859517949778521477 13856194571021366991 13858539728250382776 4625426444525784008 4624943504388341912 9221120237041090560 11 11
13836138910184418080 13851348702827776152 13858443160795854956 13856825175839181347 4631452712274850904 13859304914828519276 4634806975878792188 13854898307652062650 13856916297536123744 13856692822068327734 13846712572619531296 9218868437227405312 4635237867150788734 4635939493023899228 4622215483516788420 11 34
4635497044044965232 13858430225017289110 4634458476489971750 4627774676031834552 13851367036326096372 13853435455387739946 4636499894695981106 13851871715657708912 13852019626873137456 13841124103400019232 4633298431620579344 13857383477430130259 4624739308248656248 4641240890982006784 4636737291354636288 13 34
13854985832904987530 13853905096042332294 13854151646159414572 4631968867785351996 4634556653499607814 13856497802756329872 4635372239150083858 13848636109476996012 4622395751039208088 13857135937968619806 4635343651956574308 4634639305578138670 13853534348339665232 13853729462052815075 13854985832904987530 0 0
13857424665896355972 4636489355499366350 4625615538701674316 4629780273012504640 4634988832342983626 4628107275422854576 4635498440133172140 13858999819322578294 4635206224758677890 4622485838481610472 4636098624023766886 4630642347623363008 13854188128370262459 13856672584401705897 4622932482482198644 5 34
4641240890982006784 13843309624753918736 4632181722978470088 4634526197158995634 4634457756406963326 4635595265328082878 4636193831073130448 4635339448693634184 4633249516854070096 4636465869089820748 4631987189374903084 4632910089442817356 13857651592905851884 4629997455724051828 4636737291354636288 0 34
13858849678083928036 4634275653197196778 13838918051808541760 4605354305051665792 13856231991909477600 13859306849544703360 13859239576427271420 4629215133216458760 13857398049195811794 13856349743730064103 4613780355089971904 13858846796849687443 4632618019508823496 13850847495825120885 13850847495825120885 13 13
13859323332800610127 4635153192353088200 13851255321903985080 4625058159415641248 4633955727860064572 13858640543861715698 13857806929883367049 9221120237041090560 13852924135979730860 4632208451575210872 13855809036023138591 13859886527284233474 13854361073865446500 4627770276668577476 13844616331154680364 7 7
4635480626543027064 13848533142127049592 13849440884992783828 13853843515012163844 13857720792502456066 4636209880239737640 13859470697622662637 13859979195772835574 13855823843832185369 4635635853345077556 4629877067828765164 13858401288541844502 13856981390793989647 4636110061018857132 9221120237041090560 13 13
4631312664155507000 13858701943401268688 13858348795846854818 13859895789813823230 13858624287909769676 13848545149329590168 9218868437227405312 13855132781026978397 4629616652241677144 13853963082019743844 13858684198491549710 4635818206238170550 13849756815766198540 13848839006993477248 4620785745253130092 6 34
4636352086879479820 4628241228900372388 13859397081514016513 13848479741980151792 4632902427588301344 13845321327110131072 4627889143747950760 4634511715821685748 13849499957654603472 13834239498448494016 4636262164430704376 4634752673919836486 13850098569210478880 4641240890982006784 4636737291354636288 13 34
13855489227575805914 13850818045789311240 4627222229873814452 4629840195743338004 4635974441197801942 13858779540661648556 13858634215914623766 13857674577947326820 13856195238991151659 4617885632618690736 13858573744186174748 13853252681027847690 13855285168522964719 4594488568097652224 13855489227575805914 0 0
13859727399413100091 4612250018892812224 4631901225701190196 13854094041191725388 13849169621075869128 4617595121482638912 13859768538439361010 4634474021570265260 13839897056802969344 4629691667865701264 13853975947218933384 4631428062864058032 4634728703568439074 13850545802142446516 13851760034410397245 5 34
4641240890982006784 13859694533752769307 13858398213317823116 13850079305247240528 13855782791889226150 13850524500868754568 13858115300510425698 13851422055886534072 13856100308828529788 4627604427803535664 4631366121798439712 4636724946706931894 13857985711247509958 13859845512195379040 4636737291354636288 0 34
4633243148701733384 13858734231610130576 13857931966161070636 4621783338646693384 13848704048879176636 13856163011275031753 13856552458179342256 4634744659292787742 13858742715602555736 13842918498245145136 13857856987016487296 13844267515480431456 13856136141863967547 13850495703644813885 13850495703644813885 13 13
13850846909220781736 13845526327262613744 13843735083470329360 13856229922814477394 13854488757061718328 4633799555041258532 4631485259964749484 9221120237041090560 4619867324258302672 13850101586007545148 4634981952594308092 4632797179788109412 4625711487419498972 4632666169297298156 13854575805925868206 7 7
13857919044159358071 4606140541085026176 13855283262714926531 13844601098536518480 13858581965367456036 4621480898910906136 13858369567325480026 13858687976053579418 13856123918297352338 4631753333116527888 4635254222913764520 4632022566567126548 13856088771981302638 4635535143584208702 9221120237041090560 12 12
13856577076585157319 4635520517574714100 13855562735224305625 13859059328875962299 13851148844977619424 13857919234212606163 13855152920634669762 13853609773392810528 13854382608927223600 13855211701679386194 13855629727427661203 13852141982579169524 4629466610252767512 9218868437227405312 4625995724431331716 13 34
13853760263320968694 4630377514234830472 13850283469283551040 13843732213282880704 13828602469228072576 13857687389090867571 13852767513093039540 13856446923495076659 13853406271875648550 4623197705645283864 4635969013265936294 4635595140893029958 4629208413913951968 4641240890982006784 4636737291354636288 13 34
4625659992818843312 4635159957655828960 13856454198165450912 13852867861268516228 4634414918153112030 4624806796650102336 13854927010152679872 13830815922073214848 4625941914977220252 13844368905409279712 4634124885319035636 13851956771862140536 4634246075466677264 4635686022141487436 4625659992818843312 0 0
13859390918144954055 13856104308006469775 4634613342680830860 4633362706648979008 4634913633307842094 4627160507409137840 4613857607667477120 13858394850311001372 13842304949860788912 13858876848548240793 13855337047592441578 4635172939070898124 13835722284825922080 4636442536729512760 4626832117075153056 4 34
4641240890982006784 4633917978944029376 13841612987843401568 13857964874989613298 4633811804050433944 4636314312281030486 4634700793348668246 13857876389260911610 13846864270782866936 4631559208701830500 13853690390869827378 13858119907470234112 4631144717943211356 4616959529978051424 4636737291354636288 0 34
4634685279579656774 4630136787016307604 4632651079623923360 4635769615571415662 4635569824254530356 13860037643979287324 4619274979337389584 13858537448028317229 4636513103591415142 13825237486140732928 4630059114105315764 13857185690905210609 4634553389204794380 4631968934592383152 4631968934592383152 13 13
13852603553146292996 13856128353047582222 13836893526367291552 13840035437933628080 13859376011526361193 13858327249534047646 4621274101592901440 9221120237041090560 4636556951053548290 13854498689470116200 4634500295802830910 13851231044408653004 4634845204397499966 4634033892496800928 4626258964530154032 7 7
4624991302541946088 4631304411926768980 13848350087019363520 4636219832769998652 13859801649893115419 13856401070164915809 13858813187443091696 4633440381232489972 4636403163209946110 13839116051535550400 4625658148419891016 4626228670912419276 4634806808923975594 13857658210526971072 9221120237041090560 9 9
13856609372678738066 13859228024870341721 13854238596657267816 9218868437227405312 13856515936322507750 4622297721960697688 4631243654716474840 4625090848519007000 13857127713385932259 13853863484503485988 4634917046551431914 4617696242884954432 4634299275222148154 13856355863779482903 4623738120041955224 3 34
13858798373576188554 4624856260990385376 13848636899330975184 4626923668205905172 4623541867923922960 13840220456420170032 13852890338195336796 13858891229103414312 4635831390685101132 4630125541514413632 4618592196337428832 13850356057725499136 13853671307449196431 4641240890982006784 4636737291354636288 13 34
4630485160851292068 13842821452794732432 13855283659622689503 13854924629560480450 4631189275497874180 13858223392812914299 4635265306173717704 13853909030797598856 13854113213507423800 4635559736558212106 13849372943393917824 13855920667804418900 13854796977057577081 4631333901015243208 4630485160851292068 0 0
4630727651532229856 13859500803321332591 4631984083823923004 4622980173101921272 4633454966979023956 13858965830314585906 13858659114582273308 13859172860315052980 4630362927781412584 13854541161694685112 13856665740963393144 4634331190617639122 4636472767212632956 4624024621681132552 4630555361898368304 3 3
4641240890982006784 13858702801486187235 13859191103253285794 13857878744983883113 13839147809166369312 13854993250699943453 4636368166376125116 4636094055267442108 13837518232270743104 13844635902278825424 4629177940493385784 4636298939045661168 4636572503446047566 13857231026576130731 4636737291354636288 0 34
13858362738592850396 4636265945385092320 13852975705687864180 4634872858923235364 4636704814710562584 13858981016627031970 4632632575562044248 13855918364952033616 13852195122901689456 13854417416772191819 4630578659823875428 13856945533383439741 4604405777757756032 13851534716040153510 13851534716040153510 13 13
13857247190008770466 4635669644466001762 4616627429432911648 13854554691750182966 4636627741934669608 4602814544021220352 4635104015433945306 9221120237041090560 4634980602426840178 4636136281205733042 4629952760925327340 4629470701215494072 13855916447043286984 4635913257240956184 13852164538372293035 7 7
4619922265956040432 4636237507478418806 4636451813282190654 13859132913849146238 13853823225814902497 13854494275317469291 13846938645761390080 13828577417097642624 4636232299517397414 13853030142974877924 13851247715672342660 4621402756284148848 13859753566729056763 13859572187797050013 9221120237041090560 10 10
4631318186989228432 4633525456191902960 4614082394868519744 13847396882474515280 4631483259836348144 4635333075118088350 13833420516689856128 4632930823580600176 4636703432089500278 4633233875747513624 4630237431933496000 4636519718911442164 9218868437227405312 13854451768310110078 4630822357852339716 12 34
4635868963371904582 4633650323554991100 13859400766221124984 13851142458654672172 13853889789684622872 4628970141236293376 4635432074187758148 4631915359257813920 13853616186411185106 4630813018358704768 4624036616899388384 13854361124804136338 13859581743462349593 4641240890982006784 4636737291354636288 13 34
13851347104477268013 4629835528355746888 13858277627757446507 4633745080481883100 4625690825049460940 4636167426693096144 13859066636589539818 13855664911833426619 13848265014373473392 4635034955318484432 13856574092065902616 4636095536621334158 4634899188442070154 13835880941972810176 13851347104477268013 0 0
13860014394646498773 13853109416648642860 4629296589518948832 13857332072900003509 13854324365476589994 13852355126274394748 13828915965937244416 13859599581033100994 13859886955913044374 4631902580267074240 4636318914123473070 13852095599305491092 4614376156470090400 13853868730686645300 4632216588799146288 12 12
4641240890982006784 4631994619189053712 4626234284463765096 4600368632312592640 13844078569540127712 4631913586462701532 13851484470581657116 13851148282412246596 4616069541260637920 4635952114499312428 13853939703814898331 13858982594206923085 13858183392123382612 4625365015940901884 4636737291354636288 0 34
4634519871636926080 13858857233617473162 13859355663537835446 13837124014607894912 13849821968549793392 4633006561977564576 4632922203948872436 4633776993625504204 4633601609367523428 13857950270932743918 4635290002415148616 4619808460536686112 13853164927538706766 13844080573805684908 13844080573805684908 13 13
4634806235941356156 13851975026199867984 13849347088005703528 13852322697201195492 4632685883418917328 13856108370569646147 4620839530103564200 9221120237041090560 13854695848322450200 13839550773243619904 4636316958250558518 13854763887770758222 4630635446740539072 4636156084924308592 13827792961982157952 7 7
13857787524992932372 4634595585332260580 13860091871754591785 4635628787206385216 13858398631173255122 13854731418622131778 13858304683025804384 4628954251668908544 4632723137574097056 13855774742367806119 4625482612429541284 13859761880890329224 4634626203879180548 13856936045451018206 9221120237041090560 8 8
13855099623580402750 13840434392104239088 4614045916595434496 13856155662466796397 4634081618426505396 13841105177598357440 13859427783999478772 4635131469040982420 13843684478259723808 13855608448734980922 4621465559380527616 4621391516501992816 4628138957175890776 9218868437227405312 4630707289573077866 13 34
4631051982907830180 13857236700154501103 13849462986164106684 4620239995943819760 13833404606321135040 13840017787705363264 4634831668917615834 13854426399644198362 4635727256423136320 13855323981820928581 4623892367809810648 13855095652307754644 4627761976114810032 4641240890982006784 4636737291354636288 13 34
13849139238705108757 4636677412488562510 13853642954497809209 4636362366789129354 4615086387500779616 4634962252724526756 13857091701326111919 4635103367673670738 13849860301764450112 13852603760430564304 4634652640615843496 4635622603511867842 13849482863106969140 4636659606813200550 13849139238705108757 0 0
13831786915224272512 4632941217018504640 13855865718880244200 13851102278530492192 13852392768498036980 4635318758240748584 4633776424891744476 13851339217271621552 13851354320262909384 4632072298053469552 4636087375379415340 13858617760779631399 13840480214733064144 13853292037995331378 4630216707362376304 10 34
4641240890982006784 13853680033558776044 4629680534049903880 4626300979121964420 4630871415355637120 4630138909691691072 4635103545500707838 4636303555648321502 13849856566181934048 13853281396283948912 4631522043096871176 13847366080242673936 13856551953768964138 4630812813042166376 4636737291354636288 0 34
13848779796903800912 13853427567011937694 13856377284997823731 13854549683201313031 4630096765322704548 13840615694756643808 13859891923662511604 13854164732009065488 4632899706871676460 13859386113715741296 13840917979609348384 13845236734277278984 13853454929306449950 13840675123271192712 13840675123271192712 13 13
13858642262621376993 4633697685549064528 4631395293004645816 4630527409754549900 4634315056712617294 13856360575097161288 4624517612592654616 9221120237041090560 13829675211396247808 4616329777622063584 4623108226617859296 13855663424615138206 4617597081767469808 4635605683128252366 13852701201924577301 7 7
4623272152626904464 13853135346732071550 13858067797848117126 4624049508116798088 4630637308222208212 4633516952746385272 13857538286856826125 13853202484441942140 13855284813622448375 4632695427039234900 4636655637507567834 13852212859156332260 4633602333809136652 13852286810037692840 9221120237041090560 1 1
13853620370851159400 13858794286233833079 13859340654871512740 4632255767823351800 4629350532875029256 13844835053030444032 13837799709300555360 13859883940436612204 4631438322835306176 13853513700729835404 9218868437227405312 4635302299163663848 13859148357296266026 13858597491347977070 13853455774142855966 10 34
13859735969651822323 13859696684576348702 13856310570937954225 13858604232738957324 4620653480471201584 13858666025900237713 4621978532090143504 4634549129985126096 13839683128005831856 4634914760652202884 4621897664530720704 4624227655701176688 13856183230678981172 4641240890982006784 4636737291354636288 13 34
13849242554072256279 13858120789493599290 13856014392022491828 13857822045112770171 13847772972948786824 4617234343255091008 4630760719028900256 13853080459744428696 4633020593460216480 13856547394131150409 4631381807732402552 4635970966026547740 4635408898474936364 13844394211802119104 13849242554072256279 0 0
4634778935280554600 13856949597880022941 4633872477857871744 13842562054770189312 4628621990005296528 13848130513298989168 13849830728229612428 13853440678195773078 4635468154520267898 4613992627111926048 4635875280658063798 4636225431145415512 13848084896597617784 13845416429237927368 13852119881343978092 6 34
4641240890982006784 13858599191194604890 4634545675934195184 13836007542465827328 13849873213642041428 13846839203790201696 13858327305331293751 4632881487764749124 4630038513007147328 4634443946637288188 4636282635680846616 13859425738830579002 4623992271931454264 4630249812725744076 4636737291354636288 0 34
4634419275306982944 13851833492733189640 4635034237940712110 4628672209336202488 13854885137354392191 13837871284449220800 4636470684582013206 13856905211307096381 13845513788814443424 13853495259209720660 4627707393498762228 4630775266190894892 4632731899523829356 4626451797723051324 4626451797723051324 13 13
4634532819242365972 4634692440422249242 4623625316813860760 4620566079790569584 13853387434763647260 13846476452918101992 4630007882340848132 9221120237041090560 4635638695365507234 4627444067077047016 13849246004304985004 13859225090522751046 4635133152143492438 4634999974160447358 4618168337668330592 7 7
4636114724982819768 4636694182085787512 13852418339042176196 4634737020506975142 4635401636710768608 13847723718358199960 13855379627213530709 4629281840326521208 4631343359672798860 4636046993954755334 13851844485707062456 4634300168531082654 4626972258468468288 4636676113657925604 9221120237041090560 10 10
13855758777618857194 13857591038056174330 13840292265736763712 13832856880737215744 13859438811887989234 13843889118730282656 4636722217398969498 4636278062707115436 13859981887258839615 4634705059597181340 4629035930947114528 9218868437227405312 4627947747697114088 13859824428941868819 13852991700342545557 11 34
4631734644926790760 4630439366090301212 4635823727140732946 13859634193401408377 13849677578827442752 4635626439367979068 13858604513875305546 4627699215650879140 13859775835962705869 13851619355151624940 4630879788103880988 4629429194825199456 4625551044168512588 4641240890982006784 4636737291354636288 13 34
13845300185532146916 13857250149829021131 13859879673731428513 13851920587826130684 13855609429721717228 4621752360045766240 13844905312823996320 4624250711481441528 4636554311695926886 4611479163922968000 4636391531605828092 4633619444206004400 4611506909858739136 13852709212906062580 13845300185532146916 0 0
4634211570639226952 4628742110947708976 4635216671293419278 4628588432027548168 4634980466236933484 4633271868097782988 13834782234464050304 4635709059028999344 4609960642614519040 4635267449813614848 13851099983923811448 13854086183447411769 4634361431763827614 4635470465532452418 4622399180370032444 13 34
4641240890982006784 13852835973283028592 13847817911615147360 13859414688275554276 13859279820819805718 13850213141199812912 13846094941511208632 4627328447776824352 13853707511051363691 4631949010571716780 4631988040647969264 4622477133275564040 4634423046964741542 4614885317438335968 4636737291354636288 0 34
4629777993746016728 13856552207106988612 13853993480556199578 13854268211466076866 13858519556158620743 13859065862790214507 4635141606028694404 13851317055706175568 4616226808359554160 13857134793483247797 13859475348225475246 4636193089887975534 4629419023763834744 13853650963034799244 13853650963034799244 13 13
13855622082604333628 13857606675778364562 4635072731621739454 13851293914626951496 4624878687000020216 13859966740547625852 4633449374840198360 9221120237041090560 13859573593666615440 13859339932782092577 13848064650471976832 4635225422676061620 4636618229546513526 13845645121616885832 13841451658272096824 7 7
13859315882748711113 13857779886350163638 13837641867763537056 4630408035544161520 4632212563195858028 4619299673817979856 13848572397175002412 13850990177014545196 13850059338147667768 13860061227274763871 13859276677067653593 4636279707348498462 4636648218321098034 4628050549480498096 9221120237041090560 11 11
13851366201390897812 13859477028141596862 13856399957642970575 4627723735362704960 13855038423100489272 9218868437227405312 4617333442703510432 4636588692234269664 4622994833187765984 4635869234994771464 4626897399146322060 4635434289450932088 4634163299533711308 4634022315517234700 13855538589421386788 5 34
4632328329786017944 4630147256565567984 13858586817967564058 13850503635255931580 13859301973766112793 13853470811116548488 13859864155254657076 13854799249236834953 4632889185687441748 4636412312914665502 13835832358287731808 13827132057530205440 13857265955237775231 4641240890982006784 4636737291354636288 13 34
4617140383999584080 13851600537187450848 13854768585455111719 13856307537971400169 4635447165397597370 4633172393257921312 4630749923400103888 4623436244935068488 4623147032584099648 13856751553701942409 13854205908111486216 4627365021439646408 4634595805414603898 13844030348256410640 4617140383999584080 0 0
13849858376614254296 13858774693430334135 4625629072140722316 13858658730039730462 4636444853427295806 13852225511042855740 13855726345686934050 4633075236788518984 4617571636776654112 4628197731241458508 4621819702487509136 4626814107423630144 13851517252050899284 13852994714810518952 13853848422673690975 12 34
4641240890982006784 13852790264758712928 13857361148666294788 4632198286244929392 4633345431890255600 13855618806303730522 4626282593382025008 4631331391133302112 13856539471595394891 4633749412613358052 4634872498460255042 4636081677291855828 4634754168514337714 4629922014078093396 4636737291354636288 0 34
13853542679002269356 4629306351801106224 13854446595923051231 13857203348656536928 4635916310925159048 13858776607430004921 4613838539112879904 13859999112827487685 13839786902417171984 4613104143694720768 4634237053072830040 13855168969563832141 13848636899646979204 13837911176566429520 13837911176566429520 13 13
4632242456971527616 13838125293153299776 4616085131310183200 13858895428577558340 13857121477252049816 4634214523061214228 4635664473145069126 9221120237041090560 4630062012910854072 13857954042760023980 4634783588578303084 13857861261358268506 4634170346928017988 4614656483152353312 4632229017711180886 7 7
13838881978499524032 13857936092338076493 13857407639049995331 4623137869403052048 13840161217870446192 4623996269538087752 13854804086532259394 13849477147976828424 4625305015628660576 4629336520736968248 13856372180360335175 13854205294250866766 4631687958180017472 4636691177201368356 9221120237041090560 13 13
13852870311006170468 4625094152599978704 4632752932748070216 13856381276134499941 13855253994445921884 4631880544198339688 13857527897655675850 4621845022765302776 13858920443299551308 13858281418424903512 4626047398384122540 4609501488762277184 13849809588413917860 9218868437227405312 4630604672928614338 13 34
13857899188525718758 4634605211549799904 13858933449487671621 13849529162847889084 4636329976480436924 4635892583927885322 4632614309548188600 4634431491363023224 13856646946914631094 4634034459416593448 13849470823675375192 13858749955312516563 4605281852372834560 4641240890982006784 4636737291354636288 13 34
4618340014550596000 13859569452402846479 4632428667003816584 13857990540203087377 4634733917194385078 4621311049217303128 13849642389608519492 13853523209398492094 4631189110017782008 13859281991516589740 4636719746185138100 4626365799202518972 4634654275654855260 4630707975135803928 4618340014550596000 0 0
4634087019996890984 4635617640697599694 13850875961101111380 4634442230226507406 13850061082879344280 4633181457959775956 4634226561013916548 4631465692835977788 13855575839484926794 4636553302889191064 4632101077644097764 13851715230317265840 4613934767571436960 4623213362270281664 4628773627251340032 8 8
4641240890982006784 13849183377311968680 4631352474247381092 13859145704882156174 4631158538964631732 13852249026076323768 4628425365799583004 13852590219996884456 13840782669737983392 4616626326994811936 4632733608344380196 13856198677137488166 4632257127334688268 4633375400163271932 4636737291354636288 0 34
13859811061646352332 4626026131389333252 4616403379770750160 13858981775578425590 13858973581771927544 4635067031850765378 13858274953533420412 4630333048572603672 13848031751876094824 4627434364128336972 13859588403921284263 4623340116788151712 4634656161744442372 13855233742959048016 13855233742959048016 13 13
13852105504887961760 13855328568724723994 13857229765044538362 4635164171666592628 13860046823601684444 13854368873250724381 4634879099031655588 9221120237041090560 13856321640736359706 13856004511909106769 4629994533980294080 13857323723058334512 13854651646507389059 4634526163996303542 13853726636829652744 7 7
4632924941294664376 13858686313086123104 4635203663880108138 4629176681922852600 4636214653898588134 13859707261178804096 13846616055603527680 4633913452559248784 4633811620867137368 13858470232711867499 13855186145698554450 13846047671972181232 13858334425826953436 13856094972129037159 9221120237041090560 9 9
4633183342763928588 9218868437227405312 13853470186072148340 4636354643658896108 13853104193909679918 13858131919189952902 4632821605360676872 4630937995583388768 13857743653873523204 4628737773769850328 4629809132663429296 13851801469475690080 4627294080159059076 4633460751987710228 4627750440043196732 1 34
13859762780990927107 13854424507177991112 4636406760555857898 13856196800539270056 4633010304845132148 13859939816204659243 4634168627131719456 4635948053747754534 4633382761562821852 13854617732449149825 13856275778416812497 13851952822002217672 4630292672280415296 4641240890982006784 4636737291354636288 13 34
13852034017809995707 4626625847008104096 13856294003380442822 4630433228630629920 4620783963760935912 4635013599867074084 13858291075398953132 4629164472442501016 13857429496625642744 13851208478084930028 13854954085488546406 4629163856922023392 13859256558650028758 13859327041490059402 13852034017809995707 0 0
13859003766126688435 4636265255001197616 4625647129267397648 4635711588900080248 4625853884595885496 4631035718622303976 4622625601294071976 13859273082952614710 4634074631597640928 13852407612717312636 4636527118880392412 4630772028080520204 4636575694388358592 13849706440855085160 4629762679645924468 9 9
4641240890982006784 4629731603679960548 13857405962898339284 13858137413432217302 4625651694351861564 4627466594666207448 4635718313200226984 13859302342031024320 4632688553329923400 13840751885896456992 4634890393165149484 4630505812119441628 13859793360465996985 13845826123019734184 4636737291354636288 0 34
13859012924843979690 4634758035985636454 4630740072688254400 13858820425700364299 13846512335052255584 4636459160176319870 13850803500628791748 13848539846701739280 4629801238882355844 13850817065450033612 4626958355063557432 4636311019465426178 13860095121431971229 13845434287741063064 13845434287741063064 13 13
13859028723772079727 13857601219136259265 4634631697349436356 13849352065820035904 13854707610791644088 4625591519335317764 4631019264208668008 9221120237041090560 4635958111552307206 4636381910463141782 13846227250888870592 13853802634930431778 4630907865538256412 4635807786609364734 13851237914623074235 7 7
13845557488723875672 13858420272090154594 4621451982942164160 13849396279924049856 4627524865582024216 4634945881422777814 4634863193018070616 4635467062061156948 13858083759872154635 4635156918599329534 13852333735364610696 4634563852214538572 4635712335363385562 4618315210448598000 9221120237041090560 9 9
13853760572015454428 4633266486208355360 4636155579310987604 4635085605132088922 9218868437227405312 4628714039751685792 13856766728336487091 13855602702517168450 13854294854527727756 13858359175246320890 13850664312767644672 4632387684273573496 4630660215932466972 4634757795049515528 13854776983692438095 4 34
4635262874302813656 13859206331490854960 13854045765507368878 13853756008768686275 13845269856461992544 13859768182486392448 4636617671045364970 13859369178811590851 4635667721430407662 13850433081907844748 4634585307295442176 4625677952054569660 13856813017200147234 4641240890982006784 4636737291354636288 13 34
4630720920840443216 4627267026289189084 13859972560514419134 13856423357448062050 13845225618589046784 13849643864910042392 4620958567118436048 4635287113329251350 4634259900834453952 13858680649819359660 4630533142720912088 4634635645050947662 13830713903328307008 4631435162711328500 4630720920840443216 0 0
13844869693699130008 4630642197975001272 4632625623034921672 4632472744850240556 13851898065460876952 4636594415235865304 4635507387180004524 13856473923105340803 4631731285069950192 13849588833536867304 13851822617657977448 4628617193583334288 4619782343262260656 4628740102858696176 4625685955239847900 1 34
4641240890982006784 13858711733354667896 13857684085871167720 13849383679309867304 13858669640190731521 4635032391536379432 13848825123202338184 4624548527743452040 13857229935510530334 13859591862734452626 13859307273080656980 13859530489726131594 13857877437826357480 4636179688831223906 4636737291354636288 0 34
4634472019596329638 13860064252370674907 13847150513851315872 4621094082118829224 13848735637120561616 4630826810242950928 4613986980013807072 4628238916055871620 13857037681929988041 13842667664144782784 13859717084112472630 4633850646235151744 4626476736294895872 13854748226738676403 13854748226738676403 13 13
13853076039903933240 4618106898587265936 13855197444212772078 4635060249815032662 4632116456276001700 4626321074383532396 13854334249672054169 9221120237041090560 13840840484413424416 4631725443157950436 4632495075862388080 4618258971421716176 13851818758485065316 4636326602637477066 13852024102470639463 7 7
13849908877608789468 13855563950559026256 4630301163459080588 13857877974509241722 4635261922028838530 4636467738448984470 4632075612063676300 13847374572206234584 4629941994236332260 4635469750071606886 13857786533026817607 4635202608306965688 4632809446927430724 13856004726908411822 9221120237041090560 5 5
13856149794157557341 13852240657034814148 13854651656970878497 13855975687965517128 4634721353781979798 4600090079512893184 13848791428637003484 4635042472310979332 13854737731424366922 13855698985902658203 13846795425669173120 13859929236710459407 9218868437227405312 4628852596105753408 4631435339724255346 12 34
4632333141561698320 4636245082865835216 4633628693601692356 4634542565818202980 13851292032519961036 4620274764030601856 13833557653853736192 4636115128188225582 4600388501400384256 13857578645536607908 4633172873544615156 13856510867918135409 4628325597979843432 4641240890982006784 4636737291354636288 13 34
4622901585745188336 13841876347670265936 4633297023195110692 4622803304562268304 13852704272033618324 13859140690634504152 13854156556376497922 4621091998260679176 4623642312713867048 4634161343202910020 13846804374070464704 4632874806991996096 13857895686623894582 4631659007582158940 4622901585745188336 0 0
13858533856162689140 4628738369647275024 4633699992526041500 13859140876088094191 4635278019980821480 13855823398647097669 13853656391981398406 13856788108542958459 4622139755618422360 4634378396925046612 13853673013212109384 4632904546309265272 13857590402475273904 4614330790597632064 13855330490014003514 0 0
4641240890982006784 4635291179697387260 13850308214186903612 13858569957607422484 13844991972304238744 13857731434687501120 13855204539966664075 4625102315255434200 4636184005825243284 4630149388223440056 4633351948172907136 13857241154480571394 13857648919038930720 4632555532292702748 4636737291354636288 0 34
4636195474970220126 13857799892038482060 4636671947405849646 4636403721067117420 4634301448990069506 13853400099112514496 4626310239877865688 13843468609171782864 13835324964481026112 13860069156199153646 4635568648368273582 13847219872706115632 4634826515179631838 4632221363617683540 4632221363617683540 13 13
13857846330026607544 4636595031182004996 13859388735117374580 13858365964086519066 4629365621061430816 4635135379743490194 13848650091866090304 9221120237041090560 13858157283094558810 13837077977666632832 13859504108960797230 13854725212208247069 13849695817008576684 13849483942613268112 13849232390361019207 7 7
4633327762128016960 13859397168078106272 13854025131025787528 4636073673464097788 13844702538243808856 4634588279624599018 13859835718245427160 13860016483475989866 4627882188053529240 13851097755982688112 4630984471773935804 13850934570160526096 13855119263214464612 4633751217088913904 9221120237041090560 11 11
9218868437227405312 4635786615059938944 4632011383610923540 4621771564709541288 4628362899974587616 4620632254658277456 4635825937696561098 4631706172910938684 4617835515371279760 13852455853583929984 4627861380783815516 13858936613060650074 4632974470104236728 13836699150316761024 4612610902213020464 0 34
4624121121379783224 4633518354922620028 13859774704381862874 13851780121523561860 4635950012256659092 4617274462075578800 13858766129524948335 4633766869239391432 13843029769449295520 4634652287462842126 4635081294687327100 4635066273750477056 13858510212762949391 4641240890982006784 4636737291354636288 13 34
4631817653332343442 4635546205622485778 4636181220123425956 13853802969530926656 4611845951615026368 13856738234589246041 13851041972220574196 13860085737699801966 4632214027331396328 4618363937473155808 4627632232460106648 4636487882909020878 4620754951340055352 13854176464550895016 4631817653332343442 0 0
4635474787213666234 13858810252110245724 13855471860261802047 4633658426098337300 13857913058185563182 13857272994348143041 4635320993547409440 13859564317849519723 4631103688395565084 13833348643142557632 4631891695163497912 13854435903204884625 13853422726420876612 4627222244717187072 4630566402393866468 3 34
4641240890982006784 13844459229137462808 4635077070081297422 13854729250597824659 4628149551687329944 13854821356959466675 13857977260577208652 13847453312582089536 13845582579366344120 4635789996566478826 4631017512084487340 4625249458431362376 13854831488819769800 13859608118700319804 4636737291354636288 0 34
13853119620616836876 13859845915772744357 13855592520377507753 13855909404934087784 13853632716475163662 4629886066637410640 13857972906889399377 13857664575960248694 4632275176108588928 4631816804624137288 4623427207432338664 13858611070093745101 13854180699945243981 13841741407568291472 13841741407568291472 13 13
13859002681427041793 13855820682276073641 4635535092575378840 13853306248308292660 4628390790781422288 13853947011020186534 4636103774184334818 9221120237041090560 4636079395431709790 13859012309550169230 13859397024689434837 4628609654067539680 4626191731801143248 13857782067436061938 13851756646269296845 7 7
4633951194225720640 4629582499672827200 4634515444390302498 13846136297926319792 13856752183436575456 4626309302870258988 4624217750407272424 13852146869962938712 13859877203912043207 4618672072706242576 13845227326408732744 13858383028389049968 4633912569411281420 13857264104433369512 9221120237041090560 11 11
9218868437227405312 4626800642995231584 4631555369970164620 13859590135436805243 13852762607633244740 4635720166230782428 4635723289101212062 13854892679894136216 4619149361361186080 4630208020825667212 13857739709189549349 4634284159785963492 4633726226908947580 13857657719341088358 13855299035926304944 0 34
4631006511862578808 4635082256094606980 4635212865581711864 4635560459430302988 4630010970242401300 13858462865753152022 4635483735269223556 4635302387355405556 4605706932555901184 13859830446875104073 13857609286658972144 13856296397241330247 4635929399416838920 4641240890982006784 4636737291354636288 13 34
13855597490166809916 4631908076295175596 13858930795415069230 13850234435830093260 13859810140824202963 13858978543199665720 4636145909187026184 13849479009873318512 4632462725035827560 4634876447395582570 13854846716234007131 13853025938165036796 4634000947998833732 13850460712159726504 13855597490166809916 0 0
13849407370296962460 13846751693049307680 13858509892747737508 13857595266941428174 13859567990246483423 4619372192850105728 4635591160026929984 13857697122803218108 4636247757477675472 13835720254635892928 4632168344594693352 4634918013156692598 4633510411606954872 13850815336079696480 4630289479992603472 11 34
4641240890982006784 13854532936366822369 13853119981705117072 13859470788439687499 13858890799485786565 4635675736324109420 13857646256954082999 4635972417433221576 4630259767542675392 4636127623973203966 4632087603636882292 13858911755817632356 13856734490908068534 4626271640412105176 4636737291354636288 0 34
4627985495335642928 4629986940764164952 13854254428220449994 13854414358242549831 4628769333840824168 4635041262703131092 4632783572892825476 4633492743789011440 4634104053393894408 13850441319475071848 13859848876577722601 13859671325621883141 4621366095752927328 13846700468500615352 13846700468500615352 13 13
4628253320593440228 4628399359438416384 13851803457884844424 13850891834733736224 13856045313569153494 4634587740178214830 4616305597460228128 9221120237041090560 13837699933472997024 4624806604586413736 4628630681952237664 13844802376107823072 13854635058672359619 13855953147771162866 13855381570862966736 7 7
4635548975749149410 13855031883756077128 13837212768777600352 13852083170021200404 13854691230395671794 4627755879547535784 13856894272765801728 4633007878919094316 4633333463041170184 4631156383799267188 4630646411971316456 13858977039845167970 4634807130209306164 4631462328408369944 9221120237041090560 11 11
13854347193769662338 4632369535882770300 4634371038593372656 13848701211376926392 9218868437227405312 13856837446048625581 13857008289729733609 4628208830366337108 13853489568496965650 13853809231702655025 4634722769876615602 4631760163824162924 13859142710775705035 4635952567839110154 4629314099995573248 4 34
13853448909395110368 13853569153117304362 13857569570838493169 4631030830929298528 13853099319676642654 4626694765409249660 13851478938058193624 13852171070311418972 13836758422361788320 13846083461059353608 13850504612536468260 4628820032923897888 4635567282678385006 4641240890982006784 4636737291354636288 13 34
13831918239010578368 4628066566177699460 13859173124265708404 4625983097391486172 4632428847100432684 4630192758596090140 13849928690579674404 4634918354069164630 13855008626660500900 4634219354421849944 13851216424417587460 4628376042197985532 13852960079165070080 13858975368942201934 13831918239010578368 0 0
4628610284757608248 4626761833187630828 4620963192432945952 13853856797337289597 4620458244577900480 13853154131582416782 4628794197606112568 13843021972448252112 4634579758211205256 4632632897089534356 4635449050385512896 4628290059719529628 13857930406959342265 4634946512552477392 13841909522564000360 11 34
4641240890982006784 13851683266460315456 4633258417209666656 13859931581118692012 4629750292657712124 13859649619512097405 13856180749397000791 13859032135554140152 13860002782288876088 13823757670217763840 4632807602859159220 4632395434646330544 4621598188670109216 13850437052368469656 4636737291354636288 0 34
13859095266434595365 4633508116759562200 13850557735368760856 13853049922639577368 13851011164223217192 13845684566378247848 4634977245925033178 4636120452923950422 13859978259155844254 13849443364021105216 13855359195958839619 13856828629106938838 4635857154183785292 13843305723771160984 13843305723771160984 13 13
4632064509358990396 4635070851618815964 13851676552145090928 13853858019097403194 4636535339653929330 13843655789048316560 13859881947470996396 9221120237041090560 13857148977773996094 13855905478392189028 13851042056432067448 4635254459544718168 4631109548872957572 13858190074360359990 4620466243281630576 7 7
4636369414719560478 4624129361660482960 13842223238044413408 13858456829788460193 13857604985664045476 13848678652176121272 13853499514393348284 13854246526509343134 13848990096619276180 4629712743655339744 13836345136808975168 4634910059023158890 4635640823993507392 4634169129937380728 9221120237041090560 8 8
13858168164522646236 13858885284820350590 13839051057049927072 13852864234176522272 4623153808159559400 4636183046301937306 13834769304725855040 4630847746348500040 13857741617076856036 9218868437227405312 4624615540537730224 4631260951984716384 4633240976879516560 4631651752676658772 4627008669721758076 9 34
13849162397224754412 13859961179331973965 4617761425587097232 13857635991228019250 13859196176532220777 13854385193530878666 13849279107936758036 4632025280359018672 4629323273701666464 13859199756990851449 13856137258526251906 13839972267923234112 13858325371012912224 4641240890982006784 4636737291354636288 13 34
4625105969035627960 13843425301198719136 13858959096308844879 13848781425631450928 13859950375818353060 13853924524784887938 13858605117395811054 4636325877612536046 13855772768794699684 13857857914705840441 4633071367126809312 4636355109865937476 4626075373081540328 4633789016014949112 4625105969035627960 0 0
4628590996088793256 4636383247837899320 13854179865468274519 4631867254439847612 13858982533351402180 13855121928306222975 4627009893597064320 4634842646963568748 4635703532489252874 13858084354939141930 13858129648601246118 13845191558016996432 4617809428731861504 4630516928266080644 13829640581906098944 7 34
4641240890982006784 4635069415485559934 4636256210793626446 13856393365051630484 4633002434420661936 4626453340511349144 13859870555774435643 13845600037363721896 4632022907635003676 4631206801966256996 13855603023244535881 13857910458604776185 4625257091735824284 4633942506477031284 4636737291354636288 0 34
13853744174487479712 4634527531789240620 13859004800935503101 4636161963867796932 13858076682410948936 4631251027474955036 13845212632327403792 4631526663804807272 13859318737526077129 4633190231018094804 4627235796871897860 13853527517693100216 4626883675001318440 4627544615095316372 4627544615095316372 13 13
13854781518475763153 4636663938042716690 4629774166589994860 13854821779325369916 4629583782245967456 4629183755310390688 13858335904461997015 9221120237041090560 4635170934755698098 13841631789321648432 13858833890588756368 4633134358117978972 4622581722921801912 13853714861294901053 13853111369895885297 7 7
13857666033267873736 4634047641873637492 4636412440352151802 13859239955625286105 4636662768631100502 4626075902139513764 4628918233255472256 13854980894513400694 4621458504934491952 4630546634058652584 4621321036793218336 13853601636185861644 13845030685264508408 13854044883621272291 9221120237041090560 12 12
4623740134088010760 4636034024272148842 13851362871243792460 13858121326035406606 4626845389746938264 4632639514032650952 9218868437227405312 13841696643137414784 13858738004755470772 13841826406328533392 4631416487725141340 13857181369930785531 4635672146918786138 4628965536618384096 4629681154277043028 6 34
13857921409406147135 4631279404805155056 13853959953232818403 4630318008966487576 4635428367853259486 4632120862625722384 4636614355859458884 13858299532970192212 4636010069338660850 4633786788695949680 13859589690929066713 13859855827263813723 13859962012596230065 4641240890982006784 4636737291354636288 13 34
13849434617277689620 4634784017336218798 4630301525340765068 13856933237811202016 4632193351689718344 13852608985352841796 13859008998924924726 4635108690648006606 4619357898437233200 4632231293587614056 4631446791573173824 4616580391576701632 13850958673004835972 4627032076952040848 13849434617277689620 0 0
13854911976773165672 13844817262350632320 13850148655626953436 4625498317222661632 4630705872058748000 4629722164869318072 4636466934942445310 4631732656020663500 4630081994334490368 4635129562169386350 4634858692127182778 4636626448789413538 13858832410715763738 4633544461374851572 4617546769438893032 1 1
4641240890982006784 13847263680832145072 13858787503511148776 4636245526931992806 4596754457020668928 13858365396321613668 13855936753754062144 4636109060948238706 13859433090853496660 13853317558967343610 4624142656496806064 4625671446806728920 13842582485843958256 4636150922852211640 4636737291354636288 0 34
13859810308082113923 4632349801542353020 13859882526915413608 13851396775508050224 4634609538745526392 13858728716289908885 4626806655904092276 4634249868567795506 13845420018418662672 4630639803796579460 4627074629863055520 4622234635158296864 4629295706627617128 13853884495249975448 13853884495249975448 13 13
4621507641526178336 4628507066874633396 13850143764259829760 4630753409544388500 4634868084944374284 13859893222443486713 4631736046272152280 9221120237041090560 13854166455838742738 4626162846830069132 13842798587124312960 4635818414091309666 4621993585361107064 13846552281866805656 13855439319065767805 7 7
4634486204867217010 13859655408840993255 13857026889141393275 13859305548818785370 13849076133396014736 13859633350807470680 13856285091008409216 13846812483533519160 13850036067407129460 4635476688162952410 4634597125388399362 4625699505069218684 4634291025828178148 13859366130340996140 9221120237041090560 6 6
4635826236797382400 4621028526486859464 4621680918700426784 13850595345264027904 13844270209159544008 4626461595462793716 13848821239212303004 13856037232010876116 13856550277216640528 4625520008781996628 4635274221523104854 13856921755626584684 13858224919381175882 9218868437227405312 13851133119862044985 13 34
13856714963369358556 4628161667854277728 4635772275798606706 4635767394837164078 13853533966865918788 13859371067689094552 4634565982711495684 4633756626180094632 13858388764903426244 4634238818630767028 4635469013547351742 13833443739525336448 13850082778106357080 4641240890982006784 4636737291354636288 13 34
4631514084657587282 13853419515170119768 4629299746607399912 4625381613946197940 4635771063834422898 13848383050409295024 13858724599823816818 13855287831077024603 4631911293366967488 13856428897488157294 13856283464618822544 4630387796573439000 4631657704718071312 13859830776113674294 4631514084657587282 0 0
13840980569960307680 13856815028475664734 13846268773550290224 13859445617546090821 13856729350450032841 4630372982174136428 13857785141569784882 13858842501888367790 13855617243497830700 4636241617874948116 4636549110182459220 13858372430024006602 4630966631513190788 4630191851208081632 4628281287167118444 13 34
4641240890982006784 13858873164669103515 4630318971159048948 4632106944216369352 13846984270507085056 13842984761435140160 4628702509608304432 13859327728045080696 13857702570920624942 4629541733520411232 4630982881849213484 13858746907489158477 13853539613380690324 13842787816081338864 4636737291354636288 0 34
13848997331105908840 13852771282789553140 4632975076572890380 13858066804465839279 4635675717780457456 13842707319658499040 4634883454774977526 4636267729074176162 13854267126098938534 4632526461223229628 4635768541794110398 4635300275644108148 4630952287955832852 13849255639560785223 13849255639560785223 13 13
13839806430261461360 4633119871821954680 13848109076208353232 13850296860642043040 13844988576764685432 13859715863658236265 13858601501638355293 9221120237041090560 13857259797280673516 13853283278959999190 4629966688746270640 13852574302277544668 4628967377916889072 13859689883341876476 4619553393013332776 7 7
4634111158814807976 13856297077049273028 13843380350224146560 4630893583088694188 13855979650803674884 4636649798480376550 13857988791609342356 13858510527444644282 4631241744421979600 13858565041211909052 4624244608394356728 13832516620220534016 13850519076312050080 4627832661952984840 9221120237041090560 4 4
13853945045125008662 13859298341585304299 13844839617575543960 13846733152623319384 13858293241589086213 13856708200545237806 13857368860717835403 9218868437227405312 4628263195361749144 4635684514104367414 13853720856923239969 13848717546391608928 4625215493682638932 13857384474996399675 13849778178171577516 7 34
13857833480829414366 13855555912804007678 13853404917132436576 13853912598433055588 13856560023970171122 13857907707140736310 4629662240914529600 13850928307127652616 4635998373076795672 13853799673060705950 4631182622600090904 4631938200391116432 13853556232599292038 4641240890982006784 4636737291354636288 13 34
13845094633816823620 4635328972953021970 13858355294208822322 13847086418509827344 13856158786017019325 13851716338070622640 4626403391624824728 13857989546830175686 13854105246674707812 13822440989425817344 4633205838862358956 4634004199952208100 13857749305885316185 4621998243805342824 13845094633816823620 0 0
4633178954579798816 13846222225922289344 13854290490273907731 4626935379560304928 13855410137217421872 4633809297239998880 4622051844711095872 4632871862472390756 4631663151942733400 4634350404788912786 13858646071871333663 4632592998480051224 13839639391423342256 13854580297563293041 13852333341687356663 10 10
4641240890982006784 13857629111134343800 13853134487156529988 13853270093298905222 4607660229784590016 4630489021806272496 13853802643489499712 4633422430159295708 4628533593094690160 4634903807971838206 13849160057309574472 4634758482287288640 4633216669753583456 4635252129538042526 4636737291354636288 0 34
13851665166792830260 13857079997505984438 13853605473089889678 4634833588380745208 4634333400174006546 4608855797489872512 13858856502681472301 4630503119501070096 13852301643407395272 13856368551681817641 13855995515327877044 13851370246322213016 13847081047039549480 4626242097386767600 4626242097386767600 13 13
4635373267378579522 4627976608369681432 4619314335850470384 13859931499727478737 13857800443190873492 4635779125091445620 13850329649304819012 9221120237041090560 4629298819186248088 13855983146953948894 4636031759946388036 4635072202057258748 13859022105639205674 13857696755501485960 13845807186755001664 7 7
4632188136472415248 13860017768347803824 4629785919559368412 13848789431818729268 4634327286277236292 13857092493743131719 13851803821995227056 13854630506093357238 4631007524366994700 13851478558971913928 13842753167576178368 13857672821232854762 4631838639201474872 13854416988674297434 9221120237041090560 2 2
13859166633640953604 4634781262933198782 4630714523252859768 13856248483667739856 4635296400998986948 13855183261568727888 4633359054127024568 13854211482113067869 13839089538144436320 9218868437227405312 4634970995901725832 4632704588962840648 4625585100540705008 4636256668945979954 4619921200433066920 9 34
13855331967682760588 13854775615537991834 13859327941612766662 4633741806741772144 13856260772821499772 13857842324423221832 13856112355212792500 13854549679898092825 4629900501187278140 13856535656361763647 13846726356534629360 4634729442776783256 4627159821046846664 4641240890982006784 4636737291354636288 13 34
13854735175610337125 4635529802852021274 13840920831515651984 13859630345831876665 13857687964395114356 4636590295376947824 13852152165220085568 13834812795205478720 13852688121025663216 13857197636024499859 13855166484075152656 13857694347523449304 4627880261485553848 13858304395262746624 13854735175610337125 0 0
13852580181648978948 4634342927649995080 4635061115737321712 4632013412155278116 13855799040097857866 4635778892721572006 13855577483736731597 13857314429164406016 13839735373997578912 13846171824085932136 13859110351374545154 4635700975225404572 4629844428416385444 4636299450689181486 13853532845802671405 7 7
4641240890982006784 13859496980657340488 13856740045397663581 4635858124680203126 4628991835758245024 13848709077501576448 13854721291971417309 4635656399428034798 13854416229230155459 13858579437410200829 4636736293445190038 13845716318750711608 13858179473116713158 4625295147691539184 4636737291354636288 0 34
13854559425416536697 13838453522164333568 4618199075194369632 13841740948121923408 13848475171156588792 13857819950188431098 13842006147364450032 4632734750596606908 4632311419466961196 13858324633743771894 13853640274500238300 13850169916589217592 4636196091681312156 4630830131288756038 4630830131288756038 13 13
13857910242932921520 4625605800718783804 13849998633720588224 13837091123969941120 4620784437965310248 4627366616977541176 4625504211064372152 9221120237041090560 4635218646173595634 4626798705936319564 4620557417587497472 13853908821304721644 4631642274462276688 4633326129484998076 13853878149237518426 7 7
4635488277104721490 4633213723492836992 13856058715356922497 4613802540862578656 4632740568452963664 4636106191987117112 13859922707166747824 13847894442812068248 4630594544252093816 4635434095946597746 13844607842866507048 13859924199258212954 4636581301862360002 13849879168236321172 9221120237041090560 13 13
13855580547155198575 13857813420962610606 4631540078231129628 4631922085367192252 13860084931851347676 4636131641370878604 13858029287573589058 9218868437227405312 4626058242376554564 13860045422620334457 4619487540298920160 13853792265911405775 4635189358043387590 4631746681833389912 4628493381434491236 7 34
4633626307539308076 13850791568241246116 13855525339757194169 13847041839913928208 4633946901228303292 13859557293679337230 13854245544142951259 13857987877900971621 13858985180522277752 4635852729902474340 13859537218606970438 4634678214769153280 4636460329040899856 4641240890982006784 4636737291354636288 13 34
4619376822607276440 13853849916134913009 13859849063184517543 4635276942166825056 13855957989825623300 4632287269386971284 13855773382099478494 13858337153311537651 4632651022440682068 4630470661704170612 13857969818467981630 13846101741610602536 4633528674492865288 4634627479029290214 4619376822607276440 0 0
4636251051036024524 4622540851138695016 4624054906077453488 13846761129705214592 4634244607718277930 13855426356070341275 4634493953252956744 4629960576629952468 13859013945718449462 4631479425738559288 13858237095990687251 4621042261685263488 13850049027717833116 4634490609546680692 13841485848668226712 12 12
4641240890982006784 13849283778759508296 4623434340615120896 13858091452481031796 13854345445968005203 4635580251363167768 4632953429669869064 13858748883560092670 4631528235683591176 4625469059832791552 13856848405637688484 4633208992871497772 4612985602906760416 13850580035806441816 4636737291354636288 0 34
4627756889955871820 4635302105577386554 13845779132446602096 13857364030744015969 4629079996397952464 4636640207100377192 4633299560066873344 4622627282264789912 13845936721368564432 13857474101521166319 13854335799916945916 13851812763319820940 4629708984888742732 13844995682546298152 13844995682546298152 13 13
13850231331228477828 13859693185404721176 4633297466834748132 13857795714396966018 13858448005565140268 13855929797225719238 13858470182854642085 9221120237041090560 13856084728165147928 13855166708132805731 13832012774534459392 4635818766179688014 4634061163514109180 4635127914495872502 4631246929180318500 7 7
13858161256891538962 4633499882603057720 4622777336481018760 4633106638464914172 4632660534347798564 13858419695034921877 4631518460626722924 4627774774518770264 13854472172769432744 13840327743528103184 13858758742774625930 4634852590352110006 4633734658495008856 13858272780465276638 9221120237041090560 6 6
13851621311858793660 4632408773794162836 13843883223019486016 13851561887218504760 4633133790712756928 4635660716717220316 13816995958079251456 4626554108315700296 9218868437227405312 4632969823676444688 4635180084669663838 4621859270036720248 4636481271419600378 4634483613955006478 13853091009652296008 8 34
13852453981513524168 4636383194913624626 13845489387799868896 13841068635898751744 4631600419294819512 13857704599134141127 13858400701184913902 4632580954490849716 13858620620796850791 13855317534836205016 13855306479753883022 13859254520945996841 4635058742165076768 4641240890982006784 4636737291354636288 13 34
13845114423022718008 13855773336517863947 13856873190773823538 4626773600932848908 13854371092044358778 4629778837804584112 13857586204072293968 4630542553031642736 13859186982159414472 4635309192167974692 4633410806145426672 13856262260394192962 4630429885665216212 13859466968672879388 13845114423022718008 0 0
13858284312211896851 4625489379188514208 4613582132637593504 4634161576411114856 4631021099192214236 4634492147556915312 4633850803381120740 13858172333630172734 4634963150920917530 13855261890841016506 4619308816414648208 13849248302237969172 13846946197250464944 4631478921129274440 13850715499067926748 12 34
4641240890982006784 13858736956146269043 13840626121359987184 4635155248701446622 13828752666265367040 13857935651399937449 13856445172570454362 4635304792638956728 4631121081073095236 4635066450408630334 4635319693758930344 13860099136529725548 13835236852525635616 4630238503098834116 4636737291354636288 0 34
13852184146892142772 13853668864679804531 4624067302465746040 13860000567622082618 13851419162749941680 13858929578492433141 4636031205994693774 13855671508281698316 13854609819154242334 4630060096598413924 13847228033358359696 4632735660797327612 4636438179808709452 13847650595276591716 13847650595276591716 13 13
13858068254686059194 13859549867133216176 13845134176972190880 4626858811731513416 13856002893665051325 4630884888504638344 13859954440407857015 9221120237041090560 13854680715635899306 13845367027803654992 4633669288424182528 4636151940588941816 4634363059939367272 13852152512329568104 13847744546844095552 7 7
4629957498458823228 4627195481111456972 4636038564144564630 13852716819530644072 13854427370965044844 13850083488601182160 4620803242550018688 13856726516802501356 13851726212855188796 13857951803932499766 13858775138129609193 4630854469949888784 4636453734558577388 4633292052395039852 9221120237041090560 9 9
4633528324487949084 4628909342485885640 4636386561541360134 4631661832796447700 4633140073348700060 13841430249942926160 4635344347100354840 4636501319646896254 13853334130548255368 9218868437227405312 13853665895111055709 13853455820483107918 13849763938525192184 13859568912222421198 13855119147415508091 9 34
13855349377726467575 4627932643925513276 13859810210826452407 4636394130040972856 4634344612624058170 4626656465959047940 13858114955843664984 13842835072852561888 13860042616695696094 4636683702975884290 13855985197412134309 4635269552550566080 13849307681223062672 4641240890982006784 4636737291354636288 13 34
13854136907356176800 4632508934340807640 4629870057894811228 13857626443755542485 4634186564485441308 4626149591147780072 13842296151814048816 4632865786337101236 4631073235495551656 4632288334424510776 13858765327502250960 4633843557148852144 13857603869868652943 4636092768778511186 13854136907356176800 0 0
4632763901028046264 13858092992289295880 13858704246264561506 13857023662621568669 13832320597410426816 13853061780907706012 4634265999442912598 13858449153485481563 4632214740834886156 4630379545182735428 4631858543160991056 4632961748666164688 4634649079927609416 13858144262667381912 4627133770051926220 13 13
4641240890982006784 13856823394824864531 4634619699398452048 4636646907873851368 13852076284308849140 13851362631896177780 4633835229085080360 4630765584905272660 13858219546224718249 4635328899093849370 13857677345971156920 13850301790994397360 13842274379779211360 13859532955603046652 4636737291354636288 0 34
4633373810274117156 4630476722166450984 13859526258133860652 4635658862597026298 13846516123093119696 13842102013438241968 4634616802035594118 4631652798886652152 13853188665043592588 13855735241134808666 4627938825246212820 4630707052102881112 13850620827677022692 13846329998537213216 13846329998537213216 13 13
4636667563384177024 13859426124482585108 13858168851789428144 13854997834476664684 13853024631415129216 4635624604374714278 13841451113657770144 9221120237041090560 13850310780866778804 13854225478632303400 13858782015446204080 4634313946505554720 4630556626388922800 4634665766027894530 13840708838919875248 7 7
13853766419358383012 13846059970425920208 13850207722170978692 13859844252986409016 13859745881643069948 13852005753774486396 13848232635826725856 13850009222986519028 4631220047198380412 13857164843817132444 13856640456267302312 13854220129165312509 4625319341391379984 4636680479094275492 9221120237041090560 4 4
13846213931798312032 13857726015114265254 4635815960763954420 4632117792221548616 4617183915564728272 9218868437227405312 13843388164575631632 13859656792558016691 13850015986692836868 13857654747511057357 4635839445736078128 13855911803616702059 13855851596587383288 13857916361656011240 4630817353548140718 5 34
13858829558787714940 13847153432768930224 13857944438832331765 4631563595396861600 13850872462513724728 4634309392647658728 13849041465159618256 13841350905507180432 4632435855275268700 13859227907963021560 4626524139527888344 13857515103725008203 13853750770772493981 4641240890982006784 4636737291354636288 13 34
13849030054988535994 13844655131539994280 13857655635100244860 4631167373358973728 4631701247513157700 4634210381291807922 13850564276470576912 4635160505453418412 13847234517430838720 4608208238989566720 4620300964110853504 4634253633776184598 4634569316981513292 4621552692696014688 13849030054988535994 0 0
4628014214821109928 13858871310116824344 4616817806523868736 4636583412723644578 4630409483040782236 13857882567181411188 13855011882637499500 4628943891105186784 4625601448312731852 4631394460919511504 4635831861143382398 4636594592575545348 13853795766683163950 4631492685936641100 4628344445558573776 13 34
4641240890982006784 13853786128358282281 13856350966723589781 13856972267938319700 4632173367591257684 4633742750876150572 4631746267484531752 13849385523750663552 4628520224375378140 13849249722151109516 13849446862818338980 4630545598428413044 13854034391218368697 13851667367709648536 4636737291354636288 0 34
13855851679516944147 13849104435659051552 13859423751693283018 13854903161391935166 13859223613810638955 13856237058407708678 13855662309093415919 4631315746250437572 4624425045108587296 4615669539308186560 13853329236438632082 4631948258785011156 13858929537709870257 4617165120620159344 4617165120620159344 13 13
4633753390035820188 4634736948157193230 4629122557990882888 4635931884345842922 13859938730154829813 13859311629768898370 13859050922659354421 9221120237041090560 4624063740590544752 4634397728633755730 13842023529342849344 4621732705349755872 13854902124448429119 4620743133260529040 13855584160443973859 7 7
4630262067640310456 4633419788488315056 13856406395454648400 4626909761734212308 4635812169268307786 4626761117192171408 4636048924980700248 13842215295079646592 13855127450141951331 4632077354650065312 13853698375846455450 13857683904530466149 4631172922222265080 13854065369463306306 9221120237041090560 0 0
4632966345837218944 13854597538790189866 4628796242229234024 4635146896292394984 13859203155565588135 13856669875665093978 4632045773973992412 4625601192626300488 13858453085135865216 4634150263162733356 4635891106191979294 4622305240919850160 4621291086259369560 9218868437227405312 13844807285858638516 13 34
4630768940289498812 13843809865202515312 4636452037592254648 4635027082133085340 13848746392897695396 4635164821378522164 4616229236447348928 13852766008849591824 4632981709878756188 13854762264439596553 13853975520261547728 4616340404987748608 13856214865123445369 4641240890982006784 4636737291354636288 13 34
13853162772795370603 4623973285904239848 13856402251885441138 13857861744223860186 13837605575911884128 13859571362300984732 13859245463511801705 4634553129430672954 4625844290325714288 4635901272516300328 4636182844092438846 13858476882401585354 13859323848973888015 4618830942515643984 13853162772795370603 0 0
13845559288200762560 4611337729754219200 13856277367387037553 4618801309615179728 4627739215936227396 13856607569959980219 13851139824555492940 13858026175588569158 13822995741181497344 13858996015576542530 4632148069866178048 4614481469197513696 4632657378147530740 13856389930977488559 13854687782066746975 4 34
4641240890982006784 4614159865797491008 4635834626412907338 4635351944681486534 13858685196934079908 4636034814533790920 13853772655824527953 13845017384296597472 4632766459334656712 13859565089430400177 4636144742805065710 4627909968499248872 4627990129052764828 13838552669166469664 4636737291354636288 0 34
13855313326190008306 4634757814733977914 13853994770298769169 4636342684560296722 4634697218761774210 13854657501232866294 13853973391455069750 4636253322831583316 13839644998076107664 13856544649374733869 13846816819852968256 4634430342312567896 4632966868602675632 4630465038349075860 4630465038349075860 13 13
13852358748023377768 13858564509457557162 4624399945955778416 13857515926863713962 4632164614148217908 13853969738236309691 13858068145697428780 9221120237041090560 13853180281030519222 13859257639971440304 4634438667156495826 13850751307404802836 4629691592649716208 13858194621866117607 13855385750114067598 7 7
4631751255628241720 4627962329547538160 13857296110505074803 4634766272277935244 4633068080983030192 13852452906735587260 4631367785824167056 13857737543240929838 13850902755318785112 13851680674287292560 4625775973434769584 4621996838041578184 4631972638166940608 13849463135645755848 9221120237041090560 3 3
4622151196278457072 13857844695826788802 4635341578907537548 13859758496246852165 13850274640847900116 9218868437227405312 4633317866200197912 13842668000407302560 4633031468596189104 13845258767992814424 4633305370267148376 13853206436623706534 4632775451615688132 4631462108623707340 13854944900935734898 5 34
13859423571837073134 4634503853487838794 4634982966170092898 13859490089710081351 4630913915240030596 13833480296628182528 13858823230065252896 4635335744575593678 13847094425011027632 4625001446015630816 4621476103156314896 13859570497292239877 13858402512260006488 4641240890982006784 4636737291354636288 13 34
4627751972167629580 4636354361878188928 13856311686179098953 4629439303250035984 13853078517232056260 4636147664080978630 13854668523776276403 13844601023142231472 4634374273539249994 13854976801890067169 4625365170698751284 4633434062889646224 13860073578037849901 4632888597947218792 4627751972167629580 0 0
13856649800342885141 13845837733125573848 13857656883078591358 13842353226368077888 4629604413024594592 4635188732803662466 13843028334847820016 4621306573432151912 13844856189582949832 4636638975732013656 4630393874789229528 4634686088149136452 4636072433582877334 13856961535856996925 13840002343905506048 7 34
4641240890982006784 13848546025660440936 13858317923284301041 4635058192120886440 4613253756346514656 13859121088385164829 4630889086381702432 13838488787793870976 13848352161502461344 4635312273179309828 4636068563607899122 13859640879007977068 4633987675138695392 13859161726994321552 4636737291354636288 0 34
4635281419971596942 13858575888994879684 13857112379757842838 4629421631024267480 13853606879307550840 4626111968539771560 4629567011682262512 4631012516436874832 13856771135328505772 13853127446255239256 4633241219302386212 4631486814098143808 13854939197371690525 4631048017390014306 4631048017390014306 13 13
4632688801048547844 4621075496593517584 4635099831594705070 13850328178589380784 13857220631392920078 4627827291286489128 4626812683840517328 9221120237041090560 4629528637615650144 13853602611077557010 4635593805370711212 4635461702544961592 4630733466391875984 4624209808741951976 13853664044497932536 7 7
4621115220315808936 13855024735729599619 13857612387860445952 13840296932456076432 4633102055788848972 4636520362234332162 13850149123275892196 13851787010185165868 13848861843060196124 13855134367114850391 13858847792233804565 4634701010651618840 13849693433890894048 13855972730115365850 9221120237041090560 0 0
13858608382867603148 4634124716691831832 13855143206576276591 4632415373190113784 13856418849717004234 4634884161371908792 4632939874714610484 13847135245876070872 13857128270607682425 4631040029330657864 4636554866590830920 4633436789162203388 13837328304495583168 9218868437227405312 4622224626423121508 13 34
13855387828887741912 4635853113633796484 13856896551615700753 4620547823991327776 4630587151674529928 4628209562526338304 4630910907371259240 4632805550573468240 13841362955222728880 4636508089008778178 13851309470844443312 13850366259521680968 4632991017507485508 4641240890982006784 4636737291354636288 13 34
4626958278520642888 4635877028173871894 13856651277968829591 13858539938658489086 13856067795811450609 4635829214192473692 4632528648316121264 4634535023694315124 13850768583804982740 4628395063983616744 4625303500441563496 13859640904156835927 13853925334829772234 13854697697451059191 4626958278520642888 0 0
4632949382878064332 13850978766942933968 13847218605862675432 13858869531699736006 13851443953325617624 13853912506321887341 13826890304719035776 13823566835025348864 4629612501889101224 13858286492833044663 4636167419984274620 13837674942102120960 4627224307047208560 4633010371709707332 4623208402593265932 6 6
4641240890982006784 13853095843692112562 13853171534338287372 4626690521945460364 4627282684059601944 13856855519719233341 13853270992691164340 4618538691512623280 13854451146767541809 4635244483848605312 13858846830496163491 4632720792517740524 13853488085829936078 4624233256741720328 4636737291354636288 0 34
13858322987711320740 13857715857751701513 13848481179132072880 13857247107549929656 13858427053799885541 13854467451116183525 4630071587172170628 4629267944474250088 4635079313203777040 13859215799184033846 4636726824953215184 4634343626331783524 13857974979962238172 13832786146395226080 13832786146395226080 13 13
4632120730888842964 13854718531337935356 13859316301380113557 4634858172025405242 4633117677539150200 13859013951669530705 4634415695348637102 9221120237041090560 13859056595185559662 13858359281789514585 13852799881769412868 13853727798543308172 13853442784219985218 4630924201298150556 13853477409661760788 7 7
4635930648860192662 13842993194188468144 4632572308561178536 13850032498406059904 13858334773382240821 4635666206968412438 13853368664045045732 4625531298656255576 13841644239656421920 13851805093356507248 4628625353711440032 4627735399946929852 4635743027060062770 13857037778757513662 9221120237041090560 10 10
4635720162066278900 4634964106696215558 13858040722494126557 4624590608875783848 4635824993131053070 4634865569466488206 4632737449892767980 4624436509621352200 4631088209820592760 13852217132994194668 13830115020704492032 9218868437227405312 13854433174578459566 13853669426836159853 13854640234070837495 11 34
4634929499752237474 4634510207858712112 13849692260699613392 13857531943770591891 13859670027023926423 13835172365408322624 13848580750437640796 4634320967839785594 13854509423505167169 13855737697694928281 13858671003601274490 13855402138082879775 4635287325526012270 4641240890982006784 4636737291354636288 13 34
13841186950730038976 13857714805835266000 4636547253757569302 4628921249800861136 13845479800632357048 4625830108776918664 13851386476368632772 13845535708481947256 4636396943519328914 13851362252590521980 4619272119835359360 4630338286601516064 13859066485764739016 13857113600266376575 13841186950730038976 0 0
13850283566665017636 4629895532205712572 13855500731099339088 13852276068738515424 4628432344385430296 4631499953827146220 4631095302720473132 13844267016407169208 13859707887704607423 4635426728713754136 13855175463948722650 4629437127263982056 4624105294522937912 13856458462159412553 13853243620714090658 7 34
4641240890982006784 4630044010156223084 13857238389535924781 13859601540682581358 13844267412082536512 4629848353700412328 13846670295988698024 4631932102797801216 13856120461225750762 13859708718072407516 13857909506495917988 13853230601232969032 13849505299662791104 13848526754224886912 4636737291354636288 0 34
4635142351714795772 4633436530860747440 13854346433496344106 13859467401910322266 13849069962835289996 13854035709690301916 4635527451626064392 13859159838731222179 4634993374911328256 13850100761954168740 13858485521136304574 4622898825067694784 4634426533643408256 13842410671436130864 13842410671436130864 13 13
4635777387906244166 4622926879967247040 4624312346773170112 4621569026062814824 4634977187737097696 13857768870952183820 4632391296310554512 9221120237041090560 4628683305179026120 13849168254156107216 4632462322242341220 4619256496462815136 13859234118656484712 4626027459394505160 4626176569122037668 7 7
4630908980804162356 4627481801601132732 4626094587714436560 13831675164432466432 4634139447029670572 13855350809038630631 13859217103717585713 13840640597382899232 13841610935149552256 4617733659641932336 4614616683190975168 4623078965022404640 4635185417694043198 4630528646995256828 9221120237041090560 3 3
13859140234749367070 13858295556184694680 4636731526782414280 4625998103549067104 4634991257419973936 4629154844081101624 4628281548192483076 13859443436780100949 13859379915309723168 4631110181444012628 9218868437227405312 4636247166735381584 4628465575408738288 4635982394088843172 13843541457611445600 10 34
4616280218635297248 4624142279180690800 4631311819754185696 4636015073008201492 13849959551119532280 13854937359058964881 4621804402298271600 13858034884953077170 4629147751259973512 4630164137884014548 4623435189245836704 13856657743489748028 13854786994344492975 4641240890982006784 4636737291354636288 13 34
4620618287223674840 4628840296959059856 4629247927119715160 13848617829307479868 4633323612510922604 4635709357782398622 13842235596440605184 4628458134793582416 4636453036358628150 4631617090447736252 4632150532217107732 4630488327093058640 13845162931997611768 13858588951254653913 4620618287223674840 0 0
4630427610605101788 13853958345644081156 13853148469773266118 13856023718324030238 4634950337522154396 4633825985720617172 13860047410617866413 4631387302668362356 13854916592200309125 4634947155632901802 4632605728884699656 4623928466836720576 4633051991816037344 4634558823678147218 13854927770441896566 1 34
4641240890982006784 4628314870326102852 4630170728553677544 13839516719330566976 13858315742617974554 4635215897487571494 13856205228687868159 13859993939381081913 13859801650248007255 4634819071690650678 4633936133530152948 13859079581480394735 4626232461957935360 13859802195774306580 4636737291354636288 0 34
13850572615271275772 4627746108226826232 13859911779616982527 4634246022071420006 4636152222992151864 4616778103671140976 13859899722507668999 13859150814770114470 4636188141843550838 13852383915156071784 4617559956024891824 4630710114665066284 13857383691291280866 13835874969402752848 13835874969402752848 13 13
4631727716299317516 4635986128455038548 4636418706649269498 13859651085828464105 4633487304061443628 4635389056521781456 4628413034518705852 9221120237041090560 13857336017753829356 13859989895729747790 13858019000449624174 4627556593516129048 13858471662295178874 4631203939462872156 4628848954588418008 7 7
4620084571725833952 13856711092955794528 4632466063555730256 4636624658197824544 13856576340582027744 4632141487288568584 4630585186056183408 13856430519076332178 4627774258001694120 13852929136521662336 13858953727629136499 13858558291773778770 13859443639278010612 4632932346236505724 9221120237041090560 13 13
4630052493278928600 13850684013769384704 4635095849838748166 13855369065168464747 4632982438838861924 13858279125460617310 4636307429077209060 4635232744256534342 13831850958387236544 9218868437227405312 4626799602145278432 13856069970362700328 4629440035679293784 13858074601902060757 13848976915396201414 9 34
4633427979569022232 13851916092767944416 4623369569339420376 13833046392377074112 13855890701011886291 13843214582001103056 4635330660094196074 13857960728229679821 4620151979821340928 4633109504753569128 4628515714229942116 4631011642000055936 4632085836125198008 4641240890982006784 4636737291354636288 13 34
13852147561097626185 13858547750989158768 4627962065633995320 4615536738905980000 4636618335302153034 4598788537818362368 4635853861841731478 13859328846903182988 13855178923911499153 13857873074478300421 13855472639285829644 4627662755608470888 13858457883537285060 13859241281249424993 13852147561097626185 0 0
4636392223971021670 13851246097677730504 4612914629739935872 4635223064845044852 4634177869045722728 13859717581695133851 4634208261637083130 4622258625179397528 13858600027234524166 13854081473519950828 13856114558825749466 13850328252923483056 13852044893967529684 4632455288825715288 13852115770913585332 8 8
4641240890982006784 13858061357025864938 4621313688170999584 4630460626567471604 13858406814691935506 4633379613360822484 4627038520111048096 4636442768117460592 4631193678707542848 4636060868140888928 13858084933852884084 4634220062151026532 13860002726052876651 4633580190630152748 4636737291354636288 0 34
4633187285062686112 13850388950634025424 13859602069924043737 13859520017938855929 13854336627164239156 13857775700559305599 13859649708900993041 13848227144184801432 13859279149638809790 13840317365327220832 13842227947095583904 4632179179370202708 13857998623824692649 4628834275687469804 4628834275687469804 13 13
13859463437487846310 4635856639500800222 13858103529335771385 4636641186240895256 13853336142087101560 13853208075743587876 13857638441218974448 9221120237041090560 4635777283953618180 4635330672699203140 13850521899534571936 13846028188098422232 4631826259467263984 13854386562183025438 13850779490765806842 7 7
13854515708837069166 13854321802703878984 13859380664209520088 4634115461368861320 4631833897764204608 4632230786677461212 13858675407586925421 13855315906251397188 13854359701415270600 4630979568689541368 13857605942509087476 13857814551003353094 4632327596337109872 4635672179638922332 9221120237041090560 4 4
13858419681014648244 4635395711297714424 13848821199493833504 13853203208936320704 13859433278830031101 13856419788009927669 9218868437227405312 13849342118134459824 4636041524630290942 4626098116529197696 4636625086723964346 13854817242912064938 13830769263234942528 4620172883938035776 4630599280679362082 6 34
13835769491389550720 4632983313472125096 4627687626673129004 13856002165530988409 4634696306943921978 13860078815430303166 4624909880839767936 4630019455331084972 4636682831611912974 13851612702073429448 13852922942052673872 4634646094278357114 13860025736402528576 4641240890982006784 4636737291354636288 13 34
13850661388521227404 4635477692461042272 13858741432629535186 4636714415182485212 4634566562432278624 4634962593115805370 4634828514200829572 13859275910148170446 13851926129383678672 13837837357057947200 13815873354309211136 4634912153533287536 4625198211506391448 4622480305516561376 13850661388521227404 0 0
4634628951062723624 13853083197335074376 4628598970294377824 4630905480337671796 13855958656449887425 4634690596652971074 13842999936279624768 13859665426293651555 13852321526945662668 13855097383749311872 13858529161952988216 4634715898908333254 13859537227704771320 13853152481664706432 4630177596526526124 7 7
4641240890982006784 4635314366148257054 4631124293335187188 4628357298780342464 4632879925244697644 4634623248197900870 4635221894670535366 13860089430878286890 4636224223858216412 13858025491680696390 13860013283413383490 13858056304596211448 13857402203781455669 13856046436871843447 4636737291354636288 0 34
4635906490944308182 13856863883431564509 13850992647962943424 13852944491171874516 13844556985065388224 13848667007172129348 4628649687814366368 4635839640207432906 4620340227669280784 13846758402266579136 13859698272399499866 4633517398736914768 4635618675543643790 4620024722558152640 4620024722558152640 13 13
4636596540381577454 13858376433151034634 13853765999432607303 4631185704851473848 4628843800167330400 13859384225978244302 4631172106421244984 9221120237041090560 13855186731289908091 13855156120941475694 4631387920671171812 4636503955001801092 4623182980326847816 13852860231052669728 13854179678253387658 7 7
4636476011189598434 4633739700342529496 13853770445688940681 13855727127211482850 13858405639111175644 4629103745928413096 13857675540383571262 13857766548328184182 4629196765564126280 4627459582995838632 13854517900769019219 4635912411359631212 4625148682489513400 13851699789785388324 9221120237041090560 12 12
13837554938666450816 9218868437227405312 4623432936043807528 13853860569451563809 13859284885440819899 4618240354744694672 13858562025215106798 13855843380456738762 4631813587284138984 13852443177133808084 13849925925138527260 4634492086537628330 13853771693137821728 4626968143951550976 4630195224259247388 1 34
4629223164885285256 4635585287087129966 13857073323256575488 13857615522740331924 13850411071341995112 4636089300795500290 4634124654935423392 13859310503909747598 13854759667341276812 4626293605639880164 13857900256764009758 4635167560381464056 13854398678066952653 4641240890982006784 4636737291354636288 13 34
13852715866729731070 4634874697500571234 4627473984677156048 13853694797146315219 13854107568654037806 13857654761761605948 13858139277662479221 13852274130618998140 4634784396425514618 4630567597407077476 4634600430463255892 13856661524297269878 13848645975490199380 4635202814856467604 13852715866729731070 0 0
13857390297887205341 13856744856494047938 4626614293878063320 13851361982248436916 4634628527248004170 13848138895219139560 13848394476280582248 13860006325937852474 13854107877356833216 4636627610331710546 13852395674027570748 4628640964921726264 4612809383516787392 4621202620978125416 4628956591719619880 13 13
4641240890982006784 13854808099754275725 4627876036640640220 4629906211817164052 4634673972712133456 13857130252732382875 4627095539493913016 13859180645396202134 4633900924355531684 4620872584996717816 4634489106349571720 4617557305059801456 13859247539564558716 4627933140456917920 4636737291354636288 0 34
4633500360127153276 13853531397705993500 13856478509026929081 13858025749628522991 13842174921314279936 4635224090528405920 4635381191712200818 4635538132039292294 4632276639089521948 13852594472869144316 4629356369896419480 4636457332368196864 4635615969245988544 4630608280247051682 4630608280247051682 13 13
4633938586022990640 4636520963057043546 13858672395228133965 13859412566533911610 13853879585698342712 4635485784983249574 4629950088189682932 9221120237041090560 13858424444537202296 4634298518408273284 13856348972689812866 13856120421483319569 13842517527391304464 4635511923101484336 13850274000539252216 7 7
13853433872003853094 13859461158251791946 4633694779946648960 13859538024516250748 4622570483396122624 4635111305386405410 4630301007326991072 4621774217171153288 13856186902751792338 4632946572108341676 13854991834578415875 13820375358334838272 13853657698986650147 4636691255925908758 9221120237041090560 7 7
4635302497171150296 4634634345158636324 4623190894548761936 4632689951309152856 13856926950577008209 4631306614686650948 4634314811816645032 13853828450414141194 13858013295469813068 4624434601202240360 13853624980573216144 13833017298388620544 4619635011318808128 9218868437227405312 4631752115898635836 13 34
13849046509144275692 13853723828932326191 13850403804361753696 13854285031816691200 4633397391474442200 13856858680088198297 13859565054362781841 4633084954018843268 4632496824493931836 13853558892368084612 13847494276308790008 4635740654728977930 4635415313095265958 4641240890982006784 4636737291354636288 13 34
13851253379408379679 4632867133469282800 4630866560145409556 4632841703532576744 13836072077410058304 13852890135712792212 4629537192655697408 4630888019510667448 4620454845204265184 13850563859033130172 13856497600907881631 4628147554816534684 4634289156143961348 4630448636426899272 13851253379408379679 0 0
13831315545993008640 13855715823765447641 13841871990396328784 4635951443317197420 13852948746248202872 13857682819832975676 4631716373393107660 13853647294241324866 4635538095361602082 13857264445468445084 4632810219627984172 4636316879209802996 13854785739862204703 4609614027089462528 13834245868994944064 4 4
4641240890982006784 13855997996473770706 13844063719884994944 13858815489132853991 13858896434577935360 4631328779600514052 4634885891564290618 4628439464645354228 4635780847815271004 13835526585274315968 13855221923249668266 13851278690958171112 13859406454591115713 13856255801587114497 4636737291354636288 0 34
13850363752210120336 13851506674770352936 4634972973241464030 4634876982690972484 4636403507388045016 4624525701979013376 13841297107707574384 13858238491630563141 4627066743100857696 13857733134992739348 13855950481430716419 13852727362783980124 13857136270532080331 13851704142642683504 13851704142642683504 13 13
13855053133905413656 4631911106548446600 13858572828117751340 4634418458657505456 4635512053386888716 4633459001303392896 13851332793206334228 9221120237041090560 13858313589689782072 13857513340109217125 4633223926707243920 13848935637187061680 13843309607243687584 4625493814025183872 13851192989013841229 7 7
4635674153665118802 13848976952575387248 4635338105060039434 4635554284825441606 4628379410486570096 13838318468883736960 4631547098755296792 4629762823277285100 13853045610136128660 4634667522912777734 13856514020397140578 13859354877313360774 13857040845109640950 13829355758662629376 9221120237041090560 11 11
4629796571407250600 13854244409892059325 4626161917381885376 4634497277333002620 4635739005926285308 13829107958786114176 13855706694672165500 4631245010349824156 4624187474903325984 9218868437227405312 4635185386290742434 13859658647756771773 13848830578265279840 13860067743884719987 13833617372185844224 9 34
4631527120206959740 4628731712229863312 4625142344188101728 13858832530041876179 13854060868927892809 4632322132161631060 13859749859171553638 4635816320991783312 13853174092535458924 13849701085262067212 4615128397693777408 13859011729419768793 4634532314159660656 4641240890982006784 4636737291354636288 13 34
13854863447934370224 13857095751448292128 4633270237182832744 4628201515453755420 13851442000096205952 4614592149025133920 13848923566924244684 4599338130023790592 13858742784833832856 13856802685135912647 4635452631059041058 4627119042926881696 13855568497124496728 13858174274682941722 13854863447934370224 0 0
13849417693245424560 13856367654562199278 13858984941856949548 4625936649663463740 4634509113536755772 4629440561817734152 13855878410321278475 13858931711950766484 13856307744087414941 4631791398600442748 13857058168426796075 13858578624986076324 13854380023199592022 4634707677991766704 4630962657573640482 4 34
4641240890982006784 4630429654816876520 13858490522356171741 4626642765107304596 4635332185818405922 13859426083359250194 4630414112399059256 4635266891940969314 13860099319771484318 13858986246196037602 13858322252420002863 4633003875939964292 13855150557957620141 13859582178680134735 4636737291354636288 0 34
13859539076132373202 13859848371009677343 4620410557886047328 13845722077187806872 13857862483018822188 4635253361332177648 4632435801895764528 4636510182949210836 4632774227366381068 13855978729591216094 4622319387746665216 13848880046331882760 13845740875759395520 13847391185053352128 13847391185053352128 13 13
13856435835241663634 13859801729312027949 4627229803987520088 4627982468461915840 13859729690567163704 4635621638639108550 4627027439668332584 9221120237041090560 13830570126274784192 13858931768327820771 13850894477891128636 13856114965713248919 4630659040793617172 13853623903570350032 13841159123173345752 7 7
4634364547647831218 4627233949854903508 4634696532417806882 13859134337604040188 13849192839033687784 13859735732179571916 4631725432411922220 13857325035942540847 13851734364308902560 13858302240310415365 13853495667055956710 13856668362782162584 13859230738866756671 13854923187348844297 9221120237041090560 6 6
13846195763063307712 13846551453557817024 13853618123211883844 4634800723613295180 9218868437227405312 4634481530968474684 13858950437042769524 13849103504256622952 13858416333247626791 4634558087048713634 13847978038667691984 4612055194260847008 4627360761342302496 13856631482106252047 13845342386975532532 4 34
13855259063647649650 4615724798833409120 4608958208299584896 13859307716801953102 13859046667284807340 13857205449757068759 4632685612808686352 4609320451431681920 4630823567442352424 13855403463200491475 13858076841799831696 13850800079006777412 4634492561037708552 4641240890982006784 4636737291354636288 13 34
13844930967102723820 13856045736584556619 4627462947814550928 4634772108858476450 4635123455938639492 13856515760476671250 4633604415189128784 13858949934081863515 4633786956594732628 4634567540183903742 13855943561950638919 4615257804115117344 13857593327504437732 4634172078865174972 13844930967102723820 0 0
4617310219513254160 13854572214774201919 13851588883666463784 4630539135986064872 13853113124206141144 4626813203497046588 13851488031259375396 13854959092431372512 4633421854360873948 4627386499271435960 13859100657962626171 13850303147455114672 4634604073864165350 4631632346807506208 13844103272667191256 0 34
4641240890982006784 4635458971901430330 4636197719622786274 4627133659813697988 4616412436890435760 4627715401462526428 4621203093402065664 13858673153344960546 4614969780198895648 13846317822524152144 4632068153854466728 13858047265365060846 4632832707784492260 4630461447261787780 4636737291354636288 0 34
13837997348059876512 4634864108931027546 4631639553596673104 13848549442944086792 4621882540642256624 13854473309236039653 13854815221520052053 4630531104270723312 4633628822305920316 4633248713203168572 13854932660454241344 13843328038114162032 4633724848488765732 13846370751909457720 13846370751909457720 13 13
4631010156039806808 13855920435263766166 4626096417920195828 4625709093197113364 4622746344999722352 4634258787228531554 4634889878555046934 9221120237041090560 4618401222260095408 13854564347298225534 13849804122288502096 13855157174218866762 4631520791246931364 4629214797126420120 13851236760171784307 7 7
4634967945852993596 4632392102837631028 4633432247924279148 13852854248616799292 4630689664935638612 4633908814451376512 13849788851461278968 4635168939560540248 13859483421543617302 13841479696894195616 13851884545595849772 4632894485171553912 13857721622676320176 13855036001390672688 9221120237041090560 1 1
4633891332499865268 13852389525272310092 4636603245880439178 9218868437227405312 4627271332656115440 13852527146452340504 13858841713294158634 13856255393849238700 13857354650463216600 13858768657681192913 13857783416944007635 4630488241063039724 13856123918490227856 13857520676883637828 13844054180763652912 3 34
13857690115513528170 4624688474242239552 4636437375887167658 4628528991874394788 4632749845051427944 4630434248703237996 4632993779513274224 13859512215783775158 4635081566439637310 13848297951739992720 4635391822628935202 4633370546451043528 4631406840498318920 4641240890982006784 4636737291354636288 13 34
4625997434174481316 13859501519755087848 4631508827229560388 4634886851827327520 4635202116900077134 4636172713916777530 4636593278099506856 13846880340469322360 13841871257586837360 4632028107005947172 13860090460194031951 13832088778707384896 13857928711554732821 13852983708526963752 4625997434174481316 0 0
4633415358134024988 13851696233346042384 4634526369989615698 4630747196246628104 4629603475813274392 4628072987409281672 4631657425972412732 13858647583508609376 4635478098304814886 13841975523151056368 4634832033517666940 4620270439161916224 13846565776124851680 4634303285244193924 13853507284681577017 3 34
4641240890982006784 4635424935924385956 13848807764601473292 13859802099161657182 13858153706183386856 13844233860820246696 4627568473509896188 4628958293115491384 4626360207189613160 4622873887794716136 4632956092179426556 13858748279182367143 4626793470376290248 4631354547359625640 4636737291354636288 0 34
4635654428533916296 13855893357669940925 4630945237921342660 4622722608733317112 13852744332523619828 13856352429725845319 4635866964451870412 13858919896688096654 4629314792850776512 4622763210287949576 4628883700105725416 13859608495981144940 13854791090663172825 4617271411448096144 4617271411448096144 13 13
13859210178246071691 4634832066930171928 4632818035013159036 13858427448787735506 4634818441573551598 13858300870006925326 4630140221368649728 9221120237041090560 13851915517228162752 4631009176253014720 4635111292833687078 4636180360236046434 4635682695087993420 13836366167878255520 13849964721852826932 7 7
4629759050564759808 13851377854857678628 13858098067481901993 4630348241812687648 13855796213878891159 13856334087610062141 4635309621771467764 4631244154562436876 4619818740731704832 13858697000766408465 4635828072487335842 4635702863367602402 4636158162205808122 4636575188191071664 9221120237041090560 7 7
4632987149442033616 13852010168226272536 4636262791360172020 13856806874425608225 13853382096197083200 4634917862338633806 13849456248342331484 13859898906355569529 4634634891431623066 4636540298275537024 9218868437227405312 13853674927744321962 4632288631689927424 13856799837168258053 13852596090476203701 10 34
13816736341758487552 4635645375947919462 4629886130360394488 13857648839935230371 4623271442593453240 13858247855400783258 13847929084146156704 13858326876527564777 4625706955220415660 4632948481532667980 13850901062676407404 13845071588724067008 4630759959589663684 4641240890982006784 4636737291354636288 13 34
4622249502641688256 4634501981168182038 4633535696550581772 13851458666933077748 13859049238983030385 4636455237319899072 13857424534523403284 13855679814069786747 13858148376367854982 4632871694369402664 13845324571208487504 13849724850568320916 4631518507354941652 13859386485699031198 4622249502641688256 0 0
4634994914805667452 4630568546667766200 13854774992893385297 4633593695286301380 13853213328201451146 13852722498558466080 13855946791690326697 13846047685944573144 4636392737105758576 13858232312179312221 4634533597104388544 4636442802570996684 13841888180314409920 4630892991368951028 4622159368193837552 11 34
4641240890982006784 4611473902622553216 4631900094013875392 13858536431988116470 13858051540061933665 4632382839823923732 4617703209070080448 13854923857636978356 4635286863065670876 4634396535757987736 4624885373495530936 13859946807837036160 13859588085500091160 4635797612963467402 4636737291354636288 0 34
4623348265785000016 4621302015006877672 13830775341055220736 4627110027719010684 13858669809481952004 4633157645325893664 4632825831388461028 13847305369981858096 13857078264117038009 4633211298308572912 13840514431005134720 4636118991603604512 13844655779938693408 13844074118920652788 13844074118920652788 13 13
13858659440801122936 13857836628865313238 4626383655974117696 4619994399986903024 4633576384693287560 4633090981601433752 13853960122521317219 9221120237041090560 4611915235969097920 4634823895964638608 4635889008036329628 13848904323026572892 4628388604523314776 4636291195377940580 4623766488536922212 7 7
4636185977519635762 13854664959065330688 13851580550549704780 4636376417432408192 13841847724327502656 13846497507388451320 4629576303866526368 13860096409514889612 13857679301525578452 4634874766960903464 4629736574521523052 13839978461137485040 4636570602538455492 13849447620635445368 9221120237041090560 6 6
13859457770498482790 4633703777242723332 4626818735048463628 13859579464797879377 9218868437227405312 13858903745913523346 13859560446327439510 13858852757307571551 4627572257585978208 13849007741493944280 13855382191933810769 4636149027735284670 13858606417699992172 13857080135581068703 13852263504685759545 4 34
4631863874306414412 4629931352072136124 4635653072416987834 4636271331113004934 4612015050668546048 13859142344361372104 4631154412206482844 4634844988347961164 4635741885574448940 13853256441093758468 4619134002983235536 13859919975972668146 13859934354689414084 4641240890982006784 4636737291354636288 13 34
13851112388103312829 4625691421354048664 13844134330323781608 4632358169134231572 4633598221484466556 4617196577379581248 4615680020713806304 4636019584179264412 4635763542906508812 13857727558157807952 13854159264681688238 4631631463062310852 4636415723059457962 4634382641749159656 13851112388103312829 0 0
13858911067203970149 13854955487120972000 13859997839281144465 13859324400527396118 13856062175112131622 13859212672986388690 4628868109800147744 4636577900357259420 13853321941904521524 4634626483251670256 13857855229735207254 13859181329367494279 4626414797775152016 4636162494370649140 13845134871268500496 7 34
4641240890982006784 4633901151106719776 13851406824890231816 4635482211010890784 13857989121934218330 13841524348469420288 4628310766727262516 13833312176383094144 13852608281986143604 13857602269414758376 13857698476358435498 13857898525260841754 4635132106226076068 13835731846438836960 4636737291354636288 0 34
13844347064262742296 4636408746420407528 13856062008056107797 13851435466058951848 4617209588801641760 13854778730023071519 13853858564193653162 4634402961038589764 13857955087712773115 13851412320703184492 13858348068691780436 13858528042233341970 4619074214181857232 4617559408544357600 4617559408544357600 13 13
13858810469736194086 4631378575327522040 13859176489979537532 4612006339253007008 13858075341847716184 4629666838044537056 4636311143965883008 9221120237041090560 13853690387610073141 13856561496094165678 13854563046871127581 13849932419241124816 13859474773786660677 13855435850493668256 13850419943474265792 7 7
13849648530302316340 4635674093211844898 4634532211174556474 13857817104825078477 13856965567368433462 4632637694825270748 4632624419091029304 4635771966107207030 4622994870428837584 4633397184705541860 4634480589836127514 13845713665848321592 4633835329216901500 13857093858074712797 9221120237041090560 1 1
13856192748838309725 4632445042680253048 4629130775975699568 4634935528573398406 4625289691452397752 13854952653516486181 4629913230015767288 13858659129061133140 13856332190024062128 4631833502629418648 13859798336540699899 9218868437227405312 4632924620619849876 4634646010663580308 13854331729124638540 11 34
4633541715657236324 4624367635706781128 4631423867901579144 4624151680112882000 4626033315827430404 4626364653122088740 4632876595045741556 13857775035315220568 13858405715035097790 4629009831852347952 4632303803179167316 13858031366807654685 13858955582219326090 4641240890982006784 4636737291354636288 13 34
13854735263502838822 13848812096829790136 13858635836631630071 4632839305180111996 4626548588667460816 13856206697748696750 13858362418432023134 4634534029420735854 13850103393217018648 13859250810970430772 13857244952348542594 4631277042546644200 4634872942744202588 13858389425372079310 13854735263502838822 0 0
4634438997491791056 4636011047664382822 13853644655704586941 13850772033727493184 13857196200107814769 13839732864735028240 13833733497038533440 4635935078996284070 4624550179588651360 13855265754202717050 4634513941856991934 13858245903597796666 4626581755190241120 4635102022180352240 13855098696510200380 4 4
4641240890982006784 4636427654527783464 4632486858683389516 4635731687845111070 13854708832277431681 4630823335411423236 13857247774591934594 13857596147155153313 4630747367093427664 4626104943604663272 13857927707609643657 13858250176368362207 4632971252358600948 13855919692439643322 4636737291354636288 0 34
4611259156422343296 13851930473296835516 13859471547085152137 4618094668522578800 4636469188500115862 13857903507549029546 4629723256150144732 4633485803514698232 4633665297541158296 13860053400089076185 13843018345674667184 4632393353789878876 13853435653388658128 13852904552554483082 13852904552554483082 13 13
13857563428468610984 13846781815661626160 13849673359625416824 4624770622634957088 13856620429319096694 13855002525140392012 13854482776975479675 9221120237041090560 13854981704600216975 4634668005340154568 4636395929703168664 13859934984212324334 13858552052156475607 4631973004368818960 13845224046897880940 7 7
4634903701299862812 13857782162107770399 4634940234016724112 13849489409091402116 4632823593433433576 4633015149507738892 13857085153375751128 13855516031755030350 13850279610271831468 13856277407956053309 4630406492740451304 13858529453800532865 4619237560709559536 4631002429728161716 9221120237041090560 9 9
13852152990793111812 4627220409275936760 13854582814914222762 13857735736807337735 9218868437227405312 4630808772591240944 4633530131996878092 13840826902115995136 4622119104016160264 13854203333608879203 4636072649247736666 13851099991154031692 13858514918999759916 4635397244779220960 4621213381940545792 4 34
4635632419657081392 4616442172600221648 4631416731401942196 13849194934705650368 4628052716844861864 4634688918901000894 13834021719749571200 13848125137511119160 13853516720045549400 13848985632127376160 4635352629848596778 13853525534479016712 4621315057618795288 4641240890982006784 4636737291354636288 13 34
13848950441305045932 13852398980651569392 13858683392302423524 4634739938812680334 13852500716197453660 13858403968745576630 13858873038856094324 13860034465576009858 4635249048020235994 4636306095895695178 13857334780245318038 4627544752637722064 13854543195829992422 4629196096820267176 13848950441305045932 0 0
13856090662778831094 13854554743597217400 13859694506360655704 13846711426294893296 4634342204688286236 13854038435674461262 13856570530477049678 13845960090443021368 13856011460194640941 4620549797389952528 13858403772235381856 13851414833011966596 4615664083594114016 13859570457372168943 13854492300654969875 2 2
4641240890982006784 13854020625695964697 4620239446600791296 13853574836204328316 4630245642835334640 13859322775355070785 4632712502303933544 13859858348091106507 4626591343165241472 4634079824736890224 4636510202360349878 4625999048100002440 13858226212800784913 4627363091733819732 4636737291354636288 0 34
13840177275377070464 13849295324597419524 13845056964322412008 4633935868530966680 4635824832894001236 4636369187009616384 13855872013484387844 13858692621379487148 4632696407887782420 4626490124525929216 4627130813144880608 4622839386894573488 4626978499858081460 4625231673326246948 4625231673326246948 13 13
13852543067767707492 4624842835872974648 13859763460500464684 13846488456797395904 13857574556354345622 13856553597271097572 4628251132681537744 9221120237041090560 13858399946093355048 4635709862811584316 13855081513894653641 4629689999957397032 4632344973872921328 4632664180792294684 4621105848646953088 7 7
4632389635366332656 13854426917658382994 4635119320862859696 13854286094440544681 13855094094653336319 4635993218613562528 13848343636864479472 4635159704630521030 13854030016385326012 13857274488638569828 13848235794370252296 4628840270610825680 13858819235637743646 4633733796597594728 9221120237041090560 13 13
4636073339318123102 4630463155856074468 13841469503709007408 13860092370322152249 4628986732278037456 9218868437227405312 13854916130657436475 4633571703230422416 13857799254830390832 4628739307947446056 4629878736803148696 4634924216481674606 4635177933825417412 4635781880816126834 13854317295006851933 5 34
13859567524038322984 13845150575196070608 4636157561611452368 4636352898074496864 13850016919423621928 13843888355846144592 13848714828215295968 4631219702787303124 13848810779937953068 4635329261384255770 13832593005186636608 13841814536323494768 4607655089140161216 4641240890982006784 4636737291354636288 13 34
13850255085378721032 4628061696491178976 4633961137875368272 13857272248811557559 13857989344860653285 13858137147670449463 4635752095004351674 13858265223577227624 13859915631091198427 13840971065967201632 13849558486335697612 13859310854794825941 4631155429251669412 4632382217103637544 13850255085378721032 0 0
4634653554666702564 13858320452631864963 4635729298903898342 4635812731742507520 4634676087567756728 4627806898616224048 13857911713329711326 4636291934655665346 13859842491361767360 4634546897668414668 13851421942285575828 4630676785916393168 13849342407231072036 4625756131997075008 4627006017823453516 9 34
4641240890982006784 4631446624414365112 4635906939084654970 13852129104912081056 4634235761410342412 4629379379243264392 4616884561845060080 4630183880736630464 4636201994547532134 4629728151746986512 13858880562876321782 4627899578050462628 13857874020589437660 13859917741766607821 4636737291354636288 0 34
13853465766279900750 4629485326517300296 13826375826916484992 13858474002331796382 13858835479480434257 13857928090380430577 4633100543704470720 13857264790724427191 4636055021984671406 4625678025002349088 13858741273317368171 4627605418983933944 13859946089020946469 13847704789224078152 13847704789224078152 13 13
13853323438277819440 4605623908857890560 4636087641254886588 4630488941520040016 13856117949499089931 4629732370656400728 13854830774153143566 9221120237041090560 4636133223185984470 4633414657288854064 13859164448059085485 13855398517946587872 4616298955849098976 13855315901895797747 4626601606320847780 7 7
13853219974990994828 4631753408588943292 4631963195322432664 13844204577261890032 4634911789308473342 13845542338491865472 13855190734087752869 4631097738690682572 13856019202762856641 13853821766537318394 4636125046120344098 4634119231344799840 13859024031167664572 4625348871227152872 9221120237041090560 9 9
13856557802549629162 4630575949485723444 13852367746809864748 13857425644104198269 9218868437227405312 4635517340898081694 13857720884092613332 4633266788097374736 13859944153030901737 13846630226218017960 4635926506824395730 4628728601711237096 4636460992363701866 4635181860253284100 13855061851150905077 4 34
4634170521186665884 13855223290258693828 4636451871555474012 13856557556915447578 4631839537586135612 4635321304077907062 4630948841940760544 4631274970343448564 4627583200069399740 13859115834719219099 4636225586938247332 13857441046206966531 13848624796473615904 4641240890982006784 4636737291354636288 13 34
4625357833096744860 4635283679117259474 4636253238194282896 4626598814300774484 4631739138839844516 4635031175609679040 13856595210318506697 13852848989883100212 4635872214458304214 4630999938450834040 13859786515465155137 13854352311299026375 13859015935117712720 13854938490285718169 4625357833096744860 0 0
4635516281893823964 4630140990465187812 4634732892053358270 4623811420300385024 13853853422526604222 13859529901172383108 4636074540688464992 4624378102068511136 4635841264621203306 13851866999850191628 4635446345102304434 13850405797952352636 13849783717680051496 13859111384785517462 4630458640828774108 6 34
4641240890982006784 4633419755804282756 4627460085611254064 13850853179914972172 13857737556897358110 4636450282940677364 13842586954229795264 4629725028877285556 13856348996921265234 4631552827252992404 13856329750553816953 13852299308290399696 13858521920090611521 4630828400865613472 4636737291354636288 0 34
4634920134688088506 4629563143090671368 13854874744201261259 4636437321938975142 13849583284131827436 4635008118873436868 4633404808616346616 13860030633044728212 4636665231673202220 13852145819813975836 4635625539660935930 13852656287510919872 13858801309151406829 4618344776473484376 4618344776473484376 13 13
13859372695218003344 13848253917494623608 13860099747528573660 13847696891647012624 13857766606938152992 4621965345875268248 13847737307531352048 9221120237041090560 4631405996854498468 13858681658330296501 4635739780326480454 13858380561668518840 13855623741699353816 13859324684456089091 4626555647124382696 7 7
4625312136619759052 13854099541979872722 4634168778458743368 13859957072431324265 4636089446390875870 13856235789955865238 4625914008301167452 13853571172078595156 13859486549017175044 13855678387711171712 4633586448748336004 13858366898349093807 13858357615489722740 4617857629123675248 9221120237041090560 10 10
13859589101857743984 13858342380201817574 4623643444369917848 13858853627770744672 13847791392005920320 4635105209403495840 13857894621690861166 4634379487895532178 13855550270554325166 13855328268591387466 4631090789598225728 13853668400330414594 4618502423826260608 9218868437227405312 13854186854539115898 13 34
4632316289657605628 4622772822179233112 13844420741291908520 13837631084237371072 4623918793211741696 13854017991409241994 4635457212884457474 13845117868039837848 4631813476215837296 4635260783192860286 4620743219188982648 13850293873207044224 13858373742564152835 4641240890982006784 4636737291354636288 13 34
4631275985865314396 4635306388978709074 13848963540161715024 13837825516718518720 13859309232516611815 4633592407618585768 4633037987184032924 4629544721010172696 4633391188107864604 13855650498593032347 4636675761470211538 4629656463786441168 13858782195487006199 4635703698546426740 4631275985865314396 0 0
13859242417741718580 13859545907374132580 4634720337118104156 4635434792475747096 13848642388856744148 4634404789628855512 13844674460591330968 13859506393086983329 13844887493000361880 4631272752275380876 13858919988992384580 13859886045938222327 13853931092568473288 4631020857037071080 13851837652393126176 10 10
4641240890982006784 13851970919592652584 13845204464419362920 13855412727555110281 4636331342452904086 13851883274181540696 4636315951799096724 13858749705825367640 13857659395085255415 4610186606364971840 4631176724734716600 13859862539538195687 4634203286559091440 4634584667495562770 4636737291354636288 0 34
4626886630638995516 13842674816751620416 13857127913239251872 4620275356182445312 4623807313155644272 4627443364068616572 4626188393146302276 13852301037894918396 13847945088447721568 4633221005010978608 13848106814875406760 4627455600019248032 13859731088296788019 4629818121819060560 4629818121819060560 13 13
13845803379446989984 13852183546722366704 13855194277923154828 13857465469593155725 13851729567042473292 13858519896292780754 4629498888391862336 9221120237041090560 4628287194899724464 4635019323937404714 4598487959218601984 13859842267623267519 13848932106420227328 13859679333282202888 13853675778788967281 7 7
4623285976552287416 4636479793251839906 4592885377822307328 13853985675853724156 13851646367615982636 13858580283884824680 13846855825108428344 13856375855733842247 13846821411384071256 13856589381650184991 4636732630564614048 4620573274161270384 13858536125535392252 13851205658145213248 9221120237041090560 10 10
4610834318896392320 13849517677540842112 4636457335018942478 13855381796687193456 4630684166603911972 4626594735975455744 9218868437227405312 13858540540599598254 13857071694040614747 4634278932548254078 13858670667453659702 4635612568387769744 13859710556693403430 4628667466544285960 4627226589905095316 6 34
4634905854779736398 13851938950667933780 4626761610819472128 13827066269334491776 4634031562109782236 13859679192882103734 13851077435536524924 4636045563294741770 13859541287736616555 4636131625147685078 13848097139899742848 4631330996127325944 4631498659022775816 4641240890982006784 4636737291354636288 13 34
13854003076139255467 13858232659404264580 4634425503187880080 13851028395760062056 13857535130016079009 4633971546753797512 4632124078773067156 13851522978037079992 4631509393932829572 4630110821729971512 4635787070300370166 13846389354970300608 4618424726753115776 13855385844924939056 13854003076139255467 0 0
13857589256383998548 4612903767820627552 4634524627195831546 4635105014718626716 4634488568374701298 4634171957049266840 4629213609770603776 4635897563388070262 13858555356072422888 13852248267741149784 4632050795699515716 4636224724786690396 13845572055645430856 4623533047463709088 4630549082497979402 7 34
4641240890982006784 13850656930225490092 13858031978474560851 13860106448372687113 4634372535393017962 4631623311170845664 13848403184631816448 13856397723152219994 13850087543682816868 13855007700745455025 4635466021917173288 13851319617797846072 4631100886736615048 4636255918950108514 4636737291354636288 0 34
13854682335342550978 4621397190313516704 13858037960801653966 4629866776420815884 4627389332636141788 13855116677310125675 13853308343302264846 13857250749487410338 4636558583921149164 4625801603270897708 4629895808363377112 4635375231320250598 13857260433623078716 4629751007717286782 4629751007717286782 13 13
13855206017789215281 13849377144231453592 13860000946173862913 13856247099522862172 13843110003308342768 13844097788740967808 13859693690850830708 9221120237041090560 13851100100635422248 4631682200911763556 4634790213380046672 13857905792835908858 4635959953338955256 4635046591041008906 13841585122522028872 7 7
4622894066084724888 13859980099558439304 13857062639323515900 4618062061471948128 4631995317456375608 13853752754932250381 4635679398440701640 13859766324423523229 13859570441085144279 13851495015832629260 4628077103145708088 4632076891588643500 4636002665820714402 4635008885653258860 9221120237041090560 13 13
4629890456393243732 4628431383241170520 4633086404038402340 13859517289755072632 13853522699049090250 4636467487581387264 9218868437227405312 4621014145567711136 4626204885968823908 13857736692752614648 13855481774513631738 4628135849560514652 4611377505978097280 4632924693163801112 4630068364730992560 6 34
4634334111850479596 13853963445005871438 13844172177626472632 4636552493933439984 13846603642436896984 4630034483671745732 13858752651655115546 4636579461195824092 4634322276356799040 4585971380283234304 13853245622745849406 4635298770501092396 4633431307562191632 4641240890982006784 4636737291354636288 13 34
4631893635370223316 4632256541383971792 13853405164428275394 4629289069195109936 13858685344067834058 13856704638131812209 4633128251362348644 4636643659830816756 4631052457620837168 4635658449985934320 13858804126715451427 13857830569004609082 13849667144269082340 13859197539261220126 4631893635370223316 0 0
4628206959908619008 13853096479445408800 13837798677791669856 13856093532915406203 4624731349005683112 13848136006024595048 4636568668043446526 4635962494738360548 13858784876302490343 4632270820865231672 4634933047164683808 4634883104910451638 4635831080300099970 13842085254409281056 4614116026448193776 8 8
4641240890982006784 4627020302775723252 13841132967584802064 13859722690895060287 13857627307416705613 4630349910441551904 13856945439142762106 4635359431594553602 13854672932056996272 4636651285407396478 13857069879225363138 13860103159819459613 4636611453724605692 4632217428057062512 4636737291354636288 0 34
4626517741431144396 13859326949751952480 13857698461597318772 4636056388940648934 13854314505466116341 13851752150968739748 4631400594334111084 13857118445571469975 4633899008655275812 13859967926495419443 4631945744812021848 4635465997533235112 13857369735347012053 13846892847883413000 13846892847883413000 13 13
4635643310401966528 4631859253085903792 13854134383916742278 4634116835313651688 13857176883901319706 13858012628583366196 13858818157782455268 9221120237041090560 4599679136292549632 13858149992141608944 4635491545333891470 4636304660529930220 4636114534405530338 13853270705880516988 4623822852448674032 7 7
4628392118926383016 4629593165192017416 13856419773654369003 13854358449341971134 13859436226771912266 13839959640612988368 4636521770772863298 4634282130092946428 4633917114303044772 4636711126535539412 13855145207956289459 4625259241191550052 4622521266170586664 4632576238109415332 9221120237041090560 9 9
4626201571082235464 4632452922737040032 4623831492555257472 9218868437227405312 4635414550259925320 4629539694777847968 13841438801234793184 13853280758228675196 13854208006849022569 4633418094842730744 4632916091588541672 4636511519522681292 13858696413262697101 13857191312570649566 4626082420645833816 3 34
4636193348653111202 13830917419203894016 13850583354517983196 4635407471430224320 4634596861225729284 4632816205927017972 13859507317328061216 13856835781173218484 4634584273267104124 4632451694970521628 4630666000145972828 4631428371443315604 4617738952264937280 4641240890982006784 4636737291354636288 13 34
4629791065223443194 13844700867857214024 4633789613113300500 4636246146797378350 13831035233284971328 13856131430884343019 4636638722674981978 13833213678380905792 4620350988394812736 4631827145949242652 13855236488393729053 13854648485846751828 13850604750449504196 13857326002234358012 4629791065223443194 0 0
13857727917951272158 4636486110858727662 13860061006623949738 13857596418761414400 4632847760774096868 4629852827310199728 4634410675674934262 13859769450327625532 4630844092929727412 4627109340430347928 13820346030322396672 13854981354950068681 13856425851265169100 13854549741725513456 13855440809071805373 6 34
4641240890982006784 13855573211185764875 4631572163108835156 13853711772402485319 4623658433270624512 4628967582576210616 4630329741891500528 4635755785522597056 4627194924261494440 13835815866452390176 13857244188829035659 13857773310047895290 13857045214555303959 13859255644453936987 4636737291354636288 0 34
4635483742476479754 4633525736371936820 4631667491003049784 4636490442752967430 13857946516901115098 13833885886116876800 4634976003409068728 13857801940213352120 13858518782172663662 13850367897364795928 13851592555580460492 13860052110550510196 13858884836973037263 4630291612676080984 4630291612676080984 13 13
4636353988536982148 13854089634439954162 13860023566516525482 13839978696851487488 4625352764151290496 4634662293731123880 13856424526874738822 9221120237041090560 4616469977155192800 13847020751116763496 13855374461903377062 4636063384426172964 4636089980135125392 13859227333247542954 4632117590673484084 7 7
4636080109683154742 13848793086212980772 13855131968379087788 4621490868218167312 4634105318032235580 13850929852176848624 4631197894424463924 13858785231042774968 4634226370439346084 13852873046414765768 4629032416353915296 13858896622019394491 13843251103458921936 4635959773259316842 9221120237041090560 2 2
4634730933864346278 13854702909909701278 4626185385387648248 13851830767682411472 4636180388576525996 4634811161739951552 4623538584640114264 4634369950273011912 13855356529821646738 4635920712825974820 4635978771459234502 4608171581564471680 9218868437227405312 13856606808568360684 4620965816534588500 12 34
13857614259582628549 13855534361301905656 4636538734053725506 13853612009949398344 13853957089462305944 4628455321297683060 13856639715125393906 13855682725689940244 4624564402460148560 4621169372655333752 4628870058016685672 4631224056444897284 13858392029621929651 4641240890982006784 4636737291354636288 13 34
4622264730404006512 13840812889345216912 13855222392981223409 13848269478815051312 13849938718085868272 13857325831703640212 13859667362779750957 4632272617323944716 4629868599499782052 4631633912309602940 4634280538310085978 13858186419636279134 4627774766938171652 13859260704211577294 4622264730404006512 0 0
4635902171228377594 13858302130613087186 13854807412066844956 4636076580794817628 4630185966007998280 13840154031966509168 13824140896870859008 13854736543862212422 4634820845629572470 13851090260997674048 13848605287631282296 4632226800790753132 4635097712632319702 4631811269004612056 13853431092855441348 2 2
4641240890982006784 13858256173087010920 4625504542914734384 13853715520019625344 13858294270616979107 4629725010922099576 4633295005061571796 13857660026769624338 13858006294175057421 13848978428724580580 4635717784228446228 4632236223169834584 13859165620838912272 4635612367723878440 4636737291354636288 0 34
4629383141340176464 13849088524022101824 13858056934458377749 13857974207653663848 4603882002158746240 4630794887933096664 13852751699331976016 13856751038105353928 4630587126513508872 13842969768652410720 4635077163106911158 4625465903463476652 4635052160971726352 13840525964813813512 13840525964813813512 13 13
13828838406001697024 4634275326988797654 13841019500017565632 4633488436562967472 13842550280049531008 4630911392837555436 4632232981392916688 9221120237041090560 4633960951899287780 4630152833553224300 13847189052670675936 13853611616012119038 13855960044593319978 4608178461446440320 4621919996620505512 7 7
13856744406281602416 4634518516693911648 4629829280490345964 13853201267678411478 13857713308134523442 4631208911375939336 13859103254370700084 4628633861694996592 13855782909535105656 4632569523979101788 4635593158333098442 13859989584768913710 13859029371185753566 13848676067582541112 9221120237041090560 4 4
13860013440525989407 13859890212946987104 4634373251230167170 4632196216659562716 13849543230119846216 4635367243834992358 13855714438045577081 4632222324708396360 13846306154899665856 4617476120957143600 13855293826342464234 4627248281618737916 4621320525573224088 9218868437227405312 13845318947116230300 13 34
4629826911985056896 4626705171717169328 13853798194264814962 13839589762802060080 13858873068123789352 4634925496985341504 4634051428792434376 13854461250361115944 4635579485677209718 4634963748120811154 13854151359647468103 4632291598370686580 13859811862811901427 4641240890982006784 4636737291354636288 13 34
13854390985214583122 13853819835701274128 13857106628548524538 13848777516386744768 13855402093730944153 4629377343453103704 13858944346833794626 13857405661371893100 4633356366495263928 4636206154392044906 13857348323505348894 13856551220168647388 4620066853776850784 13852954425535378616 13854390985214583122 0 0
4626429789301467560 4635430334103014120 13847976809574248120 4621553312954898776 4635627485484046810 13856712536349975606 4630208760692085320 13853629735467752778 13853830777530401841 4621613059376304736 4634764874374852346 13856133830731546550 4627573768978856832 4635139359554966054 13846138847167814684 7 7
4641240890982006784 4611644720080064832 13855717797633564447 4631150629522287536 4627423130927662216 4624108024673409664 4636594841205064034 13859053528887047840 13859818836728953034 13857634127001057915 4630167818915070072 13859399751985668955 13858225434222004230 13859557781978760401 4636737291354636288 0 34
4635671903713544706 13846770074168557832 4634043966952826660 4627565693377537540 13857680914215210132 4631211212512039900 4613462035515880768 13848352944651125008 4634138645564929468 4634624522991114220 13859536098371223868 4636701220298387522 4629181738004482608 4599820823817515904 4599820823817515904 13 13
13857913616428822299 13849298973157960736 4632852982465958728 13853096941090135060 13845162730401365608 4631752789966012424 13858159134223507910 9221120237041090560 4630961689619532140 4630734874511531992 4626545285799619648 13856690761309608950 4634303057512756298 4631714100720112400 4629240901116743844 7 7
4634836072271295868 4623066335317437504 4634350252973416352 4636469253216020422 4636129285811543212 4612701547848362752 4635496532985837684 4630252892555141412 13859416218426727780 13855393468830618431 4635682550025762690 4632897037054220692 13855083908679677481 13843772332308245088 9221120237041090560 6 6
9218868437227405312 4616308541493399600 4632794412116210500 13843686612809376944 13840664671622758912 4633852991799395940 4609224298986384384 13844417072153141192 13850040567419750536 13850978503985597952 4634283895870713790 4635886866907265004 4635130992018911842 13854991907127906322 4630031244564572034 0 34
4628310635618763664 4627566986495127940 4633649772414034100 4626458871780747484 4631770178723243608 13852536839393506168 13841266921595899744 4631223744647518804 4636299521714112158 13859569778045830604 4635746373101214374 13858205666051899276 13858802565626866558 4641240890982006784 4636737291354636288 13 34
4628200073097443468 4636347285141880648 13857856888219641008 13858661405667863804 13830576490728008896 4628989184899759000 4633305865061558216 13858337219532951579 13856260560476701416 4630797896103160300 13855563277585912906 4627888698079544920 4632531053841111380 4625731597946545428 4628200073097443468 0 0
4604175025149382272 13855707232492915378 13855835118147596294 13850254299302542504 13851130525886864116 13858424999864954756 13859665239875110510 4621909216441633728 13854418044965974181 13850289026857892804 4632669721193417172 13849964239752957004 4621896424430191688 13854053274379792578 4623846239118971092 7 7
4641240890982006784 13852044188634851056 13854262037841222028 13854368326661779522 4632444076595019488 4630073203369653568 13844663786402429296 4631220957606319252 13853763206959411638 13853986100712222353 4629537343283314336 4621347141302541784 4636462979627738098 4616373383742825232 4636737291354636288 0 34
13856162415034848997 13851808127474299868 4635511510097542882 13858490765800061163 13851389308027143728 4635773258482632810 13856354315944830647 13860032349002131090 4636502355950519718 13848812954425464880 4630774024034831780 4633934035040189008 13859649289971774708 13848323855146467228 13848323855146467228 13 13
13845278683794443008 13860044569254207555 13847792881745859880 4630815402586239940 13845949967248993136 4636160301551427468 13854148165291316650 9221120237041090560 4627054488468082052 13859155919167627954 4630776574898056928 13858889668239870048 13854655877715866353 13856146589765825138 13843244790873909648 7 7
4636546719962830642 4634608542073576832 13859140816017378524 13852991189579092248 13853145379491740360 13846624498565759592 13852262549689221484 4626487612170869544 4635891849007416342 4618284248141668976 13858763888717797077 13857907675201655848 4631827473070170972 4632070594726176964 9221120237041090560 0 0
4634911023137741882 13847548380794000960 4635005979927307542 13850472440397071128 13851677675780926112 4631651476938596180 13857927056480201368 4626490487114877496 4625896743683580004 4629163932100909344 13858823903238389338 13852723019156293504 4604216730921149184 9218868437227405312 4631379332624616378 13 34
4627211712155564388 4636100069714398906 13850710734062212284 4600309763113539584 13830915544453635520 4630082672313470732 13858508308016337677 13854586369460630378 13859505858380461787 4633358743989315608 4636179174216838934 13854235955891173400 4632283758547589204 4641240890982006784 4636737291354636288 13 34
13844358444396572216 4635133052635533212 13858538241231500412 4636309560586614638 4634602773042551404 13859416423548202527 13859157827426528566 13850863893813935928 13854023909736391972 4635866804755781804 13849359261410147416 13847673241986333856 4620209821643585680 4632100745338127556 13844358444396572216 0 0
4628877082241822592 13859635298543113521 4636529588974903214 4634862688372672284 4635352701430265016 4629902077421813956 13847648927846229160 4621904914737313352 4611237813813121600 4636620380036337368 13843831828177299408 4619752192110540672 13854462302478271953 4630722080487426928 13851034333660429710 10 34
4641240890982006784 13854926614320767950 4636539295835199254 13845709347276798704 13858476946097804418 13853934597791229591 13854347400321220978 4635965409706298540 4633709841659194604 4634582123080179198 13858533118318619236 13857903717134673782 4633825160937871148 13850741407342894160 4636737291354636288 0 34
13850892056227752712 13857192660222072834 4622201417116704424 4626039561294222420 13856327524463714659 4629097267993803688 13859068920027774051 4632910635641833028 4634603132766272592 4631839607067531632 13851086553566964484 13856549715043096594 4630565641406829212 13849564747425265560 13849564747425265560 13 13
13849529787057027412 13853154658790303196 13850369398501554180 4621905034583137584 13859729844397334302 4605911776551076864 13853061375065436684 9221120237041090560 4622007830015818672 4633905730926663712 4630138604966967344 13846057038004262344 13859663462233670543 13859694066019191543 4626184522393742096 7 7
4636295553472111738 4627041139571456332 4635912811013467122 13859117599505936543 13850764896297769668 4624964791028174224 13859561927214883238 4622019793674586040 13858531526206411888 13857951761239688348 4630333564800229060 13854493329342990844 13850131450816426184 4635385047719339496 9221120237041090560 12 12
13859908542701685365 13855000244210568812 13851251920019628516 13852792953638918204 9218868437227405312 4622083909094422896 13857327586428483431 4632606996914312732 4636452831128903162 13834677309589206144 13844216118424891024 13849510733094435584 13858731869327917526 4625786431558831696 4626667640178834676 4 34
13851706497234001904 13845975766825367296 13859289082540330518 13854268542165141625 13857040723192576103 4636731298156028712 13855668846145523728 4631032722532589116 4632197449780739440 13858037667075498946 4626033217216396016 13849905021530583416 13853221069788829800 4641240890982006784 4636737291354636288 13 34
13853926717055056875 13857908672336786699 13858280020026943254 4636608092051048298 13855536061235713606 4632384169484126996 4636393080471198452 13858471406330431265 4632752934929144052 13850333879866200136 4626914102410172588 13858833786970820262 4626678870719346852 4613143278930213920 13853926717055056875 0 0
4630396693126648104 13854378515067450012 13857573644595729472 4634569443586096404 13859282977184601476 13850607410573636804 13856890972752707719 13854729403821936569 4624081133413716112 13859862704154451098 4635512863128491330 4634044463278320340 13858395904873237001 13856584440583445522 4631207575304702516 3 34
4641240890982006784 4622277250253667976 4635111778250307328 13858556822772220558 13858062857028854060 13839369586941455264 13859969304840888857 4636133158640175384 13852247916697185704 13859341146910943524 4631201366623468700 4633641633141778612 4624438936254926528 13856559451323632925 4636737291354636288 0 34
4628867655724542824 13859639478933139134 4625086738525455200 13854028938873976366 4626158728580501344 13856896749804103675 13854908156021621322 4632410553824185316 4634239890312656436 13849315088317706092 4632708920605686416 13859297100461167912 4630922470028268744 4629684112741839632 4629684112741839632 13 13
13858328332172092827 4634195614739157708 13840794462436135344 13857621205018343354 13854793319082859662 4631911912750816740 13836464671386826752 9221120237041090560 4628943288451028968 4634235915534948280 13858787806286165690 4606054704637217408 4633805869915862556 4629740910655925964 4621119859623843224 7 7
13859121402117460568 4634454720598311592 4632393715126548900 13857962347987083099 4630471888271538928 4625988315994683664 4631740454410912400 4630324992500885196 13856949964064897800 4634489827773187776 4609866414120809920 13843503215321032608 4636192749207729420 4632129974613151544 9221120237041090560 10 10
13857608806755186190 4630251167037264616 9218868437227405312 4634719938223681788 4635302899438070978 13855710483863486169 4635314078797588376 13838696930378114752 13855711672367792591 4627308275612577884 13855939073315866322 4630184640670131384 13854679599625255725 4636569683701235510 4622674742872934488 2 34
4635549582209105434 13859699507228297379 13854640784330053447 4635675647908038312 13854458303035136978 4626569568748473328 4629276536560027864 13836485305802196128 13859016389730391551 4635399678304466418 4632864839756892472 4635302761863142028 4632768588125548520 4641240890982006784 4636737291354636288 13 34
13854941681706071759 13853104970999739384 4631417257441889228 4616499599958686256 13857967725377670006 4633609228198994728 13856288809448379747 4634221328313018826 4612508316345389952 4629313284851645968 13844536158954169936 13853992639407656631 4631427876753134584 4625660740960018584 13854941681706071759 0 0
4626445367127066984 13856597507233145531 13857690923808246126 13857173035567476681 4635804693024639966 13844581596465087696 13845027640381145832 4615965478902262816 4630193482330463000 13860021139584563427 4636272461516680584 13854482891124070269 4629591665779299632 4632935699503786240 13854663180709145230 6 34
4641240890982006784 4636205793656461170 13859607191657896526 13849639914127798748 13856041057778481969 13854613056120671681 4607510082059181888 4618778624840374224 13853921392009597259 13856670770446207866 13858833807654546820 4625291116056830996 4615221791311531296 13845190171929650624 4636737291354636288 0 34
4636281139745222772 4636645227290315994 4618916431693139680 13859930644756834694 13857348750570627431 13853673769693251591 13854760336644959534 13853738203358203188 13856671829306785094 4634628589605868212 13855637804899349409 4636355804062273314 4624309054147137976 4631928056955961766 4631928056955961766 13 13
4619582270813810800 13857054060614073022 13853519729956889256 4623629198931686752 13853664597500815353 13855127158171829641 4628585509561170768 9221120237041090560 13855247996346737666 4632294519258026200 13858257419425075721 13846553783584845624 13856442391270779672 13849269283882689516 4627279189369994224 7 7
13854960664856837700 4635929657572832762 4633994061795706484 13857966473953062563 4631776975954484364 13835846719461023008 4631954661607606224 13857869452967842341 4635083109426697194 4624249937556633424 4629726699279680212 13844007621195061568 13845670856181584768 13858767410681752396 9221120237041090560 3 3
4636350209667555402 13858267305063227380 13853852388338715966 13858249263612928399 4619701032624177248 13853493752730929946 13852089120169441516 4628294336868582648 4628407116988374920 13855475118540434769 9218868437227405312 4636234021314642920 4633983345973968980 13859866338854161374 4627390222821713104 10 34
4614308572769830912 13857401652433123122 4633279317173684624 13838292740392929504 4630508250623000924 13859365247144597574 13859666134222979555 4630369298828315656 13853694486912026766 4634959016713163870 13852137975492907180 4635557801559528356 4633770053419552080 4641240890982006784 4636737291354636288 13 34
4619285614143262016 4636674018274949792 13852687835828062072 13851287839370431124 4630725267265282196 4631460847993021788 4633829988720108064 13857314227909832819 13851863634314873292 4626626967723370516 13840296977103047520 13853635667810058928 4634277641117577278 13854119951914684750 4619285614143262016 0 0
4630682799547509812 4635735996392721648 13859544452046195212 13840194028947635040 4630836159903426020 13853787965846742544 13855634687809439212 13858040191768445282 4621993103232824712 4635713170842652428 13851037986379447816 13855935105694699081 4627605061286445608 4610322460042472512 4631586548514747972 6 6
4641240890982006784 4632172887451107088 4636324806234725040 4635458451192055976 13858854331508333793 13857843961013655244 13849756980710882804 13853588741490561138 4636267124491605928 4636045651865318898 4630607175978434912 4630882183556601632 4630002777065331748 13853994030852589312 4636737291354636288 0 34
13849033515836081056 4636317600208824506 13853836891634907569 4634497535309885538 4628493014002888332 13853411225374279566 4635667464716034834 4629034111309108088 13842029735799365408 4619974786451240224 13853915360432440372 4632983305489510900 4636653307015189410 13851577859701332610 13851577859701332610 13 13
4633011313666016012 13841289873534340784 13851457967722273752 13853191041056482060 4636708272306923612 4630013290187534340 4633558821912973908 9221120237041090560 4623407670531424928 4631940263805587304 13852193198365028168 4626131850549459396 13859828041146497235 4625213370046650328 13850278956564144220 7 7
13857491877657322766 4629390922652849840 13860038335069222384 4628054278904270752 4629914554610814264 13855639988322743672 4634643923881549224 13854497525746992147 4636144098698258768 4625903344236735060 13840194769404681392 4634130178951232564 4624405884825663752 13823604280238030848 9221120237041090560 5 5
13856102438743837700 13839759059484839232 13848265048287625960 4636169480265622186 13858662899108394135 13844275405559088584 4629563194187368200 4634037228323856168 13860108684410999457 4636416266139024348 4620698885342798272 4619117695100850832 9218868437227405312 4619250361036032048 13852290313034220592 12 34
4630324673560348896 13852380678741785548 13859111051881934740 13859637222945855826 4633745253317086340 4633376896093004232 13855212424851399453 13860042500741613130 13857244024376508991 4627532918284951284 13845479680145255432 13855628382095571262 13854356927296869944 4641240890982006784 4636737291354636288 13 34
13854478907747074480 13856739834963401662 4625085049869370400 13857308934358432859 13847192129829434648 4635252724468362764 13858261475411766410 4635827696362720906 13855002444473770947 4630235828291272800 4627933626774776972 4631365128342643476 13857949074972766980 4607527307570084608 13854478907747074480 0 0
4628198572779682416 13858892155821728184 4636488855623753432 13858510744141396034 4636312433259744790 13859695478135771415 4617625822460967296 4633155993014268604 13857515976658097562 13854756806862130722 13847716616776818968 4625255736983634540 4629540735881777216 13858380442978019090 13849309772112411788 8 8
4641240890982006784 13859981245390135227 4634119367537438448 4635377775570703690 4621505674749807536 4635252062906419106 4635820962506147902 4627357796367274220 4630013559960801980 4635304518638230202 13857262071643251147 4631286849798292024 13842747575006850112 4626315894273579404 4636737291354636288 0 34
13854810055924719522 4635929800389436506 13859726248181261948 13851888408954697996 13856239317121450331 13849468187749014848 13855372476536337722 13858696557953008596 4635479382683454896 13857618689956198215 4636720251274062670 13857238161738884856 13857650067937422107 13853828191924951402 13853828191924951402 13 13
4635958403634647432 13853842994324789084 13858847584908696243 4630147167885958996 4632078240360494840 13857404333411842975 4635022269614106832 9221120237041090560 4626104901331271032 4633408370910577280 4624519270451093376 13852074428450650048 13842167430926156704 13850137075023918312 4627704713600687860 7 7
13839155059215858976 13859003005428671234 4620958031563220224 4627046338988295220 13859617152721998027 4633388297879047876 13845967358038224920 13845235521118647944 4633466520345898100 13859801003153116121 13850136341133063824 4622723081368683200 13858151654803914444 13847905563714484592 9221120237041090560 10 10
13851627945249025752 4629748811513207476 4631064510502065480 9218868437227405312 4636596523735949184 4633028792667507932 13846968922221690984 4598608478440378624 4632172535131529456 4625325702603861164 4633152570665231128 4635835134074974900 4634909489594974916 13854276930526289781 4624116823458682968 3 34
13855430888293027784 13858688785687717577 13846654592656315072 4634605220589733190 13858882580375366107 13856142695066800706 4633972386131258692 13854692153295195672 13849536761213763680 4632080114558769376 4634918436706930712 13841987871879246720 4636675834768051052 4641240890982006784 4636737291354636288 13 34
4629609861122865180 13850767703839752568 4626236689784276648 4635601310793421902 4634085279724627936 4632651457896283924 4628309608690798640 13855364857938220091 4635476188458843592 4622218958821540688 13854447793423669322 13857910751537752902 13857177758616479075 4635338555470014170 4629609861122865180 0 0
13859788506253255798 13860064004639791637 13856862761946388778 13847064562505066744 13852581613802162840 4634663693961894054 4630084129230895924 13858592121225985884 13859898275416795410 13849633479328716552 13854798822741947231 13859029963679846937 4612721299002565472 13859578067286629840 4626790800439634932 3 3
4641240890982006784 13857746990687489071 13849104392214356872 13855275080722354891 4630057282797789864 13857889384539304124 13857819971766849742 4626272080708520340 4621760240905476376 4628597303908317328 13854801327594536969 4616209094484634832 4631913521581731100 4633446705405703140 4636737291354636288 0 34
13827320435314620672 13856366245151533503 13859454750332625884 4636404708555850370 4634928166094314414 13855082110218346522 13847903780796278232 4635002910343183316 4629133518310168256 4635745106460474106 4624959826510447264 13848438226505932080 13858112046595088376 4621556248951668300 4621556248951668300 13 13
13858006675461023226 13855796173165368375 13857721016459360180 4624234472692037376 4619260051304624176 13854077841572476825 4615652004217177568 9221120237041090560 4634290369965930220 4616681732592669728 4632289425700054968 13858110770106898710 4636607035507161954 4631760022951501472 4615813741873476560 7 7
13859790743073550469 13857044917188233247 13856082093091032972 13855124021702434969 13859208226702623152 13850059954823513384 4632100439634367164 13858810099795268306 13856661651841210684 4635136363980766316 4635331344357599700 13859167411859328915 4636703802475109384 4627964979059979560 9221120237041090560 2 2
4629987556069654096 13858168051702821720 13856419173659815175 4630229621356817004 4633441724778165836 4634935996093089398 13859782755330170858 13852183590415130992 4626326214384454952 9218868437227405312 13848855715307942168 13854543170528347859 4632765754803086072 13849456312522580736 4631677608553621290 9 34
13848323243839230368 4636649575797433064 4635178771668947698 13856459406047059556 4634670560742100036 13854249757545067981 13854185667425884019 13857414899601656300 4612663195112787360 13857253325048056297 4634142610393000288 13858827522461378612 4625920697773529128 4641240890982006784 4636737291354636288 13 34
4629154339404448120 4627517941644710728 4631488139603311320 4631443615957007452 13856196811288991850 4630677473301135428 13859589249673082724 13850392080506308628 4632926534230087060 13857267271382514588 4625844722467336088 4634001069013817044 13854814680821050594 4636257270002556078 4629154339404448120 0 0
4634609054898703948 4620861422279856240 13858027336816350666 13851175283765833172 4628303906404642648 4635220889801740820 4625546109196002796 13856119210780570044 4635924540026089442 4621644601185641072 13849683009925218724 13855569706058814909 13845055646416181632 4630154259331168424 13851332057825938429 5 34
4641240890982006784 4635360344904604078 4631481676267546564 13858015834127410193 13832882752491672320 4622887552852051752 4631953495229556536 13859660779420741155 4636444800355856880 13830051531152556416 4635009475917679770 4630175168723264772 13859911771959862268 13855477115891348266 4636737291354636288 0 34
13842168726866111232 4635066544088936010 13841946809212025968 4635740631744116298 13859209561933752172 13858491957588542757 4627480976932856128 13858575217703586246 4635854059860606758 13855558650356346703 4634297809617141064 4636537504367421332 13855466973364870894 13855338803658983423 13855338803658983423 13 13
13855601208883299366 13858582620339192612 13856238527876548162 4634615293559487396 13854010451601394412 13853623269857348954 13855518441150716881 9221120237041090560 4631189386604152364 13850331088092385896 13856027544531525831 4635666074866049184 4635246618135439016 13853446597301353038 13853050788581908751 7 7
13844714708244821480 13859719030511078543 13848196782109354096 4626220138641063760 13856692120517617784 4636315172516122776 4631230922033313344 4634593938869178588 13857942642376511651 13846967803488135368 13856918117737808153 4618191466516974880 13859425147794314665 13840213273076651056 9221120237041090560 5 5
4629230703932705976 4604790998182621568 13853906547529473991 13856323669931733547 13855857556541155503 4634719211379076206 4628818657223563912 13852021163007084192 4630920980083211856 4636017366956768990 13845399586301587368 9218868437227405312 13854055046674708862 4635639490404892600 13853457374626936122 11 34
13849611170538695560 13859412797099557096 4632091428509020956 4634696434000684154 4634860073940300420 4623332912014840528 13857037488693787672 13852829986069751080 4625684747245052004 4633712492147274676 4628168993003928384 13853682983694081066 13855165618864842122 4641240890982006784 4636737291354636288 13 34
13853064348731498270 4628951754793938840 13851012328168233780 4618847195247061808 13847583665723739408 4631481037058436256 13841289657050525136 4629743998202359216 13840519477072885120 4630221654571612128 13858207290522047690 4636733054518602590 4636417983067781618 13855457515379583438 13853064348731498270 0 0
4630324365686415832 4630650436181347748 13848014816896795336 4634487809539189306 13859373324241593507 4622833579940743536 4631506703531257056 13850210904385995916 4618090149626549760 4627729232867327920 4632479915447612444 4635600043082257682 4626532095327534540 4634537757699952724 4628618600216396256 7 7
4641240890982006784 4636486581258126934 4616921834340218608 13859372467025646685 13853597526589794924 4635489070447139564 4631716465547392112 13860058065737889587 4635247871032374354 4634231298137690724 13858419106713036082 4630970521375470300 4632236088770377104 4635120715119050584 4636737291354636288 0 34
4614374642620075744 13843757188371983456 13859795704356933791 4635839037578825012 4631511131609608344 13853287419589751240 4625370687980562528 13858858222170349176 13859266900379554472 13835632593059667360 13858493434979120496 4635200092243686890 4631401555568438384 4629797710886018818 4629797710886018818 13 13
4629928199910078928 4635607347846512958 13858704804945848272 13859083687940918382 13859825960009233763 13858901840046887984 13852110756663353152 9221120237041090560 13854281457279212469 13858289971746704824 4634930349981545102 13851859002302690084 4634998747031716668 4631215819662260288 4631468243802178044 7 7
13839244535939627808 4634721916013314730 13838452565411502016 4630560179926729156 4632395738585434868 13857207492586875525 13859896700042129760 13841659489885638656 4624391355117282536 13859806546359680712 13856781474477953372 4632330125980914008 13857499601220425841 4633311621909066180 9221120237041090560 12 12
13859400562539485568 4636253809924411046 13858140132991030484 13853976488178748350 4636408517302625330 9218868437227405312 13857484886621690934 13860055295208267207 13851673692192414924 13856189953696264284 4634786311184162644 13859773387740270819 4625416799079019040 4626432452276521964 13842284547309638848 5 34
13858038303811642202 4617124097555903808 13854344991707333806 13846245551902165880 4634354918129033480 4634969656666746902 13846906530833080408 13858541368469191666 13858434956144391451 4634617391264215234 4619752523652615648 4636158337969188238 4635874242880779936 4641240890982006784 4636737291354636288 13 34
4631081339232284262 4633656947577344008 13859509633346496254 13855274654555161297 4634651347079014242 4632536350604351728 13855808874083942034 4630522571612038024 4632066886893313444 4628206816986240248 4630514484465453872 4635420285234447986 4636215169888290770 4609686413851305920 4631081339232284262 0 0
13858885187252223236 4634878939207551340 4632705554130589428 13856227601924145722 4629304139225403720 4633943069386570888 4627468233868623164 4626385277091891152 13858262293801050401 4635797648347936852 13847442815889404872 4635608232654625396 4636190097657841158 13852738696604792616 13854924625826477202 6 34
4641240890982006784 13851461689492721456 4635075164764464820 4632877841091373912 13859504485484775480 4620947715505697840 13848183764583244496 4626891990253570232 13860000343023524638 13848474795558879424 4633995839010427328 13852797715527385016 13853477850065626332 13849695791330200256 4636737291354636288 0 34
13853308023988659176 4635000175095871166 13851426677308226216 13856924071871827222 13859609788790651618 13847772416179304336 4633244128805548600 13860057222612672207 13859415205947257870 4636018022673204408 4631869373634843024 13843637066401205456 4636209439295479496 4619633728012986280 4619633728012986280 13 13
13853096234620134912 13859495951221586438 13853056667640956628 4625962205878285332 13859091320989634118 4634310602664538546 13846814203585034672 9221120237041090560 13858176596886820215 4632606452709402080 13846935962620267144 4632854290844315200 13853370780475327846 13859676783898322694 13848074928376126832 7 7
4630643066103837776 4634548130071976454 4635511741363029992 13859934993045396269 4635452803637854706 4631436716940264336 4635770846801761720 13842938910488118560 13858940838895599443 13840375637305052288 4631572451008211420 4629594617300133048 13857016339967071269 4628018222452955384 9221120237041090560 12 12
4635055584479505068 4621240184762788424 4630678497911644212 4618356357647877536 13852517228171176596 4618019655930464000 4636633631222866504 4626071106366530220 13858841878615275713 13856910587640946081 4634299938254627198 4635622615127222528 13859457334924852984 9218868437227405312 13847383039243141884 13 34
4627469679081122372 4634789689757011290 4609061476762825920 4635204136920879854 4628977265210893632 4631004998665277228 13851281414285554428 13854088310010552753 4635373581682393380 13859647333785746891 4632158545117920440 13860081594359859615 13859293178786214887 4641240890982006784 4636737291354636288 13 34
4630307357300352538 13858910282451983179 4631629443387132380 13855314590777719669 4634534527121217542 4629810885647537652 13829338795256355456 13854290986284364375 4632831853796982848 13853144391487934616 4631687636189821904 13857684789998546400 4621566411708900272 13854282969717909878 4630307357300352538 0 0
4620140038562643280 13859993013518229976 4633041261607283740 4623626404715900864 13856493662682077825 13859831554640374355 4635403581836059978 4628492981157771040 13857736462725983313 4634224492947351030 4633390906922559772 4632889664552973220 13855909159545473584 4628526369487048452 4626601259495332640 1 1
4641240890982006784 4636073377841580682 13858896144024961354 13858519903901861606 4631914853571876520 4635670236326816906 4631468489613354856 13842085734926422480 4635727067322546034 4626111223578935196 13859193409655989380 4631420210323093300 4631177720270943892 13843317070091002304 4636737291354636288 0 34
4629952877193693040 4629726129421302080 13847007742639471480 13859624941423712563 13859788150840726363 4627925141738716784 13852395181246190096 13847787787530816760 13859138188288845662 13859370657712016955 13854867749561372181 13854971293906562391 4634508088344623854 4631933053957999472 4631933053957999472 13 13
4624647024680035176 4627994723701037240 4632265162390909300 13857203525733347847 13857583199802821768 4631861025711292048 4625619879223149988 9221120237041090560 13858588642946940144 4629704023027975556 13847787995039713736 13848811420538769148 13846708786181276320 13854997501655811872 13840019214140895976 7 7
13854374761844448009 13856729380785540097 4634437057912646608 4627485582313995540 13859282607614390251 13845685391352997760 13859784222489112069 13855444406238390703 4626865483725238820 4629520880367579672 4625736457456238660 13853366580081799612 4619705424995487152 4635310556621719484 9221120237041090560 7 7
13852156778296950040 13854601215012830519 4633793523870946732 13858822290158867052 13856011449638610669 9218868437227405312 13855913642135668762 13856925676480623372 4634523008476243278 13848025656831186480 4635275297995444820 4635894836948301442 13818888305757099008 4632105780865761272 13852035220126240445 5 34
13842183110596008368 13857265661848297706 13851221520065972760 13856005964458309275 13858724378436504821 4636384232147879126 13854678940056289369 4636413966171338042 4620778769774833360 4623694216296300784 4604854706066968832 13858968350543975458 13857412953395138866 4641240890982006784 4636737291354636288 13 34
13839866144779944576 4635280650505632888 4634819958879539560 13859146401714018279 13858693035526377858 4620327618991463408 4622932378723492672 4631486922577763528 4623039508868117736 13856920670743758028 13816724039140505600 13831638669911725696 4612351484328187744 4635686391500604556 13839866144779944576 0 0
13859015316535905541 4622801787991929136 13851498585287820236 4634943546260941412 13854773101352812138 13859978136136094715 13854466935056437784 13856995581924727809 13856365800131375681 13847858640151886368 13849748482683018692 13859024637194727090 4624440566195614040 13851275729742231224 13849387886522474457 11 11
4641240890982006784 13857886181135127476 4635661914262960698 13853559379753783162 13859320341044971785 13854576174630756016 13856713143400091506 4627307195179330684 4634420555106105506 4631521017726699908 4627580838719444764 4634804183773847316 13858328101353724298 13858271544832321771 4636737291354636288 0 34
13858368404020136163 13855903181784578781 13854800962229530241 13853638493275737519 13853562495065041668 13857053635526860869 13858928039179103654 13847262038198638784 13855480603884231491 13845188711869584144 4626759009175936304 13859725019868101140 13848930853041484740 4626170420158076556 4626170420158076556 13 13
13858044301882153527 13851468261458940480 4625569720658229816 13859988870575159363 13843948987281174544 4634948689073619046 13858065319780272362 9221120237041090560 13853563842031349212 4635770174828232144 13849809212591783036 4625052398686379440 13846182205688703496 13855262863605224844 13851941512929849832 7 7
13842416784432095136 4635181608076975438 13853456818146339796 13857978066329081551 13858444950075449844 4623164292916700304 13859818711269505873 13854733018129692081 4635172921805684276 13857363052790369103 4625817081484632448 4633764892546957628 13855079680372494700 4634742988210321910 9221120237041090560 2 2
13859327283561185702 4636210363218020028 13852321848872668612 13853395719384745862 13853433037272963862 4635642254657752902 9218868437227405312 13859736490582411608 13837236973207832256 13859066600767013176 4624658943899539464 4624774493279853288 13857906363661930829 13858645345752375627 4629959848341557808 6 34
4634058360702045564 4631796366231127412 13860024332232642066 13857772270320462424 13855875393562201550 13855964484106308766 13849897878900629128 4630438348656566084 13851625814419763304 4635301012272896946 13855065832173522016 4636114467632581226 4611872842120186016 4641240890982006784 4636737291354636288 13 34
4630665237834553528 13858919598444432496 4630114770073765664 4629973015409184220 13856268452142061491 4630503852323741056 4634876466656508610 13859002112416512543 13859557910573856573 4636026828308304584 4630521682641264836 4634153796655513264 13858617986236303077 13852006166007160124 4630665237834553528 0 0
13855633907134529197 13849426820126946372 13859604685865925741 4633001840609198252 13859170399445924668 13857399669318849794 13859988201444721841 4629783892869409744 4618885968281674960 13840611555215635168 4636553566635569392 13851046412543823528 4625748479526765596 4635506324402959550 13839333365215891840 0 0
4641240890982006784 13846040259931356480 4612721186178388000 4631611453184696112 13852360818301631496 4630249313678498040 13859549304225055512 4627216113106843296 4634570713967331942 13856470849030182328 13858723309850883110 4632365621900427368 4632722000614537112 13850904017196580572 4636737291354636288 0 34
13847139859212195936 13859933423888963713 13857460213286206300 13853918276491956950 4629979063154196408 4631585597874384240 4634850018434368892 4632778962210102684 4633163432660915332 13849693569795820928 4636649391229107332 13855982523869490878 13846176680214638392 4627504982691075996 4627504982691075996 13 13
13850324150663239636 4630244044323971148 13859191053784692430 4634024984366984672 13850429568415240804 13832112027865273600 4630214908510448492 9221120237041090560 4631439357492862744 13856265460515801366 4628200960831170388 13855369927646404303 4596573253318063616 13857123762824737528 13854415341127619176 7 7
4635038728138339392 4624289916591194488 13847442865811205992 13844681166661061696 13844413263162677320 4616634148504254736 4634374336394805596 4615651542794370656 4630825216857127192 13855539610186060922 4622851287481906352 4633569501615442652 4634198402748764200 4627325991946943408 9221120237041090560 2 2
4635432475387163134 4623711491624896152 13856907711053548166 13859158504513496379 9218868437227405312 4633852560167485760 13859739466958160076 13853752287614916419 13859686815677041782 4630635977013995704 13856990167864754062 4633267461640344548 4631430830173162804 4635209248774401830 13854544411163592648 4 34
13854838631054354847 13844216204207895672 13857689216863941607 4635087748249483578 4626204122674193864 4625543923303796808 4630884184242830296 13855939970303186350 4632738283687703200 13851877233304760224 13848461504246830080 13859765499927361276 4612741625988090944 4641240890982006784 4636737291354636288 13 34
13855348150816915542 4634372669041325922 4633980800118604400 13854315979564195959 4621549638549770112 13852265088218306724 4636043721724265906 13853223993796196062 4621220044155606816 13857503108312670103 13856750694176450828 4623886377932588448 4633619570380776308 13850846427779482048 13855348150816915542 0 0
4632041182253493740 4634819511996268774 4631528129922434596 13858373830762358015 13856198277778124853 4635612341206100258 13832250006677904512 4624024144993152760 4633233789973536728 13851656802455453204 4634402280621413140 13849488377749883968 4618175784328343408 13855295851649939419 4617378455508854392 8 34
4641240890982006784 4619416992109313936 4635390123875027482 13858236466318359863 13855744489887705881 13857780636320134300 4631874599591980192 4635076552292357192 13858479379456709268 13837712797087796608 13855719921883423169 4635298477456140080 13855658368469491741 4634397120934091016 4636737291354636288 0 34
4630845831538779320 13852607995104907952 13858608327770874963 13858551215097719965 4636622902567922070 13855398090324304425 4630854780499884212 13854376704794047475 13857467663183350281 13853223793767123278 4634211726569521888 4629578324671964864 13857529780059077419 4628795133222530464 4628795133222530464 13 13
4635153359587291500 13858565748915993926 13851623255397432780 4629823314320473736 13858141245973631968 4629717423279329636 13859894534258790662 9221120237041090560 4632296351122601272 4630984282057118492 13859798881355150968 4619146539372785248 4625366405754461820 4617279712743412080 13851579898801312376 7 7
4611875165699769472 4635989990169811428 4635575089210376054 4627224922066910408 13850017971822754824 13850450816668650004 4635207974147650826 4634785556843724078 4631658571540567016 4635917886663988126 4632366152087706640 4630476141521796940 13850946786175709336 13856348582457632347 9221120237041090560 10 10
13847872559953274304 4635728296541484048 13858918838004705952 4634344305091760984 13851264492323151596 4618632939598425280 9218868437227405312 4622352459117181448 4631136170730060896 4630829628713570952 4634077324997547856 13857154270578211947 4625212159072895864 13858180174616550204 4623865983976354368 6 34
4634041146656749500 4633225731379570184 13854465498689659328 13859572528974155221 13858420195539263310 4612170258070175872 4635993600778979746 4635087587804752092 4632662648676170528 4634028531212613056 13859836763289037648 13841912274060332032 4634764576612995254 4641240890982006784 4636737291354636288 13 34
13845485182078272008 4622788846560710472 4627968673385646896 4631354648496749948 13848064564192027472 13855643225186329506 4632696079767066432 13858577675280015336 4634779648148094134 13857268453065724447 13858704185963627115 13859738772193086023 4631744998815598500 4635591581806915536 13845485182078272008 0 0
13855089419499608959 4635174344820635992 4629666120106641808 4627584087103003860 13856667980962644209 13853662326900504616 4633258330815314292 4626817215477778452 4630350255542110628 4614113781270541824 13852056472939348436 4631994104678966080 4635941961529992714 4625764085496326120 13855163103760397877 13 34
4641240890982006784 4631892171937741972 4634930157489904244 13859678016794349758 4630314591437257536 4631026708304918324 13858460922280622882 4632628047735573192 4634980142888531648 13852942212278411604 4616376946373792160 13858314125638880779 4633771074879943548 13855027397022826100 4636737291354636288 0 34
13850210107887171616 4629904528499909328 13855247157169303647 4634238443246386770 13854269771030264966 13851787813495352884 13858107745542240112 13858970501881973368 4635313825854453970 4626920927398265596 4628161292868470716 13858140476555499979 13852106006012121296 13844469594407510808 13844469594407510808 13 13
13859330528671131480 13859834522789083544 13858184260413485552 4634660535895485812 13838330515610198272 4631456912602640344 13860033289199401507 9221120237041090560 13853820201984207575 4628643656723459368 13858169737054763434 13859630597232262468 4635616235307833140 13849174647319243836 13845609369311471588 7 7
13856748474959041331 4627924311600483020 13853693457384473097 4634206101224016080 13853556432256246118 13843056315909116320 13843569230355040064 13858655680331050585 4632453525776214304 4631359710972486316 13850827225346447604 4621829874178247728 13847971267180687624 4631718742972484216 9221120237041090560 8 8
4626002602841779016 13855648951531224703 13852076445891955480 13858875077036290149 4635688102366515114 4630744025311738060 13859631224149322488 13859939858883356329 13853405040828573978 13849667795815759012 9218868437227405312 4625203131755574788 13852965954868933472 13852053061156470896 13852881234796932720 10 34
13850948435947810536 13853495851189797106 13856121126052313050 13852312787467658784 4635885151738859710 4634237820763570828 13856886518544494838 13855671245927648609 13846488469724208808 13848258731004558992 4630246860309397872 4635773101092436088 4631493188995279828 4641240890982006784 4636737291354636288 13 34
13853497028976470174 13858089100601710399 13859889990730873671 13858029561913461832 4635739930380253198 13841705023068589808 4636012516926626346 13855777659849365003 4633782748268433656 13854100097194433644 4634764837042494116 13852527995460114948 13859560182710351613 4626892844358857220 13853497028976470174 0 0
13849253248962921436 4630427382018359600 13856658035358414016 4635302662750229198 13848263368918490656 13858997401849259774 13833946441071164416 4633431777453465120 4634538992716530430 13859457504697582935 4634100545478342756 13850039575126989948 13849581561685317516 4636340014937572680 13851524131104103613 4 34
4641240890982006784 13839284209538150176 13852008744574595584 13856626664182277769 13855738517261377297 4635535809037547588 4636523897790510228 13855363333599824241 13856933179103280659 13858986118779656766 4635365358434929714 4634786782702884796 4632194982103187216 4619512463995520096 4636737291354636288 0 34
13858410103631028104 13858143903823205376 4633867738288595004 4627377026528131676 4635188547095735428 13854654918632536841 4631807942956339472 4635370672478668058 13856613390794527441 13859310405175486846 4634400596537398864 13858631722541151586 13852359015151237060 13850637915129640870 13850637915129640870 13 13
4635768195704762244 13848581411008948552 13858782702090960371 4632964848966984428 4633845964368861072 13859754647397483899 4633169152634448600 9221120237041090560 13855761601293013206 13852132855480732936 13854305865233138878 13846898290631832984 13843772142538455536 13847756640063345480 13852468248928903276 7 7
4636609072522075654 13857660384647910307 4634177497196746056 13848938550730928312 13846547398197841648 4634718604842607636 13859299300659685168 4636391150549065650 4630833394989039644 13859808625292489265 13847407086165394744 4626903655157348128 13859177384044855543 4634848803627806048 9221120237041090560 5 5
9218868437227405312 4635519614857322190 4635833945573207464 4632687656364510056 13857054987234237956 4622229386294979904 4623512575281941752 13855197139723399678 13857753925455990938 4613602892086939968 4632873785649012644 4635108742190425628 4631345241655821028 4636275415748048756 4629754817666155052 0 34
13845743933503734336 4632548156051123072 13855991757278256312 4627000725226945276 13859983121650386985 4622708758292350304 13859987803958792132 13855730196326791547 13859672312883002882 4629805346798542160 4634465269029746918 13858879635452214718 4633252167843351756 4641240890982006784 4636737291354636288 13 34
4631640889509820636 4635505042870802942 4636059879009178446 4629361708834351336 13857490380070307034 4636130080528616102 13858933252139502299 4630860768338974016 4636696835852777590 13856260540988953200 13859690222433530946 13858855666708087765 13855324660432874475 4630742300533541500 4631640889509820636 0 0
13855105217372087934 4636049558449803732 13856728673571229119 4631900866756464100 4633975946741977928 4628051863239603684 13854460594092077909 13849201665454678536 13858501517675451102 4635667767115825912 13858013879761745824 13852362967639037712 13851348584408460360 4634457673950750134 4630224189538158042 11 11
4641240890982006784 13857962423155947143 4631616194570032300 4629102938438244488 13858006167753238163 4628624443933516352 13858249174218467696 13854926628130591197 4636286447325090826 13858294858434794754 13858414997187539262 13850529968504399080 13849002532810486724 13855947199219916556 4636737291354636288 0 34
13843082875911840320 13846135891756853096 4636339649382749630 13859739135898905112 13858814356838294580 13852239890942510780 4622359012079748552 4620795015614776672 13844187638468184320 4635059547435103590 13855770995339902816 13849813224023775672 13856992105320861253 4631058824245205768 4631058824245205768 13 13
4635603750249888020 13849642313504930704 13859157376462045657 13859398734038108363 13856742507807223047 13852132343705760072 13852550147854459124 9221120237041090560 4628104825724600672 4621465024153148416 4630462767410208724 13856238903870454028 13850679591230638104 4636363693531708552 13851033227015293098 7 7
13858227642842466956 4625827312054040160 13857073563623358147 13839981371460003008 13850847090754310028 13858801787892354977 4636504065892895488 4611829320624817344 4636660333996658332 4630944580056264328 4636373129351116578 4619723337533065632 13854721116283134225 13845724710239769448 9221120237041090560 11 11
9218868437227405312 4636375691052584592 4628158035288582552 13855303056106284997 4636655340251770412 13858167470569530140 13858485296492065616 4634288291592503196 4636573157270476134 4631792457966979460 13851789119163991080 13839145806430075776 13856938542788821975 4631859562900464800 13853595053771308553 0 34
4614521006805684320 13836869735999247872 13859200673732140921 4634964170472314920 4621164223739352728 4630772487607887028 13856539989427002791 13857720051068023665 13859467903067413676 4634912093373836250 4634686709545293498 13848009518959599024 13858023807706349743 4641240890982006784 4636737291354636288 13 34
4617693412301768032 4634816355296586126 13854543192979409866 4634953926543980588 13858664717675393068 4633420297435406124 4629157038540542136 13853560231500916878 4635306932692225460 13826463426742605440 4633853140725823760 4624066386392153312 4621976987664212176 13843013518116417712 4617693412301768032 0 0
13857795316118217948 13857601509817202370 13815135745195841536 4635551654456308128 13847520770134692784 4631268073389309612 13859747733260548141 4622997696520616896 13860098968859738371 4630803740559133176 13847586848367179056 13853795962485095159 4634318233695574298 13860015856434001010 13853713319248741539 0 0
4641240890982006784 4632634745888314236 13859668969382078410 13850226285966585404 13855412814734437359 4631374560579987796 4632510569729463624 4624486875847523848 13810692269280262144 13856895049562282519 13838251272089554720 13859000412438287690 13857741349061188529 4624707741697968264 4636737291354636288 0 34
13857483734745048234 4636334227132788984 13853122850533492122 13860008333101333388 4606374836298516992 4636378437677250570 13854263660018199825 13858259433740075590 13823732141671330560 13859923708395593473 4634697053540772056 13855018039866134309 13859244618142088596 4630861717777614236 4630861717777614236 13 13
4627330076921110060 4629916018631731556 13852886980008716660 13847187263077828608 4636432059180952364 13850791000336652568 13851258916133476516 9221120237041090560 4631690228393315776 13852453598229880196 13858787127573635784 13855130112767554669 13853713179330103331 4629984564575037912 4624137674548614176 7 7
4634937148958068478 4634813222962105676 4636255734070496208 13859354454702144851 13845129968931659136 13855108166475757725 13849466507939483636 13859537090218397504 13854412180239840612 13833968809242697920 4634931903159097654 13858163671375614268 4629998268941235928 4635655184949615636 9221120237041090560 13 13
13854424785749630556 4630875781516412264 13856868661244031575 4630762548072008864 9218868437227405312 4633907421889979800 13846703381270844248 4633936642149067988 4630716293277988620 4634309016469900356 13855927182364779425 13859722793578559176 13847295654361528744 13854501789525066744 4628643713314571088 4 34
4631064237287597500 13856716395712677597 13853670170252585750 4630758861059442012 4615263536999246944 13847107362485593312 13854291391841558356 13857897716000166766 4633003827939969044 4630362552474787116 4635752868951204676 4635813487927594850 4635688973472213670 4641240890982006784 4636737291354636288 13 34
4631374686572953138 13846967973999250672 13859409676416501570 4635901561793388274 13857222602590555412 13857302116505436081 4635038438947848334 4636552288300109938 4628751002551025624 13853862478772798838 4636669704911504336 13859924683204962277 4625469841148187928 13859045756757593658 4631374686572953138 0 0
4636309929441806970 13857766989953765446 13856545749064141762 13847398213131145560 13858955833258614407 13842725514603963712 4625595226034868096 4635575964348723586 4635080267527465188 13852220898260992528 13849161067984968492 13844867234842312536 4635182601007237756 13858322413235047463 4628928580150215544 7 34
4641240890982006784 4627235764144423932 4626101675696041104 4621350320446644384 4633353005435524000 4624132029695813816 13854720558904970594 13849096932648602148 4630572470958886256 4625871920412380808 4633135165781309372 4630068383388675688 13845660712895735968 4632194199099976552 4636737291354636288 0 34
4630043672204291000 4636600396774221856 4623666291301624160 4615247077342069408 4633379263495948920 13848934283496993016 4622616247440714240 13858409372244158696 4636338638846284628 13845409519953639904 13859313754620708701 4630867933681580832 13858444974541859318 13851167965077595426 13851167965077595426 13 13
4630718890488085100 4634773241868607116 4635866336354516318 13855130040942883872 4633022775777507512 13854021137338780853 13856092806081500631 9221120237041090560 4635413266331283910 4632459143260759944 13859534274537154621 13858247067433969408 13857736147189653808 4633335162309180416 4625742891376346916 7 7
13856235000308331397 4611163144406746688 13858802175544164258 13852617872940615840 4636600196743508382 4636727656159755476 4626780876173732716 4634853625971317508 4635765618776356238 13858214615330446340 4635043672919947406 4614907453913733056 4634898453524564380 13857878032366552116 9221120237041090560 12 12
13858093629104248786 13846730031437467936 13852928009080332040 4634220057799805774 4625559779409389004 13855221438581962081 13848823231398463604 13857667799300435262 4622647390474137640 13853975772907120491 9218868437227405312 13857300809936606278 4635796711056899240 4624364902063709624 4625234688977928348 10 34
13854327630276505756 4630624081507781156 4634783033435856094 13853686963645821666 13859415651421886121 4627640319300140648 4628234854718649304 13853182869154545694 13857050549470343312 13859996142545300844 4636200242937743414 13849450884603213968 4629459503179844224 4641240890982006784 4636737291354636288 13 34
13849404536013993076 4610761233162832896 13859754886450944579 4627010057701460360 4636177517579376512 4633881349582111512 13852278678706335136 4627747929174732960 13857232001023682625 4635592619083347296 4636663192369988622 4634272535876138730 13858812076392251396 4624961908978667136 13849404536013993076 0 0
4625138226329318928 4635656726641574582 13858178964660402024 13839405966329926976 13854905927494456547 13858340457879923841 13858260264577993021 13860066597093511190 4635127533563746812 4602836895787421568 13856844688985044538 13844955685764721848 4635959394874733070 4636138621821505108 13852747495584725479 10 10
4641240890982006784 13850882807214466492 4626401837935637416 13837344858844461856 4635095515583787568 4621752746821848928 4634849786916067624 13858211629416602418 13847894687458477856 4616466858747160336 13856714799509464581 13848555495023577224 13842087149205773568 13857428129679301975 4636737291354636288 0 34
13822094649665266432 13855728216907788194 4636726641083216438 4636013527356784398 13853312549046918900 4635625711271343748 4634872527776688736 4633795252774052312 13858988590744925046 13857582758666113954 4622932359268128016 4628238728850619272 13846233501373885792 4629070111606854836 4629070111606854836 13 13
13856164508428207456 4635462204438618016 4631506914135079404 4625654806217659988 4626012678772248004 13859895369970521279 4627016891060692116 9221120237041090560 4631010738404990344 4617964792512429504 4632123980575445108 4616961691405420528 13844219991533097504 4633654061176497856 4609094274292358112 7 7
4629859041928521560 4632401689378564656 4620260367932385136 4627128922390334584 13856081236468584978 4623302120232233864 4626480779830937588 4629868974315005100 13856214655691091344 4636657107881535992 13857671547045235665 13859272645177364140 13853332508104210310 4635517786316956512 9221120237041090560 9 9
4635869543992287232 4633012916613644500 4629753611633374704 4625610047446818076 4625415540280336104 13858069654163268770 4634417782624492828 13859141601861611794 13855485093948392319 13841632310961342736 13858388246702154458 4634542985491354160 13850664751102513660 9218868437227405312 4630394069733822570 13 34
4634670089908822198 13855359340045572259 13858959385853367891 13829591243240218880 4630774742403392680 13857220055651261856 4622836496678900096 4634332828103919348 13859799983736584373 4624737817659735328 13858993458724188449 4620283489438616832 4617652579676760960 4641240890982006784 4636737291354636288 13 34
13851656256974791923 4634486460063829522 13858221940262154160 13844831354396152384 13859502995857167552 13835752339536057024 4634215405054843638 13844598450555766256 13853807542957726119 4634836358560992678 13850085920352556128 4635994802105045086 4636716088732546778 4628717781868007136 13851656256974791923 0 0
4626418674885783464 13858321489840576685 13858414608897418298 4617484910102924176 4608803385740847424 4633366167460328120 13858205653369397327 13848307089951470720 13856119743440305419 4626864246874008476 13856062694545431631 13857856016632822574 4630961269575079084 13857405664582023734 13854873789913059631 11 11
4641240890982006784 13854465297480718388 4629640370387124800 13856890735346509562 13836228211150294528 4632509369510960252 4633083874795109616 4633571140956553008 13847638145302114592 4635019934410649004 13857372870774028147 4631604789155551928 4614426767082398848 4635278563126934486 4636737291354636288 0 34
13856278185131347319 13849037143189984436 13849150114408282868 13859104343148756729 4634475812518781510 4626892503401584360 13846121758793978560 4630184933812061960 4599379824326967552 13855012746850867072 4631661355786775512 13855690327349551753 13859759402209388602 4631707203262482280 4631707203262482280 13 13
13854638335464039325 13831239745570551424 13853537781683217344 4635641924649307426 4632203561193478968 4635644604622639878 13857812406022341082 9221120237041090560 4626890673553625176 13852183652412411504 13858724077746337591 13857731948411372206 4625547425883596376 13859271524743083215 4630819292101069912 7 7
13859968600329723608 13859719076691663121 13856295545963353631 13839619705388480432 4636536198005797888 13846436423165341032 13841190323218690208 4634979870036468400 13855831120763344172 4612011776370644256 13851509270577741456 4635933221591294556 4624141212084130912 13835642739861499008 9221120237041090560 1 1
13856601827134477538 4634911741928433578 4636322519554046054 4633373776043135012 13857323775365773681 13844538007311371336 13859955613373289279 4628493234695176984 13852292764664478328 9218868437227405312 13852378854220023560 4633266868254310144 4634372138768272380 13850205867535912168 13852676808383932148 9 34
4635490344472906274 13859001574647860357 4630941623839510240 4631240410731633856 13858676497486655822 13837348044961099264 13855881636252732600 4636244387019638530 13856052623520117772 13840438300182957616 4628389793224752728 13858541431295222949 4619967913430582576 4641240890982006784 4636737291354636288 13 34
4629390441287183204 13856075721742050762 13851426049287165612 4629018002357644984 13858284479434311224 4635511077457652750 13829942622956168448 13857545916563898859 4630106967607849128 13853374165496442522 13858118045068313951 4631556440326533448 13855237379223934275 13858449000545065715 4629390441287183204 0 0
4621101237304670176 4636246858632316994 4631438749194540072 13859020922168420134 13854159755240469791 13845007951636250584 4631711920204796012 4634860749952460700 4622166059436414616 4625858191262527516 4629945352177968256 13858406668167893418 4632930628997555444 4625794481494605732 13848232730134943428 5 34
4641240890982006784 4631949841383766432 4636684501594609434 4636668538837311380 13856662079848135941 13856134781170378241 4636680346697427642 13846994730595962936 13859116480318467485 4627218566539127720 13854590761798131259 13859836562259828719 13859227582122091577 4630913097412890440 4636737291354636288 0 34
4619960629936771232 13854515282428967372 4628920563874216936 4636160627012990050 4633219268625458728 4618479836698915248 13854812428578343175 13856934330040575647 13849144651980050416 13857652565458875196 4634230950208905550 13835392407626101216 13855991533992145691 4629787621735923360 4629787621735923360 13 13
4614099402952659968 13841871268966229440 13859122235504822032 4627287308367361752 13836888501758714720 4634378777638920770 4635877738220076520 9221120237041090560 4625481088396771464 13853685930759929128 4629923071750978016 4635791096249501546 4620634296354619008 13851434040144183028 13851866340937926863 7 7
4635172974346946928 13856934000580850197 13854306703113171744 4634921910826492264 13857709963803052849 4626614803435278248 13857048912191571822 4626592660150648808 13857335969380504088 13855658954537793066 13859267081127371793 4632066958282297204 4635271147187855316 4630857367611604032 9221120237041090560 7 7
4631373645924518320 4605754269580686976 4628077082538386284 4622938212171796400 13857650990360346565 4635720281374525440 13853459329338049924 9218868437227405312 13854213601566034306 13855523673404298516 4612727124969508800 4635133725999318042 13851097506210532572 13859003797441305955 4626192186003649416 7 34
13855671748889844650 4620905138467017648 13853942137498902306 13858627496515193634 13852107085254335660 13859080641800772257 13858903529334211571 4632520269360070648 13849590440731927856 4635929279580404934 13856904491800559938 4631924314348312384 13850781469180330916 4641240890982006784 4636737291354636288 13 34
4628821827685042992 13853865303320245175 13858382784707189310 13851887174325675904 4633706153852735676 4635034597596804812 4625959136401647120 13859932970803686529 13844369276999383184 4635636925464155408 4630103196319348344 13856709039368438631 13858703274555864960 13858676828515393263 4628821827685042992 0 0
13845603560170354960 4635274091576226124 13857910508562275665 13848547707201767424 13859437612937429890 13855545460224117547 13849473473383235484 4625074601963666864 13856217125780154541 4628529930716096376 4634697213119323722 4631332764793346156 4632853910217675656 4609720701966195392 4630764067447964822 9 9
4641240890982006784 4632699282526238956 13859995914981132238 13853827960608337956 4625694541989668016 4624782192306027840 4636534426864388538 13835498104257939328 4636368700536353118 13858653635601208632 4633079925169734788 13858765139274751677 13858668741420698002 4633879740506379144 4636737291354636288 0 34
4630640903695418208 13850274666217991856 13857563110213571491 13857362294771305219 13853198906069261684 4623568460399147352 4629074236385789416 13848454824804980056 4626694389483350604 13847147241157171224 4631075293702368560 13855692973920521669 13850165212466859568 13852209765533565423 13852209765533565423 13 13
4633064064324338624 13846493677681294448 13859392234258248568 4633948997698083456 4635066452174983950 4634625741077460568 4627015245514873364 9221120237041090560 13859995310263943485 4634304477016967620 13857041116432439909 4632310467089163796 4629303532131636032 4617091351518551584 13854954879970073394 7 7
13859574655229747962 4630159495771376584 4633864122524479788 13849624345614174812 4603593587000345216 4626410896677473552 4628935716379536200 13858714096083286806 13860105852928835305 4629644920549174696 13859811335717161666 13857396009168468141 4636560547904913884 13848620243833989640 9221120237041090560 1 1
13850434943371809648 13853867606455724072 4624085781370554552 9218868437227405312 13846917861413600272 4616499873010633632 13858171339816551865 4630312560707152748 4622110405367695176 4632525976333865700 13859942483993323979 13827523039781046016 4627529547943795452 13853124454291985856 13851010023363089401 3 34
4625644173832461140 13855778549172730556 4634283799956329866 13858405524076848110 4620422110958348080 13850417794815882780 4632178157989250992 13851514764929540916 4631500632100760840 13848486446212155984 4617466610654896448 13852463796493434456 13854095725853588075 4641240890982006784 4636737291354636288 13 34
4625702505550121988 13855799738750874844 4632729421062157556 13852802637659981152 13844840866868977048 13855992204448084681 4627718579454167528 4636302794432785712 4634936908341918234 4622717078595840624 4633828984509162040 13854720635110853647 13845296541040160096 4635181407101167200 4625702505550121988 0 0
4623678889308312688 4623414290605226128 4630100524887744108 13859030687897417955 13847286357429610656 4631646988571512612 4633028752145331308 13841476342428097760 4635246815111354674 13857241240735307434 13855008464802885094 13850428992039585124 13850119750480191884 4628334045586127688 13854290502666848136 10 10
4641240890982006784 13857931509451800751 13848052983469289392 4623360962794474224 4634521231275287394 13849111099059580116 4631283637173476404 13858843154794580362 13844968663863125456 13834140141068319104 13848626181341572868 4635747967452594330 4630273225707092852 13836708721981727680 4636737291354636288 0 34
4634792918654401258 4636302084415236406 13857122048062856803 4635663315157330452 4633411631150898144 13855541870935554659 13857223206991841869 4634333886626534680 13854422719047101959 4635767956780017288 13849867270816319996 13850503422557427260 13858668354133714557 4630198518072078634 4630198518072078634 13 13
13859492740624611344 4636106028310533728 4632033322757040388 13848747333390586904 4628976076530395256 13846466937994406992 13859321054923500304 9221120237041090560 13855383166883130206 13839058694924900800 4633978045537309872 13856138456357382353 4632819330858765700 13859895434291687657 13841332790917453824 7 7
4630987425025807204 13849309841840677624 4625396175256299344 13858623479450253707 4633506613607706116 13858447114781708293 4633105155465243944 4633919981050308212 4635383583074002182 13828904978667699200 4629976744188590796 4635704224431788120 4633535986192791980 13854498729970586809 9221120237041090560 10 10
13854840881410296872 4619431423206042752 4632764037067872332 13855026774640818081 13853707599696074616 9218868437227405312 13841096179386589856 13856201710553777753 4634208793457083288 13859524743628615740 13860076048153248046 13841734776090000192 4626781398108887088 13854805539751809066 13853605814552892625 5 34
4634664091273920114 13859243748481995699 4630139537375481208 4632900955667943868 4635431447734199048 13858303522415368758 4635196899984783676 4620306339542502112 13854675518100796447 13858517600585459751 4608637314551764928 4631231788264329196 13853099703364165784 4641240890982006784 4636737291354636288 13 34
4629201927914783016 13857724630384295026 13851461418418887280 13859482337388179501 4635287267370963652 4634783358925004346 4628418195245462540 4630605318031207080 4634714668240608842 13858963681892594816 13857986564743930872 13857564430788718138 13853852562446951094 4632410120235628272 4629201927914783016 0 0
13841366271164995136 4620656580106879376 4599238476925529856 4633696887103356932 4624345721864657712 13845652460935991624 4631308033131246156 13859580803515669958 4633719228370726812 4634297068320331284 13850340305990578284 13857329363947664759 4635278029389239634 13855221558487398422 13853880568671915031 11 11
4641240890982006784 4635712234717496762 4635032645421949792 13853436587966011940 4630182934630080748 13853654004903979791 13860056842168985840 4620541654941798032 13858686973150281630 4622376240132908672 13854653945180392719 13858996458487521852 4636471054096035394 13856268265371727025 4636737291354636288 0 34
4616231224331904960 13848676182349172224 13854584974528300603 4630162110743508944 13846479681244100120 4635086472906042458 4627086178129923932 4631481722836517948 4635074267596252866 4633300759766282612 13856265333768555028 4635735626717065570 4635908346103986312 13846900416392504832 13846900416392504832 13 13
4634980601510015720 13848990937080621012 4636099456670850758 13859648636562984174 4636460086349130588 13853754948751803022 13857183838229419447 9221120237041090560 13859754065369875349 13857194365079087472 13849876177172532672 4629501945393132392 13859609908065919155 13851844046344508216 13851322869957640348 7 7
13858822145099334452 13839076943656763680 4633075415373109384 4635103012337672334 13858657351090881410 13857640453577642727 13850196135444117824 4636565733137462678 4635909430178088984 13855810982669993997 4629963593278234756 4635838456910986964 4631660898797055192 4633025876493493628 9221120237041090560 0 0
4636467676667009334 13853027424397272160 13859776498693133699 9218868437227405312 13851844556890892404 4632940070627175520 13846065603032251696 13857418159411819444 4632160540917925032 13853962117124338406 13855433210196424150 13856880084352333091 13826998024388142208 13857278375683273900 4618866636656902840 3 34
13854697973056770931 13849690282774506280 13857929640758645857 13856407154248401291 4631858734278056660 13854745724728256634 4624100268284815624 13858596792469297034 13847872846092135296 4605758265784005376 4604593871916482176 4633926151991121500 4635898063065359806 4641240890982006784 4636737291354636288 13 34
13848757549477503276 13860092112589979808 4634571081112302398 13859013910090623954 4633106213276630396 13848453725287106168 4631207420081977620 4635727657860154312 4634012710838754180 4636477646351060048 13857678806856542421 13859664732219796954 4632699029235318200 4636023158803769138 13848757549477503276 0 0
4635550202829211478 4632364939632035364 4633986449358926364 4636008625207729248 4635318319186375048 4630826744564306248 4626016230915391672 4627918182043113320 13858652952664885308 4618150854691721328 4631642126549203820 4634876949224897144 4620783960721993824 4631794028247177056 13852443865444727013 9 34
4641240890982006784 4608549775541717888 4636179762580931412 4631298644473484972 4604521173129458048 4633477754952820780 4635274731548003770 13846199568353900112 13858727016543345841 4611782541656543008 4635763576203960212 13850331662852437884 13853771369911322300 4627828577625086704 4636737291354636288 0 34
4630654896021799440 4634635086852390892 4635613231035186578 4625188342776637072 13851178856656555416 4634937993637630080 13854843377773594028 4624993331843973352 13853629105011489666 13853313684261562300 13841656263878372784 13858978452967232143 4633909156200737728 13840000515436614752 13840000515436614752 13 13
4630968958148434380 4632913120362823080 13859440164768889187 4632187486226806920 13859423924368771357 4634088700334271772 13837352934756456704 9221120237041090560 13849916820495640660 13851676476598091660 4627464210655441344 13821804681921420032 13859386525946386798 13852988281343410716 13850681981954327545 7 7
13859988792297246952 13857268497576510150 13858614749702410451 4634770367146154878 13850729224564990984 13859851769615216413 13853971041208383138 4629926994192345376 13857899815341034756 4636329244036049464 4635085369770596176 13859149456350190534 4635630268762465194 4633389176668382132 9221120237041090560 3 3
4633719898864121064 4634717088281531284 9218868437227405312 13854136864507538553 4617531474373725328 13859472901197399551 4630384342177074328 13856021458522115125 13855181244325853966 13848450125971952144 13849580985719411936 4625307627433767732 13857800385573991842 4632022958590155048 4620722180186607848 2 34
13855328261739657622 13859586069490786662 13858163869251811779 13860084242997047673 4636192642235046314 4634434020429886542 13842051617142216512 13856819854387024034 13855482459690641231 13858018797017210102 4630493651629856972 4604047116237745152 13853236931281648010 4641240890982006784 4636737291354636288 13 34
13854831340343601441 4634329030269015734 4624960452589533064 4630934427329009024 4620460098852941872 13854939690437779306 4635223680303238472 13859180547804323340 4632259800254336324 4622997720754139160 13851351644819756948 13857951588405096644 13858288465226179377 4624237640546479536 13854831340343601441 0 0
13840999072742545536 13842644095841947744 4625122429190651416 4630832518139843656 13859786053303682999 13857212713600549528 13854858046456424475 13830009845073613440 4626583103201740840 13851022485986344568 13855605413019654950 4626274740365001716 13845624149186806320 4633086005171302064 4627149625248460116 10 10
4641240890982006784 4628838683577871656 4627329308368852828 13857185822461213378 13858025276789156832 4633785318431793568 4633169301246377384 4629847979996361976 13856683780261329741 4627737929951024316 13853620337818091138 13857850149339099320 4634039372791265844 13843298524200528864 4636737291354636288 0 34
4626939091106660484 13851474723825552896 13859737743951610330 4623887609455468376 4636638800008793242 13859514598893420634 13858751101775370252 13848988243122807080 13854301010968124559 13858863430580893746 4616953180534935952 13859848369504857488 4635100399555493288 4626056626598305328 4626056626598305328 13 13
4632664641676152716 13856219798058346594 13857613343687492221 4635809866216677846 13852093109749498068 4634549843625356504 13850863378174307552 9221120237041090560 4634347645413234428 13844941567359455872 4635452002283770670 13842834330907986192 13856978774711286531 4627163889601714320 13853583483751401145 7 7
13844948083661922768 4626200817227825308 13854411094731029291 13858589463792058316 4606840437951491584 13854860147143821794 13847521770941484296 4635547260559318362 4636727796156770422 4634438439111781464 13857208265054543469 13848521688962358560 4634131025621117380 13840677077322166816 9221120237041090560 10 10
4625383825781824020 13858422848156251024 13859143060224905448 13850693589106484772 13853465166037843290 9218868437227405312 4631094870569008000 4635573730489936724 4634901965347931710 13851677540008041072 4635219683506066784 13859303996400415505 4632193366914812576 13845171675132745992 13847178590815718720 5 34
4636012108686369548 13855586428063635638 4634424609175427642 4621182874854040496 13835750361568097952 4628217708579278116 13858394029446686144 13859271781012648782 13857362516989830994 13857918000660742663 4630454955372546112 13860061100847911358 4629277987456865136 4641240890982006784 4636737291354636288 13 34
13843786073351075272 4620363933171029056 4635892578317039264 4631352261267551368 4632048219132808904 13842963006150309760 4635536709558130314 4632091137159261164 13849621813292501472 4636032813264546726 4636530039895610434 4626870908080094372 13842373582335202944 13859447629309854044 13843786073351075272 0 0
4633965406996999956 13842745790426333008 4630493244878328524 4633973631401667952 4626042018259939260 4636374236654215470 13859576845717821952 13855739636396659756 13844232130125292760 13858844062225836948 13851764353243496896 4634562475998825892 13851560584319007428 13858512104119478593 13852761570651391548 6 6
4641240890982006784 13856076226281450694 13856317314238280569 13856646807647037025 13859059901241937434 4602572268765156352 4625774165934817208 4634636577697152570 13851697605734327816 13850674673003004940 13845369172435095008 4633889644957640344 13855898320651528181 4629974866401425628 4636737291354636288 0 34
13845747380809406968 4630508994939171420 4631447799078739508 4635640532722159314 4634093670746526144 13858180540295857096 13854222565603833353 4630943256241548772 4629562482260595192 4632273008157238836 13856436738318577612 13858889621597455186 13821454042177868800 13854275255669154890 13854275255669154890 13 13
13859499415054376165 13852558386227295304 4631976482162180824 13857839282304283624 4633945381277555984 13854587574126096006 4629961409705505100 9221120237041090560 4633595632385351768 4634952461427099186 4636373009036452378 13855110602739834469 4633600054458686944 13851616689182730392 13854245129096313408 7 7
13851703864590188672 13856838386740941159 13859713147793756748 4635144258974895176 4636623417705610838 4621673546890163072 13859133221231338938 4636093619811622828 13829647683583694592 4636515308496962218 13848260105356457992 4635375897938835440 4635501820588826288 13858654623631721290 9221120237041090560 2 2
4636275906524194434 13858151400367827980 13858056542564674485 4631230016103578140 13851875880105870692 13854746338104712962 4626018908367444332 4634357463966939890 4634498158776339586 9218868437227405312 4631215864511109864 13859543553567345291 13856990009066865819 13859623767639999794 4632078000024210990 9 34
4634423374395013286 4624239199652776240 13857610836065911913 13858627267077327329 13858968780049380074 13840255368715823488 4628664662840458592 4620354266021359360 13857005897603998494 13857279634421793612 13857924873463321407 4623653965288019728 4621316099405151928 4641240890982006784 4636737291354636288 13 34
4617841857275003152 13850731848001693472 4617470947416195552 13850383251925037396 13858498615507353479 13858869449154233130 4617831336097712224 13857921133648223398 13856950709013284038 4611916159164548320 4628171469528297820 13856962127963418372 4636157541472814556 13858674738493807390 4617841857275003152 0 0
4625998296504726048 4636692131786099058 13860034849922417626 13854182332216815831 4635315847823703256 13845614425691678192 13853974907464780244 4627891809649224508 4635143354328599430 13853155765737203884 4621934893091500360 4627241613114794160 4636138125955735134 13855929774843677362 13853934707055096295 8 34
4641240890982006784 4634932342237418380 4631119632498637784 13858183610442764651 4630843729362359940 4624677337809343184 13859260820513538480 13855509166773941972 13845882936503026936 4632741940567594140 4622087289985382248 13855228672016449041 13850173510998565316 4610904882950653184 4636737291354636288 0 34
4635919113864638786 13859273044773845020 13858723796981359285 13858182248895525799 4636540918593849178 13855713905477724606 4633015382902557996 4632568187411292284 4634980068877768730 4632308954561862112 4631610051451846928 4631405975544417572 4634557836060977902 4630297900128435146 4630297900128435146 13 13
4632532158689567400 13859764299141669532 13858816362696354858 4625432139661386016 13849732563577963772 13851280176678312784 13859777978258535965 9221120237041090560 13844845720043127496 13860067724380463137 4634476185803211508 13859670950930522829 13850799717132140296 4635413423449369268 4631622041166433398 7 7
4622685131535793752 13839420888553684160 4635433284878653324 4634465238141163444 13836880036303826208 4622829959326211184 13853756744895542941 13860037096223784538 13854486779156873403 13858400464874251186 4632550405808966680 4636284905589452428 4628226598399261196 4633108379227642160 9221120237041090560 5 5
4631724422211707788 4635081814589761140 4635730261789676556 13858003444790743999 13845317486566469992 13850953508161285440 4635841573067929584 13859075516596353535 4635119908523101874 4633183156979113812 4635830099395954828 4634583899331930560 13850582325767299640 9218868437227405312 4631498683888488352 13 34
13855098009388105434 4623356599583588336 13858742396915058935 4630268493861796028 13853790967774497362 4635338924942588992 4634744716359744820 4633214781024214800 4621723985502716736 4632468887045662988 4632573600678957372 13858435545955150002 4635829804409864208 4641240890982006784 4636737291354636288 13 34
13851082219647142995 13852389520824903628 4611964932639080192 4623043641159038048 13856696683066697872 4636552071830278464 13839697035088535216 13846954152072692792 4631261513802251584 4633195281163371192 13855512743121564194 4634310136755314870 13831551915264857088 13845299275495316472 13851082219647142995 0 0
13858128179848556370 13859362795130157870 4636392134762673360 13859381644012043570 4631183347289885412 13855181734104489912 4629321493067992304 13857922479411859499 4629976921005654600 13831316575313313408 4613572373319469824 13847328046995261480 4621468800481738352 13859782158329359251 13853580339925254000 5 5
4641240890982006784 4635525379761858866 4633126002948075808 4635191293389939020 13859450845851398944 13858159715924471136 13845882558794352280 13841731388868132032 13854359668726140759 13853271034923418062 4633648069469956988 13852907498254510684 4635811637851113146 4635478887262822478 4636737291354636288 0 34
4635794918157533406 4626626226534205728 4636634743717597224 13858211477932533770 13854536736358681166 4633278284423146576 13848092639626148704 13857997846693734752 13822154410611914240 4630883611512391176 13856353584539152250 4635140312919232638 4613652573912897408 13850932976206553560 13850932976206553560 13 13
4606891164123124480 4636237444520271340 13847321401944913720 13852726499683160324 4631621067329548640 4635451851537478128 4636124250012050132 9221120237041090560 4626510033916794560 4630682450032276600 13852536403146487428 4634691682915595530 4630728714413755276 4633311041092128344 13847881002934605188 7 7
4629162074704840864 13841292389774420864 4630242875035891900 13852887825251690772 13855649439056198316 4626511273250331132 13852210014191474092 4635152432739157048 13856255639196154875 13855711428072268766 4627548313621635360 13857779216654876229 13860059117762843579 4634316301126899620 9221120237041090560 9 9
4635338243528095290 13859254188168932816 4632034747777334324 13837121887953766272 13843840904831646944 13858331153826626207 13852787451217657460 13831487836754502592 9218868437227405312 13854551029932491491 4621122056655632528 4635009234535723934 4635085141234802830 4620238521553410480 13852355540675378816 8 34
13850080418722485684 13859081503490547416 13850226525723931268 13859842906505950941 13858255943567374274 13858578606478764396 13859336001046036727 4635209327895013042 4617572744382872528 4621653890239242704 4621886503022418240 13859000706547005326 13853435579511506806 4641240890982006784 4636737291354636288 13 34
4631195828230156568 13859889801124823157 4616966975846325200 4633056130118301648 4634678607251066120 13846650217769461792 13844385272202239784 4623024690831223040 4635848325484488504 13849567107051834596 4631665732506825988 4631297369231973484 4631187696922723476 13849017342526472368 4631195828230156568 0 0
13855288210106844359 13851401805460024396 13859579976869472177 4630530841696464040 4635727654164202854 13859376330931887194 13856338512978159641 4636209919258547764 4632118612799665476 13844265572361568672 4628876319544490200 13856446924148244884 13860071362582478129 13833074805238102592 4631280279258323708 11 11
4641240890982006784 13856038216149996219 13846340875516919272 4635444908469733344 13859791409252400998 13859985668708605055 13853590589614170244 4636025371876154298 13857228418168510628 4634901986979590150 13855212618826192962 13858118800278516824 13847222668855773792 4629741054728886476 4636737291354636288 0 34
4635313129502896512 13859672387536345218 4636078203088753602 13855081218530064934 13856574081993593412 4633647230339452944 13858975006588540972 13859845370469071137 4628446957821026852 13856221713080843641 4636198445670175518 4634916729826584504 13855922200955801603 13841126805860289328 13841126805860289328 13 13
4628063524223805420 13857599826022781142 4633071195900888884 4627412406844406176 4627147662780785284 13856815296490224784 13859643780579737176 9221120237041090560 4635100920090361334 13845879177396288280 4631706521255232456 13853899343822052591 4631042183916490980 4629767034066455528 13848200597408579096 7 7
4635714859759126038 4636176126753267988 13840444117258811216 4632173296028288812 4626899866772202660 4636146007102966384 13851895821678093648 13849644571468477540 13849280414285522260 4629342205643410960 13858440102198975318 4634855149558574948 13855890389477744809 13858009112435238382 9221120237041090560 13 13
13859850448250177093 13848680848396115216 13859694604553097427 13851860778412261416 4633914509856053488 4633349064057383936 13859936658285688140 4635978021887563252 13859098355482592088 4634838342466023602 9218868437227405312 13856481251266252925 4634704631311638930 4624773056379343424 13848923062408372516 10 34
13849538704609903396 13859566674402973819 13831781070359410432 4633268446162592420 4632699533775938608 4632304665663998776 4632195816621603372 13854216822904700603 4629913559340331760 13858985333785303062 13850508471829127428 13858025663328214320 4630828426742308864 4641240890982006784 4636737291354636288 13 34
4631425856602043686 13859203104993812449 13859388785084642822 13842770807260933440 13852579266308393968 13857205892413086781 13859609011374081505 4624805483895460704 4630913048566424428 13839144245951849824 13830523012215461888 4626082368412012796 4636001484912473092 4634207530873733006 4631425856602043686 0 0
13820905675732707328 4620925836734277088 13837916412072726656 4630591244082478800 13851972547710677696 4636467586802921744 4625839288232891928 13842043724208164208 13859105768783513962 4628183069292503960 13854635945144743128 13849088728970186860 13857628630690421250 4632807664375379784 13853313866758829133 2 34
4641240890982006784 13855883077127466222 4632502749573790684 4622272446441576184 13859029235241211230 13852395219666486124 13856528147010935769 4635135127514733194 13856370208361185528 13858912445577595074 4634027337159249712 13858588849048519882 4635178372195322212 4628610453173454128 4636737291354636288 0 34
13856377578271847056 13849917007567343004 4601540295317260800 4629643413137651904 13847173901711345104 4625577281036916208 4634592709778258350 13858136518216369060 13858760175823678266 4628188087638049032 13859423248621097622 4636374543458273120 4630384561861761472 4628448948567542732 4628448948567542732 13 13
4635402912168233778 4630535656630948640 13857857321404072366 4636006518490773770 4634606709400533670 13855109078099576525 13853211224185934972 9221120237041090560 13837236293554083968 4614695113428762464 13853550647126243822 13857736895114391156 4634730576039483612 4634921792763598528 4622210498308689956 7 7
4632458585662051048 4636457491184082770 13852604888844672128 13858099119353690056 4627871923374743160 4633665148803975792 13834575419744197632 13855792124254890991 13851287667249223616 4632105674890928664 4621366384416650416 4629822356283433928 13854295637451284728 13858230848983339052 9221120237041090560 8 8
4635379640146773088 4628357888729451432 4630707741572386000 13853832330115334962 4633972073719148184 4627460415560450364 13834564434161221632 13855385985050983209 4634759150671245546 4634626247588342022 13851262289844190284 4631986313613723900 4636532519394703620 9218868437227405312 13853300847475262833 13 34
13857572578611111700 13853758753553349403 4634477728501559006 13844187812097622120 4635776393019578672 4631177874816282292 4633967991873882872 13848135602411851224 13856334962532757631 4620899275997615376 4634831950412324414 13855096023009137488 4613394150100058272 4641240890982006784 4636737291354636288 13 34
4624285877136716032 4628402297208659088 4636709010547978462 4635395778403439172 13856900412961619238 13850023557186479740 13851342928932603680 4615247487711636992 13845907850515745680 4621799466086728240 4636462327030038306 13850907612344873584 4627257869660809172 4628708747205707880 4624285877136716032 0 0
13858820101182513482 13859078789561698232 13854221176559179784 13856832033875266750 4634398494859928260 13847740220986835408 13844928870779838736 13849743421244831436 4633879461250407396 13857792215487523582 13854187092293189359 13859444502493553122 4633459916087703496 4633255632039040968 4622639523816548188 3 3
4641240890982006784 13856759928370280941 4634986569828842210 4630354820083187916 4630075723764213364 13835448349119835168 13844272527687473824 13858276322760577829 4629153582496936072 13859362769418953172 13857235047520672181 13855471462033855453 13853685763124837834 13853907391776124981 4636737291354636288 0 34
4630012045548916708 13849709788049085060 4630381854036344316 4634082172688189316 13853736320320487675 4626770948544317820 13853449361433794556 13857165607879889803 4635035221235992918 4635128791693398856 4630538820665978000 13859320662922346080 13859001882854178952 13839792679499099384 13839792679499099384 13 13
4629354685615625760 4630962363509405820 4619721678677550608 13852784851891700692 4629684328557675120 4636441224819324822 4635542695956407260 9221120237041090560 4631870575624073000 13856252199592451503 4624465577986199784 4634103613046316540 13859578872445977937 13853609810901372544 4631862178637820522 7 7
4612073879033413664 4619756565975463808 4633390174552777556 13859922674704577087 13859591715287756208 4635437571324572020 4636526327984946208 13859075767836546952 13858875583655885444 4628999816425365320 13859053198949627538 13849213486084357884 4635867829496673332 4636069775431035584 9221120237041090560 6 6
4631547500682374240 9218868437227405312 13857935449592918130 13848567659927309024 13859760802341463177 13835359644734095904 13846731130706990912 4601370882335181824 13858898893428124734 4632308309741721612 13859473019090759791 4635124964193824668 13860031103334749477 13852774762076417080 4631385591858573164 1 34
13856227064860423209 13841206393017713184 4623597268953687696 4613067233819460768 13855813173838395988 4635766683136072034 4633472622289736012 13857643697606955052 4626690422861914764 13852249732068652624 13860089924745840663 13859891695425120051 13857942385044387512 4641240890982006784 4636737291354636288 13 34
4618224343061045352 13859503580926167302 13850155665039721660 4634534854831799062 4636111697839292608 13852783603304007840 13853182826545794096 13844293178700213184 13858158738349073536 4635565876983468384 4636276032990741986 13855893970548670878 4632412697242527524 13849607965159900328 4618224343061045352 0 0
4635064211545454924 4621835549901298688 4635341325013588654 4626913450037485196 13858627470425999832 13859808444328140649 13852943300201926348 4623063066769967976 13845226881801493136 4625937652417061116 4635222646814368112 13845495479438713104 4633080342473644360 4630415868839045040 4630948666902072340 13 13
4641240890982006784 4630121688766637788 13857088213616177109 4636491548176204494 4610600987695742208 13834498926699540800 13852091682127157748 13851326913876769972 4635808866328786712 13860062098316856498 13857589095881021192 13859100777160274813 13846484857704018560 13854654840590205788 4636737291354636288 0 34
13852098170632891148 4633793432411450280 13853560166593806818 4633628343637159400 13858225240143980935 13852017276269312460 4633685332109819944 4630881278622989328 13842089224903471568 13859505715662594229 4624120431202763416 4628875221138591496 13845584394141713408 13844061759354126496 13844061759354126496 13 13
13855306548159876038 13854199485654777481 13859701097019607316 13859644049341784684 4625235014048298384 4634280747853270912 4629049656200953400 9221120237041090560 13850604903556668084 13859440069958643972 4628848263349235664 4632183974030716764 4635428744547035232 13837785618403484672 13844262144340729632 7 7
13856490702917598569 4630193058418773940 4635159461805077512 4636424242177952548 4625566480876988752 13855402647820959769 13849643760516594384 4636617407594439278 4630782448481777428 13846631864365036784 13849322231704638824 4629722140464893576 13851037554118720316 13853148059957169660 9221120237041090560 0 0
4635660170924357234 13857200661273517334 13858329678958920816 4636177116192650712 4625967115284980208 9218868437227405312 13857607769113587068 13859126852598231291 13858463685949758884 4633280389134103260 13858905541183351629 13850978150416444952 13854432474345048531 4631454743213500648 4632142506277839504 5 34
4625392063697936072 4634144406991728176 13855158817230931653 4635043424164717868 4633859173886594488 4634171710807092580 4629987132953506252 4633602667401687156 4630866505305293572 13858146009517155257 13856948719900282456 4613003789925420896 13853933811735879700 4641240890982006784 4636737291354636288 13 34
13852345119804929776 4636043741754842014 13858524123512613610 13845310638180841920 13844756604749627560 13844723083681967248 4629170747015339936 4635269548551258202 13858133884983500904 13849831376276454024 13859055622678135590 4634487441828002550 13856073128633568253 4628021373446389772 13852345119804929776 0 0
13853914779591941319 13860055329926249455 13859537361807977640 13846095921081040536 4625482610198760960 4635154029957850590 4632398111707757128 4632763677014273328 4636702476289319400 13858182707878958307 13850051490313994512 13854363991862325194 4626523772914979460 13852264353138798760 13848927847665411828 3 34
4641240890982006784 4636377873867453590 4634731513668846034 4629612755913146376 13853969248998491606 4636092080449989448 13852510858647429216 4630456597810285416 4631058763424578984 13858868299769726691 4618079262552091296 13858066334034699506 4633718369415087488 13860062906290522885 4636737291354636288 0 34
4633422487775849384 13855053242938374688 13859190878783617708 13858107651700204049 4631986489748032352 4626217175742567364 13857667718396068221 4630968943804148912 13858372132640237812 13853909451758709288 4633277890087714060 4630366627918097312 4627105323863086940 13850048060024636863 13850048060024636863 13 13
13860109182196515849 4629911047587355164 4635681106371526846 13849019007925573560 4632676542041135812 13849004887495086192 13850928464372236036 9221120237041090560 13852209627858530136 13857200929889857912 13858627494510165507 13849747628027762736 4634712070778645756 4628949781780582312 4624753782072794480 7 7
13857321518808659809 4630729708533745484 13859016892972611743 4616738309992000880 13850681535475241460 13859912186854934665 13853948435196342169 4624378906016552488 13857992322983211758 4633584985091688136 13858661692149104984 4636447487025199706 4634943110529317166 4630671399533836372 9221120237041090560 0 0
4635282527144624238 4626140057024820120 13859655816922639719 13857519705038958272 13858335608204472421 4634782371007191758 13857715667935109744 13851208589166275560 13855437250039786756 9218868437227405312 13858460358633375651 4634916287894414236 13859286165963286349 13859650291801206954 4630101900566314980 9 34
13858007308635839972 4635126856752899012 4632107501876456700 4631389849674196724 13857458518063340981 4634191511912646476 13858630345150872907 13844900504478104880 13857932617242520132 4634604072774888740 13844634484890814256 4634043481222474856 4635156817346083324 4641240890982006784 4636737291354636288 13 34
13826150407964796544 13854060272337089744 4635642832046741724 13853929466575773272 13857243740410510378 4619376542255462080 4634828580350356314 13858987274981965354 13859903439922807449 13859980774526249352 4635787235909778102 13857409858956570725 4624315516176826312 13854406605984635766 13826150407964796544 0 0
4634707496244346126 13859366381333873704 4634624811857704144 13858097443414171565 13856735659886166472 4635337601859500142 4634136583378593212 13859157975374574470 4627495766056728660 13842854974093404016 4636250491408419868 4621919377523709824 13859251569983940570 4632847986241708872 4630457930548098606 0 34
4641240890982006784 4635176613572633492 13858089203417155338 4631387658876130172 13849712754110747916 13859782872949405190 13857930401685089824 13854488188120832009 13853978854393526772 4632894122623369612 13855479224549723559 4635021757756339964 13854459785980373006 4634744327075943030 4636737291354636288 0 34
13858954072322779418 13859853150755399252 13846989392328973936 4636199986254728684 4636331018876059684 13855492437048237075 4628027318638366696 4635257284331469192 13850637858725157784 13857685477731400408 4634133162308641108 13859279684725287565 4618075957005776832 13851833040059792923 13851833040059792923 13 13
4628841027786109432 13847204537582048592 13853923471907609719 4629602161794333520 4630405321378558620 4625707373659748204 13845357878004290944 9221120237041090560 13852725396870278160 4632362190004903636 13850007015266328624 13855602046253901816 4625526696892241344 4634431841763140456 13849442734945720010 7 7
4635840490367679968 13857011458016942703 13853237785725437896 13851278362691617204 13842053103707351744 13849309279814340884 4626420949169146160 4625460962961065288 13857832945961263677 4631042892955337448 13858371359980151463 13858393038171027685 13859310163066804184 4635709679499017836 9221120237041090560 2 2
4629939122842203800 13851779934489998352 13859246430870128504 13853347724717601322 4632998801867508012 13850552038121420680 4632153665442682160 4619452944375848784 9218868437227405312 4634237857241280072 4631970257446394756 13859441760180428641 13859816871933100876 13846707856107527720 4628785591881231148 8 34
13859498939809242896 13848940054963497240 4633518743402246972 13853597584458125682 13850751578162226940 4630362921419780400 13850902340113252840 4627020032524095120 13849818430627966256 4629637762740281384 4634457833438331384 13849167343461844080 13856640007750667297 4641240890982006784 4636737291354636288 13 34
13854545112286179362 13858721391955570988 4636049828379742634 13859121890518246407 4632082111920855416 4635926822725070764 4626487708279593572 4632636618405064272 13858555061067207365 4630971386054648700 13854468351776113569 13858119868406442980 4630897937772786572 13858233241470772794 13854545112286179362 0 0
4630174436333751988 13859058260943646534 4635148915889493120 4631184194256773688 4634856566436215702 4629870142092564524 4622880818670024896 4635508715714955944 4634839827794779884 4630456971779925320 13848611657985512304 13856535459872859422 13853976256382238503 13858604476949059544 13843210021420187928 2 34
4641240890982006784 4624302466320649104 4636492455043198334 4625678799363830776 13857770775064282449 4633406521811735056 4635775169584422710 4625985943119775640 13857069261946650447 4633413519209777456 4633546057549544232 4636274930491285488 13823698323070226176 13851924439540574480 4636737291354636288 0 34
13837368196114124352 4635163747221040358 13855790654758867825 13859396038477101044 4632931418930394384 4634862428992447808 4625738708269667752 13859735613700312704 4629740665627864892 4629145747563589800 13854543723435755341 4634255048116329656 13831848634730672448 4624004309093320700 4624004309093320700 13 13
4627095851971847760 13852439331823261028 13848988689749253524 13858743329498639279 4636650730945209928 13858058205005367802 13851114030094464340 9221120237041090560 13859257737870047391 4635386596031330826 13856403566787683709 4630101534256244728 13857923668092882496 13859687806527461391 4631083358669374656 7 7
4627067349473598676 13855790777167616253 4609680713396376384 13853696369028922266 13849830882669176804 4622851420432163784 13854348623325946653 4630178123420831556 4631735957529545756 4633821513294765544 4625863282937450804 4613167682385546944 13848794211809343996 4629960761401751136 9221120237041090560 4 4
13851573048951970292 13848774973713884440 13855383144776085012 4625995047879835640 4630089859203884380 4636348560199500586 4635981993511817462 4634428587429593070 4631394247142025112 13857562038499834191 9218868437227405312 13857224873413213612 4635981382753052398 4634961151970258946 4628690649750637092 10 34
13852070218106339072 13847329502469845456 13854247906149240309 13842267184521361968 13854969406397567325 13841480802449322368 13844111014782613320 4634839674701434826 4634188227331612864 4634493206867241156 13855453607276669184 13856177240387867903 4635302011921326444 4641240890982006784 4636737291354636288 13 34
13854700488146179948 13859390262874875820 13858773123486154906 4617239998401619472 4631589876431714572 13858397091973608743 4630817719533206936 13809131375816667136 13856319866928492103 4629871331011973788 13845519843694402408 4612434945596017600 13841683422172842512 4633631872091274544 13854700488146179948 0 0
4620043914890877552 13844547627751930808 4636588737306529974 13855419681082978831 13851979331645371204 13846253462074701368 4632090127418068568 4621675651242530272 13859706341742548485 13859257717619704655 4632646794974859456 13855567796426180319 4633251970713330016 13854557655701040375 4619516256765993264 4 4
4641240890982006784 13857304519470312688 13855039504853752800 13831762643667581696 13836238632494752608 4636296813544277006 4635339728694914084 13840414914896559392 4625076772477170448 13852889933340176360 4625686359925283352 13857415278276826591 4624034302219988584 4636267655127507964 4636737291354636288 0 34
4635340060976865190 13846495682416383232 13837503662439979200 13853176066321952956 4634905559332429770 4634990986152300612 13853891378774250066 4632479837246256572 4634354075175633560 13854619740573910909 4636373590835671896 13858486129433454522 4626814346151118920 13854406322531809028 13854406322531809028 13 13
4632443839068806796 4636022414782264420 13849596328204679360 13858068702050208766 13857299723218849116 4616826280103588736 4636409872012766186 9221120237041090560 4635059513341929420 13817090166252056064 4634820530327929014 4631278423487241248 4630181913687240880 4633776006189374912 4630833524903206356 7 7
13849621071195306904 13849298013428374528 13855351356317979966 4624123032056200528 4635169808867643596 13851343442901606440 4634328261457318346 13859428335263698716 13855906702140505122 13857697812992450348 13859347749335819430 13849725134811326848 4635939906221800066 13856527918772371116 9221120237041090560 9 9
9218868437227405312 4630905654612707780 13858349459785036085 13855581154927456325 4635767916345500396 4630891346982567584 13851464760645604848 13850691925202816972 13859492309253484677 13857878736614937041 13857831340806016571 13858023131656935840 13858345842645045512 4634227073827341528 13854714062208190017 0 34
13859611380980136987 4626750965600141528 4631733193850823076 13844236552977906968 13852463177200289192 13850385494125590268 4634839327675988302 13854385602381283588 4631097652336101584 13857563778324361294 13850211643915224368 13856731020516862184 13855899764740170616 4641240890982006784 4636737291354636288 13 34
13854878890102480569 13859379652723086121 4634846250104746262 13849769991718261416 4630150412347687720 4635534938079378808 13858594230941276870 4636220737912446162 13855680382852317006 4630816272517908572 13859963726017406390 13852383090720336324 13850329760554843152 4616876632552778976 13854878890102480569 0 0
4632890956259596472 4636462839237989332 4633106572315104104 4635109876858670978 13849403645372868892 4626606590776689272 13857008017449920672 4616809908148149408 13856703439974192650 4633401320551256108 13859996727815886548 13855577851419243903 4634606050068738942 4634510740803392318 13855294011417817580 8 8
4641240890982006784 13857847781494511758 13859463401797272727 4634907140703280830 4628624563945948296 13850095310334729352 13858476336705914222 4627642304834652072 13855987180702836150 13849260830442154092 13858310222909336172 4631615822650356080 13851806788190435740 13844309268070966544 4636737291354636288 0 34
4634993184344602308 4623409852955212872 4629079687763167616 13859639521343830532 4632580946598016856 13845173510036412168 13858876431863990001 13858603713789175451 4633125525718414672 13856362405000415344 13844291645149797680 13848162569424996048 13859516369488121108 4629593035259380548 4629593035259380548 13 13
4631332483886225524 13852803956578807240 13847875579896714248 4630056628333127744 4635905033525019102 4636110631990825470 13855136762392962738 9221120237041090560 13858357021918462854 4628309527734426496 13849750017620965804 13851185910728305836 4635925928145015870 13852886534437768636 13845429698785671244 7 7
13858767056393171921 4633726333610140872 4629757415321739572 13854484707652229469 13847575826291161024 4631910919499217336 4633843939920676752 13858071905932320521 4619735065737744000 4636583794251531984 13859446363096459690 4627415773789983604 13853728567874988938 13857893219361818506 9221120237041090560 3 3
4634668475132667442 4635890541813184252 4620137239409610432 4628655340563209808 4632027197986172536 4628475128220905696 4628910701420108968 13859786197990019749 13858113755115259896 13812841491634841600 4633417247497296728 9218868437227405312 13858580672035277607 4633197964787678944 4620854820054835692 11 34
4630408531648878384 4626540028756479360 4623590352465540072 4634233466913847786 4626157936827396144 13857360122616874372 13850979496403732504 4634983882791692898 13860099599920905365 4616987653570511632 4628025802312703028 4631574952503093148 4632349787401568348 4641240890982006784 4636737291354636288 13 34
4626207010317138832 4629999491064671116 4634746023337442618 4636423740683375792 13839605077932903520 4629799957896492400 4630758720406100272 4635194501227798422 13860077683572019332 13860076523436486158 13852550998496664396 13854729281403034547 4636330550333011948 4616836139972644512 4626207010317138832 0 0
13859413553302035129 13858872623216034220 13855799772786123422 13816080740425139200 13859952882470505138 13856458479019419112 4635943745905491880 4633147636179597944 13853941051996874534 13858753166204819071 4630746322302895152 4633181612974616768 13858153453116886715 4630031083220510764 4628724547247177304 12 12
4641240890982006784 13849225068301638604 13853787723721493703 4633225433579246884 13859961553222766379 4636496294714731248 4636313185068454698 13859500115035768668 4629965921723525228 4615346796672508896 13849554234404529280 13853860601301673950 13849869549869967428 13854323904995975812 4636737291354636288 0 34
13858209420861269685 4635423775580108122 4632936084067698476 4632164013693892688 13851732544582444828 13855439585143908466 13859158958819046774 13860044567637494774 4635112944447337628 4622275865332579864 4621840653926989136 13857713701648324816 13845139638873510480 13855361158816452672 13855361158816452672 13 13
13851060059933685372 13846904863592809768 13858823346773371922 13851206555114735380 13859364222241329270 4635020475810538486 13854933793019428059 9221120237041090560 13851280430117203884 13842615620821074832 4633757287985435224 4634797064611561686 4634360486151786272 13851056663721512236 4625683273144878732 7 7
13841048079056253440 13859027817857100010 4631130128172471316 4630741681613691872 13857659580810811980 4634862285871228654 4635338800346114072 4631311926929843300 13858477619611710634 4612096014939402560 13860011750129158657 4631275427294364564 13858037910044881474 4635338010295281678 9221120237041090560 6 6
4632366615592418016 13857875269000421366 4627725264496840304 4627631497669722660 13854043944604669825 4632639838937427768 4631961358985407852 13858410529907220244 13848980530712324952 13857894608023096206 4632251565800479344 13855149351024578366 13859609788054236293 9218868437227405312 4629860884970291672 13 34
13844537212978866656 13859199242825991335 13858375710989375402 4631149479900614744 4634901842609395786 4611794457808668064 13849004081549834628 4636459008146306464 13858275341831700472 4636234526384341640 13859871540594975346 4618375601487695200 4633183893127741512 4641240890982006784 4636737291354636288 13 34
13838638902851478672 4623028438286542440 4621639144305067984 4635364276937400276 13834181844989163712 4635513052622045804 4633666271238875952 13854292571107539666 13852962408837309260 13858208401449462718 13856941113267190550 13858958050036978580 13855281047178987688 13858674242893851558 13838638902851478672 0 0
13856922742327963150 13854620840126440838 13851555517019275260 4634788192350726498 13854391777376871466 13860048776665450877 13859182737100452922 4627026208950669740 13855107257769932059 4633484421452084408 13817335112147018240 4629736105084661052 4629889275080618208 13849341208383912848 13848801516281300470 2 2
4641240890982006784 4634696754428403048 13843499587880507104 4634254951823378924 13858819485224878556 4634354493612936156 4631825006853676644 13851968111742188228 4616544899814008976 4635001064377861756 4635379347054608000 4629200744116616192 13851652818024294036 4633276304053561416 4636737291354636288 0 34
13859875518977416596 13846404856005871832 4628184794275158516 13855887959631033388 4635564539143107840 13857919690385743785 4635777283626907812 4635410073024155100 4634207722664906108 13858509972665259116 4632645072947536192 13857715680318685943 4633256896276120856 13845107325147417596 13845107325147417596 13 13
4633074081971382952 4636384980083440456 4630012868227424804 4635692329101519918 13858082807397028816 13857082940467377875 13854853306960105622 9221120237041090560 4631406564558720116 13858937983818852915 13853234546133052756 4634660108919961618 13845423136724672520 4634771800582879538 4613647465359657312 7 7
13859266482180637001 4635594899497394300 4634894349865891776 4628796183347699328 4635188651696113926 13854633417199446775 4629399447025330576 4633952779146362928 13856685758541210791 4633809435002533228 13859110846463829826 13851346638897906884 4634126610576108608 13858123815334458018 9221120237041090560 4 4
13841470501020487136 13853839868751347356 4636672974827077934 13855940586194564500 4631946328093633852 13858981186157676443 4636669653217692228 9218868437227405312 4630862050157630128 4634323798957304940 13849259632361996424 4635107634630588078 4629004123752063856 13844153547129191024 4630760646037398194 7 34
13846278311551850536 4629164962197335312 4632473590058570912 4635388648835925142 13859596896186020515 4635810954984912356 4632193581897001700 13847105975266185744 13850112888227712084 13859268331147151660 13845502221052574184 13857403681244451875 13859642568817815113 4641240890982006784 4636737291354636288 13 34
4630945229105333632 13828673561976303616 13859563566066106491 13853318970788065628 4603244204691855360 13849747621439198896 4628013304736520448 13844056488472542160 13858195861178590588 13849866980579461704 4630940647890593344 4634077000950405840 13854565938376954059 4633057646810963504 4630945229105333632 0 0
13856107098250589912 13838924404136821952 13859536849536799912 13851062643969575016 13848277845550707496 13853917679659268978 13857832145667374630 4634453528082500828 4630399764410917704 13849807701052255180 13853881229153796744 13857634405858957932 4636536104049389080 4630605761437934212 13853222081074993569 10 10
4641240890982006784 13858074564346111574 13853707627938341025 4633071225304105584 13846698314757309008 4622123579089072552 13849419497061210952 13853494752082842272 13857346981723727653 13858276858154201485 4621449960172564016 4616354274607805232 13858346628153670020 4631226790514816272 4636737291354636288 0 34
13857296606561252184 13845082636420970568 4634527190281220682 13856814475749370178 4633371956155552452 4629746273176018084 13855657339023007919 13841394638660094592 4620518139145501424 13854791029516112228 4613978250787432800 4626204123198006132 4630070255877535440 13846312980206453228 13846312980206453228 13 13
4628196516639712616 13855006862687787103 13837010502617915968 4635277731547639604 4635376606889011020 13853812357769742850 4635389413399604048 9221120237041090560 4636383432090086622 13855845936034198466 13849357456248236896 13850191072037105772 4636413241045040190 13848300005437246136 4619446169096047576 7 7
4621332122107999272 4632715828628239460 4634248294063588610 4628066900045469508 13854800463842615928 4636258610839021560 4631020649712568736 4635600297236180400 13855906783226319594 13855102770353297553 4620747179710978928 4635235233983500592 4636409816486647186 13859990546605649063 9221120237041090560 2 2
4636429017772343642 4625500873813557332 13857959666563443612 13833758521844091136 13852978019946705924 13853647321667605819 4627745168563344032 4635292733837833006 4636465714766387584 4622698801966419640 13852269205464882136 13857732792971174793 4631614856673595512 9218868437227405312 4628717588863626548 13 34
13856049269958496944 4636103719739589030 13841283861118863792 4629024448884266744 4614102303492734496 13857021764887822822 13856652862259137150 4623527292096883872 13846188532145895848 4629794356798526116 4631232699735746092 4631238274500364604 13855508781227054534 4641240890982006784 4636737291354636288 13 34
13850998316255488220 4630087861537406292 13858216494174451990 13850924623579492596 4632548626789161540 13851305392024232996 13857800337809218246 4634596049183806028 4630507917055786740 13852227811880305912 4633357167062133128 13858008534235701336 13854945983611190022 13849552179997515480 13850998316255488220 0 0
13859141370854188471 4634265419568429922 4631645473165140380 4628624752288929912 4636467653142528478 4632227677159813488 13854541805097391869 4635241916419354434 13858658356595395735 4628345418386499360 4636008623964753520 13845854471415557208 13857069645411831428 13858793528036035008 13844024530637730360 0 0
4641240890982006784 4625605870701381740 13848390473954336720 13854503143603423231 13858935865810207972 4632645894288371260 4608176489003383616 4635589093330949816 4632820966823051172 13851495871623107212 13852748905590003940 4631303657457741488 4635476144735104874 13852816489460583672 4636737291354636288 0 34
4623750338945125376 13854918877407620250 13852318489910816236 13845485158059790368 13855741867130003953 13852604356291006872 13858990123969261665 4633522866085562296 13857787782062211913 13858627958640119243 13856214655565867178 13857353212482229109 4634354702092984014 4618043139471956728 4618043139471956728 13 13
4634888309199765834 13856945425629072969 4630382403375785664 4621382416670758464 13854988007585145216 13853982022659493766 13853157639357815496 9221120237041090560 13858205436650575126 13839867142812214720 4632906436284594512 13840473218068207312 4635985195159434074 4631981267399417376 4629004714359496460 7 7
13840053940693347360 13854668480910011538 13857041863833073959 13859988596367796684 4629410819766205152 13855166801070478712 4632083937932293228 13859644780919262838 4610371346249176704 13809595701201258496 4626430777472393296 4634567771525292786 4631096221604614180 4633627420413965628 9221120237041090560 2 2
13853495816466084176 4622730172092830736 13849511980360808880 13852780669759196604 9218868437227405312 4632784874177155948 4636102870039959560 13848332665478464584 4625288331342287064 4627918042305027060 13850874678253408772 4634328211621756028 13850004236812711180 13859493092180569980 4630633992189126844 4 34
4635805166985539398 4623008172467886840 4624847829620677200 13852978256851752268 4628874258868916128 4636289212455897880 13849525907347312980 13848739068633965580 13843736444136050416 4634027936770615384 4625651732791437864 4629599037443529208 13858298263458055671 4641240890982006784 4636737291354636288 13 34
4627713362657097316 13859376314766271262 4633838954059779412 4630988599494204272 4622965768218951888 13858927989000217929 13852244187139939952 4627255967561000952 13859411462137343154 4636380561228362308 13858454460129012462 4635989015117377820 13858611725119753374 4635508654580112156 4627713362657097316 0 0
4635231498996575798 4634920713997397896 4629606682979831824 13846017172252110320 4634712665446764372 4615798080936194464 4634196515054803040 4632306243991356596 4634552647832343342 13859240416375779382 4619926745507180176 13853370785263307654 4611513211957491200 13857594510451206254 4624405807251660288 8 34
4641240890982006784 4626820989905563228 4611347084814718016 4619483656156453936 13860014770077617088 4629656674538200168 4632203410471041884 13854163011744447241 13858349661232469727 13858563902862010543 4632017335573863168 13841156293329437488 13853806979015596922 13858801871873574018 4636737291354636288 0 34
4629859562747799152 13854321175417500159 13851904095171630752 13853339038800533568 4628956188286914824 13844373702730468320 13859650638347546124 13859926292857053748 4632760993151665420 4636444868570713064 13829399851474096000 13859935700441982388 4635589109245759898 13854950885451382047 13854950885451382047 13 13
13848819048658605572 4633395550309953600 4631699887741594420 13856870005271407216 13849829597609615384 13831636768610872896 4629425306208941944 9221120237041090560 4628236574681807988 13854721379615217766 13854303700680544972 4628210178102237820 4628304383897026996 4636460238990506106 4629542652320358936 7 7
4624606558130301816 4630584186132598032 13847205959024956392 13859324331688314208 4635189865879332006 13853374439668687746 4635205862529706156 13857979279857637530 13857637092827188694 4628828122350346912 4628021928978959296 13854515368068553478 4629226044233466712 4615298305409172224 9221120237041090560 13 13
13859541922425986249 4626162984923263508 13855931508762191794 13853789033697897678 13859418699788008115 4629903347539209784 4627170593738888396 13858556252098571529 4626403545053139104 4633297109534659356 4632711716204583128 4622803127702611272 9218868437227405312 13849715026977518212 4628748927803992392 12 34
4631969162907483476 4635989180745312598 13859792154537134963 4624295758313396688 13858549421166830296 4633800468167804072 4634879489095410560 4634470443420305264 4635585569866637338 13855876016419429262 4630181440279711652 13844726696643784784 4630650241324332112 4641240890982006784 4636737291354636288 13 34
13842390939640594464 13849060616535670784 13858169233053526613 4628475350742760028 4634504782242438738 4634723839903233512 13850598240259814740 13854329556291082575 13849048439576449792 4628441022237005404 4635190414972295892 4630098313770556456 4626385815067466464 13859022380944207388 13842390939640594464 0 0
13859338923006249627 4628169003449491296 13857659085190540916 4631822087436488980 4634801559186723894 4632532320143148288 13852572684348613792 4635414177424565848 4618421445875010224 13854299221048937788 4628014098173292616 13852797136223671596 4623637698808737960 13859779334621238919 13854130675294801308 5 34
4641240890982006784 4633823023159816088 13849234970024075104 13845542777505036512 13847491844799315280 4622486352608483384 4633682709890837088 13858903549913837306 13853463361677780028 4630046929241563696 4635355600364690856 13859920527131889501 13858339751798984293 4633222356494918272 4636737291354636288 0 34
13837483918440067328 13859320981852022055 13853355061775558554 13859109362588339671 4629085778500736480 13857325962541115134 4635711554069142848 13858556419191123416 4633774344229558792 13855472873017876009 13859287192854390570 4635263753897045740 13859639611865022213 13853589147056001420 13853589147056001420 13 13
4635772728541993576 13856233308489570200 13858172244846748608 4627840586892546516 13858773278857869129 13855741128088188425 4631036864814066072 9221120237041090560 13857664986199402008 13843206912405078592 4627322590974006864 4633565750504100040 13856351644615691369 13855094571498749094 4626271350312837504 7 7
4636263764355730198 13857679034040310236 4634694315136248536 13853955572613537241 13846373961888382368 13857598533561547932 4634446365431443268 13854492272411920053 4636174934829050292 13845837139998436368 13857174097992598925 13840354893121740656 4626335788862145872 13850622723842145552 9221120237041090560 4 4
13857520654586382600 4631795014385288428 9218868437227405312 4636131924823301506 13857405187995624181 4633486054354172220 13856157126535122350 4634218887429851906 13841716625478491520 4632949035678925888 4634191065740562488 4635591340103803836 4634900356747362798 13853457037396327960 4615554572720098176 2 34
13859109367715953604 4634008167203471756 4631679519050390560 13859006241709200912 4634764254311839902 13859666668590776196 13859296552558475952 4632077810955591676 4633469620417627884 13856858139594682841 4635983669547629244 4628266311608031648 4614580769404977216 4641240890982006784 4636737291354636288 13 34
13850539804798245260 4635136596104406890 13858011230995871636 4631175798593267448 13857843170304313010 4636566063201783250 4633175622970546772 4626100596831469448 13858134573479772043 13835224852101549472 4626442776335890428 13841942310486808080 13859265161019103108 13841499234981477936 13850539804798245260 0 0
4635205762648050726 13858007061807755212 13858802518445111008 4634507617310237278 13850778209227533448 13856463015872467609 13857406336195270991 13850958012114584496 13859502346464091590 4634819369865800446 4628445441854867472 4626549594364824096 4635707342697956654 13859815675455919930 4630350586592055246 10 10
4641240890982006784 4622068563024941552 13845671398680451032 13834408746851716736 4624301917877921440 13859022567916102999 13853478852066344960 4635426035175967020 4603238697661836160 4593548861884973056 4636354068404578342 4625994428240836732 4631968720909569556 4634862662141255872 4636737291354636288 0 34
4620843263258812816 13853924135106396294 13857268490272523662 4630152776452824800 13854970509709297691 13843557018383001040 13855824588940728872 4632960978837214652 4628627406245506432 13845779790906553224 13829238353262627968 13855863286807250588 4636208845821965452 13854631031813940125 13854631031813940125 13 13
4634722637756729302 4588630601978083328 4633422056366303384 4633406684670742916 4631268345917069724 4634549637422397780 13853272690588352454 9221120237041090560 4626994970756198248 13857823060101098363 4632711691250404780 13857887745121855649 4625267576244403364 13832700481545503296 4631406708895303346 7 7
13858127705243457515 13853175047419423938 13852311798970273952 4631355205389521468 4632255646536793596 4634820088447384882 4632952783321704572 4631812739531291472 4633151808761797552 4623801575260372776 4634636397612523274 13859713310136104226 13845922986419290320 4636290379591268142 9221120237041090560 9 9
4635502219316927804 13847120441797372768 4635721422295547572 4636331481067690498 4632443208780485184 4631505693770017056 4632002354502863532 13851260808474873716 4627684844763668376 13847709753705753120 13858042123312156646 9218868437227405312 4633874877439684236 4619291778691982128 13852539798173599473 11 34
4635824037684337126 4630377483791087672 13856370403536984588 13857623708864629122 4633281090234439256 13846179860404370368 13859034158904519277 13854589837955076497 4618340982149315152 13855615728407834109 4634881847445016184 4635195117121299178 4636491547039907520 4641240890982006784 4636737291354636288 13 34
4631357031981075510 13859980178808593318 4634946429848869836 4634969231008984880 4632003890035119744 13859752208987787655 13856756038638940528 13859990101732388726 13812709026225157120 4631557616982221812 13859976533359567390 4631672914338846112 13852775178601916448 4628537951538148908 4631357031981075510 0 0
4633488998370253912 4635532246400667648 13858541890814687307 13859316119536161740 13854171296495775372 13859954842883712815 4613054412891048096 13849849116182859460 13858810318345506230 4632282428390291320 13853005828672551024 4631984898222152428 4626023468239713164 4629486479438676832 13848815948840985504 7 7
4641240890982006784 13858806818876012848 4631968540720966188 13823861193430528000 4635256734835279774 4632851337088251316 13854904537872933656 13857849161307599371 4633255780818475864 13856038019872677738 13840714424097350208 4635960210206538396 13858356550918915493 4633083820176240792 4636737291354636288 0 34
4636247659687060158 13856375632077991956 13843588494733195904 4635237172628251230 4611680085950735104 13854943393710782144 4631062398000626584 13859611220130607302 13857391557453836272 13857576529674314358 4634347735834423944 13853439398348541968 4630968563121528640 13849004793295460636 13849004793295460636 13 13
4631238221213122364 13847596731225692784 4634905845338171342 13858563380851123874 13858335170794258615 13853529168787701596 4615309523011892544 9221120237041090560 13857951747888101157 13857480658748088034 4635352951605236644 13857884877761024854 4635328054719470206 4635548821132094090 4614767950120020560 7 7
13858569004750962462 13858778572122172276 4628830367764320232 13845305965153794168 13859884514372110269 4634868885207246700 13859511484306587871 4635465314275929492 13859644165560556463 13859934856245518212 4632678519522081836 13855237354398942369 4627589353606480040 13857794818906852629 9221120237041090560 13 13
13856051667135863909 13832854397269118144 13859133280594895838 4636132465274877554 13853784129659304331 4633480035722027260 4629382803676781328 4630311329761691772 4628556828900318384 13847785929903032568 9218868437227405312 4613693837703566144 4635135296669083614 4617186428636790384 4626222659465981516 10 34
13849677069356202728 4612426764004476544 4627307847827752340 4631102805559735300 4630999248335410284 13857816221491353506 4627265670396788972 4635831340689291020 4634333263917317178 13859930168747914919 4631727100726013428 13854507331624358653 4629237644388418120 4641240890982006784 4636737291354636288 13 34
4601488362404671104 4636540582631641456 4633300842268056744 13858625140341227996 13841416003972076032 13858141514868247036 4627035321570043404 4629873709161095376 13857999236577837716 13854319090233081844 13850610894868683456 13855327806944260731 4625750006811829560 13849289891908690228 4601488362404671104 0 0
13858382577105884288 4628744265802024472 4626352571949542688 4635593649141267678 4635586949774816028 4632519484237860612 4600761223485884416 13857345532693286356 4626020025902641320 4629512014850786352 13855003125766127591 13852724899135896084 13859435373618482601 13842835294672149584 13851375125477287813 10 10
4641240890982006784 4633213185880527360 4636198999163013884 13847489611197981592 13857015276049167300 13854689245383484425 4634344797002173946 4636306348967870688 4630805284808682696 13854039844233026988 13858164261980179951 13859650520530506912 4632868699151547112 4632702146815909364 4636737291354636288 0 34
13846459542891052496 13852182763028897860 13840258423779053216 4625972339214533984 4636269068674904472 4633234482568658628 4626472765417317640 13857292075755643972 4635688704877025634 4635284365969428074 4625360718209750176 13851283103350228804 13859948811101841860 4625864619805349444 4625864619805349444 13 13
13855599410404076656 13848093067197241712 13859629078101686885 4636140588253087634 13859715977699594830 13853263425328909454 13860063479330576757 9221120237041090560 4636446738125118298 4633308482546519052 4627273900036108388 4625714824437265040 4634488578227482022 4631939527877185744 13849120755333978560 7 7
13854940931034318991 13850561827921446624 4630176973562952980 13858817199631048062 13853078713132924190 4635823062459185256 13850693443102470784 13859327733141763393 4629337976816568776 4623410784430784960 13858354057439675358 4634402964852884720 13851555050704432636 4629769126131190916 9221120237041090560 13 13
4621974916737458224 4636490623236801642 13849649814478968428 4633041336319646128 4631842502638602836 13858077051227101774 4621974223915801352 13859682675171101591 13854995347689363178 13859345921659860762 13853374828547309406 4634106333115160476 4625566464422893352 9218868437227405312 4627897427989089708 13 34
13858959557861708108 13850882891156450828 4634432759974080756 4634264381797280336 13859057981445965449 13859365090415871072 4623372586380599784 4631593735810921728 13858047890305946932 4593994033043397632 13851660648824861224 13855204187888417019 13839898898553577264 4641240890982006784 4636737291354636288 13 34
4630508903338174192 4633216743157053540 4620861042367377296 4619473672562985328 4628455850450084796 13853167325519678716 4631289962478550884 4632462500919711508 13859451179759178435 13852908149822625960 13859711787939213071 13856273374749329041 13855666225216134550 4633239819672805728 4630508903338174192 0 0
13853482785480233416 13857928892291811634 4636438250859957566 4636526209570857244 4632563566502298220 4618417165944435984 4630596949755854800 13858798878630706688 4629919523236038012 13858919359282690871 4630076708389090324 4627405211158556752 4626422250798148308 13854396251947797128 13846098223570241696 7 7
4641240890982006784 13859731234242565616 13857728652344035918 13854830775359318662 13855817165472238938 13857018901354376372 13858313883295161357 13827629875550003200 13858148322378782291 4628885625365199304 4634603944064730840 4635386947205718002 13858082866683758304 4634952114258448390 4636737291354636288 0 34
13851993294420237672 4616280951485349632 13833196688831034240 4636652631246068180 4635956562709088668 4630918014964513648 4628248922924583484 13856288097697645406 13858143879558541560 4633913482509728144 4630717710857527408 13855560527205215081 13858381500516886051 13853692372439498864 13853692372439498864 13 13
13857950324198728177 4622591280361483912 4633028204059804672 4632227347101729712 4630556479680663596 13840379510161203744 4632425354650114240 9221120237041090560 13851110036070101772 4633202754983168800 4634055290831598352 13858011549489845332 4635329941043720904 13858112980027513438 13853004458696081476 7 7
13854009680234584581 13858238295947269260 13840310754808915984 13851054598483392360 4627800129401308996 13858628297720601738 13859587885465528487 13858650854649662530 13858451263201099708 4627666156077454764 13856862057147687738 4617267208465368384 13855877632344437131 4635112949783052214 9221120237041090560 4 4
4636189360690212574 13858171037126996358 4636140020074413764 13851895693738005460 13854384167841160125 4631891779432029128 4627795327659275404 13855085280842875416 13840166492853874080 9218868437227405312 4631368105409734368 13857989189361413591 13854104403616298066 4635585839878717456 13852577995069064838 9 34
4630518903411726684 13851031941269582060 13849748327096993292 4634772264002030782 13851776087526693204 4635012264524053976 4628754701293200496 13851177300826015772 4634596917716076950 4632983803800712612 13857798666291502958 4630120347354636772 4635533384271348756 4641240890982006784 4636737291354636288 13 34
4621169785345044592 13858275814623895062 4635759498624229582 4622970562200534400 13855219230217062031 13859710025568719912 4624864472167095416 4634637417415897530 13857868609996068094 4632343096353825916 4633537712053875384 4617722210799265072 13846426578513265448 4634746873648444256 4621169785345044592 0 0
4635327352867874336 13857075305609442388 4636082309058409492 4633898746729635180 4635539203063909970 4614511159102955968 4605418422197898752 4623540506318718648 4627901358743789316 4634617692120414050 13859990428263187263 4634721742689049426 4632425228178323904 4635659430000780712 13855245578362379095 1 1
4641240890982006784 4631179742131196304 13846770280091687232 13859190872888300062 4625299366632272340 13856262096604505381 4631720731631134676 4633135256716838500 13858969345120019585 13858029470455012035 4635587106675874732 4630277354825007604 13854889425486190212 4634309155708437306 4636737291354636288 0 34
4625890626150120464 13859475974947817785 4634335511105960406 4634547686090539468 4622223091556052816 4629876529232588056 4635341462800135040 4617925590593445248 13839369361360261120 13857955907264447594 4627499935361339576 4630678079705990800 13856148019407219956 4613488073406156000 4613488073406156000 13 13
4630484027679457688 13855388394654611050 13859304845703320051 13856943123264097950 13858630723153089762 4631137453984841428 13859842725256858473 9221120237041090560 13854105357103352262 4626728670009142572 13831714421710423552 13858231939041588243 13852043009122233228 4635551052151363420 4630079268016270120 7 7
13858669835101031276 4630109824494812036 4633919730641129004 4620409350236409760 4633741464634498352 13853658835125334478 4636035064646308022 4635988820143638548 13854994290407042994 13858176332402841876 4634960312759481942 13851540481567402016 13855767344306752516 13858317125468457276 9221120237041090560 10 10
13852185223950679512 13846786016703801248 4634211218834326534 9218868437227405312 13850886248491190712 4635361661208712278 13853412034178960122 13854581635308932766 13854625442261612406 13858404219256657177 4621694832594989384 4629855220222851756 4631680967562461512 13848697989231580224 13855354377408338880 3 34
4629907548564502124 4636236330730100576 4634863998130278506 13839735533259937456 4636686901740409772 13855559555578306178 13845000992352839384 13858654758346849615 13849704427762002836 13859472402697584913 13857547568964118531 13854929303681123597 4632126594407829640 4641240890982006784 4636737291354636288 13 34
4628653560959240504 13854020093248498312 4631763903052843408 13857687163636587474 13856137443750830150 4629674080010561112 13856525925500231144 4632475859565860640 4623848914088954400 4636200981989307592 4633572811874150192 13855190848777376266 13855042928593028906 4636207520521874728 4628653560959240504 0 0
4634962525946563434 4629215570258458760 13859526806789554827 4634482604026571930 4632404560105448112 13860032106188109910 13860035214911898934 13853326932380296510 4629627291353596664 4632608673915746312 13854084350022045641 4634784394528284826 4634141227923954588 13859906883394674682 13854254481496780681 5 5
4641240890982006784 13844744408590735536 4631062341474920384 13858306171000640690 4632064450054212760 4630973233512418228 4635685562824526648 4631908715555378548 13858665917225513586 4629888629562293916 13856048376510116272 13859849009978770235 13859254597496986744 4636374605150799842 4636737291354636288 0 34
4634242481240712204 4635429956867796298 4631679278836914904 13857384002515171525 4629025347382595512 13849055604369927916 13857117872603302403 13859573223775544337 4629138476598847152 13856838726277281938 4635947976816197946 13858588925550191591 13847755666142942192 4630983974461050642 4630983974461050642 13 13
4631532935909981344 13846941762357339544 13826345216545734272 4634350808280366324 4628623351154457336 13859818081740126340 4627149213709095288 9221120237041090560 13858833622014455943 13857242267042012600 13858282506544839810 4631071983767336628 4630971660873219072 4634962799945158270 13853676032521663211 7 7
13843540631358531520 13858246266105721358 13859416531580046552 4634210905279077544 4634556449826788836 4634205695639781734 13834130587192048832 13853505160361850572 4607276205413427328 13847800869734884112 13854185414181193106 13853673852179243109 13860046219389634096 4609716035759268608 9221120237041090560 13 13
4634869427510406908 9218868437227405312 13858594101742540072 13859049413699522793 13857996007136758824 4635977051220215314 4632497270982306528 4627584333040054528 13859567578566533021 13859576505921523260 13859658409974607335 13857646929408925307 4633243309935223280 13855243771242994297 13850334354309034520 1 34
13856897149287228459 13854802830775542950 4622133703422401464 4621657824988735504 13859432060503656927 4630853264311368224 13857945748432306038 4632362321874217720 4622599170945900000 13844988032034836472 13854331124673341997 13853363909917412610 4630084662997407436 4641240890982006784 4636737291354636288 13 34
4603647124044218432 4635038307851620690 13858869029339062084 13849592225915949796 4633864808527666388 13860007818879782523 13848326791508016704 13844044397347003936 13844143504611712824 13857046207483032578 13855291990272784038 13849244351633146996 4632190517603776192 4631298822702213128 4603647124044218432 0 0
13840691788714415360 13858052351806469757 4601284669418073600 13858531502294215715 4613021691457403968 4621389086782551864 13856773141216880688 4622357582460989288 13847277467936660160 13855177416293725006 13857812685689015826 4608466900877654208 13853215525741170866 4627994091520326760 13855600371035782092 13 34
4641240890982006784 13859479962153959891 4636189289892533928 13855263220294949934 13852019695090954668 4634496177450319364 4636489536137280224 4633640135386170972 4635188133607801614 13858035026924036760 4636456690321731634 4624678733918116672 13848608907273683984 13852476485050299952 4636737291354636288 0 34
13857187974977613284 13860009934163777784 4634657177611800916 13847449318006102808 13858796001237954740 13850713983689281256 4635139244945524952 13856792890462314819 13852469967576564068 13850053267691250068 4630961892669401604 13857881621123070318 4634399677890915324 4627137964920712316 4627137964920712316 13 13
4634873211734568140 4622986765014123272 13858410628905103932 13851024496010785980 13853378792213081166 4630939228644987512 4636019521600822478 9221120237041090560 13851220314243125580 13858373992066376524 4635664980677216510 13855386746565366378 13860083001909228015 13848847800067772168 4627022520016953088 7 7
4635774155663834238 13852676457198439660 4624276976873411000 13851495915226964552 4630518619285566824 4611528315563549824 4629601453457503696 13855735561062417138 13857844495989311513 4636048112605276886 13857539097453668522 13846159606764717608 13850594660971526924 13856621928811926756 9221120237041090560 1 1
13858782742166775632 13850616140369491012 4634586726366519082 13858246268079694106 13855786292908999319 13858271951234183766 13848664322597039448 13856463585746727319 13840116779420931392 13852809573857975084 9218868437227405312 13859784004345981207 13859514942282098008 4626075189369519064 4619058053536628344 10 34
4630905542888794172 13850073241202213340 4631561555609187908 13841267716545260816 4617836679752959008 4633345155026886472 4602733153741124608 4636510741334170224 4632590599549007172 13857943303704811134 4636228739285220070 13857626293692211936 4625515995072826672 4641240890982006784 4636737291354636288 13 34
4622791262047194280 4635776308590750868 13854145115434753538 4627215964467285220 13855407396256802603 13857718301639505952 4609952295714663040 4632017976113686684 13859279152841008624 4635949083015587892 13844550927903829856 13841628481875583264 13858719222520879410 4629781087355666856 4622791262047194280 0 0
4610454775824870720 4635992032010329442 4631613826752212768 4632204721723440632 4622859395291687224 4623903989860499824 4630423424484395952 13854451308096922956 13853884039515798822 13857744946722253376 4629812483671469436 13859379836040759448 4632718869665631088 4634642450304238038 4626514269303313816 7 7
4641240890982006784 13847932134981691056 4636327302624646106 4633461005314211040 13849564712894698880 13853736133658379206 13847626749089796584 4615167620085981216 4635254407023906234 13853859563687246019 13859966035770644346 13859509456504603651 13853290336688505244 4627088612811879828 4636737291354636288 0 34
4626841884557744264 13851695661612861552 4624902986699761952 4630983088851365368 13852776199131872796 4631209488764690356 13850224123413213372 4630465157251208984 4632704551207569040 4632915601151278040 4635105472557034234 4634571052551918734 4630940975574120704 4626692520236574872 4626692520236574872 13 13
13855217954554808256 4629660482883985048 13854568647680896250 4626025556065635128 4634413772878720584 13854814486861289338 13849729562193246656 9221120237041090560 4634010851436249700 4633499079080589880 4636433678289667256 4634642677221665826 4629720855507436900 13856160719350049488 4621096910546566408 7 7
4631279582523728872 4631516640247640024 13856592515691523166 4623383779599189624 4631231935399386956 4635321173484442564 4628766364985764480 13839445588184322656 13854702461797355188 13845337676787564648 13848906438261986704 13857984744474535634 13845516668845249896 13859439265627401194 9221120237041090560 9 9
13854161657622314509 13856037296393652494 4636294723041392088 4635526419692066382 13850199488336060284 13852766320207433748 4632026186185550988 4630158724466793484 4630040004653964564 4631130888088016624 4629809660870114452 9218868437227405312 13859917977352255499 4630741999794516468 4621831879908743708 11 34
13859315253537651863 13847962421925448256 4622225225456705760 13841756608258222160 13826474604962052864 4636576896421598600 4634414518815977028 4636406064691179506 4623336164253844600 4620862886065683976 13857009764892251225 4628605475337157936 13844421021185744944 4641240890982006784 4636737291354636288 13 34
13850129827046609720 4635612684429587852 13858349549882650113 4631998643294433032 4635374709745114006 13856254866955717347 4636322344907155272 13859795446481987132 13849236166597692148 13858886141994458996 13857959568086067976 4617532749060038784 13858366217749232308 13839795136466944688 13850129827046609720 0 0
13851586545711910492 13859091559017468276 13849635413687942968 13851293870038338780 13860052598568010055 4634661714859829856 13858170672325588286 13844263718018975336 4622194990378955616 4628300822497301940 13860072949485886084 13838663434947264416 4632884229419221084 4630118844328299144 13846332242660951456 0 0
4641240890982006784 4633342811790981968 4634202651934133360 13857970674949521174 4634401106687107146 4631859074817305484 13858717710588869708 13857130021301048103 13858436966039542656 4632065581170157728 13848947266015115784 4630285844579173908 13835112896951060224 4636406382808198618 4636737291354636288 0 34
4636706771346190658 13854426807691867350 13854598870504347947 4636176639412266512 4634405169371195144 13823464793591344640 4635479348750072926 13853104424931120546 4628345904910662104 4631418141694369912 13859229521886537207 4633773204003410492 4636061153334555170 13847095652385272728 13847095652385272728 13 13
4633368137106856508 4636385835852334068 13856237962308658309 13857470572138733994 4636459357632344248 4634288594092785262 4628147514980158960 9221120237041090560 4634839397236053642 13859039558848584620 13853596978361671282 4629900034991110752 13858233681344339849 13857032606500898491 13851410556992615713 7 7
4635191037847145912 13848306936977616160 13855863266100416650 4629884787304058084 4625017123248020800 4629731297681426268 13859398035637538346 13852419978396372984 13853535199986211600 13858470332532288907 13859351594785921190 4634828610990086448 4618086392511489856 4627889285264403520 9221120237041090560 11 11
9218868437227405312 13835636772462557280 13852305513480472216 4621142563582096976 13843401069284274832 13858030812563925194 13854287379495141831 13857062076696938575 13845321967970355520 4635092350204357852 13860027999669774594 13850619797305467036 4619679682444480832 4625799892789686284 4626766634050465676 0 34
4632334476461576404 4634904666056583622 4635112613209402604 13854365021653825506 13856221847921959369 4631621725759594344 4631144981997580940 13856174989263445775 13854243679310486669 13858251579849320271 13844486066867401768 4624051614362659464 13851739710864806780 4641240890982006784 4636737291354636288 13 34
4627452790939269144 4627412268196347016 4636238549917009656 13859098611221635084 13859017837339133363 4635290979539115766 4628337144867957616 4634836824863942840 4635290968307455258 4634159397027846244 13828886306883104640 4635715467627740818 13858613803940353302 13854059102180629684 4627452790939269144 0 0
13854445204018178384 13857964331969383158 4634625694773965596 4636258323011481776 13853515114383688450 13856021658773923597 13853970166495644147 4630768121264908040 13851418376826126484 4634916629821786630 13858463997639397504 4631804613126733856 4636130604740368216 13860019921185426140 13855347254913105636 3 34
4641240890982006784 4624990058229601728 4622415582248945584 13858660354845031327 13845785335486702992 4636133033672682448 4636570374769345042 13852151720181619580 13849521219024549768 13850384007952310912 4630806361294562228 13857525862569615641 4630691538955416320 13839424477387536832 4636737291354636288 0 34
13856942179539495978 4632146552545177672 13845632464434456568 4635328201268886398 13853486263846109104 4636000818305598242 13850148835139404240 13853722264941241512 4626553165803760396 13855457512011324641 4629847526866962944 4631424382535583712 13848856897342202948 4630946948291785574 4630946948291785574 13 13
13857800388655459480 4631142491113839308 4633541319271748712 4626517178042658564 13859523153585198851 13854809462390379531 4626524440588209108 9221120237041090560 13841414599783822336 13856749264843766456 13851576106403553016 13858955486454500976 13837206036443343776 4613516657888149600 4631215767610298652 7 7
13839783333452135408 13858820580366732422 13846827502334275320 4630647541263013384 4614161945407012096 13858545820781777941 4629416218273175104 13850427005690032460 4624031247860353752 13858934623349298935 13859132738322489708 4634856921645208684 13853682558403974044 13856612470684582544 9221120237041090560 2 2
4636720064449486574 4630660906989328440 13858755158281176394 13854506022833792675 13850262721758977784 4628727495042372632 13858651040070144334 13845428660778839592 13856694196830105925 4628891782016152408 4631535634004666580 9218868437227405312 13859176300824834222 13845374070008118584 13843741155721635048 11 34
13855247061354171731 4633086129094988328 13825897390625318144 13854913240772908850 4630369243431853704 4635311466369132310 4632569287067629428 4623467183107690776 13859445042603130022 4636009984566872358 4633008172687619636 4630121133623146212 13852170432156152468 4641240890982006784 4636737291354636288 13 34
4628204826770865556 4634916965628635566 13858986564378151788 4624502160661698952 4616890567683512384 13851231561916073336 4628047066531225604 4635126903324926148 4634378462723082556 13857315068938799750 4635027716662044146 13856586925095186153 13857335656752663862 4626247118929199048 4628204826770865556 0 0
13853054812876969796 4636078914420879142 4631077480546452920 13852759537682467552 4633164751739613012 13857642071597577440 13858408677542566484 4635893264987528990 13858316437127873485 13857560907490048322 4625226186904689060 13858996902484290537 13857618819684134174 4635008302459546596 13850270113030751013 2 34
4641240890982006784 4635266234842134096 13860022629970860987 4633857620129947244 13855131526279461134 13858195688897205479 13856452729603167634 4608213524529354240 4635073957724307508 13856798781464987403 4632670723318567684 4631632518276519152 4621055262798316072 13850355530824429328 4636737291354636288 0 34
4622102849821394200 13858094263491339346 4634538401029178712 13859359459818060966 13858012876050301910 4635147394374166786 4635390705497655182 13857187222851597075 4632704050051987508 4635453743138169712 4629110654290032520 4632634357816587124 4635121033696069716 13837384634265179744 13837384634265179744 13 13
13850339826286161560 4636324290006080686 4608266050513965440 4635609761387426818 13857210152545492484 4632899732359699616 13859342701063554944 9221120237041090560 13858117309456516998 13857087912029660347 4635468463961761220 4627672787457885160 13859188031159476748 13859268407944501105 4628758235778243628 7 7
4629723584679630656 4633971234000477584 13858301408250784716 13853390101872683668 13859930876163229365 4632520687347795980 13859011107476488521 13857838156919221356 4629140619205497096 4635983752247511682 4602579070781969152 13856089322725573750 4634770429838262526 13859137414594949152 9221120237041090560 12 12
13860053673439188568 13858898430846257688 4628335415919929784 13859541716471783434 13855358120490052103 4631399492533605816 13857048242111153366 4635865116577751104 13859889724865905440 4630062285021613472 4628886089688545912 13855961293735129266 13848187670338690056 9218868437227405312 4622467277427431068 13 34
13853845622384171588 4632100462775623204 13855019828899018956 13852838656775722984 4632276220941697236 13853683070711115109 4629765487506350328 13845489835998187480 4635694178143133092 4634934743253589892 4635641277455408840 13838910376986578272 4627789345821609540 4641240890982006784 4636737291354636288 13 34
4620124077810301464 4631295196402511416 13850715872630022136 13858840425299710716 13849053288369438960 4630677235094055028 13850008926384637236 13841627569940917440 13857613946796580842 13860038324199984254 4620979407320419264 4612593026087823872 13838985365863579808 4635045089317325636 4620124077810301464 0 0
13835965555993795520 13849406680145651436 4630231241878506064 4633700459257325500 13854087823039001866 4634547212491248346 4630937516912536628 4627189879138060660 13846933186339008992 13855538882177848066 13857854015478070046 4634735077414361986 4630970080816993036 4635412299239848728 4620980444993476592 8 8
4641240890982006784 4628592727415434416 4629077994769865280 13853666378721739459 13858017667911569627 13851784296370754192 4636410986495339660 13849219815991875536 4634451621406955070 13846496833831856648 4630144328390458360 4633066308616235636 13848477822628737080 13855746418858927147 4636737291354636288 0 34
13857577350684102999 4634337130323657488 4628389841197068008 4627442578589522604 13855667411895468275 4625440036621380384 13859729135365394501 4628652461139731296 13858134765288649922 13858965596662164844 13843912501797442304 4634422778972338870 13858615853914884938 13850019527929509232 13850019527929509232 13 13
4635530598428826628 4623670955590849800 13857471097259514797 13849922107892270016 4626084305868810804 13835892440364731008 4633746440014529712 9221120237041090560 4625569844983729060 4636542287971543712 4633978221803361816 4636636821198187098 4636346888866347876 4628918614093523480 4622099699156867524 7 7
13845580481052624768 13849972342872723448 4630412487451141312 13857580755806821329 13857595144383255806 4626115333450722472 4629908498559135276 13852592291298879640 4622952045342250848 4630004843637255512 13853310824182839912 13858018534669971422 4636087898558190024 13860071775747086626 9221120237041090560 5 5
13847025097775680856 9218868437227405312 13858089977238080166 13850253195755804940 13857629871673483954 4634399575595819928 13855124659513781331 4631272943331654756 13850703061967973136 13855938822859476066 4628814771780862112 13846403517087608344 4630386961436111388 4635742735653208686 13854934311663800984 1 34
13858859215687048441 4625447168199613960 13849777871348963728 13858863840111524188 4635043812770487246 4630997674910101556 4630065778915834212 4632183967556102504 13859213765043341735 4635707950986734726 4631881322934059000 13848547477749638368 13854138593260808122 4641240890982006784 4636737291354636288 13 34
13851969760389971823 4627864273320947904 13858532315731890776 13852807948192798616 13859828581801251904 13851277374737751084 4630737304414094892 13849801868736383680 13856989888502743734 13853155873492866504 4634941875115155216 4625386270509515928 13853198499988993418 4608514498420967680 13851969760389971823 0 0
13859049753714555563 4633321873682980840 4635010461411094054 13852596431565650560 4634064988081997292 13856374125611343359 4635827793383772668 13830660373065553216 13846636830256504848 13857594381876009563 4628946021670824432 4635489449987098182 4595565699729273856 13858961066446958570 4627610718260396824 13 13
4641240890982006784 4635731130703395296 4634899389114593458 13834381288238522624 13856313471917427522 13843374848298945040 13858422223252413507 13859995847059734210 13859886970982884774 4630575425847438452 4636243420684206350 13857906942434425129 13852243968566897868 4628488571366634496 4636737291354636288 0 34
4629213185657422280 13859370491881328477 4626963396620557128 13858220831624712894 13859371755025742965 13858721833931595236 4632697518630079644 13857944270964776972 4626700618741575672 4616445117513761136 4631864437286928728 13854261513262043141 4621530885253670440 13850952796731092579 13850952796731092579 13 13
13853677315921711612 13853838202727934359 13844361957966000784 13859671386519395198 13852688200210266060 13859236931141330618 13845897272073070720 9221120237041090560 4630976223571643444 13849144312352604540 13857372191192838606 13856205264631935041 13851436553085113928 4631633480669613912 4629889965663996960 7 7
13850321370478986536 13858535416073593001 13851317232002398952 13859726582092166552 4630338499138622576 4628040778623918208 4628140680907429940 13859092962487933948 13856617143590078800 13858903849634910238 4628420278875560460 13849176907159241096 13856915369001629547 13857355925102171069 9221120237041090560 9 9
13854625197109783375 13857649354304069598 13853812904159274459 9218868437227405312 13851207042851608948 4635638886057378852 13857678930486761930 4627558041220615516 13851577756976427348 4634313720622228442 4634973055923514798 4635718919289739534 13856572369551418269 13857958198855932744 13854927972291011605 3 34
13854535393206992297 4627079530684591664 4634963550428752400 4629843119507529972 4636261980551250460 4631730721349744976 4630393748724320600 4636147543123990810 4633063498818162468 4632415541102676728 13859389129144703574 13857731087182723426 4628029425573471460 4641240890982006784 4636737291354636288 13 34
4626173672102266384 4632260793626567128 13838759654922639360 13853242298664164376 4623747988346520864 4620321311665330048 4634186416367661392 4628198505833247684 13843749628418089984 13858706886002303890 4631679916536041308 13857214222568097103 4632453445936321536 4624448210759002424 4626173672102266384 0 0
13849876210934818316 4622468374621741976 13856396809817648794 13857866631927931770 4617983215885699712 4633397733287617056 4634203398990525304 4622700318679701272 13857544726885952972 4635164917890455642 13859198059577371115 4629834960911991704 13853813420202927944 4635708705733569928 4629529945994302744 7 7
4641240890982006784 13854851039609335559 4623345738650789616 13851508566807644196 4622440754112820016 13856465879707019788 4633695904543056372 4629962088014071124 13860103787699010318 4632711324715699768 4630985677085321008 4628371752403836260 13845367320858137520 13852350170144628296 4636737291354636288 0 34
13859194743552564958 13851133449607097748 13830155234181151232 4603642227463772032 4626510883799966744 13844649758080846760 4630990816493019884 13847430548045641360 4636474754468358920 13857725793282974499 4624178793563738984 4636003559407738188 13854978322075450959 13853597246735197439 13853597246735197439 13 13
13859511594520722751 13858442741598087146 4633540327586781128 4633330529430167392 13851880682934909380 13853652606370064769 4618622270593593456 9221120237041090560 13848694311571184512 4629567056831835808 13856498822349591072 4631726169458209804 4628111665607959376 13854629598372355569 4627089108499431160 7 7
13853862847991382009 13858043391903569270 13859439476635893622 4634748917253113552 13850910809316678716 13858783077525981191 13857508797626519141 4635233429940217394 13858198628851686813 13859038659882891201 13847432556472481392 13856873751641909109 4636668716626003970 4623456837408784224 9221120237041090560 10 10
13858826551235736462 4633352042432312328 13858448850582145194 4630206301253789036 4634964032289200092 13857944535909292762 13858551200969211438 4632338940901985840 9218868437227405312 13858217557263799120 4625865614698192472 13857002837879085406 13847532397591120144 13849292883417968996 13853434585010715975 8 34
13856697885462871766 4634550730973537170 4633873046475587448 4630160910747325124 4634562672677328908 4630411112597179860 4630541388767639796 13859152655175421038 13853201257477314516 13859200737371515020 4634581242313643438 13860055401910882929 13856953909358766312 4641240890982006784 4636737291354636288 13 34
4627447355973234432 4629763029330946956 13842573531029614112 4635590682049961856 13855588774786112412 4628473841189246088 4635235075689634284 4633711742436383788 13859837694721522624 13854747390788605203 4621833234055926200 13859570301032461419 13857694428271850365 4636289435531663626 4627447355973234432 0 0
4634417711544005934 13846181115232485736 4633933539660103948 4626960916867527952 4634773844032527748 13854542218267096981 13859859522330695219 4634332537152228550 4632021223866618960 4631964940419351800 13858258367534144830 4603194385720727040 4632573978860307244 4631940663185457924 4625615475102657720 13 34
4641240890982006784 13855761620635870009 13855453279173424578 13848441188619873920 4634942897224157564 4634643645207654764 4632202810100609976 4623144981206483784 4634345880571703832 13859609044161718885 13852676498736148760 13850954123055314168 13858128999359356571 4631581215820051780 4636737291354636288 0 34
13855954797537880606 4634223885738817580 13860085346716094938 4631659506742840164 4635446709263928462 13859186862811623235 13842094733535619856 13854668007978285238 4626019899487478576 4627095224114599104 4632568960467665196 4636065893540116044 4625932900995273476 13851885534414275751 13851885534414275751 13 13
4635381324891063740 13853373105633255524 13856678904734880622 4636467370116202906 4632260392733232580 4628966679585372976 4625315005394629740 9221120237041090560 4636135371944616748 13856990888152042469 13857898398718112796 4635056293586134948 4632909122119753400 4631308580327505632 4630038853440071996 7 7
13859718056233081754 13856305972033874366 4630482274139276644 13858077159835769172 13847913058861788456 13859492752407646238 13857636425668614721 4635563005821511294 13859733578612104688 4626546553443070560 13858359156222588738 13851287298660938004 4627356553970283316 4629975895324955452 9221120237041090560 4 4
13857270838801544788 9218868437227405312 13857664329744756762 4631237007819249504 13859660884863272671 4635628063414353104 4636084456117386714 13842263082129852736 4634667730707751356 4633159197217089992 13855924377051192722 4635770329800780722 13859894802898487513 4635920888388034042 13847889109697883176 1 34
13844294332766859472 4626213239143006740 13847017261948469880 13858086342897665243 4624748826792022128 13849762949235151128 4625977021655988064 4633930385422456136 4613853059342838912 4630222533555607288 13858668684746432220 4630419144865121380 13830143802403446656 4641240890982006784 4636737291354636288 13 34
13835681111844455648 13849912360981427424 4634240473238578438 4635155151248247396 13859936730984786973 13853279177156844160 4635882525848302854 13859037070323013977 13859121015707537016 13860065132511788885 4617478684394444032 4636569887377045028 13857676472410803498 4632974926880406224 13835681111844455648 0 0
13855382980248287319 13841255490542356688 4635343622027980868 13859532003209687837 4630702355158035828 13850207638908199936 13849931610582481512 4634459697036029506 4597456818862449152 13852865300052935760 13856112263678547812 13855748367308273316 13844112743067766256 13841876512953483360 4628992906744806304 11 11
4641240890982006784 13848576221224642668 13859858793836844215 13859888708142959091 13854484761571371306 4622824950407600152 13857856431639393143 13849029139530428040 4636255435865744098 4633742506451125756 13859209032202081360 13853087806578009540 13859229548627887294 4629210399510578880 4636737291354636288 0 34
13838844658148030272 4628844508210845600 4636614351817448684 13844826623411055856 4628803322015073672 13849469344313782728 4620804372736749728 4634035226892847536 4635248705262480328 13855805054721426241 4631108725552210344 4629341425558065416 4636110455095075650 4619766901734103640 4619766901734103640 13 13
4635189580144529330 4635244532478298040 4631095508124118040 4626704199662722788 4630303869802793516 13855359050546601409 13853522538911166678 9221120237041090560 13855829392882430584 4629702051931973480 13858325164658101976 13858969279246005920 4623544004263344784 4634500524563621058 13852766979649881588 7 7
13856435473579152747 4629637081434177664 4635254039009587780 13842463203039375680 13833811562848664896 4634096882416637184 13857688348664167479 13851887247427248740 4624409220184877104 4632698468560101968 13854672642051402412 13859878943571836113 13855574158067431731 13849811211554734940 9221120237041090560 13 13
4632703369299219472 4634319810263323724 13855290983371970862 4610501410062749824 4627020156204197428 13858354750008330110 13840822280689147040 9218868437227405312 4634573578252490092 4620219698357009536 4636288850771172142 4635907031836698278 13856400648749836544 4626314485221997620 13846138513572524772 7 34
4633831975131776100 4624888854332347736 4632954007877171144 4635189111053943932 13845082707132793120 13857886082543628970 4636257539992612312 4627071313746770784 4635293002799102734 13851276388172967596 13858376975121328477 4629394014974723984 13856010963158333072 4641240890982006784 4636737291354636288 13 34
4631670199296972412 13860092328140304051 13859659350342380477 4624695119342306536 4634937597507113036 13853878310528430312 13855752029911997766 4629280585535417552 4635632213694288878 4623429687076078384 4627683838741946088 13855702867170849516 4632606075926961156 4635175755506914078 4631670199296972412 0 0
13852732910982494240 13843360082759414864 13851327266599101096 4627120954376348920 13859923998539294143 13856198939822748650 4635701838966951610 4636117245233721298 4632482657174674712 4621593435704238776 4625789917809657908 4625530154340882188 4635676411067411596 4635317482536999274 13842573077405725248 9 34
4641240890982006784 4635324076983386528 13853320680059324584 4635778042637042806 4633499232248236276 13850575600553787780 13858546504270822412 13852367734874362180 4636074232664029774 13854296415050059284 13855012829641360062 4631247189634342032 4627808127088802688 13844671202230234392 4636737291354636288 0 34
4625014299802996024 4634751083382857314 4634371952942206710 4635362429450075532 13854534808544857953 4629265406151160536 4607801263098342912 4634322869517234412 4636366315510956042 4609491633594761088 13855596121979676772 13852504412936378868 13858719341865430340 4626858207999762476 4626858207999762476 13 13
4626341312446664416 13854128859850915781 13858041999592121694 4636709461981755124 13858109374046950372 13848654498418211892 4634746085372698192 9221120237041090560 13857989577179989991 13846343467588366368 4627514959206133576 13858335595774579040 4636556564311820158 4626175073482164832 13845465439606403920 7 7
4636220563906318128 13859133133702973991 4629178861561099760 4636342931988861128 13849487846568753780 4622716061887291016 4627818900109066660 13858272964386367851 13858796062937514302 4608511684444217344 13848327588187774544 4630367374292757956 4636615702804282760 13857983280118315008 9221120237041090560 3 3
4633311037556080084 13846542252444620248 4630623152037331696 13845288158609092008 13845026684619841520 9218868437227405312 4625974555623362676 13856406894493277900 13849440780681757840 13859957049688278265 4631720742273217956 13857751937650524142 13854150268488474419 13857855955038589068 13852043317721630807 5 34
4636378716763587358 4636503498400724864 4635660299613809464 13859386927237390108 4634445063927319712 13853648056781943112 4632018859625356056 4634078645742504688 13840293009766743984 13846631060703547296 4636700593629024592 4636304105941052030 13858478534709606636 4641240890982006784 4636737291354636288 13 34
13853890800293709255 4628740207092784104 4609336293500122304 13860092226070063799 4620118472052284448 13858659355071969068 13850678185868518528 4630445688145350160 13858455758916960868 4635803450969320418 13858952413846314063 13851173752537247580 4623251763401348824 4626100326566535060 13853890800293709255 0 0
13848968226363058856 4636104579512392442 4633156661881406688 4627380714135422688 13859025704610234320 13846668437139898992 13858966733352159970 13859360397632941335 13845673080317031984 4632978362311029968 4620985415599852872 13852639291341540268 4633808927258842400 4630809358622006452 4630099340920316374 4 4
4641240890982006784 13856721534928151688 13858614208548147198 4626245585940046060 13853385061029739168 4636657112630883180 4634221849174956574 4623412649989856184 4628516228493812264 13849371077821732080 13857313737570566941 13859556321014485563 4632501847304639344 13853021683402715416 4636737291354636288 0 34
4634727141301713084 13849136131823488372 4633743173483681344 4630704127644317908 4636236579099831578 4621043355856930560 4626929043748024660 13855712967053730584 4633825548748988200 4634897747354259392 4634579043704130078 4631903399570672656 13859473211313181808 13848718127430341436 13848718127430341436 13 13
4625436716892771620 4635503364575354772 4628149404455035252 13851776733541008136 4634208756517077120 13850352726407046940 4619298111052117824 9221120237041090560 13859806038105938344 13848477765503650144 13855247508313831650 13857480443744912212 13859459977662192991 13844528656323286880 13853146715926679198 7 7
4627329976225215560 4633505783067515380 13854979495373743581 4636255316302838916 4625827277393208816 13844918925645524096 4618719044518346576 13831671867844232832 4621090143037971240 4634204526207727664 13858138017156557736 13858329552408275171 13844500249871697808 13857125951501108766 9221120237041090560 3 3
9218868437227405312 4633383800627918116 4634632934450756234 13841408711693612944 13859020810459771130 4630293990790910604 13853830688116259453 4628066388678925952 13850023187288207384 13858844595134936918 13857714099863913996 13857728976651023477 4634875400561504736 4624684458917231064 4632165099249645894 0 34
13849243913228353404 13855033392429793931 4634676327768861016 13853076611833655740 4630184138170983912 4630304990591247272 4634756306013594130 13853992526402024672 4630999837979837108 13858468940913439557 13835484291616793856 13851576124009917492 4630460255546132912 4641240890982006784 4636737291354636288 13 34
4630502409467666124 4629798923324043836 4629877298289321380 13858479169653688574 4635638590470927758 4636222173901057552 4636489377858203638 4634527709836134896 13858172426548187020 13851188511372597484 4626317526428035544 13859382055987996260 4635183365851652482 13858563250521889398 4630502409467666124 0 0
13857051077602700725 4624755675473102424 4620432446167453680 4632291335023762192 13856333317333532809 13859478830951720052 13856668479715199219 13859209465830218832 4634864459483195270 4636154471384139314 4622299648211359040 13850719680844202584 4631874226562984168 13859133535302328577 4601559442248286720 10 34
4641240890982006784 13852455315481700184 13854321270067300622 4631575887717843112 4629816033372147580 13850102010725929560 13857403947988270012 4634914350830058556 13848944691828385412 13857369191261562219 13855414824012944309 13853056626142039604 13855285108324888059 4634943725580206516 4636737291354636288 0 34
13858594094575734218 13859447855638800087 13858631530410158843 4635377428643790792 4633482612394477832 4630945352147974380 4616578309600672752 4633871317326521256 4620299089711931296 13857137148394927859 4635149992037958670 13857049617047157131 13853069256657345212 4630232635654353660 4630232635654353660 13 13
4623166347983571648 13859334946807909658 13858405848255721356 4632860164894072256 13857626790883711862 4627303194940966332 4636002571238684316 9221120237041090560 4617526074505938736 13852045581588842968 4635723506562033236 13859771874331531030 4630957589934072976 4632460359856777684 13853311604701404984 7 7
4634059920530557284 4621346279666731288 13858323448088485962 4634762041077930242 4629140610807302008 4630726533096178644 13857610125375798188 13854462550790755619 13854322799999152056 4621914026560864624 13859131355498268893 4633909316219227628 4612976905320278272 13842735142333795456 9221120237041090560 5 5
4630387249207481704 4628980744848069720 4634777351067163240 13852552278087184916 13859381893014717315 4625764864704792240 4635182494172157382 13845049518371946208 13844043775580471344 4629887823204069672 13853078958735540022 9218868437227405312 4624268510799967552 13848654638618207104 13850536653003629301 11 34
13855239721492612931 13855623060399244891 4633712403950841400 4632993533086989228 4632672633831433900 4635991066981422182 13855883104767222328 4617716989841600880 13844130077145865992 13854837888014272572 13857516316936013041 4613131796396727904 13859273020429606644 4641240890982006784 4636737291354636288 13 34
4631041247316949772 13858817054963309522 4628787585981272816 4626272052074156040 4625924477048417920 13859059882165197518 4628864485058907216 13859958161182192060 4628309498585235008 4625644243219500932 4633893710064023936 4617074613464352672 13858237863725765688 13856112286577089559 4631041247316949772 0 0
