# No-Compile Static Analysis Log

Root: /home/hp/文档/output/CE7-FYQ-src_flat_out/CduToSmuFrameDataPack/IP_CduToSmuFrameDataPack.c
Files: 1
Functions: 1
Call edges: 53
Field accesses: 44
Unresolved calls: 11
Missing local includes: 0
Function invariants: 55
Project invariants: 30

## Missing Local Includes
- none

## Duplicate Function Definitions
- none

## Unresolved Calls
- DBL_TO_SI16: CduToSmuFrameDataPack@IP_CduToSmuFrameDataPack.c:99, CduToSmuFrameDataPack@IP_CduToSmuFrameDataPack.c:103, CduToSmuFrameDataPack@IP_CduToSmuFrameDataPack.c:107, CduToSmuFrameDataPack@IP_CduToSmuFrameDataPack.c:121, CduToSmuFrameDataPack@IP_CduToSmuFrameDataPack.c:125, CduToSmuFrameDataPack@IP_CduToSmuFrameDataPack.c:129, CduToSmuFrameDataPack@IP_CduToSmuFrameDataPack.c:179
- DBL_TO_UN16: CduToSmuFrameDataPack@IP_CduToSmuFrameDataPack.c:144, CduToSmuFrameDataPack@IP_CduToSmuFrameDataPack.c:159, CduToSmuFrameDataPack@IP_CduToSmuFrameDataPack.c:174
- Memcpyx: CduToSmuFrameDataPack@IP_CduToSmuFrameDataPack.c:239, CduToSmuFrameDataPack@IP_CduToSmuFrameDataPack.c:247
- Memsetx: CduToSmuFrameDataPack@IP_CduToSmuFrameDataPack.c:208, CduToSmuFrameDataPack@IP_CduToSmuFrameDataPack.c:248
- UI08_BIT_SET: CduToSmuFrameDataPack@IP_CduToSmuFrameDataPack.c:25, CduToSmuFrameDataPack@IP_CduToSmuFrameDataPack.c:38, CduToSmuFrameDataPack@IP_CduToSmuFrameDataPack.c:56, CduToSmuFrameDataPack@IP_CduToSmuFrameDataPack.c:70, CduToSmuFrameDataPack@IP_CduToSmuFrameDataPack.c:82, CduToSmuFrameDataPack@IP_CduToSmuFrameDataPack.c:96, CduToSmuFrameDataPack@IP_CduToSmuFrameDataPack.c:117, CduToSmuFrameDataPack@IP_CduToSmuFrameDataPack.c:139 (+5 more)
- UI16_HI8: CduToSmuFrameDataPack@IP_CduToSmuFrameDataPack.c:100, CduToSmuFrameDataPack@IP_CduToSmuFrameDataPack.c:104, CduToSmuFrameDataPack@IP_CduToSmuFrameDataPack.c:108, CduToSmuFrameDataPack@IP_CduToSmuFrameDataPack.c:122, CduToSmuFrameDataPack@IP_CduToSmuFrameDataPack.c:126, CduToSmuFrameDataPack@IP_CduToSmuFrameDataPack.c:130, CduToSmuFrameDataPack@IP_CduToSmuFrameDataPack.c:145, CduToSmuFrameDataPack@IP_CduToSmuFrameDataPack.c:160 (+2 more)
- UI16_LO8: CduToSmuFrameDataPack@IP_CduToSmuFrameDataPack.c:101, CduToSmuFrameDataPack@IP_CduToSmuFrameDataPack.c:105, CduToSmuFrameDataPack@IP_CduToSmuFrameDataPack.c:109, CduToSmuFrameDataPack@IP_CduToSmuFrameDataPack.c:123, CduToSmuFrameDataPack@IP_CduToSmuFrameDataPack.c:127, CduToSmuFrameDataPack@IP_CduToSmuFrameDataPack.c:131, CduToSmuFrameDataPack@IP_CduToSmuFrameDataPack.c:146, CduToSmuFrameDataPack@IP_CduToSmuFrameDataPack.c:161 (+2 more)
- UI32_BIT_GET2: CduToSmuFrameDataPack@IP_CduToSmuFrameDataPack.c:35, CduToSmuFrameDataPack@IP_CduToSmuFrameDataPack.c:35
- UI32_BIT_SET2: CduToSmuFrameDataPack@IP_CduToSmuFrameDataPack.c:48, CduToSmuFrameDataPack@IP_CduToSmuFrameDataPack.c:60
- UI32_BIT_SET4: CduToSmuFrameDataPack@IP_CduToSmuFrameDataPack.c:27
- print2: CduToSmuFrameDataPack@IP_CduToSmuFrameDataPack.c:89

## Call Graph
- CduToSmuFrameDataPack -> DBL_TO_SI16? x7, DBL_TO_UN16? x3, Memcpyx? x2, Memsetx? x2, UI08_BIT_SET? x13, UI16_HI8? x10, UI16_LO8? x10, UI32_BIT_GET2? x2, UI32_BIT_SET2? x2, UI32_BIT_SET4?, print2?

## State Transitions
- none

## Field Access Summary
- sAlignToSmu.SMUFWSafeIF: read=1 write=0 read_write=0 functions=CduToSmuFrameDataPack
- sAlignToSmu.SMUMoveNum: read=1 write=0 read_write=0 functions=CduToSmuFrameDataPack
- sAlignToSmu.SMUPathPlanFlag: read=1 write=0 read_write=0 functions=CduToSmuFrameDataPack
- sAlignToSmu.SMUSlopeAgl1: read=1 write=0 read_write=0 functions=CduToSmuFrameDataPack
- sAlignToSmu.SMUSlopeAgl2: read=1 write=0 read_write=0 functions=CduToSmuFrameDataPack
- sAlignToSmu.SMUTurnAgl: read=1 write=0 read_write=0 functions=CduToSmuFrameDataPack
- sAlignToSmu.SMUWIFIreleaseFlag: read=3 write=0 read_write=0 functions=CduToSmuFrameDataPack
- sAlignToSmu.SMUd: read=1 write=0 read_write=0 functions=CduToSmuFrameDataPack
- sFrameCduSend.cntDataItem10: read=1 write=0 read_write=1 functions=CduToSmuFrameDataPack
- sFrameCduSend.cntDataItem14: read=2 write=0 read_write=1 functions=CduToSmuFrameDataPack
- sFrameCduSend.cntDataItem3: read=1 write=0 read_write=1 functions=CduToSmuFrameDataPack
- sFrameCduSend.cntDataItem4: read=1 write=0 read_write=1 functions=CduToSmuFrameDataPack
- sFrameCduSend.cntDataItem5: read=2 write=0 read_write=1 functions=CduToSmuFrameDataPack
- sFrameCduSend.cntDataItem8: read=1 write=0 read_write=1 functions=CduToSmuFrameDataPack
- sFrameCduSend.cntDataItem9: read=1 write=0 read_write=1 functions=CduToSmuFrameDataPack
- sSmuLvdsCtrl.bRecvWifiShakeSig: read=1 write=1 read_write=0 functions=CduToSmuFrameDataPack
- sWalkModeData.TaskNumber: read=1 write=0 read_write=0 functions=CduToSmuFrameDataPack
- sWalkRecData.WIFIHshakeSig: read=2 write=0 read_write=0 functions=CduToSmuFrameDataPack
- sWalkSendData.HazIfin: read=2 write=0 read_write=0 functions=CduToSmuFrameDataPack
- sWalkSendData.Haznum: read=1 write=0 read_write=0 functions=CduToSmuFrameDataPack
- sWalkSendData.MFaultFlag: read=1 write=0 read_write=0 functions=CduToSmuFrameDataPack
- sWalkSendData.MoveNum: read=1 write=0 read_write=0 functions=CduToSmuFrameDataPack
- sWalkSendData.MstopFlag: read=1 write=0 read_write=0 functions=CduToSmuFrameDataPack
- sWalkSendData.p_fyq: read=1 write=0 read_write=0 functions=CduToSmuFrameDataPack
- sWalkSendData.r_fyq: read=1 write=0 read_write=0 functions=CduToSmuFrameDataPack
- sWalkSendData.tiltAlarm: read=1 write=0 read_write=0 functions=CduToSmuFrameDataPack
- sWalkSendData.xn: read=1 write=0 read_write=0 functions=CduToSmuFrameDataPack
- sWalkSendData.y_fyq: read=1 write=0 read_write=0 functions=CduToSmuFrameDataPack
- sWalkSendData.yn: read=1 write=0 read_write=0 functions=CduToSmuFrameDataPack
- sWalkSendData.zn: read=1 write=0 read_write=0 functions=CduToSmuFrameDataPack

## Project Invariants
- [project_input_field/medium] sAlignToSmu.SMUFWSafeIF is only read by CduToSmuFrameDataPack (field summary)
- [project_input_field/medium] sAlignToSmu.SMUMoveNum is only read by CduToSmuFrameDataPack (field summary)
- [project_input_field/medium] sAlignToSmu.SMUPathPlanFlag is only read by CduToSmuFrameDataPack (field summary)
- [project_input_field/medium] sAlignToSmu.SMUSlopeAgl1 is only read by CduToSmuFrameDataPack (field summary)
- [project_input_field/medium] sAlignToSmu.SMUSlopeAgl2 is only read by CduToSmuFrameDataPack (field summary)
- [project_input_field/medium] sAlignToSmu.SMUTurnAgl is only read by CduToSmuFrameDataPack (field summary)
- [project_input_field/medium] sAlignToSmu.SMUWIFIreleaseFlag is only read by CduToSmuFrameDataPack (field summary)
- [project_input_field/medium] sAlignToSmu.SMUd is only read by CduToSmuFrameDataPack (field summary)
- [project_state_field/medium] sFrameCduSend.cntDataItem10 is read and written (field summary)
- [project_state_field/medium] sFrameCduSend.cntDataItem14 is read and written (field summary)
- [project_state_field/medium] sFrameCduSend.cntDataItem3 is read and written (field summary)
- [project_state_field/medium] sFrameCduSend.cntDataItem4 is read and written (field summary)
- [project_state_field/medium] sFrameCduSend.cntDataItem5 is read and written (field summary)
- [project_state_field/medium] sFrameCduSend.cntDataItem8 is read and written (field summary)
- [project_state_field/medium] sFrameCduSend.cntDataItem9 is read and written (field summary)
- [project_state_field/medium] sSmuLvdsCtrl.bRecvWifiShakeSig is read and written (field summary)
- [project_input_field/medium] sWalkModeData.TaskNumber is only read by CduToSmuFrameDataPack (field summary)
- [project_input_field/medium] sWalkRecData.WIFIHshakeSig is only read by CduToSmuFrameDataPack (field summary)
- [project_input_field/medium] sWalkSendData.HazIfin is only read by CduToSmuFrameDataPack (field summary)
- [project_input_field/medium] sWalkSendData.Haznum is only read by CduToSmuFrameDataPack (field summary)
- [project_input_field/medium] sWalkSendData.MFaultFlag is only read by CduToSmuFrameDataPack (field summary)
- [project_input_field/medium] sWalkSendData.MoveNum is only read by CduToSmuFrameDataPack (field summary)
- [project_input_field/medium] sWalkSendData.MstopFlag is only read by CduToSmuFrameDataPack (field summary)
- [project_input_field/medium] sWalkSendData.p_fyq is only read by CduToSmuFrameDataPack (field summary)
- [project_input_field/medium] sWalkSendData.r_fyq is only read by CduToSmuFrameDataPack (field summary)
- [project_input_field/medium] sWalkSendData.tiltAlarm is only read by CduToSmuFrameDataPack (field summary)
- [project_input_field/medium] sWalkSendData.xn is only read by CduToSmuFrameDataPack (field summary)
- [project_input_field/medium] sWalkSendData.y_fyq is only read by CduToSmuFrameDataPack (field summary)
- [project_input_field/medium] sWalkSendData.yn is only read by CduToSmuFrameDataPack (field summary)
- [project_input_field/medium] sWalkSendData.zn is only read by CduToSmuFrameDataPack (field summary)

## Function Details
### CduToSmuFrameDataPack (IP_CduToSmuFrameDataPack.c:7)
- params: unint08 *data, unint08 *dataValid01, unint08 *dataValid02
- locals: fillLen, tmpEven, tmpSi16, tmpUn08, tmpUn16, tmpUn32, validLen
- calls: UI08_BIT_SET, UI32_BIT_SET4, UI32_BIT_GET2, UI32_BIT_GET2, UI08_BIT_SET, UI32_BIT_SET2, UI08_BIT_SET, UI32_BIT_SET2, UI08_BIT_SET, UI08_BIT_SET, print2, UI08_BIT_SET, DBL_TO_SI16, UI16_HI8, UI16_LO8, DBL_TO_SI16, UI16_HI8, UI16_LO8, DBL_TO_SI16, UI16_HI8, UI16_LO8, UI08_BIT_SET, DBL_TO_SI16, UI16_HI8, UI16_LO8, DBL_TO_SI16, UI16_HI8, UI16_LO8, DBL_TO_SI16, UI16_HI8, UI16_LO8, UI08_BIT_SET, DBL_TO_UN16, UI16_HI8, UI16_LO8, UI08_BIT_SET, DBL_TO_UN16, UI16_HI8, UI16_LO8, UI08_BIT_SET, DBL_TO_UN16, UI16_HI8, UI16_LO8, DBL_TO_SI16, UI16_HI8, UI16_LO8, UI08_BIT_SET, UI08_BIT_SET, Memsetx, UI08_BIT_SET, Memcpyx, Memcpyx, Memsetx
- undefined_calls: DBL_TO_SI16, DBL_TO_UN16, Memcpyx, Memsetx, UI08_BIT_SET, UI16_HI8, UI16_LO8, UI32_BIT_GET2, UI32_BIT_SET2, UI32_BIT_SET4, print2
- reads: DBL_TO_SI16, DBL_TO_UN16, Haznum, MFaultFlag, MstopFlag, RAD2DEG, SMUMoveNum, SMUPathPlanFlag, SMUSlopeAgl1, SMUSlopeAgl2, SMUTurnAgl, SMUWIFIreleaseFlag, SMU_LVDS_OBSTACLE_FIRST_PK, SMU_LVDS_OBSTACLE_TOTAL_LEN, SMU_LVDS_SEC_ARC_30, SMUd, TRUE32, TaskNumber, UI16_HI8, UI16_LO8, UI32_BIT_GET2, WIFIHshakeSig, bRecvWifiShakeSig, cntDataItem10, cntDataItem14, cntDataItem3, cntDataItem4, cntDataItem5, cntDataItem8, cntDataItem9, p_fyq, r_fyq, sAlignToSmu, sFrameCduSend, sSmuLvdsCtrl, sWalkModeData, sWalkRecData, sWalkSendData, unint08, xn, y_fyq, yn, zn
- writes: data, dataValid01, dataValid02, fillLen, sFrameCduSend, sSmuLvdsCtrl, tmpEven, tmpSi16, tmpUn08, tmpUn16, tmpUn32, validLen
- summary.modifies: sFrameCduSend.cntDataItem10, sFrameCduSend.cntDataItem14, sFrameCduSend.cntDataItem3, sFrameCduSend.cntDataItem4, sFrameCduSend.cntDataItem5, sFrameCduSend.cntDataItem8, sFrameCduSend.cntDataItem9, sSmuLvdsCtrl.bRecvWifiShakeSig
- summary.ensures_observed:
  - data in [0, 255]
  - dataValid01 in [0, 255]
  - dataValid02 in [0, 255]
  - data[33] in [0, 255]
  - fillLen in [0, 4294967295]
  - sSmuLvdsCtrl.bRecvWifiShakeSig in [1, 4294967295]
  - tmpEven in [0, 4294967295]
  - tmpSi16 in [-32768, 32767]
  - tmpUn08 in [0, 255]
  - tmpUn16 in [0, 65535]
  - tmpUn32 in [0, 4294967295]
  - validLen in [0, 4294967295]
  - dataValid01 is reset to 0
  - dataValid02 is reset to 0
  - tmpUn32 is reset to 0
  - tmpSi16 is reset to 0
  - ... 2 more
- invariants:
  - [value_range/medium] data in [0, 255] (type unint08)
  - [value_range/medium] dataValid01 in [0, 255] (type unint08; literal@17)
  - [value_range/medium] dataValid02 in [0, 255] (type unint08; literal@18)
  - [value_range/medium] data[33] in [0, 255] (known-symbol@222)
  - [value_range/medium] fillLen in [0, 4294967295] (decl unint32@9)
  - [value_range/medium] sSmuLvdsCtrl.bRecvWifiShakeSig in [1, 4294967295] (macro TRUE32@45)
  - [value_range/medium] tmpEven in [0, 4294967295] (decl unint32@10)
  - [value_range/medium] tmpSi16 in [-32768, 32767] (decl siint16@12; literal@183)
  - [value_range/medium] tmpUn08 in [0, 255] (decl unint08@14; literal@215; literal@220)
  - [value_range/medium] tmpUn16 in [0, 65535] (decl unint16@13)
  - [value_range/medium] tmpUn32 in [0, 4294967295] (decl unint32@11; literal@20)
  - [value_range/medium] validLen in [0, 4294967295] (decl unint32@8)
  - [condition_range/high]@42 sWalkRecData.WIFIHshakeSig in [170, 170] when sWalkRecData.WIFIHshakeSig == 0xAA (sWalkRecData.WIFIHshakeSig == 0xAA)
  - [condition_range/high]@54 sFrameCduSend.cntDataItem3 in [1, 1.79769e+308] when sFrameCduSend.cntDataItem3 > 0 (sFrameCduSend.cntDataItem3 > 0)
  - [condition_range/high]@68 sFrameCduSend.cntDataItem4 in [1, 1.79769e+308] when sFrameCduSend.cntDataItem4 > 0 (sFrameCduSend.cntDataItem4 > 0)
  - [condition_range/high]@80 sFrameCduSend.cntDataItem5 in [1, 1.79769e+308] when sFrameCduSend.cntDataItem5 > 0 (sFrameCduSend.cntDataItem5 > 0)
  - [condition_range/high]@137 sFrameCduSend.cntDataItem8 in [1, 1.79769e+308] when sFrameCduSend.cntDataItem8 > 0 (sFrameCduSend.cntDataItem8 > 0)
  - [condition_range/high]@152 sFrameCduSend.cntDataItem9 in [1, 1.79769e+308] when sFrameCduSend.cntDataItem9 > 0 (sFrameCduSend.cntDataItem9 > 0)
  - [condition_range/high]@167 sFrameCduSend.cntDataItem10 in [1, 1.79769e+308] when sFrameCduSend.cntDataItem10 > 0 (sFrameCduSend.cntDataItem10 > 0)
  - [condition_range/high]@227 sFrameCduSend.cntDataItem14 in [1, 1.79769e+308] when sFrameCduSend.cntDataItem14 > 0 (sFrameCduSend.cntDataItem14 > 0)
  - [branch_condition/high]@34 inside if branch: (sWalkRecData.WIFIHshakeSig != 0xAA) && ((UI32_BIT_GET2(sAlignToSmu.SMUWIFIreleaseFlag, 0) == 0x02) || (UI32_BIT_GET2(sAlignToSmu.SMUWIFIreleaseFlag, 0) == 0x01)) && (sSmuLvdsCtrl.bRecvWifiShakeSig != TRUE32) ((sWalkRecData.WIFIHshakeSig != 0xAA) && ((UI32_BIT_GET2(sAlignToSmu.SMUWIFIreleaseFlag, 0) == 0x02) || (UI32_BIT_GET2(sAlignToSmu.SMUWIFIreleaseFlag, 0) == 0x01)) && (sSmuLvdsCtrl.bRecvWifiShakeSig != TRUE32))
  - [branch_condition/high]@42 inside if branch: sWalkRecData.WIFIHshakeSig == 0xAA (sWalkRecData.WIFIHshakeSig == 0xAA)
  - [branch_condition/high]@54 inside if branch: sFrameCduSend.cntDataItem3 > 0 (sFrameCduSend.cntDataItem3 > 0)
  - [branch_condition/high]@68 inside if branch: sFrameCduSend.cntDataItem4 > 0 (sFrameCduSend.cntDataItem4 > 0)
  - [branch_condition/high]@80 inside if branch: sFrameCduSend.cntDataItem5 > 0 (sFrameCduSend.cntDataItem5 > 0)
  - [branch_condition/high]@115 inside if branch: sWalkModeData.TaskNumber % 2 == 0 (sWalkModeData.TaskNumber % 2 == 0)
  - [branch_condition/high]@137 inside if branch: sFrameCduSend.cntDataItem8 > 0 (sFrameCduSend.cntDataItem8 > 0)
  - [branch_condition/high]@152 inside if branch: sFrameCduSend.cntDataItem9 > 0 (sFrameCduSend.cntDataItem9 > 0)
  - [branch_condition/high]@167 inside if branch: sFrameCduSend.cntDataItem10 > 0 (sFrameCduSend.cntDataItem10 > 0)
  - [branch_condition/high]@212 inside if branch: (tmpEven & 0x01) == 0x00 ((tmpEven & 0x01) == 0x00)
  - ... 25 more
- value_ranges:
  - data: [0, 255] (type unint08)
  - dataValid01: [0, 255] (type unint08; literal@17)
  - dataValid02: [0, 255] (type unint08; literal@18)
  - data[33]: [0, 255] (known-symbol@222)
  - fillLen: [0, 4294967295] (decl unint32@9)
  - sSmuLvdsCtrl.bRecvWifiShakeSig: [1, 4294967295] (macro TRUE32@45)
  - tmpEven: [0, 4294967295] (decl unint32@10)
  - tmpSi16: [-32768, 32767] (decl siint16@12; literal@183)
  - tmpUn08: [0, 255] (decl unint08@14; literal@215; literal@220)
  - tmpUn16: [0, 65535] (decl unint16@13)
  - tmpUn32: [0, 4294967295] (decl unint32@11; literal@20)
  - validLen: [0, 4294967295] (decl unint32@8)
- condition_ranges:
  - sWalkRecData.WIFIHshakeSig: [170, 170] when sWalkRecData.WIFIHshakeSig == 0xAA@42
  - sFrameCduSend.cntDataItem3: [1, 1.79769e+308] when sFrameCduSend.cntDataItem3 > 0@54
  - sFrameCduSend.cntDataItem4: [1, 1.79769e+308] when sFrameCduSend.cntDataItem4 > 0@68
  - sFrameCduSend.cntDataItem5: [1, 1.79769e+308] when sFrameCduSend.cntDataItem5 > 0@80
  - sFrameCduSend.cntDataItem8: [1, 1.79769e+308] when sFrameCduSend.cntDataItem8 > 0@137
  - sFrameCduSend.cntDataItem9: [1, 1.79769e+308] when sFrameCduSend.cntDataItem9 > 0@152
  - sFrameCduSend.cntDataItem10: [1, 1.79769e+308] when sFrameCduSend.cntDataItem10 > 0@167
  - sFrameCduSend.cntDataItem14: [1, 1.79769e+308] when sFrameCduSend.cntDataItem14 > 0@227
- conditions:
  - if@34: (sWalkRecData.WIFIHshakeSig != 0xAA) && ((UI32_BIT_GET2(sAlignToSmu.SMUWIFIreleaseFlag, 0) == 0x02) || (UI32_BIT_GET2(sAlignToSmu.SMUWIFIreleaseFlag, 0) == 0x01)) && (sSmuLvdsCtrl.bRecvWifiShakeSig != TRUE32)
  - if@42: sWalkRecData.WIFIHshakeSig == 0xAA
  - if@54: sFrameCduSend.cntDataItem3 > 0
  - if@68: sFrameCduSend.cntDataItem4 > 0
  - if@80: sFrameCduSend.cntDataItem5 > 0
  - if@115: sWalkModeData.TaskNumber % 2 == 0
  - if@137: sFrameCduSend.cntDataItem8 > 0
  - if@152: sFrameCduSend.cntDataItem9 > 0
  - if@167: sFrameCduSend.cntDataItem10 > 0
  - if@212: (tmpEven & 0x01) == 0x00
  - if@227: sFrameCduSend.cntDataItem14 > 0
  - if@234: (tmpEven & 0x01) == 0x00
- assignments:
  - 17: dataValid01 = <literal/unknown>
  - 18: dataValid02 = <literal/unknown>
  - 20: tmpUn32 = <literal/unknown>
  - 45: sSmuLvdsCtrl.bRecvWifiShakeSig = TRUE32
  - 57: sFrameCduSend.cntDataItem3 -- <literal/unknown>
  - 63: data[0] = tmpUn32,unint08
  - 71: sFrameCduSend.cntDataItem4 -- <literal/unknown>
  - 74: data[1] = SMUPathPlanFlag,sAlignToSmu,unint08
  - 83: sFrameCduSend.cntDataItem5 -- <literal/unknown>
  - 86: data[2] = SMUMoveNum,sAlignToSmu,unint08
  - 99: tmpSi16 = DBL_TO_SI16,RAD2DEG,SMU_LVDS_SEC_ARC_30,r_fyq,sWalkSendData
  - 100: data[3] = UI16_HI8,tmpSi16
  - 101: data[4] = UI16_LO8,tmpSi16
  - 103: tmpSi16 = DBL_TO_SI16,RAD2DEG,SMU_LVDS_SEC_ARC_30,p_fyq,sWalkSendData
  - 104: data[5] = UI16_HI8,tmpSi16
  - 105: data[6] = UI16_LO8,tmpSi16
  - 107: tmpSi16 = DBL_TO_SI16,RAD2DEG,SMU_LVDS_SEC_ARC_30,sWalkSendData,y_fyq
  - 108: data[7] = UI16_HI8,tmpSi16
  - 109: data[8] = UI16_LO8,tmpSi16
  - 121: tmpSi16 = DBL_TO_SI16,sWalkSendData,xn
  - 122: data[9 ] = UI16_HI8,tmpSi16
  - 123: data[10] = UI16_LO8,tmpSi16
  - 125: tmpSi16 = DBL_TO_SI16,sWalkSendData,yn
  - 126: data[11] = UI16_HI8,tmpSi16
  - 127: data[12] = UI16_LO8,tmpSi16
  - 129: tmpSi16 = DBL_TO_SI16,sWalkSendData,zn
  - 130: data[13] = UI16_HI8,tmpSi16
  - 131: data[14] = UI16_LO8,tmpSi16
  - 140: sFrameCduSend.cntDataItem8 -- <literal/unknown>
  - 144: tmpUn16 = DBL_TO_UN16,RAD2DEG,SMUSlopeAgl1,SMU_LVDS_SEC_ARC_30,sAlignToSmu
  - 145: data[15] = UI16_HI8,tmpUn16
  - 146: data[16] = UI16_LO8,tmpUn16
  - 155: sFrameCduSend.cntDataItem9 -- <literal/unknown>
  - 159: tmpUn16 = DBL_TO_UN16,RAD2DEG,SMUSlopeAgl2,SMU_LVDS_SEC_ARC_30,sAlignToSmu
  - 160: data[17] = UI16_HI8,tmpUn16
  - 161: data[18] = UI16_LO8,tmpUn16
  - 170: sFrameCduSend.cntDataItem10 -- <literal/unknown>
  - 174: tmpUn16 = DBL_TO_UN16,SMUd,sAlignToSmu
  - 175: data[19] = UI16_HI8,tmpUn16
  - 176: data[20] = UI16_LO8,tmpUn16
  - ... 14 more

## JSON
{
  "root": "/home/hp/文档/output/CE7-FYQ-src_flat_out/CduToSmuFrameDataPack/IP_CduToSmuFrameDataPack.c",
  "files": [
    {
      "file": "/home/hp/文档/output/CE7-FYQ-src_flat_out/CduToSmuFrameDataPack/IP_CduToSmuFrameDataPack.c",
      "lines": 258,
      "includes": [
        {
          "name": "IP_CduToSmuFrameDataPack.h",
          "kind": "local",
          "line": 1,
          "resolved": "/home/hp/文档/output/CE7-FYQ-src_flat_out/CduToSmuFrameDataPack/IP_CduToSmuFrameDataPack.h"
        }
      ],
      "macros": [],
      "typedefs": [],
      "globals": [],
      "functions": [
        {
          "name": "CduToSmuFrameDataPack",
          "line": 7,
          "params": [
            "unint08 *data",
            "unint08 *dataValid01",
            "unint08 *dataValid02"
          ]
        }
      ]
    }
  ],
  "summary": {
    "file_count": 1,
    "function_count": 1,
    "defined_function_count": 1,
    "declared_function_count": 0,
    "macro_count": 0,
    "typedef_count": 0,
    "global_count": 0,
    "call_edge_count": 53,
    "unresolved_call_count": 11,
    "field_access_count": 44,
    "missing_local_include_count": 0,
    "function_invariant_count": 55,
    "project_invariant_count": 30
  },
  "symbols": {
    "defined_functions": {
      "CduToSmuFrameDataPack": [
        {
          "file": "/home/hp/文档/output/CE7-FYQ-src_flat_out/CduToSmuFrameDataPack/IP_CduToSmuFrameDataPack.c",
          "line": 7
        }
      ]
    },
    "declared_functions": {},
    "macros": {},
    "typedefs": {},
    "enum_constants": [],
    "globals": {},
    "struct_fields": {},
    "duplicate_functions": {}
  },
  "functions": [
    {
      "file": "/home/hp/文档/output/CE7-FYQ-src_flat_out/CduToSmuFrameDataPack/IP_CduToSmuFrameDataPack.c",
      "name": "CduToSmuFrameDataPack",
      "line": 7,
      "return_type": "void",
      "params": [
        "unint08 *data",
        "unint08 *dataValid01",
        "unint08 *dataValid02"
      ],
      "locals": [
        "fillLen",
        "tmpEven",
        "tmpSi16",
        "tmpUn08",
        "tmpUn16",
        "tmpUn32",
        "validLen"
      ],
      "calls": [
        {
          "name": "UI08_BIT_SET",
          "line": 25,
          "kind": "function",
          "resolved": false
        },
        {
          "name": "UI32_BIT_SET4",
          "line": 27,
          "kind": "function",
          "resolved": false
        },
        {
          "name": "UI32_BIT_GET2",
          "line": 35,
          "kind": "function",
          "resolved": false
        },
        {
          "name": "UI32_BIT_GET2",
          "line": 35,
          "kind": "function",
          "resolved": false
        },
        {
          "name": "UI08_BIT_SET",
          "line": 38,
          "kind": "function",
          "resolved": false
        },
        {
          "name": "UI32_BIT_SET2",
          "line": 48,
          "kind": "function",
          "resolved": false
        },
        {
          "name": "UI08_BIT_SET",
          "line": 56,
          "kind": "function",
          "resolved": false
        },
        {
          "name": "UI32_BIT_SET2",
          "line": 60,
          "kind": "function",
          "resolved": false
        },
        {
          "name": "UI08_BIT_SET",
          "line": 70,
          "kind": "function",
          "resolved": false
        },
        {
          "name": "UI08_BIT_SET",
          "line": 82,
          "kind": "function",
          "resolved": false
        },
        {
          "name": "print2",
          "line": 89,
          "kind": "function",
          "resolved": false
        },
        {
          "name": "UI08_BIT_SET",
          "line": 96,
          "kind": "function",
          "resolved": false
        },
        {
          "name": "DBL_TO_SI16",
          "line": 99,
          "kind": "function",
          "resolved": false
        },
        {
          "name": "UI16_HI8",
          "line": 100,
          "kind": "function",
          "resolved": false
        },
        {
          "name": "UI16_LO8",
          "line": 101,
          "kind": "function",
          "resolved": false
        },
        {
          "name": "DBL_TO_SI16",
          "line": 103,
          "kind": "function",
          "resolved": false
        },
        {
          "name": "UI16_HI8",
          "line": 104,
          "kind": "function",
          "resolved": false
        },
        {
          "name": "UI16_LO8",
          "line": 105,
          "kind": "function",
          "resolved": false
        },
        {
          "name": "DBL_TO_SI16",
          "line": 107,
          "kind": "function",
          "resolved": false
        },
        {
          "name": "UI16_HI8",
          "line": 108,
          "kind": "function",
          "resolved": false
        },
        {
          "name": "UI16_LO8",
          "line": 109,
          "kind": "function",
          "resolved": false
        },
        {
          "name": "UI08_BIT_SET",
          "line": 117,
          "kind": "function",
          "resolved": false
        },
        {
          "name": "DBL_TO_SI16",
          "line": 121,
          "kind": "function",
          "resolved": false
        },
        {
          "name": "UI16_HI8",
          "line": 122,
          "kind": "function",
          "resolved": false
        },
        {
          "name": "UI16_LO8",
          "line": 123,
          "kind": "function",
          "resolved": false
        },
        {
          "name": "DBL_TO_SI16",
          "line": 125,
          "kind": "function",
          "resolved": false
        },
        {
          "name": "UI16_HI8",
          "line": 126,
          "kind": "function",
          "resolved": false
        },
        {
          "name": "UI16_LO8",
          "line": 127,
          "kind": "function",
          "resolved": false
        },
        {
          "name": "DBL_TO_SI16",
          "line": 129,
          "kind": "function",
          "resolved": false
        },
        {
          "name": "UI16_HI8",
          "line": 130,
          "kind": "function",
          "resolved": false
        },
        {
          "name": "UI16_LO8",
          "line": 131,
          "kind": "function",
          "resolved": false
        },
        {
          "name": "UI08_BIT_SET",
          "line": 139,
          "kind": "function",
          "resolved": false
        },
        {
          "name": "DBL_TO_UN16",
          "line": 144,
          "kind": "function",
          "resolved": false
        },
        {
          "name": "UI16_HI8",
          "line": 145,
          "kind": "function",
          "resolved": false
        },
        {
          "name": "UI16_LO8",
          "line": 146,
          "kind": "function",
          "resolved": false
        },
        {
          "name": "UI08_BIT_SET",
          "line": 154,
          "kind": "function",
          "resolved": false
        },
        {
          "name": "DBL_TO_UN16",
          "line": 159,
          "kind": "function",
          "resolved": false
        },
        {
          "name": "UI16_HI8",
          "line": 160,
          "kind": "function",
          "resolved": false
        },
        {
          "name": "UI16_LO8",
          "line": 161,
          "kind": "function",
          "resolved": false
        },
        {
          "name": "UI08_BIT_SET",
          "line": 169,
          "kind": "function",
          "resolved": false
        },
        {
          "name": "DBL_TO_UN16",
          "line": 174,
          "kind": "function",
          "resolved": false
        },
        {
          "name": "UI16_HI8",
          "line": 175,
          "kind": "function",
          "resolved": false
        },
        {
          "name": "UI16_LO8",
          "line": 176,
          "kind": "function",
          "resolved": false
        },
        {
          "name": "DBL_TO_SI16",
          "line": 179,
          "kind": "function",
          "resolved": false
        },
        {
          "name": "UI16_HI8",
          "line": 186,
          "kind": "function",
          "resolved": false
        },
        {
          "name": "UI16_LO8",
          "line": 187,
          "kind": "function",
          "resolved": false
        },
        {
          "name": "UI08_BIT_SET",
          "line": 193,
          "kind": "function",
          "resolved": false
        },
        {
          "name": "UI08_BIT_SET",
          "line": 201,
          "kind": "function",
          "resolved": false
        },
        {
          "name": "Memsetx",
          "line": 208,
          "kind": "function",
          "resolved": false
        },
        {
          "name": "UI08_BIT_SET",
          "line": 229,
          "kind": "function",
          "resolved": false
        },
        {
          "name": "Memcpyx",
          "line": 239,
          "kind": "function",
          "resolved": false
        },
        {
          "name": "Memcpyx",
          "line": 247,
          "kind": "function",
          "resolved": false
        },
        {
          "name": "Memsetx",
          "line": 248,
          "kind": "function",
          "resolved": false
        }
      ],
      "assignments": [
        {
          "line": 17,
          "lhs": "dataValid01",
          "operator": "=",
          "rhs": "0x00",
          "rhs_identifiers": []
        },
        {
          "line": 18,
          "lhs": "dataValid02",
          "operator": "=",
          "rhs": "0x00",
          "rhs_identifiers": []
        },
        {
          "line": 20,
          "lhs": "tmpUn32",
          "operator": "=",
          "rhs": "0x00",
          "rhs_identifiers": []
        },
        {
          "line": 45,
          "lhs": "sSmuLvdsCtrl.bRecvWifiShakeSig",
          "operator": "=",
          "rhs": "TRUE32",
          "rhs_identifiers": [
            "TRUE32"
          ]
        },
        {
          "line": 57,
          "lhs": "sFrameCduSend.cntDataItem3",
          "operator": "--",
          "rhs": "",
          "rhs_identifiers": []
        },
        {
          "line": 63,
          "lhs": "data[0]",
          "operator": "=",
          "rhs": "(unint08)tmpUn32",
          "rhs_identifiers": [
            "tmpUn32",
            "unint08"
          ]
        },
        {
          "line": 71,
          "lhs": "sFrameCduSend.cntDataItem4",
          "operator": "--",
          "rhs": "",
          "rhs_identifiers": []
        },
        {
          "line": 74,
          "lhs": "data[1]",
          "operator": "=",
          "rhs": "(unint08)sAlignToSmu.SMUPathPlanFlag",
          "rhs_identifiers": [
            "SMUPathPlanFlag",
            "sAlignToSmu",
            "unint08"
          ]
        },
        {
          "line": 83,
          "lhs": "sFrameCduSend.cntDataItem5",
          "operator": "--",
          "rhs": "",
          "rhs_identifiers": []
        },
        {
          "line": 86,
          "lhs": "data[2]",
          "operator": "=",
          "rhs": "(unint08)sAlignToSmu.SMUMoveNum",
          "rhs_identifiers": [
            "SMUMoveNum",
            "sAlignToSmu",
            "unint08"
          ]
        },
        {
          "line": 99,
          "lhs": "tmpSi16",
          "operator": "=",
          "rhs": "DBL_TO_SI16(sWalkSendData.r_fyq * RAD2DEG / SMU_LVDS_SEC_ARC_30)",
          "rhs_identifiers": [
            "DBL_TO_SI16",
            "RAD2DEG",
            "SMU_LVDS_SEC_ARC_30",
            "r_fyq",
            "sWalkSendData"
          ]
        },
        {
          "line": 100,
          "lhs": "data[3]",
          "operator": "=",
          "rhs": "UI16_HI8(tmpSi16)",
          "rhs_identifiers": [
            "UI16_HI8",
            "tmpSi16"
          ]
        },
        {
          "line": 101,
          "lhs": "data[4]",
          "operator": "=",
          "rhs": "UI16_LO8(tmpSi16)",
          "rhs_identifiers": [
            "UI16_LO8",
            "tmpSi16"
          ]
        },
        {
          "line": 103,
          "lhs": "tmpSi16",
          "operator": "=",
          "rhs": "DBL_TO_SI16(sWalkSendData.p_fyq * RAD2DEG / SMU_LVDS_SEC_ARC_30)",
          "rhs_identifiers": [
            "DBL_TO_SI16",
            "RAD2DEG",
            "SMU_LVDS_SEC_ARC_30",
            "p_fyq",
            "sWalkSendData"
          ]
        },
        {
          "line": 104,
          "lhs": "data[5]",
          "operator": "=",
          "rhs": "UI16_HI8(tmpSi16)",
          "rhs_identifiers": [
            "UI16_HI8",
            "tmpSi16"
          ]
        },
        {
          "line": 105,
          "lhs": "data[6]",
          "operator": "=",
          "rhs": "UI16_LO8(tmpSi16)",
          "rhs_identifiers": [
            "UI16_LO8",
            "tmpSi16"
          ]
        },
        {
          "line": 107,
          "lhs": "tmpSi16",
          "operator": "=",
          "rhs": "DBL_TO_SI16(sWalkSendData.y_fyq * RAD2DEG / SMU_LVDS_SEC_ARC_30)",
          "rhs_identifiers": [
            "DBL_TO_SI16",
            "RAD2DEG",
            "SMU_LVDS_SEC_ARC_30",
            "sWalkSendData",
            "y_fyq"
          ]
        },
        {
          "line": 108,
          "lhs": "data[7]",
          "operator": "=",
          "rhs": "UI16_HI8(tmpSi16)",
          "rhs_identifiers": [
            "UI16_HI8",
            "tmpSi16"
          ]
        },
        {
          "line": 109,
          "lhs": "data[8]",
          "operator": "=",
          "rhs": "UI16_LO8(tmpSi16)",
          "rhs_identifiers": [
            "UI16_LO8",
            "tmpSi16"
          ]
        },
        {
          "line": 121,
          "lhs": "tmpSi16",
          "operator": "=",
          "rhs": "DBL_TO_SI16(sWalkSendData.xn * 200.0)",
          "rhs_identifiers": [
            "DBL_TO_SI16",
            "sWalkSendData",
            "xn"
          ]
        },
        {
          "line": 122,
          "lhs": "data[9 ]",
          "operator": "=",
          "rhs": "UI16_HI8(tmpSi16)",
          "rhs_identifiers": [
            "UI16_HI8",
            "tmpSi16"
          ]
        },
        {
          "line": 123,
          "lhs": "data[10]",
          "operator": "=",
          "rhs": "UI16_LO8(tmpSi16)",
          "rhs_identifiers": [
            "UI16_LO8",
            "tmpSi16"
          ]
        },
        {
          "line": 125,
          "lhs": "tmpSi16",
          "operator": "=",
          "rhs": "DBL_TO_SI16(sWalkSendData.yn * 200.0)",
          "rhs_identifiers": [
            "DBL_TO_SI16",
            "sWalkSendData",
            "yn"
          ]
        },
        {
          "line": 126,
          "lhs": "data[11]",
          "operator": "=",
          "rhs": "UI16_HI8(tmpSi16)",
          "rhs_identifiers": [
            "UI16_HI8",
            "tmpSi16"
          ]
        },
        {
          "line": 127,
          "lhs": "data[12]",
          "operator": "=",
          "rhs": "UI16_LO8(tmpSi16)",
          "rhs_identifiers": [
            "UI16_LO8",
            "tmpSi16"
          ]
        },
        {
          "line": 129,
          "lhs": "tmpSi16",
          "operator": "=",
          "rhs": "DBL_TO_SI16(sWalkSendData.zn * 200.0)",
          "rhs_identifiers": [
            "DBL_TO_SI16",
            "sWalkSendData",
            "zn"
          ]
        },
        {
          "line": 130,
          "lhs": "data[13]",
          "operator": "=",
          "rhs": "UI16_HI8(tmpSi16)",
          "rhs_identifiers": [
            "UI16_HI8",
            "tmpSi16"
          ]
        },
        {
          "line": 131,
          "lhs": "data[14]",
          "operator": "=",
          "rhs": "UI16_LO8(tmpSi16)",
          "rhs_identifiers": [
            "UI16_LO8",
            "tmpSi16"
          ]
        },
        {
          "line": 140,
          "lhs": "sFrameCduSend.cntDataItem8",
          "operator": "--",
          "rhs": "",
          "rhs_identifiers": []
        },
        {
          "line": 144,
          "lhs": "tmpUn16",
          "operator": "=",
          "rhs": "DBL_TO_UN16(sAlignToSmu.SMUSlopeAgl1 * RAD2DEG / SMU_LVDS_SEC_ARC_30)",
          "rhs_identifiers": [
            "DBL_TO_UN16",
            "RAD2DEG",
            "SMUSlopeAgl1",
            "SMU_LVDS_SEC_ARC_30",
            "sAlignToSmu"
          ]
        },
        {
          "line": 145,
          "lhs": "data[15]",
          "operator": "=",
          "rhs": "UI16_HI8(tmpUn16)",
          "rhs_identifiers": [
            "UI16_HI8",
            "tmpUn16"
          ]
        },
        {
          "line": 146,
          "lhs": "data[16]",
          "operator": "=",
          "rhs": "UI16_LO8(tmpUn16)",
          "rhs_identifiers": [
            "UI16_LO8",
            "tmpUn16"
          ]
        },
        {
          "line": 155,
          "lhs": "sFrameCduSend.cntDataItem9",
          "operator": "--",
          "rhs": "",
          "rhs_identifiers": []
        },
        {
          "line": 159,
          "lhs": "tmpUn16",
          "operator": "=",
          "rhs": "DBL_TO_UN16(sAlignToSmu.SMUSlopeAgl2 * RAD2DEG / SMU_LVDS_SEC_ARC_30)",
          "rhs_identifiers": [
            "DBL_TO_UN16",
            "RAD2DEG",
            "SMUSlopeAgl2",
            "SMU_LVDS_SEC_ARC_30",
            "sAlignToSmu"
          ]
        },
        {
          "line": 160,
          "lhs": "data[17]",
          "operator": "=",
          "rhs": "UI16_HI8(tmpUn16)",
          "rhs_identifiers": [
            "UI16_HI8",
            "tmpUn16"
          ]
        },
        {
          "line": 161,
          "lhs": "data[18]",
          "operator": "=",
          "rhs": "UI16_LO8(tmpUn16)",
          "rhs_identifiers": [
            "UI16_LO8",
            "tmpUn16"
          ]
        },
        {
          "line": 170,
          "lhs": "sFrameCduSend.cntDataItem10",
          "operator": "--",
          "rhs": "",
          "rhs_identifiers": []
        },
        {
          "line": 174,
          "lhs": "tmpUn16",
          "operator": "=",
          "rhs": "DBL_TO_UN16(sAlignToSmu.SMUd * 1000.0)",
          "rhs_identifiers": [
            "DBL_TO_UN16",
            "SMUd",
            "sAlignToSmu"
          ]
        },
        {
          "line": 175,
          "lhs": "data[19]",
          "operator": "=",
          "rhs": "UI16_HI8(tmpUn16)",
          "rhs_identifiers": [
            "UI16_HI8",
            "tmpUn16"
          ]
        },
        {
          "line": 176,
          "lhs": "data[20]",
          "operator": "=",
          "rhs": "UI16_LO8(tmpUn16)",
          "rhs_identifiers": [
            "UI16_LO8",
            "tmpUn16"
          ]
        },
        {
          "line": 179,
          "lhs": "tmpSi16",
          "operator": "=",
          "rhs": "DBL_TO_SI16(sAlignToSmu.SMUTurnAgl * RAD2DEG / SMU_LVDS_SEC_ARC_30)",
          "rhs_identifiers": [
            "DBL_TO_SI16",
            "RAD2DEG",
            "SMUTurnAgl",
            "SMU_LVDS_SEC_ARC_30",
            "sAlignToSmu"
          ]
        },
        {
          "line": 183,
          "lhs": "tmpSi16",
          "operator": "=",
          "rhs": "0",
          "rhs_identifiers": []
        },
        {
          "line": 186,
          "lhs": "data[21]",
          "operator": "=",
          "rhs": "UI16_HI8(tmpSi16)",
          "rhs_identifiers": [
            "UI16_HI8",
            "tmpSi16"
          ]
        },
        {
          "line": 187,
          "lhs": "data[22]",
          "operator": "=",
          "rhs": "UI16_LO8(tmpSi16)",
          "rhs_identifiers": [
            "UI16_LO8",
            "tmpSi16"
          ]
        },
        {
          "line": 195,
          "lhs": "data[23]",
          "operator": "=",
          "rhs": "(unint08)sWalkSendData.MFaultFlag",
          "rhs_identifiers": [
            "MFaultFlag",
            "sWalkSendData",
            "unint08"
          ]
        },
        {
          "line": 203,
          "lhs": "data[24]",
          "operator": "=",
          "rhs": "(unint08)sWalkSendData.MstopFlag",
          "rhs_identifiers": [
            "MstopFlag",
            "sWalkSendData",
            "unint08"
          ]
        },
        {
          "line": 211,
          "lhs": "tmpEven",
          "operator": "=",
          "rhs": "sFrameCduSend.cntDataItem14",
          "rhs_identifiers": [
            "cntDataItem14",
            "sFrameCduSend"
          ]
        },
        {
          "line": 215,
          "lhs": "tmpUn08",
          "operator": "=",
          "rhs": "0x01",
          "rhs_identifiers": []
        },
        {
          "line": 220,
          "lhs": "tmpUn08",
          "operator": "=",
          "rhs": "0x02",
          "rhs_identifiers": []
        },
        {
          "line": 222,
          "lhs": "data[33]",
          "operator": "=",
          "rhs": "tmpUn08",
          "rhs_identifiers": [
            "tmpUn08"
          ]
        },
        {
          "line": 230,
          "lhs": "sFrameCduSend.cntDataItem14",
          "operator": "--",
          "rhs": "",
          "rhs_identifiers": []
        },
        {
          "line": 238,
          "lhs": "data[34]",
          "operator": "=",
          "rhs": "(unint08)sWalkSendData.Haznum",
          "rhs_identifiers": [
            "Haznum",
            "sWalkSendData",
            "unint08"
          ]
        },
        {
          "line": 244,
          "lhs": "validLen",
          "operator": "=",
          "rhs": "SMU_LVDS_OBSTACLE_TOTAL_LEN - SMU_LVDS_OBSTACLE_FIRST_PK",
          "rhs_identifiers": [
            "SMU_LVDS_OBSTACLE_FIRST_PK",
            "SMU_LVDS_OBSTACLE_TOTAL_LEN"
          ]
        },
        {
          "line": 245,
          "lhs": "fillLen",
          "operator": "=",
          "rhs": "SMU_LVDS_OBSTACLE_FIRST_PK - validLen",
          "rhs_identifiers": [
            "SMU_LVDS_OBSTACLE_FIRST_PK",
            "validLen"
          ]
        }
      ],
      "conditions": [
        {
          "line": 34,
          "kind": "if",
          "expression": "(sWalkRecData.WIFIHshakeSig != 0xAA) && ((UI32_BIT_GET2(sAlignToSmu.SMUWIFIreleaseFlag, 0) == 0x02) || (UI32_BIT_GET2(sAlignToSmu.SMUWIFIreleaseFlag, 0) == 0x01)) && (sSmuLvdsCtrl.bRecvWifiShakeSig != TRUE32)",
          "identifiers": [
            "SMUWIFIreleaseFlag",
            "TRUE32",
            "UI32_BIT_GET2",
            "WIFIHshakeSig",
            "bRecvWifiShakeSig",
            "sAlignToSmu",
            "sSmuLvdsCtrl",
            "sWalkRecData"
          ]
        },
        {
          "line": 42,
          "kind": "if",
          "expression": "sWalkRecData.WIFIHshakeSig == 0xAA",
          "identifiers": [
            "WIFIHshakeSig",
            "sWalkRecData"
          ]
        },
        {
          "line": 54,
          "kind": "if",
          "expression": "sFrameCduSend.cntDataItem3 > 0",
          "identifiers": [
            "cntDataItem3",
            "sFrameCduSend"
          ]
        },
        {
          "line": 68,
          "kind": "if",
          "expression": "sFrameCduSend.cntDataItem4 > 0",
          "identifiers": [
            "cntDataItem4",
            "sFrameCduSend"
          ]
        },
        {
          "line": 80,
          "kind": "if",
          "expression": "sFrameCduSend.cntDataItem5 > 0",
          "identifiers": [
            "cntDataItem5",
            "sFrameCduSend"
          ]
        },
        {
          "line": 115,
          "kind": "if",
          "expression": "sWalkModeData.TaskNumber % 2 == 0",
          "identifiers": [
            "TaskNumber",
            "sWalkModeData"
          ]
        },
        {
          "line": 137,
          "kind": "if",
          "expression": "sFrameCduSend.cntDataItem8 > 0",
          "identifiers": [
            "cntDataItem8",
            "sFrameCduSend"
          ]
        },
        {
          "line": 152,
          "kind": "if",
          "expression": "sFrameCduSend.cntDataItem9 > 0",
          "identifiers": [
            "cntDataItem9",
            "sFrameCduSend"
          ]
        },
        {
          "line": 167,
          "kind": "if",
          "expression": "sFrameCduSend.cntDataItem10 > 0",
          "identifiers": [
            "cntDataItem10",
            "sFrameCduSend"
          ]
        },
        {
          "line": 212,
          "kind": "if",
          "expression": "(tmpEven & 0x01) == 0x00",
          "identifiers": [
            "tmpEven"
          ]
        },
        {
          "line": 227,
          "kind": "if",
          "expression": "sFrameCduSend.cntDataItem14 > 0",
          "identifiers": [
            "cntDataItem14",
            "sFrameCduSend"
          ]
        },
        {
          "line": 234,
          "kind": "if",
          "expression": "(tmpEven & 0x01) == 0x00",
          "identifiers": [
            "tmpEven"
          ]
        }
      ],
      "switch_cases": [],
      "field_accesses": [
        {
          "line": 27,
          "object": "sWalkSendData",
          "operator": ".",
          "field": "tiltAlarm",
          "access": "read",
          "name": "sWalkSendData.tiltAlarm"
        },
        {
          "line": 34,
          "object": "sWalkRecData",
          "operator": ".",
          "field": "WIFIHshakeSig",
          "access": "read",
          "name": "sWalkRecData.WIFIHshakeSig"
        },
        {
          "line": 35,
          "object": "sAlignToSmu",
          "operator": ".",
          "field": "SMUWIFIreleaseFlag",
          "access": "read",
          "name": "sAlignToSmu.SMUWIFIreleaseFlag"
        },
        {
          "line": 35,
          "object": "sAlignToSmu",
          "operator": ".",
          "field": "SMUWIFIreleaseFlag",
          "access": "read",
          "name": "sAlignToSmu.SMUWIFIreleaseFlag"
        },
        {
          "line": 36,
          "object": "sSmuLvdsCtrl",
          "operator": ".",
          "field": "bRecvWifiShakeSig",
          "access": "read",
          "name": "sSmuLvdsCtrl.bRecvWifiShakeSig"
        },
        {
          "line": 42,
          "object": "sWalkRecData",
          "operator": ".",
          "field": "WIFIHshakeSig",
          "access": "read",
          "name": "sWalkRecData.WIFIHshakeSig"
        },
        {
          "line": 45,
          "object": "sSmuLvdsCtrl",
          "operator": ".",
          "field": "bRecvWifiShakeSig",
          "access": "write",
          "name": "sSmuLvdsCtrl.bRecvWifiShakeSig"
        },
        {
          "line": 48,
          "object": "sAlignToSmu",
          "operator": ".",
          "field": "SMUWIFIreleaseFlag",
          "access": "read",
          "name": "sAlignToSmu.SMUWIFIreleaseFlag"
        },
        {
          "line": 54,
          "object": "sFrameCduSend",
          "operator": ".",
          "field": "cntDataItem3",
          "access": "read",
          "name": "sFrameCduSend.cntDataItem3"
        },
        {
          "line": 57,
          "object": "sFrameCduSend",
          "operator": ".",
          "field": "cntDataItem3",
          "access": "read_write",
          "name": "sFrameCduSend.cntDataItem3"
        },
        {
          "line": 60,
          "object": "sAlignToSmu",
          "operator": ".",
          "field": "SMUFWSafeIF",
          "access": "read",
          "name": "sAlignToSmu.SMUFWSafeIF"
        },
        {
          "line": 68,
          "object": "sFrameCduSend",
          "operator": ".",
          "field": "cntDataItem4",
          "access": "read",
          "name": "sFrameCduSend.cntDataItem4"
        },
        {
          "line": 71,
          "object": "sFrameCduSend",
          "operator": ".",
          "field": "cntDataItem4",
          "access": "read_write",
          "name": "sFrameCduSend.cntDataItem4"
        },
        {
          "line": 74,
          "object": "sAlignToSmu",
          "operator": ".",
          "field": "SMUPathPlanFlag",
          "access": "read",
          "name": "sAlignToSmu.SMUPathPlanFlag"
        },
        {
          "line": 80,
          "object": "sFrameCduSend",
          "operator": ".",
          "field": "cntDataItem5",
          "access": "read",
          "name": "sFrameCduSend.cntDataItem5"
        },
        {
          "line": 83,
          "object": "sFrameCduSend",
          "operator": ".",
          "field": "cntDataItem5",
          "access": "read_write",
          "name": "sFrameCduSend.cntDataItem5"
        },
        {
          "line": 86,
          "object": "sAlignToSmu",
          "operator": ".",
          "field": "SMUMoveNum",
          "access": "read",
          "name": "sAlignToSmu.SMUMoveNum"
        },
        {
          "line": 89,
          "object": "sWalkSendData",
          "operator": ".",
          "field": "MoveNum",
          "access": "read",
          "name": "sWalkSendData.MoveNum"
        },
        {
          "line": 89,
          "object": "sFrameCduSend",
          "operator": ".",
          "field": "cntDataItem5",
          "access": "read",
          "name": "sFrameCduSend.cntDataItem5"
        },
        {
          "line": 99,
          "object": "sWalkSendData",
          "operator": ".",
          "field": "r_fyq",
          "access": "read",
          "name": "sWalkSendData.r_fyq"
        },
        {
          "line": 103,
          "object": "sWalkSendData",
          "operator": ".",
          "field": "p_fyq",
          "access": "read",
          "name": "sWalkSendData.p_fyq"
        },
        {
          "line": 107,
          "object": "sWalkSendData",
          "operator": ".",
          "field": "y_fyq",
          "access": "read",
          "name": "sWalkSendData.y_fyq"
        },
        {
          "line": 115,
          "object": "sWalkModeData",
          "operator": ".",
          "field": "TaskNumber",
          "access": "read",
          "name": "sWalkModeData.TaskNumber"
        },
        {
          "line": 121,
          "object": "sWalkSendData",
          "operator": ".",
          "field": "xn",
          "access": "read",
          "name": "sWalkSendData.xn"
        },
        {
          "line": 125,
          "object": "sWalkSendData",
          "operator": ".",
          "field": "yn",
          "access": "read",
          "name": "sWalkSendData.yn"
        },
        {
          "line": 129,
          "object": "sWalkSendData",
          "operator": ".",
          "field": "zn",
          "access": "read",
          "name": "sWalkSendData.zn"
        },
        {
          "line": 137,
          "object": "sFrameCduSend",
          "operator": ".",
          "field": "cntDataItem8",
          "access": "read",
          "name": "sFrameCduSend.cntDataItem8"
        },
        {
          "line": 140,
          "object": "sFrameCduSend",
          "operator": ".",
          "field": "cntDataItem8",
          "access": "read_write",
          "name": "sFrameCduSend.cntDataItem8"
        },
        {
          "line": 144,
          "object": "sAlignToSmu",
          "operator": ".",
          "field": "SMUSlopeAgl1",
          "access": "read",
          "name": "sAlignToSmu.SMUSlopeAgl1"
        },
        {
          "line": 152,
          "object": "sFrameCduSend",
          "operator": ".",
          "field": "cntDataItem9",
          "access": "read",
          "name": "sFrameCduSend.cntDataItem9"
        },
        {
          "line": 155,
          "object": "sFrameCduSend",
          "operator": ".",
          "field": "cntDataItem9",
          "access": "read_write",
          "name": "sFrameCduSend.cntDataItem9"
        },
        {
          "line": 159,
          "object": "sAlignToSmu",
          "operator": ".",
          "field": "SMUSlopeAgl2",
          "access": "read",
          "name": "sAlignToSmu.SMUSlopeAgl2"
        },
        {
          "line": 167,
          "object": "sFrameCduSend",
          "operator": ".",
          "field": "cntDataItem10",
          "access": "read",
          "name": "sFrameCduSend.cntDataItem10"
        },
        {
          "line": 170,
          "object": "sFrameCduSend",
          "operator": ".",
          "field": "cntDataItem10",
          "access": "read_write",
          "name": "sFrameCduSend.cntDataItem10"
        },
        {
          "line": 174,
          "object": "sAlignToSmu",
          "operator": ".",
          "field": "SMUd",
          "access": "read",
          "name": "sAlignToSmu.SMUd"
        },
        {
          "line": 179,
          "object": "sAlignToSmu",
          "operator": ".",
          "field": "SMUTurnAgl",
          "access": "read",
          "name": "sAlignToSmu.SMUTurnAgl"
        },
        {
          "line": 195,
          "object": "sWalkSendData",
          "operator": ".",
          "field": "MFaultFlag",
          "access": "read",
          "name": "sWalkSendData.MFaultFlag"
        },
        {
          "line": 203,
          "object": "sWalkSendData",
          "operator": ".",
          "field": "MstopFlag",
          "access": "read",
          "name": "sWalkSendData.MstopFlag"
        },
        {
          "line": 211,
          "object": "sFrameCduSend",
          "operator": ".",
          "field": "cntDataItem14",
          "access": "read",
          "name": "sFrameCduSend.cntDataItem14"
        },
        {
          "line": 227,
          "object": "sFrameCduSend",
          "operator": ".",
          "field": "cntDataItem14",
          "access": "read",
          "name": "sFrameCduSend.cntDataItem14"
        },
        {
          "line": 230,
          "object": "sFrameCduSend",
          "operator": ".",
          "field": "cntDataItem14",
          "access": "read_write",
          "name": "sFrameCduSend.cntDataItem14"
        },
        {
          "line": 238,
          "object": "sWalkSendData",
          "operator": ".",
          "field": "Haznum",
          "access": "read",
          "name": "sWalkSendData.Haznum"
        },
        {
          "line": 239,
          "object": "sWalkSendData",
          "operator": ".",
          "field": "HazIfin",
          "access": "read",
          "name": "sWalkSendData.HazIfin"
        },
        {
          "line": 247,
          "object": "sWalkSendData",
          "operator": ".",
          "field": "HazIfin",
          "access": "read",
          "name": "sWalkSendData.HazIfin"
        }
      ],
      "returns": [
        {
          "line": 252,
          "expression": "",
          "identifiers": []
        }
      ],
      "macro_uses": [
        {
          "name": "DBL_TO_SI16",
          "line": 99,
          "known": false
        },
        {
          "name": "DBL_TO_SI16",
          "line": 103,
          "known": false
        },
        {
          "name": "DBL_TO_SI16",
          "line": 107,
          "known": false
        },
        {
          "name": "DBL_TO_SI16",
          "line": 121,
          "known": false
        },
        {
          "name": "DBL_TO_SI16",
          "line": 125,
          "known": false
        },
        {
          "name": "DBL_TO_SI16",
          "line": 129,
          "known": false
        },
        {
          "name": "DBL_TO_SI16",
          "line": 179,
          "known": false
        },
        {
          "name": "DBL_TO_UN16",
          "line": 144,
          "known": false
        },
        {
          "name": "DBL_TO_UN16",
          "line": 159,
          "known": false
        },
        {
          "name": "DBL_TO_UN16",
          "line": 174,
          "known": false
        },
        {
          "name": "DEBUG",
          "line": 88,
          "known": false
        },
        {
          "name": "DEBUG_SIMULATE_FLY",
          "line": 182,
          "known": false
        },
        {
          "name": "RAD2DEG",
          "line": 99,
          "known": false
        },
        {
          "name": "RAD2DEG",
          "line": 103,
          "known": false
        },
        {
          "name": "RAD2DEG",
          "line": 107,
          "known": false
        },
        {
          "name": "RAD2DEG",
          "line": 144,
          "known": false
        },
        {
          "name": "RAD2DEG",
          "line": 159,
          "known": false
        },
        {
          "name": "RAD2DEG",
          "line": 179,
          "known": false
        },
        {
          "name": "SMU_LVDS_OBSTACLE_FIRST_PK",
          "line": 239,
          "known": false
        },
        {
          "name": "SMU_LVDS_OBSTACLE_FIRST_PK",
          "line": 244,
          "known": false
        },
        {
          "name": "SMU_LVDS_OBSTACLE_FIRST_PK",
          "line": 245,
          "known": false
        },
        {
          "name": "SMU_LVDS_OBSTACLE_FIRST_PK",
          "line": 247,
          "known": false
        },
        {
          "name": "SMU_LVDS_OBSTACLE_TOTAL_LEN",
          "line": 244,
          "known": false
        },
        {
          "name": "SMU_LVDS_SEC_ARC_30",
          "line": 99,
          "known": false
        },
        {
          "name": "SMU_LVDS_SEC_ARC_30",
          "line": 103,
          "known": false
        },
        {
          "name": "SMU_LVDS_SEC_ARC_30",
          "line": 107,
          "known": false
        },
        {
          "name": "SMU_LVDS_SEC_ARC_30",
          "line": 144,
          "known": false
        },
        {
          "name": "SMU_LVDS_SEC_ARC_30",
          "line": 159,
          "known": false
        },
        {
          "name": "SMU_LVDS_SEC_ARC_30",
          "line": 179,
          "known": false
        },
        {
          "name": "TRUE32",
          "line": 36,
          "known": false
        },
        {
          "name": "TRUE32",
          "line": 45,
          "known": false
        },
        {
          "name": "UI08_BIT_SET",
          "line": 25,
          "known": false
        },
        {
          "name": "UI08_BIT_SET",
          "line": 38,
          "known": false
        },
        {
          "name": "UI08_BIT_SET",
          "line": 56,
          "known": false
        },
        {
          "name": "UI08_BIT_SET",
          "line": 70,
          "known": false
        },
        {
          "name": "UI08_BIT_SET",
          "line": 82,
          "known": false
        },
        {
          "name": "UI08_BIT_SET",
          "line": 96,
          "known": false
        },
        {
          "name": "UI08_BIT_SET",
          "line": 117,
          "known": false
        },
        {
          "name": "UI08_BIT_SET",
          "line": 139,
          "known": false
        },
        {
          "name": "UI08_BIT_SET",
          "line": 154,
          "known": false
        },
        {
          "name": "UI08_BIT_SET",
          "line": 169,
          "known": false
        },
        {
          "name": "UI08_BIT_SET",
          "line": 193,
          "known": false
        },
        {
          "name": "UI08_BIT_SET",
          "line": 201,
          "known": false
        },
        {
          "name": "UI08_BIT_SET",
          "line": 229,
          "known": false
        },
        {
          "name": "UI16_HI8",
          "line": 100,
          "known": false
        },
        {
          "name": "UI16_HI8",
          "line": 104,
          "known": false
        },
        {
          "name": "UI16_HI8",
          "line": 108,
          "known": false
        },
        {
          "name": "UI16_HI8",
          "line": 122,
          "known": false
        },
        {
          "name": "UI16_HI8",
          "line": 126,
          "known": false
        },
        {
          "name": "UI16_HI8",
          "line": 130,
          "known": false
        },
        {
          "name": "UI16_HI8",
          "line": 145,
          "known": false
        },
        {
          "name": "UI16_HI8",
          "line": 160,
          "known": false
        },
        {
          "name": "UI16_HI8",
          "line": 175,
          "known": false
        },
        {
          "name": "UI16_HI8",
          "line": 186,
          "known": false
        },
        {
          "name": "UI16_LO8",
          "line": 101,
          "known": false
        },
        {
          "name": "UI16_LO8",
          "line": 105,
          "known": false
        },
        {
          "name": "UI16_LO8",
          "line": 109,
          "known": false
        },
        {
          "name": "UI16_LO8",
          "line": 123,
          "known": false
        },
        {
          "name": "UI16_LO8",
          "line": 127,
          "known": false
        },
        {
          "name": "UI16_LO8",
          "line": 131,
          "known": false
        },
        {
          "name": "UI16_LO8",
          "line": 146,
          "known": false
        },
        {
          "name": "UI16_LO8",
          "line": 161,
          "known": false
        },
        {
          "name": "UI16_LO8",
          "line": 176,
          "known": false
        },
        {
          "name": "UI16_LO8",
          "line": 187,
          "known": false
        },
        {
          "name": "UI32_BIT_GET2",
          "line": 35,
          "known": false
        },
        {
          "name": "UI32_BIT_GET2",
          "line": 35,
          "known": false
        },
        {
          "name": "UI32_BIT_SET2",
          "line": 48,
          "known": false
        },
        {
          "name": "UI32_BIT_SET2",
          "line": 60,
          "known": false
        },
        {
          "name": "UI32_BIT_SET4",
          "line": 27,
          "known": false
        }
      ],
      "type_uses": [],
      "value_ranges": [
        {
          "symbol": "data",
          "range": "[0, 255]",
          "min": 0.0,
          "max": 255.0,
          "evidence": [
            "type unint08"
          ]
        },
        {
          "symbol": "dataValid01",
          "range": "[0, 255]",
          "min": 0.0,
          "max": 255.0,
          "evidence": [
            "type unint08",
            "literal@17"
          ]
        },
        {
          "symbol": "dataValid02",
          "range": "[0, 255]",
          "min": 0.0,
          "max": 255.0,
          "evidence": [
            "type unint08",
            "literal@18"
          ]
        },
        {
          "symbol": "data[33]",
          "range": "[0, 255]",
          "min": 0.0,
          "max": 255.0,
          "evidence": [
            "known-symbol@222"
          ]
        },
        {
          "symbol": "fillLen",
          "range": "[0, 4294967295]",
          "min": 0.0,
          "max": 4294967295.0,
          "evidence": [
            "decl unint32@9"
          ]
        },
        {
          "symbol": "sSmuLvdsCtrl.bRecvWifiShakeSig",
          "range": "[1, 4294967295]",
          "min": 1.0,
          "max": 4294967295.0,
          "evidence": [
            "macro TRUE32@45"
          ]
        },
        {
          "symbol": "tmpEven",
          "range": "[0, 4294967295]",
          "min": 0.0,
          "max": 4294967295.0,
          "evidence": [
            "decl unint32@10"
          ]
        },
        {
          "symbol": "tmpSi16",
          "range": "[-32768, 32767]",
          "min": -32768.0,
          "max": 32767.0,
          "evidence": [
            "decl siint16@12",
            "literal@183"
          ]
        },
        {
          "symbol": "tmpUn08",
          "range": "[0, 255]",
          "min": 0.0,
          "max": 255.0,
          "evidence": [
            "decl unint08@14",
            "literal@215",
            "literal@220"
          ]
        },
        {
          "symbol": "tmpUn16",
          "range": "[0, 65535]",
          "min": 0.0,
          "max": 65535.0,
          "evidence": [
            "decl unint16@13"
          ]
        },
        {
          "symbol": "tmpUn32",
          "range": "[0, 4294967295]",
          "min": 0.0,
          "max": 4294967295.0,
          "evidence": [
            "decl unint32@11",
            "literal@20"
          ]
        },
        {
          "symbol": "validLen",
          "range": "[0, 4294967295]",
          "min": 0.0,
          "max": 4294967295.0,
          "evidence": [
            "decl unint32@8"
          ]
        }
      ],
      "condition_ranges": [
        {
          "symbol": "sWalkRecData.WIFIHshakeSig",
          "range": "[170, 170]",
          "min": 170.0,
          "max": 170.0,
          "line": 42,
          "condition": "sWalkRecData.WIFIHshakeSig == 0xAA"
        },
        {
          "symbol": "sFrameCduSend.cntDataItem3",
          "range": "[1, 1.79769e+308]",
          "min": 1.0,
          "max": 1.7976931348623157e+308,
          "line": 54,
          "condition": "sFrameCduSend.cntDataItem3 > 0"
        },
        {
          "symbol": "sFrameCduSend.cntDataItem4",
          "range": "[1, 1.79769e+308]",
          "min": 1.0,
          "max": 1.7976931348623157e+308,
          "line": 68,
          "condition": "sFrameCduSend.cntDataItem4 > 0"
        },
        {
          "symbol": "sFrameCduSend.cntDataItem5",
          "range": "[1, 1.79769e+308]",
          "min": 1.0,
          "max": 1.7976931348623157e+308,
          "line": 80,
          "condition": "sFrameCduSend.cntDataItem5 > 0"
        },
        {
          "symbol": "sFrameCduSend.cntDataItem8",
          "range": "[1, 1.79769e+308]",
          "min": 1.0,
          "max": 1.7976931348623157e+308,
          "line": 137,
          "condition": "sFrameCduSend.cntDataItem8 > 0"
        },
        {
          "symbol": "sFrameCduSend.cntDataItem9",
          "range": "[1, 1.79769e+308]",
          "min": 1.0,
          "max": 1.7976931348623157e+308,
          "line": 152,
          "condition": "sFrameCduSend.cntDataItem9 > 0"
        },
        {
          "symbol": "sFrameCduSend.cntDataItem10",
          "range": "[1, 1.79769e+308]",
          "min": 1.0,
          "max": 1.7976931348623157e+308,
          "line": 167,
          "condition": "sFrameCduSend.cntDataItem10 > 0"
        },
        {
          "symbol": "sFrameCduSend.cntDataItem14",
          "range": "[1, 1.79769e+308]",
          "min": 1.0,
          "max": 1.7976931348623157e+308,
          "line": 227,
          "condition": "sFrameCduSend.cntDataItem14 > 0"
        }
      ],
      "reads": [
        "DBL_TO_SI16",
        "DBL_TO_UN16",
        "Haznum",
        "MFaultFlag",
        "MstopFlag",
        "RAD2DEG",
        "SMUMoveNum",
        "SMUPathPlanFlag",
        "SMUSlopeAgl1",
        "SMUSlopeAgl2",
        "SMUTurnAgl",
        "SMUWIFIreleaseFlag",
        "SMU_LVDS_OBSTACLE_FIRST_PK",
        "SMU_LVDS_OBSTACLE_TOTAL_LEN",
        "SMU_LVDS_SEC_ARC_30",
        "SMUd",
        "TRUE32",
        "TaskNumber",
        "UI16_HI8",
        "UI16_LO8",
        "UI32_BIT_GET2",
        "WIFIHshakeSig",
        "bRecvWifiShakeSig",
        "cntDataItem10",
        "cntDataItem14",
        "cntDataItem3",
        "cntDataItem4",
        "cntDataItem5",
        "cntDataItem8",
        "cntDataItem9",
        "p_fyq",
        "r_fyq",
        "sAlignToSmu",
        "sFrameCduSend",
        "sSmuLvdsCtrl",
        "sWalkModeData",
        "sWalkRecData",
        "sWalkSendData",
        "unint08",
        "xn",
        "y_fyq",
        "yn",
        "zn"
      ],
      "writes": [
        "data",
        "dataValid01",
        "dataValid02",
        "fillLen",
        "sFrameCduSend",
        "sSmuLvdsCtrl",
        "tmpEven",
        "tmpSi16",
        "tmpUn08",
        "tmpUn16",
        "tmpUn32",
        "validLen"
      ],
      "global_reads": [],
      "global_writes": [],
      "input_fields": [
        "sAlignToSmu.SMUFWSafeIF",
        "sAlignToSmu.SMUMoveNum",
        "sAlignToSmu.SMUPathPlanFlag",
        "sAlignToSmu.SMUSlopeAgl1",
        "sAlignToSmu.SMUSlopeAgl2",
        "sAlignToSmu.SMUTurnAgl",
        "sAlignToSmu.SMUWIFIreleaseFlag",
        "sAlignToSmu.SMUd",
        "sFrameCduSend.cntDataItem10",
        "sFrameCduSend.cntDataItem14",
        "sFrameCduSend.cntDataItem3",
        "sFrameCduSend.cntDataItem4",
        "sFrameCduSend.cntDataItem5",
        "sFrameCduSend.cntDataItem8",
        "sFrameCduSend.cntDataItem9",
        "sSmuLvdsCtrl.bRecvWifiShakeSig",
        "sWalkModeData.TaskNumber",
        "sWalkRecData.WIFIHshakeSig",
        "sWalkSendData.HazIfin",
        "sWalkSendData.Haznum",
        "sWalkSendData.MFaultFlag",
        "sWalkSendData.MoveNum",
        "sWalkSendData.MstopFlag",
        "sWalkSendData.p_fyq",
        "sWalkSendData.r_fyq",
        "sWalkSendData.tiltAlarm",
        "sWalkSendData.xn",
        "sWalkSendData.y_fyq",
        "sWalkSendData.yn",
        "sWalkSendData.zn"
      ],
      "output_fields": [
        "sFrameCduSend.cntDataItem10",
        "sFrameCduSend.cntDataItem14",
        "sFrameCduSend.cntDataItem3",
        "sFrameCduSend.cntDataItem4",
        "sFrameCduSend.cntDataItem5",
        "sFrameCduSend.cntDataItem8",
        "sFrameCduSend.cntDataItem9",
        "sSmuLvdsCtrl.bRecvWifiShakeSig"
      ],
      "undefined_calls": [
        "DBL_TO_SI16",
        "DBL_TO_UN16",
        "Memcpyx",
        "Memsetx",
        "UI08_BIT_SET",
        "UI16_HI8",
        "UI16_LO8",
        "UI32_BIT_GET2",
        "UI32_BIT_SET2",
        "UI32_BIT_SET4",
        "print2"
      ],
      "invariants": [
        {
          "kind": "value_range",
          "text": "data in [0, 255]",
          "confidence": "medium",
          "evidence": "type unint08",
          "symbol": "data",
          "min": 0.0,
          "max": 255.0
        },
        {
          "kind": "value_range",
          "text": "dataValid01 in [0, 255]",
          "confidence": "medium",
          "evidence": "type unint08; literal@17",
          "symbol": "dataValid01",
          "min": 0.0,
          "max": 255.0
        },
        {
          "kind": "value_range",
          "text": "dataValid02 in [0, 255]",
          "confidence": "medium",
          "evidence": "type unint08; literal@18",
          "symbol": "dataValid02",
          "min": 0.0,
          "max": 255.0
        },
        {
          "kind": "value_range",
          "text": "data[33] in [0, 255]",
          "confidence": "medium",
          "evidence": "known-symbol@222",
          "symbol": "data[33]",
          "min": 0.0,
          "max": 255.0
        },
        {
          "kind": "value_range",
          "text": "fillLen in [0, 4294967295]",
          "confidence": "medium",
          "evidence": "decl unint32@9",
          "symbol": "fillLen",
          "min": 0.0,
          "max": 4294967295.0
        },
        {
          "kind": "value_range",
          "text": "sSmuLvdsCtrl.bRecvWifiShakeSig in [1, 4294967295]",
          "confidence": "medium",
          "evidence": "macro TRUE32@45",
          "symbol": "sSmuLvdsCtrl.bRecvWifiShakeSig",
          "min": 1.0,
          "max": 4294967295.0
        },
        {
          "kind": "value_range",
          "text": "tmpEven in [0, 4294967295]",
          "confidence": "medium",
          "evidence": "decl unint32@10",
          "symbol": "tmpEven",
          "min": 0.0,
          "max": 4294967295.0
        },
        {
          "kind": "value_range",
          "text": "tmpSi16 in [-32768, 32767]",
          "confidence": "medium",
          "evidence": "decl siint16@12; literal@183",
          "symbol": "tmpSi16",
          "min": -32768.0,
          "max": 32767.0
        },
        {
          "kind": "value_range",
          "text": "tmpUn08 in [0, 255]",
          "confidence": "medium",
          "evidence": "decl unint08@14; literal@215; literal@220",
          "symbol": "tmpUn08",
          "min": 0.0,
          "max": 255.0
        },
        {
          "kind": "value_range",
          "text": "tmpUn16 in [0, 65535]",
          "confidence": "medium",
          "evidence": "decl unint16@13",
          "symbol": "tmpUn16",
          "min": 0.0,
          "max": 65535.0
        },
        {
          "kind": "value_range",
          "text": "tmpUn32 in [0, 4294967295]",
          "confidence": "medium",
          "evidence": "decl unint32@11; literal@20",
          "symbol": "tmpUn32",
          "min": 0.0,
          "max": 4294967295.0
        },
        {
          "kind": "value_range",
          "text": "validLen in [0, 4294967295]",
          "confidence": "medium",
          "evidence": "decl unint32@8",
          "symbol": "validLen",
          "min": 0.0,
          "max": 4294967295.0
        },
        {
          "kind": "condition_range",
          "text": "sWalkRecData.WIFIHshakeSig in [170, 170] when sWalkRecData.WIFIHshakeSig == 0xAA",
          "confidence": "high",
          "line": 42,
          "evidence": "sWalkRecData.WIFIHshakeSig == 0xAA",
          "symbol": "sWalkRecData.WIFIHshakeSig",
          "min": 170.0,
          "max": 170.0
        },
        {
          "kind": "condition_range",
          "text": "sFrameCduSend.cntDataItem3 in [1, 1.79769e+308] when sFrameCduSend.cntDataItem3 > 0",
          "confidence": "high",
          "line": 54,
          "evidence": "sFrameCduSend.cntDataItem3 > 0",
          "symbol": "sFrameCduSend.cntDataItem3",
          "min": 1.0,
          "max": 1.7976931348623157e+308
        },
        {
          "kind": "condition_range",
          "text": "sFrameCduSend.cntDataItem4 in [1, 1.79769e+308] when sFrameCduSend.cntDataItem4 > 0",
          "confidence": "high",
          "line": 68,
          "evidence": "sFrameCduSend.cntDataItem4 > 0",
          "symbol": "sFrameCduSend.cntDataItem4",
          "min": 1.0,
          "max": 1.7976931348623157e+308
        },
        {
          "kind": "condition_range",
          "text": "sFrameCduSend.cntDataItem5 in [1, 1.79769e+308] when sFrameCduSend.cntDataItem5 > 0",
          "confidence": "high",
          "line": 80,
          "evidence": "sFrameCduSend.cntDataItem5 > 0",
          "symbol": "sFrameCduSend.cntDataItem5",
          "min": 1.0,
          "max": 1.7976931348623157e+308
        },
        {
          "kind": "condition_range",
          "text": "sFrameCduSend.cntDataItem8 in [1, 1.79769e+308] when sFrameCduSend.cntDataItem8 > 0",
          "confidence": "high",
          "line": 137,
          "evidence": "sFrameCduSend.cntDataItem8 > 0",
          "symbol": "sFrameCduSend.cntDataItem8",
          "min": 1.0,
          "max": 1.7976931348623157e+308
        },
        {
          "kind": "condition_range",
          "text": "sFrameCduSend.cntDataItem9 in [1, 1.79769e+308] when sFrameCduSend.cntDataItem9 > 0",
          "confidence": "high",
          "line": 152,
          "evidence": "sFrameCduSend.cntDataItem9 > 0",
          "symbol": "sFrameCduSend.cntDataItem9",
          "min": 1.0,
          "max": 1.7976931348623157e+308
        },
        {
          "kind": "condition_range",
          "text": "sFrameCduSend.cntDataItem10 in [1, 1.79769e+308] when sFrameCduSend.cntDataItem10 > 0",
          "confidence": "high",
          "line": 167,
          "evidence": "sFrameCduSend.cntDataItem10 > 0",
          "symbol": "sFrameCduSend.cntDataItem10",
          "min": 1.0,
          "max": 1.7976931348623157e+308
        },
        {
          "kind": "condition_range",
          "text": "sFrameCduSend.cntDataItem14 in [1, 1.79769e+308] when sFrameCduSend.cntDataItem14 > 0",
          "confidence": "high",
          "line": 227,
          "evidence": "sFrameCduSend.cntDataItem14 > 0",
          "symbol": "sFrameCduSend.cntDataItem14",
          "min": 1.0,
          "max": 1.7976931348623157e+308
        },
        {
          "kind": "branch_condition",
          "text": "inside if branch: (sWalkRecData.WIFIHshakeSig != 0xAA) && ((UI32_BIT_GET2(sAlignToSmu.SMUWIFIreleaseFlag, 0) == 0x02) || (UI32_BIT_GET2(sAlignToSmu.SMUWIFIreleaseFlag, 0) == 0x01)) && (sSmuLvdsCtrl.bRecvWifiShakeSig != TRUE32)",
          "confidence": "high",
          "line": 34,
          "evidence": "(sWalkRecData.WIFIHshakeSig != 0xAA) && ((UI32_BIT_GET2(sAlignToSmu.SMUWIFIreleaseFlag, 0) == 0x02) || (UI32_BIT_GET2(sAlignToSmu.SMUWIFIreleaseFlag, 0) == 0x01)) && (sSmuLvdsCtrl.bRecvWifiShakeSig != TRUE32)",
          "identifiers": [
            "SMUWIFIreleaseFlag",
            "TRUE32",
            "UI32_BIT_GET2",
            "WIFIHshakeSig",
            "bRecvWifiShakeSig",
            "sAlignToSmu",
            "sSmuLvdsCtrl",
            "sWalkRecData"
          ]
        },
        {
          "kind": "branch_condition",
          "text": "inside if branch: sWalkRecData.WIFIHshakeSig == 0xAA",
          "confidence": "high",
          "line": 42,
          "evidence": "sWalkRecData.WIFIHshakeSig == 0xAA",
          "identifiers": [
            "WIFIHshakeSig",
            "sWalkRecData"
          ]
        },
        {
          "kind": "branch_condition",
          "text": "inside if branch: sFrameCduSend.cntDataItem3 > 0",
          "confidence": "high",
          "line": 54,
          "evidence": "sFrameCduSend.cntDataItem3 > 0",
          "identifiers": [
            "cntDataItem3",
            "sFrameCduSend"
          ]
        },
        {
          "kind": "branch_condition",
          "text": "inside if branch: sFrameCduSend.cntDataItem4 > 0",
          "confidence": "high",
          "line": 68,
          "evidence": "sFrameCduSend.cntDataItem4 > 0",
          "identifiers": [
            "cntDataItem4",
            "sFrameCduSend"
          ]
        },
        {
          "kind": "branch_condition",
          "text": "inside if branch: sFrameCduSend.cntDataItem5 > 0",
          "confidence": "high",
          "line": 80,
          "evidence": "sFrameCduSend.cntDataItem5 > 0",
          "identifiers": [
            "cntDataItem5",
            "sFrameCduSend"
          ]
        },
        {
          "kind": "branch_condition",
          "text": "inside if branch: sWalkModeData.TaskNumber % 2 == 0",
          "confidence": "high",
          "line": 115,
          "evidence": "sWalkModeData.TaskNumber % 2 == 0",
          "identifiers": [
            "TaskNumber",
            "sWalkModeData"
          ]
        },
        {
          "kind": "branch_condition",
          "text": "inside if branch: sFrameCduSend.cntDataItem8 > 0",
          "confidence": "high",
          "line": 137,
          "evidence": "sFrameCduSend.cntDataItem8 > 0",
          "identifiers": [
            "cntDataItem8",
            "sFrameCduSend"
          ]
        },
        {
          "kind": "branch_condition",
          "text": "inside if branch: sFrameCduSend.cntDataItem9 > 0",
          "confidence": "high",
          "line": 152,
          "evidence": "sFrameCduSend.cntDataItem9 > 0",
          "identifiers": [
            "cntDataItem9",
            "sFrameCduSend"
          ]
        },
        {
          "kind": "branch_condition",
          "text": "inside if branch: sFrameCduSend.cntDataItem10 > 0",
          "confidence": "high",
          "line": 167,
          "evidence": "sFrameCduSend.cntDataItem10 > 0",
          "identifiers": [
            "cntDataItem10",
            "sFrameCduSend"
          ]
        },
        {
          "kind": "branch_condition",
          "text": "inside if branch: (tmpEven & 0x01) == 0x00",
          "confidence": "high",
          "line": 212,
          "evidence": "(tmpEven & 0x01) == 0x00",
          "identifiers": [
            "tmpEven"
          ]
        },
        {
          "kind": "branch_condition",
          "text": "inside if branch: sFrameCduSend.cntDataItem14 > 0",
          "confidence": "high",
          "line": 227,
          "evidence": "sFrameCduSend.cntDataItem14 > 0",
          "identifiers": [
            "cntDataItem14",
            "sFrameCduSend"
          ]
        },
        {
          "kind": "branch_condition",
          "text": "inside if branch: (tmpEven & 0x01) == 0x00",
          "confidence": "high",
          "line": 234,
          "evidence": "(tmpEven & 0x01) == 0x00",
          "identifiers": [
            "tmpEven"
          ]
        },
        {
          "kind": "assignment_value",
          "text": "dataValid01 may be assigned 0x00",
          "confidence": "high",
          "line": 17,
          "evidence": "dataValid01 = 0x00",
          "symbol": "dataValid01",
          "value": "0x00"
        },
        {
          "kind": "reset",
          "text": "dataValid01 is reset to 0",
          "confidence": "high",
          "line": 17,
          "evidence": "dataValid01 = 0x00",
          "symbol": "dataValid01"
        },
        {
          "kind": "assignment_value",
          "text": "dataValid02 may be assigned 0x00",
          "confidence": "high",
          "line": 18,
          "evidence": "dataValid02 = 0x00",
          "symbol": "dataValid02",
          "value": "0x00"
        },
        {
          "kind": "reset",
          "text": "dataValid02 is reset to 0",
          "confidence": "high",
          "line": 18,
          "evidence": "dataValid02 = 0x00",
          "symbol": "dataValid02"
        },
        {
          "kind": "assignment_value",
          "text": "tmpUn32 may be assigned 0x00",
          "confidence": "high",
          "line": 20,
          "evidence": "tmpUn32 = 0x00",
          "symbol": "tmpUn32",
          "value": "0x00"
        },
        {
          "kind": "reset",
          "text": "tmpUn32 is reset to 0",
          "confidence": "high",
          "line": 20,
          "evidence": "tmpUn32 = 0x00",
          "symbol": "tmpUn32"
        },
        {
          "kind": "assignment_value",
          "text": "sSmuLvdsCtrl.bRecvWifiShakeSig may be assigned TRUE32",
          "confidence": "high",
          "line": 45,
          "evidence": "sSmuLvdsCtrl.bRecvWifiShakeSig = TRUE32",
          "symbol": "sSmuLvdsCtrl.bRecvWifiShakeSig",
          "value": "TRUE32"
        },
        {
          "kind": "counter_update",
          "text": "sFrameCduSend.cntDataItem3 is nonincreasing at this update",
          "confidence": "medium",
          "line": 57,
          "evidence": "sFrameCduSend.cntDataItem3 --",
          "symbol": "sFrameCduSend.cntDataItem3",
          "direction": "nonincreasing"
        },
        {
          "kind": "counter_update",
          "text": "sFrameCduSend.cntDataItem4 is nonincreasing at this update",
          "confidence": "medium",
          "line": 71,
          "evidence": "sFrameCduSend.cntDataItem4 --",
          "symbol": "sFrameCduSend.cntDataItem4",
          "direction": "nonincreasing"
        },
        {
          "kind": "counter_update",
          "text": "sFrameCduSend.cntDataItem5 is nonincreasing at this update",
          "confidence": "medium",
          "line": 83,
          "evidence": "sFrameCduSend.cntDataItem5 --",
          "symbol": "sFrameCduSend.cntDataItem5",
          "direction": "nonincreasing"
        },
        {
          "kind": "counter_update",
          "text": "sFrameCduSend.cntDataItem8 is nonincreasing at this update",
          "confidence": "medium",
          "line": 140,
          "evidence": "sFrameCduSend.cntDataItem8 --",
          "symbol": "sFrameCduSend.cntDataItem8",
          "direction": "nonincreasing"
        },
        {
          "kind": "counter_update",
          "text": "sFrameCduSend.cntDataItem9 is nonincreasing at this update",
          "confidence": "medium",
          "line": 155,
          "evidence": "sFrameCduSend.cntDataItem9 --",
          "symbol": "sFrameCduSend.cntDataItem9",
          "direction": "nonincreasing"
        },
        {
          "kind": "counter_update",
          "text": "sFrameCduSend.cntDataItem10 is nonincreasing at this update",
          "confidence": "medium",
          "line": 170,
          "evidence": "sFrameCduSend.cntDataItem10 --",
          "symbol": "sFrameCduSend.cntDataItem10",
          "direction": "nonincreasing"
        },
        {
          "kind": "assignment_value",
          "text": "tmpSi16 may be assigned 0",
          "confidence": "high",
          "line": 183,
          "evidence": "tmpSi16 = 0",
          "symbol": "tmpSi16",
          "value": "0"
        },
        {
          "kind": "reset",
          "text": "tmpSi16 is reset to 0",
          "confidence": "high",
          "line": 183,
          "evidence": "tmpSi16 = 0",
          "symbol": "tmpSi16"
        },
        {
          "kind": "assignment_value",
          "text": "tmpUn08 may be assigned 0x01",
          "confidence": "high",
          "line": 215,
          "evidence": "tmpUn08 = 0x01",
          "symbol": "tmpUn08",
          "value": "0x01"
        },
        {
          "kind": "assignment_value",
          "text": "tmpUn08 may be assigned 0x02",
          "confidence": "high",
          "line": 220,
          "evidence": "tmpUn08 = 0x02",
          "symbol": "tmpUn08",
          "value": "0x02"
        },
        {
          "kind": "counter_update",
          "text": "sFrameCduSend.cntDataItem14 is nonincreasing at this update",
          "confidence": "medium",
          "line": 230,
          "evidence": "sFrameCduSend.cntDataItem14 --",
          "symbol": "sFrameCduSend.cntDataItem14",
          "direction": "nonincreasing"
        },
        {
          "kind": "assigned_value_set",
          "text": "tmpUn08 assigned values are subset of {0x01, 0x02}",
          "confidence": "medium",
          "evidence": "literal/macro assignments",
          "symbol": "tmpUn08",
          "values": [
            "0x01",
            "0x02"
          ]
        },
        {
          "kind": "state_value_set",
          "text": "sSmuLvdsCtrl.bRecvWifiShakeSig observed states subset of {TRUE32}",
          "confidence": "medium",
          "evidence": "state assignments/tests",
          "symbol": "sSmuLvdsCtrl.bRecvWifiShakeSig",
          "values": [
            "TRUE32"
          ]
        },
        {
          "kind": "modifies_fields",
          "text": "function may modify fields: sFrameCduSend.cntDataItem10, sFrameCduSend.cntDataItem14, sFrameCduSend.cntDataItem3, sFrameCduSend.cntDataItem4, sFrameCduSend.cntDataItem5, sFrameCduSend.cntDataItem8, sFrameCduSend.cntDataItem9, sSmuLvdsCtrl.bRecvWifiShakeSig",
          "confidence": "high",
          "evidence": "field writes",
          "fields": [
            "sFrameCduSend.cntDataItem10",
            "sFrameCduSend.cntDataItem14",
            "sFrameCduSend.cntDataItem3",
            "sFrameCduSend.cntDataItem4",
            "sFrameCduSend.cntDataItem5",
            "sFrameCduSend.cntDataItem8",
            "sFrameCduSend.cntDataItem9",
            "sSmuLvdsCtrl.bRecvWifiShakeSig"
          ]
        },
        {
          "kind": "reads_fields",
          "text": "function may read fields: sAlignToSmu.SMUFWSafeIF, sAlignToSmu.SMUMoveNum, sAlignToSmu.SMUPathPlanFlag, sAlignToSmu.SMUSlopeAgl1, sAlignToSmu.SMUSlopeAgl2, sAlignToSmu.SMUTurnAgl, sAlignToSmu.SMUWIFIreleaseFlag, sAlignToSmu.SMUd, sFrameCduSend.cntDataItem10, sFrameCduSend.cntDataItem14, sFrameCduSend.cntDataItem3, sFrameCduSend.cntDataItem4, sFrameCduSend.cntDataItem5, sFrameCduSend.cntDataItem8, sFrameCduSend.cntDataItem9, sSmuLvdsCtrl.bRecvWifiShakeSig, sWalkModeData.TaskNumber, sWalkRecData.WIFIHshakeSig, sWalkSendData.HazIfin, sWalkSendData.Haznum, sWalkSendData.MFaultFlag, sWalkSendData.MoveNum, sWalkSendData.MstopFlag, sWalkSendData.p_fyq, sWalkSendData.r_fyq, sWalkSendData.tiltAlarm, sWalkSendData.xn, sWalkSendData.y_fyq, sWalkSendData.yn, sWalkSendData.zn",
          "confidence": "high",
          "evidence": "field reads",
          "fields": [
            "sAlignToSmu.SMUFWSafeIF",
            "sAlignToSmu.SMUMoveNum",
            "sAlignToSmu.SMUPathPlanFlag",
            "sAlignToSmu.SMUSlopeAgl1",
            "sAlignToSmu.SMUSlopeAgl2",
            "sAlignToSmu.SMUTurnAgl",
            "sAlignToSmu.SMUWIFIreleaseFlag",
            "sAlignToSmu.SMUd",
            "sFrameCduSend.cntDataItem10",
            "sFrameCduSend.cntDataItem14",
            "sFrameCduSend.cntDataItem3",
            "sFrameCduSend.cntDataItem4",
            "sFrameCduSend.cntDataItem5",
            "sFrameCduSend.cntDataItem8",
            "sFrameCduSend.cntDataItem9",
            "sSmuLvdsCtrl.bRecvWifiShakeSig",
            "sWalkModeData.TaskNumber",
            "sWalkRecData.WIFIHshakeSig",
            "sWalkSendData.HazIfin",
            "sWalkSendData.Haznum",
            "sWalkSendData.MFaultFlag",
            "sWalkSendData.MoveNum",
            "sWalkSendData.MstopFlag",
            "sWalkSendData.p_fyq",
            "sWalkSendData.r_fyq",
            "sWalkSendData.tiltAlarm",
            "sWalkSendData.xn",
            "sWalkSendData.y_fyq",
            "sWalkSendData.yn",
            "sWalkSendData.zn"
          ]
        },
        {
          "kind": "modifies_symbols",
          "text": "function may assign symbols: dataValid01, dataValid02, data[0], data[10], data[11], data[12], data[13], data[14], data[15], data[16], data[17], data[18], data[19], data[1], data[20], data[21], data[22], data[23], data[24], data[2], data[33], data[34], data[3], data[4], data[5], data[6], data[7], data[8], data[9 ], fillLen, sFrameCduSend.cntDataItem10, sFrameCduSend.cntDataItem14, sFrameCduSend.cntDataItem3, sFrameCduSend.cntDataItem4, sFrameCduSend.cntDataItem5, sFrameCduSend.cntDataItem8, sFrameCduSend.cntDataItem9, sSmuLvdsCtrl.bRecvWifiShakeSig, tmpEven, tmpSi16, tmpUn08, tmpUn16, tmpUn32, validLen",
          "confidence": "medium",
          "evidence": "assignments",
          "symbols": [
            "dataValid01",
            "dataValid02",
            "data[0]",
            "data[10]",
            "data[11]",
            "data[12]",
            "data[13]",
            "data[14]",
            "data[15]",
            "data[16]",
            "data[17]",
            "data[18]",
            "data[19]",
            "data[1]",
            "data[20]",
            "data[21]",
            "data[22]",
            "data[23]",
            "data[24]",
            "data[2]",
            "data[33]",
            "data[34]",
            "data[3]",
            "data[4]",
            "data[5]",
            "data[6]",
            "data[7]",
            "data[8]",
            "data[9 ]",
            "fillLen",
            "sFrameCduSend.cntDataItem10",
            "sFrameCduSend.cntDataItem14",
            "sFrameCduSend.cntDataItem3",
            "sFrameCduSend.cntDataItem4",
            "sFrameCduSend.cntDataItem5",
            "sFrameCduSend.cntDataItem8",
            "sFrameCduSend.cntDataItem9",
            "sSmuLvdsCtrl.bRecvWifiShakeSig",
            "tmpEven",
            "tmpSi16",
            "tmpUn08",
            "tmpUn16",
            "tmpUn32",
            "validLen"
          ]
        }
      ],
      "summary": {
        "requires_observed": [
          "inside if branch: (sWalkRecData.WIFIHshakeSig != 0xAA) && ((UI32_BIT_GET2(sAlignToSmu.SMUWIFIreleaseFlag, 0) == 0x02) || (UI32_BIT_GET2(sAlignToSmu.SMUWIFIreleaseFlag, 0) == 0x01)) && (sSmuLvdsCtrl.bRecvWifiShakeSig != TRUE32)",
          "inside if branch: sWalkRecData.WIFIHshakeSig == 0xAA",
          "inside if branch: sFrameCduSend.cntDataItem3 > 0",
          "inside if branch: sFrameCduSend.cntDataItem4 > 0",
          "inside if branch: sFrameCduSend.cntDataItem5 > 0",
          "inside if branch: sWalkModeData.TaskNumber % 2 == 0",
          "inside if branch: sFrameCduSend.cntDataItem8 > 0",
          "inside if branch: sFrameCduSend.cntDataItem9 > 0",
          "inside if branch: sFrameCduSend.cntDataItem10 > 0",
          "inside if branch: (tmpEven & 0x01) == 0x00",
          "inside if branch: sFrameCduSend.cntDataItem14 > 0",
          "inside if branch: (tmpEven & 0x01) == 0x00"
        ],
        "modifies": [
          "sFrameCduSend.cntDataItem10",
          "sFrameCduSend.cntDataItem14",
          "sFrameCduSend.cntDataItem3",
          "sFrameCduSend.cntDataItem4",
          "sFrameCduSend.cntDataItem5",
          "sFrameCduSend.cntDataItem8",
          "sFrameCduSend.cntDataItem9",
          "sSmuLvdsCtrl.bRecvWifiShakeSig"
        ],
        "ensures_observed": [
          "data in [0, 255]",
          "dataValid01 in [0, 255]",
          "dataValid02 in [0, 255]",
          "data[33] in [0, 255]",
          "fillLen in [0, 4294967295]",
          "sSmuLvdsCtrl.bRecvWifiShakeSig in [1, 4294967295]",
          "tmpEven in [0, 4294967295]",
          "tmpSi16 in [-32768, 32767]",
          "tmpUn08 in [0, 255]",
          "tmpUn16 in [0, 65535]",
          "tmpUn32 in [0, 4294967295]",
          "validLen in [0, 4294967295]",
          "dataValid01 is reset to 0",
          "dataValid02 is reset to 0",
          "tmpUn32 is reset to 0",
          "tmpSi16 is reset to 0",
          "tmpUn08 assigned values are subset of {0x01, 0x02}",
          "sSmuLvdsCtrl.bRecvWifiShakeSig observed states subset of {TRUE32}"
        ],
        "calls": [
          "UI08_BIT_SET",
          "UI32_BIT_SET4",
          "UI32_BIT_GET2",
          "UI32_BIT_GET2",
          "UI08_BIT_SET",
          "UI32_BIT_SET2",
          "UI08_BIT_SET",
          "UI32_BIT_SET2",
          "UI08_BIT_SET",
          "UI08_BIT_SET",
          "print2",
          "UI08_BIT_SET",
          "DBL_TO_SI16",
          "UI16_HI8",
          "UI16_LO8",
          "DBL_TO_SI16",
          "UI16_HI8",
          "UI16_LO8",
          "DBL_TO_SI16",
          "UI16_HI8",
          "UI16_LO8",
          "UI08_BIT_SET",
          "DBL_TO_SI16",
          "UI16_HI8",
          "UI16_LO8",
          "DBL_TO_SI16",
          "UI16_HI8",
          "UI16_LO8",
          "DBL_TO_SI16",
          "UI16_HI8",
          "UI16_LO8",
          "UI08_BIT_SET",
          "DBL_TO_UN16",
          "UI16_HI8",
          "UI16_LO8",
          "UI08_BIT_SET",
          "DBL_TO_UN16",
          "UI16_HI8",
          "UI16_LO8",
          "UI08_BIT_SET",
          "DBL_TO_UN16",
          "UI16_HI8",
          "UI16_LO8",
          "DBL_TO_SI16",
          "UI16_HI8",
          "UI16_LO8",
          "UI08_BIT_SET",
          "UI08_BIT_SET",
          "Memsetx",
          "UI08_BIT_SET",
          "Memcpyx",
          "Memcpyx",
          "Memsetx"
        ],
        "undefined_calls": [
          "DBL_TO_SI16",
          "DBL_TO_UN16",
          "Memcpyx",
          "Memsetx",
          "UI08_BIT_SET",
          "UI16_HI8",
          "UI16_LO8",
          "UI32_BIT_GET2",
          "UI32_BIT_SET2",
          "UI32_BIT_SET4",
          "print2"
        ]
      }
    }
  ],
  "relations": {
    "call_graph": [
      {
        "caller": "CduToSmuFrameDataPack",
        "callee": "UI08_BIT_SET",
        "file": "/home/hp/文档/output/CE7-FYQ-src_flat_out/CduToSmuFrameDataPack/IP_CduToSmuFrameDataPack.c",
        "line": 25,
        "kind": "function",
        "resolved": false
      },
      {
        "caller": "CduToSmuFrameDataPack",
        "callee": "UI32_BIT_SET4",
        "file": "/home/hp/文档/output/CE7-FYQ-src_flat_out/CduToSmuFrameDataPack/IP_CduToSmuFrameDataPack.c",
        "line": 27,
        "kind": "function",
        "resolved": false
      },
      {
        "caller": "CduToSmuFrameDataPack",
        "callee": "UI32_BIT_GET2",
        "file": "/home/hp/文档/output/CE7-FYQ-src_flat_out/CduToSmuFrameDataPack/IP_CduToSmuFrameDataPack.c",
        "line": 35,
        "kind": "function",
        "resolved": false
      },
      {
        "caller": "CduToSmuFrameDataPack",
        "callee": "UI32_BIT_GET2",
        "file": "/home/hp/文档/output/CE7-FYQ-src_flat_out/CduToSmuFrameDataPack/IP_CduToSmuFrameDataPack.c",
        "line": 35,
        "kind": "function",
        "resolved": false
      },
      {
        "caller": "CduToSmuFrameDataPack",
        "callee": "UI08_BIT_SET",
        "file": "/home/hp/文档/output/CE7-FYQ-src_flat_out/CduToSmuFrameDataPack/IP_CduToSmuFrameDataPack.c",
        "line": 38,
        "kind": "function",
        "resolved": false
      },
      {
        "caller": "CduToSmuFrameDataPack",
        "callee": "UI32_BIT_SET2",
        "file": "/home/hp/文档/output/CE7-FYQ-src_flat_out/CduToSmuFrameDataPack/IP_CduToSmuFrameDataPack.c",
        "line": 48,
        "kind": "function",
        "resolved": false
      },
      {
        "caller": "CduToSmuFrameDataPack",
        "callee": "UI08_BIT_SET",
        "file": "/home/hp/文档/output/CE7-FYQ-src_flat_out/CduToSmuFrameDataPack/IP_CduToSmuFrameDataPack.c",
        "line": 56,
        "kind": "function",
        "resolved": false
      },
      {
        "caller": "CduToSmuFrameDataPack",
        "callee": "UI32_BIT_SET2",
        "file": "/home/hp/文档/output/CE7-FYQ-src_flat_out/CduToSmuFrameDataPack/IP_CduToSmuFrameDataPack.c",
        "line": 60,
        "kind": "function",
        "resolved": false
      },
      {
        "caller": "CduToSmuFrameDataPack",
        "callee": "UI08_BIT_SET",
        "file": "/home/hp/文档/output/CE7-FYQ-src_flat_out/CduToSmuFrameDataPack/IP_CduToSmuFrameDataPack.c",
        "line": 70,
        "kind": "function",
        "resolved": false
      },
      {
        "caller": "CduToSmuFrameDataPack",
        "callee": "UI08_BIT_SET",
        "file": "/home/hp/文档/output/CE7-FYQ-src_flat_out/CduToSmuFrameDataPack/IP_CduToSmuFrameDataPack.c",
        "line": 82,
        "kind": "function",
        "resolved": false
      },
      {
        "caller": "CduToSmuFrameDataPack",
        "callee": "print2",
        "file": "/home/hp/文档/output/CE7-FYQ-src_flat_out/CduToSmuFrameDataPack/IP_CduToSmuFrameDataPack.c",
        "line": 89,
        "kind": "function",
        "resolved": false
      },
      {
        "caller": "CduToSmuFrameDataPack",
        "callee": "UI08_BIT_SET",
        "file": "/home/hp/文档/output/CE7-FYQ-src_flat_out/CduToSmuFrameDataPack/IP_CduToSmuFrameDataPack.c",
        "line": 96,
        "kind": "function",
        "resolved": false
      },
      {
        "caller": "CduToSmuFrameDataPack",
        "callee": "DBL_TO_SI16",
        "file": "/home/hp/文档/output/CE7-FYQ-src_flat_out/CduToSmuFrameDataPack/IP_CduToSmuFrameDataPack.c",
        "line": 99,
        "kind": "function",
        "resolved": false
      },
      {
        "caller": "CduToSmuFrameDataPack",
        "callee": "UI16_HI8",
        "file": "/home/hp/文档/output/CE7-FYQ-src_flat_out/CduToSmuFrameDataPack/IP_CduToSmuFrameDataPack.c",
        "line": 100,
        "kind": "function",
        "resolved": false
      },
      {
        "caller": "CduToSmuFrameDataPack",
        "callee": "UI16_LO8",
        "file": "/home/hp/文档/output/CE7-FYQ-src_flat_out/CduToSmuFrameDataPack/IP_CduToSmuFrameDataPack.c",
        "line": 101,
        "kind": "function",
        "resolved": false
      },
      {
        "caller": "CduToSmuFrameDataPack",
        "callee": "DBL_TO_SI16",
        "file": "/home/hp/文档/output/CE7-FYQ-src_flat_out/CduToSmuFrameDataPack/IP_CduToSmuFrameDataPack.c",
        "line": 103,
        "kind": "function",
        "resolved": false
      },
      {
        "caller": "CduToSmuFrameDataPack",
        "callee": "UI16_HI8",
        "file": "/home/hp/文档/output/CE7-FYQ-src_flat_out/CduToSmuFrameDataPack/IP_CduToSmuFrameDataPack.c",
        "line": 104,
        "kind": "function",
        "resolved": false
      },
      {
        "caller": "CduToSmuFrameDataPack",
        "callee": "UI16_LO8",
        "file": "/home/hp/文档/output/CE7-FYQ-src_flat_out/CduToSmuFrameDataPack/IP_CduToSmuFrameDataPack.c",
        "line": 105,
        "kind": "function",
        "resolved": false
      },
      {
        "caller": "CduToSmuFrameDataPack",
        "callee": "DBL_TO_SI16",
        "file": "/home/hp/文档/output/CE7-FYQ-src_flat_out/CduToSmuFrameDataPack/IP_CduToSmuFrameDataPack.c",
        "line": 107,
        "kind": "function",
        "resolved": false
      },
      {
        "caller": "CduToSmuFrameDataPack",
        "callee": "UI16_HI8",
        "file": "/home/hp/文档/output/CE7-FYQ-src_flat_out/CduToSmuFrameDataPack/IP_CduToSmuFrameDataPack.c",
        "line": 108,
        "kind": "function",
        "resolved": false
      },
      {
        "caller": "CduToSmuFrameDataPack",
        "callee": "UI16_LO8",
        "file": "/home/hp/文档/output/CE7-FYQ-src_flat_out/CduToSmuFrameDataPack/IP_CduToSmuFrameDataPack.c",
        "line": 109,
        "kind": "function",
        "resolved": false
      },
      {
        "caller": "CduToSmuFrameDataPack",
        "callee": "UI08_BIT_SET",
        "file": "/home/hp/文档/output/CE7-FYQ-src_flat_out/CduToSmuFrameDataPack/IP_CduToSmuFrameDataPack.c",
        "line": 117,
        "kind": "function",
        "resolved": false
      },
      {
        "caller": "CduToSmuFrameDataPack",
        "callee": "DBL_TO_SI16",
        "file": "/home/hp/文档/output/CE7-FYQ-src_flat_out/CduToSmuFrameDataPack/IP_CduToSmuFrameDataPack.c",
        "line": 121,
        "kind": "function",
        "resolved": false
      },
      {
        "caller": "CduToSmuFrameDataPack",
        "callee": "UI16_HI8",
        "file": "/home/hp/文档/output/CE7-FYQ-src_flat_out/CduToSmuFrameDataPack/IP_CduToSmuFrameDataPack.c",
        "line": 122,
        "kind": "function",
        "resolved": false
      },
      {
        "caller": "CduToSmuFrameDataPack",
        "callee": "UI16_LO8",
        "file": "/home/hp/文档/output/CE7-FYQ-src_flat_out/CduToSmuFrameDataPack/IP_CduToSmuFrameDataPack.c",
        "line": 123,
        "kind": "function",
        "resolved": false
      },
      {
        "caller": "CduToSmuFrameDataPack",
        "callee": "DBL_TO_SI16",
        "file": "/home/hp/文档/output/CE7-FYQ-src_flat_out/CduToSmuFrameDataPack/IP_CduToSmuFrameDataPack.c",
        "line": 125,
        "kind": "function",
        "resolved": false
      },
      {
        "caller": "CduToSmuFrameDataPack",
        "callee": "UI16_HI8",
        "file": "/home/hp/文档/output/CE7-FYQ-src_flat_out/CduToSmuFrameDataPack/IP_CduToSmuFrameDataPack.c",
        "line": 126,
        "kind": "function",
        "resolved": false
      },
      {
        "caller": "CduToSmuFrameDataPack",
        "callee": "UI16_LO8",
        "file": "/home/hp/文档/output/CE7-FYQ-src_flat_out/CduToSmuFrameDataPack/IP_CduToSmuFrameDataPack.c",
        "line": 127,
        "kind": "function",
        "resolved": false
      },
      {
        "caller": "CduToSmuFrameDataPack",
        "callee": "DBL_TO_SI16",
        "file": "/home/hp/文档/output/CE7-FYQ-src_flat_out/CduToSmuFrameDataPack/IP_CduToSmuFrameDataPack.c",
        "line": 129,
        "kind": "function",
        "resolved": false
      },
      {
        "caller": "CduToSmuFrameDataPack",
        "callee": "UI16_HI8",
        "file": "/home/hp/文档/output/CE7-FYQ-src_flat_out/CduToSmuFrameDataPack/IP_CduToSmuFrameDataPack.c",
        "line": 130,
        "kind": "function",
        "resolved": false
      },
      {
        "caller": "CduToSmuFrameDataPack",
        "callee": "UI16_LO8",
        "file": "/home/hp/文档/output/CE7-FYQ-src_flat_out/CduToSmuFrameDataPack/IP_CduToSmuFrameDataPack.c",
        "line": 131,
        "kind": "function",
        "resolved": false
      },
      {
        "caller": "CduToSmuFrameDataPack",
        "callee": "UI08_BIT_SET",
        "file": "/home/hp/文档/output/CE7-FYQ-src_flat_out/CduToSmuFrameDataPack/IP_CduToSmuFrameDataPack.c",
        "line": 139,
        "kind": "function",
        "resolved": false
      },
      {
        "caller": "CduToSmuFrameDataPack",
        "callee": "DBL_TO_UN16",
        "file": "/home/hp/文档/output/CE7-FYQ-src_flat_out/CduToSmuFrameDataPack/IP_CduToSmuFrameDataPack.c",
        "line": 144,
        "kind": "function",
        "resolved": false
      },
      {
        "caller": "CduToSmuFrameDataPack",
        "callee": "UI16_HI8",
        "file": "/home/hp/文档/output/CE7-FYQ-src_flat_out/CduToSmuFrameDataPack/IP_CduToSmuFrameDataPack.c",
        "line": 145,
        "kind": "function",
        "resolved": false
      },
      {
        "caller": "CduToSmuFrameDataPack",
        "callee": "UI16_LO8",
        "file": "/home/hp/文档/output/CE7-FYQ-src_flat_out/CduToSmuFrameDataPack/IP_CduToSmuFrameDataPack.c",
        "line": 146,
        "kind": "function",
        "resolved": false
      },
      {
        "caller": "CduToSmuFrameDataPack",
        "callee": "UI08_BIT_SET",
        "file": "/home/hp/文档/output/CE7-FYQ-src_flat_out/CduToSmuFrameDataPack/IP_CduToSmuFrameDataPack.c",
        "line": 154,
        "kind": "function",
        "resolved": false
      },
      {
        "caller": "CduToSmuFrameDataPack",
        "callee": "DBL_TO_UN16",
        "file": "/home/hp/文档/output/CE7-FYQ-src_flat_out/CduToSmuFrameDataPack/IP_CduToSmuFrameDataPack.c",
        "line": 159,
        "kind": "function",
        "resolved": false
      },
      {
        "caller": "CduToSmuFrameDataPack",
        "callee": "UI16_HI8",
        "file": "/home/hp/文档/output/CE7-FYQ-src_flat_out/CduToSmuFrameDataPack/IP_CduToSmuFrameDataPack.c",
        "line": 160,
        "kind": "function",
        "resolved": false
      },
      {
        "caller": "CduToSmuFrameDataPack",
        "callee": "UI16_LO8",
        "file": "/home/hp/文档/output/CE7-FYQ-src_flat_out/CduToSmuFrameDataPack/IP_CduToSmuFrameDataPack.c",
        "line": 161,
        "kind": "function",
        "resolved": false
      },
      {
        "caller": "CduToSmuFrameDataPack",
        "callee": "UI08_BIT_SET",
        "file": "/home/hp/文档/output/CE7-FYQ-src_flat_out/CduToSmuFrameDataPack/IP_CduToSmuFrameDataPack.c",
        "line": 169,
        "kind": "function",
        "resolved": false
      },
      {
        "caller": "CduToSmuFrameDataPack",
        "callee": "DBL_TO_UN16",
        "file": "/home/hp/文档/output/CE7-FYQ-src_flat_out/CduToSmuFrameDataPack/IP_CduToSmuFrameDataPack.c",
        "line": 174,
        "kind": "function",
        "resolved": false
      },
      {
        "caller": "CduToSmuFrameDataPack",
        "callee": "UI16_HI8",
        "file": "/home/hp/文档/output/CE7-FYQ-src_flat_out/CduToSmuFrameDataPack/IP_CduToSmuFrameDataPack.c",
        "line": 175,
        "kind": "function",
        "resolved": false
      },
      {
        "caller": "CduToSmuFrameDataPack",
        "callee": "UI16_LO8",
        "file": "/home/hp/文档/output/CE7-FYQ-src_flat_out/CduToSmuFrameDataPack/IP_CduToSmuFrameDataPack.c",
        "line": 176,
        "kind": "function",
        "resolved": false
      },
      {
        "caller": "CduToSmuFrameDataPack",
        "callee": "DBL_TO_SI16",
        "file": "/home/hp/文档/output/CE7-FYQ-src_flat_out/CduToSmuFrameDataPack/IP_CduToSmuFrameDataPack.c",
        "line": 179,
        "kind": "function",
        "resolved": false
      },
      {
        "caller": "CduToSmuFrameDataPack",
        "callee": "UI16_HI8",
        "file": "/home/hp/文档/output/CE7-FYQ-src_flat_out/CduToSmuFrameDataPack/IP_CduToSmuFrameDataPack.c",
        "line": 186,
        "kind": "function",
        "resolved": false
      },
      {
        "caller": "CduToSmuFrameDataPack",
        "callee": "UI16_LO8",
        "file": "/home/hp/文档/output/CE7-FYQ-src_flat_out/CduToSmuFrameDataPack/IP_CduToSmuFrameDataPack.c",
        "line": 187,
        "kind": "function",
        "resolved": false
      },
      {
        "caller": "CduToSmuFrameDataPack",
        "callee": "UI08_BIT_SET",
        "file": "/home/hp/文档/output/CE7-FYQ-src_flat_out/CduToSmuFrameDataPack/IP_CduToSmuFrameDataPack.c",
        "line": 193,
        "kind": "function",
        "resolved": false
      },
      {
        "caller": "CduToSmuFrameDataPack",
        "callee": "UI08_BIT_SET",
        "file": "/home/hp/文档/output/CE7-FYQ-src_flat_out/CduToSmuFrameDataPack/IP_CduToSmuFrameDataPack.c",
        "line": 201,
        "kind": "function",
        "resolved": false
      },
      {
        "caller": "CduToSmuFrameDataPack",
        "callee": "Memsetx",
        "file": "/home/hp/文档/output/CE7-FYQ-src_flat_out/CduToSmuFrameDataPack/IP_CduToSmuFrameDataPack.c",
        "line": 208,
        "kind": "function",
        "resolved": false
      },
      {
        "caller": "CduToSmuFrameDataPack",
        "callee": "UI08_BIT_SET",
        "file": "/home/hp/文档/output/CE7-FYQ-src_flat_out/CduToSmuFrameDataPack/IP_CduToSmuFrameDataPack.c",
        "line": 229,
        "kind": "function",
        "resolved": false
      },
      {
        "caller": "CduToSmuFrameDataPack",
        "callee": "Memcpyx",
        "file": "/home/hp/文档/output/CE7-FYQ-src_flat_out/CduToSmuFrameDataPack/IP_CduToSmuFrameDataPack.c",
        "line": 239,
        "kind": "function",
        "resolved": false
      },
      {
        "caller": "CduToSmuFrameDataPack",
        "callee": "Memcpyx",
        "file": "/home/hp/文档/output/CE7-FYQ-src_flat_out/CduToSmuFrameDataPack/IP_CduToSmuFrameDataPack.c",
        "line": 247,
        "kind": "function",
        "resolved": false
      },
      {
        "caller": "CduToSmuFrameDataPack",
        "callee": "Memsetx",
        "file": "/home/hp/文档/output/CE7-FYQ-src_flat_out/CduToSmuFrameDataPack/IP_CduToSmuFrameDataPack.c",
        "line": 248,
        "kind": "function",
        "resolved": false
      }
    ],
    "field_accesses": [
      {
        "name": "sAlignToSmu.SMUFWSafeIF",
        "reads": 1,
        "writes": 0,
        "read_writes": 0,
        "functions": [
          "CduToSmuFrameDataPack"
        ],
        "readers": [
          "CduToSmuFrameDataPack"
        ],
        "writers": []
      },
      {
        "name": "sAlignToSmu.SMUMoveNum",
        "reads": 1,
        "writes": 0,
        "read_writes": 0,
        "functions": [
          "CduToSmuFrameDataPack"
        ],
        "readers": [
          "CduToSmuFrameDataPack"
        ],
        "writers": []
      },
      {
        "name": "sAlignToSmu.SMUPathPlanFlag",
        "reads": 1,
        "writes": 0,
        "read_writes": 0,
        "functions": [
          "CduToSmuFrameDataPack"
        ],
        "readers": [
          "CduToSmuFrameDataPack"
        ],
        "writers": []
      },
      {
        "name": "sAlignToSmu.SMUSlopeAgl1",
        "reads": 1,
        "writes": 0,
        "read_writes": 0,
        "functions": [
          "CduToSmuFrameDataPack"
        ],
        "readers": [
          "CduToSmuFrameDataPack"
        ],
        "writers": []
      },
      {
        "name": "sAlignToSmu.SMUSlopeAgl2",
        "reads": 1,
        "writes": 0,
        "read_writes": 0,
        "functions": [
          "CduToSmuFrameDataPack"
        ],
        "readers": [
          "CduToSmuFrameDataPack"
        ],
        "writers": []
      },
      {
        "name": "sAlignToSmu.SMUTurnAgl",
        "reads": 1,
        "writes": 0,
        "read_writes": 0,
        "functions": [
          "CduToSmuFrameDataPack"
        ],
        "readers": [
          "CduToSmuFrameDataPack"
        ],
        "writers": []
      },
      {
        "name": "sAlignToSmu.SMUWIFIreleaseFlag",
        "reads": 3,
        "writes": 0,
        "read_writes": 0,
        "functions": [
          "CduToSmuFrameDataPack"
        ],
        "readers": [
          "CduToSmuFrameDataPack"
        ],
        "writers": []
      },
      {
        "name": "sAlignToSmu.SMUd",
        "reads": 1,
        "writes": 0,
        "read_writes": 0,
        "functions": [
          "CduToSmuFrameDataPack"
        ],
        "readers": [
          "CduToSmuFrameDataPack"
        ],
        "writers": []
      },
      {
        "name": "sFrameCduSend.cntDataItem10",
        "reads": 1,
        "writes": 0,
        "read_writes": 1,
        "functions": [
          "CduToSmuFrameDataPack"
        ],
        "readers": [
          "CduToSmuFrameDataPack"
        ],
        "writers": [
          "CduToSmuFrameDataPack"
        ]
      },
      {
        "name": "sFrameCduSend.cntDataItem14",
        "reads": 2,
        "writes": 0,
        "read_writes": 1,
        "functions": [
          "CduToSmuFrameDataPack"
        ],
        "readers": [
          "CduToSmuFrameDataPack"
        ],
        "writers": [
          "CduToSmuFrameDataPack"
        ]
      },
      {
        "name": "sFrameCduSend.cntDataItem3",
        "reads": 1,
        "writes": 0,
        "read_writes": 1,
        "functions": [
          "CduToSmuFrameDataPack"
        ],
        "readers": [
          "CduToSmuFrameDataPack"
        ],
        "writers": [
          "CduToSmuFrameDataPack"
        ]
      },
      {
        "name": "sFrameCduSend.cntDataItem4",
        "reads": 1,
        "writes": 0,
        "read_writes": 1,
        "functions": [
          "CduToSmuFrameDataPack"
        ],
        "readers": [
          "CduToSmuFrameDataPack"
        ],
        "writers": [
          "CduToSmuFrameDataPack"
        ]
      },
      {
        "name": "sFrameCduSend.cntDataItem5",
        "reads": 2,
        "writes": 0,
        "read_writes": 1,
        "functions": [
          "CduToSmuFrameDataPack"
        ],
        "readers": [
          "CduToSmuFrameDataPack"
        ],
        "writers": [
          "CduToSmuFrameDataPack"
        ]
      },
      {
        "name": "sFrameCduSend.cntDataItem8",
        "reads": 1,
        "writes": 0,
        "read_writes": 1,
        "functions": [
          "CduToSmuFrameDataPack"
        ],
        "readers": [
          "CduToSmuFrameDataPack"
        ],
        "writers": [
          "CduToSmuFrameDataPack"
        ]
      },
      {
        "name": "sFrameCduSend.cntDataItem9",
        "reads": 1,
        "writes": 0,
        "read_writes": 1,
        "functions": [
          "CduToSmuFrameDataPack"
        ],
        "readers": [
          "CduToSmuFrameDataPack"
        ],
        "writers": [
          "CduToSmuFrameDataPack"
        ]
      },
      {
        "name": "sSmuLvdsCtrl.bRecvWifiShakeSig",
        "reads": 1,
        "writes": 1,
        "read_writes": 0,
        "functions": [
          "CduToSmuFrameDataPack"
        ],
        "readers": [
          "CduToSmuFrameDataPack"
        ],
        "writers": [
          "CduToSmuFrameDataPack"
        ]
      },
      {
        "name": "sWalkModeData.TaskNumber",
        "reads": 1,
        "writes": 0,
        "read_writes": 0,
        "functions": [
          "CduToSmuFrameDataPack"
        ],
        "readers": [
          "CduToSmuFrameDataPack"
        ],
        "writers": []
      },
      {
        "name": "sWalkRecData.WIFIHshakeSig",
        "reads": 2,
        "writes": 0,
        "read_writes": 0,
        "functions": [
          "CduToSmuFrameDataPack"
        ],
        "readers": [
          "CduToSmuFrameDataPack"
        ],
        "writers": []
      },
      {
        "name": "sWalkSendData.HazIfin",
        "reads": 2,
        "writes": 0,
        "read_writes": 0,
        "functions": [
          "CduToSmuFrameDataPack"
        ],
        "readers": [
          "CduToSmuFrameDataPack"
        ],
        "writers": []
      },
      {
        "name": "sWalkSendData.Haznum",
        "reads": 1,
        "writes": 0,
        "read_writes": 0,
        "functions": [
          "CduToSmuFrameDataPack"
        ],
        "readers": [
          "CduToSmuFrameDataPack"
        ],
        "writers": []
      },
      {
        "name": "sWalkSendData.MFaultFlag",
        "reads": 1,
        "writes": 0,
        "read_writes": 0,
        "functions": [
          "CduToSmuFrameDataPack"
        ],
        "readers": [
          "CduToSmuFrameDataPack"
        ],
        "writers": []
      },
      {
        "name": "sWalkSendData.MoveNum",
        "reads": 1,
        "writes": 0,
        "read_writes": 0,
        "functions": [
          "CduToSmuFrameDataPack"
        ],
        "readers": [
          "CduToSmuFrameDataPack"
        ],
        "writers": []
      },
      {
        "name": "sWalkSendData.MstopFlag",
        "reads": 1,
        "writes": 0,
        "read_writes": 0,
        "functions": [
          "CduToSmuFrameDataPack"
        ],
        "readers": [
          "CduToSmuFrameDataPack"
        ],
        "writers": []
      },
      {
        "name": "sWalkSendData.p_fyq",
        "reads": 1,
        "writes": 0,
        "read_writes": 0,
        "functions": [
          "CduToSmuFrameDataPack"
        ],
        "readers": [
          "CduToSmuFrameDataPack"
        ],
        "writers": []
      },
      {
        "name": "sWalkSendData.r_fyq",
        "reads": 1,
        "writes": 0,
        "read_writes": 0,
        "functions": [
          "CduToSmuFrameDataPack"
        ],
        "readers": [
          "CduToSmuFrameDataPack"
        ],
        "writers": []
      },
      {
        "name": "sWalkSendData.tiltAlarm",
        "reads": 1,
        "writes": 0,
        "read_writes": 0,
        "functions": [
          "CduToSmuFrameDataPack"
        ],
        "readers": [
          "CduToSmuFrameDataPack"
        ],
        "writers": []
      },
      {
        "name": "sWalkSendData.xn",
        "reads": 1,
        "writes": 0,
        "read_writes": 0,
        "functions": [
          "CduToSmuFrameDataPack"
        ],
        "readers": [
          "CduToSmuFrameDataPack"
        ],
        "writers": []
      },
      {
        "name": "sWalkSendData.y_fyq",
        "reads": 1,
        "writes": 0,
        "read_writes": 0,
        "functions": [
          "CduToSmuFrameDataPack"
        ],
        "readers": [
          "CduToSmuFrameDataPack"
        ],
        "writers": []
      },
      {
        "name": "sWalkSendData.yn",
        "reads": 1,
        "writes": 0,
        "read_writes": 0,
        "functions": [
          "CduToSmuFrameDataPack"
        ],
        "readers": [
          "CduToSmuFrameDataPack"
        ],
        "writers": []
      },
      {
        "name": "sWalkSendData.zn",
        "reads": 1,
        "writes": 0,
        "read_writes": 0,
        "functions": [
          "CduToSmuFrameDataPack"
        ],
        "readers": [
          "CduToSmuFrameDataPack"
        ],
        "writers": []
      }
    ],
    "state_transitions": [],
    "missing_local_includes": [],
    "unresolved_calls": {
      "DBL_TO_SI16": [
        {
          "caller": "CduToSmuFrameDataPack",
          "file": "/home/hp/文档/output/CE7-FYQ-src_flat_out/CduToSmuFrameDataPack/IP_CduToSmuFrameDataPack.c",
          "line": 99
        },
        {
          "caller": "CduToSmuFrameDataPack",
          "file": "/home/hp/文档/output/CE7-FYQ-src_flat_out/CduToSmuFrameDataPack/IP_CduToSmuFrameDataPack.c",
          "line": 103
        },
        {
          "caller": "CduToSmuFrameDataPack",
          "file": "/home/hp/文档/output/CE7-FYQ-src_flat_out/CduToSmuFrameDataPack/IP_CduToSmuFrameDataPack.c",
          "line": 107
        },
        {
          "caller": "CduToSmuFrameDataPack",
          "file": "/home/hp/文档/output/CE7-FYQ-src_flat_out/CduToSmuFrameDataPack/IP_CduToSmuFrameDataPack.c",
          "line": 121
        },
        {
          "caller": "CduToSmuFrameDataPack",
          "file": "/home/hp/文档/output/CE7-FYQ-src_flat_out/CduToSmuFrameDataPack/IP_CduToSmuFrameDataPack.c",
          "line": 125
        },
        {
          "caller": "CduToSmuFrameDataPack",
          "file": "/home/hp/文档/output/CE7-FYQ-src_flat_out/CduToSmuFrameDataPack/IP_CduToSmuFrameDataPack.c",
          "line": 129
        },
        {
          "caller": "CduToSmuFrameDataPack",
          "file": "/home/hp/文档/output/CE7-FYQ-src_flat_out/CduToSmuFrameDataPack/IP_CduToSmuFrameDataPack.c",
          "line": 179
        }
      ],
      "DBL_TO_UN16": [
        {
          "caller": "CduToSmuFrameDataPack",
          "file": "/home/hp/文档/output/CE7-FYQ-src_flat_out/CduToSmuFrameDataPack/IP_CduToSmuFrameDataPack.c",
          "line": 144
        },
        {
          "caller": "CduToSmuFrameDataPack",
          "file": "/home/hp/文档/output/CE7-FYQ-src_flat_out/CduToSmuFrameDataPack/IP_CduToSmuFrameDataPack.c",
          "line": 159
        },
        {
          "caller": "CduToSmuFrameDataPack",
          "file": "/home/hp/文档/output/CE7-FYQ-src_flat_out/CduToSmuFrameDataPack/IP_CduToSmuFrameDataPack.c",
          "line": 174
        }
      ],
      "Memcpyx": [
        {
          "caller": "CduToSmuFrameDataPack",
          "file": "/home/hp/文档/output/CE7-FYQ-src_flat_out/CduToSmuFrameDataPack/IP_CduToSmuFrameDataPack.c",
          "line": 239
        },
        {
          "caller": "CduToSmuFrameDataPack",
          "file": "/home/hp/文档/output/CE7-FYQ-src_flat_out/CduToSmuFrameDataPack/IP_CduToSmuFrameDataPack.c",
          "line": 247
        }
      ],
      "Memsetx": [
        {
          "caller": "CduToSmuFrameDataPack",
          "file": "/home/hp/文档/output/CE7-FYQ-src_flat_out/CduToSmuFrameDataPack/IP_CduToSmuFrameDataPack.c",
          "line": 208
        },
        {
          "caller": "CduToSmuFrameDataPack",
          "file": "/home/hp/文档/output/CE7-FYQ-src_flat_out/CduToSmuFrameDataPack/IP_CduToSmuFrameDataPack.c",
          "line": 248
        }
      ],
      "UI08_BIT_SET": [
        {
          "caller": "CduToSmuFrameDataPack",
          "file": "/home/hp/文档/output/CE7-FYQ-src_flat_out/CduToSmuFrameDataPack/IP_CduToSmuFrameDataPack.c",
          "line": 25
        },
        {
          "caller": "CduToSmuFrameDataPack",
          "file": "/home/hp/文档/output/CE7-FYQ-src_flat_out/CduToSmuFrameDataPack/IP_CduToSmuFrameDataPack.c",
          "line": 38
        },
        {
          "caller": "CduToSmuFrameDataPack",
          "file": "/home/hp/文档/output/CE7-FYQ-src_flat_out/CduToSmuFrameDataPack/IP_CduToSmuFrameDataPack.c",
          "line": 56
        },
        {
          "caller": "CduToSmuFrameDataPack",
          "file": "/home/hp/文档/output/CE7-FYQ-src_flat_out/CduToSmuFrameDataPack/IP_CduToSmuFrameDataPack.c",
          "line": 70
        },
        {
          "caller": "CduToSmuFrameDataPack",
          "file": "/home/hp/文档/output/CE7-FYQ-src_flat_out/CduToSmuFrameDataPack/IP_CduToSmuFrameDataPack.c",
          "line": 82
        },
        {
          "caller": "CduToSmuFrameDataPack",
          "file": "/home/hp/文档/output/CE7-FYQ-src_flat_out/CduToSmuFrameDataPack/IP_CduToSmuFrameDataPack.c",
          "line": 96
        },
        {
          "caller": "CduToSmuFrameDataPack",
          "file": "/home/hp/文档/output/CE7-FYQ-src_flat_out/CduToSmuFrameDataPack/IP_CduToSmuFrameDataPack.c",
          "line": 117
        },
        {
          "caller": "CduToSmuFrameDataPack",
          "file": "/home/hp/文档/output/CE7-FYQ-src_flat_out/CduToSmuFrameDataPack/IP_CduToSmuFrameDataPack.c",
          "line": 139
        },
        {
          "caller": "CduToSmuFrameDataPack",
          "file": "/home/hp/文档/output/CE7-FYQ-src_flat_out/CduToSmuFrameDataPack/IP_CduToSmuFrameDataPack.c",
          "line": 154
        },
        {
          "caller": "CduToSmuFrameDataPack",
          "file": "/home/hp/文档/output/CE7-FYQ-src_flat_out/CduToSmuFrameDataPack/IP_CduToSmuFrameDataPack.c",
          "line": 169
        },
        {
          "caller": "CduToSmuFrameDataPack",
          "file": "/home/hp/文档/output/CE7-FYQ-src_flat_out/CduToSmuFrameDataPack/IP_CduToSmuFrameDataPack.c",
          "line": 193
        },
        {
          "caller": "CduToSmuFrameDataPack",
          "file": "/home/hp/文档/output/CE7-FYQ-src_flat_out/CduToSmuFrameDataPack/IP_CduToSmuFrameDataPack.c",
          "line": 201
        },
        {
          "caller": "CduToSmuFrameDataPack",
          "file": "/home/hp/文档/output/CE7-FYQ-src_flat_out/CduToSmuFrameDataPack/IP_CduToSmuFrameDataPack.c",
          "line": 229
        }
      ],
      "UI16_HI8": [
        {
          "caller": "CduToSmuFrameDataPack",
          "file": "/home/hp/文档/output/CE7-FYQ-src_flat_out/CduToSmuFrameDataPack/IP_CduToSmuFrameDataPack.c",
          "line": 100
        },
        {
          "caller": "CduToSmuFrameDataPack",
          "file": "/home/hp/文档/output/CE7-FYQ-src_flat_out/CduToSmuFrameDataPack/IP_CduToSmuFrameDataPack.c",
          "line": 104
        },
        {
          "caller": "CduToSmuFrameDataPack",
          "file": "/home/hp/文档/output/CE7-FYQ-src_flat_out/CduToSmuFrameDataPack/IP_CduToSmuFrameDataPack.c",
          "line": 108
        },
        {
          "caller": "CduToSmuFrameDataPack",
          "file": "/home/hp/文档/output/CE7-FYQ-src_flat_out/CduToSmuFrameDataPack/IP_CduToSmuFrameDataPack.c",
          "line": 122
        },
        {
          "caller": "CduToSmuFrameDataPack",
          "file": "/home/hp/文档/output/CE7-FYQ-src_flat_out/CduToSmuFrameDataPack/IP_CduToSmuFrameDataPack.c",
          "line": 126
        },
        {
          "caller": "CduToSmuFrameDataPack",
          "file": "/home/hp/文档/output/CE7-FYQ-src_flat_out/CduToSmuFrameDataPack/IP_CduToSmuFrameDataPack.c",
          "line": 130
        },
        {
          "caller": "CduToSmuFrameDataPack",
          "file": "/home/hp/文档/output/CE7-FYQ-src_flat_out/CduToSmuFrameDataPack/IP_CduToSmuFrameDataPack.c",
          "line": 145
        },
        {
          "caller": "CduToSmuFrameDataPack",
          "file": "/home/hp/文档/output/CE7-FYQ-src_flat_out/CduToSmuFrameDataPack/IP_CduToSmuFrameDataPack.c",
          "line": 160
        },
        {
          "caller": "CduToSmuFrameDataPack",
          "file": "/home/hp/文档/output/CE7-FYQ-src_flat_out/CduToSmuFrameDataPack/IP_CduToSmuFrameDataPack.c",
          "line": 175
        },
        {
          "caller": "CduToSmuFrameDataPack",
          "file": "/home/hp/文档/output/CE7-FYQ-src_flat_out/CduToSmuFrameDataPack/IP_CduToSmuFrameDataPack.c",
          "line": 186
        }
      ],
      "UI16_LO8": [
        {
          "caller": "CduToSmuFrameDataPack",
          "file": "/home/hp/文档/output/CE7-FYQ-src_flat_out/CduToSmuFrameDataPack/IP_CduToSmuFrameDataPack.c",
          "line": 101
        },
        {
          "caller": "CduToSmuFrameDataPack",
          "file": "/home/hp/文档/output/CE7-FYQ-src_flat_out/CduToSmuFrameDataPack/IP_CduToSmuFrameDataPack.c",
          "line": 105
        },
        {
          "caller": "CduToSmuFrameDataPack",
          "file": "/home/hp/文档/output/CE7-FYQ-src_flat_out/CduToSmuFrameDataPack/IP_CduToSmuFrameDataPack.c",
          "line": 109
        },
        {
          "caller": "CduToSmuFrameDataPack",
          "file": "/home/hp/文档/output/CE7-FYQ-src_flat_out/CduToSmuFrameDataPack/IP_CduToSmuFrameDataPack.c",
          "line": 123
        },
        {
          "caller": "CduToSmuFrameDataPack",
          "file": "/home/hp/文档/output/CE7-FYQ-src_flat_out/CduToSmuFrameDataPack/IP_CduToSmuFrameDataPack.c",
          "line": 127
        },
        {
          "caller": "CduToSmuFrameDataPack",
          "file": "/home/hp/文档/output/CE7-FYQ-src_flat_out/CduToSmuFrameDataPack/IP_CduToSmuFrameDataPack.c",
          "line": 131
        },
        {
          "caller": "CduToSmuFrameDataPack",
          "file": "/home/hp/文档/output/CE7-FYQ-src_flat_out/CduToSmuFrameDataPack/IP_CduToSmuFrameDataPack.c",
          "line": 146
        },
        {
          "caller": "CduToSmuFrameDataPack",
          "file": "/home/hp/文档/output/CE7-FYQ-src_flat_out/CduToSmuFrameDataPack/IP_CduToSmuFrameDataPack.c",
          "line": 161
        },
        {
          "caller": "CduToSmuFrameDataPack",
          "file": "/home/hp/文档/output/CE7-FYQ-src_flat_out/CduToSmuFrameDataPack/IP_CduToSmuFrameDataPack.c",
          "line": 176
        },
        {
          "caller": "CduToSmuFrameDataPack",
          "file": "/home/hp/文档/output/CE7-FYQ-src_flat_out/CduToSmuFrameDataPack/IP_CduToSmuFrameDataPack.c",
          "line": 187
        }
      ],
      "UI32_BIT_GET2": [
        {
          "caller": "CduToSmuFrameDataPack",
          "file": "/home/hp/文档/output/CE7-FYQ-src_flat_out/CduToSmuFrameDataPack/IP_CduToSmuFrameDataPack.c",
          "line": 35
        },
        {
          "caller": "CduToSmuFrameDataPack",
          "file": "/home/hp/文档/output/CE7-FYQ-src_flat_out/CduToSmuFrameDataPack/IP_CduToSmuFrameDataPack.c",
          "line": 35
        }
      ],
      "UI32_BIT_SET2": [
        {
          "caller": "CduToSmuFrameDataPack",
          "file": "/home/hp/文档/output/CE7-FYQ-src_flat_out/CduToSmuFrameDataPack/IP_CduToSmuFrameDataPack.c",
          "line": 48
        },
        {
          "caller": "CduToSmuFrameDataPack",
          "file": "/home/hp/文档/output/CE7-FYQ-src_flat_out/CduToSmuFrameDataPack/IP_CduToSmuFrameDataPack.c",
          "line": 60
        }
      ],
      "UI32_BIT_SET4": [
        {
          "caller": "CduToSmuFrameDataPack",
          "file": "/home/hp/文档/output/CE7-FYQ-src_flat_out/CduToSmuFrameDataPack/IP_CduToSmuFrameDataPack.c",
          "line": 27
        }
      ],
      "print2": [
        {
          "caller": "CduToSmuFrameDataPack",
          "file": "/home/hp/文档/output/CE7-FYQ-src_flat_out/CduToSmuFrameDataPack/IP_CduToSmuFrameDataPack.c",
          "line": 89
        }
      ]
    }
  },
  "invariants": {
    "project": [
      {
        "kind": "project_input_field",
        "text": "sAlignToSmu.SMUFWSafeIF is only read by CduToSmuFrameDataPack",
        "confidence": "medium",
        "evidence": "field summary",
        "field": "sAlignToSmu.SMUFWSafeIF",
        "readers": [
          "CduToSmuFrameDataPack"
        ]
      },
      {
        "kind": "project_input_field",
        "text": "sAlignToSmu.SMUMoveNum is only read by CduToSmuFrameDataPack",
        "confidence": "medium",
        "evidence": "field summary",
        "field": "sAlignToSmu.SMUMoveNum",
        "readers": [
          "CduToSmuFrameDataPack"
        ]
      },
      {
        "kind": "project_input_field",
        "text": "sAlignToSmu.SMUPathPlanFlag is only read by CduToSmuFrameDataPack",
        "confidence": "medium",
        "evidence": "field summary",
        "field": "sAlignToSmu.SMUPathPlanFlag",
        "readers": [
          "CduToSmuFrameDataPack"
        ]
      },
      {
        "kind": "project_input_field",
        "text": "sAlignToSmu.SMUSlopeAgl1 is only read by CduToSmuFrameDataPack",
        "confidence": "medium",
        "evidence": "field summary",
        "field": "sAlignToSmu.SMUSlopeAgl1",
        "readers": [
          "CduToSmuFrameDataPack"
        ]
      },
      {
        "kind": "project_input_field",
        "text": "sAlignToSmu.SMUSlopeAgl2 is only read by CduToSmuFrameDataPack",
        "confidence": "medium",
        "evidence": "field summary",
        "field": "sAlignToSmu.SMUSlopeAgl2",
        "readers": [
          "CduToSmuFrameDataPack"
        ]
      },
      {
        "kind": "project_input_field",
        "text": "sAlignToSmu.SMUTurnAgl is only read by CduToSmuFrameDataPack",
        "confidence": "medium",
        "evidence": "field summary",
        "field": "sAlignToSmu.SMUTurnAgl",
        "readers": [
          "CduToSmuFrameDataPack"
        ]
      },
      {
        "kind": "project_input_field",
        "text": "sAlignToSmu.SMUWIFIreleaseFlag is only read by CduToSmuFrameDataPack",
        "confidence": "medium",
        "evidence": "field summary",
        "field": "sAlignToSmu.SMUWIFIreleaseFlag",
        "readers": [
          "CduToSmuFrameDataPack"
        ]
      },
      {
        "kind": "project_input_field",
        "text": "sAlignToSmu.SMUd is only read by CduToSmuFrameDataPack",
        "confidence": "medium",
        "evidence": "field summary",
        "field": "sAlignToSmu.SMUd",
        "readers": [
          "CduToSmuFrameDataPack"
        ]
      },
      {
        "kind": "project_state_field",
        "text": "sFrameCduSend.cntDataItem10 is read and written",
        "confidence": "medium",
        "evidence": "field summary",
        "field": "sFrameCduSend.cntDataItem10",
        "readers": [
          "CduToSmuFrameDataPack"
        ],
        "writers": [
          "CduToSmuFrameDataPack"
        ]
      },
      {
        "kind": "project_state_field",
        "text": "sFrameCduSend.cntDataItem14 is read and written",
        "confidence": "medium",
        "evidence": "field summary",
        "field": "sFrameCduSend.cntDataItem14",
        "readers": [
          "CduToSmuFrameDataPack"
        ],
        "writers": [
          "CduToSmuFrameDataPack"
        ]
      },
      {
        "kind": "project_state_field",
        "text": "sFrameCduSend.cntDataItem3 is read and written",
        "confidence": "medium",
        "evidence": "field summary",
        "field": "sFrameCduSend.cntDataItem3",
        "readers": [
          "CduToSmuFrameDataPack"
        ],
        "writers": [
          "CduToSmuFrameDataPack"
        ]
      },
      {
        "kind": "project_state_field",
        "text": "sFrameCduSend.cntDataItem4 is read and written",
        "confidence": "medium",
        "evidence": "field summary",
        "field": "sFrameCduSend.cntDataItem4",
        "readers": [
          "CduToSmuFrameDataPack"
        ],
        "writers": [
          "CduToSmuFrameDataPack"
        ]
      },
      {
        "kind": "project_state_field",
        "text": "sFrameCduSend.cntDataItem5 is read and written",
        "confidence": "medium",
        "evidence": "field summary",
        "field": "sFrameCduSend.cntDataItem5",
        "readers": [
          "CduToSmuFrameDataPack"
        ],
        "writers": [
          "CduToSmuFrameDataPack"
        ]
      },
      {
        "kind": "project_state_field",
        "text": "sFrameCduSend.cntDataItem8 is read and written",
        "confidence": "medium",
        "evidence": "field summary",
        "field": "sFrameCduSend.cntDataItem8",
        "readers": [
          "CduToSmuFrameDataPack"
        ],
        "writers": [
          "CduToSmuFrameDataPack"
        ]
      },
      {
        "kind": "project_state_field",
        "text": "sFrameCduSend.cntDataItem9 is read and written",
        "confidence": "medium",
        "evidence": "field summary",
        "field": "sFrameCduSend.cntDataItem9",
        "readers": [
          "CduToSmuFrameDataPack"
        ],
        "writers": [
          "CduToSmuFrameDataPack"
        ]
      },
      {
        "kind": "project_state_field",
        "text": "sSmuLvdsCtrl.bRecvWifiShakeSig is read and written",
        "confidence": "medium",
        "evidence": "field summary",
        "field": "sSmuLvdsCtrl.bRecvWifiShakeSig",
        "readers": [
          "CduToSmuFrameDataPack"
        ],
        "writers": [
          "CduToSmuFrameDataPack"
        ]
      },
      {
        "kind": "project_input_field",
        "text": "sWalkModeData.TaskNumber is only read by CduToSmuFrameDataPack",
        "confidence": "medium",
        "evidence": "field summary",
        "field": "sWalkModeData.TaskNumber",
        "readers": [
          "CduToSmuFrameDataPack"
        ]
      },
      {
        "kind": "project_input_field",
        "text": "sWalkRecData.WIFIHshakeSig is only read by CduToSmuFrameDataPack",
        "confidence": "medium",
        "evidence": "field summary",
        "field": "sWalkRecData.WIFIHshakeSig",
        "readers": [
          "CduToSmuFrameDataPack"
        ]
      },
      {
        "kind": "project_input_field",
        "text": "sWalkSendData.HazIfin is only read by CduToSmuFrameDataPack",
        "confidence": "medium",
        "evidence": "field summary",
        "field": "sWalkSendData.HazIfin",
        "readers": [
          "CduToSmuFrameDataPack"
        ]
      },
      {
        "kind": "project_input_field",
        "text": "sWalkSendData.Haznum is only read by CduToSmuFrameDataPack",
        "confidence": "medium",
        "evidence": "field summary",
        "field": "sWalkSendData.Haznum",
        "readers": [
          "CduToSmuFrameDataPack"
        ]
      },
      {
        "kind": "project_input_field",
        "text": "sWalkSendData.MFaultFlag is only read by CduToSmuFrameDataPack",
        "confidence": "medium",
        "evidence": "field summary",
        "field": "sWalkSendData.MFaultFlag",
        "readers": [
          "CduToSmuFrameDataPack"
        ]
      },
      {
        "kind": "project_input_field",
        "text": "sWalkSendData.MoveNum is only read by CduToSmuFrameDataPack",
        "confidence": "medium",
        "evidence": "field summary",
        "field": "sWalkSendData.MoveNum",
        "readers": [
          "CduToSmuFrameDataPack"
        ]
      },
      {
        "kind": "project_input_field",
        "text": "sWalkSendData.MstopFlag is only read by CduToSmuFrameDataPack",
        "confidence": "medium",
        "evidence": "field summary",
        "field": "sWalkSendData.MstopFlag",
        "readers": [
          "CduToSmuFrameDataPack"
        ]
      },
      {
        "kind": "project_input_field",
        "text": "sWalkSendData.p_fyq is only read by CduToSmuFrameDataPack",
        "confidence": "medium",
        "evidence": "field summary",
        "field": "sWalkSendData.p_fyq",
        "readers": [
          "CduToSmuFrameDataPack"
        ]
      },
      {
        "kind": "project_input_field",
        "text": "sWalkSendData.r_fyq is only read by CduToSmuFrameDataPack",
        "confidence": "medium",
        "evidence": "field summary",
        "field": "sWalkSendData.r_fyq",
        "readers": [
          "CduToSmuFrameDataPack"
        ]
      },
      {
        "kind": "project_input_field",
        "text": "sWalkSendData.tiltAlarm is only read by CduToSmuFrameDataPack",
        "confidence": "medium",
        "evidence": "field summary",
        "field": "sWalkSendData.tiltAlarm",
        "readers": [
          "CduToSmuFrameDataPack"
        ]
      },
      {
        "kind": "project_input_field",
        "text": "sWalkSendData.xn is only read by CduToSmuFrameDataPack",
        "confidence": "medium",
        "evidence": "field summary",
        "field": "sWalkSendData.xn",
        "readers": [
          "CduToSmuFrameDataPack"
        ]
      },
      {
        "kind": "project_input_field",
        "text": "sWalkSendData.y_fyq is only read by CduToSmuFrameDataPack",
        "confidence": "medium",
        "evidence": "field summary",
        "field": "sWalkSendData.y_fyq",
        "readers": [
          "CduToSmuFrameDataPack"
        ]
      },
      {
        "kind": "project_input_field",
        "text": "sWalkSendData.yn is only read by CduToSmuFrameDataPack",
        "confidence": "medium",
        "evidence": "field summary",
        "field": "sWalkSendData.yn",
        "readers": [
          "CduToSmuFrameDataPack"
        ]
      },
      {
        "kind": "project_input_field",
        "text": "sWalkSendData.zn is only read by CduToSmuFrameDataPack",
        "confidence": "medium",
        "evidence": "field summary",
        "field": "sWalkSendData.zn",
        "readers": [
          "CduToSmuFrameDataPack"
        ]
      }
    ]
  }
}
