0 0 0 0 1 0 0 1 0 1 0 1 1 0 0 1 641665091 1959579487 0 1 0 1 0 1 1 0 1 1 0 0 1 0 0 0 0 0 0 0 12 1
1 0 0 0 0 1 1 0 1 0 1 0 1 0 0 0 828990927 2484093179 1 0 1 0 1 0 1 1 0 1 0 0 0 0 0 0 0 0 0 0 12 1
0 1 0 0 1 0 1 1 1 0 0 0 0 0 1 1 858867427 2021610933 2 1 1 0 0 0 0 0 0 0 0 1 1 0 0 0 0 0 0 0 12 1
0 0 0 8 1 0 1 1 0 0 0 1 0 1 1 0 2501251077 2799583687 8 1 0 0 0 1 0 0 1 0 1 1 0 0 0 0 0 0 0 0 12 1
0 0 0 4144982284 1 1 1 0 1 0 0 0 0 0 0 1 1260726675 2868910329 4144982280 0 1 0 0 0 0 0 0 0 0 0 1 0 0 0 0 0 0 0 12 1
1 1 1 3071298556 1 0 1 0 1 1 1 0 0 1 0 0 1629325663 3867425403 3071298559 0 1 1 1 0 0 1 0 0 1 0 0 0 0 0 0 0 0 0 12 1
1 1 0 2366403405 0 0 0 0 1 0 0 1 1 1 1 1 2773562277 56371717 2366403403 0 1 0 0 1 1 0 1 1 1 1 1 2773562277 56371717 56371717 56371717 56371717 56371717 56371717 12 1
0 0 1 4048986395 1 0 1 0 0 0 0 0 0 1 0 1 2888717819 1551378741 4048986396 0 0 0 0 0 0 0 0 0 1 0 1 0 0 0 0 0 0 0 12 1
1 0 1 1736762140 0 1 0 1 0 0 1 0 0 1 1 0 4032211179 2477606061 1736762141 1 0 0 1 0 0 1 0 0 1 1 0 4032211179 2477606061 2477606061 2477606061 2477606061 2477606061 2477606061 12 1
1 1 1 4215552019 0 1 0 1 0 1 1 1 1 0 1 0 1901151859 77734307 4215552023 1 0 1 1 1 1 1 1 1 0 1 0 1901151859 77734307 77734307 77734307 77734307 77734307 77734307 12 1
0 0 0 4251122481 0 0 1 0 1 1 1 0 0 1 1 0 370742347 2453364413 4251122480 0 1 1 1 0 0 1 0 0 1 1 0 0 0 0 0 0 0 0 12 1
1 0 0 3548659683 1 1 1 1 1 0 1 1 0 1 1 0 44991783 2953758873 3548659681 1 1 0 1 1 0 1 1 0 1 1 0 0 0 0 0 0 0 0 12 1
1 0 1 3461466875 0 1 1 1 0 0 0 1 1 1 1 1 328381607 3141324481 3461466877 1 0 0 0 1 1 0 1 1 1 1 1 328381607 3141324481 3141324481 3141324481 3141324481 3141324481 3141324481 12 1
1 0 0 306933269 0 1 0 1 0 1 0 0 0 0 0 1 1351978917 794390943 306933265 1 0 1 0 0 0 0 0 0 0 0 1 1351978917 794390943 794390943 794390943 794390943 794390943 794390943 12 1
0 0 1 2195048003 1 0 0 0 1 0 1 0 0 1 1 1 3462247461 2799348753 2195048004 0 1 0 1 0 0 1 0 0 1 1 1 3462247461 2799348753 2799348753 2799348753 2799348753 2799348753 2799348753 12 1
1 0 1 159519890 0 0 0 0 1 0 1 1 1 0 0 0 1368202475 4036684461 159519893 0 1 0 1 1 1 1 1 1 0 0 0 1368202475 4036684461 4036684461 4036684461 4036684461 4036684461 4036684461 12 1
0 1 0 2844430185 0 0 0 0 1 0 1 1 1 0 0 0 1099337849 2100008209 2844430186 0 1 0 1 1 1 1 1 1 0 0 0 1099337849 2100008209 2100008209 2100008209 2100008209 2100008209 2100008209 12 1
0 0 0 2987730357 0 1 1 0 1 0 0 1 0 0 1 1 1612476097 2574682113 2987730352 0 1 0 0 1 0 0 1 0 0 1 1 0 0 0 0 0 0 0 12 1
0 0 0 537484734 0 1 0 0 0 0 0 1 0 1 0 1 3778651677 51584193 537484728 0 0 0 0 1 0 0 1 0 1 0 1 3778651677 51584193 51584193 51584193 51584193 51584193 51584193 12 1
0 1 0 946212633 0 1 1 1 1 0 1 0 1 1 0 0 3524080883 2794146913 946212634 1 1 0 1 0 1 1 0 1 1 0 0 3524080883 2794146913 2794146913 2794146913 2794146913 2794146913 2794146913 12 1
1 1 1 2713670765 0 0 1 0 0 0 1 1 1 0 1 0 2659395499 1914170487 2713670767 0 0 0 1 1 1 1 1 1 0 1 0 2659395499 1914170487 1914170487 1914170487 1914170487 1914170487 1914170487 12 1
0 1 0 832291362 0 1 1 0 1 1 1 0 1 1 0 1 3429273105 649294131 832291362 0 1 1 1 0 1 1 0 1 1 0 1 3429273105 649294131 649294131 649294131 649294131 649294131 649294131 12 1
1 0 0 4272213469 0 1 0 1 0 1 0 1 0 0 0 0 794757293 272791851 4272213465 1 0 1 0 1 0 0 1 0 0 0 0 794757293 272791851 272791851 272791851 272791851 272791851 272791851 12 1
1 0 0 3651357247 0 0 0 0 0 0 1 1 1 0 0 0 501722851 710306195 3651357241 0 0 0 1 1 1 1 1 1 0 0 0 501722851 710306195 710306195 710306195 710306195 710306195 710306195 12 1
1 0 0 3221540629 1 0 0 0 1 1 1 1 0 0 0 0 2942242775 963229399 3221540625 0 1 1 1 1 0 1 1 0 0 0 0 2942242775 963229399 963229399 963229399 963229399 963229399 963229399 12 1
1 1 1 993186662 0 1 0 1 1 1 0 1 0 1 1 1 666549513 170175877 993186663 1 1 1 0 1 0 0 1 0 1 1 1 666549513 170175877 170175877 170175877 170175877 170175877 170175877 12 1
1 0 1 3741333269 1 0 1 0 0 1 0 1 0 0 0 0 3035553083 70705755 3741333269 0 0 1 0 1 0 0 1 0 0 0 0 0 0 0 0 0 0 0 12 1
1 0 0 2462037794 0 1 0 1 1 1 1 0 0 0 0 1 4226943487 2572740523 2462037793 1 1 1 1 0 0 1 0 0 0 0 1 4226943487 2572740523 2572740523 2572740523 2572740523 2572740523 2572740523 12 1
0 1 1 1780939367 0 1 1 0 0 0 1 0 1 0 1 1 3736346581 1467280409 1780939366 0 0 0 1 0 1 1 0 1 0 1 1 3736346581 1467280409 1467280409 1467280409 1467280409 1467280409 1467280409 12 1
0 1 0 4060357791 0 0 0 0 0 0 1 0 0 1 1 0 3566384685 1721207121 4060357786 0 0 0 1 0 0 1 0 0 1 1 0 3566384685 1721207121 1721207121 1721207121 1721207121 1721207121 1721207121 12 1
1 0 0 3641011864 0 0 1 1 1 0 0 1 0 0 0 1 3250501725 3601970119 3641011865 1 1 0 0 1 0 0 1 0 0 0 1 0 0 0 0 0 0 0 12 1
1 0 1 2741599795 0 0 1 1 1 0 0 1 1 0 0 0 2928270103 3557257571 2741599797 1 1 0 0 1 1 0 1 1 0 0 0 2928270103 3557257571 3557257571 3557257571 3557257571 3557257571 3557257571 12 1
1 0 0 3091158194 0 0 0 0 1 1 1 1 0 0 1 0 159068013 2309637643 3091158193 0 1 1 1 1 0 1 1 0 0 1 0 159068013 2309637643 2309637643 2309637643 2309637643 2309637643 2309637643 12 1
0 1 0 3550962267 0 0 0 1 0 1 0 1 0 1 1 0 3537281893 2264249705 3550962266 1 0 1 0 1 0 0 1 0 1 1 0 3537281893 2264249705 2264249705 2264249705 2264249705 2264249705 2264249705 12 1
0 1 1 2580859183 1 0 1 1 1 0 0 1 1 1 1 0 1357292295 90757063 2580859182 1 1 0 0 1 1 0 1 1 1 1 0 1357292295 90757063 90757063 90757063 90757063 90757063 90757063 12 1
1 1 0 2744504330 0 1 0 0 1 0 1 0 0 1 1 1 876257083 2351803279 2744504331 0 1 0 1 0 0 1 0 0 1 1 1 876257083 2351803279 2351803279 2351803279 2351803279 2351803279 2351803279 12 1
1 0 1 2462263515 1 1 0 0 1 1 0 1 0 0 1 1 1898276127 2368877907 2462263517 0 1 1 0 1 0 0 1 0 0 1 1 1898276127 2368877907 2368877907 2368877907 2368877907 2368877907 2368877907 12 1
1 1 0 2311198563 0 0 0 0 1 0 1 1 0 1 0 1 3427952791 50614713 2311198563 0 1 0 1 1 0 1 1 0 1 0 1 3427952791 50614713 50614713 50614713 50614713 50614713 50614713 12 1
0 1 0 2427404767 1 0 0 0 0 0 1 0 0 0 0 0 3047469859 1085379879 2427404762 0 0 0 1 0 0 1 0 0 0 0 0 3047469859 1085379879 1085379879 1085379879 1085379879 1085379879 1085379879 12 1
0 1 1 2141047589 1 0 1 0 1 0 0 0 1 1 1 0 2606030791 504228207 2141047590 0 1 0 0 0 1 0 0 1 1 1 0 2606030791 504228207 504228207 504228207 504228207 504228207 504228207 12 1
0 0 0 2728215660 0 1 1 1 1 1 1 1 1 0 0 1 3427274929 245506549 2728215656 1 1 1 1 1 1 1 1 1 0 0 1 3427274929 245506549 245506549 245506549 245506549 245506549 245506549 12 1
1 0 1 260820132 1 1 1 1 0 1 1 1 0 0 1 1 3192140683 2757578261 260820133 1 0 1 1 1 0 1 1 0 0 1 1 0 0 0 0 0 0 0 12 1
0 1 0 2747584193 1 0 0 0 0 0 0 0 0 1 0 0 3005015647 243028887 2747584194 0 0 0 0 0 0 0 0 0 1 0 0 3005015647 243028887 243028887 243028887 243028887 243028887 243028887 12 1
1 0 0 2514285791 0 0 0 1 0 0 0 1 1 1 1 1 2639793357 988943403 2514285785 1 0 0 0 1 1 0 1 1 1 1 1 2639793357 988943403 988943403 988943403 988943403 988943403 988943403 12 1
0 0 1 1595320139 0 0 1 1 0 1 0 1 1 0 0 1 191381539 32060551 1595320140 1 0 1 0 1 1 0 1 1 0 0 1 191381539 32060551 32060551 32060551 32060551 32060551 32060551 12 1
0 0 1 700294510 1 0 1 1 0 1 0 0 1 1 1 0 546725589 3281467845 700294508 1 0 1 0 0 1 0 0 1 1 1 0 546725589 3281467845 3281467845 3281467845 3281467845 3281467845 3281467845 12 1
1 0 1 2957804216 0 1 0 0 1 0 1 1 1 1 1 1 3190592641 450511543 2957804221 0 1 0 1 1 1 1 1 1 1 1 1 3190592641 450511543 450511543 450511543 450511543 450511543 450511543 12 1
0 1 1 3008468684 0 0 0 0 0 1 0 1 0 1 0 1 2663082105 2822554931 3008468686 0 0 1 0 1 0 0 1 0 1 0 1 2663082105 2822554931 2822554931 2822554931 2822554931 2822554931 2822554931 12 1
1 0 0 212742163 0 1 0 0 1 0 0 1 1 1 0 1 1772032105 2928544671 212742161 0 1 0 0 1 1 0 1 1 1 0 1 1772032105 2928544671 2928544671 2928544671 2928544671 2928544671 2928544671 12 1
1 1 1 2472218281 0 0 1 0 0 0 1 0 0 0 1 0 2598033393 2785243275 2472218287 0 0 0 1 0 0 1 0 0 0 1 0 0 0 0 0 0 0 0 12 1
0 1 0 1400699124 1 0 0 1 0 0 1 1 0 0 1 1 2714522441 2003367041 1400699122 1 0 0 1 1 0 1 1 0 0 1 1 2714522441 2003367041 2003367041 2003367041 2003367041 2003367041 2003367041 12 1
1 1 1 2593257309 0 0 0 1 1 0 0 1 1 1 1 0 262130823 2594836333 2593257311 1 1 0 0 1 1 0 1 1 1 1 0 262130823 2594836333 2594836333 2594836333 2594836333 2594836333 2594836333 12 1
1 0 1 1586083219 1 1 1 1 0 0 1 1 1 1 0 1 4181522197 1076361191 1586083221 1 0 0 1 1 1 1 1 1 1 0 1 4181522197 1076361191 1076361191 1076361191 1076361191 1076361191 1076361191 12 1
1 1 1 2404372399 0 0 0 0 0 1 1 1 1 1 1 0 1200450325 959768153 2404372399 0 0 1 1 1 1 1 1 1 1 1 0 1200450325 959768153 959768153 959768153 959768153 959768153 959768153 12 1
1 1 0 1053266057 0 0 0 1 0 0 0 1 1 0 0 0 2780907545 1153280723 1053266059 1 0 0 0 1 1 0 1 1 0 0 0 2780907545 1153280723 1153280723 1153280723 1153280723 1153280723 1153280723 12 1
1 1 1 605754965 0 0 0 1 1 1 0 1 0 0 0 1 1970324519 2272453523 605754967 1 1 1 0 1 0 0 1 0 0 0 1 1970324519 2272453523 2272453523 2272453523 2272453523 2272453523 2272453523 12 1
0 1 1 2994592800 1 0 1 0 0 1 0 0 0 1 0 1 1897760635 1627257809 2994592806 0 0 1 0 0 0 0 0 0 1 0 1 0 0 0 0 0 0 0 12 1
1 1 0 3388633504 0 1 1 0 0 1 0 1 1 1 1 0 1217986191 1315922233 3388633507 0 0 1 0 1 1 0 1 1 1 1 0 1217986191 1315922233 1315922233 1315922233 1315922233 1315922233 1315922233 12 1
0 0 1 1964265204 0 0 1 1 1 0 0 1 0 1 1 1 4255957605 977941873 1964265204 1 1 0 0 1 0 0 1 0 1 1 1 0 0 0 0 0 0 0 12 1
0 0 1 716864238 1 0 0 1 0 1 1 0 0 0 0 0 4275356605 2869140417 716864236 1 0 1 1 0 0 1 0 0 0 0 0 4275356605 2869140417 2869140417 2869140417 2869140417 2869140417 2869140417 12 1
0 1 1 1242496632 0 1 1 1 0 0 1 0 1 1 1 0 1329683033 1163579305 1242496638 1 0 0 1 0 1 1 0 1 1 1 0 1329683033 1163579305 1163579305 1163579305 1163579305 1163579305 1163579305 12 1
0 1 0 3657152100 1 1 1 0 1 0 1 1 1 0 1 1 1514580169 3629714951 3657152098 0 1 0 1 1 1 1 1 1 0 1 1 1514580169 3629714951 3629714951 3629714951 3629714951 3629714951 3629714951 12 1
1 0 0 3803037334 1 1 0 1 0 1 0 0 1 1 1 0 3109066383 2637455553 3803037329 1 0 1 0 0 1 0 0 1 1 1 0 3109066383 2637455553 2637455553 2637455553 2637455553 2637455553 2637455553 12 1
0 1 1 1590613076 1 1 1 1 0 1 0 0 0 0 1 1 999585583 3587633951 1590613078 1 0 1 0 0 0 0 0 0 0 1 1 0 0 0 0 0 0 0 12 1
1 1 0 3938654104 0 0 0 0 1 1 0 0 1 0 1 1 1508286497 4072491329 3938654107 0 1 1 0 0 1 0 0 1 0 1 1 1508286497 4072491329 4072491329 4072491329 4072491329 4072491329 4072491329 12 1
1 1 0 2558102199 0 1 0 0 1 1 0 0 1 1 1 0 2088047539 2397861663 2558102195 0 1 1 0 0 1 0 0 1 1 1 0 2088047539 2397861663 2397861663 2397861663 2397861663 2397861663 2397861663 12 1
1 1 1 1071787047 0 0 1 1 1 1 0 0 0 0 0 0 496270853 4181628927 1071787047 1 1 1 0 0 0 0 0 0 0 0 0 0 0 0 0 0 0 0 12 1
0 1 0 2103385351 0 1 0 0 1 0 0 1 1 1 1 1 1439062623 1456710035 2103385346 0 1 0 0 1 1 0 1 1 1 1 1 1439062623 1456710035 1456710035 1456710035 1456710035 1456710035 1456710035 12 1
1 1 1 2903828131 1 1 0 1 1 1 0 0 0 1 0 0 927126487 1269261501 2903828135 1 1 1 0 0 0 0 0 0 1 0 0 927126487 1269261501 1269261501 1269261501 1269261501 1269261501 1269261501 12 1
0 0 1 1680572473 1 0 0 0 1 1 1 1 1 1 0 1 304186519 1712169371 1680572476 0 1 1 1 1 1 1 1 1 1 0 1 304186519 1712169371 1712169371 1712169371 1712169371 1712169371 1712169371 12 1
0 0 0 94488532 0 1 0 0 0 0 1 0 1 1 0 0 3810870189 3671690483 94488528 0 0 0 1 0 1 1 0 1 1 0 0 3810870189 3671690483 3671690483 3671690483 3671690483 3671690483 3671690483 12 1
0 1 0 3947815642 1 1 0 0 1 1 1 0 0 1 0 0 3378603857 1411603423 3947815642 0 1 1 1 0 0 1 0 0 1 0 0 3378603857 1411603423 1411603423 1411603423 1411603423 1411603423 1411603423 12 1
0 1 1 3556214229 1 1 0 0 1 1 0 1 1 0 1 0 3339936525 4054388737 3556214230 0 1 1 0 1 1 0 1 1 0 1 0 3339936525 4054388737 4054388737 4054388737 4054388737 4054388737 4054388737 12 1
0 1 0 2233715669 1 0 0 0 1 1 1 1 0 0 0 0 1780575731 1830792803 2233715666 0 1 1 1 1 0 1 1 0 0 0 0 1780575731 1830792803 1830792803 1830792803 1830792803 1830792803 1830792803 12 1
1 0 1 281284053 0 0 1 0 1 0 0 1 1 1 1 0 2149639053 2699619971 281284053 0 1 0 0 1 1 0 1 1 1 1 0 2149639053 2699619971 2699619971 2699619971 2699619971 2699619971 2699619971 12 1
1 0 0 3378146244 0 0 1 1 1 1 0 0 0 0 1 1 2257589803 3038650501 3378146241 1 1 1 0 0 0 0 0 0 0 1 1 0 0 0 0 0 0 0 12 1
1 0 0 2525047284 1 1 1 0 1 1 1 0 0 0 0 0 1655142077 1818116569 2525047281 0 1 1 1 0 0 1 0 0 0 0 0 0 0 0 0 0 0 0 12 1
0 1 1 888370398 0 1 0 1 0 1 1 0 1 0 0 1 1428538871 3128616765 888370398 1 0 1 1 0 1 1 0 1 0 0 1 1428538871 3128616765 3128616765 3128616765 3128616765 3128616765 3128616765 12 1
0 0 1 836888564 1 0 1 0 1 1 0 0 1 1 0 1 4062228567 1185675061 836888564 0 1 1 0 0 1 0 0 1 1 0 1 4062228567 1185675061 1185675061 1185675061 1185675061 1185675061 1185675061 12 1
0 0 0 2106326887 0 0 0 1 0 1 0 0 1 1 0 0 3186123023 2058350517 2106326880 1 0 1 0 0 1 0 0 1 1 0 0 3186123023 2058350517 2058350517 2058350517 2058350517 2058350517 2058350517 12 1
1 0 0 1830551901 1 0 0 0 1 0 1 1 1 0 1 0 1278801783 450511441 1830551897 0 1 0 1 1 1 1 1 1 0 1 0 1278801783 450511441 450511441 450511441 450511441 450511441 450511441 12 1
0 1 0 3539485670 0 0 1 1 0 1 0 0 0 1 0 0 3681148729 1622071299 3539485666 1 0 1 0 0 0 0 0 0 1 0 0 0 0 0 0 0 0 0 12 1
1 0 0 3646896778 1 1 1 0 1 1 1 1 1 1 0 0 203007725 2374901245 3646896777 0 1 1 1 1 1 1 1 1 1 0 0 203007725 2374901245 2374901245 2374901245 2374901245 2374901245 2374901245 12 1
1 1 1 4074556370 0 1 1 0 0 0 0 1 1 0 0 0 666011527 4263191587 4074556375 0 0 0 0 1 1 0 1 1 0 0 0 666011527 4263191587 4263191587 4263191587 4263191587 4263191587 4263191587 12 1
0 1 1 2607696772 1 1 1 0 0 1 1 1 0 1 1 0 3163322761 54465785 2607696774 0 0 1 1 1 0 1 1 0 1 1 0 0 0 0 0 0 0 0 12 1
0 0 0 2676242226 0 1 0 0 0 1 0 1 1 0 0 0 655837597 1192327817 2676242224 0 0 1 0 1 1 0 1 1 0 0 0 655837597 1192327817 1192327817 1192327817 1192327817 1192327817 1192327817 12 1
1 0 0 1417090558 0 1 1 1 0 1 0 0 0 0 1 0 1572110705 1306826287 1417090553 1 0 1 0 0 0 0 0 0 0 1 0 0 0 0 0 0 0 0 12 1
1 1 1 3252367984 0 0 1 0 0 0 1 0 0 1 0 0 2040187923 868827127 3252367991 0 0 0 1 0 0 1 0 0 1 0 0 0 0 0 0 0 0 0 12 1
0 1 0 2828032941 0 0 0 1 1 0 1 1 1 0 0 1 156830127 2681476221 2828032938 1 1 0 1 1 1 1 1 1 0 0 1 156830127 2681476221 2681476221 2681476221 2681476221 2681476221 2681476221 12 1
1 0 1 315733082 0 0 0 0 0 0 0 0 1 0 1 0 609332439 1735257761 315733085 0 0 0 0 0 1 0 0 1 0 1 0 609332439 1735257761 1735257761 1735257761 1735257761 1735257761 1735257761 12 1
1 0 0 1405063928 1 0 0 0 0 1 0 1 1 1 1 1 897146701 4162859855 1405063929 0 0 1 0 1 1 0 1 1 1 1 1 897146701 4162859855 4162859855 4162859855 4162859855 4162859855 4162859855 12 1
1 1 1 1070697276 0 0 0 0 0 0 1 0 0 0 1 0 632301243 1504210561 1070697279 0 0 0 1 0 0 1 0 0 0 1 0 632301243 1504210561 1504210561 1504210561 1504210561 1504210561 1504210561 12 1
0 1 0 2069211478 1 1 0 1 0 0 1 1 1 1 0 1 3453582663 1148762611 2069211474 1 0 0 1 1 1 1 1 1 1 0 1 3453582663 1148762611 1148762611 1148762611 1148762611 1148762611 1148762611 12 1
0 1 1 1853704725 0 1 1 0 1 1 1 0 1 0 1 0 97607891 544424573 1853704726 0 1 1 1 0 1 1 0 1 0 1 0 97607891 544424573 544424573 544424573 544424573 544424573 544424573 12 1
1 0 0 3687557497 0 1 0 0 1 1 0 1 0 0 0 1 292960513 3815619189 3687557497 0 1 1 0 1 0 0 1 0 0 0 1 292960513 3815619189 3815619189 3815619189 3815619189 3815619189 3815619189 12 1
0 1 0 3852593204 0 1 1 0 1 1 1 1 0 0 1 1 929263411 531124119 3852593202 0 1 1 1 1 0 1 1 0 0 1 1 0 0 0 0 0 0 0 12 1
1 0 0 2057887338 1 1 0 0 1 0 1 0 0 0 1 0 601558205 1497783331 2057887337 0 1 0 1 0 0 1 0 0 0 1 0 601558205 1497783331 1497783331 1497783331 1497783331 1497783331 1497783331 12 1
1 1 0 2493564068 1 0 1 0 0 1 0 1 0 0 1 1 697862775 1940531519 2493564067 0 0 1 0 1 0 0 1 0 0 1 1 0 0 0 0 0 0 0 12 1
1 1 0 1452767794 0 0 0 1 0 0 1 0 1 1 1 1 3951027033 4260498655 1452767795 1 0 0 1 0 1 1 0 1 1 1 1 3951027033 4260498655 4260498655 4260498655 4260498655 4260498655 4260498655 12 1
1 1 0 3285564260 0 1 0 1 1 1 1 0 1 0 1 0 3346737029 2338831877 3285564259 1 1 1 1 0 1 1 0 1 0 1 0 3346737029 2338831877 2338831877 2338831877 2338831877 2338831877 2338831877 12 1
0 1 1 1224500265 1 0 1 1 1 0 0 0 1 0 0 0 576864971 482118867 1224500270 1 1 0 0 0 1 0 0 1 0 0 0 576864971 482118867 482118867 482118867 482118867 482118867 482118867 12 1
1 1 0 3371952265 0 0 1 1 0 0 1 0 1 1 1 0 1354783819 2757280575 3371952267 1 0 0 1 0 1 1 0 1 1 1 0 1354783819 2757280575 2757280575 2757280575 2757280575 2757280575 2757280575 12 1
1 0 0 3525973186 0 1 0 0 0 1 0 1 0 1 1 1 1550630103 1158807415 3525973185 0 0 1 0 1 0 0 1 0 1 1 1 1550630103 1158807415 1158807415 1158807415 1158807415 1158807415 1158807415 12 1
0 0 0 3882520103 0 0 1 1 0 0 1 1 0 0 1 0 1014552241 148147499 3882520096 1 0 0 1 1 0 1 1 0 0 1 0 0 0 0 0 0 0 0 12 1
0 0 1 3959551458 0 0 0 1 0 1 0 0 1 0 1 1 1264531331 4287908259 3959551460 1 0 1 0 0 1 0 0 1 0 1 1 1264531331 4287908259 4287908259 4287908259 4287908259 4287908259 4287908259 12 1
0 0 1 3765905937 0 1 0 1 1 1 1 1 0 1 0 1 1474880983 904395701 3765905940 1 1 1 1 1 0 1 1 0 1 0 1 1474880983 904395701 904395701 904395701 904395701 904395701 904395701 12 1
1 0 1 2281077874 1 0 1 0 1 0 1 1 1 0 0 0 468133331 1926364627 2281077877 0 1 0 1 1 1 1 1 1 0 0 0 468133331 1926364627 1926364627 1926364627 1926364627 1926364627 1926364627 12 1
0 0 1 1255851316 1 0 1 1 1 0 0 1 1 0 0 0 2983682427 1492546801 1255851316 1 1 0 0 1 1 0 1 1 0 0 0 2983682427 1492546801 1492546801 1492546801 1492546801 1492546801 1492546801 12 1
1 1 0 1652633635 0 0 1 1 1 0 1 1 0 0 1 1 3379147387 3482708143 1652633635 1 1 0 1 1 0 1 1 0 0 1 1 0 0 0 0 0 0 0 12 1
1 1 0 584822537 0 1 1 1 0 1 1 1 1 0 0 0 1338945389 2623803035 584822539 1 0 1 1 1 1 1 1 1 0 0 0 1338945389 2623803035 2623803035 2623803035 2623803035 2623803035 2623803035 12 1
1 0 0 1193247569 0 0 1 0 1 1 0 0 1 1 0 0 2190144019 1179504297 1193247569 0 1 1 0 0 1 0 0 1 1 0 0 2190144019 1179504297 1179504297 1179504297 1179504297 1179504297 1179504297 12 1
1 0 1 2757512438 1 1 1 1 0 0 0 0 1 0 0 0 3303815113 602210901 2757512437 1 0 0 0 0 1 0 0 1 0 0 0 3303815113 602210901 602210901 602210901 602210901 602210901 602210901 12 1
1 0 0 1984206769 1 0 1 1 0 1 1 0 0 1 1 0 4149641459 704839889 1984206769 1 0 1 1 0 0 1 0 0 1 1 0 0 0 0 0 0 0 0 12 1
0 0 0 215656289 1 0 1 0 0 1 1 1 1 0 1 1 386576485 1491714429 215656288 0 0 1 1 1 1 1 1 1 0 1 1 386576485 1491714429 1491714429 1491714429 1491714429 1491714429 1491714429 12 1
0 0 1 3389963963 0 0 1 0 0 0 0 0 0 0 1 0 4151708927 3016321869 3389963964 0 0 0 0 0 0 0 0 0 0 1 0 0 0 0 0 0 0 0 12 1
1 0 0 2003135956 0 0 0 0 1 1 1 0 1 0 0 0 624293465 3194976761 2003135953 0 1 1 1 0 1 1 0 1 0 0 0 624293465 3194976761 3194976761 3194976761 3194976761 3194976761 3194976761 12 1
1 1 1 3132028154 1 0 1 0 0 0 0 0 0 1 0 0 232639533 1907733643 3132028159 0 0 0 0 0 0 0 0 0 1 0 0 0 0 0 0 0 0 0 12 1
0 0 0 223183671 1 1 0 1 1 0 0 1 1 1 1 1 63581733 2898969039 223183664 1 1 0 0 1 1 0 1 1 1 1 1 63581733 2898969039 2898969039 2898969039 2898969039 2898969039 2898969039 12 1
1 1 0 1571746936 0 0 1 1 0 0 1 0 0 0 0 1 4292190969 1669897087 1571746939 1 0 0 1 0 0 1 0 0 0 0 1 0 0 0 0 0 0 0 12 1
1 1 0 3473263003 0 1 1 0 0 0 1 0 0 0 1 1 1561044541 2876056619 3473263003 0 0 0 1 0 0 1 0 0 0 1 1 0 0 0 0 0 0 0 12 1
0 0 0 2371854790 0 1 1 1 0 1 1 1 0 1 0 0 3851776491 112575535 2371854784 1 0 1 1 1 0 1 1 0 1 0 0 0 0 0 0 0 0 0 12 1
1 1 1 1867441871 0 1 0 1 1 1 1 0 1 0 1 0 712334065 2580587433 1867441871 1 1 1 1 0 1 1 0 1 0 1 0 712334065 2580587433 2580587433 2580587433 2580587433 2580587433 2580587433 12 1
1 1 1 602711649 0 0 0 0 0 1 0 1 1 1 1 0 108712255 2598781345 602711655 0 0 1 0 1 1 0 1 1 1 1 0 108712255 2598781345 2598781345 2598781345 2598781345 2598781345 2598781345 12 1
1 1 1 2426914828 1 1 0 0 0 0 0 0 1 1 1 0 1026784969 1972479335 2426914831 0 0 0 0 0 1 0 0 1 1 1 0 1026784969 1972479335 1972479335 1972479335 1972479335 1972479335 1972479335 12 1
0 0 0 3116499358 1 0 1 1 0 1 0 0 0 1 1 0 335169323 1745384985 3116499352 1 0 1 0 0 0 0 0 0 1 1 0 0 0 0 0 0 0 0 12 1
0 0 1 648224377 1 1 0 1 1 1 0 0 0 0 1 0 109666319 262232231 648224380 1 1 1 0 0 0 0 0 0 0 1 0 109666319 262232231 262232231 262232231 262232231 262232231 262232231 12 1
1 0 1 281254311 1 1 1 0 1 1 0 0 0 1 0 1 4023174131 864665059 281254309 0 1 1 0 0 0 0 0 0 1 0 1 0 0 0 0 0 0 0 12 1
1 0 0 307244378 1 0 0 0 0 1 0 1 1 1 1 0 2585900375 143642873 307244377 0 0 1 0 1 1 0 1 1 1 1 0 2585900375 143642873 143642873 143642873 143642873 143642873 143642873 12 1
0 1 1 1532427004 0 0 1 0 0 0 1 0 0 1 1 1 899798687 2901401897 1532427006 0 0 0 1 0 0 1 0 0 1 1 1 0 0 0 0 0 0 0 12 1
0 1 0 2843970942 0 0 1 1 0 0 0 0 1 0 1 0 3828985881 762501495 2843970938 1 0 0 0 0 1 0 0 1 0 1 0 3828985881 762501495 762501495 762501495 762501495 762501495 762501495 12 1
0 0 0 1708691820 0 0 1 0 1 0 1 0 1 0 0 1 872813293 2395617481 1708691816 0 1 0 1 0 1 1 0 1 0 0 1 872813293 2395617481 2395617481 2395617481 2395617481 2395617481 2395617481 12 1
0 1 0 3935452510 1 0 0 0 0 0 0 0 1 1 1 0 669088311 2970382747 3935452506 0 0 0 0 0 1 0 0 1 1 1 0 669088311 2970382747 2970382747 2970382747 2970382747 2970382747 2970382747 12 1
0 0 0 1366976292 0 1 0 0 0 1 0 1 1 0 0 1 3908644733 1966355137 1366976288 0 0 1 0 1 1 0 1 1 0 0 1 3908644733 1966355137 1966355137 1966355137 1966355137 1966355137 1966355137 12 1
1 0 0 1560902540 1 1 1 0 1 0 0 0 1 0 1 1 133842335 3713500205 1560902537 0 1 0 0 0 1 0 0 1 0 1 1 133842335 3713500205 3713500205 3713500205 3713500205 3713500205 3713500205 12 1
0 1 1 1941694081 1 0 0 0 1 0 0 0 1 1 1 1 795283133 1629484065 1941694086 0 1 0 0 0 1 0 0 1 1 1 1 795283133 1629484065 1629484065 1629484065 1629484065 1629484065 1629484065 12 1
1 1 1 1339653185 0 0 1 1 0 0 1 1 0 1 1 1 1031522245 2861789543 1339653191 1 0 0 1 1 0 1 1 0 1 1 1 0 0 0 0 0 0 0 12 1
0 0 0 1435736157 0 0 1 1 0 1 1 0 0 1 0 0 3891849391 221541139 1435736152 1 0 1 1 0 0 1 0 0 1 0 0 0 0 0 0 0 0 0 12 1
1 1 1 1143225141 1 0 1 0 1 1 1 0 0 0 0 0 2652967865 1412528703 1143225143 0 1 1 1 0 0 1 0 0 0 0 0 0 0 0 0 0 0 0 12 1
1 1 0 1983258761 1 1 1 1 1 0 0 0 1 0 1 0 964509749 1742848153 1983258763 1 1 0 0 0 1 0 0 1 0 1 0 964509749 1742848153 1742848153 1742848153 1742848153 1742848153 1742848153 12 1
1 0 1 4177622971 0 1 1 1 1 1 0 0 0 1 0 1 1036655879 2719206307 4177622973 1 1 1 0 0 0 0 0 0 1 0 1 0 0 0 0 0 0 0 12 1
0 0 1 4132246574 1 1 0 1 0 0 1 1 1 1 0 1 1580306209 2895792389 4132246572 1 0 0 1 1 1 1 1 1 1 0 1 1580306209 2895792389 2895792389 2895792389 2895792389 2895792389 2895792389 12 1
0 0 1 1264293015 0 0 1 0 0 0 1 1 1 0 1 0 3316365179 585518765 1264293012 0 0 0 1 1 1 1 1 1 0 1 0 3316365179 585518765 585518765 585518765 585518765 585518765 585518765 12 1
0 0 0 768126936 1 1 1 1 0 0 0 1 0 1 1 1 1894628327 1345743531 768126936 1 0 0 0 1 0 0 1 0 1 1 1 0 0 0 0 0 0 0 12 1
1 0 1 1285982624 0 0 1 0 0 0 0 0 1 1 1 0 2040762825 3706195997 1285982629 0 0 0 0 0 1 0 0 1 1 1 0 2040762825 3706195997 3706195997 3706195997 3706195997 3706195997 3706195997 12 1
0 0 0 4219938660 0 0 0 0 0 1 1 1 0 0 1 0 3567816911 49880553 4219938656 0 0 1 1 1 0 1 1 0 0 1 0 3567816911 49880553 49880553 49880553 49880553 49880553 49880553 12 1
1 1 0 2051774659 0 1 0 0 1 1 1 1 1 1 1 0 3138794659 196733773 2051774659 0 1 1 1 1 1 1 1 1 1 1 0 3138794659 196733773 196733773 196733773 196733773 196733773 196733773 12 1
1 0 1 3932980416 1 1 1 0 0 0 0 1 0 1 1 1 1704454353 2651143619 3932980421 0 0 0 0 1 0 0 1 0 1 1 1 0 0 0 0 0 0 0 12 1
1 1 1 1307722193 1 0 0 0 0 1 0 0 0 0 1 1 3990244101 4288783881 1307722199 0 0 1 0 0 0 0 0 0 0 1 1 3990244101 4288783881 4288783881 4288783881 4288783881 4288783881 4288783881 12 1
1 1 1 3528609009 0 0 1 1 1 0 1 0 1 0 0 0 3090478717 880944353 3528609015 1 1 0 1 0 1 1 0 1 0 0 0 3090478717 880944353 880944353 880944353 880944353 880944353 880944353 12 1
0 0 0 289112647 0 0 0 1 0 0 1 1 0 1 0 1 3492665149 2280810525 289112640 1 0 0 1 1 0 1 1 0 1 0 1 3492665149 2280810525 2280810525 2280810525 2280810525 2280810525 2280810525 12 1
0 0 1 1238434324 1 0 0 0 0 1 0 1 1 0 0 0 2604741061 2989751197 1238434324 0 0 1 0 1 1 0 1 1 0 0 0 2604741061 2989751197 2989751197 2989751197 2989751197 2989751197 2989751197 12 1
0 1 1 2995361751 1 1 1 0 0 0 1 1 1 1 0 0 4109147539 4020376175 2995361750 0 0 0 1 1 1 1 1 1 1 0 0 4109147539 4020376175 4020376175 4020376175 4020376175 4020376175 4020376175 12 1
1 1 1 1874085256 1 0 0 1 1 1 0 1 0 0 1 1 294060641 4238276517 1874085263 1 1 1 0 1 0 0 1 0 0 1 1 294060641 4238276517 4238276517 4238276517 4238276517 4238276517 4238276517 12 1
0 1 1 4087346088 0 1 1 0 0 1 0 1 0 1 0 0 1355918397 99478393 4087346094 0 0 1 0 1 0 0 1 0 1 0 0 0 0 0 0 0 0 0 12 1
1 1 0 3762073788 1 0 0 1 1 1 1 1 0 0 0 1 1773499989 1440977487 3762073787 1 1 1 1 1 0 1 1 0 0 0 1 1773499989 1440977487 1440977487 1440977487 1440977487 1440977487 1440977487 12 1
1 1 0 1698624526 1 0 1 1 0 1 0 0 1 1 0 1 86196931 753948075 1698624523 1 0 1 0 0 1 0 0 1 1 0 1 86196931 753948075 753948075 753948075 753948075 753948075 753948075 12 1
1 0 0 1992822970 0 0 0 1 1 0 1 0 0 0 0 0 153122461 635347943 1992822969 1 1 0 1 0 0 1 0 0 0 0 0 153122461 635347943 635347943 635347943 635347943 635347943 635347943 12 1
0 1 1 1735919354 0 1 0 0 0 0 1 0 1 0 1 1 2401206127 1818345227 1735919358 0 0 0 1 0 1 1 0 1 0 1 1 2401206127 1818345227 1818345227 1818345227 1818345227 1818345227 1818345227 12 1
0 1 0 3891960411 1 1 1 1 1 1 1 1 0 1 0 1 3572497225 3793539649 3891960410 1 1 1 1 1 0 1 1 0 1 0 1 0 0 0 0 0 0 0 12 1
0 1 0 403883470 1 0 1 1 0 1 1 1 0 1 1 1 325314855 2855612517 403883466 1 0 1 1 1 0 1 1 0 1 1 1 0 0 0 0 0 0 0 12 1
1 1 0 1948409206 1 0 1 0 1 1 1 0 0 0 1 1 619361885 3215377847 1948409203 0 1 1 1 0 0 1 0 0 0 1 1 0 0 0 0 0 0 0 12 1
0 0 1 2646590525 0 0 0 0 0 0 0 1 0 1 1 1 1016736725 1468299167 2646590524 0 0 0 0 1 0 0 1 0 1 1 1 1016736725 1468299167 1468299167 1468299167 1468299167 1468299167 1468299167 12 1
0 0 0 218744512 1 0 1 0 0 1 0 0 0 1 1 1 762228727 4289401885 218744512 0 0 1 0 0 0 0 0 0 1 1 1 0 0 0 0 0 0 0 12 1
0 0 1 1419232350 0 1 0 1 0 1 1 0 0 0 1 1 1101822943 2697813909 1419232348 1 0 1 1 0 0 1 0 0 0 1 1 1101822943 2697813909 2697813909 2697813909 2697813909 2697813909 2697813909 12 1
0 0 0 1138037783 0 0 0 1 1 0 1 1 0 0 1 0 921298325 965183783 1138037776 1 1 0 1 1 0 1 1 0 0 1 0 921298325 965183783 965183783 965183783 965183783 965183783 965183783 12 1
0 1 0 3316608491 1 0 1 0 1 1 0 1 0 1 0 1 1769312595 375706607 3316608490 0 1 1 0 1 0 0 1 0 1 0 1 0 0 0 0 0 0 0 12 1
0 0 0 2391622953 1 0 1 0 1 1 0 1 1 1 1 1 3642058655 3301598149 2391622952 0 1 1 0 1 1 0 1 1 1 1 1 3642058655 3301598149 3301598149 3301598149 3301598149 3301598149 3301598149 12 1
1 0 1 292654307 0 0 1 0 1 1 0 1 1 1 0 1 3488908167 3248520649 292654309 0 1 1 0 1 1 0 1 1 1 0 1 3488908167 3248520649 3248520649 3248520649 3248520649 3248520649 3248520649 12 1
0 0 1 2918242509 1 0 1 1 0 0 0 0 1 1 0 1 1778379457 1398502331 2918242508 1 0 0 0 0 1 0 0 1 1 0 1 1778379457 1398502331 1398502331 1398502331 1398502331 1398502331 1398502331 12 1
1 0 0 475867523 1 1 0 0 0 0 1 1 1 0 0 0 2042277171 530499333 475867521 0 0 0 1 1 1 1 1 1 0 0 0 2042277171 530499333 530499333 530499333 530499333 530499333 530499333 12 1
0 1 1 1328805751 0 0 0 1 1 0 0 1 0 0 0 1 899497415 3999252307 1328805750 1 1 0 0 1 0 0 1 0 0 0 1 899497415 3999252307 3999252307 3999252307 3999252307 3999252307 3999252307 12 1
1 0 1 2626577611 0 1 1 1 1 0 1 0 0 1 0 0 1286631433 2041057641 2626577613 1 1 0 1 0 0 1 0 0 1 0 0 0 0 0 0 0 0 0 12 1
1 1 0 2926954032 0 1 0 1 0 0 0 0 1 0 0 1 3282716011 3866118993 2926954035 1 0 0 0 0 1 0 0 1 0 0 1 3282716011 3866118993 3866118993 3866118993 3866118993 3866118993 3866118993 12 1
0 1 1 3685538390 0 1 1 1 1 1 0 1 1 0 0 1 3583100199 4220523535 3685538390 1 1 1 0 1 1 0 1 1 0 0 1 3583100199 4220523535 4220523535 4220523535 4220523535 4220523535 4220523535 12 1
1 1 1 3891130644 1 1 0 0 0 1 1 1 1 1 0 0 2501640075 3681637451 3891130647 0 0 1 1 1 1 1 1 1 1 0 0 2501640075 3681637451 3681637451 3681637451 3681637451 3681637451 3681637451 12 1
1 1 0 1840086181 0 1 0 1 0 0 0 1 0 0 0 0 1553149229 1654107035 1840086179 1 0 0 0 1 0 0 1 0 0 0 0 1553149229 1654107035 1654107035 1654107035 1654107035 1654107035 1654107035 12 1
0 1 0 1887256377 1 0 0 0 0 1 0 1 1 1 0 0 4159574617 1391495427 1887256378 0 0 1 0 1 1 0 1 1 1 0 0 4159574617 1391495427 1391495427 1391495427 1391495427 1391495427 1391495427 12 1
1 0 0 1216026496 0 1 0 1 0 1 1 0 0 1 1 1 1305965979 845389933 1216026497 1 0 1 1 0 0 1 0 0 1 1 1 1305965979 845389933 845389933 845389933 845389933 845389933 845389933 12 1
0 1 1 1656288918 1 1 0 0 0 1 0 1 1 0 0 0 4174441623 3163734051 1656288918 0 0 1 0 1 1 0 1 1 0 0 0 4174441623 3163734051 3163734051 3163734051 3163734051 3163734051 3163734051 12 1
1 1 1 791265211 1 0 1 0 1 0 0 1 0 1 0 1 3185878597 2901486667 791265215 0 1 0 0 1 0 0 1 0 1 0 1 0 0 0 0 0 0 0 12 1
0 0 1 1531807293 0 1 1 1 0 0 1 0 0 1 0 1 2105557575 1667015419 1531807292 1 0 0 1 0 0 1 0 0 1 0 1 0 0 0 0 0 0 0 12 1
1 0 1 2115482412 1 1 0 1 1 1 0 0 1 0 0 1 1231246565 3333701937 2115482413 1 1 1 0 0 1 0 0 1 0 0 1 1231246565 3333701937 3333701937 3333701937 3333701937 3333701937 3333701937 12 1
0 0 0 1708039661 0 0 1 0 0 1 1 0 0 0 0 1 537790605 1878675687 1708039656 0 0 1 1 0 0 1 0 0 0 0 1 0 0 0 0 0 0 0 12 1
1 1 1 2162781043 1 1 0 0 1 1 1 1 0 0 0 1 3847211991 1524189103 2162781047 0 1 1 1 1 0 1 1 0 0 0 1 3847211991 1524189103 1524189103 1524189103 1524189103 1524189103 1524189103 12 1
1 1 1 2999939056 0 0 1 0 1 0 0 1 0 1 1 0 446886295 4289898099 2999939063 0 1 0 0 1 0 0 1 0 1 1 0 0 0 0 0 0 0 0 12 1
0 1 0 2915190356 0 0 0 0 1 1 0 1 0 0 0 0 2023515943 3708542179 2915190354 0 1 1 0 1 0 0 1 0 0 0 0 2023515943 3708542179 3708542179 3708542179 3708542179 3708542179 3708542179 12 1
1 1 1 1290300481 0 1 0 0 1 0 1 1 1 0 1 0 231112985 1398870063 1290300487 0 1 0 1 1 1 1 1 1 0 1 0 231112985 1398870063 1398870063 1398870063 1398870063 1398870063 1398870063 12 1
0 1 1 866406606 1 0 0 1 1 1 1 1 1 1 1 0 1486510115 889317743 866406606 1 1 1 1 1 1 1 1 1 1 1 0 1486510115 889317743 889317743 889317743 889317743 889317743 889317743 12 1
0 0 1 2909038808 1 1 1 1 0 0 0 0 1 1 0 0 632104011 1149450773 2909038812 1 0 0 0 0 1 0 0 1 1 0 0 632104011 1149450773 1149450773 1149450773 1149450773 1149450773 1149450773 12 1
0 1 1 3423139918 0 0 0 1 0 0 0 0 0 1 0 1 2102443215 706618369 3423139918 1 0 0 0 0 0 0 0 0 1 0 1 2102443215 706618369 706618369 706618369 706618369 706618369 706618369 12 1
1 0 1 1795690777 0 0 0 0 1 1 1 0 1 0 0 1 1179025831 4237616481 1795690781 0 1 1 1 0 1 1 0 1 0 0 1 1179025831 4237616481 4237616481 4237616481 4237616481 4237616481 4237616481 12 1
1 1 1 2229265921 0 0 1 1 1 0 1 1 1 0 1 0 1491689789 1983593803 2229265927 1 1 0 1 1 1 1 1 1 0 1 0 1491689789 1983593803 1983593803 1983593803 1983593803 1983593803 1983593803 12 1
0 0 1 1132652323 0 1 0 0 0 0 0 0 0 1 0 0 2179700281 424410057 1132652324 0 0 0 0 0 0 0 0 0 1 0 0 2179700281 424410057 424410057 424410057 424410057 424410057 424410057 12 1
0 0 0 3360705351 0 0 0 1 1 1 1 1 1 1 0 1 2095376065 1013995367 3360705344 1 1 1 1 1 1 1 1 1 1 0 1 2095376065 1013995367 1013995367 1013995367 1013995367 1013995367 1013995367 12 1
1 1 1 2836676361 0 1 0 0 1 1 1 0 1 0 1 0 4199270165 4186130119 2836676367 0 1 1 1 0 1 1 0 1 0 1 0 4199270165 4186130119 4186130119 4186130119 4186130119 4186130119 4186130119 12 1
0 1 1 2781982893 0 0 1 0 0 0 1 1 1 1 1 1 3711460289 2648462011 2781982894 0 0 0 1 1 1 1 1 1 1 1 1 3711460289 2648462011 2648462011 2648462011 2648462011 2648462011 2648462011 12 1
1 0 1 3212356928 0 1 1 0 1 0 0 0 0 1 1 1 3919146409 3851427853 3212356933 0 1 0 0 0 0 0 0 0 1 1 1 0 0 0 0 0 0 0 12 1
1 1 0 354286165 1 1 0 0 1 0 0 0 1 1 1 1 1245579783 2830609029 354286163 0 1 0 0 0 1 0 0 1 1 1 1 1245579783 2830609029 2830609029 2830609029 2830609029 2830609029 2830609029 12 1
0 0 0 2974330373 1 0 1 1 1 1 0 1 0 1 0 0 2681396507 2812459221 2974330368 1 1 1 0 1 0 0 1 0 1 0 0 0 0 0 0 0 0 0 12 1
1 1 0 4025852183 1 1 1 1 1 0 1 1 0 0 1 0 3165109353 1195524685 4025852179 1 1 0 1 1 0 1 1 0 0 1 0 0 0 0 0 0 0 0 12 1
1 1 1 4098048965 0 0 0 1 1 0 0 1 0 0 0 0 3147409497 3404082047 4098048967 1 1 0 0 1 0 0 1 0 0 0 0 3147409497 3404082047 3404082047 3404082047 3404082047 3404082047 3404082047 12 1
0 1 1 2415984942 1 0 1 0 0 0 1 0 0 1 0 0 3567175915 2500258357 2415984942 0 0 0 1 0 0 1 0 0 1 0 0 0 0 0 0 0 0 0 12 1
1 0 0 155691575 1 0 0 0 1 0 1 0 0 0 1 0 1169916569 4121688725 155691569 0 1 0 1 0 0 1 0 0 0 1 0 1169916569 4121688725 4121688725 4121688725 4121688725 4121688725 4121688725 12 1
1 1 1 2044026923 0 0 1 0 0 0 1 0 1 0 0 0 645782547 2163717817 2044026927 0 0 0 1 0 1 1 0 1 0 0 0 645782547 2163717817 2163717817 2163717817 2163717817 2163717817 2163717817 12 1
0 1 1 447041152 1 1 1 1 0 0 0 1 1 1 0 1 439208587 2939683403 447041158 1 0 0 0 1 1 0 1 1 1 0 1 439208587 2939683403 2939683403 2939683403 2939683403 2939683403 2939683403 12 1
0 1 0 2667217448 0 0 0 1 0 1 1 0 0 0 1 1 1412456411 149188743 2667217450 1 0 1 1 0 0 1 0 0 0 1 1 1412456411 149188743 149188743 149188743 149188743 149188743 149188743 12 1
1 1 0 3841847148 0 0 0 1 0 0 1 1 1 1 1 1 1994298091 2185054779 3841847147 1 0 0 1 1 1 1 1 1 1 1 1 1994298091 2185054779 2185054779 2185054779 2185054779 2185054779 2185054779 12 1
1 0 1 1087809138 1 1 1 1 0 0 0 1 1 0 0 1 2952824413 2074367463 1087809141 1 0 0 0 1 1 0 1 1 0 0 1 2952824413 2074367463 2074367463 2074367463 2074367463 2074367463 2074367463 12 1
0 0 1 1681239201 1 1 0 0 1 0 0 1 0 0 1 0 2396683031 2418519839 1681239204 0 1 0 0 1 0 0 1 0 0 1 0 2396683031 2418519839 2418519839 2418519839 2418519839 2418519839 2418519839 12 1
0 1 0 1410872197 0 0 0 0 0 0 0 1 1 1 1 1 4219751253 2240352379 1410872194 0 0 0 0 1 1 0 1 1 1 1 1 4219751253 2240352379 2240352379 2240352379 2240352379 2240352379 2240352379 12 1
0 0 0 1659885709 0 0 0 0 0 1 0 0 0 1 0 1 1418453253 580258441 1659885704 0 0 1 0 0 0 0 0 0 1 0 1 1418453253 580258441 580258441 580258441 580258441 580258441 580258441 12 1
1 0 1 233125154 0 0 1 1 1 0 1 0 0 0 1 1 3731884953 1122214683 233125157 1 1 0 1 0 0 1 0 0 0 1 1 0 0 0 0 0 0 0 12 1
0 1 0 3098896309 1 1 1 0 1 1 1 0 0 0 0 1 2110838779 1080450071 3098896306 0 1 1 1 0 0 1 0 0 0 0 1 0 0 0 0 0 0 0 12 1
1 0 1 3944475224 1 1 1 1 1 0 0 1 1 0 0 0 530784247 1855466117 3944475229 1 1 0 0 1 1 0 1 1 0 0 0 530784247 1855466117 1855466117 1855466117 1855466117 1855466117 1855466117 12 1
1 0 1 2727389186 1 0 0 1 0 1 0 0 1 1 1 1 1589851017 1496917747 2727389189 1 0 1 0 0 1 0 0 1 1 1 1 1589851017 1496917747 1496917747 1496917747 1496917747 1496917747 1496917747 12 1
1 1 0 1701252062 0 1 1 1 1 0 0 0 1 0 0 1 2292933573 277956035 1701252059 1 1 0 0 0 1 0 0 1 0 0 1 2292933573 277956035 277956035 277956035 277956035 277956035 277956035 12 1
1 0 1 3507949861 0 1 1 0 0 1 1 0 1 1 0 0 2373204671 3193684327 3507949861 0 0 1 1 0 1 1 0 1 1 0 0 2373204671 3193684327 3193684327 3193684327 3193684327 3193684327 3193684327 12 1
0 1 0 3781065071 1 1 1 1 0 0 0 1 0 0 0 0 201889737 3794781351 3781065066 1 0 0 0 1 0 0 1 0 0 0 0 0 0 0 0 0 0 0 12 1
1 1 1 7323571 1 0 1 0 1 0 1 0 0 0 0 0 826276843 2887274983 7323575 0 1 0 1 0 0 1 0 0 0 0 0 0 0 0 0 0 0 0 12 1
0 1 0 792386582 1 1 1 1 0 0 0 1 1 0 1 1 3619122983 701479555 792386578 1 0 0 0 1 1 0 1 1 0 1 1 3619122983 701479555 701479555 701479555 701479555 701479555 701479555 12 1
1 0 0 891410751 0 1 1 1 0 1 1 1 0 1 0 0 1537800143 2657163199 891410745 1 0 1 1 1 0 1 1 0 1 0 0 0 0 0 0 0 0 0 12 1
0 0 0 2469462833 0 1 1 1 1 1 1 1 1 1 0 0 3805443125 3177352567 2469462832 1 1 1 1 1 1 1 1 1 1 0 0 3805443125 3177352567 3177352567 3177352567 3177352567 3177352567 3177352567 12 1
1 0 1 596533455 1 0 1 1 0 1 1 0 0 0 0 0 1743585609 408705495 596533453 1 0 1 1 0 0 1 0 0 0 0 0 0 0 0 0 0 0 0 12 1
1 1 1 2676152806 0 0 1 0 0 1 0 0 0 0 0 1 637777499 3017710427 2676152807 0 0 1 0 0 0 0 0 0 0 0 1 0 0 0 0 0 0 0 12 1
1 0 0 3801428205 1 1 1 0 0 0 1 0 0 1 1 0 146656985 2023094027 3801428201 0 0 0 1 0 0 1 0 0 1 1 0 0 0 0 0 0 0 0 12 1
0 1 1 1251142663 0 1 1 1 0 0 0 1 0 1 1 0 1487366509 1316129117 1251142662 1 0 0 0 1 0 0 1 0 1 1 0 0 0 0 0 0 0 0 12 1
0 1 1 1302381590 0 0 0 1 1 1 1 0 1 0 0 1 3503769717 1945012659 1302381590 1 1 1 1 0 1 1 0 1 0 0 1 3503769717 1945012659 1945012659 1945012659 1945012659 1945012659 1945012659 12 1
0 1 0 1005114639 1 1 0 1 1 0 1 1 1 0 1 1 3566690209 1338243899 1005114634 1 1 0 1 1 1 1 1 1 0 1 1 3566690209 1338243899 1338243899 1338243899 1338243899 1338243899 1338243899 12 1
1 0 1 4119418648 1 0 1 0 0 1 0 1 0 1 1 0 1809701961 3546048143 4119418653 0 0 1 0 1 0 0 1 0 1 1 0 0 0 0 0 0 0 0 12 1
1 0 0 1540071077 1 0 1 0 0 1 0 0 1 1 0 0 3826624847 3327474105 1540071073 0 0 1 0 0 1 0 0 1 1 0 0 3826624847 3327474105 3327474105 3327474105 3327474105 3327474105 3327474105 12 1
1 0 0 1911214820 0 0 0 1 1 1 0 1 1 1 1 0 3426217435 3783858725 1911214817 1 1 1 0 1 1 0 1 1 1 1 0 3426217435 3783858725 3783858725 3783858725 3783858725 3783858725 3783858725 12 1
0 0 1 3457841113 1 0 1 1 0 1 0 0 0 1 0 1 2190151969 12738803 3457841116 1 0 1 0 0 0 0 0 0 1 0 1 0 0 0 0 0 0 0 12 1
1 1 1 3999010315 1 0 0 0 1 0 1 1 1 1 1 0 1795116101 3852962937 3999010319 0 1 0 1 1 1 1 1 1 1 1 0 1795116101 3852962937 3852962937 3852962937 3852962937 3852962937 3852962937 12 1
0 1 0 2043663548 0 1 1 0 1 0 0 0 1 0 0 0 3950545397 1642237957 2043663546 0 1 0 0 0 1 0 0 1 0 0 0 3950545397 1642237957 1642237957 1642237957 1642237957 1642237957 1642237957 12 1
0 1 1 507144095 0 0 0 1 0 1 0 0 0 1 0 0 2193998449 2816561923 507144094 1 0 1 0 0 0 0 0 0 1 0 0 2193998449 2816561923 2816561923 2816561923 2816561923 2816561923 2816561923 12 1
0 1 1 2214780247 0 1 1 0 1 1 0 1 1 1 0 0 3183171823 3453550433 2214780246 0 1 1 0 1 1 0 1 1 1 0 0 3183171823 3453550433 3453550433 3453550433 3453550433 3453550433 3453550433 12 1
0 1 0 3967056804 0 1 0 1 1 1 0 0 1 1 1 0 3441780661 3198046105 3967056802 1 1 1 0 0 1 0 0 1 1 1 0 3441780661 3198046105 3198046105 3198046105 3198046105 3198046105 3198046105 12 1
1 0 1 406465458 1 0 1 0 0 0 0 0 1 1 0 0 2743924431 1537968839 406465461 0 0 0 0 0 1 0 0 1 1 0 0 2743924431 1537968839 1537968839 1537968839 1537968839 1537968839 1537968839 12 1
0 1 1 3137208988 0 0 0 0 0 0 1 1 1 1 1 0 4027728475 3534210525 3137208990 0 0 0 1 1 1 1 1 1 1 1 0 4027728475 3534210525 3534210525 3534210525 3534210525 3534210525 3534210525 12 1
1 0 0 2141131647 0 0 1 1 0 0 0 0 1 0 0 0 2562079541 177911017 2141131641 1 0 0 0 0 1 0 0 1 0 0 0 2562079541 177911017 177911017 177911017 177911017 177911017 177911017 12 1
0 1 1 851139810 1 0 0 0 0 1 0 0 0 1 1 0 591950851 1767795293 851139814 0 0 1 0 0 0 0 0 0 1 1 0 591950851 1767795293 1767795293 1767795293 1767795293 1767795293 1767795293 12 1
1 0 1 405027076 1 0 0 1 1 1 1 1 1 0 1 0 2787906413 100647263 405027077 1 1 1 1 1 1 1 1 1 0 1 0 2787906413 100647263 100647263 100647263 100647263 100647263 100647263 12 1
0 1 0 400610779 0 0 1 1 0 0 1 1 1 1 1 0 3228326681 1641405769 400610778 1 0 0 1 1 1 1 1 1 1 1 0 3228326681 1641405769 1641405769 1641405769 1641405769 1641405769 1641405769 12 1
1 0 0 175020500 1 1 1 1 0 1 0 1 1 1 0 0 223309845 1612097605 175020497 1 0 1 0 1 1 0 1 1 1 0 0 223309845 1612097605 1612097605 1612097605 1612097605 1612097605 1612097605 12 1
1 0 1 1221418467 0 0 0 1 0 0 1 0 0 0 0 1 2493870629 360839421 1221418469 1 0 0 1 0 0 1 0 0 0 0 1 2493870629 360839421 360839421 360839421 360839421 360839421 360839421 12 1
1 0 0 4182616018 1 0 1 1 1 1 0 0 0 0 1 1 3562115623 3520837845 4182616017 1 1 1 0 0 0 0 0 0 0 1 1 0 0 0 0 0 0 0 12 1
0 1 0 2408245581 0 1 0 0 1 1 1 0 0 1 1 0 2388317149 3027592225 2408245578 0 1 1 1 0 0 1 0 0 1 1 0 2388317149 3027592225 3027592225 3027592225 3027592225 3027592225 3027592225 12 1
0 1 1 3737707974 0 1 0 1 1 0 0 1 1 1 1 1 1891214595 3018350833 3737707974 1 1 0 0 1 1 0 1 1 1 1 1 1891214595 3018350833 3018350833 3018350833 3018350833 3018350833 3018350833 12 1
1 1 1 92905265 1 1 1 1 0 1 1 0 1 1 1 1 1192246297 776647713 92905271 1 0 1 1 0 1 1 0 1 1 1 1 1192246297 776647713 776647713 776647713 776647713 776647713 776647713 12 1
1 1 0 563689935 1 0 1 0 0 0 0 1 1 0 0 0 2928415555 2110475537 563689931 0 0 0 0 1 1 0 1 1 0 0 0 2928415555 2110475537 2110475537 2110475537 2110475537 2110475537 2110475537 12 1
0 0 0 1078649341 0 1 1 1 1 1 1 1 0 0 0 1 398505161 128722837 1078649336 1 1 1 1 1 0 1 1 0 0 0 1 0 0 0 0 0 0 0 12 1
0 1 1 1202888190 0 1 0 0 0 0 1 1 0 0 1 1 2469886309 689814879 1202888190 0 0 0 1 1 0 1 1 0 0 1 1 2469886309 689814879 689814879 689814879 689814879 689814879 689814879 12 1
1 1 1 3796257512 1 0 0 1 0 0 0 0 0 0 1 1 2498804517 2543738631 3796257519 1 0 0 0 0 0 0 0 0 0 1 1 2498804517 2543738631 2543738631 2543738631 2543738631 2543738631 2543738631 12 1
1 0 1 2214016358 1 1 1 1 1 0 0 1 1 1 0 1 1136175689 3322671241 2214016357 1 1 0 0 1 1 0 1 1 1 0 1 1136175689 3322671241 3322671241 3322671241 3322671241 3322671241 3322671241 12 1
1 1 1 3819979952 0 1 1 0 1 1 1 1 1 0 1 0 480051971 752671025 3819979959 0 1 1 1 1 1 1 1 1 0 1 0 480051971 752671025 752671025 752671025 752671025 752671025 752671025 12 1
1 1 1 2768377425 1 0 0 1 0 0 0 1 1 1 0 0 2056745385 885549961 2768377431 1 0 0 0 1 1 0 1 1 1 0 0 2056745385 885549961 885549961 885549961 885549961 885549961 885549961 12 1
0 0 0 127823382 0 1 0 1 0 0 0 1 1 0 0 0 1046107889 2010827125 127823376 1 0 0 0 1 1 0 1 1 0 0 0 1046107889 2010827125 2010827125 2010827125 2010827125 2010827125 2010827125 12 1
0 1 0 4215475334 0 0 0 0 0 0 1 1 1 0 0 0 8233591 2105405893 4215475330 0 0 0 1 1 1 1 1 1 0 0 0 8233591 2105405893 2105405893 2105405893 2105405893 2105405893 2105405893 12 1
0 0 0 2848931005 1 0 1 0 1 0 1 0 1 1 1 0 658579677 598124317 2848931000 0 1 0 1 0 1 1 0 1 1 1 0 658579677 598124317 598124317 598124317 598124317 598124317 598124317 12 1
1 1 0 2724732215 1 1 0 0 1 0 1 1 1 0 1 0 3399702399 2164123409 2724732211 0 1 0 1 1 1 1 1 1 0 1 0 3399702399 2164123409 2164123409 2164123409 2164123409 2164123409 2164123409 12 1
1 0 1 758153150 0 1 1 1 1 0 0 1 0 0 1 1 1890965917 635275521 758153149 1 1 0 0 1 0 0 1 0 0 1 1 0 0 0 0 0 0 0 12 1
1 0 0 2764606626 0 1 1 0 1 1 0 0 1 1 1 1 1561847921 3269069857 2764606625 0 1 1 0 0 1 0 0 1 1 1 1 1561847921 3269069857 3269069857 3269069857 3269069857 3269069857 3269069857 12 1
1 0 1 4091418323 1 0 1 0 1 0 0 0 0 1 0 1 284029723 1521226205 4091418325 0 1 0 0 0 0 0 0 0 1 0 1 0 0 0 0 0 0 0 12 1
0 1 0 2630060099 0 0 0 0 0 1 0 1 0 0 1 1 2060771111 2320458013 2630060098 0 0 1 0 1 0 0 1 0 0 1 1 2060771111 2320458013 2320458013 2320458013 2320458013 2320458013 2320458013 12 1
1 0 1 1055166442 0 0 1 0 0 1 1 1 0 1 0 1 2112733281 3046609561 1055166445 0 0 1 1 1 0 1 1 0 1 0 1 0 0 0 0 0 0 0 12 1
1 1 0 3250864310 0 1 1 1 0 0 0 1 0 0 1 1 186489145 1826967567 3250864307 1 0 0 0 1 0 0 1 0 0 1 1 0 0 0 0 0 0 0 12 1
1 1 0 411655347 0 0 0 1 1 0 1 1 0 1 1 0 1809025219 3708760061 411655347 1 1 0 1 1 0 1 1 0 1 1 0 1809025219 3708760061 3708760061 3708760061 3708760061 3708760061 3708760061 12 1
1 0 1 627099137 1 0 0 0 1 0 1 1 0 1 0 0 428901377 1163450931 627099141 0 1 0 1 1 0 1 1 0 1 0 0 428901377 1163450931 1163450931 1163450931 1163450931 1163450931 1163450931 12 1
0 0 1 3152710422 1 1 1 1 0 0 0 0 1 0 1 0 182959845 2942148781 3152710420 1 0 0 0 0 1 0 0 1 0 1 0 182959845 2942148781 2942148781 2942148781 2942148781 2942148781 2942148781 12 1
1 1 1 3202133158 1 0 1 0 1 1 0 1 1 0 1 0 4124259609 856498357 3202133159 0 1 1 0 1 1 0 1 1 0 1 0 4124259609 856498357 856498357 856498357 856498357 856498357 856498357 12 1
1 0 1 575127329 1 1 0 1 1 1 1 1 1 0 0 0 3896165593 1592073129 575127333 1 1 1 1 1 1 1 1 1 0 0 0 3896165593 1592073129 1592073129 1592073129 1592073129 1592073129 1592073129 12 1
1 0 1 3802406790 0 1 1 1 1 0 1 0 1 0 0 0 642946705 1885457141 3802406789 1 1 0 1 0 1 1 0 1 0 0 0 642946705 1885457141 1885457141 1885457141 1885457141 1885457141 1885457141 12 1
1 1 1 4016823514 0 0 0 0 0 1 0 1 1 1 1 1 3439351617 993590259 4016823519 0 0 1 0 1 1 0 1 1 1 1 1 3439351617 993590259 993590259 993590259 993590259 993590259 993590259 12 1
1 0 0 10135524 1 1 0 1 0 0 1 1 1 1 1 1 228802187 408335525 10135521 1 0 0 1 1 1 1 1 1 1 1 1 228802187 408335525 408335525 408335525 408335525 408335525 408335525 12 1
1 0 0 976070789 1 0 1 0 1 1 1 0 1 1 0 0 855851973 3593930783 976070785 0 1 1 1 0 1 1 0 1 1 0 0 855851973 3593930783 3593930783 3593930783 3593930783 3593930783 3593930783 12 1
0 0 1 194017881 0 0 1 0 1 1 0 1 0 1 0 0 4120712911 3517125029 194017884 0 1 1 0 1 0 0 1 0 1 0 0 0 0 0 0 0 0 0 12 1
1 0 0 1500557006 1 0 1 0 1 1 1 1 1 1 0 1 544695817 3351616103 1500557001 0 1 1 1 1 1 1 1 1 1 0 1 544695817 3351616103 3351616103 3351616103 3351616103 3351616103 3351616103 12 1
0 1 1 2881133533 0 1 0 1 0 0 1 1 0 0 1 0 655264931 1086529789 2881133534 1 0 0 1 1 0 1 1 0 0 1 0 655264931 1086529789 1086529789 1086529789 1086529789 1086529789 1086529789 12 1
1 0 0 2553579186 1 0 1 1 0 1 0 0 1 1 0 1 869465611 2123612775 2553579185 1 0 1 0 0 1 0 0 1 1 0 1 869465611 2123612775 2123612775 2123612775 2123612775 2123612775 2123612775 12 1
0 1 1 1343258092 1 1 1 0 1 1 0 1 0 1 0 1 3634867657 1800905835 1343258094 0 1 1 0 1 0 0 1 0 1 0 1 0 0 0 0 0 0 0 12 1
1 0 1 3802056770 1 1 1 1 0 0 1 0 1 1 1 1 2463938711 4238222009 3802056773 1 0 0 1 0 1 1 0 1 1 1 1 2463938711 4238222009 4238222009 4238222009 4238222009 4238222009 4238222009 12 1
0 0 0 3473862196 1 0 1 0 0 0 0 0 1 1 0 0 846392751 2337174635 3473862192 0 0 0 0 0 1 0 0 1 1 0 0 846392751 2337174635 2337174635 2337174635 2337174635 2337174635 2337174635 12 1
0 0 1 4374123 1 1 0 1 1 0 0 0 1 1 1 0 1260180953 125353015 4374124 1 1 0 0 0 1 0 0 1 1 1 0 1260180953 125353015 125353015 125353015 125353015 125353015 125353015 12 1
0 1 0 3498640170 1 1 1 0 0 0 1 0 0 1 0 0 2995660947 3674409275 3498640170 0 0 0 1 0 0 1 0 0 1 0 0 0 0 0 0 0 0 0 12 1
0 1 0 1859271036 0 1 0 1 0 0 1 1 1 0 0 0 1309798389 4122929033 1859271034 1 0 0 1 1 1 1 1 1 0 0 0 1309798389 4122929033 4122929033 4122929033 4122929033 4122929033 4122929033 12 1
0 1 0 2966715447 0 0 1 1 1 0 1 1 1 1 1 0 2041644007 2695601711 2966715442 1 1 0 1 1 1 1 1 1 1 1 0 2041644007 2695601711 2695601711 2695601711 2695601711 2695601711 2695601711 12 1
0 0 1 189809841 1 1 1 0 0 1 1 1 0 1 0 0 2046339813 2552127237 189809844 0 0 1 1 1 0 1 1 0 1 0 0 0 0 0 0 0 0 0 12 1
0 1 1 3593942935 0 0 0 0 1 1 0 1 1 0 1 1 2283805637 3556390427 3593942934 0 1 1 0 1 1 0 1 1 0 1 1 2283805637 3556390427 3556390427 3556390427 3556390427 3556390427 3556390427 12 1
1 1 1 90808851 1 1 0 1 1 1 0 1 1 1 0 0 2875195287 3196169395 90808855 1 1 1 0 1 1 0 1 1 1 0 0 2875195287 3196169395 3196169395 3196169395 3196169395 3196169395 3196169395 12 1
1 1 0 3531738268 0 0 0 0 0 0 1 1 0 1 0 1 2053547207 625637437 3531738267 0 0 0 1 1 0 1 1 0 1 0 1 2053547207 625637437 625637437 625637437 625637437 625637437 625637437 12 1
1 1 0 758281132 1 1 1 0 0 0 1 0 0 1 0 0 4206743209 2841416799 758281131 0 0 0 1 0 0 1 0 0 1 0 0 0 0 0 0 0 0 0 12 1
1 1 0 3713748206 0 0 0 0 1 1 0 0 0 1 0 0 3008387145 3864891853 3713748203 0 1 1 0 0 0 0 0 0 1 0 0 3008387145 3864891853 3864891853 3864891853 3864891853 3864891853 3864891853 12 1
0 1 1 668669906 0 0 0 1 1 0 1 0 1 0 1 0 3357064425 1757205161 668669910 1 1 0 1 0 1 1 0 1 0 1 0 3357064425 1757205161 1757205161 1757205161 1757205161 1757205161 1757205161 12 1
1 1 1 2709728669 1 0 0 1 1 1 1 1 0 1 1 1 3649026713 1798153889 2709728671 1 1 1 1 1 0 1 1 0 1 1 1 3649026713 1798153889 1798153889 1798153889 1798153889 1798153889 1798153889 12 1
1 1 1 794768945 1 1 1 1 0 0 1 0 0 1 1 0 1590315841 1311633361 794768951 1 0 0 1 0 0 1 0 0 1 1 0 0 0 0 0 0 0 0 12 1
0 1 1 699513620 0 0 1 1 1 1 1 0 0 0 0 1 1118512723 988254641 699513622 1 1 1 1 0 0 1 0 0 0 0 1 0 0 0 0 0 0 0 12 1
0 1 0 3893203312 1 1 1 1 1 0 1 1 0 1 1 0 2627017223 3665307137 3893203314 1 1 0 1 1 0 1 1 0 1 1 0 0 0 0 0 0 0 0 12 1
1 1 0 2343276941 1 1 1 1 0 0 1 0 1 0 0 1 2418416239 1667824391 2343276939 1 0 0 1 0 1 1 0 1 0 0 1 2418416239 1667824391 1667824391 1667824391 1667824391 1667824391 1667824391 12 1
1 1 1 11721943 0 1 1 0 0 1 1 0 0 1 1 0 3122603307 4098495757 11721943 0 0 1 1 0 0 1 0 0 1 1 0 0 0 0 0 0 0 0 12 1
0 0 0 3557791597 0 0 1 0 1 1 0 1 0 1 1 0 4264200279 1796902393 3557791592 0 1 1 0 1 0 0 1 0 1 1 0 0 0 0 0 0 0 0 12 1
1 0 0 573439486 0 1 1 1 1 0 0 0 1 1 1 1 1781860957 263515705 573439481 1 1 0 0 0 1 0 0 1 1 1 1 1781860957 263515705 263515705 263515705 263515705 263515705 263515705 12 1
0 0 0 1559253439 0 1 1 0 1 1 0 0 1 1 1 0 166445391 1124196971 1559253432 0 1 1 0 0 1 0 0 1 1 1 0 166445391 1124196971 1124196971 1124196971 1124196971 1124196971 1124196971 12 1
1 0 1 981104731 0 1 1 0 1 0 1 0 1 0 1 1 1841271957 4117118519 981104733 0 1 0 1 0 1 1 0 1 0 1 1 1841271957 4117118519 4117118519 4117118519 4117118519 4117118519 4117118519 12 1
1 0 0 3980671893 1 1 1 1 1 0 0 1 1 1 0 0 3612750233 2099593993 3980671889 1 1 0 0 1 1 0 1 1 1 0 0 3612750233 2099593993 2099593993 2099593993 2099593993 2099593993 2099593993 12 1
1 1 1 71838670 0 0 1 1 0 1 0 1 1 1 0 1 1531603719 2027599863 71838671 1 0 1 0 1 1 0 1 1 1 0 1 1531603719 2027599863 2027599863 2027599863 2027599863 2027599863 2027599863 12 1
1 0 1 867473720 1 1 1 1 1 1 0 0 0 1 0 1 3861346275 435265043 867473725 1 1 1 0 0 0 0 0 0 1 0 1 0 0 0 0 0 0 0 12 1
1 1 1 510008218 1 1 1 0 1 0 1 0 0 0 0 1 1361340821 770363409 510008223 0 1 0 1 0 0 1 0 0 0 0 1 0 0 0 0 0 0 0 12 1
1 1 0 3173860576 0 1 1 0 0 0 1 0 1 0 0 0 2402810721 195630373 3173860579 0 0 0 1 0 1 1 0 1 0 0 0 2402810721 195630373 195630373 195630373 195630373 195630373 195630373 12 1
1 0 1 1940564326 1 1 1 0 0 0 1 0 0 0 1 1 2390899999 1597591133 1940564325 0 0 0 1 0 0 1 0 0 0 1 1 0 0 0 0 0 0 0 12 1
1 1 0 836307167 0 1 1 0 1 1 1 1 0 1 1 1 2405426361 1485879445 836307163 0 1 1 1 1 0 1 1 0 1 1 1 0 0 0 0 0 0 0 12 1
0 0 0 1231511565 1 1 0 1 0 1 0 1 0 0 1 0 1361685883 2805799489 1231511560 1 0 1 0 1 0 0 1 0 0 1 0 1361685883 2805799489 2805799489 2805799489 2805799489 2805799489 2805799489 12 1
1 1 1 1300311761 0 0 1 0 1 0 1 0 0 0 0 0 660616721 3815894251 1300311767 0 1 0 1 0 0 1 0 0 0 0 0 0 0 0 0 0 0 0 12 1
0 0 1 1886901671 1 1 0 0 1 1 0 1 1 1 1 1 612157991 1507705425 1886901668 0 1 1 0 1 1 0 1 1 1 1 1 612157991 1507705425 1507705425 1507705425 1507705425 1507705425 1507705425 12 1
0 0 0 1276793418 1 1 0 0 0 0 1 0 0 0 1 1 870569329 2054377163 1276793416 0 0 0 1 0 0 1 0 0 0 1 1 870569329 2054377163 2054377163 2054377163 2054377163 2054377163 2054377163 12 1
1 0 1 2078897372 0 0 1 0 1 1 0 1 1 1 1 1 1535573211 2115809603 2078897373 0 1 1 0 1 1 0 1 1 1 1 1 1535573211 2115809603 2115809603 2115809603 2115809603 2115809603 2115809603 12 1
0 0 1 2729290933 0 1 1 1 0 1 0 0 1 0 1 0 1381825369 3401889469 2729290932 1 0 1 0 0 1 0 0 1 0 1 0 1381825369 3401889469 3401889469 3401889469 3401889469 3401889469 3401889469 12 1
1 1 0 2386534701 1 1 0 0 0 1 1 0 1 0 0 1 378489899 1703160863 2386534699 0 0 1 1 0 1 1 0 1 0 0 1 378489899 1703160863 1703160863 1703160863 1703160863 1703160863 1703160863 12 1
1 1 0 1867315071 0 1 1 0 0 1 1 0 0 0 1 0 471158439 2708438589 1867315067 0 0 1 1 0 0 1 0 0 0 1 0 0 0 0 0 0 0 0 12 1
0 0 1 2875583331 0 0 1 1 1 0 0 0 1 0 1 0 2867540329 401336173 2875583332 1 1 0 0 0 1 0 0 1 0 1 0 2867540329 401336173 401336173 401336173 401336173 401336173 401336173 12 1
0 0 1 498275036 1 0 1 0 0 0 1 0 1 1 0 0 2640883833 4282955093 498275036 0 0 0 1 0 1 1 0 1 1 0 0 2640883833 4282955093 4282955093 4282955093 4282955093 4282955093 4282955093 12 1
0 0 1 674678040 0 1 0 0 1 1 0 1 1 0 0 1 4096975409 3153858837 674678044 0 1 1 0 1 1 0 1 1 0 0 1 4096975409 3153858837 3153858837 3153858837 3153858837 3153858837 3153858837 12 1
0 0 1 3578943216 0 1 1 1 0 0 0 1 0 0 0 0 2106885981 40008487 3578943220 1 0 0 0 1 0 0 1 0 0 0 0 0 0 0 0 0 0 0 12 1
0 1 1 146660616 0 1 1 1 1 1 1 0 0 1 1 1 1770233833 3634449779 146660622 1 1 1 1 0 0 1 0 0 1 1 1 0 0 0 0 0 0 0 12 1
0 1 0 1539316470 1 1 0 1 1 0 1 0 1 0 0 0 3820356389 292314669 1539316466 1 1 0 1 0 1 1 0 1 0 0 0 3820356389 292314669 292314669 292314669 292314669 292314669 292314669 12 1
0 0 1 135788423 0 0 1 0 0 1 0 1 0 1 0 0 3846341351 1005141319 135788420 0 0 1 0 1 0 0 1 0 1 0 0 0 0 0 0 0 0 0 12 1
1 1 0 323984344 1 1 1 0 0 0 0 0 0 1 1 0 141028727 3000019499 323984347 0 0 0 0 0 0 0 0 0 1 1 0 0 0 0 0 0 0 0 12 1
1 0 1 967740562 1 1 0 0 0 0 1 0 1 0 1 1 2381172863 3435608751 967740565 0 0 0 1 0 1 1 0 1 0 1 1 2381172863 3435608751 3435608751 3435608751 3435608751 3435608751 3435608751 12 1
0 0 0 1926170909 0 1 1 1 1 1 1 0 0 1 0 0 2608291543 758282973 1926170904 1 1 1 1 0 0 1 0 0 1 0 0 0 0 0 0 0 0 0 12 1
1 0 0 3474366507 0 1 1 1 0 0 1 1 0 1 1 0 2689269499 1982052143 3474366505 1 0 0 1 1 0 1 1 0 1 1 0 0 0 0 0 0 0 0 12 1
0 0 1 35351713 0 0 0 0 0 1 0 0 1 1 1 0 1595165933 2138440651 35351716 0 0 1 0 0 1 0 0 1 1 1 0 1595165933 2138440651 2138440651 2138440651 2138440651 2138440651 2138440651 12 1
0 1 0 3354983423 1 1 0 0 1 1 1 1 1 1 0 0 3653782017 1712961561 3354983418 0 1 1 1 1 1 1 1 1 1 0 0 3653782017 1712961561 1712961561 1712961561 1712961561 1712961561 1712961561 12 1
0 0 0 923789478 1 1 0 1 1 0 0 1 1 1 0 1 1739453691 1932348451 923789472 1 1 0 0 1 1 0 1 1 1 0 1 1739453691 1932348451 1932348451 1932348451 1932348451 1932348451 1932348451 12 1
0 0 1 4282462359 0 1 1 0 0 1 1 1 0 0 1 1 2088201027 2589339689 4282462356 0 0 1 1 1 0 1 1 0 0 1 1 0 0 0 0 0 0 0 12 1
1 1 1 3177988206 0 0 1 1 0 1 1 1 0 1 0 1 3289303097 3589571601 3177988207 1 0 1 1 1 0 1 1 0 1 0 1 0 0 0 0 0 0 0 12 1
0 1 0 2655628275 1 1 1 1 0 0 1 1 1 0 0 1 2503640605 4287882757 2655628274 1 0 0 1 1 1 1 1 1 0 0 1 2503640605 4287882757 4287882757 4287882757 4287882757 4287882757 4287882757 12 1
1 0 1 3122411747 0 1 0 0 1 0 0 0 0 0 0 0 4208882349 529345347 3122411749 0 1 0 0 0 0 0 0 0 0 0 0 4208882349 529345347 529345347 529345347 529345347 529345347 529345347 12 1
1 1 0 3887086663 0 0 0 1 0 0 1 1 0 1 0 1 256468847 2712033135 3887086659 1 0 0 1 1 0 1 1 0 1 0 1 256468847 2712033135 2712033135 2712033135 2712033135 2712033135 2712033135 12 1
0 0 0 2772263785 1 1 0 0 1 0 0 0 1 1 1 1 4182885485 2564938053 2772263784 0 1 0 0 0 1 0 0 1 1 1 1 4182885485 2564938053 2564938053 2564938053 2564938053 2564938053 2564938053 12 1
0 0 1 1510199312 1 1 0 0 0 1 1 0 1 1 0 0 1591083809 2880099169 1510199316 0 0 1 1 0 1 1 0 1 1 0 0 1591083809 2880099169 2880099169 2880099169 2880099169 2880099169 2880099169 12 1
0 1 0 2885088724 1 0 1 0 1 1 0 1 0 1 1 1 60989019 216260259 2885088722 0 1 1 0 1 0 0 1 0 1 1 1 0 0 0 0 0 0 0 12 1
0 0 1 2757304748 1 0 1 1 0 1 1 1 0 0 1 1 793498175 1928328655 2757304748 1 0 1 1 1 0 1 1 0 0 1 1 0 0 0 0 0 0 0 12 1
0 1 0 1020039097 0 1 1 1 1 0 0 0 0 0 0 0 2316982391 794856441 1020039098 1 1 0 0 0 0 0 0 0 0 0 0 0 0 0 0 0 0 0 12 1
1 1 0 1520241851 0 0 0 1 0 0 0 0 0 1 1 1 1276356677 2357506213 1520241851 1 0 0 0 0 0 0 0 0 1 1 1 1276356677 2357506213 2357506213 2357506213 2357506213 2357506213 2357506213 12 1
1 0 1 2463618928 0 0 1 1 0 1 1 1 1 1 1 1 1683654175 1656576063 2463618933 1 0 1 1 1 1 1 1 1 1 1 1 1683654175 1656576063 1656576063 1656576063 1656576063 1656576063 1656576063 12 1
1 0 1 2047886346 0 0 1 0 1 0 0 1 0 0 0 0 893340031 4213257651 2047886349 0 1 0 0 1 0 0 1 0 0 0 0 0 0 0 0 0 0 0 12 1
0 1 0 1288302166 0 0 1 0 0 0 0 1 1 0 0 0 3258294057 2827681471 1288302162 0 0 0 0 1 1 0 1 1 0 0 0 3258294057 2827681471 2827681471 2827681471 2827681471 2827681471 2827681471 12 1
1 0 1 2999333447 1 1 0 0 1 1 0 0 0 1 1 0 4269582751 699135669 2999333445 0 1 1 0 0 0 0 0 0 1 1 0 4269582751 699135669 699135669 699135669 699135669 699135669 699135669 12 1
0 0 0 3478705423 0 0 0 1 1 1 1 1 1 1 0 1 40972773 2704563403 3478705416 1 1 1 1 1 1 1 1 1 1 0 1 40972773 2704563403 2704563403 2704563403 2704563403 2704563403 2704563403 12 1
0 0 0 2670391979 1 1 0 0 0 1 1 0 1 1 1 1 3282532933 3008778461 2670391976 0 0 1 1 0 1 1 0 1 1 1 1 3282532933 3008778461 3008778461 3008778461 3008778461 3008778461 3008778461 12 1
0 0 0 4031608317 0 1 1 1 1 1 1 0 1 0 0 0 266850389 21426841 4031608312 1 1 1 1 0 1 1 0 1 0 0 0 266850389 21426841 21426841 21426841 21426841 21426841 21426841 12 1
0 1 1 3405434531 0 1 0 0 0 0 1 0 0 1 1 0 1221373059 2561413027 3405434534 0 0 0 1 0 0 1 0 0 1 1 0 1221373059 2561413027 2561413027 2561413027 2561413027 2561413027 2561413027 12 1
0 1 1 631911737 0 1 0 1 0 0 0 1 1 1 0 0 1225778763 988487287 631911742 1 0 0 0 1 1 0 1 1 1 0 0 1225778763 988487287 988487287 988487287 988487287 988487287 988487287 12 1
1 0 1 3530350258 0 1 1 1 0 0 1 1 1 0 1 0 3179760117 1699729095 3530350261 1 0 0 1 1 1 1 1 1 0 1 0 3179760117 1699729095 1699729095 1699729095 1699729095 1699729095 1699729095 12 1
0 1 0 2628576622 1 0 1 1 1 0 0 1 1 1 1 0 3125457615 48051769 2628576618 1 1 0 0 1 1 0 1 1 1 1 0 3125457615 48051769 48051769 48051769 48051769 48051769 48051769 12 1
0 1 1 2591637990 1 0 1 0 1 1 0 1 0 1 1 0 3976643807 4264522007 2591637990 0 1 1 0 1 0 0 1 0 1 1 0 0 0 0 0 0 0 0 12 1
1 0 0 4113503989 0 1 0 1 1 1 0 0 0 0 0 0 1426772363 1857780151 4113503985 1 1 1 0 0 0 0 0 0 0 0 0 1426772363 1857780151 1857780151 1857780151 1857780151 1857780151 1857780151 12 1
0 0 1 3243762283 0 0 0 0 1 1 1 1 0 0 0 1 1688397207 1294739717 3243762284 0 1 1 1 1 0 1 1 0 0 0 1 1688397207 1294739717 1294739717 1294739717 1294739717 1294739717 1294739717 12 1
0 1 0 3891290654 0 0 1 0 0 1 0 0 0 0 0 1 3048410579 3708870941 3891290650 0 0 1 0 0 0 0 0 0 0 0 1 0 0 0 0 0 0 0 12 1
1 1 0 1009532024 1 1 1 1 0 0 1 0 0 0 0 1 1398594343 2329972421 1009532027 1 0 0 1 0 0 1 0 0 0 0 1 0 0 0 0 0 0 0 12 1
1 0 0 1258171694 0 0 1 0 0 0 1 1 0 1 0 1 2007468017 1353209255 1258171689 0 0 0 1 1 0 1 1 0 1 0 1 0 0 0 0 0 0 0 12 1
0 1 0 3811017282 1 1 0 0 1 0 1 0 1 0 0 1 1832506503 2696490751 3811017282 0 1 0 1 0 1 1 0 1 0 0 1 1832506503 2696490751 2696490751 2696490751 2696490751 2696490751 2696490751 12 1
0 0 1 2700729928 0 1 0 1 1 1 0 1 0 0 0 1 2859172215 2078222047 2700729932 1 1 1 0 1 0 0 1 0 0 0 1 2859172215 2078222047 2078222047 2078222047 2078222047 2078222047 2078222047 12 1
1 1 0 1252144792 0 0 1 1 0 1 1 1 1 1 0 0 3054719643 2776342817 1252144795 1 0 1 1 1 1 1 1 1 1 0 0 3054719643 2776342817 2776342817 2776342817 2776342817 2776342817 2776342817 12 1
0 0 0 1429292104 0 0 0 0 0 0 1 1 1 0 1 0 1654096847 199870055 1429292104 0 0 0 1 1 1 1 1 1 0 1 0 1654096847 199870055 199870055 199870055 199870055 199870055 199870055 12 1
0 0 0 3781090277 1 1 1 1 0 0 1 0 1 0 0 0 3377253103 2835998843 3781090272 1 0 0 1 0 1 1 0 1 0 0 0 3377253103 2835998843 2835998843 2835998843 2835998843 2835998843 2835998843 12 1
0 0 0 2214635992 0 0 1 0 1 0 0 0 0 1 0 1 3734909947 4211667375 2214635992 0 1 0 0 0 0 0 0 0 1 0 1 0 0 0 0 0 0 0 12 1
1 1 1 3988555988 0 0 1 1 0 0 1 1 0 0 1 0 3102302733 3695195143 3988555991 1 0 0 1 1 0 1 1 0 0 1 0 0 0 0 0 0 0 0 12 1
0 1 1 836954672 1 1 1 1 0 0 1 0 1 0 0 0 2057192759 2023326559 836954678 1 0 0 1 0 1 1 0 1 0 0 0 2057192759 2023326559 2023326559 2023326559 2023326559 2023326559 2023326559 12 1
0 0 0 2485607235 1 0 0 0 0 1 1 1 1 0 1 1 2569670201 1711062407 2485607232 0 0 1 1 1 1 1 1 1 0 1 1 2569670201 1711062407 1711062407 1711062407 1711062407 1711062407 1711062407 12 1
1 0 0 1192685631 0 0 0 0 1 0 1 0 1 0 1 0 2145996537 536356001 1192685625 0 1 0 1 0 1 1 0 1 0 1 0 2145996537 536356001 536356001 536356001 536356001 536356001 536356001 12 1
0 1 1 2979922910 1 0 0 1 1 1 0 0 1 1 1 1 1373196093 856592019 2979922910 1 1 1 0 0 1 0 0 1 1 1 1 1373196093 856592019 856592019 856592019 856592019 856592019 856592019 12 1
0 1 0 352296569 1 0 1 0 1 1 0 1 1 1 0 0 2948783515 1935073095 352296570 0 1 1 0 1 1 0 1 1 1 0 0 2948783515 1935073095 1935073095 1935073095 1935073095 1935073095 1935073095 12 1
1 0 0 862881930 1 0 0 0 0 1 1 1 1 0 1 0 2422646615 1081114321 862881929 0 0 1 1 1 1 1 1 1 0 1 0 2422646615 1081114321 1081114321 1081114321 1081114321 1081114321 1081114321 12 1
0 1 0 3564931462 1 1 1 1 1 1 0 0 0 1 1 0 2965053891 446154665 3564931458 1 1 1 0 0 0 0 0 0 1 1 0 0 0 0 0 0 0 0 12 1
1 0 1 2184010052 0 0 0 0 1 1 0 1 0 0 0 0 1592697251 432228747 2184010053 0 1 1 0 1 0 0 1 0 0 0 0 1592697251 432228747 432228747 432228747 432228747 432228747 432228747 12 1
0 1 1 2677064543 0 0 0 0 1 1 0 1 1 1 1 0 4071727269 2031824005 2677064542 0 1 1 0 1 1 0 1 1 1 1 0 4071727269 2031824005 2031824005 2031824005 2031824005 2031824005 2031824005 12 1
0 0 0 682694251 1 1 1 1 0 1 0 0 0 1 1 1 4123032825 2778126505 682694248 1 0 1 0 0 0 0 0 0 1 1 1 0 0 0 0 0 0 0 12 1
0 1 0 10642081 0 0 1 0 0 1 0 1 1 0 0 0 123265089 4109902761 10642082 0 0 1 0 1 1 0 1 1 0 0 0 123265089 4109902761 4109902761 4109902761 4109902761 4109902761 4109902761 12 1
1 1 1 4029319240 1 0 1 1 0 0 1 1 0 1 1 0 1364392671 3442865079 4029319247 1 0 0 1 1 0 1 1 0 1 1 0 0 0 0 0 0 0 0 12 1
1 0 0 1018796144 0 0 0 0 0 0 1 1 0 0 0 0 2135989927 781031179 1018796145 0 0 0 1 1 0 1 1 0 0 0 0 2135989927 781031179 781031179 781031179 781031179 781031179 781031179 12 1
1 0 0 4092156313 0 0 1 1 1 0 1 1 1 0 0 1 2528341093 2989612825 4092156313 1 1 0 1 1 1 1 1 1 0 0 1 2528341093 2989612825 2989612825 2989612825 2989612825 2989612825 2989612825 12 1
0 1 1 390735752 1 0 0 0 1 0 0 0 0 0 1 0 3291744479 1365088239 390735758 0 1 0 0 0 0 0 0 0 0 1 0 3291744479 1365088239 1365088239 1365088239 1365088239 1365088239 1365088239 12 1
0 1 1 1150638900 1 1 1 0 0 0 1 0 0 1 1 1 252686329 956545263 1150638902 0 0 0 1 0 0 1 0 0 1 1 1 0 0 0 0 0 0 0 12 1
1 0 0 2011191645 1 0 0 1 1 1 1 0 0 1 1 1 1040034285 1754182273 2011191641 1 1 1 1 0 0 1 0 0 1 1 1 1040034285 1754182273 1754182273 1754182273 1754182273 1754182273 1754182273 12 1
0 0 0 72380896 1 1 0 1 0 1 0 0 1 1 1 1 3794872719 82922061 72380896 1 0 1 0 0 1 0 0 1 1 1 1 3794872719 82922061 82922061 82922061 82922061 82922061 82922061 12 1
0 0 1 4070349996 0 0 0 0 1 0 1 1 1 1 1 0 1329541777 878720461 4070349996 0 1 0 1 1 1 1 1 1 1 1 0 1329541777 878720461 878720461 878720461 878720461 878720461 878720461 12 1
1 0 0 2109350872 0 0 0 0 1 1 0 1 0 0 1 0 3944381719 663053717 2109350873 0 1 1 0 1 0 0 1 0 0 1 0 3944381719 663053717 663053717 663053717 663053717 663053717 663053717 12 1
0 0 1 4104185133 0 1 0 1 1 1 1 0 0 0 1 1 123277423 2072533533 4104185132 1 1 1 1 0 0 1 0 0 0 1 1 123277423 2072533533 2072533533 2072533533 2072533533 2072533533 2072533533 12 1
1 1 1 2910317291 1 0 0 1 1 1 1 1 0 0 0 0 583148015 1835133059 2910317295 1 1 1 1 1 0 1 1 0 0 0 0 583148015 1835133059 1835133059 1835133059 1835133059 1835133059 1835133059 12 1
0 1 1 2963317732 1 1 1 0 0 1 0 1 1 1 0 0 3388524797 2238514075 2963317734 0 0 1 0 1 1 0 1 1 1 0 0 3388524797 2238514075 2238514075 2238514075 2238514075 2238514075 2238514075 12 1
0 1 1 1632498850 0 1 0 1 1 0 1 1 1 1 0 1 3499455593 895030579 1632498854 1 1 0 1 1 1 1 1 1 1 0 1 3499455593 895030579 895030579 895030579 895030579 895030579 895030579 12 1
0 0 1 4065579415 1 0 0 1 1 0 0 0 1 0 1 1 3673773747 568071175 4065579412 1 1 0 0 0 1 0 0 1 0 1 1 3673773747 568071175 568071175 568071175 568071175 568071175 568071175 12 1
1 1 0 3916333024 1 0 0 1 0 1 1 0 0 1 1 1 3543578817 253130899 3916333027 1 0 1 1 0 0 1 0 0 1 1 1 3543578817 253130899 253130899 253130899 253130899 253130899 253130899 12 1
0 0 0 256193888 0 0 1 1 0 0 1 1 0 0 0 0 2681720947 3277521595 256193888 1 0 0 1 1 0 1 1 0 0 0 0 0 0 0 0 0 0 0 12 1
0 1 1 1424842935 1 1 0 1 0 0 1 0 0 1 1 0 3088100881 2323821695 1424842934 1 0 0 1 0 0 1 0 0 1 1 0 3088100881 2323821695 2323821695 2323821695 2323821695 2323821695 2323821695 12 1
0 1 0 1404876147 1 1 0 1 1 0 0 0 0 1 0 1 2348135283 3193031235 1404876146 1 1 0 0 0 0 0 0 0 1 0 1 2348135283 3193031235 3193031235 3193031235 3193031235 3193031235 3193031235 12 1
1 1 1 404578814 1 1 0 1 1 0 1 1 0 0 0 1 4071780639 3328953609 404578815 1 1 0 1 1 0 1 1 0 0 0 1 4071780639 3328953609 3328953609 3328953609 3328953609 3328953609 3328953609 12 1
0 0 1 3532639790 0 0 0 1 0 1 1 1 0 0 0 1 2411381265 290849455 3532639788 1 0 1 1 1 0 1 1 0 0 0 1 2411381265 290849455 290849455 290849455 290849455 290849455 290849455 12 1
0 0 1 3532272303 1 1 1 1 0 1 0 1 0 0 0 1 1036820311 1625861617 3532272300 1 0 1 0 1 0 0 1 0 0 0 1 0 0 0 0 0 0 0 12 1
1 0 0 502229542 1 0 1 0 1 1 1 0 0 0 1 1 1078103997 2439095683 502229537 0 1 1 1 0 0 1 0 0 0 1 1 0 0 0 0 0 0 0 12 1
1 1 1 2251061109 1 0 1 1 0 1 0 0 1 0 1 1 1228207387 631288159 2251061111 1 0 1 0 0 1 0 0 1 0 1 1 1228207387 631288159 631288159 631288159 631288159 631288159 631288159 12 1
1 1 1 3275547938 0 0 0 1 0 1 1 1 0 0 0 1 2278928245 4149168855 3275547943 1 0 1 1 1 0 1 1 0 0 0 1 2278928245 4149168855 4149168855 4149168855 4149168855 4149168855 4149168855 12 1
1 0 0 2385133337 1 0 0 1 1 0 1 0 0 1 0 1 665308465 1087926893 2385133337 1 1 0 1 0 0 1 0 0 1 0 1 665308465 1087926893 1087926893 1087926893 1087926893 1087926893 1087926893 12 1
1 0 1 2782618420 0 0 1 0 1 1 0 1 1 0 0 0 2344585071 3303179181 2782618421 0 1 1 0 1 1 0 1 1 0 0 0 2344585071 3303179181 3303179181 3303179181 3303179181 3303179181 3303179181 12 1
0 0 1 2061256875 1 1 0 0 1 0 0 1 0 1 0 1 3853237303 4282571323 2061256876 0 1 0 0 1 0 0 1 0 1 0 1 3853237303 4282571323 4282571323 4282571323 4282571323 4282571323 4282571323 12 1
0 1 1 2232915864 1 0 0 1 0 1 1 1 1 0 0 0 647311091 3332344555 2232915870 1 0 1 1 1 1 1 1 1 0 0 0 647311091 3332344555 3332344555 3332344555 3332344555 3332344555 3332344555 12 1
1 1 0 1300212164 0 0 1 0 1 0 0 1 0 1 0 0 3454665177 3516855951 1300212163 0 1 0 0 1 0 0 1 0 1 0 0 0 0 0 0 0 0 0 12 1
0 0 0 2740570254 0 1 1 0 0 1 1 1 1 1 1 1 1055946857 247598193 2740570248 0 0 1 1 1 1 1 1 1 1 1 1 1055946857 247598193 247598193 247598193 247598193 247598193 247598193 12 1
1 0 0 3990592945 1 1 1 0 1 0 1 1 1 0 1 0 3254069341 3604758005 3990592945 0 1 0 1 1 1 1 1 1 0 1 0 3254069341 3604758005 3604758005 3604758005 3604758005 3604758005 3604758005 12 1
0 0 1 2384615039 0 0 0 1 0 0 0 0 0 0 0 1 4119278707 3021154423 2384615036 1 0 0 0 0 0 0 0 0 0 0 1 4119278707 3021154423 3021154423 3021154423 3021154423 3021154423 3021154423 12 1
1 0 0 2128969034 1 0 0 0 1 1 1 0 0 0 0 0 2931928675 1878839845 2128969033 0 1 1 1 0 0 1 0 0 0 0 0 2931928675 1878839845 1878839845 1878839845 1878839845 1878839845 1878839845 12 1
1 1 0 521874543 0 1 1 0 0 1 1 0 1 0 1 1 3440000033 3864045439 521874539 0 0 1 1 0 1 1 0 1 0 1 1 3440000033 3864045439 3864045439 3864045439 3864045439 3864045439 3864045439 12 1
1 1 0 3124055935 0 0 0 1 0 0 0 0 1 0 1 1 3169125911 308819733 3124055931 1 0 0 0 0 1 0 0 1 0 1 1 3169125911 308819733 308819733 308819733 308819733 308819733 308819733 12 1
1 1 0 3132120192 0 0 1 1 1 1 1 1 1 1 0 0 3124131009 492949139 3132120195 1 1 1 1 1 1 1 1 1 1 0 0 3124131009 492949139 492949139 492949139 492949139 492949139 492949139 12 1
0 1 1 4135960268 1 0 0 0 1 1 0 0 1 0 0 0 1406309915 3169215055 4135960270 0 1 1 0 0 1 0 0 1 0 0 0 1406309915 3169215055 3169215055 3169215055 3169215055 3169215055 3169215055 12 1
0 1 1 1668529028 1 1 1 0 1 0 0 1 1 0 1 1 41803299 2679141865 1668529030 0 1 0 0 1 1 0 1 1 0 1 1 41803299 2679141865 2679141865 2679141865 2679141865 2679141865 2679141865 12 1
1 0 1 2604144840 1 1 0 1 0 0 1 0 0 0 1 1 1105034503 4073507095 2604144845 1 0 0 1 0 0 1 0 0 0 1 1 1105034503 4073507095 4073507095 4073507095 4073507095 4073507095 4073507095 12 1
0 0 1 3314071564 0 0 0 0 1 0 0 1 0 1 1 1 666971791 633030003 3314071564 0 1 0 0 1 0 0 1 0 1 1 1 666971791 633030003 633030003 633030003 633030003 633030003 633030003 12 1
1 0 1 798146409 1 0 1 0 0 1 0 0 1 0 0 1 297451841 2954405275 798146413 0 0 1 0 0 1 0 0 1 0 0 1 297451841 2954405275 2954405275 2954405275 2954405275 2954405275 2954405275 12 1
0 1 0 222869033 1 1 0 0 0 0 1 1 0 1 0 1 3914523881 858966923 222869034 0 0 0 1 1 0 1 1 0 1 0 1 3914523881 858966923 858966923 858966923 858966923 858966923 858966923 12 1
1 0 0 1667838650 0 0 0 0 1 0 0 0 0 1 1 1 670036973 2727354957 1667838649 0 1 0 0 0 0 0 0 0 1 1 1 670036973 2727354957 2727354957 2727354957 2727354957 2727354957 2727354957 12 1
0 0 1 3785553475 0 1 0 1 0 0 1 0 1 0 1 1 1091214143 1752545127 3785553476 1 0 0 1 0 1 1 0 1 0 1 1 1091214143 1752545127 1752545127 1752545127 1752545127 1752545127 1752545127 12 1
0 1 1 1455985895 0 1 1 0 1 1 0 0 0 0 0 0 786147915 815526851 1455985894 0 1 1 0 0 0 0 0 0 0 0 0 0 0 0 0 0 0 0 12 1
0 1 0 1231412029 1 1 1 0 1 1 0 0 0 1 1 1 1971256117 2111079215 1231412026 0 1 1 0 0 0 0 0 0 1 1 1 0 0 0 0 0 0 0 12 1
0 1 1 1327408604 0 0 1 0 0 1 0 0 1 1 1 1 1966228233 1419331405 1327408606 0 0 1 0 0 1 0 0 1 1 1 1 1966228233 1419331405 1419331405 1419331405 1419331405 1419331405 1419331405 12 1
0 1 0 4246395165 0 0 1 0 0 1 1 1 0 1 1 0 1193633781 3771031089 4246395162 0 0 1 1 1 0 1 1 0 1 1 0 0 0 0 0 0 0 0 12 1
1 0 1 2265500826 1 1 0 0 0 1 0 0 0 1 0 0 1425177603 2958755753 2265500829 0 0 1 0 0 0 0 0 0 1 0 0 1425177603 2958755753 2958755753 2958755753 2958755753 2958755753 2958755753 12 1
0 1 1 3173259187 0 1 1 0 1 1 0 0 1 1 0 1 3240580483 139940445 3173259190 0 1 1 0 0 1 0 0 1 1 0 1 3240580483 139940445 139940445 139940445 139940445 139940445 139940445 12 1
0 0 0 1414142364 1 1 0 1 1 1 0 0 0 0 1 1 290332371 1333415387 1414142360 1 1 1 0 0 0 0 0 0 0 1 1 290332371 1333415387 1333415387 1333415387 1333415387 1333415387 1333415387 12 1
1 1 0 2590103923 1 0 1 0 0 0 1 0 0 1 1 0 1645187943 461861031 2590103923 0 0 0 1 0 0 1 0 0 1 1 0 0 0 0 0 0 0 0 12 1
0 0 0 817069960 0 1 0 0 1 1 0 0 1 1 0 1 1370591341 2939439927 817069960 0 1 1 0 0 1 0 0 1 1 0 1 1370591341 2939439927 2939439927 2939439927 2939439927 2939439927 2939439927 12 1
1 1 0 2962996947 1 1 1 1 1 0 1 0 1 0 0 0 2785738707 1925927987 2962996947 1 1 0 1 0 1 1 0 1 0 0 0 2785738707 1925927987 1925927987 1925927987 1925927987 1925927987 1925927987 12 1
1 1 0 2313735101 0 1 0 1 0 1 0 0 0 1 0 1 3323670185 1097356983 2313735099 1 0 1 0 0 0 0 0 0 1 0 1 3323670185 1097356983 1097356983 1097356983 1097356983 1097356983 1097356983 12 1
0 0 0 116250301 0 1 0 0 1 1 1 1 0 1 0 1 1624881553 1884471141 116250296 0 1 1 1 1 0 1 1 0 1 0 1 1624881553 1884471141 1884471141 1884471141 1884471141 1884471141 1884471141 12 1
1 0 0 1140561251 0 0 1 1 0 0 1 0 0 0 0 1 1651688127 259552255 1140561249 1 0 0 1 0 0 1 0 0 0 0 1 0 0 0 0 0 0 0 12 1
0 0 1 2575319870 0 1 0 0 1 0 0 0 1 0 1 0 3350149897 4174224831 2575319868 0 1 0 0 0 1 0 0 1 0 1 0 3350149897 4174224831 4174224831 4174224831 4174224831 4174224831 4174224831 12 1
1 1 1 4113081004 1 1 1 0 0 0 1 0 1 1 1 1 149537513 659966123 4113081007 0 0 0 1 0 1 1 0 1 1 1 1 149537513 659966123 659966123 659966123 659966123 659966123 659966123 12 1
0 0 0 3931529586 1 0 1 0 1 1 1 0 1 1 0 0 2370359721 2121143517 3931529584 0 1 1 1 0 1 1 0 1 1 0 0 2370359721 2121143517 2121143517 2121143517 2121143517 2121143517 2121143517 12 1
1 1 0 936434945 0 1 0 1 0 1 1 1 0 0 0 1 4002435979 2878214441 936434947 1 0 1 1 1 0 1 1 0 0 0 1 4002435979 2878214441 2878214441 2878214441 2878214441 2878214441 2878214441 12 1
1 1 0 1299634523 1 1 0 0 1 1 1 1 1 0 0 1 3019673501 2885450169 1299634523 0 1 1 1 1 1 1 1 1 0 0 1 3019673501 2885450169 2885450169 2885450169 2885450169 2885450169 2885450169 12 1
1 1 1 1477107993 1 0 0 1 0 1 1 0 1 1 1 1 3153547753 3637956097 1477107999 1 0 1 1 0 1 1 0 1 1 1 1 3153547753 3637956097 3637956097 3637956097 3637956097 3637956097 3637956097 12 1
0 1 0 1798888029 0 1 0 1 1 1 0 0 0 1 1 0 891411135 3282251737 1798888026 1 1 1 0 0 0 0 0 0 1 1 0 891411135 3282251737 3282251737 3282251737 3282251737 3282251737 3282251737 12 1
0 0 1 29305996 1 1 0 1 0 0 0 0 0 0 1 1 741528397 3158452281 29305996 1 0 0 0 0 0 0 0 0 0 1 1 741528397 3158452281 3158452281 3158452281 3158452281 3158452281 3158452281 12 1
1 0 0 2240362436 1 0 0 1 0 0 0 0 0 0 1 0 343833471 1828867955 2240362433 1 0 0 0 0 0 0 0 0 0 1 0 343833471 1828867955 1828867955 1828867955 1828867955 1828867955 1828867955 12 1
1 0 0 3373461343 0 0 1 1 0 1 1 1 1 0 1 0 3687642873 569661797 3373461337 1 0 1 1 1 1 1 1 1 0 1 0 3687642873 569661797 569661797 569661797 569661797 569661797 569661797 12 1
0 1 0 3772132346 0 1 0 0 0 0 0 1 1 1 0 0 2376000783 2495096877 3772132346 0 0 0 0 1 1 0 1 1 1 0 0 2376000783 2495096877 2495096877 2495096877 2495096877 2495096877 2495096877 12 1
0 1 0 3415485734 0 1 0 0 0 1 1 1 0 0 0 1 1492369323 2268191005 3415485730 0 0 1 1 1 0 1 1 0 0 0 1 1492369323 2268191005 2268191005 2268191005 2268191005 2268191005 2268191005 12 1
0 1 1 3103993384 0 0 1 0 1 1 1 0 0 1 1 1 866337323 510181173 3103993390 0 1 1 1 0 0 1 0 0 1 1 1 0 0 0 0 0 0 0 12 1
1 1 0 3040606503 0 1 0 0 1 0 1 1 1 0 0 1 1508838557 2579209911 3040606499 0 1 0 1 1 1 1 1 1 0 0 1 1508838557 2579209911 2579209911 2579209911 2579209911 2579209911 2579209911 12 1
1 0 0 2894028649 1 0 0 0 1 1 0 1 0 1 0 0 117777249 3256613835 2894028649 0 1 1 0 1 0 0 1 0 1 0 0 117777249 3256613835 3256613835 3256613835 3256613835 3256613835 3256613835 12 1
0 0 0 1675925942 1 0 0 0 0 0 1 0 0 1 1 1 3878878335 72658785 1675925936 0 0 0 1 0 0 1 0 0 1 1 1 3878878335 72658785 72658785 72658785 72658785 72658785 72658785 12 1
0 1 1 1650487282 1 1 0 0 1 1 0 1 0 0 1 1 88080015 706203571 1650487286 0 1 1 0 1 0 0 1 0 0 1 1 88080015 706203571 706203571 706203571 706203571 706203571 706203571 12 1
1 0 1 652780054 1 0 1 0 0 0 1 1 1 0 0 1 1324845373 1771068955 652780053 0 0 0 1 1 1 1 1 1 0 0 1 1324845373 1771068955 1771068955 1771068955 1771068955 1771068955 1771068955 12 1
1 1 0 2154151681 0 0 1 0 1 0 0 1 1 1 0 0 1876000943 2076764075 2154151683 0 1 0 0 1 1 0 1 1 1 0 0 1876000943 2076764075 2076764075 2076764075 2076764075 2076764075 2076764075 12 1
1 0 0 3973817007 1 0 1 1 0 1 0 1 0 0 0 0 2435216509 687697009 3973817001 1 0 1 0 1 0 0 1 0 0 0 0 0 0 0 0 0 0 0 12 1
1 0 1 3294052292 0 0 0 1 0 0 1 0 0 0 1 0 4035680599 2349293427 3294052293 1 0 0 1 0 0 1 0 0 0 1 0 4035680599 2349293427 2349293427 2349293427 2349293427 2349293427 2349293427 12 1
1 1 1 402007216 0 0 1 1 0 1 0 1 0 1 1 1 2325403261 4066110499 402007223 1 0 1 0 1 0 0 1 0 1 1 1 0 0 0 0 0 0 0 12 1
0 0 0 3284766405 1 0 1 1 1 1 1 1 0 0 0 1 4116110441 325491407 3284766400 1 1 1 1 1 0 1 1 0 0 0 1 0 0 0 0 0 0 0 12 1
0 1 0 2621594556 1 0 0 0 0 1 1 0 0 0 1 0 4044465737 3407399583 2621594554 0 0 1 1 0 0 1 0 0 0 1 0 4044465737 3407399583 3407399583 3407399583 3407399583 3407399583 3407399583 12 1
0 1 1 1045050879 1 0 0 0 0 1 0 0 0 0 1 1 21819725 414037615 1045050878 0 0 1 0 0 0 0 0 0 0 1 1 21819725 414037615 414037615 414037615 414037615 414037615 414037615 12 1
0 1 0 1472841579 0 1 1 0 1 1 1 0 0 0 0 0 1938890675 3879633749 1472841578 0 1 1 1 0 0 1 0 0 0 0 0 0 0 0 0 0 0 0 12 1
1 1 0 4053727036 1 0 0 0 0 1 1 1 1 1 0 1 38245155 1927570117 4053727035 0 0 1 1 1 1 1 1 1 1 0 1 38245155 1927570117 1927570117 1927570117 1927570117 1927570117 1927570117 12 1
0 0 0 3756218471 1 1 0 1 1 1 0 0 0 0 1 0 2107842009 1571222619 3756218464 1 1 1 0 0 0 0 0 0 0 1 0 2107842009 1571222619 1571222619 1571222619 1571222619 1571222619 1571222619 12 1
1 0 0 2458748254 0 0 1 1 0 0 1 0 0 0 0 1 516837757 1822879843 2458748249 1 0 0 1 0 0 1 0 0 0 0 1 0 0 0 0 0 0 0 12 1
1 0 0 2966071158 1 0 0 1 0 1 0 1 0 1 1 1 3307261185 955005189 2966071153 1 0 1 0 1 0 0 1 0 1 1 1 3307261185 955005189 955005189 955005189 955005189 955005189 955005189 12 1
1 0 0 1962582928 0 1 0 1 1 1 0 1 1 0 1 0 3881717921 3062907213 1962582929 1 1 1 0 1 1 0 1 1 0 1 0 3881717921 3062907213 3062907213 3062907213 3062907213 3062907213 3062907213 12 1
1 1 1 406561262 1 1 0 0 0 1 0 1 0 0 1 1 2730849667 1875028611 406561263 0 0 1 0 1 0 0 1 0 0 1 1 2730849667 1875028611 1875028611 1875028611 1875028611 1875028611 1875028611 12 1
0 0 1 466991840 0 0 0 1 0 0 1 1 1 0 1 0 2230366557 3248023011 466991844 1 0 0 1 1 1 1 1 1 0 1 0 2230366557 3248023011 3248023011 3248023011 3248023011 3248023011 3248023011 12 1
1 1 1 4217312725 0 1 1 0 1 0 0 0 0 0 1 0 2508543949 1055114377 4217312727 0 1 0 0 0 0 0 0 0 0 1 0 0 0 0 0 0 0 0 12 1
1 0 1 1944869711 1 0 0 0 0 0 1 1 1 1 0 0 3103890309 755027621 1944869709 0 0 0 1 1 1 1 1 1 1 0 0 3103890309 755027621 755027621 755027621 755027621 755027621 755027621 12 1
1 1 0 1713404063 1 1 0 0 0 1 0 0 1 1 0 1 2350486963 3496424785 1713404059 0 0 1 0 0 1 0 0 1 1 0 1 2350486963 3496424785 3496424785 3496424785 3496424785 3496424785 3496424785 12 1
0 0 0 2977133526 1 1 1 0 1 0 1 1 1 1 1 0 2760001739 1163342377 2977133520 0 1 0 1 1 1 1 1 1 1 1 0 2760001739 1163342377 1163342377 1163342377 1163342377 1163342377 1163342377 12 1
1 1 1 2428319355 0 0 0 0 1 1 1 0 0 1 0 0 3003887297 1269551321 2428319359 0 1 1 1 0 0 1 0 0 1 0 0 3003887297 1269551321 1269551321 1269551321 1269551321 1269551321 1269551321 12 1
1 0 0 4075329324 1 0 1 1 0 1 1 1 1 1 1 0 1975446855 2812051883 4075329321 1 0 1 1 1 1 1 1 1 1 1 0 1975446855 2812051883 2812051883 2812051883 2812051883 2812051883 2812051883 12 1
1 1 1 2860562109 0 1 1 1 0 1 1 1 1 0 1 0 2895729361 1269875821 2860562111 1 0 1 1 1 1 1 1 1 0 1 0 2895729361 1269875821 1269875821 1269875821 1269875821 1269875821 1269875821 12 1
1 0 0 450588048 0 0 1 1 1 1 0 0 1 0 0 0 4200051091 171730107 450588049 1 1 1 0 0 1 0 0 1 0 0 0 4200051091 171730107 171730107 171730107 171730107 171730107 171730107 12 1
1 0 0 2756067629 0 0 1 1 0 0 0 1 0 0 0 0 1907891481 4005738287 2756067625 1 0 0 0 1 0 0 1 0 0 0 0 0 0 0 0 0 0 0 12 1
0 0 1 639619163 1 0 0 1 1 1 1 0 1 1 1 1 2705162515 2645244719 639619164 1 1 1 1 0 1 1 0 1 1 1 1 2705162515 2645244719 2645244719 2645244719 2645244719 2645244719 2645244719 12 1
0 1 1 671019573 1 0 1 0 1 0 1 1 1 0 0 1 3426234963 3363627801 671019574 0 1 0 1 1 1 1 1 1 0 0 1 3426234963 3363627801 3363627801 3363627801 3363627801 3363627801 3363627801 12 1
1 0 1 2284262082 1 1 0 1 1 1 0 1 1 0 1 1 177410693 196031597 2284262085 1 1 1 0 1 1 0 1 1 0 1 1 177410693 196031597 196031597 196031597 196031597 196031597 196031597 12 1
1 1 0 3088805685 1 1 0 1 1 1 1 1 1 0 1 1 3416440357 4045283907 3088805683 1 1 1 1 1 1 1 1 1 0 1 1 3416440357 4045283907 4045283907 4045283907 4045283907 4045283907 4045283907 12 1
1 0 1 1444215069 1 0 0 0 1 0 0 1 0 0 1 0 882515329 3384685001 1444215069 0 1 0 0 1 0 0 1 0 0 1 0 882515329 3384685001 3384685001 3384685001 3384685001 3384685001 3384685001 12 1
0 0 0 22839880 1 1 0 0 0 0 1 0 0 1 0 1 672621233 1058244307 22839880 0 0 0 1 0 0 1 0 0 1 0 1 672621233 1058244307 1058244307 1058244307 1058244307 1058244307 1058244307 12 1
0 0 0 3212338565 0 0 0 0 0 1 1 1 0 1 1 0 3529983781 2010838371 3212338560 0 0 1 1 1 0 1 1 0 1 1 0 3529983781 2010838371 2010838371 2010838371 2010838371 2010838371 2010838371 12 1
0 1 1 3366295846 1 1 0 1 1 0 0 0 1 0 0 0 2508501641 356457309 3366295846 1 1 0 0 0 1 0 0 1 0 0 0 2508501641 356457309 356457309 356457309 356457309 356457309 356457309 12 1
1 0 1 2676515991 1 1 1 0 0 1 0 1 0 1 1 1 4208340547 649868943 2676515989 0 0 1 0 1 0 0 1 0 1 1 1 0 0 0 0 0 0 0 12 1
0 1 0 3973869864 1 0 0 0 0 1 1 0 1 0 0 1 1669641131 434591445 3973869866 0 0 1 1 0 1 1 0 1 0 0 1 1669641131 434591445 434591445 434591445 434591445 434591445 434591445 12 1
1 1 0 1800640428 0 0 0 0 0 0 0 0 0 0 1 0 3298371517 3825261135 1800640427 0 0 0 0 0 0 0 0 0 0 1 0 3298371517 3825261135 3825261135 3825261135 3825261135 3825261135 3825261135 12 1
1 0 1 3769384477 1 1 0 0 0 0 0 0 1 1 1 0 2942231021 1150959257 3769384477 0 0 0 0 0 1 0 0 1 1 1 0 2942231021 1150959257 1150959257 1150959257 1150959257 1150959257 1150959257 12 1
1 1 0 2218845988 1 1 0 1 0 0 0 1 1 1 0 1 3630879293 1078861363 2218845987 1 0 0 0 1 1 0 1 1 1 0 1 3630879293 1078861363 1078861363 1078861363 1078861363 1078861363 1078861363 12 1
1 0 1 3902610640 0 1 1 1 1 0 1 1 1 1 1 0 1849279603 2023616387 3902610645 1 1 0 1 1 1 1 1 1 1 1 0 1849279603 2023616387 2023616387 2023616387 2023616387 2023616387 2023616387 12 1
0 0 1 3176047057 1 0 0 1 0 1 0 1 1 0 1 0 3623606141 1390210591 3176047060 1 0 1 0 1 1 0 1 1 0 1 0 3623606141 1390210591 1390210591 1390210591 1390210591 1390210591 1390210591 12 1
1 1 0 3565630154 1 0 1 0 1 1 1 0 0 1 0 0 168566481 1746686141 3565630155 0 1 1 1 0 0 1 0 0 1 0 0 0 0 0 0 0 0 0 12 1
0 0 0 1671497566 0 1 0 1 1 1 0 0 1 0 1 1 3690177479 3749828675 1671497560 1 1 1 0 0 1 0 0 1 0 1 1 3690177479 3749828675 3749828675 3749828675 3749828675 3749828675 3749828675 12 1
0 0 1 1381817561 1 1 0 0 0 0 0 0 0 0 1 1 944463329 1936623761 1381817564 0 0 0 0 0 0 0 0 0 0 1 1 944463329 1936623761 1936623761 1936623761 1936623761 1936623761 1936623761 12 1
0 1 1 1099434429 0 1 0 1 1 0 0 0 1 0 1 0 1182437329 4016617859 1099434430 1 1 0 0 0 1 0 0 1 0 1 0 1182437329 4016617859 4016617859 4016617859 4016617859 4016617859 4016617859 12 1
1 0 0 3954870008 0 1 0 1 1 0 0 1 1 1 1 0 3933635355 10315565 3954870009 1 1 0 0 1 1 0 1 1 1 1 0 3933635355 10315565 10315565 10315565 10315565 10315565 10315565 12 1
1 0 1 848776211 1 0 1 0 1 0 1 1 1 0 1 0 2010769563 2136850271 848776213 0 1 0 1 1 1 1 1 1 0 1 0 2010769563 2136850271 2136850271 2136850271 2136850271 2136850271 2136850271 12 1
1 0 1 3335981026 1 0 1 0 1 1 1 1 0 0 1 1 4208157255 3546462579 3335981029 0 1 1 1 1 0 1 1 0 0 1 1 0 0 0 0 0 0 0 12 1
0 0 0 2969874627 1 1 1 0 0 0 0 1 1 1 0 1 147748257 1498981769 2969874624 0 0 0 0 1 1 0 1 1 1 0 1 147748257 1498981769 1498981769 1498981769 1498981769 1498981769 1498981769 12 1
0 0 0 3122247118 0 1 0 0 1 1 1 0 1 0 1 0 90865453 1836478033 3122247112 0 1 1 1 0 1 1 0 1 0 1 0 90865453 1836478033 1836478033 1836478033 1836478033 1836478033 1836478033 12 1
0 1 1 2431264845 0 0 0 0 1 0 1 1 1 1 0 1 1224489931 3259226809 2431264846 0 1 0 1 1 1 1 1 1 1 0 1 1224489931 3259226809 3259226809 3259226809 3259226809 3259226809 3259226809 12 1
1 0 0 3397220470 0 0 1 0 0 0 1 0 0 0 1 0 2375181513 1595712693 3397220465 0 0 0 1 0 0 1 0 0 0 1 0 0 0 0 0 0 0 0 12 1
0 0 1 4203240742 0 0 0 1 0 1 1 1 1 1 1 1 1709234607 2204776089 4203240740 1 0 1 1 1 1 1 1 1 1 1 1 1709234607 2204776089 2204776089 2204776089 2204776089 2204776089 2204776089 12 1
0 1 1 509226691 0 0 0 1 1 1 0 1 0 1 0 0 503857067 2332340873 509226694 1 1 1 0 1 0 0 1 0 1 0 0 503857067 2332340873 2332340873 2332340873 2332340873 2332340873 2332340873 12 1
0 1 0 444842480 0 0 0 1 1 0 1 1 1 1 1 1 4070391517 3794148611 444842482 1 1 0 1 1 1 1 1 1 1 1 1 4070391517 3794148611 3794148611 3794148611 3794148611 3794148611 3794148611 12 1
0 0 1 3268616094 0 0 1 1 1 0 0 1 1 1 0 0 2595365373 2988178795 3268616092 1 1 0 0 1 1 0 1 1 1 0 0 2595365373 2988178795 2988178795 2988178795 2988178795 2988178795 2988178795 12 1
1 1 1 3174954876 0 0 0 1 1 1 0 0 0 0 1 1 4040687463 1097189377 3174954879 1 1 1 0 0 0 0 0 0 0 1 1 4040687463 1097189377 1097189377 1097189377 1097189377 1097189377 1097189377 12 1
1 1 1 3831994549 0 0 1 0 1 1 0 1 1 0 1 1 2155078543 1899879695 3831994551 0 1 1 0 1 1 0 1 1 0 1 1 2155078543 1899879695 1899879695 1899879695 1899879695 1899879695 1899879695 12 1
1 0 1 97363872 0 1 1 1 0 0 1 0 0 1 0 1 1242905321 3103107179 97363877 1 0 0 1 0 0 1 0 0 1 0 1 0 0 0 0 0 0 0 12 1
0 0 0 1162553872 0 0 1 0 1 1 1 0 0 1 1 0 1595262727 811652339 1162553872 0 1 1 1 0 0 1 0 0 1 1 0 0 0 0 0 0 0 0 12 1
1 1 1 3825387167 0 0 1 0 1 0 0 0 1 0 1 0 1389918547 366435411 3825387167 0 1 0 0 0 1 0 0 1 0 1 0 1389918547 366435411 366435411 366435411 366435411 366435411 366435411 12 1
1 1 1 2709811754 0 1 0 0 0 1 1 0 0 0 1 0 517879937 549018911 2709811759 0 0 1 1 0 0 1 0 0 0 1 0 517879937 549018911 549018911 549018911 549018911 549018911 549018911 12 1
0 1 0 1581631930 0 0 0 0 0 1 0 1 1 1 0 1 2004553679 545859221 1581631930 0 0 1 0 1 1 0 1 1 1 0 1 2004553679 545859221 545859221 545859221 545859221 545859221 545859221 12 1
1 1 1 3728777459 0 0 0 1 1 1 1 0 1 1 0 0 4091966955 2696250095 3728777463 1 1 1 1 0 1 1 0 1 1 0 0 4091966955 2696250095 2696250095 2696250095 2696250095 2696250095 2696250095 12 1
0 0 0 2981061407 0 1 1 0 0 0 0 0 1 1 0 0 3429124869 771931549 2981061400 0 0 0 0 0 1 0 0 1 1 0 0 3429124869 771931549 771931549 771931549 771931549 771931549 771931549 12 1
1 0 0 2308891088 0 1 0 0 0 0 0 1 1 1 0 1 2817253729 148641053 2308891089 0 0 0 0 1 1 0 1 1 1 0 1 2817253729 148641053 148641053 148641053 148641053 148641053 148641053 12 1
1 0 1 2866359742 1 0 1 0 0 0 1 0 0 0 1 1 3652109331 3597305725 2866359741 0 0 0 1 0 0 1 0 0 0 1 1 0 0 0 0 0 0 0 12 1
0 1 0 690413654 1 1 1 1 0 1 0 1 1 1 0 1 61703247 1795864631 690413650 1 0 1 0 1 1 0 1 1 1 0 1 61703247 1795864631 1795864631 1795864631 1795864631 1795864631 1795864631 12 1
0 1 1 275649094 1 1 0 1 0 1 1 1 0 1 1 1 1736897671 3964695451 275649094 1 0 1 1 1 0 1 1 0 1 1 1 1736897671 3964695451 3964695451 3964695451 3964695451 3964695451 3964695451 12 1
1 0 0 2387547843 0 0 1 0 1 1 0 1 1 0 0 0 2045614027 3240000703 2387547841 0 1 1 0 1 1 0 1 1 0 0 0 2045614027 3240000703 3240000703 3240000703 3240000703 3240000703 3240000703 12 1
1 0 1 1151758246 1 0 1 1 1 0 1 0 1 1 0 0 1614079235 1789249781 1151758245 1 1 0 1 0 1 1 0 1 1 0 0 1614079235 1789249781 1789249781 1789249781 1789249781 1789249781 1789249781 12 1
1 0 0 976269631 0 1 0 1 0 0 0 1 0 0 1 0 1771007767 2400461513 976269625 1 0 0 0 1 0 0 1 0 0 1 0 1771007767 2400461513 2400461513 2400461513 2400461513 2400461513 2400461513 12 1
0 1 1 3978140347 1 1 0 1 1 0 0 0 0 0 1 0 2585561933 1846331899 3978140350 1 1 0 0 0 0 0 0 0 0 1 0 2585561933 1846331899 1846331899 1846331899 1846331899 1846331899 1846331899 12 1
1 1 0 2524596147 0 1 0 1 0 0 0 0 0 1 0 0 1505877473 792519117 2524596147 1 0 0 0 0 0 0 0 0 1 0 0 1505877473 792519117 792519117 792519117 792519117 792519117 792519117 12 1
0 1 1 1772695573 1 1 1 0 0 1 1 0 0 1 1 1 2190222839 3777464195 1772695574 0 0 1 1 0 0 1 0 0 1 1 1 0 0 0 0 0 0 0 12 1
1 0 0 1651205620 0 1 1 1 0 1 1 1 0 0 1 0 3939662783 1349846709 1651205617 1 0 1 1 1 0 1 1 0 0 1 0 0 0 0 0 0 0 0 12 1
1 1 0 3165295965 1 0 1 1 0 1 0 1 0 1 0 1 4051970201 3965024855 3165295963 1 0 1 0 1 0 0 1 0 1 0 1 0 0 0 0 0 0 0 12 1
1 0 0 4082873427 1 0 0 0 1 0 1 1 0 0 0 1 2648154133 1472458863 4082873425 0 1 0 1 1 0 1 1 0 0 0 1 2648154133 1472458863 1472458863 1472458863 1472458863 1472458863 1472458863 12 1
0 0 1 3096099116 1 1 1 0 1 1 0 1 1 0 0 1 3436586443 3491691535 3096099116 0 1 1 0 1 1 0 1 1 0 0 1 3436586443 3491691535 3491691535 3491691535 3491691535 3491691535 3491691535 12 1
0 1 0 1339867665 0 0 1 1 0 0 1 1 1 0 1 1 2812006065 3589015621 1339867666 1 0 0 1 1 1 1 1 1 0 1 1 2812006065 3589015621 3589015621 3589015621 3589015621 3589015621 3589015621 12 1
1 0 0 3805171921 1 0 1 1 1 0 1 1 0 0 1 1 3980983381 2006268263 3805171921 1 1 0 1 1 0 1 1 0 0 1 1 0 0 0 0 0 0 0 12 1
0 1 0 2378613350 1 0 1 1 1 1 0 1 1 1 0 0 1803938161 1811015807 2378613346 1 1 1 0 1 1 0 1 1 1 0 0 1803938161 1811015807 1811015807 1811015807 1811015807 1811015807 1811015807 12 1
1 1 1 2722010068 1 1 0 0 0 1 0 1 1 1 0 1 3262665741 190574655 2722010071 0 0 1 0 1 1 0 1 1 1 0 1 3262665741 190574655 190574655 190574655 190574655 190574655 190574655 12 1
1 1 1 4083546375 0 1 0 0 0 1 1 0 1 1 0 1 4051889471 66160345 4083546375 0 0 1 1 0 1 1 0 1 1 0 1 4051889471 66160345 66160345 66160345 66160345 66160345 66160345 12 1
0 0 0 1020826072 1 0 0 1 1 0 1 0 0 0 1 0 2572723479 1208185991 1020826072 1 1 0 1 0 0 1 0 0 0 1 0 2572723479 1208185991 1208185991 1208185991 1208185991 1208185991 1208185991 12 1
1 0 1 2669626277 1 0 0 1 1 0 0 0 0 0 1 1 448476027 273469099 2669626277 1 1 0 0 0 0 0 0 0 0 1 1 448476027 273469099 273469099 273469099 273469099 273469099 273469099 12 1
0 0 1 2473257280 0 1 1 1 1 0 1 1 0 0 0 0 1517230227 4067378677 2473257284 1 1 0 1 1 0 1 1 0 0 0 0 0 0 0 0 0 0 0 12 1
0 0 1 3679848553 1 0 1 1 1 1 1 1 0 1 1 0 4001037151 847434663 3679848556 1 1 1 1 1 0 1 1 0 1 1 0 0 0 0 0 0 0 0 12 1
0 1 1 2226953862 1 0 0 1 1 1 1 1 1 0 1 0 4240483801 864651515 2226953862 1 1 1 1 1 1 1 1 1 0 1 0 4240483801 864651515 864651515 864651515 864651515 864651515 864651515 12 1
0 0 0 2881060141 0 1 0 0 1 0 0 1 1 1 1 1 552967709 3726445247 2881060136 0 1 0 0 1 1 0 1 1 1 1 1 552967709 3726445247 3726445247 3726445247 3726445247 3726445247 3726445247 12 1
1 0 0 1059939236 0 1 0 1 1 0 1 1 0 1 1 1 3314639071 757098963 1059939233 1 1 0 1 1 0 1 1 0 1 1 1 3314639071 757098963 757098963 757098963 757098963 757098963 757098963 12 1
0 0 0 2548392953 0 0 1 1 1 1 0 1 0 0 1 0 123106053 756327021 2548392952 1 1 1 0 1 0 0 1 0 0 1 0 0 0 0 0 0 0 0 12 1
1 1 1 275588788 1 0 0 1 1 0 1 0 0 1 1 0 2739026195 2064517355 275588791 1 1 0 1 0 0 1 0 0 1 1 0 2739026195 2064517355 2064517355 2064517355 2064517355 2064517355 2064517355 12 1
0 0 0 2985688975 0 0 1 1 1 0 0 1 1 1 0 1 1333369443 2230304303 2985688968 1 1 0 0 1 1 0 1 1 1 0 1 1333369443 2230304303 2230304303 2230304303 2230304303 2230304303 2230304303 12 1
0 0 0 1400387132 1 1 1 0 1 0 0 0 1 1 1 0 67179781 2574044221 1400387128 0 1 0 0 0 1 0 0 1 1 1 0 67179781 2574044221 2574044221 2574044221 2574044221 2574044221 2574044221 12 1
0 1 0 984426592 1 0 1 1 0 0 1 0 1 1 0 1 516346853 554860169 984426594 1 0 0 1 0 1 1 0 1 1 0 1 516346853 554860169 554860169 554860169 554860169 554860169 554860169 12 1
0 0 1 2120425335 1 0 0 0 0 0 0 0 1 1 1 1 3361359905 2273269851 2120425332 0 0 0 0 0 1 0 0 1 1 1 1 3361359905 2273269851 2273269851 2273269851 2273269851 2273269851 2273269851 12 1
1 1 0 2471421498 1 0 1 1 1 0 0 0 1 1 1 0 240904229 814234779 2471421499 1 1 0 0 0 1 0 0 1 1 1 0 240904229 814234779 814234779 814234779 814234779 814234779 814234779 12 1
1 1 1 842600184 1 1 1 0 0 1 0 1 1 1 1 0 820123907 1885293485 842600191 0 0 1 0 1 1 0 1 1 1 1 0 820123907 1885293485 1885293485 1885293485 1885293485 1885293485 1885293485 12 1
1 1 1 117249147 0 1 0 1 1 1 0 1 1 0 1 1 3434709449 916122719 117249151 1 1 1 0 1 1 0 1 1 0 1 1 3434709449 916122719 916122719 916122719 916122719 916122719 916122719 12 1
1 1 0 534389286 1 1 0 1 0 1 1 1 1 1 1 1 3307443083 4117411587 534389283 1 0 1 1 1 1 1 1 1 1 1 1 3307443083 4117411587 4117411587 4117411587 4117411587 4117411587 4117411587 12 1
0 1 1 932087297 0 1 1 0 0 1 0 0 0 0 1 1 2687721503 897386185 932087302 0 0 1 0 0 0 0 0 0 0 1 1 0 0 0 0 0 0 0 12 1
1 1 1 1061560740 0 0 0 1 1 0 1 1 0 0 1 1 1219266771 174914349 1061560743 1 1 0 1 1 0 1 1 0 0 1 1 1219266771 174914349 174914349 174914349 174914349 174914349 174914349 12 1
1 0 0 4039177350 1 0 1 1 0 0 0 1 1 0 0 0 442900267 652736699 4039177345 1 0 0 0 1 1 0 1 1 0 0 0 442900267 652736699 652736699 652736699 652736699 652736699 652736699 12 1
1 0 0 1353505677 0 0 1 0 1 0 0 0 1 1 1 1 4017631597 1658329759 1353505673 0 1 0 0 0 1 0 0 1 1 1 1 4017631597 1658329759 1658329759 1658329759 1658329759 1658329759 1658329759 12 1
0 0 1 1484725953 0 1 1 1 0 1 1 0 0 0 0 1 3575764823 1951404789 1484725956 1 0 1 1 0 0 1 0 0 0 0 1 0 0 0 0 0 0 0 12 1
0 0 0 3764976066 0 1 0 0 1 1 0 1 0 1 1 0 1733890125 3047962927 3764976064 0 1 1 0 1 0 0 1 0 1 1 0 1733890125 3047962927 3047962927 3047962927 3047962927 3047962927 3047962927 12 1
0 0 0 1835051063 0 0 0 1 1 0 1 1 1 0 1 0 3529785255 781324041 1835051056 1 1 0 1 1 1 1 1 1 0 1 0 3529785255 781324041 781324041 781324041 781324041 781324041 781324041 12 1
0 1 1 4235686332 1 0 1 0 0 1 1 1 1 0 0 1 1818797791 2302758745 4235686334 0 0 1 1 1 1 1 1 1 0 0 1 1818797791 2302758745 2302758745 2302758745 2302758745 2302758745 2302758745 12 1
0 0 1 584921961 0 0 0 1 0 0 0 1 0 0 0 1 3461396625 2672882659 584921964 1 0 0 0 1 0 0 1 0 0 0 1 3461396625 2672882659 2672882659 2672882659 2672882659 2672882659 2672882659 12 1
1 1 0 1793714736 0 0 1 0 1 1 1 1 0 1 1 0 2882520769 1215394769 1793714739 0 1 1 1 1 0 1 1 0 1 1 0 0 0 0 0 0 0 0 12 1
0 1 1 513302359 0 1 0 0 0 0 1 0 0 1 1 0 706180821 3563599359 513302358 0 0 0 1 0 0 1 0 0 1 1 0 706180821 3563599359 3563599359 3563599359 3563599359 3563599359 3563599359 12 1
1 1 1 1690958337 1 0 0 1 0 0 0 0 0 0 1 0 1719398221 3719268755 1690958343 1 0 0 0 0 0 0 0 0 0 1 0 1719398221 3719268755 3719268755 3719268755 3719268755 3719268755 3719268755 12 1
1 0 1 3007894345 0 0 0 1 1 0 0 0 1 1 0 1 2471617761 801470019 3007894349 1 1 0 0 0 1 0 0 1 1 0 1 2471617761 801470019 801470019 801470019 801470019 801470019 801470019 12 1
1 0 0 1387412954 0 1 1 1 1 1 0 0 0 0 0 0 2922077067 2721980961 1387412953 1 1 1 0 0 0 0 0 0 0 0 0 0 0 0 0 0 0 0 12 1
1 1 0 2607229609 0 0 0 1 0 1 1 1 0 1 0 0 759362775 3359178119 2607229611 1 0 1 1 1 0 1 1 0 1 0 0 759362775 3359178119 3359178119 3359178119 3359178119 3359178119 3359178119 12 1
1 1 0 3871696101 0 0 1 0 1 0 1 1 1 1 0 0 2457152091 2576717621 3871696099 0 1 0 1 1 1 1 1 1 1 0 0 2457152091 2576717621 2576717621 2576717621 2576717621 2576717621 2576717621 12 1
1 1 1 3127553154 1 0 0 0 1 1 0 0 0 0 1 0 2082798547 1440917215 3127553159 0 1 1 0 0 0 0 0 0 0 1 0 2082798547 1440917215 1440917215 1440917215 1440917215 1440917215 1440917215 12 1
1 0 0 4081735265 0 1 1 1 0 1 1 0 0 1 1 1 3595195717 1759115015 4081735265 1 0 1 1 0 0 1 0 0 1 1 1 0 0 0 0 0 0 0 12 1
0 0 0 3789058589 1 0 0 1 1 1 0 1 1 1 1 1 2847448199 2053166685 3789058584 1 1 1 0 1 1 0 1 1 1 1 1 2847448199 2053166685 2053166685 2053166685 2053166685 2053166685 2053166685 12 1
0 1 0 2900992593 0 1 0 1 0 1 0 0 1 1 1 0 3930492875 2897221113 2900992594 1 0 1 0 0 1 0 0 1 1 1 0 3930492875 2897221113 2897221113 2897221113 2897221113 2897221113 2897221113 12 1
0 0 1 1043227583 1 0 1 1 0 0 1 0 1 0 0 1 2143559885 1142882949 1043227580 1 0 0 1 0 1 1 0 1 0 0 1 2143559885 1142882949 1142882949 1142882949 1142882949 1142882949 1142882949 12 1
0 0 1 1009631664 0 1 1 1 1 1 1 0 1 1 0 0 3847523449 465621889 1009631668 1 1 1 1 0 1 1 0 1 1 0 0 3847523449 465621889 465621889 465621889 465621889 465621889 465621889 12 1
1 1 1 3293906869 1 0 1 1 0 0 1 1 0 0 0 1 474401041 2097392869 3293906871 1 0 0 1 1 0 1 1 0 0 0 1 0 0 0 0 0 0 0 12 1
0 1 0 3624530584 0 1 1 0 1 1 0 0 1 1 1 1 1326141433 425035659 3624530586 0 1 1 0 0 1 0 0 1 1 1 1 1326141433 425035659 425035659 425035659 425035659 425035659 425035659 12 1
0 0 1 519740669 1 0 1 1 1 1 1 0 1 0 1 1 2903282577 4054362691 519740668 1 1 1 1 0 1 1 0 1 0 1 1 2903282577 4054362691 4054362691 4054362691 4054362691 4054362691 4054362691 12 1
0 0 0 3475605130 1 0 0 1 0 0 1 0 0 0 0 1 1228324839 687235369 3475605128 1 0 0 1 0 0 1 0 0 0 0 1 1228324839 687235369 687235369 687235369 687235369 687235369 687235369 12 1
1 1 0 256506855 0 1 0 0 1 1 1 1 0 0 0 1 582250689 1852913851 256506851 0 1 1 1 1 0 1 1 0 0 0 1 582250689 1852913851 1852913851 1852913851 1852913851 1852913851 1852913851 12 1
1 0 1 753827472 0 1 0 0 1 1 0 1 0 0 0 1 3049205919 1871703505 753827477 0 1 1 0 1 0 0 1 0 0 0 1 3049205919 1871703505 1871703505 1871703505 1871703505 1871703505 1871703505 12 1
0 0 0 4267051240 1 0 1 1 0 1 0 1 1 0 0 0 628959095 3885401201 4267051240 1 0 1 0 1 1 0 1 1 0 0 0 628959095 3885401201 3885401201 3885401201 3885401201 3885401201 3885401201 12 1
0 0 1 2833782415 1 1 1 1 1 0 0 1 0 1 1 1 3033543287 3200090331 2833782412 1 1 0 0 1 0 0 1 0 1 1 1 0 0 0 0 0 0 0 12 1
1 0 0 2977930299 0 1 1 0 1 1 1 0 0 1 0 0 3818270627 2491858581 2977930297 0 1 1 1 0 0 1 0 0 1 0 0 0 0 0 0 0 0 0 12 1
0 1 0 2885848547 1 1 0 1 0 0 0 0 1 1 0 1 571856759 2247772065 2885848546 1 0 0 0 0 1 0 0 1 1 0 1 571856759 2247772065 2247772065 2247772065 2247772065 2247772065 2247772065 12 1
0 1 1 2600944697 0 1 1 1 0 1 0 0 0 0 0 1 2082408311 2437060231 2600944702 1 0 1 0 0 0 0 0 0 0 0 1 0 0 0 0 0 0 0 12 1
1 0 1 3711307233 0 0 1 1 0 0 0 0 0 0 0 1 3998934593 2440167099 3711307237 1 0 0 0 0 0 0 0 0 0 0 1 0 0 0 0 0 0 0 12 1
0 0 0 741351585 1 0 0 1 0 0 1 0 1 0 0 0 331065815 1053742673 741351584 1 0 0 1 0 1 1 0 1 0 0 0 331065815 1053742673 1053742673 1053742673 1053742673 1053742673 1053742673 12 1
0 1 1 1356485381 0 0 1 1 0 0 0 1 0 1 1 0 3757262879 736517659 1356485382 1 0 0 0 1 0 0 1 0 1 1 0 0 0 0 0 0 0 0 12 1
0 1 1 547480310 0 1 1 0 0 1 0 0 0 1 0 1 2904483629 3013408803 547480310 0 0 1 0 0 0 0 0 0 1 0 1 0 0 0 0 0 0 0 12 1
0 0 1 1652273026 1 0 0 0 0 1 1 1 1 1 0 1 2365564941 1013114345 1652273028 0 0 1 1 1 1 1 1 1 1 0 1 2365564941 1013114345 1013114345 1013114345 1013114345 1013114345 1013114345 12 1
1 0 0 1749741188 0 0 1 1 1 0 1 0 0 1 1 0 2639951935 1774777031 1749741185 1 1 0 1 0 0 1 0 0 1 1 0 0 0 0 0 0 0 0 12 1
1 1 0 2493547909 1 0 1 1 0 0 1 0 0 1 1 1 1146386069 2494296401 2493547907 1 0 0 1 0 0 1 0 0 1 1 1 0 0 0 0 0 0 0 12 1
1 1 0 427310619 0 0 1 1 1 1 1 1 1 1 0 0 3078971703 3707458683 427310619 1 1 1 1 1 1 1 1 1 1 0 0 3078971703 3707458683 3707458683 3707458683 3707458683 3707458683 3707458683 12 1
1 0 0 1062137714 0 1 1 0 0 1 0 0 1 1 0 0 445726323 2455349187 1062137713 0 0 1 0 0 1 0 0 1 1 0 0 445726323 2455349187 2455349187 2455349187 2455349187 2455349187 2455349187 12 1
0 1 1 3583694641 1 1 0 1 1 0 0 0 1 0 1 1 3015866553 3591364323 3583694646 1 1 0 0 0 1 0 0 1 0 1 1 3015866553 3591364323 3591364323 3591364323 3591364323 3591364323 3591364323 12 1
0 0 0 3136067948 1 1 0 1 1 0 0 0 0 0 0 0 3487277803 2070388719 3136067944 1 1 0 0 0 0 0 0 0 0 0 0 3487277803 2070388719 2070388719 2070388719 2070388719 2070388719 2070388719 12 1
0 0 1 78874469 1 0 1 1 0 1 0 1 0 0 0 0 2541908447 656988239 78874468 1 0 1 0 1 0 0 1 0 0 0 0 0 0 0 0 0 0 0 12 1
1 1 1 2061503117 1 0 1 1 1 1 1 0 1 1 1 0 1244337681 4067212111 2061503119 1 1 1 1 0 1 1 0 1 1 1 0 1244337681 4067212111 4067212111 4067212111 4067212111 4067212111 4067212111 12 1
1 1 1 4002705277 0 1 1 0 0 1 0 0 0 1 1 0 1219920675 2739197675 4002705279 0 0 1 0 0 0 0 0 0 1 1 0 0 0 0 0 0 0 0 12 1
0 1 0 3736963788 0 1 1 0 1 0 0 0 0 1 0 0 1062172857 1895066781 3736963786 0 1 0 0 0 0 0 0 0 1 0 0 0 0 0 0 0 0 0 12 1
1 0 1 354269658 0 0 1 0 0 1 1 0 1 0 0 0 3419018469 3428594655 354269661 0 0 1 1 0 1 1 0 1 0 0 0 3419018469 3428594655 3428594655 3428594655 3428594655 3428594655 3428594655 12 1
1 1 1 502206428 0 1 1 1 1 1 0 0 1 0 0 1 774305945 1745845845 502206431 1 1 1 0 0 1 0 0 1 0 0 1 774305945 1745845845 1745845845 1745845845 1745845845 1745845845 1745845845 12 1
0 0 1 2305518346 1 1 0 1 1 0 0 1 0 1 1 1 3430206417 2325642931 2305518348 1 1 0 0 1 0 0 1 0 1 1 1 3430206417 2325642931 2325642931 2325642931 2325642931 2325642931 2325642931 12 1
0 1 1 2608161964 1 0 1 1 1 0 1 1 0 1 0 0 164343761 1751604637 2608161966 1 1 0 1 1 0 1 1 0 1 0 0 0 0 0 0 0 0 0 12 1
0 0 1 2791543799 1 0 1 0 1 1 0 1 0 1 1 0 1262239527 2514160361 2791543796 0 1 1 0 1 0 0 1 0 1 1 0 0 0 0 0 0 0 0 12 1
1 1 1 1455963428 0 0 1 1 0 0 1 1 1 0 1 1 3218151209 1959952673 1455963431 1 0 0 1 1 1 1 1 1 0 1 1 3218151209 1959952673 1959952673 1959952673 1959952673 1959952673 1959952673 12 1
0 0 1 2045456987 0 1 0 0 0 1 0 0 0 1 0 1 2861656011 1153033051 2045456988 0 0 1 0 0 0 0 0 0 1 0 1 2861656011 1153033051 1153033051 1153033051 1153033051 1153033051 1153033051 12 1
1 0 0 2627327579 1 1 0 1 0 0 1 0 1 0 0 1 4125202541 3919992565 2627327577 1 0 0 1 0 1 1 0 1 0 0 1 4125202541 3919992565 3919992565 3919992565 3919992565 3919992565 3919992565 12 1
0 1 1 2740460750 1 1 1 0 1 0 1 1 1 1 0 1 26491767 2756006035 2740460750 0 1 0 1 1 1 1 1 1 1 0 1 26491767 2756006035 2756006035 2756006035 2756006035 2756006035 2756006035 12 1
0 0 0 183469353 0 0 0 0 1 0 0 1 1 1 1 0 748362985 2265500327 183469352 0 1 0 0 1 1 0 1 1 1 1 0 748362985 2265500327 2265500327 2265500327 2265500327 2265500327 2265500327 12 1
1 0 0 1277482244 1 1 0 1 1 1 0 0 1 1 1 0 348731845 4107391631 1277482241 1 1 1 0 0 1 0 0 1 1 1 0 348731845 4107391631 4107391631 4107391631 4107391631 4107391631 4107391631 12 1
0 0 1 3565470543 0 0 0 0 1 0 0 1 0 0 1 1 3472076943 1313284045 3565470540 0 1 0 0 1 0 0 1 0 0 1 1 3472076943 1313284045 1313284045 1313284045 1313284045 1313284045 1313284045 12 1
0 1 1 2716597688 1 0 0 0 1 0 1 0 1 0 0 1 3395838035 2692443803 2716597694 0 1 0 1 0 1 1 0 1 0 0 1 3395838035 2692443803 2692443803 2692443803 2692443803 2692443803 2692443803 12 1
1 0 0 4224431039 1 0 1 1 0 1 1 1 1 0 0 1 1077484791 1451645893 4224431033 1 0 1 1 1 1 1 1 1 0 0 1 1077484791 1451645893 1451645893 1451645893 1451645893 1451645893 1451645893 12 1
1 1 1 2231955319 0 1 0 0 0 0 0 0 0 1 1 1 3685288791 2942428349 2231955319 0 0 0 0 0 0 0 0 0 1 1 1 3685288791 2942428349 2942428349 2942428349 2942428349 2942428349 2942428349 12 1
0 0 0 3775030020 0 1 0 0 0 1 0 1 0 1 0 1 2325492335 734548203 3775030016 0 0 1 0 1 0 0 1 0 1 0 1 2325492335 734548203 734548203 734548203 734548203 734548203 734548203 12 1
1 0 1 2342291952 1 1 0 0 1 1 1 1 0 1 1 1 2533745623 1023245629 2342291957 0 1 1 1 1 0 1 1 0 1 1 1 2533745623 1023245629 1023245629 1023245629 1023245629 1023245629 1023245629 12 1
1 1 0 3399739573 1 0 1 1 1 0 0 0 1 0 0 1 3854063123 1022077021 3399739571 1 1 0 0 0 1 0 0 1 0 0 1 3854063123 1022077021 1022077021 1022077021 1022077021 1022077021 1022077021 12 1
0 1 1 245824145 0 1 1 1 1 1 1 1 0 0 1 1 55373525 124951395 245824150 1 1 1 1 1 0 1 1 0 0 1 1 0 0 0 0 0 0 0 12 1
1 1 1 1367655451 0 0 1 1 1 1 0 0 0 0 1 1 2464854105 4004334619 1367655455 1 1 1 0 0 0 0 0 0 0 1 1 0 0 0 0 0 0 0 12 1
0 0 0 4267157678 0 1 0 1 0 1 0 0 0 1 0 0 2394387633 1820269515 4267157672 1 0 1 0 0 0 0 0 0 1 0 0 2394387633 1820269515 1820269515 1820269515 1820269515 1820269515 1820269515 12 1
1 1 0 3225355413 0 1 1 0 1 0 0 1 0 1 1 0 3133566081 936642913 3225355411 0 1 0 0 1 0 0 1 0 1 1 0 0 0 0 0 0 0 0 12 1
0 1 0 879544160 1 1 1 1 0 1 0 0 1 0 1 1 1695117777 1906004531 879544162 1 0 1 0 0 1 0 0 1 0 1 1 1695117777 1906004531 1906004531 1906004531 1906004531 1906004531 1906004531 12 1
0 1 0 3770549029 0 0 1 1 1 1 0 0 1 1 0 1 14703037 831518007 3770549026 1 1 1 0 0 1 0 0 1 1 0 1 14703037 831518007 831518007 831518007 831518007 831518007 831518007 12 1
0 0 0 2523599438 0 1 1 0 0 0 1 0 0 1 0 0 1830673157 1790967789 2523599432 0 0 0 1 0 0 1 0 0 1 0 0 0 0 0 0 0 0 0 12 1
1 1 0 513573152 0 0 1 0 0 1 0 1 0 0 1 0 3781853929 717096883 513573155 0 0 1 0 1 0 0 1 0 0 1 0 0 0 0 0 0 0 0 12 1
0 0 1 2846069594 1 1 0 0 0 0 1 1 0 1 0 1 2196070871 1367266979 2846069596 0 0 0 1 1 0 1 1 0 1 0 1 2196070871 1367266979 1367266979 1367266979 1367266979 1367266979 1367266979 12 1
1 0 1 1460749427 0 0 1 0 1 0 1 0 1 1 0 0 1868497531 4073548691 1460749429 0 1 0 1 0 1 1 0 1 1 0 0 1868497531 4073548691 4073548691 4073548691 4073548691 4073548691 4073548691 12 1
0 1 1 1523889019 1 1 0 0 1 1 0 1 0 1 0 1 415128345 60116487 1523889022 0 1 1 0 1 0 0 1 0 1 0 1 415128345 60116487 60116487 60116487 60116487 60116487 60116487 12 1
1 0 1 3232753959 1 1 1 0 1 1 1 1 0 0 1 1 2159187035 994658779 3232753957 0 1 1 1 1 0 1 1 0 0 1 1 0 0 0 0 0 0 0 12 1
1 1 0 3669572592 1 1 0 1 0 1 1 0 0 0 1 1 4105123077 1057001511 3669572595 1 0 1 1 0 0 1 0 0 0 1 1 4105123077 1057001511 1057001511 1057001511 1057001511 1057001511 1057001511 12 1
1 1 0 3540251129 1 1 0 1 1 0 0 1 0 1 1 1 396044467 3179063817 3540251131 1 1 0 0 1 0 0 1 0 1 1 1 396044467 3179063817 3179063817 3179063817 3179063817 3179063817 3179063817 12 1
0 0 1 3504250490 0 0 0 1 0 1 0 1 0 1 1 0 318563601 1015194249 3504250492 1 0 1 0 1 0 0 1 0 1 1 0 318563601 1015194249 1015194249 1015194249 1015194249 1015194249 1015194249 12 1
0 0 0 1834889700 0 0 0 1 1 1 1 0 1 0 1 0 294707479 4052957605 1834889696 1 1 1 1 0 1 1 0 1 0 1 0 294707479 4052957605 4052957605 4052957605 4052957605 4052957605 4052957605 12 1
0 0 1 592300152 1 1 1 0 1 0 0 1 1 0 0 1 342702397 3299470859 592300156 0 1 0 0 1 1 0 1 1 0 0 1 342702397 3299470859 3299470859 3299470859 3299470859 3299470859 3299470859 12 1
0 0 1 2387953369 1 0 0 0 1 1 0 1 1 1 1 0 497477229 1086116993 2387953372 0 1 1 0 1 1 0 1 1 1 1 0 497477229 1086116993 1086116993 1086116993 1086116993 1086116993 1086116993 12 1
0 1 0 882751023 1 0 0 0 0 1 0 1 1 1 1 1 1396223581 2207403825 882751018 0 0 1 0 1 1 0 1 1 1 1 1 1396223581 2207403825 2207403825 2207403825 2207403825 2207403825 2207403825 12 1
0 0 0 1327582914 0 1 0 0 1 0 1 1 1 1 1 0 1730151333 4015722153 1327582912 0 1 0 1 1 1 1 1 1 1 1 0 1730151333 4015722153 4015722153 4015722153 4015722153 4015722153 4015722153 12 1
0 0 1 3644916173 1 0 0 1 1 1 0 1 1 0 1 1 1363807739 4221790027 3644916172 1 1 1 0 1 1 0 1 1 0 1 1 1363807739 4221790027 4221790027 4221790027 4221790027 4221790027 4221790027 12 1
1 1 1 1797020653 1 0 1 1 1 1 1 1 1 1 0 0 3641734611 741273995 1797020655 1 1 1 1 1 1 1 1 1 1 0 0 3641734611 741273995 741273995 741273995 741273995 741273995 741273995 12 1
1 1 1 2873467233 0 0 1 0 1 1 0 0 1 1 0 0 663126253 2544254255 2873467239 0 1 1 0 0 1 0 0 1 1 0 0 663126253 2544254255 2544254255 2544254255 2544254255 2544254255 2544254255 12 1
0 1 0 775968154 0 1 1 0 0 1 0 1 1 0 1 1 3472242533 1977918625 775968154 0 0 1 0 1 1 0 1 1 0 1 1 3472242533 1977918625 1977918625 1977918625 1977918625 1977918625 1977918625 12 1
0 0 1 4184891308 0 1 0 1 0 1 1 0 1 1 0 0 189823057 1280222017 4184891308 1 0 1 1 0 1 1 0 1 1 0 0 189823057 1280222017 1280222017 1280222017 1280222017 1280222017 1280222017 12 1
0 0 0 1343592501 0 0 1 1 0 1 0 0 1 1 1 1 3138971101 3311829535 1343592496 1 0 1 0 0 1 0 0 1 1 1 1 3138971101 3311829535 3311829535 3311829535 3311829535 3311829535 3311829535 12 1
0 1 0 2163336108 0 0 1 1 0 1 1 0 0 1 0 1 1801325661 3489112349 2163336106 1 0 1 1 0 0 1 0 0 1 0 1 0 0 0 0 0 0 0 12 1
1 0 0 3540578247 1 0 0 0 0 0 1 1 1 1 1 0 1196030839 2711572533 3540578241 0 0 0 1 1 1 1 1 1 1 1 0 1196030839 2711572533 2711572533 2711572533 2711572533 2711572533 2711572533 12 1
1 0 1 3612489447 1 1 1 0 0 1 1 0 1 0 1 1 1461806425 246993915 3612489445 0 0 1 1 0 1 1 0 1 0 1 1 1461806425 246993915 246993915 246993915 246993915 246993915 246993915 12 1
1 1 1 2002301340 0 0 0 1 0 0 1 0 1 1 0 0 3361425137 1033999497 2002301343 1 0 0 1 0 1 1 0 1 1 0 0 3361425137 1033999497 1033999497 1033999497 1033999497 1033999497 1033999497 12 1
1 1 1 2572191214 0 1 0 0 0 0 0 0 1 1 1 0 601337505 1250734017 2572191215 0 0 0 0 0 1 0 0 1 1 1 0 601337505 1250734017 1250734017 1250734017 1250734017 1250734017 1250734017 12 1
0 0 1 2952303502 0 1 1 0 1 0 0 0 1 1 1 1 1811463827 4026041277 2952303500 0 1 0 0 0 1 0 0 1 1 1 1 1811463827 4026041277 4026041277 4026041277 4026041277 4026041277 4026041277 12 1
0 0 0 707001517 1 1 1 1 1 0 0 1 0 0 0 0 3863256281 2397739097 707001512 1 1 0 0 1 0 0 1 0 0 0 0 0 0 0 0 0 0 0 12 1
0 0 1 3185842469 0 0 1 1 1 0 1 0 1 1 0 0 1022774301 4246122591 3185842468 1 1 0 1 0 1 1 0 1 1 0 0 1022774301 4246122591 4246122591 4246122591 4246122591 4246122591 4246122591 12 1
1 1 0 879128585 0 0 1 1 1 0 0 1 0 1 1 1 2053273711 1570068885 879128587 1 1 0 0 1 0 0 1 0 1 1 1 0 0 0 0 0 0 0 12 1
0 0 1 1509062814 1 1 0 1 0 1 1 1 0 0 1 1 3500727683 3207557725 1509062812 1 0 1 1 1 0 1 1 0 0 1 1 3500727683 3207557725 3207557725 3207557725 3207557725 3207557725 3207557725 12 1
0 1 0 2391187184 1 1 0 0 1 0 1 1 0 1 1 0 1223669955 2377872591 2391187186 0 1 0 1 1 0 1 1 0 1 1 0 1223669955 2377872591 2377872591 2377872591 2377872591 2377872591 2377872591 12 1
1 0 0 2436456702 0 0 0 1 0 0 1 1 0 1 0 1 2117938395 3793875619 2436456697 1 0 0 1 1 0 1 1 0 1 0 1 2117938395 3793875619 3793875619 3793875619 3793875619 3793875619 3793875619 12 1
0 0 0 2587588113 0 1 0 1 0 1 1 0 0 1 1 1 741599439 670081283 2587588112 1 0 1 1 0 0 1 0 0 1 1 1 741599439 670081283 670081283 670081283 670081283 670081283 670081283 12 1
1 0 0 3902361375 1 1 0 0 1 0 1 1 1 1 0 1 3543415063 1689608963 3902361369 0 1 0 1 1 1 1 1 1 1 0 1 3543415063 1689608963 1689608963 1689608963 1689608963 1689608963 1689608963 12 1
0 0 0 3372395550 1 0 0 1 0 1 1 1 1 1 0 0 219664015 523727987 3372395544 1 0 1 1 1 1 1 1 1 1 0 0 219664015 523727987 523727987 523727987 523727987 523727987 523727987 12 1
1 0 0 1518044086 1 1 1 1 0 1 1 1 0 0 1 1 742841029 2560005801 1518044081 1 0 1 1 1 0 1 1 0 0 1 1 0 0 0 0 0 0 0 12 1
0 0 0 1592410187 0 1 0 0 1 0 0 0 1 0 1 1 1751799131 4287700243 1592410184 0 1 0 0 0 1 0 0 1 0 1 1 1751799131 4287700243 4287700243 4287700243 4287700243 4287700243 4287700243 12 1
1 1 1 3539718964 1 1 1 1 1 1 0 0 0 1 1 0 2466362637 36144267 3539718967 1 1 1 0 0 0 0 0 0 1 1 0 0 0 0 0 0 0 0 12 1
0 0 1 1119853102 0 0 1 0 1 0 1 1 0 0 0 1 494704267 468437649 1119853100 0 1 0 1 1 0 1 1 0 0 0 1 0 0 0 0 0 0 0 12 1
0 0 0 2423604819 0 1 0 1 1 0 1 0 0 1 1 0 2957430101 1746426781 2423604816 1 1 0 1 0 0 1 0 0 1 1 0 2957430101 1746426781 1746426781 1746426781 1746426781 1746426781 1746426781 12 1
0 1 0 986762405 0 0 1 1 0 1 0 1 0 0 0 0 1845140439 1772518027 986762402 1 0 1 0 1 0 0 1 0 0 0 0 0 0 0 0 0 0 0 12 1
0 0 1 516759670 1 0 1 1 1 0 1 0 0 1 1 0 1109896573 332002453 516759668 1 1 0 1 0 0 1 0 0 1 1 0 0 0 0 0 0 0 0 12 1
0 0 0 3404528749 1 1 1 1 1 0 0 0 1 0 1 1 85714511 2735411353 3404528744 1 1 0 0 0 1 0 0 1 0 1 1 85714511 2735411353 2735411353 2735411353 2735411353 2735411353 2735411353 12 1
1 1 1 366710392 1 0 0 0 1 0 0 1 1 0 1 1 2491124897 2056172589 366710399 0 1 0 0 1 1 0 1 1 0 1 1 2491124897 2056172589 2056172589 2056172589 2056172589 2056172589 2056172589 12 1
1 0 1 4015266155 1 0 1 1 1 1 0 1 0 0 1 1 2118072999 1086200721 4015266157 1 1 1 0 1 0 0 1 0 0 1 1 0 0 0 0 0 0 0 12 1
1 1 1 4019467764 0 0 1 0 0 0 1 0 0 0 0 1 1744675247 1029714213 4019467767 0 0 0 1 0 0 1 0 0 0 0 1 0 0 0 0 0 0 0 12 1
1 1 1 802702338 1 0 0 1 1 1 1 1 1 1 1 1 1700607521 716000963 802702343 1 1 1 1 1 1 1 1 1 1 1 1 1700607521 716000963 716000963 716000963 716000963 716000963 716000963 12 1
1 0 1 875722788 0 1 1 0 0 0 1 0 1 0 1 1 1948219665 3318462833 875722789 0 0 0 1 0 1 1 0 1 0 1 1 1948219665 3318462833 3318462833 3318462833 3318462833 3318462833 3318462833 12 1
1 0 1 2568639994 1 0 0 0 1 0 0 1 1 0 0 1 1511094695 90086433 2568639997 0 1 0 0 1 1 0 1 1 0 0 1 1511094695 90086433 90086433 90086433 90086433 90086433 90086433 12 1
0 1 1 2769499237 0 0 0 1 1 1 1 1 1 1 1 0 1701192665 3107231631 2769499238 1 1 1 1 1 1 1 1 1 1 1 0 1701192665 3107231631 3107231631 3107231631 3107231631 3107231631 3107231631 12 1
1 1 0 2794652952 1 1 0 0 0 0 0 1 1 1 1 1 2222848867 2146094083 2794652955 0 0 0 0 1 1 0 1 1 1 1 1 2222848867 2146094083 2146094083 2146094083 2146094083 2146094083 2146094083 12 1
1 0 0 3624942908 1 0 1 0 1 1 0 0 1 0 1 0 3371371485 2167419371 3624942905 0 1 1 0 0 1 0 0 1 0 1 0 3371371485 2167419371 2167419371 2167419371 2167419371 2167419371 2167419371 12 1
0 0 1 3741382080 1 1 0 0 0 0 0 0 0 0 0 1 157890335 2920631299 3741382084 0 0 0 0 0 0 0 0 0 0 0 1 157890335 2920631299 2920631299 2920631299 2920631299 2920631299 2920631299 12 1
0 0 0 579318153 0 1 0 0 1 0 1 1 1 1 0 0 4196957117 1487935973 579318152 0 1 0 1 1 1 1 1 1 1 0 0 4196957117 1487935973 1487935973 1487935973 1487935973 1487935973 1487935973 12 1
1 1 1 2704970029 1 1 1 0 1 0 1 0 1 0 1 0 674267717 2631046251 2704970031 0 1 0 1 0 1 1 0 1 0 1 0 674267717 2631046251 2631046251 2631046251 2631046251 2631046251 2631046251 12 1
1 1 1 1194840634 1 1 0 1 1 1 0 0 1 1 0 1 3898336129 1278068745 1194840639 1 1 1 0 0 1 0 0 1 1 0 1 3898336129 1278068745 1278068745 1278068745 1278068745 1278068745 1278068745 12 1
1 0 0 2356026034 1 0 0 0 1 1 0 0 1 1 1 1 1685838605 4292525761 2356026033 0 1 1 0 0 1 0 0 1 1 1 1 1685838605 4292525761 4292525761 4292525761 4292525761 4292525761 4292525761 12 1
1 0 1 2494371719 1 0 0 0 1 1 1 0 1 0 1 0 1913605203 3803747395 2494371717 0 1 1 1 0 1 1 0 1 0 1 0 1913605203 3803747395 3803747395 3803747395 3803747395 3803747395 3803747395 12 1
1 1 0 3028400958 1 0 0 0 1 0 0 0 1 1 0 0 1985939941 3039503125 3028400955 0 1 0 0 0 1 0 0 1 1 0 0 1985939941 3039503125 3039503125 3039503125 3039503125 3039503125 3039503125 12 1
0 1 1 2043166568 1 0 1 1 0 1 1 0 0 0 1 0 3371312963 1283075113 2043166574 1 0 1 1 0 0 1 0 0 0 1 0 0 0 0 0 0 0 0 12 1
1 1 1 702885550 1 0 1 1 0 0 1 0 0 1 0 0 39178281 2812422831 702885551 1 0 0 1 0 0 1 0 0 1 0 0 0 0 0 0 0 0 0 12 1
1 1 0 3358365309 0 1 0 1 1 1 0 1 0 1 0 0 1700558519 1748863557 3358365307 1 1 1 0 1 0 0 1 0 1 0 0 1700558519 1748863557 1748863557 1748863557 1748863557 1748863557 1748863557 12 1
1 1 1 598583962 0 0 0 0 0 0 0 1 0 1 1 1 3668791393 2842633723 598583967 0 0 0 0 1 0 0 1 0 1 1 1 3668791393 2842633723 2842633723 2842633723 2842633723 2842633723 2842633723 12 1
1 0 1 1705166124 1 1 0 1 1 1 1 0 1 1 1 0 793202651 2361228655 1705166125 1 1 1 1 0 1 1 0 1 1 1 0 793202651 2361228655 2361228655 2361228655 2361228655 2361228655 2361228655 12 1
0 1 0 3260182451 0 1 1 1 0 0 1 0 1 1 1 0 2594514713 2181737657 3260182450 1 0 0 1 0 1 1 0 1 1 1 0 2594514713 2181737657 2181737657 2181737657 2181737657 2181737657 2181737657 12 1
0 1 1 865695864 0 1 0 0 0 1 1 1 0 0 0 1 414941081 702777217 865695870 0 0 1 1 1 0 1 1 0 0 0 1 414941081 702777217 702777217 702777217 702777217 702777217 702777217 12 1
1 0 1 3431677899 0 0 1 1 0 0 1 0 1 1 0 1 2283972959 1332848873 3431677901 1 0 0 1 0 1 1 0 1 1 0 1 2283972959 1332848873 1332848873 1332848873 1332848873 1332848873 1332848873 12 1
1 0 0 1321209528 1 0 1 0 1 0 0 1 1 0 1 1 407916799 2286723371 1321209529 0 1 0 0 1 1 0 1 1 0 1 1 407916799 2286723371 2286723371 2286723371 2286723371 2286723371 2286723371 12 1
1 1 1 912103288 0 0 0 1 0 0 0 1 1 0 0 0 1069408627 990321689 912103295 1 0 0 0 1 1 0 1 1 0 0 0 1069408627 990321689 990321689 990321689 990321689 990321689 990321689 12 1
1 0 1 3002165788 1 1 0 1 0 0 0 0 1 0 1 1 3697631567 1393109381 3002165789 1 0 0 0 0 1 0 0 1 0 1 1 3697631567 1393109381 1393109381 1393109381 1393109381 1393109381 1393109381 12 1
1 1 1 2890356434 0 1 0 0 0 1 0 0 1 0 0 0 2983449463 1293070965 2890356439 0 0 1 0 0 1 0 0 1 0 0 0 2983449463 1293070965 1293070965 1293070965 1293070965 1293070965 1293070965 12 1
0 0 1 3802008693 1 0 0 1 0 1 1 0 1 1 1 0 3080761985 1184942069 3802008692 1 0 1 1 0 1 1 0 1 1 1 0 3080761985 1184942069 1184942069 1184942069 1184942069 1184942069 1184942069 12 1
0 1 1 347136467 0 0 1 0 0 1 1 0 0 0 1 0 2229179429 1152049193 347136470 0 0 1 1 0 0 1 0 0 0 1 0 0 0 0 0 0 0 0 12 1
1 0 0 2566403876 0 1 1 1 1 1 1 0 1 1 0 1 397368233 1100781211 2566403873 1 1 1 1 0 1 1 0 1 1 0 1 397368233 1100781211 1100781211 1100781211 1100781211 1100781211 1100781211 12 1
0 0 1 3415374004 0 1 0 1 0 1 0 0 0 1 1 0 1983663525 3271598895 3415374004 1 0 1 0 0 0 0 0 0 1 1 0 1983663525 3271598895 3271598895 3271598895 3271598895 3271598895 3271598895 12 1
1 0 0 2991887904 1 0 0 0 0 0 1 1 0 0 0 0 2595847683 1422462311 2991887905 0 0 0 1 1 0 1 1 0 0 0 0 2595847683 1422462311 1422462311 1422462311 1422462311 1422462311 1422462311 12 1
1 0 1 220100495 0 0 0 0 0 1 0 1 1 0 1 0 4164165537 4098245339 220100493 0 0 1 0 1 1 0 1 1 0 1 0 4164165537 4098245339 4098245339 4098245339 4098245339 4098245339 4098245339 12 1
1 1 0 1318775134 1 1 1 0 1 1 1 1 0 0 1 0 2118429195 1790840555 1318775131 0 1 1 1 1 0 1 1 0 0 1 0 0 0 0 0 0 0 0 12 1
0 0 0 180204835 1 1 0 1 0 1 0 1 1 1 1 1 1782744015 1500999023 180204832 1 0 1 0 1 1 0 1 1 1 1 1 1782744015 1500999023 1500999023 1500999023 1500999023 1500999023 1500999023 12 1
0 0 1 5710930 0 0 0 1 0 0 0 1 0 1 1 0 4076878223 2333984551 5710932 1 0 0 0 1 0 0 1 0 1 1 0 4076878223 2333984551 2333984551 2333984551 2333984551 2333984551 2333984551 12 1
0 0 0 2115850987 1 1 0 1 0 1 0 0 0 0 1 1 3626283609 944682489 2115850984 1 0 1 0 0 0 0 0 0 0 1 1 3626283609 944682489 944682489 944682489 944682489 944682489 944682489 12 1
1 0 1 3306925870 0 1 0 1 0 1 1 1 1 1 0 0 991154555 1761845455 3306925869 1 0 1 1 1 1 1 1 1 1 0 0 991154555 1761845455 1761845455 1761845455 1761845455 1761845455 1761845455 12 1
0 0 1 18166354 0 0 0 1 0 0 0 1 0 1 0 0 3804005289 1654517795 18166356 1 0 0 0 1 0 0 1 0 1 0 0 3804005289 1654517795 1654517795 1654517795 1654517795 1654517795 1654517795 12 1
1 0 1 4244016412 1 0 0 1 0 0 1 0 1 0 1 1 103933571 934427653 4244016413 1 0 0 1 0 1 1 0 1 0 1 1 103933571 934427653 934427653 934427653 934427653 934427653 934427653 12 1
1 1 1 2431332670 0 0 1 0 1 1 1 0 1 1 0 0 3718424971 620433679 2431332671 0 1 1 1 0 1 1 0 1 1 0 0 3718424971 620433679 620433679 620433679 620433679 620433679 620433679 12 1
0 1 0 1527866444 0 1 0 1 0 1 1 1 0 1 1 1 282540097 579174433 1527866442 1 0 1 1 1 0 1 1 0 1 1 1 282540097 579174433 579174433 579174433 579174433 579174433 579174433 12 1
1 0 1 1344172493 1 1 1 0 1 1 1 1 1 1 1 0 819336201 2288899833 1344172493 0 1 1 1 1 1 1 1 1 1 1 0 819336201 2288899833 2288899833 2288899833 2288899833 2288899833 2288899833 12 1
1 1 1 2066301717 0 1 1 1 1 1 1 1 1 0 1 0 1527083173 3247802517 2066301719 1 1 1 1 1 1 1 1 1 0 1 0 1527083173 3247802517 3247802517 3247802517 3247802517 3247802517 3247802517 12 1
0 0 1 2717988889 0 0 1 0 0 0 0 0 0 1 1 1 2037374009 1621296277 2717988892 0 0 0 0 0 0 0 0 0 1 1 1 0 0 0 0 0 0 0 12 1
1 0 1 1203068322 1 1 0 0 0 0 0 0 1 0 1 0 4056256707 2162926873 1203068325 0 0 0 0 0 1 0 0 1 0 1 0 4056256707 2162926873 2162926873 2162926873 2162926873 2162926873 2162926873 12 1
1 1 1 3058948448 0 1 1 0 0 1 0 0 1 0 1 0 2395586057 2659019059 3058948455 0 0 1 0 0 1 0 0 1 0 1 0 2395586057 2659019059 2659019059 2659019059 2659019059 2659019059 2659019059 12 1
0 0 1 2596829282 1 1 0 1 1 1 1 0 0 0 1 0 2446638597 2376758951 2596829284 1 1 1 1 0 0 1 0 0 0 1 0 2446638597 2376758951 2376758951 2376758951 2376758951 2376758951 2376758951 12 1
1 0 0 1936770204 0 0 1 1 1 1 0 0 1 1 1 0 4071957491 3631698715 1936770201 1 1 1 0 0 1 0 0 1 1 1 0 4071957491 3631698715 3631698715 3631698715 3631698715 3631698715 3631698715 12 1
0 0 1 3480770161 1 1 1 0 1 1 0 0 0 1 1 0 226098105 1826343745 3480770164 0 1 1 0 0 0 0 0 0 1 1 0 0 0 0 0 0 0 0 12 1
0 0 0 671025642 1 1 0 1 0 0 0 1 0 1 1 0 2369914283 2209581781 671025640 1 0 0 0 1 0 0 1 0 1 1 0 2369914283 2209581781 2209581781 2209581781 2209581781 2209581781 2209581781 12 1
1 0 0 2853307448 0 0 0 1 0 1 1 1 1 0 1 0 2557330753 4210315291 2853307449 1 0 1 1 1 1 1 1 1 0 1 0 2557330753 4210315291 4210315291 4210315291 4210315291 4210315291 4210315291 12 1
1 1 0 2171493280 0 1 1 0 1 0 0 1 0 1 1 0 1037130157 3048560755 2171493283 0 1 0 0 1 0 0 1 0 1 1 0 0 0 0 0 0 0 0 12 1
1 1 0 618119045 0 1 1 1 1 0 1 0 0 0 0 1 3735522949 989840171 618119043 1 1 0 1 0 0 1 0 0 0 0 1 0 0 0 0 0 0 0 12 1
1 1 1 2471994113 0 1 1 1 0 1 1 1 0 0 1 0 322311491 1953091957 2471994119 1 0 1 1 1 0 1 1 0 0 1 0 0 0 0 0 0 0 0 12 1
0 1 0 302340467 1 0 1 0 0 0 0 1 1 1 1 0 2032655327 2177317629 302340466 0 0 0 0 1 1 0 1 1 1 1 0 2032655327 2177317629 2177317629 2177317629 2177317629 2177317629 2177317629 12 1
0 0 0 3693104578 0 1 0 0 1 0 1 0 0 0 1 0 3014116543 2549318275 3693104576 0 1 0 1 0 0 1 0 0 0 1 0 3014116543 2549318275 2549318275 2549318275 2549318275 2549318275 2549318275 12 1
0 1 1 2263649056 1 0 1 0 0 1 0 0 1 0 1 1 598250929 113239605 2263649062 0 0 1 0 0 1 0 0 1 0 1 1 598250929 113239605 113239605 113239605 113239605 113239605 113239605 12 1
1 1 1 641435959 0 0 1 0 0 0 0 1 1 1 0 0 3949182663 2288795231 641435959 0 0 0 0 1 1 0 1 1 1 0 0 3949182663 2288795231 2288795231 2288795231 2288795231 2288795231 2288795231 12 1
0 0 0 135523816 0 1 1 1 0 0 0 1 0 1 0 0 2704148159 3317383351 135523816 1 0 0 0 1 0 0 1 0 1 0 0 0 0 0 0 0 0 0 12 1
0 0 0 674413053 1 1 0 1 1 1 0 1 1 0 0 1 315372021 1642518091 674413048 1 1 1 0 1 1 0 1 1 0 0 1 315372021 1642518091 1642518091 1642518091 1642518091 1642518091 1642518091 12 1
0 0 0 1430923347 0 1 1 1 0 1 1 0 0 0 1 1 1018049595 3422967493 1430923344 1 0 1 1 0 0 1 0 0 0 1 1 0 0 0 0 0 0 0 12 1
1 1 1 1915227709 1 1 0 1 1 0 1 1 1 1 1 0 351241899 1847406951 1915227711 1 1 0 1 1 1 1 1 1 1 1 0 351241899 1847406951 1847406951 1847406951 1847406951 1847406951 1847406951 12 1
0 1 1 3048818394 0 1 0 1 0 0 0 1 1 0 0 1 3490825747 156518441 3048818398 1 0 0 0 1 1 0 1 1 0 0 1 3490825747 156518441 156518441 156518441 156518441 156518441 156518441 12 1
0 0 1 1173499044 0 0 1 1 0 0 0 0 0 0 0 1 1134068111 3256687569 1173499044 1 0 0 0 0 0 0 0 0 0 0 1 0 0 0 0 0 0 0 12 1
0 1 0 678831301 1 0 1 0 0 0 1 0 0 1 0 0 1995791613 3867949767 678831298 0 0 0 1 0 0 1 0 0 1 0 0 0 0 0 0 0 0 0 12 1
0 1 0 3154167641 1 0 0 1 0 1 1 1 0 1 0 0 3456003769 3373670017 3154167642 1 0 1 1 1 0 1 1 0 1 0 0 3456003769 3373670017 3373670017 3373670017 3373670017 3373670017 3373670017 12 1
0 0 0 442644533 0 1 1 0 0 0 1 0 0 0 1 1 994998319 3324122623 442644528 0 0 0 1 0 0 1 0 0 0 1 1 0 0 0 0 0 0 0 12 1
0 0 1 450119500 0 1 0 0 0 0 1 0 0 0 1 1 3289009169 4167058021 450119500 0 0 0 1 0 0 1 0 0 0 1 1 3289009169 4167058021 4167058021 4167058021 4167058021 4167058021 4167058021 12 1
0 1 1 1086925779 1 1 0 0 1 1 1 0 0 0 0 0 1980903151 3063871571 1086925782 0 1 1 1 0 0 1 0 0 0 0 0 1980903151 3063871571 3063871571 3063871571 3063871571 3063871571 3063871571 12 1
1 1 0 3975369341 0 0 0 0 0 1 0 0 0 0 0 0 2026998401 1438657903 3975369339 0 0 1 0 0 0 0 0 0 0 0 0 2026998401 1438657903 1438657903 1438657903 1438657903 1438657903 1438657903 12 1
0 0 1 1968648293 0 0 1 1 1 0 0 1 1 1 1 0 3096750619 35820625 1968648292 1 1 0 0 1 1 0 1 1 1 1 0 3096750619 35820625 35820625 35820625 35820625 35820625 35820625 12 1
1 1 0 2692210103 0 0 0 1 1 0 0 0 0 0 1 1 2246328219 951999649 2692210099 1 1 0 0 0 0 0 0 0 0 1 1 2246328219 951999649 951999649 951999649 951999649 951999649 951999649 12 1
0 1 1 3631421927 1 1 1 1 1 1 1 0 1 1 1 0 4214533945 3721840401 3631421926 1 1 1 1 0 1 1 0 1 1 1 0 4214533945 3721840401 3721840401 3721840401 3721840401 3721840401 3721840401 12 1
1 0 1 156494409 0 0 1 0 1 0 1 0 1 0 1 1 3209831289 1128928867 156494413 0 1 0 1 0 1 1 0 1 0 1 1 3209831289 1128928867 1128928867 1128928867 1128928867 1128928867 1128928867 12 1
1 0 0 2359998034 0 0 0 1 0 1 0 0 0 0 1 1 449490527 3362610109 2359998033 1 0 1 0 0 0 0 0 0 0 1 1 449490527 3362610109 3362610109 3362610109 3362610109 3362610109 3362610109 12 1
0 1 0 3280884153 1 0 1 0 1 0 1 0 1 1 0 0 626789693 3933025339 3280884154 0 1 0 1 0 1 1 0 1 1 0 0 626789693 3933025339 3933025339 3933025339 3933025339 3933025339 3933025339 12 1
1 1 1 3921053117 0 0 1 0 1 0 1 0 1 0 0 0 3093623761 387464187 3921053119 0 1 0 1 0 1 1 0 1 0 0 0 3093623761 387464187 387464187 387464187 387464187 387464187 387464187 12 1
1 0 0 2883970758 0 1 0 0 0 1 0 1 0 0 1 0 1221455679 1967438845 2883970753 0 0 1 0 1 0 0 1 0 0 1 0 1221455679 1967438845 1967438845 1967438845 1967438845 1967438845 1967438845 12 1
0 1 0 3507081200 0 1 1 1 1 0 1 0 0 0 0 0 999590983 1192731343 3507081202 1 1 0 1 0 0 1 0 0 0 0 0 0 0 0 0 0 0 0 12 1
0 0 0 3460541783 0 0 0 0 0 1 0 1 0 0 0 1 1382059685 543911621 3460541776 0 0 1 0 1 0 0 1 0 0 0 1 1382059685 543911621 543911621 543911621 543911621 543911621 543911621 12 1
1 1 0 2973773629 1 1 1 0 0 0 0 0 0 0 1 1 1442085679 252726011 2973773627 0 0 0 0 0 0 0 0 0 0 1 1 0 0 0 0 0 0 0 12 1
1 0 1 3850271852 1 1 1 1 0 1 1 1 0 1 0 1 1914976069 2222619969 3850271853 1 0 1 1 1 0 1 1 0 1 0 1 0 0 0 0 0 0 0 12 1
0 0 0 335426763 0 1 1 1 0 1 1 0 1 0 0 0 2340499781 2391588455 335426760 1 0 1 1 0 1 1 0 1 0 0 0 2340499781 2391588455 2391588455 2391588455 2391588455 2391588455 2391588455 12 1
1 0 1 985960932 1 0 0 1 0 1 0 0 1 0 1 0 2785475747 2878232689 985960933 1 0 1 0 0 1 0 0 1 0 1 0 2785475747 2878232689 2878232689 2878232689 2878232689 2878232689 2878232689 12 1
1 0 0 1664276875 0 1 1 1 1 0 0 0 0 1 1 1 612478753 3972488559 1664276873 1 1 0 0 0 0 0 0 0 1 1 1 0 0 0 0 0 0 0 12 1
1 1 1 2210764862 1 1 1 0 0 1 0 0 0 0 1 0 3886581559 1436076439 2210764863 0 0 1 0 0 0 0 0 0 0 1 0 0 0 0 0 0 0 0 12 1
1 1 1 596613980 0 0 1 0 0 1 0 1 1 1 0 0 953157413 1825857785 596613983 0 0 1 0 1 1 0 1 1 1 0 0 953157413 1825857785 1825857785 1825857785 1825857785 1825857785 1825857785 12 1
1 0 1 156798877 1 0 0 1 1 1 0 0 0 1 0 0 678359605 1058481443 156798877 1 1 1 0 0 0 0 0 0 1 0 0 678359605 1058481443 1058481443 1058481443 1058481443 1058481443 1058481443 12 1
1 0 0 2286477427 0 0 0 0 0 1 1 0 0 1 1 1 4041752343 89842515 2286477425 0 0 1 1 0 0 1 0 0 1 1 1 4041752343 89842515 89842515 89842515 89842515 89842515 89842515 12 1
1 0 0 2332449386 1 0 1 1 1 0 1 0 1 1 0 0 2864525893 357009377 2332449385 1 1 0 1 0 1 1 0 1 1 0 0 2864525893 357009377 357009377 357009377 357009377 357009377 357009377 12 1
1 1 0 474269734 1 1 0 0 1 1 0 1 1 0 1 0 1487014569 3945715325 474269731 0 1 1 0 1 1 0 1 1 0 1 0 1487014569 3945715325 3945715325 3945715325 3945715325 3945715325 3945715325 12 1
1 1 0 2299475403 1 0 0 1 1 0 0 1 0 0 0 1 3110747415 1740199235 2299475403 1 1 0 0 1 0 0 1 0 0 0 1 3110747415 1740199235 1740199235 1740199235 1740199235 1740199235 1740199235 12 1
0 1 0 3361735194 0 1 0 0 1 0 0 0 0 1 1 1 2381913435 4093904495 3361735194 0 1 0 0 0 0 0 0 0 1 1 1 2381913435 4093904495 4093904495 4093904495 4093904495 4093904495 4093904495 12 1
1 0 1 2669102560 1 1 0 0 0 1 0 1 1 1 1 1 436841567 1558412717 2669102565 0 0 1 0 1 1 0 1 1 1 1 1 436841567 1558412717 1558412717 1558412717 1558412717 1558412717 1558412717 12 1
0 1 0 2475996801 1 1 1 0 1 1 0 0 0 0 1 1 2143736209 961306397 2475996802 0 1 1 0 0 0 0 0 0 0 1 1 0 0 0 0 0 0 0 12 1
1 0 0 4065261213 0 0 0 0 0 1 0 1 0 1 1 1 2488613259 1426647561 4065261209 0 0 1 0 1 0 0 1 0 1 1 1 2488613259 1426647561 1426647561 1426647561 1426647561 1426647561 1426647561 12 1
1 1 0 3548283832 1 0 1 1 0 0 0 1 0 0 1 1 3724453183 819465727 3548283835 1 0 0 0 1 0 0 1 0 0 1 1 0 0 0 0 0 0 0 12 1
1 0 1 3953875932 0 1 0 0 1 0 1 0 1 1 0 0 4012863087 1107529963 3953875933 0 1 0 1 0 1 1 0 1 1 0 0 4012863087 1107529963 1107529963 1107529963 1107529963 1107529963 1107529963 12 1
0 0 0 1068486183 1 0 0 1 0 1 1 0 1 1 0 0 403207521 1931319961 1068486176 1 0 1 1 0 1 1 0 1 1 0 0 403207521 1931319961 1931319961 1931319961 1931319961 1931319961 1931319961 12 1
1 0 1 2987741641 0 0 1 1 1 1 1 1 0 0 1 1 3564111407 1324681237 2987741645 1 1 1 1 1 0 1 1 0 0 1 1 0 0 0 0 0 0 0 12 1
1 0 0 4020818055 0 1 1 1 1 1 1 1 0 1 0 0 2575748527 48156889 4020818049 1 1 1 1 1 0 1 1 0 1 0 0 0 0 0 0 0 0 0 12 1
1 0 0 2111959553 0 0 1 0 1 0 1 0 1 1 1 1 2982270403 1650487047 2111959553 0 1 0 1 0 1 1 0 1 1 1 1 2982270403 1650487047 1650487047 1650487047 1650487047 1650487047 1650487047 12 1
1 1 1 1650489873 1 1 1 1 0 0 0 1 1 1 0 1 368567211 3410168931 1650489879 1 0 0 0 1 1 0 1 1 1 0 1 368567211 3410168931 3410168931 3410168931 3410168931 3410168931 3410168931 12 1
1 0 0 489786732 1 1 1 1 0 0 0 0 0 0 0 0 3705701669 952868497 489786729 1 0 0 0 0 0 0 0 0 0 0 0 0 0 0 0 0 0 0 12 1
1 0 1 1878105089 0 1 0 1 0 0 1 1 1 0 1 1 2011346423 2286982209 1878105093 1 0 0 1 1 1 1 1 1 0 1 1 2011346423 2286982209 2286982209 2286982209 2286982209 2286982209 2286982209 12 1
0 0 1 680746383 0 1 0 1 0 1 1 1 1 0 0 1 3190840373 1384331519 680746380 1 0 1 1 1 1 1 1 1 0 0 1 3190840373 1384331519 1384331519 1384331519 1384331519 1384331519 1384331519 12 1
0 1 1 2601987657 1 0 0 0 0 0 1 1 0 0 0 0 2386017805 27619491 2601987662 0 0 0 1 1 0 1 1 0 0 0 0 2386017805 27619491 27619491 27619491 27619491 27619491 27619491 12 1
1 0 0 3315700536 0 0 0 1 1 0 0 0 1 1 0 0 2642140189 326622691 3315700537 1 1 0 0 0 1 0 0 1 1 0 0 2642140189 326622691 326622691 326622691 326622691 326622691 326622691 12 1
0 0 1 1699455972 0 0 1 0 0 0 1 1 0 1 1 0 1678673047 29697063 1699455972 0 0 0 1 1 0 1 1 0 1 1 0 0 0 0 0 0 0 0 12 1
0 0 0 1465184930 1 1 1 1 1 0 1 0 0 0 0 0 356276249 3117654333 1465184928 1 1 0 1 0 0 1 0 0 0 0 0 0 0 0 0 0 0 0 12 1
1 1 0 2584829977 0 1 0 1 1 1 0 0 1 1 1 1 2017205851 2436451697 2584829979 1 1 1 0 0 1 0 0 1 1 1 1 2017205851 2436451697 2436451697 2436451697 2436451697 2436451697 2436451697 12 1
0 0 0 4071863680 0 0 1 1 1 0 0 1 1 0 0 0 2557338929 3146926653 4071863680 1 1 0 0 1 1 0 1 1 0 0 0 2557338929 3146926653 3146926653 3146926653 3146926653 3146926653 3146926653 12 1
1 0 1 543270457 1 1 0 0 1 0 0 1 1 0 1 0 3326786573 1410412389 543270461 0 1 0 0 1 1 0 1 1 0 1 0 3326786573 1410412389 1410412389 1410412389 1410412389 1410412389 1410412389 12 1
1 1 1 3385166952 1 1 0 1 1 0 1 0 1 1 0 1 488460055 1068943001 3385166959 1 1 0 1 0 1 1 0 1 1 0 1 488460055 1068943001 1068943001 1068943001 1068943001 1068943001 1068943001 12 1
0 0 1 726380899 0 1 1 1 1 0 1 1 0 1 1 0 1192644363 3491205485 726380900 1 1 0 1 1 0 1 1 0 1 1 0 0 0 0 0 0 0 0 12 1
1 0 0 3254706676 0 1 1 1 0 1 0 1 1 0 1 0 874162041 1736087933 3254706673 1 0 1 0 1 1 0 1 1 0 1 0 874162041 1736087933 1736087933 1736087933 1736087933 1736087933 1736087933 12 1
1 1 1 1231371733 1 1 0 0 0 0 1 1 0 0 0 0 1753952939 3985931069 1231371735 0 0 0 1 1 0 1 1 0 0 0 0 1753952939 3985931069 3985931069 3985931069 3985931069 3985931069 3985931069 12 1
0 1 0 1340329620 0 0 1 0 1 0 1 1 1 1 0 1 276429013 957373621 1340329618 0 1 0 1 1 1 1 1 1 1 0 1 276429013 957373621 957373621 957373621 957373621 957373621 957373621 12 1
1 1 0 3655305083 1 0 0 0 0 1 0 0 1 1 1 0 1826878173 3721244069 3655305083 0 0 1 0 0 1 0 0 1 1 1 0 1826878173 3721244069 3721244069 3721244069 3721244069 3721244069 3721244069 12 1
1 1 1 3221851319 1 0 0 0 1 1 1 0 1 1 0 0 1115790955 3588009479 3221851319 0 1 1 1 0 1 1 0 1 1 0 0 1115790955 3588009479 3588009479 3588009479 3588009479 3588009479 3588009479 12 1
0 0 0 4265272566 1 1 0 0 0 1 0 1 0 1 1 1 3161289331 3042034197 4265272560 0 0 1 0 1 0 0 1 0 1 1 1 3161289331 3042034197 3042034197 3042034197 3042034197 3042034197 3042034197 12 1
1 0 1 297240045 1 0 0 0 1 0 0 0 0 1 0 1 1579032655 3814339459 297240045 0 1 0 0 0 0 0 0 0 1 0 1 1579032655 3814339459 3814339459 3814339459 3814339459 3814339459 3814339459 12 1
1 1 0 3095187880 1 1 1 0 0 0 0 1 0 1 0 1 393448593 2278742735 3095187883 0 0 0 0 1 0 0 1 0 1 0 1 0 0 0 0 0 0 0 12 1
1 1 0 3340422351 0 1 0 1 1 0 1 1 0 1 1 0 4121126575 38795907 3340422347 1 1 0 1 1 0 1 1 0 1 1 0 4121126575 38795907 38795907 38795907 38795907 38795907 38795907 12 1
1 1 1 50705396 1 1 0 1 1 1 0 1 0 1 1 0 3204008373 1046484339 50705399 1 1 1 0 1 0 0 1 0 1 1 0 3204008373 1046484339 1046484339 1046484339 1046484339 1046484339 1046484339 12 1
0 0 0 2656768497 1 0 1 0 0 0 0 0 0 0 0 1 3664848305 3489127779 2656768496 0 0 0 0 0 0 0 0 0 0 0 1 0 0 0 0 0 0 0 12 1
1 0 1 2347032055 1 1 0 0 1 1 0 1 0 1 0 0 3385493623 1230256259 2347032053 0 1 1 0 1 0 0 1 0 1 0 0 3385493623 1230256259 1230256259 1230256259 1230256259 1230256259 1230256259 12 1
0 1 1 3368170897 1 0 1 1 0 0 0 1 0 0 1 0 393639215 2411476131 3368170902 1 0 0 0 1 0 0 1 0 0 1 0 0 0 0 0 0 0 0 12 1
0 0 0 2216915180 1 0 1 0 0 1 0 1 0 1 0 0 2924419753 4288510657 2216915176 0 0 1 0 1 0 0 1 0 1 0 0 0 0 0 0 0 0 0 12 1
0 1 1 1689087942 1 1 0 1 0 1 0 1 1 0 0 1 89102151 3525900583 1689087942 1 0 1 0 1 1 0 1 1 0 0 1 89102151 3525900583 3525900583 3525900583 3525900583 3525900583 3525900583 12 1
1 1 0 3208376617 1 0 1 1 1 0 0 0 1 1 1 1 4200522797 2812631501 3208376619 1 1 0 0 0 1 0 0 1 1 1 1 4200522797 2812631501 2812631501 2812631501 2812631501 2812631501 2812631501 12 1
1 1 0 1713203049 1 0 1 1 0 1 1 1 0 0 0 1 3132927267 1450479721 1713203051 1 0 1 1 1 0 1 1 0 0 0 1 0 0 0 0 0 0 0 12 1
1 0 1 2248965935 1 0 1 0 1 1 1 0 1 1 1 0 2236777165 1214652539 2248965933 0 1 1 1 0 1 1 0 1 1 1 0 2236777165 1214652539 1214652539 1214652539 1214652539 1214652539 1214652539 12 1
0 1 1 1510732384 0 1 0 1 0 0 1 1 0 0 1 1 511317477 1193201731 1510732390 1 0 0 1 1 0 1 1 0 0 1 1 511317477 1193201731 1193201731 1193201731 1193201731 1193201731 1193201731 12 1
0 0 0 2513611844 0 1 1 1 1 0 0 1 1 0 1 0 1167097753 863022219 2513611840 1 1 0 0 1 1 0 1 1 0 1 0 1167097753 863022219 863022219 863022219 863022219 863022219 863022219 12 1
0 0 0 2061487333 0 1 1 0 1 0 1 0 1 1 1 1 2471836333 3889240333 2061487328 0 1 0 1 0 1 1 0 1 1 1 1 2471836333 3889240333 3889240333 3889240333 3889240333 3889240333 3889240333 12 1
0 0 0 227096191 0 0 0 0 0 1 1 1 0 0 0 1 3490813145 420570185 227096184 0 0 1 1 1 0 1 1 0 0 0 1 3490813145 420570185 420570185 420570185 420570185 420570185 420570185 12 1
0 0 1 1612255092 1 1 0 0 1 0 1 1 1 0 1 1 392954927 1531983387 1612255092 0 1 0 1 1 1 1 1 1 0 1 1 392954927 1531983387 1531983387 1531983387 1531983387 1531983387 1531983387 12 1
0 1 0 1813658949 1 0 1 0 1 1 0 0 0 1 1 0 2724079857 1831038299 1813658946 0 1 1 0 0 0 0 0 0 1 1 0 0 0 0 0 0 0 0 12 1
1 1 1 4062287586 0 1 0 1 1 1 1 0 1 0 0 1 651058623 3295902301 4062287591 1 1 1 1 0 1 1 0 1 0 0 1 651058623 3295902301 3295902301 3295902301 3295902301 3295902301 3295902301 12 1
0 0 1 3404835459 1 1 1 1 1 1 1 0 0 1 0 0 795843761 3116244283 3404835460 1 1 1 1 0 0 1 0 0 1 0 0 0 0 0 0 0 0 0 12 1
0 0 0 3598086622 0 0 0 0 0 1 1 1 1 0 1 1 1484917175 2951598741 3598086616 0 0 1 1 1 1 1 1 1 0 1 1 1484917175 2951598741 2951598741 2951598741 2951598741 2951598741 2951598741 12 1
0 1 0 763523120 0 1 1 1 1 1 0 1 0 1 0 0 1401046423 2820711819 763523122 1 1 1 0 1 0 0 1 0 1 0 0 0 0 0 0 0 0 0 12 1
1 0 1 3166749287 0 0 0 0 0 0 0 1 1 1 1 1 923371259 3536407461 3166749285 0 0 0 0 1 1 0 1 1 1 1 1 923371259 3536407461 3536407461 3536407461 3536407461 3536407461 3536407461 12 1
0 1 0 463614661 0 0 0 1 1 0 1 0 0 1 1 1 2356929457 3205684085 463614658 1 1 0 1 0 0 1 0 0 1 1 1 2356929457 3205684085 3205684085 3205684085 3205684085 3205684085 3205684085 12 1
1 1 1 3509126551 0 1 0 1 0 1 1 1 0 1 0 1 848253513 2261845961 3509126551 1 0 1 1 1 0 1 1 0 1 0 1 848253513 2261845961 2261845961 2261845961 2261845961 2261845961 2261845961 12 1
0 0 1 913071299 0 1 0 1 1 1 0 1 1 0 1 0 1412863361 1289801061 913071300 1 1 1 0 1 1 0 1 1 0 1 0 1412863361 1289801061 1289801061 1289801061 1289801061 1289801061 1289801061 12 1
1 0 1 1450325017 1 0 0 0 0 1 1 1 1 1 1 0 372865993 3957205805 1450325021 0 0 1 1 1 1 1 1 1 1 1 0 372865993 3957205805 3957205805 3957205805 3957205805 3957205805 3957205805 12 1
1 0 1 3495133520 0 1 0 1 1 1 1 0 0 0 1 0 3072756491 3947392371 3495133525 1 1 1 1 0 0 1 0 0 0 1 0 3072756491 3947392371 3947392371 3947392371 3947392371 3947392371 3947392371 12 1
0 1 0 3426525523 0 0 0 0 0 1 1 0 1 1 0 1 447409119 2582918061 3426525522 0 0 1 1 0 1 1 0 1 1 0 1 447409119 2582918061 2582918061 2582918061 2582918061 2582918061 2582918061 12 1
0 1 0 575050532 1 1 0 0 1 0 1 0 1 1 0 1 270881887 1454828183 575050530 0 1 0 1 0 1 1 0 1 1 0 1 270881887 1454828183 1454828183 1454828183 1454828183 1454828183 1454828183 12 1
0 1 0 516060515 1 1 1 1 0 1 0 1 0 1 1 0 705220879 2182108925 516060514 1 0 1 0 1 0 0 1 0 1 1 0 0 0 0 0 0 0 0 12 1
0 1 1 1393269919 1 0 0 1 1 0 0 0 0 0 1 0 1462744301 3301234793 1393269918 1 1 0 0 0 0 0 0 0 0 1 0 1462744301 3301234793 3301234793 3301234793 3301234793 3301234793 3301234793 12 1
1 1 0 3729577598 0 0 1 0 1 1 0 1 1 0 1 1 4081620861 2890235457 3729577595 0 1 1 0 1 1 0 1 1 0 1 1 4081620861 2890235457 2890235457 2890235457 2890235457 2890235457 2890235457 12 1
1 1 0 399534506 0 0 0 0 1 0 1 1 1 0 1 1 1281644513 2668288601 399534507 0 1 0 1 1 1 1 1 1 0 1 1 1281644513 2668288601 2668288601 2668288601 2668288601 2668288601 2668288601 12 1
0 1 0 672039352 0 0 0 1 1 0 1 1 0 1 1 0 115689587 130746995 672039354 1 1 0 1 1 0 1 1 0 1 1 0 115689587 130746995 130746995 130746995 130746995 130746995 130746995 12 1
0 1 1 3652786110 0 1 0 0 0 0 0 1 0 1 0 1 1693707717 1312239671 3652786110 0 0 0 0 1 0 0 1 0 1 0 1 1693707717 1312239671 1312239671 1312239671 1312239671 1312239671 1312239671 12 1
0 0 1 1686576439 1 1 0 1 1 1 0 0 1 0 1 0 2581690855 1344546901 1686576436 1 1 1 0 0 1 0 0 1 0 1 0 2581690855 1344546901 1344546901 1344546901 1344546901 1344546901 1344546901 12 1
0 0 0 3199043306 0 0 0 0 1 1 1 1 1 0 0 0 3842190665 531986381 3199043304 0 1 1 1 1 1 1 1 1 0 0 0 3842190665 531986381 531986381 531986381 531986381 531986381 531986381 12 1
1 0 0 3663904836 0 1 0 0 0 0 1 1 0 0 0 1 3448610265 3589560547 3663904833 0 0 0 1 1 0 1 1 0 0 0 1 3448610265 3589560547 3589560547 3589560547 3589560547 3589560547 3589560547 12 1
1 1 1 1392151193 0 1 1 0 0 1 1 1 1 0 1 0 2593859757 3635911673 1392151199 0 0 1 1 1 1 1 1 1 0 1 0 2593859757 3635911673 3635911673 3635911673 3635911673 3635911673 3635911673 12 1
0 1 0 2589913714 0 1 1 1 0 0 0 1 1 1 0 0 873749097 1373649713 2589913714 1 0 0 0 1 1 0 1 1 1 0 0 873749097 1373649713 1373649713 1373649713 1373649713 1373649713 1373649713 12 1
1 0 0 3657229228 0 0 1 1 1 1 1 1 0 0 1 1 1739941071 2300151041 3657229225 1 1 1 1 1 0 1 1 0 0 1 1 0 0 0 0 0 0 0 12 1
0 1 0 4095484986 0 0 1 0 1 1 1 1 1 0 0 1 3006524223 3752335775 4095484986 0 1 1 1 1 1 1 1 1 0 0 1 3006524223 3752335775 3752335775 3752335775 3752335775 3752335775 3752335775 12 1
1 0 1 2535764926 0 0 0 1 0 1 0 1 1 1 0 0 3586836473 2180856133 2535764925 1 0 1 0 1 1 0 1 1 1 0 0 3586836473 2180856133 2180856133 2180856133 2180856133 2180856133 2180856133 12 1
1 1 0 2488942375 1 0 0 0 1 1 1 1 1 1 1 0 825261241 3547342311 2488942371 0 1 1 1 1 1 1 1 1 1 1 0 825261241 3547342311 3547342311 3547342311 3547342311 3547342311 3547342311 12 1
1 1 0 369056619 1 0 0 0 1 1 1 1 1 1 1 0 789608847 607420443 369056619 0 1 1 1 1 1 1 1 1 1 1 0 789608847 607420443 607420443 607420443 607420443 607420443 607420443 12 1
1 1 0 1155845640 0 0 0 1 0 1 0 0 1 0 0 1 3871276249 2992213261 1155845643 1 0 1 0 0 1 0 0 1 0 0 1 3871276249 2992213261 2992213261 2992213261 2992213261 2992213261 2992213261 12 1
0 0 1 2033144463 0 1 0 0 1 0 0 1 1 0 0 1 2315822379 2410867225 2033144460 0 1 0 0 1 1 0 1 1 0 0 1 2315822379 2410867225 2410867225 2410867225 2410867225 2410867225 2410867225 12 1
1 0 1 2014105989 1 1 1 1 1 1 1 0 0 0 1 1 20083919 2882846367 2014105989 1 1 1 1 0 0 1 0 0 0 1 1 0 0 0 0 0 0 0 12 1
0 1 1 88454631 1 1 1 1 0 0 0 1 0 0 0 0 2257190445 180074263 88454630 1 0 0 0 1 0 0 1 0 0 0 0 0 0 0 0 0 0 0 12 1
0 1 1 139156151 1 0 0 1 0 1 0 0 0 1 1 0 4045379743 102029775 139156150 1 0 1 0 0 0 0 0 0 1 1 0 4045379743 102029775 102029775 102029775 102029775 102029775 102029775 12 1
0 1 0 3959613291 1 1 0 1 1 0 1 0 0 0 1 0 1278541023 4194402729 3959613290 1 1 0 1 0 0 1 0 0 0 1 0 1278541023 4194402729 4194402729 4194402729 4194402729 4194402729 4194402729 12 1
1 1 1 3038741719 0 1 1 1 1 0 1 1 0 0 1 0 3322259217 2323784875 3038741719 1 1 0 1 1 0 1 1 0 0 1 0 0 0 0 0 0 0 0 12 1
1 1 0 3979578540 1 0 0 0 1 0 1 0 0 1 1 0 505424057 2110956867 3979578539 0 1 0 1 0 0 1 0 0 1 1 0 505424057 2110956867 2110956867 2110956867 2110956867 2110956867 2110956867 12 1
0 0 1 2643770467 1 0 1 0 0 1 1 0 0 0 1 0 1424981681 629523519 2643770468 0 0 1 1 0 0 1 0 0 0 1 0 0 0 0 0 0 0 0 12 1
0 0 0 3393053892 1 1 1 1 1 0 0 1 1 0 1 0 584544495 309333971 3393053888 1 1 0 0 1 1 0 1 1 0 1 0 584544495 309333971 309333971 309333971 309333971 309333971 309333971 12 1
0 1 1 4157717566 0 1 1 0 0 0 1 1 1 1 1 1 2946078141 1506748377 4157717566 0 0 0 1 1 1 1 1 1 1 1 1 2946078141 1506748377 1506748377 1506748377 1506748377 1506748377 1506748377 12 1
0 0 0 4021211226 0 1 0 0 1 0 0 1 0 1 0 1 444247969 161850721 4021211224 0 1 0 0 1 0 0 1 0 1 0 1 444247969 161850721 161850721 161850721 161850721 161850721 161850721 12 1
1 0 1 1098489297 0 1 0 0 0 1 0 0 1 1 0 1 1925017495 623129765 1098489301 0 0 1 0 0 1 0 0 1 1 0 1 1925017495 623129765 623129765 623129765 623129765 623129765 623129765 12 1
1 1 0 1288785522 0 1 1 1 0 0 1 0 0 0 1 1 3304057417 2594576231 1288785523 1 0 0 1 0 0 1 0 0 0 1 1 0 0 0 0 0 0 0 12 1
0 0 0 2389770522 1 0 1 0 0 1 0 1 1 0 1 1 1756859707 50951431 2389770520 0 0 1 0 1 1 0 1 1 0 1 1 1756859707 50951431 50951431 50951431 50951431 50951431 50951431 12 1
1 0 1 4166236518 0 1 0 0 1 0 0 1 0 0 1 1 2307885361 2386008979 4166236517 0 1 0 0 1 0 0 1 0 0 1 1 2307885361 2386008979 2386008979 2386008979 2386008979 2386008979 2386008979 12 1
1 1 0 4142034478 1 0 0 0 0 0 1 1 1 1 0 1 1977969629 1213156749 4142034475 0 0 0 1 1 1 1 1 1 1 0 1 1977969629 1213156749 1213156749 1213156749 1213156749 1213156749 1213156749 12 1
0 0 0 3054135813 1 1 0 1 0 0 0 1 1 0 1 1 2668952735 1082767727 3054135808 1 0 0 0 1 1 0 1 1 0 1 1 2668952735 1082767727 1082767727 1082767727 1082767727 1082767727 1082767727 12 1
1 1 0 2041460945 0 0 1 1 1 1 1 0 0 0 0 0 2988733397 2759648009 2041460947 1 1 1 1 0 0 1 0 0 0 0 0 0 0 0 0 0 0 0 12 1
1 1 0 3105716368 0 1 1 0 1 1 1 0 0 0 1 1 145467967 1784295121 3105716371 0 1 1 1 0 0 1 0 0 0 1 1 0 0 0 0 0 0 0 12 1
1 1 1 3982669578 0 1 0 0 1 0 1 1 0 1 1 0 221199143 1078487279 3982669583 0 1 0 1 1 0 1 1 0 1 1 0 221199143 1078487279 1078487279 1078487279 1078487279 1078487279 1078487279 12 1
1 1 1 3244825922 0 0 0 0 0 1 0 1 0 1 1 1 673814277 3770203121 3244825927 0 0 1 0 1 0 0 1 0 1 1 1 673814277 3770203121 3770203121 3770203121 3770203121 3770203121 3770203121 12 1
0 1 0 3794087417 1 1 0 1 0 0 0 0 1 0 1 1 4189404483 3136251255 3794087418 1 0 0 0 0 1 0 0 1 0 1 1 4189404483 3136251255 3136251255 3136251255 3136251255 3136251255 3136251255 12 1
1 0 1 3836119196 1 0 0 1 0 1 0 1 0 0 0 0 2000057545 2262848567 3836119197 1 0 1 0 1 0 0 1 0 0 0 0 2000057545 2262848567 2262848567 2262848567 2262848567 2262848567 2262848567 12 1
1 1 0 1431573683 1 1 1 1 0 1 1 0 0 0 1 0 1466361525 3017768593 1431573683 1 0 1 1 0 0 1 0 0 0 1 0 0 0 0 0 0 0 0 12 1
1 1 0 3099671967 1 0 1 0 1 0 0 0 1 0 1 1 4017209009 4237458697 3099671963 0 1 0 0 0 1 0 0 1 0 1 1 4017209009 4237458697 4237458697 4237458697 4237458697 4237458697 4237458697 12 1
1 1 0 1038864703 0 1 1 1 0 1 1 0 0 1 1 1 4128558603 198335495 1038864699 1 0 1 1 0 0 1 0 0 1 1 1 0 0 0 0 0 0 0 12 1
1 0 1 2224798481 1 1 1 0 0 1 0 1 1 1 1 1 1980216073 833673117 2224798485 0 0 1 0 1 1 0 1 1 1 1 1 1980216073 833673117 833673117 833673117 833673117 833673117 833673117 12 1
0 0 0 2634508347 0 1 1 0 0 1 1 1 1 1 0 0 438031429 3347841917 2634508344 0 0 1 1 1 1 1 1 1 1 0 0 438031429 3347841917 3347841917 3347841917 3347841917 3347841917 3347841917 12 1
1 1 1 3411003847 0 1 0 0 1 0 1 1 0 0 1 1 537371851 2642951735 3411003847 0 1 0 1 1 0 1 1 0 0 1 1 537371851 2642951735 2642951735 2642951735 2642951735 2642951735 2642951735 12 1
1 1 0 1099297467 0 0 1 1 1 1 1 0 0 0 0 0 3992270783 1294831327 1099297467 1 1 1 1 0 0 1 0 0 0 0 0 0 0 0 0 0 0 0 12 1
1 1 1 3742689464 0 0 0 0 1 0 1 1 1 1 0 0 2686181729 248621395 3742689471 0 1 0 1 1 1 1 1 1 1 0 0 2686181729 248621395 248621395 248621395 248621395 248621395 248621395 12 1
0 1 0 2362916314 1 0 0 1 1 1 0 1 1 0 1 1 1720838511 2398308633 2362916314 1 1 1 0 1 1 0 1 1 0 1 1 1720838511 2398308633 2398308633 2398308633 2398308633 2398308633 2398308633 12 1
1 0 1 1425726333 1 1 1 1 1 1 0 1 0 0 0 1 3588782013 2099192899 1425726333 1 1 1 0 1 0 0 1 0 0 0 1 0 0 0 0 0 0 0 12 1
1 0 0 2855765294 0 1 0 0 0 0 0 0 1 0 1 0 2953699697 1165623465 2855765289 0 0 0 0 0 1 0 0 1 0 1 0 2953699697 1165623465 1165623465 1165623465 1165623465 1165623465 1165623465 12 1
1 0 1 4100400148 0 0 0 1 1 1 0 1 0 1 1 0 3441391137 2654025407 4100400149 1 1 1 0 1 0 0 1 0 1 1 0 3441391137 2654025407 2654025407 2654025407 2654025407 2654025407 2654025407 12 1
1 0 0 3002891305 1 0 1 0 0 1 0 0 1 1 0 1 3467695621 3823322981 3002891305 0 0 1 0 0 1 0 0 1 1 0 1 3467695621 3823322981 3823322981 3823322981 3823322981 3823322981 3823322981 12 1
1 1 1 144662235 1 0 0 1 0 0 1 0 0 1 0 0 4002458005 250228651 144662239 1 0 0 1 0 0 1 0 0 1 0 0 4002458005 250228651 250228651 250228651 250228651 250228651 250228651 12 1
1 1 1 3211324503 0 1 1 1 0 1 0 1 1 0 1 1 2117150003 1950238823 3211324503 1 0 1 0 1 1 0 1 1 0 1 1 2117150003 1950238823 1950238823 1950238823 1950238823 1950238823 1950238823 12 1
1 1 0 1822598525 0 0 1 1 1 1 0 0 1 0 0 1 2624674667 107799455 1822598523 1 1 1 0 0 1 0 0 1 0 0 1 2624674667 107799455 107799455 107799455 107799455 107799455 107799455 12 1
1 1 1 2013341295 0 1 1 1 1 0 1 1 1 1 1 0 1500976823 424567099 2013341295 1 1 0 1 1 1 1 1 1 1 1 0 1500976823 424567099 424567099 424567099 424567099 424567099 424567099 12 1
1 1 1 681042017 0 0 1 1 0 0 1 1 1 0 1 1 4119988839 7323887 681042023 1 0 0 1 1 1 1 1 1 0 1 1 4119988839 7323887 7323887 7323887 7323887 7323887 7323887 12 1
0 1 0 142689884 0 1 0 1 0 1 1 0 0 0 0 0 2077806717 1186972237 142689882 1 0 1 1 0 0 1 0 0 0 0 0 2077806717 1186972237 1186972237 1186972237 1186972237 1186972237 1186972237 12 1
0 1 1 455499609 1 1 1 0 0 1 1 0 1 0 0 1 276877135 1386232791 455499614 0 0 1 1 0 1 1 0 1 0 0 1 276877135 1386232791 1386232791 1386232791 1386232791 1386232791 1386232791 12 1
0 1 0 4214968534 1 0 0 1 1 1 1 0 1 1 0 1 1149349801 2428149273 4214968530 1 1 1 1 0 1 1 0 1 1 0 1 1149349801 2428149273 2428149273 2428149273 2428149273 2428149273 2428149273 12 1
0 0 1 4024248096 1 0 0 0 0 1 1 1 1 1 0 1 3088694455 545103895 4024248100 0 0 1 1 1 1 1 1 1 1 0 1 3088694455 545103895 545103895 545103895 545103895 545103895 545103895 12 1
1 1 1 61788269 0 0 0 0 0 1 1 1 0 0 1 0 804001215 3985509947 61788271 0 0 1 1 1 0 1 1 0 0 1 0 804001215 3985509947 3985509947 3985509947 3985509947 3985509947 3985509947 12 1
0 0 1 622254741 1 1 1 0 0 0 1 0 0 1 0 1 3993594781 673097141 622254740 0 0 0 1 0 0 1 0 0 1 0 1 0 0 0 0 0 0 0 12 1
1 0 1 1102933063 0 0 1 0 1 1 0 1 0 0 0 1 2211610465 1667544391 1102933061 0 1 1 0 1 0 0 1 0 0 0 1 0 0 0 0 0 0 0 12 1
0 1 0 390192563 0 0 1 0 1 1 1 1 1 0 1 0 2171422271 4206602577 390192562 0 1 1 1 1 1 1 1 1 0 1 0 2171422271 4206602577 4206602577 4206602577 4206602577 4206602577 4206602577 12 1
1 0 0 4202046107 1 1 0 0 1 0 1 0 0 0 0 0 3089664849 3299107515 4202046105 0 1 0 1 0 0 1 0 0 0 0 0 3089664849 3299107515 3299107515 3299107515 3299107515 3299107515 3299107515 12 1
1 1 1 3489993549 1 1 0 1 1 1 1 1 1 1 1 0 2172242665 1909704703 3489993551 1 1 1 1 1 1 1 1 1 1 1 0 2172242665 1909704703 1909704703 1909704703 1909704703 1909704703 1909704703 12 1
0 0 0 2960118692 1 1 0 0 1 1 0 0 0 1 0 1 21247725 810214565 2960118688 0 1 1 0 0 0 0 0 0 1 0 1 21247725 810214565 810214565 810214565 810214565 810214565 810214565 12 1
0 0 1 3197413461 0 1 0 1 0 1 1 0 1 1 0 1 7700973 1937954773 3197413460 1 0 1 1 0 1 1 0 1 1 0 1 7700973 1937954773 1937954773 1937954773 1937954773 1937954773 1937954773 12 1
0 0 0 1545464858 1 1 0 0 1 1 1 0 1 0 1 0 2049187647 3498827227 1545464856 0 1 1 1 0 1 1 0 1 0 1 0 2049187647 3498827227 3498827227 3498827227 3498827227 3498827227 3498827227 12 1
0 1 0 1199405859 0 0 0 1 1 0 1 0 0 0 0 0 919113765 2664125957 1199405858 1 1 0 1 0 0 1 0 0 0 0 0 919113765 2664125957 2664125957 2664125957 2664125957 2664125957 2664125957 12 1
0 0 0 2936205261 0 1 0 0 1 1 1 0 1 0 0 1 2466133477 366952219 2936205256 0 1 1 1 0 1 1 0 1 0 0 1 2466133477 366952219 366952219 366952219 366952219 366952219 366952219 12 1
1 0 0 2224339117 1 0 0 1 0 0 0 0 0 1 1 0 1052088927 3636685229 2224339113 1 0 0 0 0 0 0 0 0 1 1 0 1052088927 3636685229 3636685229 3636685229 3636685229 3636685229 3636685229 12 1
1 0 0 3013837626 1 0 0 0 1 0 1 1 1 0 1 1 702630659 2891115961 3013837625 0 1 0 1 1 1 1 1 1 0 1 1 702630659 2891115961 2891115961 2891115961 2891115961 2891115961 2891115961 12 1
0 1 0 130160338 0 1 1 0 1 0 0 1 0 1 0 1 707151847 1986429937 130160338 0 1 0 0 1 0 0 1 0 1 0 1 0 0 0 0 0 0 0 12 1
0 0 1 3371271707 1 0 0 0 1 1 0 0 1 1 0 0 2467687089 3976352479 3371271708 0 1 1 0 0 1 0 0 1 1 0 0 2467687089 3976352479 3976352479 3976352479 3976352479 3976352479 3976352479 12 1
0 1 1 1562152746 1 0 1 1 1 1 1 0 1 0 1 1 4282889195 2964156071 1562152750 1 1 1 1 0 1 1 0 1 0 1 1 4282889195 2964156071 2964156071 2964156071 2964156071 2964156071 2964156071 12 1
1 0 0 2436066565 0 1 0 1 1 1 0 1 1 0 0 0 2384086023 856267681 2436066561 1 1 1 0 1 1 0 1 1 0 0 0 2384086023 856267681 856267681 856267681 856267681 856267681 856267681 12 1
1 0 1 3761819397 0 0 0 0 0 0 1 0 1 0 1 0 4062562865 1216791599 3761819397 0 0 0 1 0 1 1 0 1 0 1 0 4062562865 1216791599 1216791599 1216791599 1216791599 1216791599 1216791599 12 1
1 0 1 3418989788 1 1 1 1 1 0 1 1 0 0 0 1 2150286471 2833873073 3418989789 1 1 0 1 1 0 1 1 0 0 0 1 0 0 0 0 0 0 0 12 1
0 1 0 3007021383 1 1 1 0 1 1 1 1 1 1 1 1 3449396005 1936735957 3007021378 0 1 1 1 1 1 1 1 1 1 1 1 3449396005 1936735957 1936735957 1936735957 1936735957 1936735957 1936735957 12 1
0 0 1 1717065925 0 1 1 0 1 0 1 0 0 0 0 1 1206775577 411584855 1717065924 0 1 0 1 0 0 1 0 0 0 0 1 0 0 0 0 0 0 0 12 1
0 1 1 437383416 1 1 1 0 0 1 1 0 1 0 0 0 2003907563 4044838301 437383422 0 0 1 1 0 1 1 0 1 0 0 0 2003907563 4044838301 4044838301 4044838301 4044838301 4044838301 4044838301 12 1
1 0 1 3050486587 1 1 0 0 1 1 1 1 0 1 0 1 4049112167 2037444889 3050486589 0 1 1 1 1 0 1 1 0 1 0 1 4049112167 2037444889 2037444889 2037444889 2037444889 2037444889 2037444889 12 1
0 0 0 4197975439 1 0 0 1 1 0 0 0 0 1 1 1 184990989 3657031731 4197975432 1 1 0 0 0 0 0 0 0 1 1 1 184990989 3657031731 3657031731 3657031731 3657031731 3657031731 3657031731 12 1
0 1 0 4048242432 1 0 1 0 0 1 0 1 0 1 1 1 2464451237 1851938579 4048242434 0 0 1 0 1 0 0 1 0 1 1 1 0 0 0 0 0 0 0 12 1
1 1 0 183164768 0 1 1 0 0 0 1 0 0 0 1 1 1362798813 2300300049 183164771 0 0 0 1 0 0 1 0 0 0 1 1 0 0 0 0 0 0 0 12 1
0 1 1 2658006017 1 0 1 0 1 0 0 0 0 0 1 0 1014164299 2145731163 2658006022 0 1 0 0 0 0 0 0 0 0 1 0 0 0 0 0 0 0 0 12 1
0 1 0 4205895691 0 1 1 0 0 0 1 1 1 0 0 1 1811927269 1012037345 4205895690 0 0 0 1 1 1 1 1 1 0 0 1 1811927269 1012037345 1012037345 1012037345 1012037345 1012037345 1012037345 12 1
0 1 1 1540388020 1 0 1 0 0 0 0 0 0 0 0 0 770496513 1271672575 1540388022 0 0 0 0 0 0 0 0 0 0 0 0 0 0 0 0 0 0 0 12 1
1 1 1 4081267905 0 1 1 0 1 1 1 1 0 1 0 0 566221349 3541483703 4081267911 0 1 1 1 1 0 1 1 0 1 0 0 0 0 0 0 0 0 0 12 1
0 0 1 218232231 0 0 1 0 0 0 0 0 0 1 0 0 156291463 1920039757 218232228 0 0 0 0 0 0 0 0 0 1 0 0 0 0 0 0 0 0 0 12 1
0 0 1 644382859 1 0 1 1 0 1 0 1 1 0 1 0 2207637351 3453985257 644382860 1 0 1 0 1 1 0 1 1 0 1 0 2207637351 3453985257 3453985257 3453985257 3453985257 3453985257 3453985257 12 1
0 1 1 970193855 1 1 1 0 1 1 0 1 1 1 0 0 1065903579 1658355029 970193854 0 1 1 0 1 1 0 1 1 1 0 0 1065903579 1658355029 1658355029 1658355029 1658355029 1658355029 1658355029 12 1
0 0 1 3348866039 0 1 0 0 0 1 1 0 0 0 0 1 1254086159 3849734259 3348866036 0 0 1 1 0 0 1 0 0 0 0 1 1254086159 3849734259 3849734259 3849734259 3849734259 3849734259 3849734259 12 1
0 1 0 1717205805 0 1 0 0 0 1 0 0 1 0 1 0 1660906745 3447614213 1717205802 0 0 1 0 0 1 0 0 1 0 1 0 1660906745 3447614213 3447614213 3447614213 3447614213 3447614213 3447614213 12 1
1 0 0 2757207691 1 0 0 1 0 0 1 0 0 0 0 0 725223887 3952945057 2757207689 1 0 0 1 0 0 1 0 0 0 0 0 725223887 3952945057 3952945057 3952945057 3952945057 3952945057 3952945057 12 1
0 0 1 538857390 0 0 0 0 1 0 1 1 0 1 0 1 3723510369 2476384691 538857388 0 1 0 1 1 0 1 1 0 1 0 1 3723510369 2476384691 2476384691 2476384691 2476384691 2476384691 2476384691 12 1
0 1 0 2273460189 1 0 1 1 0 1 1 1 1 1 0 1 2779889469 1784872193 2273460186 1 0 1 1 1 1 1 1 1 1 0 1 2779889469 1784872193 1784872193 1784872193 1784872193 1784872193 1784872193 12 1
0 0 1 1811523581 1 1 0 0 1 0 1 0 1 1 1 1 3537115119 1088848337 1811523580 0 1 0 1 0 1 1 0 1 1 1 1 3537115119 1088848337 1088848337 1088848337 1088848337 1088848337 1088848337 12 1
0 1 0 1039479460 0 0 0 1 0 1 0 1 1 1 1 1 3021805115 1449300517 1039479458 1 0 1 0 1 1 0 1 1 1 1 1 3021805115 1449300517 1449300517 1449300517 1449300517 1449300517 1449300517 12 1
1 0 0 3193604992 1 1 1 0 1 1 1 1 0 1 0 1 4066446667 3677890157 3193604993 0 1 1 1 1 0 1 1 0 1 0 1 0 0 0 0 0 0 0 12 1
0 1 0 2656173533 0 1 0 1 1 0 0 1 1 1 0 0 2216717237 1146348713 2656173530 1 1 0 0 1 1 0 1 1 1 0 0 2216717237 1146348713 1146348713 1146348713 1146348713 1146348713 1146348713 12 1
0 0 0 7941797 0 1 1 0 1 1 1 0 1 1 1 0 3690829607 1012611473 7941792 0 1 1 1 0 1 1 0 1 1 1 0 3690829607 1012611473 1012611473 1012611473 1012611473 1012611473 1012611473 12 1
0 0 0 2601394300 1 1 0 0 0 0 1 0 0 1 0 1 55056433 230646803 2601394296 0 0 0 1 0 0 1 0 0 1 0 1 55056433 230646803 230646803 230646803 230646803 230646803 230646803 12 1
1 0 1 4006809281 1 0 1 1 1 1 0 0 0 0 1 0 421894623 3943938639 4006809285 1 1 1 0 0 0 0 0 0 0 1 0 0 0 0 0 0 0 0 12 1
0 0 0 3645428123 0 0 0 1 1 1 1 1 0 0 0 0 3770399751 3095082099 3645428120 1 1 1 1 1 0 1 1 0 0 0 0 3770399751 3095082099 3095082099 3095082099 3095082099 3095082099 3095082099 12 1
1 0 0 1821603438 0 0 0 0 1 1 1 1 1 0 1 0 3371271193 942675565 1821603433 0 1 1 1 1 1 1 1 1 0 1 0 3371271193 942675565 942675565 942675565 942675565 942675565 942675565 12 1
0 0 1 996068273 0 1 1 0 0 1 1 0 0 0 0 0 1032040047 835285209 996068276 0 0 1 1 0 0 1 0 0 0 0 0 0 0 0 0 0 0 0 12 1
1 1 1 4159353895 0 0 0 1 1 0 0 1 0 0 0 0 299680523 2544086419 4159353895 1 1 0 0 1 0 0 1 0 0 0 0 299680523 2544086419 2544086419 2544086419 2544086419 2544086419 2544086419 12 1
1 0 0 545452329 0 1 0 1 0 1 1 0 1 0 0 1 1427614109 154043559 545452329 1 0 1 1 0 1 1 0 1 0 0 1 1427614109 154043559 154043559 154043559 154043559 154043559 154043559 12 1
1 0 0 1688453060 0 1 0 1 1 1 0 1 1 0 1 0 3363194463 474691629 1688453057 1 1 1 0 1 1 0 1 1 0 1 0 3363194463 474691629 474691629 474691629 474691629 474691629 474691629 12 1
0 0 0 3841948964 1 0 0 1 1 1 0 1 0 0 0 1 1093771001 1779151451 3841948960 1 1 1 0 1 0 0 1 0 0 0 1 1093771001 1779151451 1779151451 1779151451 1779151451 1779151451 1779151451 12 1
0 1 1 2299659521 0 0 1 0 0 0 0 1 0 1 1 1 1165216775 3168467569 2299659526 0 0 0 0 1 0 0 1 0 1 1 1 0 0 0 0 0 0 0 12 1
1 0 0 2430638041 0 1 0 1 0 0 1 1 1 0 0 0 6283385 1796173089 2430638041 1 0 0 1 1 1 1 1 1 0 0 0 6283385 1796173089 1796173089 1796173089 1796173089 1796173089 1796173089 12 1
1 0 0 115918937 0 1 0 0 1 0 0 1 0 0 0 0 3529544609 3187559669 115918937 0 1 0 0 1 0 0 1 0 0 0 0 3529544609 3187559669 3187559669 3187559669 3187559669 3187559669 3187559669 12 1
0 0 0 3766623555 0 1 1 1 1 0 1 1 1 1 1 1 2981443153 4169459325 3766623552 1 1 0 1 1 1 1 1 1 1 1 1 2981443153 4169459325 4169459325 4169459325 4169459325 4169459325 4169459325 12 1
0 0 0 2072219529 0 0 1 1 0 0 0 1 1 0 0 1 216135907 2023043839 2072219528 1 0 0 0 1 1 0 1 1 0 0 1 216135907 2023043839 2023043839 2023043839 2023043839 2023043839 2023043839 12 1
1 0 0 2750601233 1 0 1 0 0 0 1 1 1 0 1 1 3810244293 1953890869 2750601233 0 0 0 1 1 1 1 1 1 0 1 1 3810244293 1953890869 1953890869 1953890869 1953890869 1953890869 1953890869 12 1
1 1 0 2215743579 0 1 1 0 1 1 0 1 1 1 1 1 363036449 1179196349 2215743579 0 1 1 0 1 1 0 1 1 1 1 1 363036449 1179196349 1179196349 1179196349 1179196349 1179196349 1179196349 12 1
1 0 0 4155839659 1 0 1 0 0 0 0 0 1 1 0 0 1547522509 2597231339 4155839657 0 0 0 0 0 1 0 0 1 1 0 0 1547522509 2597231339 2597231339 2597231339 2597231339 2597231339 2597231339 12 1
1 1 0 1757209484 0 0 0 1 0 0 1 1 0 0 0 1 127502487 1756242807 1757209483 1 0 0 1 1 0 1 1 0 0 0 1 127502487 1756242807 1756242807 1756242807 1756242807 1756242807 1756242807 12 1
0 0 0 204434741 1 1 1 1 0 0 1 0 0 0 0 1 183236083 4255586993 204434736 1 0 0 1 0 0 1 0 0 0 0 1 0 0 0 0 0 0 0 12 1
0 0 0 3380807494 0 1 0 1 0 0 0 1 1 0 0 1 641299803 4167249667 3380807488 1 0 0 0 1 1 0 1 1 0 0 1 641299803 4167249667 4167249667 4167249667 4167249667 4167249667 4167249667 12 1
1 1 1 788078716 0 0 0 0 0 0 0 0 0 0 1 0 4144447697 1295477281 788078719 0 0 0 0 0 0 0 0 0 0 1 0 4144447697 1295477281 1295477281 1295477281 1295477281 1295477281 1295477281 12 1
1 0 0 2707466286 0 0 0 1 0 0 1 0 0 1 0 1 3746966585 2206301471 2707466281 1 0 0 1 0 0 1 0 0 1 0 1 3746966585 2206301471 2206301471 2206301471 2206301471 2206301471 2206301471 12 1
1 0 1 3474462292 0 0 0 1 1 1 0 0 0 1 1 0 2319842621 1876278933 3474462293 1 1 1 0 0 0 0 0 0 1 1 0 2319842621 1876278933 1876278933 1876278933 1876278933 1876278933 1876278933 12 1
0 0 0 3819546576 0 1 1 0 0 1 0 0 1 1 1 0 1867277013 571758399 3819546576 0 0 1 0 0 1 0 0 1 1 1 0 1867277013 571758399 571758399 571758399 571758399 571758399 571758399 12 1
1 1 0 3273808338 1 1 1 1 0 0 0 0 0 1 0 0 3796747493 2441483891 3273808339 1 0 0 0 0 0 0 0 0 1 0 0 0 0 0 0 0 0 0 12 1
0 0 1 2348036626 0 0 0 1 0 1 0 0 1 1 1 0 4166685541 1053096347 2348036628 1 0 1 0 0 1 0 0 1 1 1 0 4166685541 1053096347 1053096347 1053096347 1053096347 1053096347 1053096347 12 1
1 1 1 334286501 1 0 1 0 0 1 1 0 0 1 1 1 664660421 3781482895 334286503 0 0 1 1 0 0 1 0 0 1 1 1 0 0 0 0 0 0 0 12 1
0 0 0 1322391517 1 1 0 1 1 1 1 0 1 1 0 0 3616034295 3222115385 1322391512 1 1 1 1 0 1 1 0 1 1 0 0 3616034295 3222115385 3222115385 3222115385 3222115385 3222115385 3222115385 12 1
0 1 0 2975680994 1 1 0 0 0 1 0 0 1 1 1 1 3262606735 2684172681 2975680994 0 0 1 0 0 1 0 0 1 1 1 1 3262606735 2684172681 2684172681 2684172681 2684172681 2684172681 2684172681 12 1
1 0 0 942447132 0 0 0 0 1 0 0 0 0 1 1 0 2488286991 2798548883 942447129 0 1 0 0 0 0 0 0 0 1 1 0 2488286991 2798548883 2798548883 2798548883 2798548883 2798548883 2798548883 12 1
1 0 0 1565070947 1 1 0 1 0 1 0 0 0 1 0 1 1254130083 2955693481 1565070945 1 0 1 0 0 0 0 0 0 1 0 1 1254130083 2955693481 2955693481 2955693481 2955693481 2955693481 2955693481 12 1
1 0 1 4223031104 1 1 1 0 0 1 0 1 1 1 1 1 2687767335 4050670155 4223031109 0 0 1 0 1 1 0 1 1 1 1 1 2687767335 4050670155 4050670155 4050670155 4050670155 4050670155 4050670155 12 1
0 1 1 2846389559 1 0 0 1 1 0 0 1 1 1 0 0 2222211287 349321679 2846389558 1 1 0 0 1 1 0 1 1 1 0 0 2222211287 349321679 349321679 349321679 349321679 349321679 349321679 12 1
1 0 1 2516194062 1 0 0 0 1 0 0 1 1 1 0 1 740181553 130085799 2516194061 0 1 0 0 1 1 0 1 1 1 0 1 740181553 130085799 130085799 130085799 130085799 130085799 130085799 12 1
0 1 0 3307152612 1 0 1 0 0 1 0 0 1 0 0 0 2336812363 1885563227 3307152610 0 0 1 0 0 1 0 0 1 0 0 0 2336812363 1885563227 1885563227 1885563227 1885563227 1885563227 1885563227 12 1
1 1 0 3753838176 0 1 0 1 0 1 1 0 0 0 0 0 1286929805 824302011 3753838179 1 0 1 1 0 0 1 0 0 0 0 0 1286929805 824302011 824302011 824302011 824302011 824302011 824302011 12 1
0 0 1 2719626754 1 0 0 0 1 0 0 1 0 1 1 0 1031433461 3982136945 2719626756 0 1 0 0 1 0 0 1 0 1 1 0 1031433461 3982136945 3982136945 3982136945 3982136945 3982136945 3982136945 12 1
0 1 0 3444906681 0 1 0 1 1 0 0 0 1 1 0 1 4004425729 3141545235 3444906682 1 1 0 0 0 1 0 0 1 1 0 1 4004425729 3141545235 3141545235 3141545235 3141545235 3141545235 3141545235 12 1
1 0 0 533156771 1 0 1 1 1 0 0 0 1 0 0 1 3107082555 2646097719 533156769 1 1 0 0 0 1 0 0 1 0 0 1 3107082555 2646097719 2646097719 2646097719 2646097719 2646097719 2646097719 12 1
0 1 0 239097335 1 1 1 1 0 1 1 0 0 1 0 1 4286570419 3032566655 239097330 1 0 1 1 0 0 1 0 0 1 0 1 0 0 0 0 0 0 0 12 1
1 0 0 3040361490 0 1 0 0 1 1 1 1 1 1 1 1 4263249109 3039455927 3040361489 0 1 1 1 1 1 1 1 1 1 1 1 4263249109 3039455927 3039455927 3039455927 3039455927 3039455927 3039455927 12 1
1 0 0 373341504 1 1 1 0 0 0 0 1 0 0 0 0 1872096507 3237345701 373341505 0 0 0 0 1 0 0 1 0 0 0 0 0 0 0 0 0 0 0 12 1
1 0 1 1771811090 0 1 1 0 0 0 1 0 1 1 0 0 1728694219 2524442623 1771811093 0 0 0 1 0 1 1 0 1 1 0 0 1728694219 2524442623 2524442623 2524442623 2524442623 2524442623 2524442623 12 1
1 1 0 515534100 0 1 0 0 0 1 0 0 0 1 1 1 2737928833 3852049413 515534099 0 0 1 0 0 0 0 0 0 1 1 1 2737928833 3852049413 3852049413 3852049413 3852049413 3852049413 3852049413 12 1
1 0 0 3863998885 0 1 0 0 1 1 1 0 0 0 0 0 3771803387 3802535551 3863998881 0 1 1 1 0 0 1 0 0 0 0 0 3771803387 3802535551 3802535551 3802535551 3802535551 3802535551 3802535551 12 1
0 0 1 1308394451 1 1 1 0 0 1 0 0 1 0 0 0 2819274961 134167841 1308394452 0 0 1 0 0 1 0 0 1 0 0 0 2819274961 134167841 134167841 134167841 134167841 134167841 134167841 12 1
1 1 0 4001096675 0 1 0 1 1 1 0 0 1 1 0 1 1872215259 1443893659 4001096675 1 1 1 0 0 1 0 0 1 1 0 1 1872215259 1443893659 1443893659 1443893659 1443893659 1443893659 1443893659 12 1
1 1 1 1038501437 1 0 0 1 0 0 1 1 1 1 1 1 2388771989 718544619 1038501439 1 0 0 1 1 1 1 1 1 1 1 1 2388771989 718544619 718544619 718544619 718544619 718544619 718544619 12 1
1 0 1 181979129 1 1 0 0 0 1 1 0 0 0 1 1 3675647861 2720902283 181979133 0 0 1 1 0 0 1 0 0 0 1 1 3675647861 2720902283 2720902283 2720902283 2720902283 2720902283 2720902283 12 1
1 1 1 2606675939 0 0 1 1 1 1 1 1 0 0 0 1 503163187 2646224443 2606675943 1 1 1 1 1 0 1 1 0 0 0 1 0 0 0 0 0 0 0 12 1
1 0 1 4197789175 1 1 1 1 0 1 1 0 1 0 1 1 726457691 1782453143 4197789173 1 0 1 1 0 1 1 0 1 0 1 1 726457691 1782453143 1782453143 1782453143 1782453143 1782453143 1782453143 12 1
1 1 0 128544477 0 0 0 1 0 0 0 1 0 1 0 1 4166148577 1842555285 128544475 1 0 0 0 1 0 0 1 0 1 0 1 4166148577 1842555285 1842555285 1842555285 1842555285 1842555285 1842555285 12 1
0 1 1 2519544737 0 1 1 1 0 1 1 0 0 0 0 0 2511223501 2361350567 2519544742 1 0 1 1 0 0 1 0 0 0 0 0 0 0 0 0 0 0 0 12 1
1 0 0 1528747467 0 1 0 0 0 0 1 0 0 1 0 1 1775181487 1272985945 1528747465 0 0 0 1 0 0 1 0 0 1 0 1 1775181487 1272985945 1272985945 1272985945 1272985945 1272985945 1272985945 12 1
0 0 0 1937729500 1 1 1 1 1 1 0 1 1 1 0 0 3450890745 941174633 1937729496 1 1 1 0 1 1 0 1 1 1 0 0 3450890745 941174633 941174633 941174633 941174633 941174633 941174633 12 1
0 1 1 586974793 0 0 1 0 1 1 0 1 1 1 0 0 1021774425 1616635253 586974798 0 1 1 0 1 1 0 1 1 1 0 0 1021774425 1616635253 1616635253 1616635253 1616635253 1616635253 1616635253 12 1
1 0 0 4144001438 0 0 0 0 0 0 1 1 1 1 0 0 3345833741 2124903901 4144001433 0 0 0 1 1 1 1 1 1 1 0 0 3345833741 2124903901 2124903901 2124903901 2124903901 2124903901 2124903901 12 1
0 1 0 3106403206 0 0 1 1 1 1 0 1 1 1 1 0 736939513 2323062505 3106403202 1 1 1 0 1 1 0 1 1 1 1 0 736939513 2323062505 2323062505 2323062505 2323062505 2323062505 2323062505 12 1
0 0 1 1638270379 1 1 0 1 1 1 1 0 1 1 1 0 1440432417 1645030483 1638270380 1 1 1 1 0 1 1 0 1 1 1 0 1440432417 1645030483 1645030483 1645030483 1645030483 1645030483 1645030483 12 1
1 1 0 2001693021 0 0 0 0 0 0 1 0 1 0 1 0 2088037033 1452166461 2001693019 0 0 0 1 0 1 1 0 1 0 1 0 2088037033 1452166461 1452166461 1452166461 1452166461 1452166461 1452166461 12 1
0 1 1 453248443 0 1 1 0 0 0 0 0 1 0 0 0 1725486579 1128446759 453248446 0 0 0 0 0 1 0 0 1 0 0 0 1725486579 1128446759 1128446759 1128446759 1128446759 1128446759 1128446759 12 1
1 1 1 1342189876 0 0 1 1 0 0 0 1 1 0 0 0 1271346671 3493735119 1342189879 1 0 0 0 1 1 0 1 1 0 0 0 1271346671 3493735119 3493735119 3493735119 3493735119 3493735119 3493735119 12 1
1 0 1 237010767 1 0 0 1 0 1 0 0 0 0 0 0 3448639889 305125457 237010765 1 0 1 0 0 0 0 0 0 0 0 0 3448639889 305125457 305125457 305125457 305125457 305125457 305125457 12 1
0 0 0 1975151496 0 1 1 0 0 0 0 1 1 1 0 0 2875203987 1055002853 1975151496 0 0 0 0 1 1 0 1 1 1 0 0 2875203987 1055002853 1055002853 1055002853 1055002853 1055002853 1055002853 12 1
1 1 0 1629211304 0 0 0 0 1 1 0 1 0 0 1 0 521818173 618024733 1629211307 0 1 1 0 1 0 0 1 0 0 1 0 521818173 618024733 618024733 618024733 618024733 618024733 618024733 12 1
0 1 0 2246194570 0 1 0 0 0 0 1 0 0 0 0 1 4044375823 839955603 2246194570 0 0 0 1 0 0 1 0 0 0 0 1 4044375823 839955603 839955603 839955603 839955603 839955603 839955603 12 1
1 0 0 2557551441 0 1 0 0 0 0 0 1 1 0 1 0 464879271 3493653975 2557551441 0 0 0 0 1 1 0 1 1 0 1 0 464879271 3493653975 3493653975 3493653975 3493653975 3493653975 3493653975 12 1
0 1 0 2093336595 1 0 1 1 1 1 0 1 1 0 0 0 1622956615 3561914503 2093336594 1 1 1 0 1 1 0 1 1 0 0 0 1622956615 3561914503 3561914503 3561914503 3561914503 3561914503 3561914503 12 1
0 1 0 3273730179 1 1 0 1 0 1 0 0 0 1 0 1 1479790689 2396836013 3273730178 1 0 1 0 0 0 0 0 0 1 0 1 1479790689 2396836013 2396836013 2396836013 2396836013 2396836013 2396836013 12 1
0 0 1 2508471026 1 0 0 1 1 1 1 1 0 1 0 1 3866362393 2259769641 2508471028 1 1 1 1 1 0 1 1 0 1 0 1 3866362393 2259769641 2259769641 2259769641 2259769641 2259769641 2259769641 12 1
1 1 1 2926051337 1 0 0 1 0 0 1 1 1 1 1 1 944051157 3543162231 2926051343 1 0 0 1 1 1 1 1 1 1 1 1 944051157 3543162231 3543162231 3543162231 3543162231 3543162231 3543162231 12 1
1 1 0 2849053564 0 1 0 0 0 1 1 1 0 0 1 1 419984239 69836993 2849053563 0 0 1 1 1 0 1 1 0 0 1 1 419984239 69836993 69836993 69836993 69836993 69836993 69836993 12 1
1 0 0 1968552068 1 0 0 1 1 1 1 1 0 1 1 1 2985688765 938638197 1968552065 1 1 1 1 1 0 1 1 0 1 1 1 2985688765 938638197 938638197 938638197 938638197 938638197 938638197 12 1
0 0 0 2006614994 1 1 1 1 1 0 0 1 0 1 1 1 1986126141 1192525183 2006614992 1 1 0 0 1 0 0 1 0 1 1 1 0 0 0 0 0 0 0 12 1
1 0 0 3502559331 1 0 0 0 1 0 0 1 0 0 0 0 3797061841 2032779463 3502559329 0 1 0 0 1 0 0 1 0 0 0 0 3797061841 2032779463 2032779463 2032779463 2032779463 2032779463 2032779463 12 1
