2585872506 170 3 0 2323203961 2702038149 1834637422 1084402589 160188456 2948726956 416004509 178 209 2 2 1 1 2 1 0 189 240 1 1 1 0 0 1 0 0 122 133 110 0 0 0 0 0 0 40 172 0 0 1 157 178 38 247 83
1540848358 108 2 1 1036791916 2195624457 607830180 2199782105 4016269080 2096976300 2030682621 219 84 2 0 0 0 2 1 1 164 244 1 1 0 0 0 1 0 0 38 9 164 0 0 0 0 0 0 24 172 0 0 2 195 23 39 170 170
3295867895 226 0 0 3699136154 2048712859 1461585734 1488081395 491460992 2424482578 179949170 119 237 1 2 2 1 0 0 2 189 52 0 0 1 1 0 0 0 1 135 155 70 0 0 0 0 0 0 128 18 0 0 1 114 119 155 136 244
2393117005 50 2 0 110684461 104609039 4157288261 2544699736 475054858 3727440680 3405359790 4 199 2 2 2 0 1 0 2 254 180 0 1 1 1 0 0 0 1 109 15 69 0 0 0 0 0 0 10 40 0 0 1 174 4 112 55 123
1050618699 55 0 0 3849002966 4170962501 1277173222 4284837282 1697597231 1260726674 2868910329 252 151 2 1 2 0 0 1 1 190 116 0 1 0 1 0 0 0 0 139 69 230 0 0 0 0 0 0 47 146 0 0 2 218 113 29 170 170
1064236210 170 0 1 616452591 3811539727 104679164 1752495118 1629325662 3867425402 2366403405 85 94 2 0 0 0 2 1 1 166 244 1 1 0 0 0 1 0 0 194 15 252 0 0 0 0 0 0 94 122 0 0 2 113 207 231 170 170
268515021 206 0 0 1592655855 3993792721 2773562277 56371716 4048986395 2253103312 4259067285 134 50 0 1 2 0 0 1 0 158 112 0 0 0 1 0 0 0 0 205 209 165 0 0 0 0 0 0 27 208 0 0 1 149 134 174 224 88
1197825707 90 2 1 2888717819 1551378740 1736762140 1478874115 3456180122 2664676001 3015475143 213 252 0 2 0 2 2 0 1 149 180 1 0 1 0 1 1 0 0 235 52 28 0 0 0 0 0 0 154 161 0 0 2 141 137 185 170 170
1731509212 198 3 0 4215552019 3243113683 3582039020 2366047913 1642271603 2977406040 3499133061 181 208 0 2 0 2 0 0 0 149 48 0 0 1 0 1 0 0 0 252 211 236 0 0 0 0 0 0 115 88 0 0 1 133 181 245 197 133
1901151859 162 1 0 1911644318 281803970 782893329 1602397523 3601946890 2553683682 1896366461 106 45 1 2 2 2 2 0 2 253 180 0 0 1 1 1 1 0 1 147 194 17 0 0 0 0 0 0 10 226 0 0 1 125 106 142 187 39
3548659683 170 3 1 1255485873 1863900075 3187375811 2820587086 2929729431 2723593429 2002953571 149 0 2 2 1 0 2 0 1 190 180 1 1 1 0 0 1 0 0 115 171 195 0 0 0 0 0 0 151 213 0 0 2 149 149 149 170 170
3626281629 160 3 0 4010083463 1925219462 3325016255 3660956112 2631834993 1114477957 2682568381 149 80 1 1 0 0 2 2 2 182 244 0 0 0 0 0 1 1 1 253 134 191 0 0 0 0 0 0 113 133 0 0 1 189 149 213 37 229
4037430171 242 2 0 2896821745 3601953970 2917334870 1626655094 2983533728 1055643606 3500312781 82 127 0 1 1 0 0 2 0 222 112 0 0 0 0 0 0 1 0 107 178 86 0 0 0 0 0 0 160 214 0 0 1 205 82 30 157 1
2067824643 22 2 1 260799044 77792907 1561485189 4139597438 2357211768 2293944054 4205151545 36 17 2 1 2 1 0 0 1 191 52 1 1 0 1 0 0 0 0 35 139 133 0 0 0 0 0 0 120 246 0 0 2 22 39 155 170 170
3835750818 39 3 0 2583058781 2247819402 1275723846 3430566603 3802090910 1368202474 4036684460 105 164 0 0 2 1 2 1 0 141 240 0 0 0 1 0 1 0 0 114 138 70 0 0 0 0 0 0 158 234 0 0 1 172 105 185 93 77
38773901 170 2 0 2982916898 4169434850 976588099 1499015932 1099337848 2100008209 2987730357 236 198 2 1 0 0 1 0 2 182 180 1 1 0 0 0 0 0 1 173 226 67 0 0 0 0 0 0 120 17 0 0 1 181 236 36 234 146
752610439 220 1 0 1159332276 1961232061 1612476097 2574682112 537484734 2343933810 1351181608 132 110 2 1 0 0 2 0 0 246 176 0 1 0 0 0 1 0 0 23 189 193 0 0 0 0 0 0 190 114 0 0 1 40 132 220 74 82
2859678258 110 0 1 3778651676 51584192 946212633 430395210 4153079262 2231456147 3944694027 151 221 2 1 2 1 2 2 1 191 244 1 1 0 1 0 1 1 0 2 192 25 0 0 0 0 0 0 222 147 0 0 2 225 190 162 170 170
2729194741 146 2 0 2713670765 988098535 1890752848 1925822926 813180223 3145397872 2463367161 132 152 0 2 1 1 1 0 0 223 176 0 0 1 0 0 0 0 0 101 231 80 0 0 0 0 0 0 63 112 0 0 1 249 132 100 252 156
2659395499 118 2 0 2800198426 2591027220 2326221833 4215645337 2593145195 3001041161 2662253903 106 124 0 0 1 1 2 2 0 205 240 0 0 0 0 0 1 1 0 171 20 9 0 0 0 0 0 0 107 9 0 0 1 79 106 154 22 166
4272213469 170 1 0 2847329163 3886923508 2181334056 763057000 990141681 44630544 2614968621 48 4 0 0 1 2 1 1 2 143 244 1 0 0 0 1 0 0 1 221 244 40 0 0 0 0 0 0 241 16 0 0 1 45 48 0 4 116
2577478131 46 0 1 3976690034 2677603994 3767204980 1438540354 2610067777 3827930114 3940438578 228 200 2 0 2 0 1 1 0 174 240 1 1 0 1 0 0 0 0 131 154 116 0 0 0 0 0 0 65 2 0 0 1 50 228 132 76 44
1963331730 237 2 0 579274496 227966633 221271151 1515195488 3474410396 3835433116 299877699 42 2 2 1 0 1 2 1 0 247 240 0 1 0 0 0 1 0 0 34 169 111 0 0 0 0 0 0 156 156 0 0 1 67 42 146 148 204
1598120395 53 3 1 2495062759 1493994633 2980964513 2064736820 1790300597 4119851462 3053500201 9 132 1 0 1 2 0 2 0 175 112 1 0 0 0 1 0 1 0 251 137 161 0 0 0 0 0 0 181 198 0 0 1 41 9 217 93 205
1218028068 8 1 0 23576253 1996074825 294436263 3643924456 3937400646 3035553082 70705755 34 67 2 0 2 0 2 2 0 238 240 0 1 0 1 0 1 1 0 84 73 167 0 0 0 0 0 0 70 58 0 0 1 91 34 190 1 213
2952665418 170 0 0 352602312 1753459431 1166406702 3631785735 4226943486 2572740523 1780939367 104 132 1 1 0 1 0 0 2 181 52 1 0 0 0 0 0 0 1 10 231 46 0 0 0 0 0 0 254 171 0 0 1 103 104 56 188 44
4254431161 55 1 0 284981649 807047303 3736346581 1467280409 4060357791 1335733400 275303608 30 109 0 2 1 0 0 1 0 220 112 0 0 1 0 0 0 0 0 89 135 213 0 0 0 0 0 0 159 152 0 0 1 184 30 66 175 27
741187232 120 2 0 3566384684 1721207120 3641011864 2192643177 3579616848 2922234755 1616497752 32 88 0 2 1 0 2 0 1 220 180 0 0 1 0 0 1 0 0 32 80 152 0 0 0 0 0 0 80 131 0 0 2 80 168 136 170 170
3765285994 39 0 1 2741599795 1879913995 1461257694 1340612653 2408020716 3478038576 152108696 124 203 1 2 2 1 1 2 1 189 244 1 0 1 1 0 0 1 0 202 11 222 0 0 0 0 0 0 236 48 0 0 2 2 205 9 170 170
2928270102 99 2 1 316986734 641718242 3589335125 4042696278 2592371266 706684806 3177401803 111 39 0 0 2 1 0 0 2 143 52 1 0 0 1 0 0 0 1 166 226 85 0 0 0 0 0 0 66 134 0 0 1 203 111 91 130 70
3550962267 170 0 0 4122288309 3916783660 2588019053 2222027423 3775420226 2763267944 1048675677 37 100 2 1 1 0 1 2 1 188 244 1 1 0 0 0 0 1 0 75 44 109 0 0 0 0 0 0 66 104 0 0 2 45 145 225 170 170
2498084948 155 1 0 1563350027 1355658171 2468104864 2867004349 448398741 490240599 2715454269 213 44 1 1 0 2 2 2 2 245 244 0 0 0 0 1 1 1 1 212 187 160 0 0 0 0 0 0 149 87 0 0 1 61 213 197 241 193
3183833210 133 3 1 2157119483 123581941 1467285842 3199151909 3683202068 487430412 2785647184 134 183 0 2 1 1 2 1 1 157 244 1 0 1 0 0 1 0 0 250 245 82 0 0 0 0 0 0 20 12 0 0 2 164 91 135 170 170
2761400630 212 1 1 391788585 998805363 1598899213 3979622312 4247174999 335393448 1287643139 30 83 0 0 0 1 0 1 1 135 116 1 0 0 0 0 0 0 0 86 115 13 0 0 0 0 0 0 87 168 0 0 2 52 135 99 170 170
1974325866 149 3 0 1531496542 2199922264 254610542 4269124938 3851332477 3427952791 50614712 223 208 1 2 0 1 2 0 0 183 176 0 0 1 0 0 1 0 0 186 88 110 0 0 0 0 0 0 125 151 0 0 1 184 223 31 239 175
3818500466 170 0 0 529831514 1797795798 2306067026 119252968 3047469858 1085379879 2141047589 62 153 2 1 1 1 2 0 1 191 180 1 1 0 0 0 1 0 0 130 214 82 0 0 0 0 0 0 34 39 0 0 2 192 89 109 170 170
2237715957 91 1 0 786461717 3504108100 2606030790 504228207 2728215660 3608249918 1606160212 27 199 0 2 0 0 1 1 0 212 240 0 0 1 0 0 0 0 0 85 68 198 0 0 0 0 0 0 108 62 0 0 1 84 27 135 78 146
3712563139 111 3 1 3427274928 245506549 260820132 1527250587 2330070975 3951689897 2868475969 138 72 0 1 1 2 0 2 0 157 112 1 0 0 0 1 0 1 0 51 245 164 0 0 0 0 0 0 191 169 0 0 1 65 138 42 114 82
2446875958 31 3 0 2747584193 4153362968 2348460887 560357088 3506258388 3311379603 2269271565 216 0 2 2 1 1 1 0 1 191 180 0 1 1 0 0 0 0 0 118 24 87 0 0 0 0 0 0 212 147 0 0 2 216 216 216 170 170
3005015647 151 3 1 2790149624 1896614217 2984859238 538856331 373778142 590912514 4058597404 189 203 1 2 2 0 2 2 0 188 240 1 0 1 1 0 1 1 0 63 73 102 0 0 0 0 0 0 222 2 0 0 1 28 189 249 196 120
1595320139 170 0 0 3732973319 1188745636 1019444718 3744288486 4162764510 3889034984 2167633541 228 13 2 1 0 0 2 0 1 182 180 1 1 0 0 0 1 0 0 203 164 238 0 0 0 0 0 0 222 232 0 0 2 142 155 63 170 170
2144684982 187 1 0 2032502347 2297085028 201862534 308172150 1653713744 981917035 995679475 109 123 0 1 2 0 1 1 1 222 244 0 0 0 1 0 0 0 0 214 100 134 0 0 0 0 0 0 80 107 0 0 2 83 206 202 170 170
2407231240 251 3 0 2154800583 2458860851 214295711 1232749597 1535664599 3358202424 3900450558 49 151 2 2 0 1 1 2 2 181 244 0 1 1 0 0 0 1 1 248 51 159 0 0 0 0 0 0 215 56 0 0 1 254 49 221 116 120
878123083 91 2 0 1410379469 2551644744 2300311805 2223482196 2354259097 1790251370 3823599403 121 50 1 0 2 2 1 0 1 239 180 0 0 0 1 1 0 0 0 107 72 253 0 0 0 0 0 0 153 106 0 0 2 125 175 215 170 170
3879051033 161 3 0 898023736 848206876 1063370800 1465104359 4192879485 1772032104 2928544670 169 173 0 0 2 1 2 2 0 141 240 0 0 0 1 0 1 1 0 57 28 48 0 0 0 0 0 0 125 104 0 0 1 158 169 205 122 230
268513980 170 3 1 2005479071 132670702 2153630974 3367213024 2598033393 2785243275 1400699124 218 215 0 1 2 0 1 0 1 158 180 1 0 0 1 0 0 0 0 252 238 254 0 0 0 0 0 0 241 139 0 0 2 56 15 187 170 170
3042915319 54 0 0 1824603234 476445823 2714522440 2003367041 2593257309 2536192677 4031627404 55 70 2 0 0 0 0 0 2 164 52 0 1 0 0 0 0 0 1 135 127 72 0 0 0 0 0 0 93 165 0 0 1 140 55 111 181 93
3038863924 156 3 0 262130822 2594836333 1586083219 350410829 3134441645 3267821729 878889439 65 2 1 1 0 1 2 1 0 181 240 0 0 0 0 0 1 0 0 180 109 147 0 0 0 0 0 0 173 161 0 0 1 223 65 169 171 227
2290897759 205 1 0 2404372399 1766064753 3922985522 538799852 317187577 867746923 3355268949 162 200 0 1 0 1 0 2 0 215 112 0 0 0 0 0 0 1 0 223 113 50 0 0 0 0 0 0 249 107 0 0 1 85 162 66 10 234
1200450324 89 1 1 2704402604 2478744569 3311724242 204562420 2356416753 342185700 2707065716 233 94 1 1 0 0 2 1 1 182 244 1 0 0 0 0 1 0 0 20 249 210 0 0 0 0 0 0 241 228 0 0 2 5 99 123 170 170
605754965 170 1 0 3674539311 2147702104 3109123120 394101189 3182842346 3630157221 1717859293 12 149 2 0 2 1 0 1 1 173 116 1 1 0 1 0 0 0 0 213 88 48 0 0 0 0 0 0 234 165 0 0 2 70 219 31 170 170
388889826 145 2 0 3971239047 3747964677 139446812 285363500 3063786306 689266176 3212057471 157 49 0 2 2 0 1 1 0 222 240 0 0 1 1 0 0 0 0 226 5 28 0 0 0 0 0 0 66 0 0 0 1 127 157 145 194 158
2370716110 234 1 1 3019526355 3280764046 352461495 3354561547 3292727256 3945914075 1579720319 33 212 0 0 2 1 0 0 1 141 52 1 0 0 1 0 0 0 0 222 142 183 0 0 0 0 0 0 216 219 0 0 2 9 221 237 170 170
3946359501 200 0 1 4215451149 2294819485 555019253 77890149 2021887818 1767416730 3659828051 101 112 1 0 1 2 1 1 0 173 240 1 0 0 0 1 0 0 0 77 157 245 0 0 0 0 0 0 74 154 0 0 1 83 101 37 149 213
326532868 50 2 0 1882842909 2147957220 472084031 1948756050 3808860102 4275356605 2869140417 120 104 2 2 0 1 1 1 0 247 240 0 1 1 0 0 0 0 0 100 228 63 0 0 0 0 0 0 198 189 0 0 1 193 120 152 0 96
1329702836 170 3 1 2120922241 2615680614 768882093 641148354 1329683033 1163579305 3657152100 232 173 0 0 0 0 0 2 1 134 116 1 0 0 0 0 0 1 0 116 102 173 0 0 0 0 0 0 89 169 0 0 2 210 127 163 170 170
1367632035 212 3 0 289921797 710061159 1514580168 3629714950 3803037334 2826534569 1005421483 67 36 1 0 1 2 2 0 1 175 180 0 0 0 0 1 1 0 0 115 103 200 0 0 0 0 0 0 150 169 0 0 2 203 239 63 170 170
1930325102 139 1 0 3109066383 2637455552 1590613076 3303210142 2293362267 241027545 2703238102 82 65 2 0 2 1 0 1 1 239 116 0 1 0 1 0 0 0 0 222 192 84 0 0 0 0 0 0 91 217 0 0 2 164 229 25 170 170
1144219872 197 2 0 3938654104 1672610901 761823008 1007112648 2445414000 3714962456 979141175 114 251 1 1 2 1 0 0 2 255 52 0 0 0 1 0 0 0 1 32 85 32 0 0 0 0 0 0 112 24 0 0 1 55 114 110 105 93
1508286497 64 3 1 3119865966 1488235092 4265083174 2255720833 54196239 826635335 2235974103 160 199 2 0 1 2 2 2 1 173 244 1 1 0 0 1 1 1 0 177 84 38 0 0 0 0 0 0 15 71 0 0 2 222 165 17 170 170
1071787047 170 3 0 2633854027 2144905994 4090510406 649870553 2715326354 2237043247 4135007886 8 93 2 0 1 0 2 2 1 172 244 1 1 0 0 0 1 1 0 247 10 70 0 0 0 0 0 0 146 47 0 0 2 82 175 147 170 170
2063627648 152 0 0 1975598029 391519223 2548030029 3323934039 229145325 2451081759 2820566438 178 6 1 2 1 0 2 0 2 188 180 0 0 1 0 0 1 0 1 64 247 77 0 0 0 0 0 0 237 31 0 0 1 166 178 234 240 152
1408781019 8 3 1 527947695 217096921 2021555276 2747448702 236093709 1350081056 3386203043 116 168 1 0 2 2 0 2 0 175 112 1 0 0 1 1 0 1 0 251 217 76 0 0 0 0 0 0 13 32 0 0 1 163 116 148 60 156
2993255097 26 2 1 1352868381 3670725798 2849173183 1853211226 1039810869 45602983 3605223815 150 154 2 2 0 2 2 0 0 183 176 1 1 1 0 1 1 0 0 105 166 191 0 0 0 0 0 0 53 167 0 0 1 135 150 222 120 80
185278331 94 2 0 32849266 1583443148 2404015800 3167938651 2687032784 3810870188 3671690483 218 44 0 0 0 2 2 2 2 197 244 0 0 0 0 1 1 1 1 171 204 184 0 0 0 0 0 0 208 172 0 0 1 243 218 202 246 198
101949688 170 0 0 3739686550 4082765247 1162136574 3671069778 3378603856 1411603423 3556214229 64 117 2 2 2 1 2 1 0 191 240 1 1 1 1 0 1 0 0 136 191 254 0 0 0 0 0 0 80 223 0 0 1 213 64 4 121 197
211774637 141 0 1 851810879 168502736 3339936524 4054388737 2233715669 800223678 3810686505 236 219 0 2 0 1 1 2 0 149 240 1 0 1 0 0 0 1 0 205 208 12 0 0 0 0 0 0 213 190 0 0 1 41 236 104 67 183
1618274506 183 0 0 1780575731 1830792802 281284053 1820348159 2330239376 3654107708 151517374 95 152 2 1 2 2 0 1 2 189 116 0 1 0 1 1 0 0 1 202 98 213 0 0 0 0 0 0 144 60 0 0 1 190 95 63 215 119
997674251 206 1 1 3378146244 1354591809 2217952150 3031872471 2020086458 1714960480 4024998984 200 161 2 0 0 0 2 2 2 164 244 1 1 0 0 0 1 1 1 27 65 150 0 0 0 0 0 0 186 96 0 0 1 72 200 124 29 57
2257589802 132 0 1 3053814387 3201191386 3688998019 2019645488 1692524318 3800944079 2018176211 40 180 1 1 1 0 0 1 1 190 116 1 0 0 0 0 0 0 0 202 218 131 0 0 0 0 0 0 30 207 0 0 2 208 132 20 170 170
888370398 170 2 0 1729135813 4166273591 82075082 3886851549 2362736757 2219295182 2676398252 170 129 2 1 1 0 2 1 0 188 240 1 1 0 0 0 1 0 0 110 55 202 0 0 0 0 0 0 117 206 0 0 1 172 170 222 95 251
1637484464 151 2 0 1050590713 1871356606 2458605216 3745416545 147315632 4257849144 1411405637 173 149 2 2 2 2 0 2 2 253 116 0 1 1 1 1 0 1 1 96 190 160 0 0 0 0 0 0 176 56 0 0 1 69 173 241 134 82
1942636171 72 3 0 2280710640 502280332 4125508812 1258561570 556050522 2846297986 2035629163 253 156 1 1 1 2 1 2 2 191 244 0 0 0 0 1 0 1 1 59 140 204 0 0 0 0 0 0 90 130 0 0 1 107 253 173 73 89
2409055012 124 0 1 3228225683 1381891119 144081744 844245522 2434846992 2663789155 857942972 118 80 0 1 2 1 1 2 0 159 240 1 0 0 1 0 0 1 0 196 47 80 0 0 0 0 0 0 16 99 0 0 1 188 118 182 6 198
1253487096 172 2 0 1188918788 1954477637 3003511417 849515522 294787570 3681148728 1622071299 138 235 1 0 1 0 2 1 1 238 244 0 0 0 0 0 1 0 0 40 69 121 0 0 0 0 0 0 242 56 0 0 2 80 59 247 170 170
1735848565 170 0 0 3990462717 1411967305 3009368181 1397815384 203007725 2374901244 4074556370 223 32 2 1 1 1 1 0 1 191 180 1 1 0 0 0 0 0 0 69 73 117 0 0 0 0 0 0 237 252 0 0 2 31 63 191 170 170
2038766934 237 3 0 852832773 2516921470 666011526 4263191587 2607696772 3424879628 1318686821 2 45 1 1 2 2 2 0 1 189 180 0 0 0 1 1 1 0 0 118 126 134 0 0 0 0 0 0 132 12 0 0 2 236 25 61 170 170
2970936755 237 0 0 3163322761 54465785 2676242226 1854237194 3339611398 1233761344 1059260754 128 10 2 2 0 1 1 0 2 183 180 0 1 1 0 0 0 0 1 67 249 50 0 0 0 0 0 0 6 64 0 0 1 82 128 136 146 170
107168853 18 1 1 1417090558 989212391 3233600784 2285272097 544665644 1070899510 2234531190 247 82 1 2 0 2 2 0 2 181 180 1 0 1 0 1 1 0 1 149 231 16 0 0 0 0 0 0 44 54 0 0 1 118 247 159 241 233
1572110704 47 0 1 4270260858 3729054392 1444877763 2958284197 3634305693 2856667002 2266710254 64 66 0 0 1 0 2 2 1 140 244 1 0 0 0 0 1 1 0 128 184 195 0 0 0 0 0 0 157 122 0 0 2 100 166 14 170 170
2828032941 170 2 0 3706408757 1830709939 2241453464 194072291 3251106314 3330063321 1798083887 100 48 2 1 2 0 0 0 2 188 52 1 1 0 1 0 0 0 1 109 179 152 0 0 0 0 0 0 10 217 0 0 1 47 100 36 84 148
1588987975 134 2 0 1733849754 3620741172 3328201500 2896563222 1636304392 4052941115 3804257087 110 154 2 1 2 2 0 2 1 255 116 0 1 0 1 1 0 1 0 167 52 28 0 0 0 0 0 0 8 59 0 0 2 194 92 164 170 170
2599502602 178 1 0 261392300 3268629074 2577433087 862602661 485441354 442000594 2869458915 207 225 0 1 2 1 1 2 2 221 244 0 0 0 1 0 0 1 1 26 82 255 0 0 0 0 0 0 74 210 0 0 1 227 207 131 100 128
3491395956 69 2 0 995908950 3913559387 1163841599 315382876 3230774074 1761328362 1953248836 186 129 2 0 0 2 2 2 2 231 244 0 1 0 0 1 1 1 1 164 91 63 0 0 0 0 0 0 58 234 0 0 1 68 186 238 111 11
3261977519 244 3 0 2756453534 957777876 3319047188 2012492453 1190796205 3453582662 1148762610 21 248 0 0 0 0 2 2 0 132 240 0 0 0 0 0 1 1 0 191 212 20 0 0 0 0 0 0 173 70 0 0 1 242 21 117 109 141
4203952282 170 1 1 1761224209 493221269 3717912537 767882794 97607891 544424573 3687557497 87 236 0 2 1 2 0 1 1 159 116 1 0 1 0 1 0 0 0 90 149 217 0 0 0 0 0 0 211 125 0 0 2 239 219 203 170 170
477850086 22 0 1 928517716 219346641 292960513 3815619189 3852593204 3516309150 930319006 120 105 0 2 0 2 2 1 1 149 244 1 0 1 0 1 1 0 0 6 209 1 0 0 0 0 0 0 52 158 0 0 2 154 3 87 170 170
2712300463 81 2 1 929263411 531124119 2057887338 77123173 4072162367 2965964380 457636213 6 60 0 1 0 0 1 2 0 148 240 1 0 0 0 0 0 1 0 239 151 106 0 0 0 0 0 0 63 92 0 0 1 117 6 54 114 2
2900458882 176 1 0 2493564068 375725859 619164657 4172903218 75095512 725916492 2832745461 104 94 0 1 0 2 0 1 2 215 116 0 0 0 0 1 0 0 1 18 35 241 0 0 0 0 0 0 216 76 0 0 1 245 104 128 222 38
697862775 63 2 1 1292182192 1645912933 3296042223 2354912783 1234334493 81621794 3581069866 0 59 0 2 0 2 0 0 0 149 48 1 0 1 0 1 0 0 0 39 101 239 0 0 0 0 0 0 29 34 0 0 1 42 0 252 55 43
3285564260 170 1 0 2475507319 3805458895 1156189476 1435110897 2083718511 3500587363 2563468776 77 132 1 0 1 2 1 1 0 173 240 1 0 0 0 1 0 0 0 212 207 36 0 0 0 0 0 0 111 99 0 0 1 232 77 29 161 17
688392772 163 1 0 3501268590 1465272771 548118502 1975950955 3229806700 505229434 2080459021 25 178 2 2 2 0 1 2 1 252 244 0 1 1 1 0 0 1 0 148 195 230 0 0 0 0 0 0 108 122 0 0 2 29 207 247 170 170
3302955081 9 1 1 302349880 3595034256 1175680510 455025255 521982524 276266217 785999580 241 60 1 2 2 2 1 0 2 189 180 1 0 1 1 1 0 0 1 25 144 254 0 0 0 0 0 0 60 233 0 0 1 220 241 33 93 237
2561474505 120 1 0 272881071 875555653 286748390 2183549986 1223460917 977809326 1804790545 214 119 0 2 1 2 2 0 0 223 176 0 0 1 0 1 1 0 0 217 69 230 0 0 0 0 0 0 53 174 0 0 1 17 214 2 121 253
1035845886 254 3 1 2018710446 2832210195 1283905808 290071614 2920576368 1014552241 148147498 226 12 2 2 0 0 2 0 0 182 176 1 1 1 0 0 1 0 0 190 19 16 0 0 0 0 0 0 112 177 0 0 1 42 226 82 94 174
1825473366 170 3 1 2771157218 263288017 849489579 110069233 1264531331 4287908258 3765905937 122 188 1 1 1 2 0 1 1 189 116 1 0 0 0 1 0 0 0 182 209 171 0 0 0 0 0 0 131 162 0 0 2 178 110 158 170 170
1623465762 7 2 1 1670923082 78046025 1474880982 904395701 2281077874 421655801 3777225005 186 119 0 1 2 2 1 0 2 157 180 1 0 0 1 1 0 0 1 162 73 214 0 0 0 0 0 0 114 249 0 0 1 45 186 230 93 225
3075373877 190 3 0 468133330 1926364626 1255851316 854298394 3848289455 3061511127 535189330 180 244 0 1 0 2 1 2 0 151 240 0 0 0 0 1 0 1 0 181 210 52 0 0 0 0 0 0 175 215 0 0 1 82 180 68 56 232
3516333243 26 3 0 1652633635 407682147 984165704 369019597 177629663 1691004474 3403423487 156 229 0 0 2 2 0 1 0 141 112 0 0 0 1 1 0 0 0 251 99 72 0 0 0 0 0 0 223 58 0 0 1 255 156 32 5 145
3379147386 175 1 1 3152495316 3456268387 47084361 870210728 3150358233 4127451747 3276003396 63 198 0 0 2 0 0 0 0 142 48 1 0 0 1 0 0 0 0 26 99 73 0 0 0 0 0 0 217 99 0 0 1 68 63 119 61 229
1193247569 170 1 0 4175908296 660718460 972963177 3155916092 1846344352 4210007875 688312966 58 134 1 2 2 0 1 1 0 190 240 1 0 1 1 0 0 0 0 17 124 105 0 0 0 0 0 0 160 67 0 0 1 134 58 114 248 160
1832042255 65 3 0 56601500 15767880 1634497377 2022914218 4275978448 3445340322 2227357175 183 34 2 0 2 1 2 1 1 175 244 0 1 0 1 0 1 0 0 63 72 97 0 0 0 0 0 0 208 162 0 0 2 155 189 165 170 170
2838429813 71 3 0 1703912226 1128970670 1343430308 2018863463 2669805812 4004079447 3138725953 206 138 2 0 0 1 2 1 2 165 244 0 1 0 0 0 1 0 1 181 174 164 0 0 0 0 0 0 244 87 0 0 1 65 206 214 96 120
4253052646 208 2 0 2213436537 676897469 2337023656 65314241 4040095339 2970465473 4066136759 100 125 2 2 2 0 2 2 0 252 240 0 1 1 1 0 1 1 0 102 189 168 0 0 0 0 0 0 107 193 0 0 1 183 100 200 69 113
3751196232 184 0 1 1915070621 730182323 1038533022 3566220480 2807421524 4151708927 3016321869 212 173 0 1 2 1 2 2 1 159 244 1 0 0 1 0 1 1 0 72 179 158 0 0 0 0 0 0 84 255 0 0 2 190 107 143 170 170
3059489752 170 2 0 4105362914 968181005 583208077 124285156 624293465 3194976761 3132028154 119 183 0 0 1 0 1 2 0 142 240 1 0 0 0 0 0 1 0 168 13 141 0 0 0 0 0 0 89 249 0 0 1 250 119 163 90 222
128044838 253 1 0 8086180 4060249216 232639533 1907733643 223183671 2334404802 2296155951 147 52 0 2 1 1 1 0 1 221 180 0 0 1 0 0 0 0 0 22 128 45 0 0 0 0 0 0 55 194 0 0 2 59 111 255 170 170
873692354 186 1 1 63581732 2898969039 1571746936 3798839011 214984618 4274479599 3071014175 204 35 1 2 1 0 1 1 0 188 240 1 0 1 0 0 0 0 0 18 207 120 0 0 0 0 0 0 170 239 0 0 1 31 204 232 11 95
730402210 199 1 1 3473263003 2069173211 1093741028 1888697634 2209640667 2684621102 2948285519 107 116 0 0 0 1 1 2 2 135 244 1 0 0 0 0 0 1 1 210 219 228 0 0 0 0 0 0 219 46 0 0 1 79 107 251 111 31
1561044541 43 2 0 44969390 771530105 1961393935 2606971501 1653226370 719893301 2526245292 189 250 1 1 2 2 2 2 1 253 244 0 0 0 1 1 1 1 0 173 121 15 0 0 0 0 0 0 130 53 0 0 2 209 203 147 170 170
1867441871 170 1 0 3351099613 173234135 403739082 2678179615 2959609189 41412143 1170382328 241 99 2 0 2 1 1 2 0 173 240 1 1 0 1 0 0 1 0 95 215 202 0 0 0 0 0 0 101 47 0 0 1 248 241 13 112 196
3794519867 58 0 0 966260087 3623253427 82308452 3648749382 3964417373 3655148529 570371949 84 7 0 2 2 2 2 1 0 159 240 0 0 1 1 1 1 0 0 203 179 100 0 0 0 0 0 0 93 241 0 0 1 109 84 192 199 11
1187017194 82 3 1 1437679767 3244539184 53777828 1753857375 872184483 2243475154 1904086324 225 174 0 0 0 1 2 0 0 133 176 1 0 0 0 0 1 0 0 250 48 164 0 0 0 0 0 0 163 210 0 0 1 52 225 57 231 239
3424081583 240 2 0 1261841626 2232712797 576627948 600603047 915704583 1564328778 942999142 42 24 0 0 2 1 2 1 1 205 244 0 0 0 1 0 1 0 0 175 93 236 0 0 0 0 0 0 7 74 0 0 2 218 242 210 170 170
3889741419 95 0 1 308678577 3146352406 3737283243 1061276088 3070499594 109666318 262232231 167 135 1 1 2 1 0 1 2 191 116 1 0 0 1 0 0 0 1 75 22 171 0 0 0 0 0 0 10 14 0 0 1 167 167 19 154 222
2714463748 170 2 1 697407221 1853094787 2483725530 835276201 4023174131 864665058 307244378 213 177 1 1 0 0 0 2 2 180 116 1 0 0 0 0 0 1 1 100 131 218 0 0 0 0 0 0 243 226 0 0 1 90 213 201 122 86
3067115197 78 2 1 350785907 2794331008 2585900375 143642873 1532427004 1207544588 3503339226 68 109 1 2 0 2 1 0 1 181 180 1 0 1 0 1 0 0 0 237 128 87 0 0 0 0 0 0 252 12 0 0 2 174 27 63 170 170
1450701133 182 2 1 899798686 2901401896 2843970942 4258695772 595124686 1019251025 1254806474 44 123 1 2 2 2 2 1 0 191 240 1 0 1 1 1 1 0 0 173 40 126 0 0 0 0 0 0 206 81 0 0 1 202 44 40 163 151
451577775 46 0 0 1708691820 21198668 2576563844 1064181446 260300611 1921670314 2937944438 236 13 2 1 2 1 2 2 2 191 244 0 1 0 1 0 1 1 1 15 76 132 0 0 0 0 0 0 67 170 0 0 1 118 236 144 157 137
872813293 201 2 0 20483421 2885867072 340808648 2335078587 3668530995 1709946074 2548209320 118 249 0 2 2 1 1 1 2 221 244 0 0 1 1 0 0 0 1 109 64 200 0 0 0 0 0 0 51 218 0 0 1 168 118 10 3 191
1366976292 170 2 0 1622827010 1517124532 1062136424 1689591810 676056283 3272852852 68355673 186 240 1 1 0 0 0 0 2 182 52 1 0 0 0 0 0 0 1 164 180 104 0 0 0 0 0 0 219 116 0 0 1 89 186 122 106 170
3057720425 171 2 0 4252239276 3312315286 2351689221 3223600617 3458470676 2515891831 3314739646 185 94 1 2 0 2 2 0 0 245 176 0 0 1 0 1 1 0 0 41 150 5 0 0 0 0 0 0 20 119 0 0 1 190 185 209 47 119
1532515176 214 3 1 3389211106 3028827061 1334840228 3724599741 220432751 1932611728 4017798178 183 139 1 0 1 2 2 0 0 173 176 1 0 0 0 1 1 0 0 184 181 164 0 0 0 0 0 0 111 144 0 0 1 34 183 243 126 50
15559131 107 2 0 1419754099 3797817841 2203744939 351386133 2821160696 4147475920 217235597 197 102 0 0 2 1 2 2 1 205 244 0 0 0 1 0 1 1 0 235 241 171 0 0 0 0 0 0 248 208 0 0 2 113 215 143 170 170
2859215836 104 2 0 1140123570 1865325411 222758865 1755500936 959133240 3891849390 221541139 53 125 0 1 0 0 1 0 2 214 180 0 0 0 0 0 0 0 1 172 99 209 0 0 0 0 0 0 56 174 0 0 1 19 53 153 22 66
1024196118 170 2 1 1791847417 3415199785 3321512760 3908706068 2652967864 1412528702 1983258761 215 225 2 2 2 2 0 2 0 191 112 1 1 1 1 1 0 1 0 102 41 56 0 0 0 0 0 0 184 62 0 0 1 137 215 139 108 136
2414444149 164 3 0 3157036137 2488431204 964509749 1742848153 4177622971 218539929 888363420 185 4 1 1 1 1 0 2 2 189 116 0 0 0 0 0 0 1 1 117 100 53 0 0 0 0 0 0 187 153 0 0 1 156 185 137 141 253
287138225 143 0 1 1036655878 2719206306 4132246574 4100834168 1284149737 1202050593 384249053 199 134 1 0 2 0 0 1 0 174 112 1 0 0 1 0 0 0 0 129 162 46 0 0 0 0 0 0 233 33 0 0 1 221 199 255 133 45
745592341 25 0 0 1264293015 77377906 531141686 3306403108 1396260253 3806663906 3747546510 116 88 0 0 2 2 1 0 2 143 180 0 0 0 1 1 0 0 1 197 114 54 0 0 0 0 0 0 157 226 0 0 1 142 116 84 172 76
3316365178 172 0 0 3400483817 548484903 1038160810 1222317229 3742923286 4133930099 368447018 101 253 1 1 2 1 0 2 0 189 112 0 0 0 1 0 0 1 0 74 39 170 0 0 0 0 0 0 22 115 0 0 1 42 101 201 198 242
1285982624 170 3 0 962105324 67243158 3471989199 4121416538 1053600518 3956153204 1630545630 21 29 2 2 0 0 0 0 0 182 48 1 1 1 0 0 0 0 0 48 150 207 0 0 0 0 0 0 6 116 0 0 1 222 21 249 22 194
1345650076 186 0 1 1160959268 3561061576 198091948 339865224 1141048783 680306029 3170214282 204 75 2 2 2 0 1 1 1 190 244 1 1 1 1 0 0 0 0 12 200 172 0 0 0 0 0 0 207 109 0 0 2 82 157 217 170 170
2521502666 223 1 1 4254204991 1186161753 2654326283 1829989487 527522680 1616485824 697028907 51 52 2 0 0 2 2 2 0 165 240 1 1 0 0 1 1 1 0 218 89 11 0 0 0 0 0 0 120 192 0 0 1 43 51 195 247 167
3007389117 64 3 0 906498071 3179232065 985127901 2486251221 2725250162 1269668620 1913814151 209 194 1 2 2 1 1 0 2 189 180 0 0 1 1 0 0 0 1 253 65 221 0 0 0 0 0 0 114 12 0 0 1 135 209 57 251 51
2496269634 66 0 1 2916727871 1918586072 3573105219 88703562 2417338355 3990244100 4288783880 241 245 0 2 2 2 0 1 0 159 112 1 0 1 1 1 0 0 0 194 216 67 0 0 0 0 0 0 243 4 0 0 1 8 241 181 170 246
97769622 170 0 1 753138113 3684971384 1852213465 78083880 3090478717 880944353 289112647 196 64 2 2 2 2 0 1 0 191 112 1 1 1 1 1 0 0 0 70 120 217 0 0 0 0 0 0 125 225 0 0 1 71 196 196 4 4
3391308314 230 0 0 805162420 890078617 3492665148 2280810524 1238434324 3258553626 1340551237 122 18 2 0 0 0 0 1 2 166 116 0 1 0 0 0 0 0 1 10 153 60 0 0 0 0 0 0 20 26 0 0 1 69 122 34 52 44
4064245830 117 3 0 2604741060 2989751197 2995361751 1925390002 2110153111 3489590232 512626135 21 145 1 1 2 0 1 1 0 190 240 0 0 0 1 0 0 0 0 54 157 215 0 0 0 0 0 0 151 216 0 0 1 215 21 137 26 118
2081973565 32 3 0 1874085256 4293559571 1663972503 934166415 1413913156 2699148334 3602288883 40 5 0 2 2 0 1 1 2 156 244 0 0 1 1 0 0 0 1 61 19 151 0 0 0 0 0 0 68 46 0 0 1 243 40 44 49 61
294060640 164 0 0 915350974 2233961048 109748446 2398522707 1450895479 445176857 3875395352 53 142 0 1 2 2 1 0 2 157 180 0 0 0 1 1 0 0 1 128 88 222 0 0 0 0 0 0 119 25 0 0 1 24 53 13 155 35
3762073788 170 1 1 3803114601 244692463 3194828736 4116159685 274556216 3250660797 2960347121 222 110 1 2 0 2 0 0 2 181 52 1 0 1 0 1 0 0 1 92 239 192 0 0 0 0 0 0 56 189 0 0 1 241 222 54 164 172
4215179865 19 3 0 2566229083 1753279543 546002030 3027774556 2856260708 4045246618 3811873926 43 95 2 2 0 0 1 0 0 182 176 0 1 1 0 0 0 0 0 249 55 110 0 0 0 0 0 0 100 154 0 0 1 134 43 119 214 186
1438079433 243 0 0 4245149498 16998015 2535574150 1688999274 291495050 2978815228 3540599666 132 2 2 1 0 1 0 1 0 183 112 0 1 0 0 0 0 0 0 137 127 134 0 0 0 0 0 0 138 252 0 0 1 114 132 236 238 38
3201090130 243 3 0 1539220506 2051074769 2459001773 3459243204 1995988622 1685288251 1178405557 110 10 2 1 0 1 2 1 1 183 244 0 1 0 0 0 1 0 0 178 209 173 0 0 0 0 0 0 142 59 0 0 2 162 172 180 170 170
44453935 55 3 0 3291011716 2235497123 1792588409 2977735894 892437095 3572497225 3793539649 206 178 1 0 0 1 0 1 2 167 116 0 0 0 0 0 0 0 1 63 163 121 0 0 0 0 0 0 103 73 0 0 1 65 206 246 168 32
49631205 170 1 0 1966217487 2926076061 3412222722 1640358261 325314855 2855612516 1948409206 81 21 2 2 0 1 0 1 1 181 116 1 1 1 0 0 0 0 0 213 157 2 0 0 0 0 0 0 39 100 0 0 2 139 160 228 170 170
1548589153 204 3 1 4080938554 3273287719 619361885 3215377846 2646590525 3734003170 146541910 46 98 1 2 1 2 2 0 2 191 180 1 0 1 0 1 1 0 1 177 39 93 0 0 0 0 0 0 61 226 0 0 1 86 46 22 120 48
1896428468 236 2 1 1016736724 1468299167 218744512 4113598346 985219293 1302551222 3884764116 151 206 1 2 2 0 0 1 0 190 112 1 0 1 1 0 0 0 0 36 159 192 0 0 0 0 0 0 221 182 0 0 1 212 151 111 61 197
902014910 241 3 0 1419232350 3691086434 950903542 1704676519 2918242403 256536640 2934399718 61 254 2 1 2 0 2 1 2 188 244 0 1 0 1 0 1 0 1 190 98 246 0 0 0 0 0 0 99 64 0 0 1 230 61 213 211 155
1101822942 149 3 0 1004381878 3827137981 1546503569 827513282 1549627430 1498996938 2874728097 133 69 0 0 2 1 2 0 2 143 180 0 0 0 1 0 1 0 1 190 189 145 0 0 0 0 0 0 38 202 0 0 1 161 133 137 206 218
3316608491 170 2 1 1328766080 3574893966 3133843643 3459474717 957394932 3511880167 3303133749 244 186 1 2 1 0 1 2 1 188 244 1 0 1 0 0 0 1 0 43 142 187 0 0 0 0 0 0 244 231 0 0 2 136 66 10 170 170
4124765942 253 0 0 4019149275 2125310076 3625058074 4097772549 4093731911 2415043577 3658302266 137 165 2 1 2 0 1 1 1 188 244 0 1 0 1 0 0 0 0 198 124 26 0 0 0 0 0 0 71 249 0 0 2 227 136 12 170 170
2702488822 88 1 0 967462636 217279295 517148273 1825134870 959557659 1094164129 1510823405 33 233 0 0 0 1 1 1 2 199 244 0 0 0 0 0 0 0 1 22 63 113 0 0 0 0 0 0 27 161 0 0 1 237 33 117 94 90
4243731295 16 0 0 1977760766 2718239198 2154912533 4250419675 137500018 2201930341 3227688027 193 186 2 2 1 2 2 1 1 189 244 0 1 1 0 1 1 0 0 143 222 21 0 0 0 0 0 0 114 101 0 0 2 85 15 215 170 170
428495791 156 1 0 742328214 1194908064 3461741534 3340918891 2621558562 2042277171 530499333 119 212 2 1 1 0 0 0 2 252 52 0 1 0 0 0 0 0 1 159 160 222 0 0 0 0 0 0 34 51 0 0 1 5 119 135 91 139
1599958401 170 2 1 1421822668 877708500 1625350274 3673220113 899497414 3999252307 2626577611 183 8 0 1 1 2 1 0 0 157 176 1 0 0 0 1 0 0 0 33 212 130 0 0 0 0 0 0 198 83 0 0 1 203 183 87 95 63
1388951870 23 1 0 3418672564 1919426788 1286631433 2041057641 2926954032 1138300103 3469557786 235 108 2 1 0 0 2 0 1 244 180 0 1 0 0 0 1 0 0 30 228 9 0 0 0 0 0 0 48 199 0 0 2 131 239 223 170 170
1451881278 156 3 1 3282716011 3866118993 3685538390 3904407326 4006980376 2957948451 3451404336 4 239 2 2 1 0 1 1 0 190 240 1 1 1 0 0 0 0 0 254 81 86 0 0 0 0 0 0 24 35 0 0 1 48 4 144 127 35
3353872779 37 2 1 3891130644 1228575527 1467635319 1715057672 966616021 1303674081 850645645 147 134 0 0 0 2 1 0 2 135 180 1 0 0 0 1 0 0 1 43 39 119 0 0 0 0 0 0 213 225 0 0 1 141 147 203 81 249
2501640075 75 1 1 3364846074 881735711 1641976890 2654478224 3645270235 3950188231 1429211898 231 78 2 0 1 2 1 0 2 175 180 1 1 0 0 1 0 0 1 155 31 58 0 0 0 0 0 0 219 199 0 0 1 250 231 191 13 149
1887256377 170 2 1 615687004 571146560 3665530775 699824121 393140156 3556312508 728659329 200 40 2 2 0 1 1 0 0 181 176 1 1 1 0 0 0 0 0 41 64 151 0 0 0 0 0 0 188 188 0 0 1 129 200 232 16 112
396582395 90 1 1 718034719 1105863392 2309770807 3120092994 2323214834 3936718667 2426450956 138 199 0 0 2 2 1 2 0 143 240 1 0 0 1 1 0 1 0 219 224 55 0 0 0 0 0 0 242 75 0 0 1 12 138 246 189 1
2725090800 164 2 1 1445078623 2861479914 3414657869 2627295650 2337787079 2413909080 3212406473 145 148 1 1 0 1 2 0 0 183 176 1 0 0 0 0 1 0 0 224 234 77 0 0 0 0 0 0 199 88 0 0 1 201 145 161 53 101
1101821607 211 0 1 1564078817 4007235928 773127627 1664075749 476892016 3992635632 3128814903 68 75 0 1 1 2 2 0 2 157 180 1 0 0 0 1 1 0 1 71 88 203 0 0 0 0 0 0 112 240 0 0 1 55 68 128 203 127
2394057875 6 0 0 50178513 3357625681 2526742138 3918523094 1741401571 2105557574 1667015418 44 23 2 2 2 0 2 1 1 190 244 0 1 1 1 0 1 0 0 67 81 122 0 0 0 0 0 0 227 70 0 0 2 10 33 205 170 170
1036310230 170 2 1 2806649532 2792836909 3218323795 4235012533 1231246564 3333701937 1708039661 164 216 1 1 1 0 0 0 0 188 48 1 0 0 0 0 0 0 0 38 45 83 0 0 0 0 0 0 228 49 0 0 1 237 164 132 92 252
1222003848 106 3 1 1008232172 910919833 537790604 1878675687 2162781043 1888680721 4217485277 0 131 1 1 0 0 1 0 0 180 176 1 0 0 0 0 0 0 0 56 153 140 0 0 0 0 0 0 115 17 0 0 1 221 0 156 31 243
129974342 195 0 1 3847211991 1524189102 2999939056 2494824131 3539142532 2151936484 446949984 247 185 0 1 2 0 0 0 0 156 48 1 0 0 1 0 0 0 0 198 174 240 0 0 0 0 0 0 132 228 0 0 1 96 247 139 68 0
345532144 248 3 0 2915190356 1682811732 516567222 2028844906 73094508 840494544 1551930259 80 113 2 2 2 2 0 2 2 191 116 0 1 1 1 1 0 1 1 48 84 182 0 0 0 0 0 0 108 208 0 0 1 147 80 68 181 145
2023515942 226 1 1 305007720 3374973096 1076101325 539886528 1887468725 2633168499 891226885 99 109 2 2 2 2 2 1 2 191 244 1 1 1 1 1 1 0 1 22 168 205 0 0 0 0 0 0 181 115 0 0 1 5 99 135 244 96
866406606 170 0 1 625137361 2556039837 4073257653 656985729 1123403858 550269929 2475587555 133 145 0 1 0 1 2 2 0 149 240 1 0 0 0 0 1 1 0 78 157 181 0 0 0 0 0 0 82 233 0 0 1 227 133 249 138 230
2590894668 137 1 0 1480880983 3988048396 2829846721 1941530470 3561785782 1965936876 2886602031 19 224 2 0 1 1 2 1 1 239 244 0 1 0 0 0 1 0 0 220 12 193 0 0 0 0 0 0 182 236 0 0 2 211 179 51 170 170
3070085553 128 3 1 2226040452 801783918 1623834492 348021592 431743697 2388403978 569623626 214 1 0 1 1 1 0 2 1 159 116 1 0 0 0 0 0 1 0 49 110 124 0 0 0 0 0 0 209 10 0 0 2 168 169 221 170 170
3279784488 58 2 1 710346400 3741906556 3525019245 373011724 1336671985 103345501 3964704275 167 97 2 0 0 1 0 2 0 167 112 1 1 0 0 0 0 1 0 40 124 109 0 0 0 0 0 0 241 93 0 0 1 19 167 91 188 216
3944540730 225 3 1 2269199771 3613238955 1514129034 1714280101 3830498582 1491689789 1983593802 35 224 0 0 2 2 2 1 1 141 244 1 0 0 1 1 1 0 0 250 171 138 0 0 0 0 0 0 22 61 0 0 2 227 195 67 170 170
159882080 170 0 1 1825885710 1107959504 4058508032 1132791132 2179700280 424410057 3360705351 66 88 2 1 0 0 2 1 1 182 244 1 1 0 0 0 1 0 0 128 208 0 0 0 0 0 0 0 56 201 0 0 2 114 202 170 170 170
4188692418 48 0 1 2794495169 1417335757 2095376065 1013995367 2836676361 1904481683 1141607644 174 255 2 1 2 0 1 2 0 188 240 1 1 0 1 0 0 1 0 66 205 193 0 0 0 0 0 0 9 147 0 0 1 220 174 122 121 221
2031155624 219 3 0 4199270165 4186130118 2781982893 325556080 2836373052 865432314 978511037 163 149 1 2 2 1 1 0 2 191 180 0 0 1 1 0 0 0 1 120 198 173 0 0 0 0 0 0 60 250 0 0 1 189 163 231 124 72
1713568609 5 0 1 3212356928 1744768917 1147624994 317761064 1028711852 1727401673 1936372432 105 77 1 0 2 0 2 2 0 174 240 1 0 0 1 0 1 1 0 1 149 34 0 0 0 0 0 0 172 201 0 0 1 208 105 13 90 70
3919146408 12 1 1 3322409459 620564484 3128969906 158856759 4254427751 3603056389 2875114797 52 133 1 1 1 0 0 2 0 188 112 1 0 0 0 0 0 1 0 216 4 178 0 0 0 0 0 0 103 5 0 0 1 45 52 56 189 201
2974330373 170 2 1 1031223491 2524739000 2365384965 1948182558 3383689668 1599749995 2488773261 134 38 0 1 0 2 2 0 1 151 180 1 0 0 0 1 1 0 0 229 184 5 0 0 0 0 0 0 196 107 0 0 2 178 216 144 170 170
1483795339 1 3 1 3493502184 1822582235 2856616305 1904751237 3879217249 3595202395 2136866114 221 148 1 2 0 2 0 2 1 181 116 1 0 1 0 1 0 1 0 59 219 113 0 0 0 0 0 0 97 91 0 0 2 69 217 233 170 170
1571783183 208 0 1 3613749766 1045562733 4020027197 3286539506 750916129 1643539508 2967623974 96 86 1 2 0 2 2 2 0 183 240 1 0 1 0 1 1 1 0 143 109 61 0 0 0 0 0 0 33 52 0 0 1 38 96 216 46 150
1684685805 187 2 0 631787562 435295616 767625055 2222292745 3920407882 1312130140 861980558 234 52 2 1 0 0 1 0 2 244 180 0 1 0 0 0 0 0 1 173 128 95 0 0 0 0 0 0 74 92 0 0 1 142 234 122 174 94
896483728 125 2 1 2005443166 15709050 2917548156 1678760614 1149122188 1169916569 4121688725 43 17 2 0 0 0 2 2 1 166 244 1 1 0 0 0 1 1 0 160 122 124 0 0 0 0 0 0 140 153 0 0 2 29 46 162 170 170
860624598 170 0 1 1263785741 798530936 2789460245 3215890982 645782547 2163717817 447041152 8 127 2 1 2 0 2 0 0 190 176 1 1 0 1 0 1 0 0 70 120 21 0 0 0 0 0 0 19 185 0 0 1 128 8 212 83 183
742798506 43 3 0 2809933983 3142755459 439208587 2939683403 2667217448 1386261572 3541112712 25 15 1 1 0 0 2 0 0 180 176 0 0 0 0 0 1 0 0 250 131 139 0 0 0 0 0 0 40 68 0 0 1 136 25 37 52 88
513540072 239 2 1 1412456411 149188743 3841847148 2958949625 2340950658 1374756293 2940695195 173 25 0 1 0 0 0 2 1 148 116 1 0 0 0 0 0 1 0 232 135 108 0 0 0 0 0 0 130 197 0 0 2 47 72 92 170 170
803688335 223 3 1 1087809138 1667267745 2147262749 3391903253 3626892268 1227884648 3104519814 13 108 2 2 2 2 0 2 1 189 116 1 1 1 1 1 0 1 0 191 161 29 0 0 0 0 0 0 236 104 0 0 2 165 17 1 170 170
2952824412 230 1 0 678078589 1498235422 3672876158 856483262 3640815182 1817084743 3661236869 59 221 1 0 1 2 0 2 0 239 112 0 0 0 0 1 0 1 0 92 30 126 0 0 0 0 0 0 78 71 0 0 1 133 59 31 252 168
1410872197 170 2 0 377085840 205623882 2110356575 2217696997 746555020 3684832804 3500703689 155 94 2 1 2 1 2 1 0 189 240 1 1 0 1 0 1 0 0 37 74 95 0 0 0 0 0 0 140 36 0 0 1 201 155 179 17 89
1338252040 38 0 0 2237388165 4156059846 1778499630 479335992 3246526180 1140909498 328653126 26 243 2 0 2 1 2 1 0 175 240 0 1 0 1 0 1 0 0 72 198 46 0 0 0 0 0 0 228 186 0 0 1 70 26 118 105 125
538665529 99 2 0 1450037014 969309919 1435288696 3433843445 1136886399 3225923937 930844984 220 211 1 2 1 1 2 0 0 253 176 0 0 1 0 0 1 0 0 169 223 120 0 0 0 0 0 0 127 97 0 0 1 56 220 184 139 31
4263426582 39 3 1 3529288624 2917869080 4231893456 282139343 4133295823 503086618 874564649 251 22 2 1 2 2 0 2 1 189 116 1 1 0 1 1 0 1 0 54 24 208 0 0 0 0 0 0 207 26 0 0 2 7 29 149 170 170
3812103667 189 3 0 664130183 3331163435 1291122184 1278789439 572937538 530784247 1855466117 2 185 1 1 2 0 1 0 1 188 180 0 0 0 1 0 0 0 0 243 43 8 0 0 0 0 0 0 66 247 0 0 2 196 125 17 170 170
276290946 170 3 1 788763854 1959907753 3394963489 2314739031 1589851017 1496917746 1701252062 65 80 0 1 0 0 1 0 1 148 180 1 0 0 0 0 0 0 0 178 169 33 0 0 0 0 0 0 137 242 0 0 2 225 49 113 170 170
2919353240 234 1 0 182436657 3407270061 2292933573 277956034 3507949861 3127104695 3974078912 178 123 1 0 0 2 2 2 1 231 244 0 0 0 0 1 1 1 0 88 173 197 0 0 0 0 0 0 37 183 0 0 2 152 19 15 170 170
1588980001 21 1 0 2373204671 3193684326 3781065071 2077897752 3666680599 2323662991 2182627920 104 97 0 1 2 1 2 0 0 223 176 0 0 0 1 0 1 0 0 209 102 111 0 0 0 0 0 0 23 143 0 0 1 80 104 28 125 153
1180007720 134 0 0 7323571 2884563611 1248366593 1515879594 4020399441 2226953742 2869574157 42 57 2 2 0 0 1 2 0 182 240 0 1 1 0 0 0 1 0 200 155 1 0 0 0 0 0 0 81 14 0 0 1 13 42 190 247 179
826276843 231 2 0 127580261 608906985 2207981378 2518285716 3810553623 3639906009 3817406356 87 99 0 0 1 0 1 2 0 206 240 0 0 0 0 0 0 1 0 107 233 66 0 0 0 0 0 0 23 217 0 0 1 148 87 115 214 42
891410751 170 3 0 3247830171 2360093249 529791617 2189329322 3938535163 324184096 1390607107 148 110 2 1 1 1 2 0 0 191 176 1 1 0 0 0 1 0 0 255 65 129 0 0 0 0 0 0 251 32 0 0 1 3 148 236 90 98
150864862 162 3 1 275132665 984659572 1411822361 3581827989 641692515 4294316004 3190413952 185 235 1 0 2 0 2 2 2 172 244 1 0 0 1 0 1 1 1 126 116 25 0 0 0 0 0 0 99 228 0 0 1 128 185 117 96 148
2465240575 33 2 0 4238146296 487294006 2608772408 532565180 921669601 4161785619 787335607 198 100 2 0 1 2 1 1 1 239 244 0 1 0 0 1 0 0 0 47 54 56 0 0 0 0 0 0 225 19 0 0 2 206 50 130 170 170
2208770772 89 2 0 3119535552 542581682 757232979 1586136767 323859611 4026102690 301152949 90 90 0 1 1 0 2 1 0 220 240 0 0 0 0 0 1 0 0 36 178 83 0 0 0 0 0 0 155 162 0 0 1 181 90 162 252 212
616347233 172 2 1 3592986016 98766195 868891066 2294189750 3707409068 146656984 2023094026 7 224 1 0 0 1 1 2 0 167 240 1 0 0 0 0 0 1 0 33 115 186 0 0 0 0 0 0 172 216 0 0 1 10 7 135 103 231
2797787867 170 3 1 2769976291 1579152066 1526221410 3420965320 1487366508 1316129117 1302381590 94 190 0 2 2 2 0 2 0 159 112 1 0 1 1 1 0 1 0 251 194 98 0 0 0 0 0 0 108 93 0 0 1 22 94 246 180 124
2349387624 189 0 1 3297340377 4251176251 3503769716 1945012659 1005114639 1139442252 2236407111 65 53 1 1 2 0 2 2 2 188 244 1 0 0 1 0 1 1 1 72 59 116 0 0 0 0 0 0 15 76 0 0 1 71 65 5 58 134
3880799374 4 1 1 3566690208 1338243898 4119418648 695827013 3200293307 967497320 2314607170 173 246 2 0 2 1 1 1 2 173 244 1 1 0 1 0 0 0 1 30 58 24 0 0 0 0 0 0 187 104 0 0 1 66 173 165 155 131
3210389612 154 1 1 1540071077 3949499949 881137717 615728026 3556047082 2038557435 2036920030 152 14 1 0 2 1 2 2 0 175 240 1 0 0 1 0 1 1 0 92 45 53 0 0 0 0 0 0 234 251 0 0 1 222 152 112 126 6
3826624847 184 0 1 1743086832 1223813691 4042567472 2758588667 562430812 144574214 2001345637 165 147 0 1 1 2 2 0 2 157 180 1 0 0 0 1 1 0 1 15 59 48 0 0 0 0 0 0 92 6 0 0 1 101 165 129 20 168
3457841113 170 0 1 494855493 1246656784 3666794003 11203546 1666000020 2179369370 2144225100 38 243 0 1 1 0 0 0 2 158 52 1 0 0 0 0 0 0 1 73 16 19 0 0 0 0 0 0 148 154 0 0 1 76 38 130 117 137
387633381 125 0 1 2323879321 4160887335 3974189990 1331658995 416228339 1189889553 231909103 122 64 0 0 2 0 1 1 1 140 244 1 0 0 1 0 0 0 0 69 39 166 0 0 0 0 0 0 243 17 0 0 2 250 58 58 170 170
2686606064 110 2 1 2965408541 1440772355 1893982710 1115815322 3396867428 1990306981 477196146 25 218 1 0 1 1 0 0 0 175 48 1 0 0 0 0 0 0 0 96 3 246 0 0 0 0 0 0 100 165 0 0 1 114 25 97 59 19
1913435207 89 0 0 908413462 1896427086 2880835671 4270676172 591058729 727976308 3880320334 113 2 2 0 1 2 2 0 0 175 176 0 1 0 0 1 1 0 0 135 78 87 0 0 0 0 0 0 41 116 0 0 1 78 113 217 219 19
2723029137 69 1 0 3290723051 1133614295 2153082905 585057161 2422555904 3183171823 3453550433 164 162 2 2 0 0 0 0 2 244 52 0 1 1 0 0 0 0 1 209 215 25 0 0 0 0 0 0 0 239 0 0 1 97 164 140 46 230
786262468 170 1 0 3041881560 917477793 4074228463 402599614 3441780661 3198046104 406465458 61 57 0 0 1 2 2 0 0 143 176 1 0 0 0 1 1 0 0 20 161 239 0 0 0 0 0 0 181 152 0 0 1 178 61 209 10 198
3277664540 51 1 0 4265740407 4121527244 2743924430 1537968838 3137208988 1445461428 3001987226 146 211 1 0 2 1 0 2 2 239 116 0 0 0 1 0 0 1 1 220 204 206 0 0 0 0 0 0 156 180 0 0 1 154 146 110 65 213
3611487548 236 1 0 4027728475 3534210524 2141131647 4130739395 1444528594 2401926035 3564124142 18 42 1 0 1 0 2 1 1 236 244 0 0 0 0 0 1 0 0 220 220 127 0 0 0 0 0 0 210 147 0 0 2 134 176 56 170 170
1906253339 94 0 0 851139810 696859692 1364432375 3512843432 2729291130 3066997529 1191514947 252 180 2 2 1 1 1 2 0 191 240 0 1 1 0 0 0 1 0 139 44 247 0 0 0 0 0 0 122 25 0 0 1 67 252 140 64 240
591950851 92 0 1 1820546309 3256649595 451575007 1862999180 4148884968 917652398 2319057761 47 89 1 1 0 1 1 1 2 183 244 1 0 0 0 0 0 0 1 67 123 223 0 0 0 0 0 0 232 174 0 0 1 97 47 67 156 216
400610779 170 2 0 4121894081 2682799109 2513393195 1477033745 1701261128 4149525452 3223853571 239 158 1 2 2 0 1 2 0 188 240 1 0 1 1 0 0 1 0 107 5 43 0 0 0 0 0 0 72 204 0 0 1 3 239 7 165 237
3674687393 255 3 0 3720444263 4117377396 274636857 2581309322 4040008513 517469346 708567450 197 25 1 2 1 0 2 0 2 190 180 0 0 1 0 0 1 0 1 241 116 57 0 0 0 0 0 0 65 162 0 0 1 154 197 217 242 46
2979816071 217 2 0 498796128 3839438172 753170724 3086538298 3078585981 1518373320 473942474 106 225 1 2 0 2 2 2 2 247 244 0 0 1 0 1 1 1 1 39 92 36 0 0 0 0 0 0 125 200 0 0 1 202 106 30 255 27
629908256 172 2 1 2614115436 2408398659 2410904162 417283041 2524386443 1267397238 1311784493 38 212 1 1 0 0 1 0 2 180 180 1 0 0 0 0 0 0 1 32 67 98 0 0 0 0 0 0 139 118 0 0 1 45 38 54 10 58
1461243525 183 0 1 1895798638 1065851416 3794455885 1080160096 3279801570 2388317148 3027592224 198 38 2 0 2 2 2 2 2 175 244 1 1 0 1 1 1 1 1 133 24 77 0 0 0 0 0 0 226 220 0 0 1 32 198 126 164 204
2368011819 170 1 1 660087298 2102531500 3148382831 1111485669 1891214595 3018350833 92905265 11 35 2 0 0 0 0 1 2 164 116 1 1 0 0 0 0 0 1 155 172 111 0 0 0 0 0 0 3 241 0 0 1 49 11 39 74 158
3635121415 247 3 1 2187234121 281539429 1192246297 776647713 563689935 2095953941 378169521 56 20 1 1 0 0 2 2 2 180 244 1 0 0 0 0 1 1 1 119 101 25 0 0 0 0 0 0 207 21 0 0 1 177 56 72 92 140
1190433027 156 3 0 2928415554 2110475536 1078649341 1494097476 2543845714 911831009 731540745 222 132 1 2 0 1 2 1 0 183 240 0 0 1 0 0 1 0 0 179 16 253 0 0 0 0 0 0 82 225 0 0 1 9 222 174 50 162
2599799092 33 0 1 1202888190 1984939260 830988910 1460041192 2284907575 2966585436 345929307 141 224 2 1 2 0 0 0 1 190 52 1 1 0 1 0 0 0 0 132 252 110 0 0 0 0 0 0 55 92 0 0 2 77 45 173 170 170
2469886309 94 0 1 147848315 3686956457 3705818072 2853559048 3347468811 3024637100 2995333912 200 17 2 1 1 2 2 1 0 191 240 1 1 0 0 1 1 0 0 197 169 216 0 0 0 0 0 0 11 172 0 0 1 24 200 60 77 169
2214016358 170 3 1 716801923 1613612362 1975762477 3520975510 3697990117 1058243437 788324549 138 37 1 0 0 1 2 0 1 167 180 1 0 0 0 0 1 0 0 246 74 45 0 0 0 0 0 0 229 109 0 0 2 228 9 141 170 170
917973101 180 2 1 1728282484 3868917719 2744192563 476013743 1970087619 413861305 2163207725 145 175 2 0 0 0 2 1 1 164 244 1 1 0 0 0 1 0 0 45 215 51 0 0 0 0 0 0 195 185 0 0 2 31 206 90 170 170
1413918563 96 3 1 1902085290 786017968 1816778671 3968282268 3905431779 3406248246 104387316 229 148 1 2 1 0 2 1 1 190 244 1 0 1 0 0 1 0 0 179 176 175 0 0 0 0 0 0 227 54 0 0 2 77 225 241 170 170
122054346 2 3 0 3252125373 827601728 2155620482 2808216830 2078903952 2676280883 333620742 240 117 2 0 2 1 1 1 2 175 244 0 1 0 1 0 0 0 1 122 64 130 0 0 0 0 0 0 144 51 0 0 1 6 240 180 41 117
2524694820 76 3 0 3137307004 867375564 2663188446 3754533035 2038824 8233591 2105405893 189 154 1 2 2 2 2 2 0 189 240 0 0 1 1 1 1 1 0 52 204 222 0 0 0 0 0 0 40 119 0 0 1 197 189 5 159 119
1834204248 170 1 0 332543999 3781205624 2515774879 3992399886 658579677 598124316 2724732215 163 219 2 2 2 1 2 1 0 191 240 1 1 1 1 0 1 0 0 216 120 159 0 0 0 0 0 0 221 28 0 0 1 55 163 31 250 110
1798020761 0 2 0 2352423927 11281416 3399702398 2164123409 758153150 794828627 3982512076 175 20 1 2 1 1 1 2 1 253 244 0 0 1 0 0 0 1 0 233 8 126 0 0 0 0 0 0 190 83 0 0 2 23 43 59 170 170
1726818115 46 0 1 1890965916 635275520 2764606626 3678483261 3018985546 2135920902 159533444 79 254 1 1 1 1 1 2 0 189 240 1 0 0 0 0 0 1 0 3 0 162 0 0 0 0 0 0 74 6 0 0 1 132 79 231 229 173
4243792709 69 0 0 4091418323 1885471643 1163492477 2761719264 2487037090 2092912699 3126170568 164 57 2 1 1 1 1 2 2 191 244 0 1 0 0 0 0 1 1 197 155 125 0 0 0 0 0 0 162 59 0 0 1 200 164 56 113 45
284029722 220 3 0 1201127478 1871693374 1180637576 4031315538 2451575867 3843808424 1333027036 129 173 0 2 2 0 1 2 1 158 244 0 0 1 1 0 0 1 0 186 62 136 0 0 0 0 0 0 59 168 0 0 2 107 24 60 170 170
1055166442 170 1 0 601717200 2694588513 494060329 2932388540 1230409592 1003286708 818983559 190 151 1 1 1 2 2 1 2 191 244 1 0 0 0 1 1 0 1 26 97 41 0 0 0 0 0 0 120 180 0 0 1 135 190 106 1 5
1933279927 174 1 0 1501820878 3516891881 1000910485 2553877906 2231227039 2238466377 4140210206 143 64 0 2 0 2 0 2 0 215 112 0 0 1 0 1 0 1 0 151 233 149 0 0 0 0 0 0 159 73 0 0 1 30 143 143 207 207
3814535831 77 3 1 1936427610 3396902053 3701195845 2419673531 1089924804 3022960902 333951570 114 236 1 0 0 0 1 2 0 164 240 1 0 0 0 0 0 1 0 183 165 69 0 0 0 0 0 0 196 6 0 0 1 82 114 98 78 30
283737449 200 2 1 910966265 1092094668 2916403567 1844995456 3199376428 3488899826 449229554 0 51 0 2 1 2 2 0 0 159 176 1 0 1 0 1 1 0 0 105 204 111 0 0 0 0 0 0 44 242 0 0 1 242 0 92 143 163
2845287023 22 0 1 1806002045 2093963853 3626085984 3833463365 2173265242 182959845 2942148781 166 167 1 0 2 0 2 2 2 172 244 1 0 0 1 0 1 1 1 79 77 96 0 0 0 0 0 0 90 229 0 0 1 173 166 146 57 253
675120423 170 1 1 2306303287 1504337181 3547992073 2840226894 4124259608 856498357 575127329 43 227 2 1 0 2 0 0 1 183 52 1 1 0 0 1 0 0 0 215 29 9 0 0 0 0 0 0 24 181 0 0 2 97 68 96 170 170
1637374540 37 2 1 2330941227 1723640468 3896165592 1592073129 3802406790 3981638295 1941059156 89 17 1 1 2 0 2 1 0 188 240 1 0 0 1 0 1 0 0 236 148 216 0 0 0 0 0 0 134 151 0 0 1 84 89 205 222 58
2125050339 16 3 0 642946704 1885457140 4016823514 223486161 2473525596 3906481298 2238895550 159 233 1 2 0 1 1 2 0 181 240 0 0 1 0 0 0 1 0 51 244 218 0 0 0 0 0 0 92 146 0 0 1 190 159 243 220 216
970587777 121 1 1 10135524 652443315 2051351897 1526350633 589788257 3135316291 1697830544 41 14 1 0 0 2 1 1 1 165 244 1 0 0 0 1 0 0 0 17 179 89 0 0 0 0 0 0 97 67 0 0 2 165 179 139 170 170
228802186 165 1 1 366679639 2339163248 1848821279 3128753947 2916011262 106082046 3911352285 86 38 0 0 0 1 0 2 2 133 116 1 0 0 0 0 0 1 1 218 112 31 0 0 0 0 0 0 254 254 0 0 1 221 86 14 52 92
194017881 170 2 0 447715688 1752354902 839610593 1914804100 979698560 3110146885 2886133113 204 195 2 0 2 2 0 0 1 175 52 1 1 0 1 1 0 0 0 41 86 225 0 0 0 0 0 0 128 69 0 0 2 194 133 33 170 170
1632187311 91 2 1 965227443 2139288508 3965892656 2345804747 3492226421 2105397326 1089128304 7 101 2 0 2 1 0 2 0 173 112 1 1 0 1 0 0 1 0 239 188 48 0 0 0 0 0 0 117 78 0 0 1 112 7 139 240 124
1364962097 237 0 1 1969485033 1848308460 4291858179 1563554383 3905442281 585378400 3033693910 2 42 1 0 1 1 2 2 2 173 244 1 0 0 0 0 1 1 1 65 236 3 0 0 0 0 0 0 233 96 0 0 1 214 2 138 180 76
4071228225 192 0 0 265780324 133627114 3198131708 2215711749 181606589 2309279363 1075816397 11 103 0 0 2 1 1 2 1 141 244 0 0 0 1 0 0 1 0 1 234 252 0 0 0 0 0 0 189 131 0 0 2 137 240 220 170 170
1315762409 243 3 0 658810731 3738236627 1132521369 2589907068 198241487 3634867657 1800905835 66 149 1 2 0 0 2 1 0 182 240 0 0 1 0 0 1 0 0 249 211 153 0 0 0 0 0 0 207 201 0 0 1 107 66 134 27 231
4080448874 170 1 1 2844278121 217864090 4063342481 1302304667 2463938710 4238222009 3473862196 208 55 1 2 1 1 2 2 2 189 244 1 0 1 0 0 1 1 1 90 154 145 0 0 0 0 0 0 150 185 0 0 1 52 208 252 51 183
1953713604 156 1 0 450353327 1285965974 846392750 2337174635 4374123 301851602 296141481 21 8 0 0 2 1 1 0 2 205 180 0 0 0 1 0 0 0 1 212 150 174 0 0 0 0 0 0 107 210 0 0 1 169 21 181 189 157
1386189510 100 1 0 1260180953 125353015 3498640170 1167717632 3756681109 1629421334 3803836687 181 181 2 2 1 0 1 2 1 254 244 0 1 1 0 0 0 1 0 86 55 42 0 0 0 0 0 0 149 22 0 0 2 47 228 168 170 170
1847010014 166 3 0 1859271036 93970580 1341433834 2540037247 579773153 2106574632 2771815949 133 38 1 1 0 2 1 0 2 181 180 0 0 0 0 1 0 0 1 62 148 234 0 0 0 0 0 0 225 40 0 0 1 13 133 61 99 139
1309798388 137 3 0 2867518350 1541245 606360633 1065326911 1642219315 2154400390 2743089765 117 155 1 0 0 1 1 0 0 165 176 0 0 0 0 0 0 0 0 180 125 57 0 0 0 0 0 0 51 134 0 0 1 101 117 241 140 0
189809841 170 0 1 3629256196 1258669933 880787943 372466740 3121439275 3193103090 3288487835 36 201 0 2 2 2 1 0 2 159 180 1 0 1 1 1 0 0 1 1 109 231 0 0 0 0 0 0 43 242 0 0 1 155 36 248 193 61
719913402 14 2 0 2662724256 3321744969 3321226674 993078205 330402293 610890387 1095884057 146 223 2 2 0 0 2 2 2 244 244 0 1 1 0 0 1 1 1 42 73 178 0 0 0 0 0 0 245 147 0 0 1 25 146 222 189 161
1608494825 224 1 1 3403784789 3163299965 3854358505 321945190 3849065293 2763887404 3185515567 127 154 2 0 0 2 0 0 0 167 48 1 1 0 0 1 0 0 0 89 125 233 0 0 0 0 0 0 77 44 0 0 1 47 127 199 97 57
2884403585 115 0 0 3531888735 2004264574 2903321122 3023113688 3750795910 159839748 2713851361 198 60 2 1 0 1 2 2 0 183 240 0 1 0 0 0 1 1 0 193 126 34 0 0 0 0 0 0 134 4 0 0 1 225 198 246 50 194
3556487047 128 0 0 2099189900 2741242877 3584370174 2553257376 4051884970 4206743209 2841416798 238 247 0 2 0 0 2 2 1 150 244 0 0 1 0 0 1 1 0 7 253 254 0 0 0 0 0 0 170 169 0 0 2 140 131 175 170 170
348449812 170 2 0 544139270 1416251305 1143730150 3626943720 3008387145 3864891852 668669906 176 4 1 1 0 2 0 2 1 183 116 1 0 0 0 1 0 1 0 164 169 230 0 0 0 0 0 0 73 204 0 0 2 248 252 204 170 170
2986855087 49 0 0 1657869525 3346188186 3357064424 1757205160 2709728669 3836546137 3973678689 207 243 2 1 1 1 0 0 0 191 48 0 1 0 0 0 0 0 0 79 154 232 0 0 0 0 0 0 157 89 0 0 1 97 207 43 30 50
1334740 199 2 1 3649026713 1798153889 794768945 3962584817 2597081345 775909969 3416857491 89 59 2 0 2 2 0 2 2 173 116 1 1 0 1 1 0 1 1 100 161 49 0 0 0 0 0 0 1 81 0 0 1 147 89 85 144 132
4282677270 144 0 0 699513620 2746828118 894147596 1666362169 4200064775 322941374 3735867517 134 213 0 0 1 0 2 1 2 140 244 0 0 0 0 0 1 0 1 6 86 12 0 0 0 0 0 0 7 190 0 0 1 125 134 202 159 107
1118512723 176 0 0 3549272877 3354592833 3750082717 4155471489 27759621 80856291 3258404795 175 193 1 2 0 2 2 2 0 181 240 0 0 1 0 1 1 1 0 67 65 157 0 0 0 0 0 0 5 227 0 0 1 187 175 227 164 64
2343276941 170 3 1 1418569721 2133466751 323744346 448478959 2143890777 286212502 1513251688 224 184 0 1 2 1 2 0 2 157 180 1 0 0 1 0 1 0 1 125 127 90 0 0 0 0 0 0 89 150 0 0 1 104 224 64 248 24
51687705 54 0 1 3388888013 4198006303 3107985413 1054241610 679563826 1763554341 173092191 213 231 1 2 0 2 2 2 0 183 240 1 0 1 0 1 1 1 0 73 31 5 0 0 0 0 0 0 50 37 0 0 1 95 213 193 168 108
4003136522 248 3 0 1570110210 1773241475 4001727679 4100502757 2327389006 2456720065 2553558627 196 86 0 2 1 2 0 2 2 157 116 0 0 1 0 1 0 1 1 186 131 191 0 0 0 0 0 0 78 193 0 0 1 99 196 60 146 250
3467954595 142 3 1 1824870734 841069757 1167142524 372127323 2299729976 3888996847 954851617 93 56 1 0 0 0 2 2 1 164 244 1 0 0 0 0 1 1 0 179 189 124 0 0 0 0 0 0 56 239 0 0 2 77 133 229 170 170
1380676721 103 0 1 3258283434 231315287 3206115551 1290827841 592714416 166445390 1124196970 91 157 1 1 0 0 2 0 2 180 180 1 0 0 0 0 1 0 1 129 87 223 0 0 0 0 0 0 176 78 0 0 1 106 91 63 220 136
3442385924 170 1 1 3362230187 3351755778 1537315625 63451459 1841271957 4117118519 3980671893 9 45 2 1 1 2 2 2 0 189 240 1 1 0 0 1 1 1 0 212 2 41 0 0 0 0 0 0 149 55 0 0 1 149 9 45 90 198
1948484444 202 1 0 305747441 169016668 3612750233 2099593992 71838670 4010764829 2727461390 145 206 1 2 1 2 1 1 0 255 240 0 0 1 0 1 0 0 0 92 92 153 0 0 0 0 0 0 206 29 0 0 1 14 145 105 55 191
3602470639 183 3 1 1531603719 2027599863 867473720 3541794459 898920807 227082535 36101596 139 192 0 1 0 0 1 1 0 148 240 1 0 0 0 0 0 0 0 255 247 56 0 0 0 0 0 0 103 39 0 0 1 220 139 139 75 75
3175081208 225 3 0 510008218 3104730379 4082503405 880270500 2711460971 487894464 4285255625 95 243 0 1 2 2 0 0 1 159 52 0 0 0 1 1 0 0 0 184 11 237 0 0 0 0 0 0 107 192 0 0 2 181 168 4 170 170
1361340821 16 0 1 3216998358 252191916 359204529 4177495226 1600989671 2356812627 1084275900 218 90 2 1 0 1 2 0 1 183 180 1 1 0 0 0 1 0 0 133 172 177 0 0 0 0 0 0 231 83 0 0 2 174 8 80 170 170
1940564326 170 3 1 1040247616 481494523 1360212040 3839381818 2671921131 3617184228 1482804792 13 65 2 0 0 2 0 2 2 167 116 1 1 0 0 1 0 1 1 54 251 72 0 0 0 0 0 0 235 228 0 0 1 56 13 65 130 30
785154877 74 0 1 3890601685 1206578259 3925401587 414000957 1116118865 222732611 355180708 127 219 0 0 2 1 0 1 2 141 116 1 0 0 1 0 0 0 1 77 83 243 0 0 0 0 0 0 81 67 0 0 1 164 127 251 214 74
3794118485 166 0 0 3035399729 2990197452 2735737287 4130860061 812587144 3530568606 130893437 228 128 2 1 0 2 2 0 0 181 176 0 1 0 0 1 1 0 0 69 204 199 0 0 0 0 0 0 136 158 0 0 1 125 228 228 100 100
2114544298 87 0 1 2545776982 2297168784 2724408663 3339914041 4276306104 1313027722 1666718056 16 234 0 0 0 2 2 1 2 133 244 1 0 0 0 1 1 0 1 138 144 87 0 0 0 0 0 0 184 138 0 0 1 104 16 152 130 26
3738765569 143 1 1 2456781367 2502562702 2229488907 3937488561 382643123 612157991 1507705424 74 130 0 0 1 1 2 2 2 141 244 1 0 0 0 0 1 1 1 209 142 11 0 0 0 0 0 0 179 39 0 0 1 80 74 178 52 108
3236667126 170 3 0 3738976814 3540131802 70738710 3591565097 870569328 2054377162 2078897372 169 144 2 1 2 2 1 0 0 189 176 1 1 0 1 1 0 0 0 182 218 22 0 0 0 0 0 0 112 202 0 0 1 220 169 233 121 57
2919440553 255 3 1 1282627569 2275987807 1535573210 2115809602 2729290933 3954173500 1804717904 51 248 1 2 2 0 0 0 2 190 52 1 0 1 1 0 0 0 1 121 95 218 0 0 0 0 0 0 181 60 0 0 1 80 51 147 139 171
4071820425 179 3 0 1381825368 3401889468 2386534701 1514656281 2428397585 4005706964 1947085039 76 127 2 0 2 1 2 2 1 173 244 0 1 0 1 0 1 1 0 57 188 45 0 0 0 0 0 0 17 212 0 0 2 122 249 197 170 170
4061249239 223 2 0 1867315071 3881496445 2504197618 8063412 3960390441 963825598 2618307611 77 26 0 0 0 0 0 2 0 198 112 0 0 0 0 0 0 1 0 231 125 242 0 0 0 0 0 0 41 190 0 0 1 27 77 149 175 135
471158439 61 3 0 2289424228 2596403393 429625310 1937844240 114274006 4245739014 3574770829 186 99 0 0 0 2 2 0 2 135 180 0 0 0 0 1 1 0 1 55 193 222 0 0 0 0 0 0 214 6 0 0 1 141 186 214 57 141
498275036 170 2 1 3592896894 2654986763 3325016931 1569059054 2920592712 4086550396 1515391382 14 7 2 2 1 2 0 2 1 191 116 1 1 1 0 1 0 1 0 172 11 99 0 0 0 0 0 0 72 124 0 0 2 204 211 63 170 170
113754968 10 0 0 939892342 1821796108 2871646205 4044929359 3645018125 888786414 3900132939 184 133 1 0 0 2 0 1 0 165 112 0 0 0 0 1 0 0 0 136 12 253 0 0 0 0 0 0 13 238 0 0 1 75 184 188 65 77
1094967755 74 2 0 1175174407 527581302 2309204019 4059905252 1811743489 4198308203 3241241684 122 234 2 2 1 2 2 0 0 255 176 0 1 1 0 1 1 0 0 235 118 51 0 0 0 0 0 0 1 107 0 0 1 84 122 2 236 132
3555888349 209 1 1 268262414 3151586465 965864163 1863980891 4174344693 1194380660 1080440263 233 114 0 2 0 2 2 2 0 149 240 1 0 1 0 1 1 1 0 157 161 227 0 0 0 0 0 0 245 116 0 0 1 199 233 17 131 251
4030536539 159 0 0 1847528248 3341591898 1419597844 1638781171 1252199904 3820356388 292314669 135 94 2 2 0 2 0 0 1 181 52 0 1 1 0 1 0 0 0 11 90 20 0 0 0 0 0 0 224 36 0 0 2 163 1 25 170 170
1422836681 170 2 1 1336967775 389540903 4099139584 4227750168 3846341351 1005141319 323984344 117 137 2 1 0 0 0 1 0 182 112 1 1 0 0 0 0 0 0 233 39 0 0 0 0 0 0 0 231 71 0 0 1 216 117 73 210 78
2618413941 158 3 0 1412741334 389567956 141028726 3000019498 967740562 1953713119 1104445035 26 25 2 1 1 0 1 0 1 190 180 0 1 0 0 0 0 0 0 181 212 118 0 0 0 0 0 0 146 223 0 0 2 156 181 201 170 170
2939394154 118 3 1 2381172863 3435608750 1926170909 35796494 488666784 2477157857 1328163637 29 98 1 1 2 2 0 1 2 191 116 1 0 0 1 1 0 0 1 250 174 29 0 0 0 0 0 0 160 225 0 0 1 53 29 5 103 31
446328170 198 3 0 3474366507 3047177905 355702750 4191784175 1803546831 1829544019 1571788726 149 246 1 0 0 1 0 0 1 165 52 0 0 0 0 0 0 0 0 250 177 222 0 0 0 0 0 0 207 83 0 0 2 97 87 79 170 170
2689269499 46 1 0 2002199794 1022624534 3585628080 2851788257 238783126 3295960846 4063080272 236 109 2 0 1 0 2 1 0 236 240 0 1 0 0 0 1 0 0 155 22 176 0 0 0 0 0 0 150 14 0 0 1 80 236 16 125 233
3354983423 170 0 1 3555534134 4173709969 812136729 2762746893 2013047085 2983457399 864513771 238 58 2 2 0 1 2 0 1 181 180 1 1 1 0 0 1 0 0 143 145 25 0 0 0 0 0 0 45 119 0 0 2 130 188 132 170 170
928705420 185 1 0 485879573 959043296 2084326393 2809680107 443573945 1712871046 589962316 248 40 1 1 1 2 2 1 0 253 240 0 0 0 0 1 1 0 0 92 224 249 0 0 0 0 0 0 185 134 0 0 1 76 248 24 64 160
682120148 19 0 0 1752417159 1138304172 2198803777 1787021907 1069746403 2330153833 1532647891 48 35 1 2 0 2 2 1 1 181 244 0 0 1 0 1 1 0 0 196 172 65 0 0 0 0 0 0 227 105 0 0 2 230 9 37 170 170
789086051 139 0 0 1022132769 906524562 1700352787 3154622449 2020476877 4240350576 3975643153 57 17 0 2 0 0 1 2 0 148 240 0 0 1 0 0 0 1 0 67 146 19 0 0 0 0 0 0 205 112 0 0 1 17 57 173 190 26
2042561449 86 1 0 3074468936 2751402421 103453098 4075266565 904729385 2503640605 4287882757 227 15 2 0 2 1 2 1 0 237 240 0 1 0 1 0 1 0 0 25 181 170 0 0 0 0 0 0 41 29 0 0 1 5 227 239 254 34
293118084 170 0 1 378879056 2214098074 1193868156 3697779884 4208882349 529345346 3887086663 149 78 0 2 0 1 1 0 0 151 176 1 0 1 0 0 0 0 0 4 154 124 0 0 0 0 0 0 173 66 0 0 1 71 149 109 187 67
257620010 48 2 0 1071464242 2425169963 256468847 2712033135 2772263785 1622838974 1518049033 186 194 1 0 1 2 2 2 1 237 244 0 0 0 0 1 1 1 0 170 43 111 0 0 0 0 0 0 105 190 0 0 2 222 160 8 170 170
3551233262 190 1 1 4182885484 2564938052 1510199312 2994139644 1761905777 3895142364 3704593881 159 148 1 1 0 2 0 0 2 183 52 1 0 0 0 1 0 0 1 30 68 16 0 0 0 0 0 0 113 220 0 0 1 217 159 175 67 115
1414767395 92 1 0 2885088724 346435050 695593585 3895127450 1022189760 514561023 4035050791 84 83 2 2 0 1 1 2 0 247 240 0 1 1 0 0 0 1 0 19 234 113 0 0 0 0 0 0 192 255 0 0 1 39 84 48 131 23
60989019 162 0 0 3153321129 2982677507 3241899269 882513244 565173320 2766756254 3258611220 79 151 2 2 1 2 1 2 2 191 244 0 1 1 0 1 0 1 1 75 3 5 0 0 0 0 0 0 72 158 0 0 1 20 79 251 146 150
1020039097 170 0 0 219684465 2711462190 25355400 2132820259 3482310893 2955671065 1995355956 80 62 1 1 0 2 2 0 0 181 176 1 0 0 0 1 1 0 0 73 46 136 0 0 0 0 0 0 237 25 0 0 1 52 80 232 38 238
2870145665 240 3 0 291637503 3206231407 4026412898 2129183928 1870704380 1977174507 221950130 204 76 1 2 0 2 1 0 0 183 176 0 0 1 0 1 0 0 0 241 111 98 0 0 0 0 0 0 252 235 0 0 1 178 204 60 136 216
4059869573 19 1 0 2567836942 2396128564 2845618631 2521402661 833360939 2493943159 4222884261 95 137 2 1 0 2 2 2 2 245 244 0 1 0 0 1 1 1 1 149 52 199 0 0 0 0 0 0 43 119 0 0 1 165 95 51 188 56
443284346 248 2 1 3882641399 986553170 2591787203 3528752991 713123684 2246301980 1478698968 127 179 1 2 1 2 2 1 0 189 240 1 0 1 0 1 1 0 0 234 82 195 0 0 0 0 0 0 100 28 0 0 1 216 127 219 142 162
1554228790 30 1 0 2657443550 892698133 1126891352 191579197 794502574 3258294057 2827681470 71 101 1 1 1 1 0 2 0 253 112 0 0 0 0 0 0 1 0 150 21 88 0 0 0 0 0 0 174 41 0 0 1 190 71 203 48 188
246286504 170 1 1 2733333442 268058841 325368784 1120792526 4269582750 699135669 3478705423 186 46 1 0 2 2 2 1 0 175 240 1 0 0 1 1 1 0 0 152 217 208 0 0 0 0 0 0 158 181 0 0 1 15 186 18 64 72
2910300846 10 2 1 2314326645 2017290577 40972772 2704563402 2670391979 200916098 1024087121 126 9 0 0 1 1 0 2 0 143 112 1 0 0 0 0 0 1 0 110 81 228 0 0 0 0 0 0 171 130 0 0 1 81 126 82 91 215
4289875276 21 3 1 3282532932 3008778460 4031608317 2547659296 2816646434 3041784823 1630084567 52 82 0 0 0 1 1 0 1 135 180 1 0 0 0 0 0 0 0 60 220 253 0 0 0 0 0 0 34 247 0 0 2 120 202 114 170 170
2227978045 14 0 1 3405434531 3407490556 2302855070 800325128 1490608309 550186405 2314010705 63 48 1 0 2 0 2 1 1 174 244 1 0 0 1 0 1 0 0 205 252 158 0 0 0 0 0 0 181 165 0 0 2 159 207 143 170 170
1221373059 163 1 0 874651554 1967624767 2699265964 1927210105 936572035 78376279 697277224 71 66 1 2 1 2 2 2 0 253 240 0 0 1 0 1 1 1 0 147 63 172 0 0 0 0 0 0 131 87 0 0 1 40 71 175 241 41
3530350258 170 1 0 3274263725 1832859027 422991982 2622763692 3916942603 814143704 4239289891 103 165 1 1 2 0 2 1 0 190 240 1 0 0 1 0 1 0 0 82 147 110 0 0 0 0 0 0 11 216 0 0 1 35 103 235 144 28
3708865936 21 3 0 1697974707 2863371469 3864499380 2605212713 4124713767 2527629733 3998119922 121 58 0 0 2 1 2 0 1 141 180 0 0 0 1 0 1 0 0 240 205 180 0 0 0 0 0 0 39 165 0 0 2 13 71 15 170 170
3189919514 208 3 1 1025557076 1861319683 2134439355 3190356233 3757478281 352251523 599790729 6 222 1 2 1 0 0 0 1 188 52 1 0 1 0 0 0 0 0 58 3 187 0 0 0 0 0 0 137 131 0 0 2 34 0 24 170 170
1748353208 66 3 1 2933508802 4211105744 578912990 4059242588 2159104197 810818442 3833571948 138 183 2 2 1 0 0 1 1 190 116 1 1 1 0 0 0 0 0 184 208 222 0 0 0 0 0 0 197 138 0 0 2 168 95 139 170 170
3210171212 151 1 0 1433385293 2642831272 192879855 1350495358 1966247339 1688397206 1294739716 30 62 2 1 1 2 0 1 1 255 116 0 1 0 0 1 0 0 0 92 168 239 0 0 0 0 0 0 171 150 0 0 2 250 56 208 170 170
3065319588 170 2 0 58391803 324583127 2609910400 3141566815 3048410578 3708870941 1009532024 129 17 0 1 0 2 2 0 0 149 176 1 0 0 0 1 1 0 0 228 215 128 0 0 0 0 0 0 210 29 0 0 1 120 129 245 6 98
3845481692 250 1 0 806991660 2806354925 1398594342 2329972421 1258171694 4216035355 2030289264 238 51 0 2 1 1 0 0 1 221 52 0 0 1 0 0 0 0 0 28 237 38 0 0 0 0 0 0 46 27 0 0 2 196 247 83 170 170
2915931913 0 0 1 2007468016 1353209254 3811017282 1391114506 1198468811 2567807898 4018565465 248 137 1 2 0 1 2 0 1 183 180 1 0 1 0 0 1 0 0 9 166 66 0 0 0 0 0 0 203 154 0 0 2 90 227 183 170 170
118757655 253 2 0 2700729928 2446490278 3603543752 3527742153 2946805356 35510726 1889983158 207 187 2 1 0 1 0 0 0 245 48 0 1 0 0 0 0 0 0 39 166 200 0 0 0 0 0 0 108 198 0 0 1 182 207 203 134 122
2859172214 223 0 1 101475840 3566002155 2343558869 513374089 1562661651 2994853150 4185916240 131 62 2 1 1 0 0 2 0 188 112 1 1 0 0 0 0 1 0 6 235 213 0 0 0 0 0 0 19 30 0 0 1 80 131 27 89 33
1429292104 170 0 0 679332930 1605154803 4183109744 2774901536 3073651346 4225515194 2959947473 147 146 1 2 1 2 1 1 0 191 240 1 0 1 0 1 0 0 0 136 243 112 0 0 0 0 0 0 146 186 0 0 1 209 147 59 205 197
398385464 115 1 1 3440217260 779700518 2730482595 1587445604 3498149160 1207960524 2090109828 203 192 2 0 2 2 2 1 0 175 240 1 1 0 1 1 1 0 0 24 38 163 0 0 0 0 0 0 40 204 0 0 1 132 203 203 139 139
4027741774 182 1 0 2846760958 2841008647 3937246810 3404051612 1496578116 2164084799 1594741770 120 63 2 0 1 1 1 2 0 239 240 0 1 0 0 0 0 1 0 158 7 90 0 0 0 0 0 0 68 63 0 0 1 10 120 68 131 231
3328247220 33 2 0 167119857 1932242927 2623579231 2977295437 2993804070 4229668912 2087587264 13 6 1 1 1 0 0 0 1 252 52 0 0 0 0 0 0 0 0 100 239 95 0 0 0 0 0 0 38 48 0 0 2 249 255 55 170 170
4006135413 196 2 0 1710769627 408121635 3267761864 2981170501 3095825586 2057192758 2023326559 67 48 2 0 0 2 0 1 2 229 116 0 1 0 0 1 0 0 1 229 35 200 0 0 0 0 0 0 178 54 0 0 1 95 67 3 51 115
2567958355 170 3 0 3025659228 1593835475 3002526681 2996676807 2569670201 1711062406 1192685631 159 198 1 0 0 1 1 2 1 165 244 1 0 0 0 0 0 1 0 51 211 217 0 0 0 0 0 0 57 134 0 0 2 11 209 9 170 170
269303353 0 2 0 3008261405 3943771760 2145996537 536356000 2979922910 2046016570 1992243617 19 228 0 2 1 0 0 0 2 222 52 0 0 1 0 0 0 0 1 105 112 249 0 0 0 0 0 0 222 58 0 0 1 161 19 99 71 55
2276121064 121 3 1 1373196093 856592019 352296569 3516855206 3094027331 1822492978 4134993262 181 43 0 0 0 0 0 0 0 134 48 1 0 0 0 0 0 0 0 120 147 121 0 0 0 0 0 0 67 50 0 0 1 110 181 113 156 208
2903489053 110 2 1 862881930 1899093991 3403578987 3998782912 3473849255 3734184480 3310189844 202 178 0 1 0 1 1 2 1 151 244 1 0 0 0 0 0 1 0 173 231 107 0 0 0 0 0 0 167 32 0 0 2 206 128 168 170 170
2422646615 209 2 0 3206055083 515758139 47054078 1706357273 1439205101 2034581093 376982243 94 83 2 2 1 1 0 2 2 253 116 0 1 1 0 0 0 1 1 231 59 254 0 0 0 0 0 0 237 101 0 0 1 227 94 58 141 33
2184010052 170 1 0 2893506412 2690720372 887249842 3901407668 1375814886 2858584187 4200313413 20 151 0 1 1 2 0 1 1 159 116 1 0 0 0 1 0 0 0 20 116 178 0 0 0 0 0 0 230 123 0 0 2 242 137 53 170 170
2158844474 14 0 0 675119059 3709190913 652918488 1721374129 2884137165 3349245981 823979431 218 181 1 2 2 0 1 1 0 188 240 0 0 1 1 0 0 0 0 202 1 216 0 0 0 0 0 0 205 29 0 0 1 167 218 158 83 159
2829727397 244 1 0 4065170317 837687206 3110597412 3791894287 3589838994 1101355473 689892515 70 175 2 0 1 0 1 1 2 236 244 0 1 0 0 0 0 0 1 85 166 36 0 0 0 0 0 0 146 209 0 0 1 163 70 210 129 37
2289837572 169 0 0 414951527 1563604656 1071114032 1078785051 3393440843 1263977403 268515232 64 169 0 1 0 0 2 0 0 148 176 0 0 0 0 0 1 0 0 196 176 48 0 0 0 0 0 0 75 187 0 0 1 160 64 148 61 57
4201641340 230 3 1 4169415309 2767903945 2130923602 1007806664 361792686 1364392670 3442865079 112 233 1 1 1 0 1 0 2 190 180 1 0 0 0 0 0 0 1 124 201 82 0 0 0 0 0 0 174 222 0 0 1 183 112 196 173 169
760406345 170 2 0 247479640 2411347396 3352389126 29827634 2135989927 781031179 4092156313 25 198 2 2 0 0 2 1 0 182 240 1 1 1 0 0 1 0 0 41 196 6 0 0 0 0 0 0 167 11 0 0 1 153 25 81 23 191
3938167674 40 3 0 2699693143 3374056099 2528341092 2989612824 390735752 33027134 1859928859 50 0 1 2 0 2 0 2 2 183 116 0 0 1 0 1 0 1 1 250 163 100 0 0 0 0 0 0 136 62 0 0 1 27 50 50 50 50
4257065776 146 2 0 3291744479 1365088239 1150638900 705075552 795104665 4072013644 2066863779 211 167 0 2 2 1 0 1 1 223 116 0 0 1 1 0 0 0 0 224 239 52 0 0 0 0 0 0 153 76 0 0 2 209 120 100 170 170
3019647188 217 0 1 2011191645 2119075649 2170707137 742494169 3021615887 449625911 3836565994 118 117 0 2 0 1 0 1 2 149 116 1 0 1 0 0 0 0 1 68 65 193 0 0 0 0 0 0 15 55 0 0 1 234 118 58 175 251
1040034285 128 0 0 1985860427 770901521 2515656324 3952792291 1753684460 3929513311 3543854496 68 97 2 2 2 2 2 1 0 189 240 0 1 1 1 1 1 0 0 205 17 132 0 0 0 0 0 0 236 95 0 0 1 160 68 248 89 117
4070349996 170 0 0 4292501934 1940720797 137598349 2539003368 4113101082 4286543131 3240323047 5 95 0 2 2 0 2 2 2 158 244 1 0 1 1 0 1 1 1 140 157 141 0 0 0 0 0 0 26 27 0 0 1 231 5 81 176 148
1431796641 132 0 0 798057850 2436958276 3954749810 2282349533 1677285651 659332303 2943686960 172 149 0 2 0 2 0 0 0 149 48 0 0 1 0 1 0 0 0 129 68 114 0 0 0 0 0 0 19 207 0 0 1 48 172 240 133 81
896677837 19 2 0 182784419 1428836683 917670384 917672125 2683296593 2763167232 2598542523 40 219 1 2 0 0 2 0 1 244 180 0 0 1 0 0 1 0 0 237 75 240 0 0 0 0 0 0 81 0 0 0 2 206 169 37 170 170
3677333186 55 2 1 244621279 2172409544 2404877657 1546615680 46027443 2877792366 3930191748 239 130 0 0 2 0 1 1 2 142 244 1 0 0 1 0 0 0 1 226 200 89 0 0 0 0 0 0 179 110 0 0 1 132 239 87 217 17
3578751117 66 1 0 1272053675 3657314423 2707900653 1901168555 782814170 3388524796 2238514075 162 106 0 2 2 2 0 1 2 221 116 0 0 1 1 1 0 0 1 221 119 237 0 0 0 0 0 0 218 252 0 0 1 155 162 42 148 44
3678739669 170 0 1 3878281688 3210672618 395243529 3438793283 3499455592 895030579 4065579415 148 19 2 0 1 2 0 2 2 173 116 1 1 0 0 1 0 1 1 5 234 9 0 0 0 0 0 0 104 51 0 0 1 151 148 112 131 23
3252910953 111 2 0 2786107817 2950381707 3673773746 568071175 3916333024 3615921749 403635369 61 229 2 0 1 0 0 1 1 236 116 0 1 0 0 0 0 0 0 105 139 178 0 0 0 0 0 0 224 85 0 0 2 23 252 128 170 170
4110945524 119 2 1 3543578817 253130899 256193888 4947112 1806250804 1896771551 1410607971 224 132 2 1 1 0 2 2 0 190 240 1 1 0 0 0 1 1 0 100 147 96 0 0 0 0 0 0 52 223 0 0 1 99 224 176 52 164
225678126 224 2 1 1424842935 3545079272 4113218611 2477361133 428305597 2997560175 4203904279 177 120 1 2 2 1 2 2 0 189 240 1 0 1 1 0 1 1 0 238 232 51 0 0 0 0 0 0 189 111 0 0 1 23 177 17 137 169
3088100881 127 3 0 3679604783 3968079439 3471023798 3469655747 1866974287 1527099111 982633847 136 18 0 2 0 1 2 2 2 149 244 0 0 1 0 0 1 1 1 241 79 182 0 0 0 0 0 0 79 231 0 0 1 119 136 48 66 58
404578814 170 1 1 2705144993 1779798067 136761694 2797452457 1740986321 1535235037 1165079213 212 45 1 1 1 2 2 1 1 189 244 1 0 0 0 1 1 0 0 94 51 94 0 0 0 0 0 0 209 221 0 0 2 190 235 15 170 170
2617473030 212 1 1 131017498 3571023022 670783040 4252392744 1848050693 2377574922 3261496935 238 151 0 1 0 1 1 0 1 151 180 1 0 0 0 0 0 0 0 150 174 64 0 0 0 0 0 0 5 10 0 0 2 204 99 15 170 170
4189606931 156 2 0 2771050859 1695629268 1452826143 3796042668 4018381219 807439917 157410905 114 207 2 2 1 2 0 0 1 255 52 0 1 1 0 1 0 0 0 227 212 31 0 0 0 0 0 0 163 45 0 0 2 64 15 27 170 170
3465631758 28 0 1 1763858466 1301851113 3734444640 159626633 2476552451 95486062 901598689 189 131 1 1 1 0 0 2 2 188 116 1 0 0 0 0 0 1 1 142 233 96 0 0 0 0 0 0 3 110 0 0 1 225 189 89 220 176
81016562 142 2 1 2664715817 2449873197 3957595721 4115576971 1922425199 1228207386 631288158 34 243 1 0 0 1 2 2 1 165 244 1 0 0 0 0 1 1 0 98 45 73 0 0 0 0 0 0 111 26 0 0 2 120 107 199 170 170
1233653371 170 0 1 548889682 622051899 1181037822 3220398923 2278928244 4149168855 2385133337 15 157 0 0 1 0 0 1 1 140 116 1 0 0 0 0 0 0 0 139 59 254 0 0 0 0 0 0 116 215 0 0 2 217 118 90 170 170
2527840206 128 2 0 366618346 3981875831 665308464 1087926893 2782618420 3421757135 1194043656 30 252 2 1 1 0 2 2 2 252 244 0 1 0 0 0 1 1 1 174 119 48 0 0 0 0 0 0 52 207 0 0 1 8 30 78 74 218
2239301639 7 3 0 2344585070 3303179180 2061256875 2693210014 1602933659 2340986236 777378526 165 94 2 1 1 2 0 2 1 191 116 0 1 0 0 1 0 1 0 183 172 171 0 0 0 0 0 0 155 124 0 0 2 193 31 55 170 170
1190842900 45 3 0 2232915864 2243200098 1693772401 306600511 3794474117 1780809850 2063348187 20 98 0 2 0 2 1 1 1 149 244 0 0 1 0 1 0 0 0 52 98 113 0 0 0 0 0 0 133 122 0 0 2 120 218 194 170 170
647311090 235 0 1 455376348 761913382 2463891074 3934685903 2967079783 234922702 732533315 185 98 2 0 0 2 0 1 2 165 116 1 1 0 0 1 0 0 1 2 38 130 0 0 0 0 0 0 103 206 0 0 1 67 185 161 3 187
2740570254 170 2 0 656245332 1066758765 715573283 174112494 1893457163 3873819208 3608816001 61 128 0 0 0 1 2 0 0 135 176 1 0 0 0 0 1 0 0 46 109 35 0 0 0 0 0 0 11 72 0 0 1 129 61 61 189 189
3275934423 213 0 1 1570756342 3513744018 1545158437 3097886667 2756893453 1308568955 3849232240 201 154 1 2 1 2 0 2 1 189 116 1 0 1 0 1 0 1 0 135 146 37 0 0 0 0 0 0 13 123 0 0 2 29 183 255 170 170
823675293 56 0 0 2687508600 4096596136 1111081174 3027492936 1584110413 2593217032 2868549186 46 175 2 1 2 0 0 0 2 190 52 0 1 0 1 0 0 0 1 13 168 214 0 0 0 0 0 0 77 8 0 0 1 66 46 186 105 13
1736175552 110 2 1 1501584476 1891748992 74729280 314568146 2403887467 3348082962 3703252090 98 36 1 2 0 0 2 0 0 182 176 1 0 1 0 0 1 0 0 32 128 64 0 0 0 0 0 0 107 18 0 0 1 122 98 178 214 198
55589517 134 0 1 868706776 1326357827 217003489 1007077305 1230308609 3440000033 3864045438 127 23 0 1 2 0 1 1 0 156 240 1 0 0 1 0 0 0 0 13 67 225 0 0 0 0 0 0 1 33 0 0 1 126 127 43 66 70
3172823286 170 1 0 714991422 1959674556 3195263685 2468891631 3169125911 308819733 3132120192 87 122 2 1 2 2 2 2 0 189 240 1 1 0 1 1 1 1 0 150 188 197 0 0 0 0 0 0 23 21 0 0 1 128 87 31 153 241
3716505366 184 1 1 3975475807 1558997430 3124131008 492949139 4135960268 1735703268 3161196775 164 98 1 2 2 0 1 1 2 188 244 1 0 1 1 0 0 0 1 214 182 192 0 0 0 0 0 0 204 228 0 0 1 231 164 140 238 166
839336260 177 3 0 1406309914 3169215054 1668529028 680108808 3944307749 1790843294 951361056 124 181 0 0 1 0 0 2 2 142 116 0 0 0 0 0 0 1 1 180 78 132 0 0 0 0 0 0 37 158 0 0 1 32 124 64 245 65
1787891797 163 2 1 2604144840 2895400741 3996845101 2050088771 3201581441 2696641400 1566789502 191 128 2 1 0 1 2 2 0 181 240 1 1 0 0 0 1 1 0 37 37 45 0 0 0 0 0 0 129 120 0 0 1 126 191 191 63 63
1105034502 22 0 0 4170750608 2768060584 3251205932 3156246839 1282657928 3361866962 2921591213 39 121 2 1 2 1 0 2 2 189 116 0 1 0 1 0 0 1 1 6 168 44 0 0 0 0 0 0 136 210 0 0 1 173 39 187 52 240
798146409 170 3 1 2494465862 364235456 2936251812 3541434950 2297771478 976051242 2793813678 248 205 2 0 1 2 0 1 0 175 112 1 1 0 0 1 0 0 0 185 192 164 0 0 0 0 0 0 214 42 0 0 1 174 248 156 105 85
2672128634 115 2 1 960034711 50190827 2245221337 878653580 2007090331 1750947570 3019482364 174 50 0 1 0 0 1 1 0 150 240 1 0 0 0 0 0 0 0 234 235 217 0 0 0 0 0 0 155 242 0 0 1 252 174 214 8 128
2884464914 192 1 0 1404206254 1175056345 5132770 2718708603 3662166648 1123904842 1725395826 242 27 1 2 2 2 1 1 2 253 244 0 0 1 1 1 0 0 1 146 217 226 0 0 0 0 0 0 120 74 0 0 1 114 242 110 137 253
1704145950 236 3 0 1160445862 3618907065 733306717 1789951236 224617906 316922329 2152498159 62 102 2 0 0 1 1 2 1 167 244 0 1 0 0 0 0 1 0 190 185 93 0 0 0 0 0 0 178 217 0 0 2 234 80 8 170 170
3615689877 241 2 0 3409954751 491056449 1946611051 3615738496 2155958664 786147915 815526851 61 78 0 0 2 2 1 2 2 207 244 0 0 0 1 1 0 1 1 229 65 107 0 0 0 0 0 0 136 75 0 0 1 195 61 21 99 235
988540084 170 3 0 2623793959 503265663 1015567788 1493988743 1971256117 2111079214 1327408604 48 20 1 2 0 0 0 0 2 180 52 1 0 1 0 0 0 0 1 244 127 172 0 0 0 0 0 0 53 46 0 0 1 220 48 64 84 132
1563553037 87 3 1 4080979247 844451371 1966228233 1419331405 4246395165 2178564470 2795338184 168 7 2 0 0 2 0 0 2 165 52 1 1 0 0 1 0 0 1 253 43 9 0 0 0 0 0 0 29 118 0 0 1 200 168 20 27 95
2478478843 155 0 0 1193633781 3771031088 2265500826 941203069 999586063 1786271074 236031468 251 60 2 1 2 0 0 0 2 188 52 0 1 0 1 0 0 0 1 75 48 154 0 0 0 0 0 0 15 98 0 0 1 236 251 43 103 247
3129342520 132 3 1 3173259187 118316392 1054271782 900137882 740369290 1101014473 1321413617 119 255 0 1 2 1 0 2 1 159 116 1 0 0 1 0 0 1 0 248 104 38 0 0 0 0 0 0 138 201 0 0 2 165 164 112 170 170
3240580483 92 0 0 3906965755 2716459463 3625972016 1712231610 642272586 3096731209 1411655801 80 121 0 0 0 1 0 1 1 135 116 0 0 0 0 0 0 0 0 195 199 48 0 0 0 0 0 0 74 73 0 0 2 146 11 159 170 170
2590103923 170 1 1 1577898088 3652573039 3481884943 39045313 255672102 1866461674 2126589074 87 142 1 2 1 1 0 0 1 189 52 1 0 1 0 0 0 0 0 19 111 15 0 0 0 0 0 0 38 234 0 0 2 211 97 57 170 170
3336309572 220 2 0 3230842405 1822624488 2144162023 338526261 3071970370 3916213882 198421638 22 35 2 0 1 0 1 2 1 236 244 0 1 0 0 0 0 1 0 100 232 231 0 0 0 0 0 0 66 122 0 0 2 204 239 11 170 170
3560915837 181 0 1 3167635119 213575615 3298662956 1766210688 4285855624 480539563 1065920306 95 202 0 2 1 0 1 2 1 158 244 1 0 1 0 0 0 1 0 205 191 44 0 0 0 0 0 0 136 171 0 0 2 19 221 229 170 170
1739518821 197 1 0 2007314306 2493018852 3489151782 148094902 3487502575 3599194518 866668995 169 182 0 0 2 1 2 2 2 207 244 0 0 0 1 0 1 1 1 149 228 38 0 0 0 0 0 0 239 150 0 0 1 195 169 161 87 63
534694037 137 3 0 2881859646 1314553898 3335149345 2163651974 2376834027 1624881552 1884471140 99 191 1 1 0 2 0 2 1 183 116 0 0 0 0 1 0 1 0 181 42 33 0 0 0 0 0 0 235 144 0 0 2 17 208 156 170 170
587786408 170 2 0 855068723 347088930 1578525184 3719460421 1651688126 259552254 2575319870 98 250 0 1 2 0 0 2 2 156 116 1 0 0 1 0 0 1 1 232 34 0 0 0 0 0 0 0 190 254 0 0 1 62 98 42 36 124
639931679 241 2 0 3612296971 2617795842 3350149897 4174224830 4113081004 1571959119 300181141 190 131 2 2 1 2 2 2 1 255 244 0 1 1 0 1 1 1 0 239 2 9 0 0 0 0 0 0 172 79 0 0 2 52 183 83 170 170
759081983 192 3 1 149537513 659966122 3931529586 2726384118 333370025 3424749266 1148962011 15 56 0 1 1 0 1 0 1 158 180 1 0 0 0 0 0 0 0 127 170 114 0 0 0 0 0 0 169 210 0 0 2 255 55 151 170 170
2089599011 38 0 0 936434945 3654537705 1028318130 2850025987 2333684859 3270386562 2913129501 133 142 1 1 0 2 2 0 0 181 176 0 0 0 0 1 1 0 0 67 233 178 0 0 0 0 0 0 123 130 0 0 1 29 133 93 235 115
4002435978 41 3 1 2093470423 1726913182 3940580647 758614534 2697961203 2152376411 3134942017 197 124 0 2 2 1 0 0 1 159 52 1 0 1 1 0 0 0 0 250 158 39 0 0 0 0 0 0 243 91 0 0 2 125 249 41 170 170
1477107993 170 1 1 2678060885 3560160929 2203623757 1461734947 3258710418 1392469272 1505111298 23 151 1 2 0 1 1 1 2 181 244 1 0 1 0 0 0 0 1 89 161 77 0 0 0 0 0 0 146 24 0 0 1 2 23 195 90 94
3215858394 70 3 0 4102041849 2835999089 2165632029 2284979665 2163356302 2709858345 1823093986 94 159 1 1 1 2 2 0 2 189 180 0 0 0 0 1 1 0 1 122 113 29 0 0 0 0 0 0 142 41 0 0 1 226 94 170 73 45
404043103 194 0 0 2848436779 340501650 3574808728 3252480961 706835725 3074064832 3610057464 132 65 2 1 2 2 2 0 1 189 180 0 1 0 1 1 1 0 0 207 146 152 0 0 0 0 0 0 13 192 0 0 2 214 23 75 170 170
1496532996 20 0 0 1959413638 2360370339 2249717624 3842911772 488346888 3174387132 1514766464 126 114 2 2 2 1 1 1 1 191 244 0 1 1 1 0 0 0 0 132 163 120 0 0 0 0 0 0 8 188 0 0 2 2 116 156 170 170
1806127030 108 3 1 1449629448 4159478583 764976759 1979583845 1203988628 3687642873 569661796 250 34 1 0 2 2 1 2 0 173 240 1 0 0 1 1 0 1 0 54 55 119 0 0 0 0 0 0 148 249 0 0 1 100 250 226 4 188
3405061077 170 2 0 3445140352 3700957060 3192257677 1259850976 2376000783 2495096876 3415485734 64 12 1 2 1 0 1 0 1 190 180 1 0 1 0 0 0 0 0 37 132 141 0 0 0 0 0 0 15 44 0 0 2 24 36 148 170 170
2174144052 40 2 1 3909109778 2853882259 1492369322 2268191004 3103993384 638414396 3862696822 48 195 2 0 0 1 2 2 0 167 240 1 1 0 0 0 1 1 0 164 147 170 0 0 0 0 0 0 40 60 0 0 1 118 48 204 143 99
2374035639 9 2 1 866337322 510181172 3040606503 1022225403 3361661068 1768174106 1860382053 16 123 2 0 2 2 0 2 1 173 116 1 1 0 1 1 0 1 0 167 52 39 0 0 0 0 0 0 140 26 0 0 2 246 113 109 170 170
1002588653 51 0 1 2894028649 2075117483 436634075 2344691572 2977524934 1362476207 1414444238 166 207 1 2 2 1 1 1 2 191 244 1 0 1 1 0 0 0 1 77 171 219 0 0 0 0 0 0 198 175 0 0 1 206 166 178 129 165
117777249 203 2 0 3337433891 3337649778 118586235 3264654993 1608614972 2608010204 550299950 186 47 1 2 0 2 1 2 1 245 244 0 0 1 0 1 0 1 0 225 114 123 0 0 0 0 0 0 60 220 0 0 2 72 119 3 170 170
1650487282 170 2 1 3459059872 2813847828 2413678264 2400817161 1274518879 1487615973 2715303589 55 51 0 2 1 2 1 2 1 157 244 1 0 1 0 1 0 1 0 34 20 184 0 0 0 0 0 0 95 229 0 0 2 13 64 156 170 170
999396315 85 0 1 1495461012 1601127756 428090470 1767199560 3810909479 4006172492 863467143 117 216 1 2 2 0 1 0 0 190 176 1 0 1 1 0 0 0 0 11 76 102 0 0 0 0 0 0 39 76 0 0 1 135 117 85 45 205
2408070942 230 1 1 1609195828 895341981 597647591 2064959336 3867220352 5548013 357347224 195 162 2 1 2 0 1 1 2 190 244 1 1 0 1 0 0 0 1 30 157 231 0 0 0 0 0 0 128 237 0 0 1 152 195 171 77 5
3904169948 68 2 0 4014615985 1493653832 319100010 4010342997 2015582839 3339637772 3920381644 124 112 1 0 2 1 1 2 1 237 244 0 0 0 1 0 0 1 0 108 72 106 0 0 0 0 0 0 119 12 0 0 2 92 204 140 170 170
2791465740 242 0 1 3299787389 2100735146 710576268 2821614504 2783880996 4035680599 2349293426 176 213 0 2 2 2 2 1 2 159 244 1 0 1 1 1 1 0 1 76 170 140 0 0 0 0 0 0 36 87 0 0 1 114 176 244 201 149
1907953489 170 1 1 2105551823 1047933693 2674348704 1313678149 2325403260 4066110498 3284766405 26 193 2 1 0 0 1 1 0 180 240 1 1 0 0 0 0 0 0 209 253 160 0 0 0 0 0 0 124 34 0 0 1 197 26 78 15 171
397784654 40 1 1 332181154 1780048379 4116110440 325491406 2621594556 1544247748 4252903039 0 47 1 2 0 1 2 1 1 183 244 1 0 1 0 0 1 0 0 158 251 104 0 0 0 0 0 0 188 196 0 0 2 142 189 73 170 170
1911540256 63 0 0 4044465736 3407399583 1045050879 3675444296 2034806465 1760194176 4239800272 128 225 1 2 1 2 1 0 2 191 180 0 0 1 0 1 0 0 1 0 159 255 0 0 0 0 0 0 193 128 0 0 1 208 128 52 21 49
3243246948 17 0 1 1472841579 2776920306 4254958696 178193156 3179651033 284739944 2422473959 83 225 2 0 1 0 2 1 2 174 244 1 1 0 0 0 1 0 1 196 242 104 0 0 0 0 0 0 217 104 0 0 1 231 83 7 232 4
1938890674 85 0 1 1764402461 144798362 523491931 609528105 2393264129 3687809166 1671682488 81 198 2 0 2 2 1 1 1 173 244 1 1 0 1 1 0 0 0 66 154 91 0 0 0 0 0 0 1 142 0 0 2 189 131 187 170 170
3756218471 170 0 1 2237077921 3514810446 756736546 1286507888 2663793133 94211999 1363698042 243 182 0 1 1 1 0 1 1 159 116 1 0 0 0 0 0 0 0 71 78 34 0 0 0 0 0 0 237 159 0 0 2 63 245 237 170 170
1271010327 224 1 1 1783740888 2411140772 3805206114 2323068834 2113972798 2407604944 1285430214 7 76 0 1 2 0 1 2 0 158 240 1 0 0 1 0 0 1 0 23 164 98 0 0 0 0 0 0 62 208 0 0 1 198 7 119 195 19
101614563 112 1 0 137186926 2882963504 2582845423 792841073 2886643336 2968338818 2419648641 44 145 2 0 2 1 0 1 0 237 112 0 1 0 1 0 0 0 0 147 48 239 0 0 0 0 0 0 136 130 0 0 1 129 44 160 49 141
4155715516 20 3 1 2666425195 4242698987 2404991960 4227942006 2314997989 1866758637 4287034162 161 77 0 0 1 1 1 1 2 143 244 1 0 0 0 0 0 0 1 252 235 216 0 0 0 0 0 0 229 237 0 0 1 50 161 69 146 126
4038662429 102 1 1 229108371 3194311012 2500912027 2640263104 2668524151 2730849666 1875028611 224 76 2 0 2 0 2 2 2 174 244 1 1 0 1 0 1 1 1 221 100 155 0 0 0 0 0 0 119 130 0 0 1 131 224 80 156 236
3825885693 170 1 1 673986132 710010674 3579568357 3527287196 2230366557 3248023011 4217312725 217 134 2 0 2 1 2 0 0 175 176 1 1 0 1 0 1 0 0 29 50 229 0 0 0 0 0 0 93 227 0 0 1 213 217 17 151 63
4185299081 73 3 0 2588766350 2403021876 2508543948 1055114376 1944869711 2136110793 1406250015 246 7 0 2 1 0 2 0 1 158 180 0 0 1 0 0 1 0 0 185 52 204 0 0 0 0 0 0 79 201 0 0 2 180 187 39 170 170
693900180 224 3 0 3103890309 755027620 1713404063 3795806453 227044823 1767973322 247398408 249 123 1 2 2 0 2 2 0 188 240 0 0 1 1 0 1 1 0 116 164 159 0 0 0 0 0 0 215 202 0 0 1 8 249 245 112 100
773001569 139 2 1 2977133526 2481225574 1908498285 4216899310 1554611857 2126995627 2542899074 177 87 0 2 2 1 1 2 0 159 240 1 0 1 1 0 0 1 0 161 102 109 0 0 0 0 0 0 145 171 0 0 1 130 177 93 180 184
2760001739 40 3 1 2649002130 1139549304 4084893805 1502759549 3933670459 2240737992 2581561439 18 230 2 2 2 2 2 1 0 189 240 1 1 1 1 1 1 0 0 187 120 109 0 0 0 0 0 0 59 200 0 0 1 95 18 202 176 216
4075329324 170 3 1 488903367 1369234953 3776298995 1027220774 2734861838 2012332654 2702040647 227 98 0 1 0 1 1 2 1 151 244 1 0 0 0 0 0 1 0 252 9 243 0 0 0 0 0 0 14 110 0 0 2 71 169 145 170 170
2892126343 186 1 1 3905284782 2086603781 659377045 4143697556 3326343311 2169464845 1848962359 249 97 2 0 1 0 2 2 2 174 244 1 1 0 0 0 1 1 1 151 5 149 0 0 0 0 0 0 143 13 0 0 1 55 249 173 14 42
1464999357 116 2 0 3210971926 4187550841 1610222064 1538715654 2155420004 1078613345 3215780937 175 18 2 1 0 1 2 1 2 247 244 0 1 0 0 0 1 0 1 173 121 240 0 0 0 0 0 0 100 97 0 0 1 73 175 87 105 97
1461718110 178 0 0 3130385079 2916476440 416093544 2343252739 3975283206 1448498786 1828363518 25 46 0 2 1 2 1 2 0 157 240 0 0 1 0 1 0 1 0 206 24 104 0 0 0 0 0 0 6 98 0 0 1 254 25 113 159 167
895716504 81 2 1 3338355445 1346209224 112970719 2853334063 1322637831 2705162514 2645244719 53 24 2 0 2 2 0 1 0 173 112 1 1 0 1 1 0 0 0 104 200 223 0 0 0 0 0 0 7 18 0 0 1 47 53 21 45 205
2287513597 170 0 1 2765564225 2460669664 1832291651 2614138387 3426234963 3363627801 2284262082 7 235 2 2 0 2 1 0 1 181 180 1 1 1 0 1 0 0 0 77 224 67 0 0 0 0 0 0 83 25 0 0 2 205 184 116 170 170
1557195567 77 0 1 3691896691 2880138181 177410693 196031596 3088805685 1494723549 1068036861 217 91 2 0 2 2 1 2 0 175 240 1 1 0 1 1 0 1 0 207 197 133 0 0 0 0 0 0 53 221 0 0 1 253 217 85 176 36
2473383862 209 3 1 3416440356 4045283907 1444215069 3157990345 2825561075 3436561286 3420571182 78 46 1 1 1 0 2 2 1 188 244 1 0 0 0 0 1 1 0 54 67 29 0 0 0 0 0 0 243 134 0 0 2 10 56 144 170 170
1878638964 220 0 0 22839880 2630969460 3351402293 2428831570 3804236665 2785706951 1691476346 41 172 2 0 0 2 1 0 2 167 180 0 1 0 0 1 0 0 1 4 116 53 0 0 0 0 0 0 121 199 0 0 1 122 41 25 197 149
672621232 211 1 0 825443498 654420306 409156755 1144748629 1096905358 3349793414 2518388882 173 129 2 2 1 0 2 0 0 252 176 0 1 1 0 0 1 0 0 144 82 147 0 0 0 0 0 0 142 134 0 0 1 146 173 225 98 254
3366295846 170 0 1 4260448555 794229056 655278502 2897241301 3646920695 638665935 2331889980 98 13 2 2 1 0 0 2 0 188 112 1 1 1 0 0 0 1 0 198 64 166 0 0 0 0 0 0 247 207 0 0 1 60 98 6 19 255
470234161 79 2 0 329820421 3808357070 2462877187 689258992 587399069 2406213477 1607056225 243 223 2 0 0 0 0 2 1 230 116 0 1 0 0 0 0 1 0 97 206 3 0 0 0 0 0 0 157 101 0 0 2 225 192 12 170 170
550409940 93 0 1 2615828578 1360744952 122525972 909745794 1161647614 4243670226 3732918971 183 61 1 1 1 0 0 1 0 190 112 1 0 0 0 0 0 0 0 132 248 20 0 0 0 0 0 0 254 210 0 0 1 187 183 27 88 132
1265602300 99 2 0 754372108 95139969 323016174 1524479920 3505531612 1521660252 1972870622 189 78 0 0 0 1 1 2 2 199 244 0 0 0 0 0 0 1 1 44 129 238 0 0 0 0 0 0 220 92 0 0 1 222 189 149 227 107
3569035813 50 2 1 3393035869 1466628582 2602842072 3454309771 2614667750 2942231021 1150959257 36 227 0 1 2 0 1 1 0 156 240 1 0 0 1 0 0 0 0 101 230 216 0 0 0 0 0 0 230 237 0 0 1 153 36 64 35 119
727472955 170 0 0 2437282194 2091046258 2276161375 3149958189 3630879293 1078861362 3902610640 65 48 2 1 1 2 2 2 0 189 240 1 1 0 0 1 1 1 0 139 114 95 0 0 0 0 0 0 61 50 0 0 1 208 65 1 49 113
2565416909 127 3 0 1447638609 896685306 1849279603 2023616387 3176047057 1040728464 3633782297 237 162 1 2 2 2 1 2 2 189 244 0 0 1 1 1 0 1 1 125 250 115 0 0 0 0 0 0 209 144 0 0 1 25 237 213 119 47
2137715320 41 1 0 3623606140 1390210590 3565630154 2514221775 2772034687 1704601614 3920791221 231 177 0 1 2 2 2 1 1 221 244 0 0 0 1 1 1 0 0 24 30 202 0 0 0 0 0 0 127 14 0 0 2 25 202 190 170 170
2248851862 38 1 0 1671497566 3523826628 1889186864 3203581959 2701251110 644995254 763393852 197 163 1 1 1 2 1 1 0 253 240 0 0 0 0 1 0 0 0 150 196 48 0 0 0 0 0 0 38 182 0 0 1 60 197 225 132 216
3690177478 67 1 0 2127155167 1913940718 3959464058 1086996918 3242864316 4227149885 3773770572 248 3 2 0 1 1 0 0 2 239 52 0 1 0 0 0 0 0 1 214 238 122 0 0 0 0 0 0 188 61 0 0 1 76 248 148 151 107
1099434429 170 0 0 470991721 1411169540 4173030326 2167453455 314655291 1297453359 1379321084 211 73 1 0 0 0 2 1 0 164 240 1 0 0 0 0 1 0 0 77 4 182 0 0 0 0 0 0 59 47 0 0 1 252 211 167 240 108
853167677 166 3 0 2722729217 4230649742 3459485669 2802019025 4146490761 676317139 3521885968 248 74 1 2 0 0 0 2 2 180 116 0 0 1 0 0 0 1 1 125 142 229 0 0 0 0 0 0 137 211 0 0 1 16 248 0 74 98
3672621832 213 2 0 1145055176 1199349919 2585309489 614458663 3305506291 3319064633 656283610 51 78 2 2 0 0 0 2 1 244 116 0 1 1 0 0 0 1 0 40 159 49 0 0 0 0 0 0 243 57 0 0 2 47 125 85 170 170
1073959536 206 0 1 2322162237 3067194613 2694229539 988159005 381288927 3574729966 3860409677 71 115 1 1 2 0 2 0 0 188 176 1 0 0 1 0 1 0 0 64 245 35 0 0 0 0 0 0 223 238 0 0 1 77 71 163 22 42
3579718997 54 3 0 3246608278 357168043 1796105518 3786823011 603901859 147748256 1498981769 206 252 1 0 1 0 0 2 1 172 116 0 0 0 0 0 0 1 0 181 171 46 0 0 0 0 0 0 163 160 0 0 2 134 130 178 170 170
68511826 170 3 0 2045364044 3883687349 3880296461 3808576192 90865453 1836478032 2431264845 144 28 2 2 1 0 2 1 2 190 244 1 1 1 0 0 1 0 1 50 181 13 0 0 0 0 0 0 45 80 0 0 1 77 144 64 92 108
1329192570 11 2 0 3879279497 4238076913 1224489930 3259226808 3397220470 361893031 2824908370 60 33 2 0 1 2 2 2 1 239 244 0 1 0 0 1 1 1 0 106 241 202 0 0 0 0 0 0 118 167 0 0 2 78 111 35 170 170
389296497 226 2 0 2375181512 1595712693 4203240742 2510324020 1563836096 398482559 2433405565 15 76 1 1 0 0 1 2 0 246 240 0 0 0 0 0 0 1 0 33 181 38 0 0 0 0 0 0 192 127 0 0 1 125 15 127 203 27
2469542559 1 2 1 509226691 756725490 1070330926 102092637 386505968 498611349 3346113139 148 167 0 0 2 1 2 1 2 141 244 1 0 0 1 0 1 0 1 239 242 46 0 0 0 0 0 0 240 149 0 0 1 115 148 128 39 235
503857067 137 0 0 1857336114 3698016013 3202489819 1992532207 221630105 647832874 1744529159 143 243 0 1 1 1 1 0 1 157 180 0 0 0 0 0 0 0 0 139 13 219 0 0 0 0 0 0 153 42 0 0 2 229 216 52 170 170
3268616094 170 2 0 778097115 1226085774 431669391 3779920982 1798183268 2481500661 2583743563 8 233 0 0 0 0 2 1 1 134 244 1 0 0 0 0 1 0 0 238 142 143 0 0 0 0 0 0 100 245 0 0 2 42 19 103 170 170
755964821 170 3 0 929463856 3886041103 4013117062 773278157 2624780174 272936757 4196329623 100 131 1 2 0 2 0 0 2 181 52 1 0 1 0 1 0 0 1 53 15 134 0 0 0 0 0 0 142 53 0 0 1 151 100 0 131 87
2405841562 22 2 1 1043116250 2103144353 2827052343 3020297365 1033935255 3511259333 3998356551 203 113 0 2 0 0 0 2 2 148 116 1 0 1 0 0 0 1 1 170 161 55 0 0 0 0 0 0 151 197 0 0 1 71 203 191 48 12
1113889215 172 1 0 2839943534 355233468 94736817 1522415245 1790942374 3593673274 2631923061 233 106 2 2 1 0 2 0 2 252 180 0 1 1 0 0 1 0 1 159 188 177 0 0 0 0 0 0 166 58 0 0 1 117 233 113 219 115
2908042378 125 2 1 4231779464 3590552145 2684795491 2117116004 680420314 1595262727 811652338 159 51 1 2 2 1 0 0 1 191 52 1 0 1 1 0 0 0 0 42 81 99 0 0 0 0 0 0 218 7 0 0 2 117 168 4 170 170
2326936824 170 3 1 652441145 4117939222 2074740989 1883235136 1389918547 366435410 2709811754 21 146 2 2 1 1 2 2 0 191 240 1 1 1 0 0 1 1 0 120 22 253 0 0 0 0 0 0 83 82 0 0 1 42 21 189 79 71
270680985 195 0 1 4040302624 4056703518 517879937 549018910 1581631930 3110395924 3614876620 162 188 2 0 1 1 0 0 1 175 52 1 1 0 0 0 0 0 0 9 30 129 0 0 0 0 0 0 186 20 0 0 2 218 150 198 170 170
1214062094 133 3 1 2004553679 545859220 3728777459 3619455847 463834670 2522767961 1772764511 229 227 1 1 2 1 0 0 1 189 52 1 0 0 1 0 0 0 0 254 148 243 0 0 0 0 0 0 46 89 0 0 2 27 254 26 170 170
2420035753 6 2 1 2981061407 4175973388 963403760 4159076166 4215794192 1602152377 3100382408 89 20 1 2 2 1 2 1 2 191 244 1 0 1 1 0 1 0 1 233 12 240 0 0 0 0 0 0 16 185 0 0 1 200 89 105 125 173
3429124869 157 0 1 3242799250 3202502064 1924829848 287033703 2192765098 1842356237 3730377344 151 180 0 0 1 1 1 0 2 141 180 1 0 0 0 0 0 0 1 133 176 152 0 0 0 0 0 0 170 13 0 0 1 128 151 39 219 139
2866359742 170 1 1 2377981586 2133206297 58927808 2028380122 2849775848 582976202 2133111302 75 87 1 2 0 2 1 2 0 183 240 1 0 1 0 1 0 1 0 158 25 192 0 0 0 0 0 0 232 202 0 0 1 6 75 247 78 82
3406995926 245 3 0 4242380271 468494951 3590039803 1230047348 4219179757 6365218 4197372444 133 49 2 2 2 0 0 2 0 190 112 0 1 1 1 0 0 1 0 246 103 251 0 0 0 0 0 0 237 34 0 0 1 28 133 121 170 134
2994474215 101 3 1 92153405 3874093086 1240366265 334369865 1337029921 1724723682 1058483971 104 127 0 0 1 2 1 2 0 141 240 1 0 0 0 1 0 1 0 119 30 185 0 0 0 0 0 0 33 226 0 0 1 3 104 52 179 23
3920093704 18 0 1 1644551387 2581582516 2400377876 959186175 1032605361 3310977693 2930947870 202 190 1 0 1 0 0 2 1 172 116 1 0 0 0 0 0 1 0 200 180 20 0 0 0 0 0 0 177 157 0 0 2 166 100 252 170 170
259808746 5 2 0 3328999243 3954808677 391294808 1933510413 1611264732 1614079234 1789249781 63 149 0 0 0 0 2 1 1 196 244 0 0 0 0 0 1 0 0 234 101 88 0 0 0 0 0 0 220 2 0 0 2 121 14 82 170 170
2604532659 170 1 0 3961081060 1415293796 1647378388 2848223666 1771007766 2400461512 3978140347 128 57 2 0 2 1 2 1 2 175 244 1 1 0 1 0 1 0 1 19 100 212 0 0 0 0 0 0 22 200 0 0 1 187 128 20 77 9
345161739 145 0 0 28055436 3780450218 2585561932 1846331899 2524596147 2640026841 2134771332 55 128 1 2 0 1 1 1 0 181 240 0 0 1 0 0 0 0 0 11 170 76 0 0 0 0 0 0 179 217 0 0 1 132 55 55 183 183
3703664324 14 0 0 1505877473 792519117 1772695573 558135310 1856591297 2633795468 3778648047 69 201 0 0 2 2 1 1 0 143 240 0 0 0 1 1 0 0 0 68 205 21 0 0 0 0 0 0 193 140 0 0 1 239 69 25 226 94
1959574652 239 3 0 1651205620 186062017 574706282 2059046989 3130078699 1045133060 1387359582 65 254 2 1 1 1 2 0 0 189 176 0 1 0 0 0 1 0 0 60 193 106 0 0 0 0 0 0 235 4 0 0 1 94 65 217 215 159
3939662782 180 1 1 2323817275 2472633903 3236568012 3012719017 4232411225 1064152322 1410184364 87 62 0 2 0 2 1 1 0 149 240 1 0 1 0 1 0 0 0 222 47 204 0 0 0 0 0 0 89 2 0 0 1 172 87 239 45 245
4082873427 170 1 1 3936539192 3698992463 771058192 41583862 609935452 1159376985 3760372221 58 148 1 2 1 2 2 0 2 191 180 1 0 1 0 1 1 0 1 19 79 16 0 0 0 0 0 0 92 89 0 0 1 253 58 74 222 14
2743021624 137 0 0 2900348914 2710516968 2393854325 979365471 1854267377 1663238244 673623095 81 155 1 0 1 2 1 1 0 173 240 0 0 0 0 1 0 0 0 136 232 117 0 0 0 0 0 0 241 100 0 0 1 55 81 205 104 220
1151606251 37 0 1 2811849572 1834872880 1156582851 2217637041 1933801692 2830414669 1263090700 231 185 1 2 2 0 0 0 0 188 48 1 0 1 1 0 0 0 0 11 48 195 0 0 0 0 0 0 220 77 0 0 1 12 231 123 52 240
1479524542 128 2 1 3018745995 3657182185 441708500 2538188559 4075427176 7590548 45416853 85 102 1 1 1 1 1 0 2 189 180 1 0 0 0 0 0 0 1 238 233 212 0 0 0 0 0 0 104 148 0 0 1 149 85 13 115 155
3186377034 37 1 0 855635426 741981507 128635357 2185022969 577579712 1803938161 1811015806 212 63 0 1 0 0 1 0 0 212 176 0 0 0 0 0 0 0 0 154 67 221 0 0 0 0 0 0 192 113 0 0 1 126 212 160 223 67
2592433031 170 2 1 2979067428 2334765275 2902193511 3988087069 3262665740 190574654 4083546375 149 56 1 0 0 2 0 2 0 165 112 1 0 0 0 1 0 1 0 39 219 103 0 0 0 0 0 0 12 62 0 0 1 7 149 245 45 77
301570676 89 0 1 1759191313 2179296847 4051889470 66160344 1020826072 3584362036 2729605991 189 81 2 1 2 0 1 2 0 190 240 1 1 0 1 0 0 1 0 68 79 62 0 0 0 0 0 0 216 52 0 0 1 103 189 49 130 222
2345484292 50 2 0 2572723479 1208185991 2669626277 2414107019 1748045249 2662787345 3408751640 46 74 0 2 0 1 0 2 0 213 112 0 0 1 0 0 0 1 0 228 135 165 0 0 0 0 0 0 193 17 0 0 1 24 46 54 128 152
4101554034 141 2 1 2473257280 2278879286 2079621370 3807191939 3678151795 818975732 115760578 169 89 2 0 0 2 0 2 1 165 116 1 1 0 0 1 0 1 0 34 54 250 0 0 0 0 0 0 115 244 0 0 2 171 4 24 170 170
1517230227 244 1 0 311334525 3542865847 2871899079 2776920673 113711772 2159455614 3216782937 5 231 1 2 2 1 0 0 0 253 48 0 0 1 1 0 0 0 0 83 183 199 0 0 0 0 0 0 156 126 0 0 1 89 5 241 216 156
2226953862 170 2 1 3513891623 1290113325 1906924784 1137668381 1919473114 1297667423 2367473967 179 207 1 1 2 1 2 2 0 189 240 1 0 0 1 0 1 1 0 230 45 240 0 0 0 0 0 0 218 95 0 0 1 47 179 191 142 178
2770920654 226 2 0 1623604521 729674814 1945496183 4078518889 1458937285 4120511353 3373331410 232 40 1 2 2 2 2 0 1 253 180 0 0 1 1 1 1 0 0 110 62 119 0 0 0 0 0 0 197 121 0 0 2 184 224 0 170 170
1320984089 81 1 0 130865537 2608784939 2202558241 3704370821 4230675550 2470535960 613794810 186 115 1 0 1 2 2 1 0 237 240 0 0 0 0 1 1 0 0 89 43 33 0 0 0 0 0 0 94 24 0 0 1 250 186 22 137 157
2968590892 16 0 1 114931619 4164910779 2111332490 1937298025 1255601233 2710070968 904283844 4 109 0 1 2 1 2 2 2 157 244 1 0 0 1 0 1 1 1 204 187 138 0 0 0 0 0 0 81 184 0 0 1 196 4 40 149 1
444064366 1 2 1 3350797479 520581982 3041347058 3324003912 603282440 2739026195 2064517355 143 188 1 2 1 2 2 2 0 191 240 1 0 1 0 1 1 1 0 238 94 242 0 0 0 0 0 0 8 19 0 0 1 235 143 191 123 11
2609140147 170 2 0 3934002761 2374587672 1529650697 2070306445 1333369443 2230304303 1400387132 80 3 0 0 2 2 0 0 1 141 52 1 0 0 1 1 0 0 0 99 24 9 0 0 0 0 0 0 99 47 0 0 2 198 201 101 170 170
393172381 72 3 0 4283760613 348300124 67179780 2574044220 984426592 3786713070 2457574791 171 231 0 2 2 1 1 0 1 159 180 0 0 1 1 0 0 0 0 125 92 4 0 0 0 0 0 0 96 238 0 0 2 41 16 252 170 170
840175499 156 3 1 516346852 554860169 2120425335 2364986730 2026315077 2421027190 4003327268 187 192 0 1 0 0 1 2 0 150 240 1 0 0 0 0 0 1 0 59 137 119 0 0 0 0 0 0 69 118 0 0 1 36 187 187 123 123
1639569263 9 1 0 2471421498 4158895769 2048396251 2543198839 3304024394 3195220525 1421433671 178 151 0 2 1 0 2 1 1 220 244 0 0 1 0 0 1 0 0 159 153 219 0 0 0 0 0 0 74 45 0 0 2 144 39 211 170 170
240904228 154 0 1 2402200957 4254257536 4059218762 3930761689 100094279 3258624647 1958584548 3 157 1 2 2 1 2 1 1 189 244 1 0 1 1 0 1 0 0 68 128 74 0 0 0 0 0 0 71 135 0 0 2 205 106 78 170 170
117249147 170 3 0 1177940937 2921459952 512661558 3964654041 4111124259 3632867015 3135047847 103 133 2 2 2 2 2 2 0 189 240 1 1 1 1 1 1 1 0 123 240 54 0 0 0 0 0 0 35 199 0 0 1 167 103 107 240 252
536427009 203 1 1 2670819011 2902444493 4200821697 192653450 3727416579 3644092749 3141247524 12 33 1 1 0 1 2 2 0 183 240 1 0 0 0 0 1 1 0 209 205 193 0 0 0 0 0 0 3 77 0 0 1 36 12 192 225 253
3079315152 46 2 1 192607803 1030794448 3367498394 1861303885 2994669859 844662241 1023565355 250 97 1 1 2 1 2 0 2 189 180 1 0 0 1 0 1 0 1 224 208 154 0 0 0 0 0 0 35 225 0 0 1 43 250 174 15 43
3688684106 11 2 1 4172541567 3907625291 1193827127 3991589474 2575309702 2170135166 3768586899 211 44 0 2 1 1 2 0 0 159 176 1 0 1 0 0 1 0 0 234 75 55 0 0 0 0 0 0 134 126 0 0 1 147 211 195 239 191
23574386 116 3 0 2118407940 3513552925 1760968210 3946357495 1361483264 442900266 652736699 141 171 2 0 2 0 2 1 0 172 240 0 1 0 1 0 1 0 0 50 29 18 0 0 0 0 0 0 0 42 0 0 1 187 141 73 244 40
397289370 170 1 0 358519473 3924171260 3927706657 3666451809 4017631597 1658329759 1484725953 58 206 1 2 2 2 2 0 2 189 180 1 0 1 1 1 1 0 1 90 252 33 0 0 0 0 0 0 109 159 0 0 1 193 58 18 224 104
1375798940 15 3 1 1939778744 1264649571 3575764823 1951404789 3764976066 1880086210 4005075686 70 192 1 1 2 2 2 1 1 189 244 1 0 0 1 1 1 0 0 60 99 87 0 0 0 0 0 0 194 194 0 0 2 198 134 134 170 170
3589842420 139 0 0 1733890124 3047962926 1835051063 1970496822 1147182878 4247157401 746820155 174 236 2 0 0 2 2 2 1 167 244 0 1 0 0 1 1 1 0 4 46 55 0 0 0 0 0 0 30 153 0 0 2 70 50 34 170 170
4179710401 184 3 1 4235686332 462347812 2416827689 3582408492 3946422009 456759136 2537822903 66 202 0 2 0 1 2 1 2 151 244 1 0 1 0 0 1 0 1 49 36 41 0 0 0 0 0 0 249 96 0 0 1 183 66 74 20 44
1818797790 88 1 0 430816500 1081263299 1179076348 891965608 1673905080 3996947916 1486227870 37 204 0 0 2 1 1 2 0 207 240 0 0 0 1 0 0 1 0 30 195 252 0 0 0 0 0 0 184 204 0 0 1 158 37 149 97 177
1793714736 170 3 0 3161995370 3565790655 621440407 518279943 3487400126 829897931 3816436173 239 190 0 0 1 1 0 1 1 141 116 1 0 0 0 0 0 0 0 176 191 151 0 0 0 0 0 0 190 203 0 0 2 203 137 33 170 170
2291381332 66 2 1 2340872087 3404858697 541590273 1813506640 1910628672 2605352797 2770807969 30 182 1 2 2 2 1 1 0 191 240 1 0 1 1 1 0 0 0 228 73 1 0 0 0 0 0 0 64 93 0 0 1 161 30 22 204 180
2880569903 232 0 1 2811496596 3324598156 386984826 2457701711 781622269 1093577532 3591944366 226 220 2 2 0 2 1 1 1 181 244 1 1 1 0 1 0 0 0 15 140 122 0 0 0 0 0 0 253 60 0 0 2 90 54 230 170 170
2284220941 232 0 1 4234873986 1317461730 4241123539 1059644440 2828195312 4032787935 2492675241 224 67 0 0 2 2 1 1 0 143 240 1 0 0 1 1 0 0 0 141 226 211 0 0 0 0 0 0 240 223 0 0 1 169 224 124 191 147
679613113 187 0 0 2326309172 2227039779 3648045215 2157725898 3197290280 2922077066 2721980961 169 241 2 0 1 2 0 0 2 175 52 0 1 0 0 1 0 0 1 9 35 159 0 0 0 0 0 0 40 138 0 0 1 33 169 157 142 106
2718858181 170 0 0 3085922046 2624436087 2760515614 2042863484 759362774 3359178119 3871696101 99 182 1 2 2 0 2 1 0 190 240 1 0 1 1 0 1 0 0 133 119 30 0 0 0 0 0 0 214 135 0 0 1 229 99 91 17 249
2160255038 92 3 0 771295583 131228102 2457152091 2576717620 3127553154 3178884815 1154367791 250 154 0 1 1 2 2 1 0 159 240 0 0 0 0 1 1 0 0 254 198 91 0 0 0 0 0 0 130 207 0 0 1 47 250 66 220 180
253143892 141 2 0 2082798546 1440917215 4081735265 4245606445 1907343430 2378096473 1996386997 173 132 1 2 0 2 1 2 2 245 244 0 0 1 0 1 0 1 1 164 223 97 0 0 0 0 0 0 70 89 0 0 1 181 173 125 1 113
1113930270 213 1 1 3789058589 3088453054 16979415 2789783943 3849066166 146725791 1337915350 20 223 2 0 0 1 0 1 2 165 116 1 1 0 0 0 0 0 1 94 190 215 0 0 0 0 0 0 182 159 0 0 1 214 20 96 63 35
2847448199 93 1 0 3235931054 3840988801 2289550474 1898488825 3113967369 3040143949 3642174026 236 53 1 0 0 0 2 0 1 228 180 0 0 0 0 0 1 0 0 151 129 138 0 0 0 0 0 0 9 77 0 0 2 102 155 95 170 170
1043227583 170 2 1 4209435779 1145826949 421937182 1606734944 1276869244 1728807974 200561398 118 245 1 0 0 2 0 2 2 167 116 1 0 0 0 1 0 1 1 239 133 30 0 0 0 0 0 0 124 38 0 0 1 246 118 58 47 123
14806688 116 1 1 3540737233 1831761998 3691245323 705781091 1811298154 2300904482 284836489 231 63 1 1 2 1 0 1 0 189 112 1 0 0 1 0 0 0 0 80 78 11 0 0 0 0 0 0 106 34 0 0 1 137 231 179 242 86
3867204231 229 0 1 1554353864 4242631756 1039116669 530026836 507426173 4173082461 4246968534 232 105 2 0 0 0 0 2 1 166 116 1 1 0 0 0 0 1 0 7 76 125 0 0 0 0 0 0 125 93 0 0 2 10 115 199 170 170
2591718197 219 1 1 957072346 3566150563 3543169690 2071131735 2264064747 2359744921 156463207 249 138 2 0 2 0 0 2 0 172 112 1 1 0 1 0 0 1 0 149 163 154 0 0 0 0 0 0 235 153 0 0 1 103 249 1 139 163
2292864776 249 2 1 3267663133 1539877181 1011993031 2076740485 3249973 2903282576 4054362690 138 186 2 2 2 0 2 0 2 188 180 1 1 1 1 0 1 0 1 104 61 199 0 0 0 0 0 0 53 144 0 0 1 66 138 82 12 100
199157500 170 0 0 4013563046 3718312566 2414074870 869282525 1228324839 687235369 256506855 179 26 1 0 2 0 1 2 0 172 240 1 0 0 1 0 0 1 0 140 118 246 0 0 0 0 0 0 231 41 0 0 1 231 179 251 21 237
1091462420 0 2 1 2026993874 1640741533 582250688 1852913851 753827472 2902296087 4194788484 220 204 1 0 0 0 2 1 2 164 244 1 0 0 0 0 1 0 1 164 157 192 0 0 0 0 0 0 144 23 0 0 1 132 220 76 24 104
3113819772 99 0 1 3049205918 1871703505 4267051240 2993961286 2727819285 2837691811 3194228950 44 68 1 2 0 0 0 1 2 182 116 1 0 1 0 0 0 0 1 140 209 232 0 0 0 0 0 0 21 163 0 0 1 214 44 252 64 176
3221211523 204 3 0 2833782415 2353135292 2828492069 1457454523 1723694004 2972369615 3152392860 197 91 0 2 2 1 1 2 1 157 244 0 0 1 1 0 0 1 0 243 188 37 0 0 0 0 0 0 180 207 0 0 2 107 198 66 170 170
3033543287 219 3 1 2499870326 2821424200 1872353775 2313290633 4251534 3781260277 2410521431 22 76 2 2 0 1 0 0 2 181 52 1 1 1 0 0 0 0 1 183 72 239 0 0 0 0 0 0 142 245 0 0 1 87 22 134 210 34
2885848547 170 2 1 2819102397 2187066338 3706822853 2901774989 3307439761 591929030 3454889562 86 184 0 1 1 0 1 2 0 156 240 1 0 0 0 0 0 1 0 99 226 197 0 0 0 0 0 0 145 198 0 0 1 90 86 182 110 142
1900464836 150 1 0 1137353534 2821032771 3336916827 1346960838 742894268 3712863364 760452193 77 9 0 2 2 2 1 1 2 223 244 0 0 1 1 1 0 0 1 148 67 91 0 0 0 0 0 0 188 132 0 0 1 97 77 33 42 166
2414842305 166 2 0 3828362040 3909906892 875950260 991622102 1029445389 523077019 1995802690 96 105 2 1 2 2 1 1 2 255 244 0 1 0 1 1 0 0 1 33 204 180 0 0 0 0 0 0 13 155 0 0 1 66 96 180 29 25
312596020 170 2 0 2248096460 10982414 3808087912 2486157186 3458367552 3023906913 3728987774 214 80 2 1 0 0 0 0 2 182 52 1 1 0 0 0 0 0 1 36 14 104 0 0 0 0 0 0 64 97 0 0 1 126 214 22 102 38
2040418296 254 3 1 4116641199 1558248667 3505753764 2996596172 1501014632 3757262879 736517658 246 204 2 2 0 0 0 2 1 182 116 1 1 1 0 0 0 1 0 248 219 164 0 0 0 0 0 0 104 31 0 0 2 78 26 138 170 170
67867056 170 0 1 3225414047 4248759849 2160739424 343858005 2904483628 3013408802 1652273026 32 167 0 1 1 2 0 1 0 157 112 1 0 0 0 1 0 0 0 192 41 96 0 0 0 0 0 0 44 34 0 0 1 130 32 12 179 119
2105695410 221 2 1 503878059 3196368339 2365564940 1013114345 1749741188 2550637749 307686838 161 199 0 1 0 2 0 1 0 149 112 1 0 0 0 1 0 0 0 226 211 12 0 0 0 0 0 0 132 181 0 0 1 182 161 13 212 24
2026637253 108 2 0 2639951934 1774777031 2493547909 2834017171 2381573857 2567070795 3332969759 57 33 0 2 0 1 1 1 0 213 240 0 0 1 0 0 0 0 0 165 199 133 0 0 0 0 0 0 225 75 0 0 1 31 57 237 14 42
284592084 235 0 0 427310619 4091527899 218204264 2731183993 934104329 1886734359 689307721 176 175 0 0 0 0 2 1 1 132 244 0 0 0 0 0 1 0 0 196 219 104 0 0 0 0 0 0 9 23 0 0 2 62 237 121 170 170
3078971703 122 2 1 690476088 371453226 793050426 645001707 553032532 2084768029 1686649956 112 134 2 2 0 0 2 2 1 180 244 1 1 1 0 0 1 1 0 39 42 58 0 0 0 0 0 0 84 29 0 0 2 92 226 26 170 170
3583694641 170 2 1 2759891321 1034922804 2276080794 2354209815 2841468273 3045166183 709462034 75 215 1 1 2 2 2 2 1 189 244 1 0 0 1 1 1 1 0 97 52 154 0 0 0 0 0 0 113 103 0 0 2 169 128 44 170 170
911771244 73 3 0 2718236798 1836520982 3797371507 2647011221 3726370654 4230077900 2669421680 148 166 2 0 2 2 0 0 2 173 52 0 1 0 1 1 0 0 1 188 22 115 0 0 0 0 0 0 94 204 0 0 1 112 148 76 242 26
2390440871 26 2 0 3552538108 1673283782 2151480879 1715942332 1910447931 3670426291 1404612619 178 160 2 2 0 2 1 2 0 247 240 0 1 1 0 1 0 1 0 39 198 47 0 0 0 0 0 0 59 179 0 0 1 11 178 50 210 82
1660756469 7 0 1 2138282984 217344507 1866549393 1455465129 776208475 215436825 2738987492 17 79 1 1 0 0 1 2 0 180 240 1 0 0 0 0 0 1 0 5 251 145 0 0 0 0 0 0 91 25 0 0 1 228 17 29 108 144
45148563 210 0 1 3534291771 1923291133 2461025691 464240214 468531386 1219920674 2739197674 204 84 0 1 1 0 1 2 2 158 244 1 0 0 0 0 0 1 1 195 253 155 0 0 0 0 0 0 186 34 0 0 1 234 204 220 48 96
2119234236 170 0 0 2680266147 3741594828 2782154700 3327311084 1062172857 1895066780 354269658 159 242 2 0 1 1 0 2 1 175 116 1 1 0 0 0 0 1 0 204 204 204 0 0 0 0 0 0 185 156 0 0 2 35 21 61 170 170
542870482 93 1 1 2012886481 2439176712 3419018468 3428594654 502206428 720026037 4283097374 131 194 2 0 2 2 1 2 0 175 240 1 1 0 1 1 0 1 0 82 8 228 0 0 0 0 0 0 220 181 0 0 1 30 131 235 173 229
2221745641 137 3 1 774305944 1745845845 2305518346 1837356906 2691473699 464046159 118815532 93 120 0 2 1 0 0 0 0 158 48 1 0 1 0 0 0 0 0 57 85 10 0 0 0 0 0 0 35 79 0 0 1 44 93 189 53 85
3972278710 65 0 1 2608161964 2757970768 1875497577 3380550257 455918909 2554396977 1407548673 134 53 0 1 0 2 1 2 2 149 244 1 0 0 0 1 0 1 1 6 80 105 0 0 0 0 0 0 61 49 0 0 1 1 134 74 127 203
164343760 156 3 0 2013077739 1212412414 1523158302 235217839 3928178272 2005584000 1930283077 97 149 2 1 2 0 2 0 1 188 180 0 1 0 1 0 1 0 0 240 254 30 0 0 0 0 0 0 96 128 0 0 2 155 48 116 170 170
1455963428 170 3 0 3364339035 2846645853 3023054858 19553371 2376897718 3383628812 2124692977 165 253 1 2 1 2 2 0 0 189 176 1 0 1 0 1 1 0 0 244 93 10 0 0 0 0 0 0 182 12 0 0 1 241 165 9 6 50
2963745556 194 2 0 1635608629 2994721806 1465946029 1325284332 2979639084 2208293394 416345947 154 243 0 0 2 2 2 0 2 207 180 0 0 0 1 1 1 0 1 100 14 173 0 0 0 0 0 0 44 18 0 0 1 91 154 246 233 253
3315705073 197 2 0 2242114785 631158728 877450398 893148988 4070551828 2410289434 815338202 151 173 1 2 0 1 1 1 1 247 244 0 0 1 0 0 0 0 0 97 200 158 0 0 0 0 0 0 20 26 0 0 2 129 46 82 170 170
3416040695 133 1 1 650806823 1135568242 1157442501 1279457113 728398124 2265200889 3632475811 118 147 2 1 1 0 0 2 1 188 116 1 1 0 0 0 0 1 0 215 114 197 0 0 0 0 0 0 44 249 0 0 2 12 159 123 170 170
4069933576 131 3 1 3260274898 3610854872 2751213680 712598873 1953218592 748362984 2265500327 4 3 0 1 2 0 2 1 1 156 244 1 0 0 1 0 1 0 0 184 216 112 0 0 0 0 0 0 32 232 0 0 2 122 125 25 170 170
3408494310 170 1 0 280754228 278895915 3284225965 1411359478 348731844 4107391631 3565470543 204 178 0 0 2 0 2 0 1 142 180 1 0 0 1 0 1 0 0 22 43 173 0 0 0 0 0 0 196 143 0 0 2 208 130 170 170 170
3685810667 159 2 0 4105831592 1147516997 3472076943 1313284044 2716597688 1559793450 3587784045 108 93 2 2 1 0 1 2 0 254 240 0 1 1 0 0 0 1 0 43 69 143 0 0 0 0 0 0 184 42 0 0 1 109 108 80 173 89
1092213358 208 3 1 3395838035 2692443803 4224431039 2288429101 342166747 8250933 576256993 6 94 0 1 1 0 0 2 0 156 112 1 0 0 0 0 0 1 0 254 155 191 0 0 0 0 0 0 219 53 0 0 1 225 6 30 124 196
154557341 219 3 1 2231955319 345371043 396364720 2444832886 4031356668 822611319 3365238679 73 78 1 2 0 1 2 1 2 183 244 1 0 1 0 0 1 0 1 253 163 176 0 0 0 0 0 0 252 119 0 0 1 151 73 33 111 247
3685288791 189 0 0 1401969540 61937610 2575908464 2915197465 1354505840 618947935 2029719456 173 24 1 2 1 0 1 0 2 188 180 0 0 1 0 0 0 0 1 7 202 112 0 0 0 0 0 0 112 95 0 0 1 160 173 141 165 69
2342291952 170 1 1 2756494802 2889778011 1939680147 1549792998 3056135223 3636829261 3383943797 137 203 0 2 2 0 1 2 1 158 244 1 0 1 1 0 0 1 0 144 91 147 0 0 0 0 0 0 55 77 0 0 2 15 218 22 170 170
1431634939 133 1 0 2714515964 3217588823 1603876702 1964729933 3541629612 1939163666 1300498618 73 128 1 0 1 1 2 0 0 237 176 0 0 0 0 0 1 0 0 27 87 94 0 0 0 0 0 0 172 18 0 0 1 186 73 73 201 201
1367851699 127 2 1 2281227961 4046923613 3456569393 3522470401 992768359 854694461 1602526469 100 237 2 2 2 0 1 1 2 188 244 1 1 1 1 0 0 0 1 99 93 49 0 0 0 0 0 0 103 61 0 0 1 5 100 136 117 225
3669782160 251 0 1 406967380 3868418929 3669231553 2924871861 1363160543 1536510296 1134274825 88 26 2 0 1 2 2 0 1 173 180 1 1 0 0 1 1 0 0 0 113 193 0 0 0 0 0 0 223 88 0 0 2 172 198 14 170 170
3598063723 4 0 0 2940032366 13458424 1017168475 3414213770 3562701170 2394387633 1820269514 149 215 0 0 1 1 1 2 2 143 244 0 0 0 0 0 0 1 1 139 248 91 0 0 0 0 0 0 114 177 0 0 1 202 149 65 24 28
695150379 170 3 0 2355239331 1487329248 1717502438 3121808162 3133566080 936642912 879544160 8 175 2 1 1 2 2 2 2 191 244 1 1 0 0 1 1 1 1 251 224 230 0 0 0 0 0 0 128 96 0 0 1 96 8 148 67 231
2168296995 128 3 1 2997323829 612217521 1695117777 1906004531 3770549029 1590079900 2839141074 87 216 1 0 1 2 0 1 2 173 116 1 0 0 0 1 0 0 1 115 177 209 0 0 0 0 0 0 37 156 0 0 1 210 87 55 15 175
1548636955 79 3 1 14703036 831518007 2523599438 2482862946 3050977418 2576993932 3590023167 203 246 0 1 2 1 2 2 1 159 244 1 0 0 1 0 1 1 0 59 55 78 0 0 0 0 0 0 138 140 0 0 2 151 141 133 170 170
2845173790 204 1 1 513573152 4043697867 3510125406 2632030108 3323160918 173377752 1895496777 22 160 0 1 1 0 2 2 0 158 240 1 0 0 0 0 1 1 0 30 203 94 0 0 0 0 0 0 86 216 0 0 1 73 22 150 54 182
3781853929 179 2 0 3293827487 404292568 4167611565 1158239263 1519294120 2543608023 2646534374 45 52 0 2 2 2 0 2 1 221 116 0 0 1 1 1 0 1 0 233 216 173 0 0 0 0 0 0 168 215 0 0 2 213 9 153 170 170
1460749427 170 3 0 2534604782 3472852385 2242335371 1983101864 2319602088 985075579 1624587724 234 93 2 1 1 1 0 2 0 191 112 1 1 0 0 0 0 1 0 179 161 139 0 0 0 0 0 0 168 123 0 0 1 204 234 206 43 215
2191338290 23 2 0 3977050625 1379577223 2387706987 4081230691 3946935675 1690559978 1974353147 148 43 2 1 1 0 1 1 2 252 244 0 1 0 0 0 0 0 1 98 135 107 0 0 0 0 0 0 123 234 0 0 1 251 148 80 123 175
2420424788 245 2 0 76265083 4177446035 1959180541 2476402487 404581413 319935985 2180939699 184 37 1 2 2 2 0 0 0 253 48 0 0 1 1 1 0 0 0 228 147 253 0 0 0 0 0 0 37 241 0 0 1 179 184 60 97 237
2493861300 121 3 0 1703501884 942723001 1256517298 1691941622 3232461763 680331668 455997179 5 38 2 1 1 0 0 0 0 190 48 0 1 0 0 0 0 0 0 52 185 178 0 0 0 0 0 0 195 148 0 0 1 251 5 189 227 11
1733184395 215 3 1 942583054 1353096122 3191932450 2631617296 2387297567 396044467 3179063817 122 98 0 0 0 1 2 1 0 135 240 1 0 0 0 0 1 0 0 187 186 34 0 0 0 0 0 0 31 179 0 0 1 9 122 98 196 124
4285735001 170 3 1 3472301256 3196819785 800066488 2091759586 318563601 1015194248 1834889700 216 246 2 2 1 1 1 2 0 191 240 1 1 1 0 0 0 1 0 57 73 184 0 0 0 0 0 0 17 136 0 0 1 228 216 208 198 174
1583264483 18 2 1 2020219349 2706600670 294707479 4052957605 592300152 1979203350 1166722077 160 244 1 0 0 2 0 2 2 165 116 1 0 0 0 1 0 1 1 99 222 23 0 0 0 0 0 0 120 22 0 0 1 29 160 48 36 212
3683507095 68 3 1 342702396 3299470859 2387953369 4054505830 1785343671 4245128532 2698610360 119 226 0 1 0 0 0 1 2 150 116 1 0 0 0 0 0 0 1 55 11 217 0 0 0 0 0 0 183 84 0 0 1 184 119 95 65 249
2500455163 230 1 1 882751023 129492098 643091659 3091097410 2172331280 2516798917 402708429 58 210 0 2 1 1 2 0 2 159 180 1 0 1 0 0 1 0 1 219 130 203 0 0 0 0 0 0 16 197 0 0 1 205 58 226 180 172
1396223581 48 2 0 531047356 2941823144 1449959091 519710207 3946854596 3595001293 1415105739 187 69 0 0 1 2 1 1 1 205 244 0 0 0 0 1 0 0 0 45 168 179 0 0 0 0 0 0 196 205 0 0 2 85 154 158 170 170
3644916173 170 0 1 736332919 2854996716 83168860 4065970904 3877864930 3461168437 3381549959 245 221 0 1 1 2 2 2 2 159 244 1 0 0 0 1 1 1 1 205 236 92 0 0 0 0 0 0 226 53 0 0 1 135 245 217 182 98
386808461 167 1 1 4017866537 3339811927 2506381404 3261455443 3492678509 1589613988 2594606135 233 81 1 2 2 2 0 2 0 189 112 1 0 1 1 1 0 1 0 93 87 92 0 0 0 0 0 0 109 164 0 0 1 55 233 93 174 10
2140664772 206 3 1 2263676788 406732991 1390301466 522721716 456947247 4203378869 1968597129 41 238 2 1 1 2 2 1 0 191 240 1 1 0 0 1 1 0 0 52 191 26 0 0 0 0 0 0 47 181 0 0 1 137 41 129 111 119
458097532 99 3 0 410320685 2443888077 221405086 848462399 2952567773 2594674811 2133157545 101 161 0 0 2 0 0 0 0 140 48 0 0 0 1 0 0 0 0 124 205 158 0 0 0 0 0 0 221 123 0 0 1 169 101 25 186 214
2172386721 14 0 0 3217009213 346196010 745906039 2786012685 122517162 189823057 1280222017 53 18 1 1 1 1 2 0 2 189 180 0 0 0 0 0 1 0 1 65 42 119 0 0 0 0 0 0 170 81 0 0 1 65 53 221 239 231
1091198236 170 3 0 1470686387 2778516859 3263980969 224861459 3138971101 3311829534 2163336108 122 234 2 1 1 1 0 1 1 189 116 1 1 0 0 0 0 0 0 252 123 169 0 0 0 0 0 0 221 30 0 0 2 110 88 224 170 170
1245260712 68 1 1 4033579856 831815985 1801325660 3489112349 3540578247 3780185925 1727619481 82 125 1 2 2 0 0 0 2 188 52 1 0 1 1 0 0 0 1 24 49 92 0 0 0 0 0 0 199 69 0 0 1 153 82 182 51 95
1619990720 162 1 0 1196030838 2711572533 3612489447 2012625565 3559749197 1540587232 3838502553 182 78 1 2 2 0 1 2 0 252 240 0 0 1 1 0 0 1 0 144 53 231 0 0 0 0 0 0 77 224 0 0 1 153 182 142 220 100
2790789645 227 1 1 2002301340 219123527 1816775078 3349649797 3014261951 3578549779 2100772963 94 238 2 1 1 0 2 1 2 188 244 1 1 0 0 0 1 0 1 29 71 166 0 0 0 0 0 0 191 19 0 0 1 99 94 182 164 172
3361425136 136 2 1 2275658148 1306374072 917108176 38841685 1813820709 1726280871 1451673410 214 71 2 0 0 2 1 0 0 165 176 1 1 0 0 1 0 0 0 32 184 208 0 0 0 0 0 0 37 167 0 0 1 66 214 66 137 205
2952303502 170 2 0 2441054500 3037682584 1756482193 3431231226 3615976457 3069785881 430033988 15 113 1 2 0 1 1 0 1 183 180 1 0 1 0 0 0 0 0 46 152 145 0 0 0 0 0 0 9 25 0 0 2 193 50 38 170 170
858107704 149 3 0 2804880712 3316621238 2618626903 832067769 1527738311 2949116136 983903616 157 118 0 0 1 2 2 0 1 141 180 0 0 0 0 1 1 0 0 56 182 87 0 0 0 0 0 0 199 232 0 0 2 105 223 215 170 170
2927009657 35 1 0 3898804470 682139825 1075035230 3500802768 4204626601 2241219359 219207080 95 198 2 0 1 1 0 2 1 239 116 0 1 0 0 0 0 1 0 153 177 94 0 0 0 0 0 0 169 31 0 0 2 203 145 201 170 170
3824086705 253 2 1 4247542493 1015631019 3923176926 2454816619 1312931098 1783711786 2612056837 110 148 1 2 2 0 0 2 2 188 116 1 0 1 1 0 0 1 1 97 171 222 0 0 0 0 0 0 26 42 0 0 1 5 110 126 18 66
339911933 114 1 1 1805278911 3374430038 3009747657 746391084 2290413289 3500727683 3207557724 240 210 1 0 2 0 2 2 2 174 244 1 0 0 1 0 1 1 1 221 86 201 0 0 0 0 0 0 233 131 0 0 1 92 240 152 106 98
4258814567 170 3 0 2413200000 2018837616 4045587450 2586551170 1223669955 2377872591 2436456702 107 216 2 1 0 0 1 2 0 182 240 1 1 0 0 0 0 1 0 55 112 250 0 0 0 0 0 0 195 207 0 0 1 254 107 75 35 195
422233522 224 2 0 2563859082 3462846389 2117938394 3793875619 2587588113 2951883180 3158838540 135 251 1 0 1 2 1 1 1 237 244 0 0 0 0 1 0 0 0 162 181 218 0 0 0 0 0 0 17 172 0 0 2 109 104 100 170 170
1975533800 189 2 1 741599438 670081283 3902361375 2009467261 3245375725 3572285724 3260755411 15 166 0 2 2 0 2 1 2 156 244 1 0 1 1 0 1 0 1 168 3 31 0 0 0 0 0 0 237 28 0 0 1 211 15 199 109 149
1646941857 103 2 1 3372395550 1919531704 708402887 1317498281 3810712383 2688049929 3361683532 134 62 2 2 2 2 1 2 1 189 244 1 1 1 1 1 0 1 0 161 184 199 0 0 0 0 0 0 63 9 0 0 2 98 160 56 170 170
219664014 114 2 1 993757513 196787219 1288389769 2223396498 4217350030 3820989325 644858786 213 21 2 1 0 2 1 2 1 183 244 1 1 0 0 1 0 1 0 110 19 137 0 0 0 0 0 0 142 141 0 0 2 15 36 104 170 170
1592410187 170 0 0 1061780640 3645499946 3592435976 2897323408 4039152353 2820062501 4217540978 199 82 2 0 0 1 1 0 2 167 180 1 1 0 0 0 0 0 1 11 42 8 0 0 0 0 0 0 225 37 0 0 1 114 199 111 193 185
2206644481 83 3 0 3314129983 2461632619 123845557 3711964933 168873104 1799855329 286258363 161 165 0 0 2 2 1 1 0 141 240 0 0 0 1 1 0 0 0 241 107 181 0 0 0 0 0 0 144 225 0 0 1 187 161 37 202 86
3628766730 51 2 0 2051461020 1793460369 3166832349 3127901246 623104783 4082288711 2135106008 252 187 2 1 2 2 2 2 1 255 244 0 1 0 1 1 1 1 0 42 145 221 0 0 0 0 0 0 15 71 0 0 2 98 29 25 170 170
3314335775 252 3 1 1142449384 3870877335 3884202254 3035355190 4282620224 569500394 3805810860 85 156 2 2 0 1 2 2 0 183 240 1 1 1 0 0 1 1 0 63 151 14 0 0 0 0 0 0 64 234 0 0 1 172 85 5 161 177
1365043312 178 1 0 1233240458 2889668901 3219222663 4172976312 1001217974 1845140439 1772518026 118 152 1 1 0 2 0 2 2 247 116 0 0 0 0 1 0 1 1 144 37 135 0 0 0 0 0 0 182 215 0 0 1 138 118 86 238 142
595521874 170 1 1 996648711 191025464 3323436640 694352806 1109896572 332002452 3404528749 160 251 0 0 1 0 0 2 0 142 112 1 0 0 0 0 0 1 0 210 56 96 0 0 0 0 0 0 124 148 0 0 1 109 160 156 151 139
217104503 68 1 0 2189319909 3831183333 85714510 2735411353 366710392 1447948145 3501116365 142 222 2 2 0 2 0 0 0 245 48 0 1 1 0 1 0 0 0 87 229 78 0 0 0 0 0 0 120 113 0 0 1 205 142 166 132 204
1601407738 66 3 1 2491124897 2056172589 4015266155 3787296743 146806641 656789823 601132384 118 116 2 0 2 0 1 1 2 172 244 1 1 0 1 0 0 0 1 122 45 107 0 0 0 0 0 0 113 63 0 0 1 96 118 6 122 42
298687694 169 2 1 4019467764 3148384995 3026383874 4157515188 941883929 155790738 3540898115 152 90 2 2 1 1 0 0 1 191 52 1 1 1 0 0 0 0 0 46 227 2 0 0 0 0 0 0 25 146 0 0 2 108 198 14 170 170
1744675246 36 2 1 3410500643 3622630075 3250145937 4168951467 329552435 3899532798 731237001 167 61 1 0 0 2 2 0 0 165 176 1 0 0 0 1 1 0 0 238 187 145 0 0 0 0 0 0 51 254 0 0 1 137 167 11 72 116
875722788 170 1 0 1054651760 3533528175 2652746242 725149398 3048561025 3543555448 3516798264 245 163 2 1 2 1 0 1 1 191 116 1 1 0 1 0 0 0 0 20 111 2 0 0 0 0 0 0 129 120 0 0 2 171 78 106 170 170
1471098579 147 2 0 400812926 2038599292 3230997536 1134652893 3068769717 1141199202 2562694963 190 228 2 2 0 2 1 1 2 245 244 0 1 1 0 1 0 0 1 163 124 32 0 0 0 0 0 0 181 98 0 0 1 51 190 14 242 226
351245205 83 1 1 37035790 4026882121 588292061 285517787 1888331635 2719038702 203866189 145 132 1 2 2 1 2 1 1 189 244 1 0 1 1 0 1 0 0 149 73 221 0 0 0 0 0 0 115 238 0 0 2 217 93 45 170 170
3702858221 207 1 0 1195844017 2890366443 903623560 1854784656 3943834250 1232053819 2914862257 99 3 2 2 2 0 2 2 0 254 240 0 1 1 1 0 1 1 0 93 235 136 0 0 0 0 0 0 138 59 0 0 1 177 99 255 2 214
1509337040 133 0 1 804116776 2960057251 2863182709 3429086419 4063739556 3371371485 2167419370 192 242 2 2 2 1 2 2 0 189 240 1 1 1 1 0 1 1 0 0 163 117 0 0 0 0 0 0 164 221 0 0 1 234 192 232 218 82
2074308728 170 2 1 1823595402 362576608 891715526 4022284765 157890335 2920631298 579318153 56 220 1 2 0 0 1 0 1 180 180 1 0 1 0 0 0 0 0 168 224 198 0 0 0 0 0 0 31 2 0 0 2 176 140 60 170 170
541598870 80 0 0 3671447173 1968991042 4196957117 1487935972 2704970029 4185404507 3851889529 184 191 0 1 2 0 0 1 2 158 116 0 0 0 1 0 0 0 1 70 66 189 0 0 0 0 0 0 45 91 0 0 1 121 184 132 67 167
3647440425 232 3 0 674267717 2631046251 1194840634 622809951 380178997 1018278733 1604715544 145 63 0 1 0 2 0 0 2 149 52 0 0 0 0 1 0 0 1 121 107 58 0 0 0 0 0 0 53 77 0 0 1 24 145 93 156 0
1969729239 73 0 1 2356026034 2048481767 2959128475 1503417554 2088540568 3731219879 4143510712 82 179 1 2 2 0 2 0 0 190 176 1 0 1 1 0 1 0 0 135 231 155 0 0 0 0 0 0 152 167 0 0 1 184 82 174 97 117
1685838604 192 3 1 2336478857 2414149210 4263213971 3669086198 1795238778 2611062202 2736444871 98 11 0 2 0 2 1 0 1 151 180 1 0 1 0 1 0 0 0 124 90 147 0 0 0 0 0 0 122 186 0 0 2 104 115 175 170 170
3028400958 170 1 1 3608796242 3313950194 890623059 3364875197 2277942190 422428721 2967035042 198 144 1 0 0 1 2 0 1 165 180 1 0 0 0 0 1 0 0 158 242 83 0 0 0 0 0 0 174 49 0 0 2 230 118 182 170 170
1445174640 97 3 1 1910906454 1733560863 2706822800 2405967238 2192963926 582912799 2847948903 43 111 1 1 0 1 2 2 0 183 240 1 0 0 0 0 1 1 0 176 31 144 0 0 0 0 0 0 86 31 0 0 1 103 43 183 38 202
1868318935 139 3 1 1933800310 2490798874 3399507126 2374446334 647274585 720749749 2586933030 174 164 1 2 1 2 1 2 2 191 244 1 0 1 0 1 0 1 1 183 26 182 0 0 0 0 0 0 89 181 0 0 1 38 174 254 162 146
1167751739 255 1 1 4287152641 3323712514 19927906 1857987496 2496830703 2647023000 1341103852 182 68 1 0 2 2 2 0 1 175 180 1 0 0 1 1 1 0 0 91 2 98 0 0 0 0 0 0 239 152 0 0 2 126 194 146 170 170
4109741554 196 1 1 534376741 90496844 2964329670 1298333742 3217153937 3668791393 2842633723 44 229 1 2 0 2 1 0 2 183 180 1 0 1 0 1 0 0 1 82 76 198 0 0 0 0 0 0 145 97 0 0 1 251 44 176 149 33
2374899280 170 1 1 4087900402 987623371 2830758017 1525188818 793202651 2361228655 3260182451 84 180 1 2 2 0 2 2 0 190 240 1 0 1 1 0 1 1 0 144 203 129 0 0 0 0 0 0 219 111 0 0 1 179 84 228 152 72
38827577 74 3 0 3539144325 990154898 2594514713 2181737657 865695864 167546392 697038008 30 39 1 2 1 1 2 1 2 189 244 0 0 1 0 0 1 0 1 121 146 25 0 0 0 0 0 0 120 24 0 0 1 184 30 10 49 245
2978996924 167 2 1 414941081 702777217 3431677899 1211602843 1415595820 4233769665 2610167503 163 48 1 0 2 1 2 2 0 173 240 1 0 0 1 0 1 1 0 108 129 203 0 0 0 0 0 0 44 193 0 0 1 207 163 99 147 211
2769175093 203 3 1 1321209528 2253750915 1135744985 2634027738 541238266 2545878642 3735000656 142 17 0 2 2 1 1 2 1 159 244 1 0 1 1 0 0 1 0 53 131 217 0 0 0 0 0 0 250 114 0 0 2 128 145 5 170 170
407916798 42 0 1 3219852320 2870461825 1096252220 2627350316 1991004867 1354245110 1372985384 19 116 1 1 0 2 0 0 2 183 52 1 0 0 0 1 0 0 1 14 129 60 0 0 0 0 0 0 195 246 0 0 1 40 19 163 23 199
3002165788 170 3 1 2911784559 1472702024 4198906682 1370453032 2452957119 2486613598 998011782 1 57 1 0 2 2 1 2 2 175 244 1 0 0 1 1 0 1 1 252 72 58 0 0 0 0 0 0 191 94 0 0 1 134 1 149 206 138
961073229 106 0 0 2506079282 152319117 1016057567 1566904400 4222735158 1862850934 259253781 154 99 2 2 1 1 1 2 2 191 244 0 1 1 0 0 0 1 1 141 141 223 0 0 0 0 0 0 54 118 0 0 1 21 154 182 25 109
1265647143 69 3 0 4261104526 1098440096 1716585200 3601077283 1635042209 3343457132 770216079 35 0 1 1 0 0 0 0 0 180 48 0 0 0 0 0 0 0 0 183 160 240 0 0 0 0 0 0 161 108 0 0 1 143 35 35 35 35
3834081042 93 0 0 1065861172 1706261375 2754335257 3848178837 3406374637 1795305072 2612230874 36 40 0 1 2 1 0 0 2 157 52 0 0 0 1 0 0 0 1 2 127 25 0 0 0 0 0 0 237 112 0 0 1 218 36 68 108 204
1884725201 225 0 0 1618915346 4248402503 3720412795 2336482497 1235003953 397368233 1100781210 180 192 2 1 2 0 2 2 1 188 244 0 1 0 1 0 1 1 0 129 71 123 0 0 0 0 0 0 49 169 0 0 2 52 244 244 170 170
57209200 170 1 1 2645429078 2731024017 3405364290 136294764 1983663524 3271598894 2991887904 121 109 2 1 1 1 0 1 2 191 116 1 1 0 0 0 0 0 1 144 145 66 0 0 0 0 0 0 164 46 0 0 1 32 121 157 10 118
2269314544 100 2 0 3704511956 706344294 2595847683 1422462311 220100495 3937321843 1042191590 254 116 0 2 2 2 2 1 2 221 244 0 0 1 1 1 1 0 1 32 102 3 0 0 0 0 0 0 143 115 0 0 1 230 254 142 2 178
3033255498 77 3 0 4164165536 4098245338 1318775134 3519859431 2247803753 2280785046 1122755469 172 95 2 0 0 2 1 1 0 165 240 0 1 0 0 1 0 0 0 58 218 94 0 0 0 0 0 0 105 150 0 0 1 141 172 248 87 59
4144630376 56 2 1 180204835 1019239084 941635835 3600837877 1807766580 4288069847 385367502 241 24 2 2 0 2 1 2 1 181 244 1 1 1 0 1 0 1 0 232 172 251 0 0 0 0 0 0 52 215 0 0 2 161 185 153 170 170
1782744015 111 2 0 4225504344 252830249 1187334888 3413006825 2933299774 285945390 1730671922 57 75 0 0 2 0 2 0 2 204 180 0 0 0 1 0 1 0 1 47 41 232 0 0 0 0 0 0 62 46 0 0 1 50 57 117 192 116
2115850987 170 2 1 1741701385 1277283694 4138545936 404974400 3397128821 2885937030 3530615000 243 244 1 1 0 2 2 1 1 183 244 1 0 0 0 1 1 0 0 107 110 16 0 0 0 0 0 0 117 134 0 0 2 27 15 159 170 170
1707144863 252 1 1 3311576791 1051913154 4168410099 3101526086 4086911803 3055071972 3237171769 48 207 2 0 0 0 0 1 2 166 116 1 1 0 0 0 0 0 1 223 194 243 0 0 0 0 0 0 59 228 0 0 1 57 48 60 11 47
2933943547 176 1 0 2108893732 3626453596 376690813 1675497314 1677516791 84249706 719162810 94 88 2 0 0 2 2 1 2 231 244 0 1 0 0 1 1 0 1 27 92 125 0 0 0 0 0 0 247 106 0 0 1 186 94 62 150 54
3583308296 180 0 0 38373602 2663053647 3113665219 1963071682 977850096 2111276253 1854343091 130 5 2 1 2 0 0 2 0 190 112 0 1 0 1 0 0 1 0 136 79 195 0 0 0 0 0 0 240 221 0 0 1 179 130 134 139 151
2963202764 75 0 0 841976191 3409425645 123421089 2559171811 7820492 3718424971 620433679 76 72 0 0 1 0 2 2 1 140 244 0 0 0 0 0 1 1 0 204 237 161 0 0 0 0 0 0 204 139 0 0 2 92 164 68 170 170
639633215 170 3 0 1494557228 1984810061 3788335922 3928774315 282540097 579174432 1344172493 129 177 0 0 1 0 1 2 0 140 240 1 0 0 0 0 0 1 0 63 77 50 0 0 0 0 0 0 65 32 0 0 1 205 129 117 38 2
2809506655 57 1 1 4272969933 1939081138 819336200 2288899832 2066301717 2161830879 446932964 229 7 0 2 0 1 2 1 0 151 240 1 0 1 0 0 1 0 0 95 178 8 0 0 0 0 0 0 21 223 0 0 1 228 229 81 88 156
567077149 53 3 0 1527083173 3247802516 2717988889 4064932366 3162387586 2975593582 3872380802 15 62 2 0 1 0 2 2 0 174 240 0 1 0 0 0 1 1 0 125 148 25 0 0 0 0 0 0 130 110 0 0 1 130 15 167 229 173
26660056 159 0 0 1203068322 3825149117 3083226327 2179024166 3396805996 653080192 3672961842 207 200 1 2 1 0 2 0 2 190 180 0 0 1 0 0 1 0 1 136 189 215 0 0 0 0 0 0 108 128 0 0 1 50 207 111 55 23
4056256706 25 0 1 2811767860 1119589164 3357623174 1896169538 3217303573 3473303441 1140204162 208 119 2 0 2 0 0 1 1 174 116 1 1 0 1 0 0 0 0 2 44 134 0 0 0 0 0 0 21 145 0 0 2 110 229 17 170 170
2596829282 170 2 1 3040093169 3166665937 1432518420 4049632114 860975535 1953437875 169550598 67 75 2 1 1 1 2 2 1 191 244 1 1 0 0 0 1 1 0 98 209 20 0 0 0 0 0 0 175 179 0 0 2 201 20 80 170 170
2676876565 60 3 0 1161075069 2216956146 2620924758 1578982327 898843964 3311201023 1384067248 111 87 0 2 2 1 2 1 2 157 244 0 0 1 1 0 1 0 1 117 242 86 0 0 0 0 0 0 60 255 0 0 1 176 111 27 114 118
1563204808 162 1 0 3022302291 288319107 2620604844 2064969817 3607624671 841996287 3549312509 184 64 0 2 1 0 0 2 0 220 112 0 0 1 0 0 0 1 0 216 131 172 0 0 0 0 0 0 223 255 0 0 1 253 184 184 248 248
968478175 114 1 0 1079735729 2934240823 2822836422 3882439914 1800253746 2337531776 4041689910 171 213 2 2 2 2 0 1 1 255 116 0 1 1 1 1 0 0 0 95 55 198 0 0 0 0 0 0 50 128 0 0 2 101 58 126 170 170
3104815810 156 1 1 2983506186 2728293602 170474525 3953610569 2805217708 2557330752 4210315290 160 165 2 2 2 2 1 2 0 189 240 1 1 1 1 1 0 1 0 146 226 29 0 0 0 0 0 0 172 64 0 0 1 26 160 36 201 85
1832895803 170 1 0 1968539565 2478066434 3513909418 2039586390 1037130156 3048560755 618119045 35 70 2 0 0 2 1 0 0 167 176 1 1 0 0 1 0 0 0 91 2 170 0 0 0 0 0 0 172 115 0 0 1 133 35 91 161 73
2680962530 54 1 0 1877600188 3087432529 3735522949 989840170 2471994113 3076491655 947766810 131 245 0 2 0 1 2 2 1 215 244 0 0 1 0 0 1 1 0 18 81 133 0 0 0 0 0 0 1 135 0 0 2 125 114 54 170 170
314295607 121 0 0 322311491 1953091957 302340467 1730778412 2661196105 669858912 2285554066 209 213 2 0 0 0 0 0 2 166 52 0 1 0 0 0 0 0 1 199 117 115 0 0 0 0 0 0 73 96 0 0 1 146 209 21 234 182
2819724043 82 3 1 3693104578 464522000 1945683518 526917224 1661508809 3735007172 915359506 87 255 2 2 2 0 1 2 1 190 244 1 1 1 1 0 0 1 0 187 16 62 0 0 0 0 0 0 201 196 0 0 2 133 132 80 170 170
3014116543 131 0 0 3738129903 2555187464 3012100938 2069181548 1513743125 2968199158 514789892 54 27 0 1 2 2 2 1 1 159 244 0 0 0 1 1 1 0 0 207 8 74 0 0 0 0 0 0 21 246 0 0 2 92 119 243 170 170
641435959 170 3 0 3847503334 2609298368 3002999407 3492668703 1401766866 3065319962 999556513 20 193 1 0 1 2 1 1 1 173 244 1 0 0 0 1 0 0 0 183 192 111 0 0 0 0 0 0 210 26 0 0 2 102 39 91 170 170
423838970 62 1 0 1333119251 792654332 1916340741 1702169668 2291230317 3089870958 3456049280 239 148 2 0 1 1 1 1 2 239 244 0 1 0 0 0 0 0 1 218 252 5 0 0 0 0 0 0 109 110 0 0 1 128 239 255 147 195
1978928695 52 0 0 2974379971 4078262681 976641537 3951496402 4094936254 1694994870 703808585 105 209 0 2 0 1 2 1 2 151 244 0 0 1 0 0 1 0 1 199 153 1 0 0 0 0 0 0 190 182 0 0 1 73 105 221 174 10
4101126366 244 3 0 3871507734 1024665149 1676290146 2865670789 3579626209 3558103476 936354903 58 197 1 1 2 2 2 2 1 189 244 0 0 0 1 1 1 1 0 190 61 98 0 0 0 0 0 0 225 180 0 0 2 212 153 157 170 170
302752671 87 3 1 3022679825 3546183730 2177798856 3769148243 3897891696 351241898 1847406951 218 8 2 0 0 1 1 1 2 165 244 1 1 0 0 0 0 0 1 127 50 200 0 0 0 0 0 0 112 170 0 0 1 103 218 122 130 98
1563253993 170 0 1 1112482212 843045446 2182246125 2450383793 3490825747 156518441 1173499044 206 86 1 1 1 1 0 1 1 189 116 1 0 0 0 0 0 0 0 9 70 237 0 0 0 0 0 0 19 41 0 0 2 90 176 40 170 170
3215375664 221 3 0 1363557614 1539521403 1134068110 3256687568 678831301 607404658 3851299609 232 45 2 1 0 0 2 2 1 182 244 0 1 0 0 0 1 1 0 176 123 142 0 0 0 0 0 0 197 114 0 0 2 210 255 35 170 170
3416837167 26 2 0 1995791612 3867949766 3154167641 4017806842 3688414999 10922041 2072428121 249 255 1 0 1 2 1 0 2 239 180 0 0 0 0 1 0 0 1 47 198 89 0 0 0 0 0 0 23 57 0 0 1 89 249 197 196 40
1559703102 38 1 1 442644533 1307562280 1657067536 2393029284 2042690845 1205671590 1012132884 51 176 2 2 0 1 0 1 1 183 116 1 1 1 0 0 0 0 0 94 40 16 0 0 0 0 0 0 29 166 0 0 2 147 67 3 170 170
994998319 254 0 0 3101011238 1138569476 2873196239 2327421794 3601869428 3076865405 575530280 14 35 0 0 2 1 2 1 2 143 244 0 0 0 1 0 1 0 1 143 4 207 0 0 0 0 0 0 116 125 0 0 1 40 14 42 77 161
1086925779 170 0 1 3249221904 1756937339 4142928562 302451925 2296305513 122115665 3708459524 116 3 0 2 0 1 2 0 1 149 180 1 0 1 0 0 1 0 0 3 123 178 0 0 0 0 0 0 105 81 0 0 2 234 237 137 170 170
1385675775 100 0 0 2766901162 1447134347 2091061566 847653112 2298684256 853306640 31353602 48 29 2 1 1 2 2 0 1 191 180 0 1 0 0 1 1 0 0 143 139 62 0 0 0 0 0 0 96 16 0 0 2 250 23 251 170 170
75393931 110 1 0 1048278860 2369805065 2095247019 2989175315 3774923183 4235038493 2362284276 109 28 1 0 0 1 1 0 2 229 180 0 0 0 0 0 0 0 1 27 9 171 0 0 0 0 0 0 175 29 0 0 1 244 109 29 57 73
4208075256 57 2 1 479697952 1445297991 2805595526 897389424 3884494394 3212597286 1259816857 155 161 1 2 1 2 2 0 1 191 180 1 0 1 0 1 1 0 0 40 71 134 0 0 0 0 0 0 58 38 0 0 2 173 78 2 170 170
3810577305 199 2 1 620355659 1208314901 35529857 3559750337 2291395934 4214533945 3721840401 73 231 1 0 0 2 0 1 0 165 112 1 0 0 0 1 0 0 0 233 21 129 0 0 0 0 0 0 94 57 0 0 1 17 73 53 28 224
1038985376 170 1 1 2586492053 996158246 116636137 600944307 3209831288 1128928866 2359998034 17 142 0 2 0 2 2 0 1 149 180 1 0 1 0 1 1 0 0 80 38 233 0 0 0 0 0 0 120 98 0 0 2 141 27 243 170 170
886001175 88 2 1 2904411814 1237380443 449490527 3362610108 3280884153 714986684 3131904051 104 75 1 1 1 2 1 2 1 191 244 1 0 0 0 1 0 1 0 167 91 95 0 0 0 0 0 0 185 188 0 0 2 238 57 117 170 170
1711366861 94 1 0 626789692 3933025339 3921053117 2012713721 492439184 612772998 2874985883 112 63 1 2 0 2 2 2 1 245 244 0 0 1 0 1 1 1 0 29 59 189 0 0 0 0 0 0 144 134 0 0 2 30 93 41 170 170
870220431 198 0 0 2883970758 217935543 1644133756 920270752 1267456088 4241244668 3669167440 89 118 2 1 1 1 0 1 2 191 116 0 1 0 0 0 0 0 1 143 183 124 0 0 0 0 0 0 88 252 0 0 1 80 89 81 199 175
1221455678 252 0 0 2521207994 4285135619 752807471 3798372646 1688867013 1140741673 2970926639 106 116 2 2 0 2 1 2 1 183 244 0 1 1 0 1 0 1 0 142 3 47 0 0 0 0 0 0 197 41 0 0 2 146 6 150 170 170
3460541783 170 0 0 4187176506 2603533528 1209169062 1741972366 2423188836 3722422604 3214961687 240 104 2 0 1 0 1 2 1 174 244 1 1 0 0 0 0 1 0 135 216 166 0 0 0 0 0 0 100 76 0 0 2 64 168 200 170 170
2240722963 167 0 0 3522427430 1317064481 1489665785 301679904 1632667318 3865600935 1010484718 229 118 0 0 1 0 0 2 0 142 112 0 0 0 0 0 0 1 0 131 33 249 0 0 0 0 0 0 182 167 0 0 1 238 229 221 83 59
1568518113 121 1 0 1043682533 3089224570 1806065169 908260886 204364889 3398072649 975868113 238 1 1 0 0 1 2 1 1 231 244 0 0 0 0 0 1 0 0 81 122 17 0 0 0 0 0 0 89 73 0 0 2 192 193 245 170 170
3099989340 58 3 0 3516075650 1782494450 4127607498 3632090549 1205280215 3609020563 3388428862 69 102 1 0 2 0 0 2 1 172 116 0 0 0 1 0 0 1 0 188 242 202 0 0 0 0 0 0 215 147 0 0 2 241 87 15 170 170
3242573524 178 2 1 410653645 1342103770 294140093 2061540449 2293491186 2785475747 2878232688 139 215 2 1 1 2 1 0 1 189 180 1 1 0 0 1 0 0 0 100 218 189 0 0 0 0 0 0 242 163 0 0 2 233 192 108 170 170
3686500248 170 1 0 865669855 1707492368 2568861090 3961015737 612478752 3972488559 2210764862 255 197 2 2 1 1 0 2 1 189 116 1 1 1 0 0 0 1 0 216 16 162 0 0 0 0 0 0 32 111 0 0 2 153 94 98 170 170
1339820995 195 1 1 4037978834 2170436562 3886581559 1436076439 596613980 1896215441 1834447698 68 188 1 2 1 1 2 0 1 189 180 1 0 1 0 0 1 0 0 147 210 55 0 0 0 0 0 0 92 145 0 0 2 124 56 104 170 170
4068738021 129 1 0 953157412 1825857785 156798877 3860262585 332819735 268649735 3314716404 101 22 1 1 1 1 0 1 0 253 112 0 0 0 0 0 0 0 0 21 249 157 0 0 0 0 0 0 23 7 0 0 1 244 101 221 243 91
1009693906 76 1 0 2286477427 2261539651 144197806 628306112 814678385 3996610961 3732994928 192 234 1 0 2 0 0 2 1 238 116 0 0 0 1 0 0 1 0 210 67 174 0 0 0 0 0 0 113 145 0 0 2 180 158 38 170 170
4041752342 83 2 1 4207115169 1806999207 4182437517 4209247967 1135049568 4119598052 369350943 228 30 2 2 1 2 0 0 0 189 48 1 1 1 0 1 0 0 0 102 167 141 0 0 0 0 0 0 96 228 0 0 1 31 228 252 26 98
474269734 170 3 1 4179495754 3899218566 930139820 820562647 3027453545 1069706589 1652276145 175 10 1 1 0 2 0 1 0 181 112 1 0 0 0 1 0 0 0 182 134 172 0 0 0 0 0 0 105 93 0 0 1 177 175 183 193 217
4067282583 229 3 0 597779974 2589958027 3488901474 3141607703 2751603439 3651216946 3320024412 228 230 0 1 0 0 0 1 2 148 116 0 0 0 0 0 0 0 1 183 139 98 0 0 0 0 0 0 239 50 0 0 1 92 228 156 130 170
1951101392 216 3 1 2409606899 809777327 3893477152 2496054277 4089104584 125645380 1170437960 114 15 2 1 1 0 0 2 0 188 112 1 1 0 0 0 0 1 0 240 175 32 0 0 0 0 0 0 200 68 0 0 1 72 114 126 141 177
1745277721 64 1 0 3393978573 2600201511 939985137 452350272 3784185137 2724015251 422410655 94 173 2 1 2 1 1 2 0 255 240 0 1 0 1 0 0 1 0 89 39 241 0 0 0 0 0 0 49 147 0 0 1 159 94 130 47 155
4212153625 57 0 1 2906916324 1976265361 1128406923 2897120912 517152571 2143736208 961306396 157 133 1 0 1 1 2 1 1 175 244 1 0 0 0 0 1 0 0 9 145 139 0 0 0 0 0 0 59 144 0 0 2 183 60 64 170 170
2032188235 170 1 0 1991449464 365864423 440236184 2100838447 2488613258 1426647560 3548283832 51 55 1 2 0 0 0 0 1 180 52 1 0 1 0 0 0 0 0 27 231 152 0 0 0 0 0 0 138 8 0 0 2 81 136 180 170 170
1582625497 172 1 0 3086791014 3994959049 3724453182 819465727 3953875932 773901529 3176727262 234 195 2 0 2 0 1 1 0 236 240 0 1 0 1 0 0 0 0 153 201 62 0 0 0 0 0 0 220 217 0 0 1 222 234 134 73 29
765131502 14 1 0 4012863087 1107529962 1068486183 664999242 80886773 3866069279 3475623263 209 18 0 0 1 0 2 2 0 206 240 0 0 0 0 0 1 1 0 222 234 39 0 0 0 0 0 0 245 31 0 0 1 95 209 121 139 131
711233911 84 0 1 2987741641 2864608901 4259205728 3296449597 884246543 3988896286 2526832852 64 177 2 2 2 2 2 2 2 189 244 1 1 1 1 1 1 1 1 71 133 96 0 0 0 0 0 0 15 30 0 0 1 212 64 52 229 193
3564111406 20 3 1 2364449136 1396044651 2072099443 1253060145 956437624 676037073 3590526619 225 24 0 2 1 0 0 2 0 156 112 1 0 1 0 0 0 1 0 62 107 115 0 0 0 0 0 0 120 209 0 0 1 155 225 193 217 121
2111959553 170 3 0 3638310698 322235555 2068581517 363689134 251337512 3576788787 1649789994 75 230 2 0 1 1 1 2 1 175 244 1 1 0 0 0 0 1 0 177 163 141 0 0 0 0 0 0 40 51 0 0 2 247 221 149 170 170
1386153939 37 3 0 3993357453 346908211 404417919 4192320796 718662995 1340017954 1124353587 179 214 0 1 0 2 1 2 2 151 244 0 0 0 0 1 0 1 1 115 51 127 0 0 0 0 0 0 83 34 0 0 1 51 179 43 1 105
2606582367 148 0 0 1699264631 2666290998 3561530992 1668967368 3646134300 4101235585 4078815264 192 120 0 1 0 2 1 2 2 151 244 0 0 0 0 1 0 1 1 207 54 112 0 0 0 0 0 0 28 129 0 0 1 32 192 32 152 184
2624017426 198 1 0 1989346827 1742916143 1543725711 360169556 3987665092 1765875139 3913812717 247 65 1 1 2 2 1 1 1 255 244 0 0 0 1 1 0 0 0 210 47 143 0 0 0 0 0 0 196 195 0 0 2 73 138 190 170 170
1306955199 176 1 0 1993302747 1669601118 3551523059 3949549557 952726149 3190840373 1384331519 73 80 2 1 0 0 0 0 0 244 48 0 1 0 0 0 0 0 0 223 94 243 0 0 0 0 0 0 133 53 0 0 1 255 73 137 217 153
2847188759 170 2 1 1580517000 3420169988 1109169016 2464699404 2386017805 27619490 3315700536 179 192 0 0 2 0 2 0 1 142 180 1 0 0 1 0 1 0 0 39 4 120 0 0 0 0 0 0 13 162 0 0 2 51 243 243 170 170
3775764310 66 0 0 3961546357 4274894712 2642140189 326622690 1699455972 3056903218 2164974434 244 169 0 0 0 2 1 2 2 135 244 0 0 0 0 1 0 1 1 70 120 29 0 0 0 0 0 0 228 50 0 0 1 98 244 72 241 237
1656813869 16 2 0 1678673046 29697062 1465184930 2280591942 709981881 1515246515 3576403123 86 202 0 1 2 2 1 2 1 223 244 0 0 0 1 1 0 1 0 173 38 162 0 0 0 0 0 0 185 179 0 0 2 10 212 220 170 170
2158874062 72 0 1 2584829977 3191275825 2685049152 1538102383 3712589124 3091204085 1358015539 29 89 1 1 1 1 1 0 1 189 180 1 0 0 0 0 0 0 0 78 49 64 0 0 0 0 0 0 68 245 0 0 2 31 120 140 170 170
2017205851 113 0 0 2345489972 3800172825 1412147678 749782786 4289919014 562960356 3504394099 131 98 0 0 1 1 2 0 0 143 176 0 0 0 0 0 1 0 0 11 25 222 0 0 0 0 0 0 38 228 0 0 1 115 131 107 205 133
543270457 170 3 1 4226605560 3658253676 3628496184 3978319748 3550740395 1856134699 11276469 153 101 0 0 1 0 2 1 2 142 244 1 0 0 0 0 1 0 1 57 108 56 0 0 0 0 0 0 171 43 0 0 1 181 153 29 130 14
3687105597 15 1 1 1800374907 1315623763 1514943951 4105410603 4266674046 934343460 2834287317 164 226 2 1 2 2 1 2 1 189 244 1 1 0 1 1 0 1 0 221 83 207 0 0 0 0 0 0 126 36 0 0 2 8 234 210 170 170
3314183697 33 3 0 4174689331 996791637 594947839 3811098513 1637595543 1043051215 756284208 32 98 1 0 1 0 0 1 1 172 116 0 0 0 0 0 0 0 0 241 85 255 0 0 0 0 0 0 151 207 0 0 2 132 230 206 170 170
1455479796 108 3 0 2772277291 1701062009 543684486 3689416023 2338352851 1438255491 2562763346 121 124 0 0 1 0 0 0 1 140 52 0 0 0 0 0 0 0 0 244 121 134 0 0 0 0 0 0 211 131 0 0 2 49 173 221 170 170
4112489169 62 3 0 1621935961 1154581858 3306633768 2422925464 618225312 1753952938 3985931068 148 114 2 1 2 0 1 2 0 190 240 0 1 0 1 0 0 1 0 113 98 40 0 0 0 0 0 0 160 170 0 0 1 60 148 188 46 166
2191744291 170 2 0 2683531401 1360304994 414064681 3791829579 276429013 957373621 3655305083 33 183 0 0 1 1 0 1 0 141 112 1 0 0 0 0 0 0 0 99 98 41 0 0 0 0 0 0 213 181 0 0 1 123 33 77 4 136
4231329179 82 0 1 2793566247 4225222814 1826878173 3721244069 3221851319 3100366693 1458333443 58 233 1 1 1 2 1 2 0 189 240 1 0 0 0 1 0 1 0 203 158 221 0 0 0 0 0 0 183 101 0 0 1 3 58 142 119 115
476704364 47 1 0 1115790955 3588009479 4265272566 1913022706 3576683071 951858404 663865108 201 176 1 0 0 0 2 0 1 230 180 0 0 0 0 0 1 0 0 220 7 246 0 0 0 0 0 0 63 228 0 0 2 41 217 153 170 170
2954018578 29 3 0 297240045 3735659229 2168660135 146004192 914994754 3023562249 2272472738 62 31 0 2 0 2 0 2 2 151 116 0 0 1 0 1 0 1 1 114 221 167 0 0 0 0 0 0 66 9 0 0 1 162 62 138 169 141
1579032654 130 0 1 730793891 4277613212 4070382220 645116145 4052699379 2873268159 3875597452 187 166 2 2 1 2 1 1 2 189 244 1 1 1 0 1 0 0 1 206 156 140 0 0 0 0 0 0 243 191 0 0 1 140 187 115 25 65
3340422351 170 3 0 1803456619 2519424553 1838019723 1545227183 3452106723 2391966007 3559707147 147 110 1 2 0 0 0 0 0 180 48 1 0 1 0 0 0 0 0 255 41 139 0 0 0 0 0 0 227 55 0 0 1 11 147 235 89 97
1627530153 95 3 0 842891043 1794059993 2418710701 1247328653 3190233655 1787987785 2358240095 80 143 2 1 2 0 1 0 2 188 180 0 1 0 1 0 0 0 1 249 217 173 0 0 0 0 0 0 55 73 0 0 1 95 80 92 235 15
197559610 20 2 0 346331412 4218851870 3680129898 1173339458 31804140 783375989 2502606294 184 169 2 1 2 1 0 0 0 255 48 0 1 0 1 0 0 0 0 42 30 106 0 0 0 0 0 0 236 117 0 0 1 214 184 12 181 177
2806466827 34 1 1 161250497 3636394672 3336740163 444738084 3086838763 2922280458 770029778 118 131 2 0 2 1 1 1 2 175 244 1 1 0 1 0 0 0 1 91 176 67 0 0 0 0 0 0 235 10 0 0 1 210 118 18 149 105
778598992 52 3 1 3270319091 3279006047 3502765724 3687980566 1376423230 393639215 2411476131 236 216 0 0 0 1 1 2 1 135 244 1 0 0 0 0 0 1 0 240 95 156 0 0 0 0 0 0 62 47 0 0 2 28 244 212 170 170
1497405747 170 2 0 225852163 325628267 4095488270 1094419416 2924419753 4288510656 1689087942 0 19 1 0 2 0 2 2 2 174 244 1 0 0 1 0 1 1 1 227 107 14 0 0 0 0 0 0 169 192 0 0 1 198 0 220 239 131
146367960 239 2 1 4391809 3308215809 89102150 3525900582 3208376617 532840399 326596205 245 54 0 0 2 0 0 1 0 142 112 1 0 0 1 0 0 0 0 104 1 70 0 0 0 0 0 0 41 207 0 0 1 109 245 237 35 11
981614999 156 1 1 4200522796 2812631501 1713203049 392519255 2919884545 1297119819 490074047 186 229 1 1 1 0 1 1 0 188 240 1 0 0 0 0 0 0 0 23 205 105 0 0 0 0 0 0 1 75 0 0 1 191 186 62 35 175
2528800430 135 2 0 2248965935 1036314699 3030858355 1706441932 3564692205 508685875 1831835212 232 191 2 1 2 2 0 2 2 255 116 0 1 0 1 1 0 1 1 238 75 115 0 0 0 0 0 0 237 51 0 0 1 76 232 180 115 215
2236777165 122 0 0 2680298356 1137914563 4127006613 2492727062 3440251145 3110138189 681411730 237 43 0 0 2 2 2 2 0 143 240 0 0 0 1 1 1 1 0 13 195 149 0 0 0 0 0 0 9 77 0 0 1 146 237 169 212 8
2513611844 170 2 0 2583190939 1049975432 157208550 337481968 1145186135 1695515527 375722385 95 160 2 1 0 1 1 0 0 183 176 1 1 0 0 0 0 0 0 228 136 230 0 0 0 0 0 0 87 135 0 0 1 145 95 223 127 255
865058164 80 0 1 970946335 3563012422 4102713489 3893444849 3600915728 25822267 2386886358 137 88 1 1 2 2 1 1 2 189 244 1 0 0 1 1 0 0 1 196 70 145 0 0 0 0 0 0 16 59 0 0 1 214 137 105 193 97
3522526742 189 2 0 853544968 26794246 2518448781 1564524944 2385077132 3807536132 4194176849 250 237 1 0 1 1 2 1 0 239 240 0 0 0 0 0 1 0 0 38 6 141 0 0 0 0 0 0 140 4 0 0 1 81 250 30 11 119
2798436940 194 3 1 3341710697 584957889 1958568491 1092959058 2447932034 2917046963 336344469 47 26 0 2 2 2 1 1 0 159 240 1 0 1 1 1 0 0 0 124 193 43 0 0 0 0 0 0 130 179 0 0 1 149 47 119 145 105
2944670148 95 0 1 4133894006 3211611309 171807821 1606806298 2402000548 2724079857 1831038299 226 19 1 2 0 0 2 2 0 182 240 1 0 1 0 0 1 1 0 132 173 77 0 0 0 0 0 0 164 241 0 0 1 91 226 190 209 101
1977438530 170 0 1 1365659964 4162609627 1925560861 2701532991 651058623 3295902301 3404835459 202 45 1 0 2 2 0 1 1 173 116 1 0 0 1 1 0 0 0 2 219 29 0 0 0 0 0 0 191 93 0 0 2 180 225 5 170 170
214251462 193 1 1 2416102974 238168044 795843760 3116244283 3598086622 1398875908 3328764534 112 3 2 0 2 1 0 2 0 173 112 1 1 0 1 0 0 1 0 150 236 176 0 0 0 0 0 0 222 4 0 0 1 118 112 12 15 227
3988781084 229 1 1 1484917174 2951598740 763523120 4129750840 1062262208 4001454423 1159378034 221 45 1 2 2 2 2 0 1 191 180 1 0 1 1 1 1 0 0 156 148 48 0 0 0 0 0 0 192 87 0 0 2 199 244 24 170 170
3230556 84 2 0 3166749287 3503627775 1831449454 2213416470 1669976044 1556272785 32915308 122 248 1 0 1 0 2 0 0 238 176 0 0 0 0 0 1 0 0 236 255 110 0 0 0 0 0 0 236 145 0 0 1 108 122 218 210 242
923371259 165 1 0 432702084 1818640891 2024137141 1363595791 4002200599 589309208 2024309963 156 153 1 1 2 2 0 1 1 253 116 0 0 0 1 1 0 0 0 27 251 181 0 0 0 0 0 0 23 24 0 0 2 30 183 203 170 170
3509126551 170 3 0 3851499553 2666386999 3798484997 2380742749 1944733579 2937663236 1462455635 188 115 0 2 0 2 0 2 0 149 112 1 0 1 0 1 0 1 0 119 55 5 0 0 0 0 0 0 139 4 0 0 1 83 188 24 139 159
2787054868 236 3 0 570414164 4058255994 771229001 2591147239 3853960191 207823207 3600906075 54 215 1 0 1 2 1 0 0 173 176 0 0 0 0 1 0 0 0 52 122 73 0 0 0 0 0 0 255 103 0 0 1 91 54 226 185 189
464903872 153 1 0 1091530706 2576259310 2537621951 3722349421 1655332277 290072666 4171188995 87 166 1 1 1 2 0 2 1 253 116 0 0 0 0 1 0 1 0 144 238 191 0 0 0 0 0 0 181 90 0 0 2 131 41 225 170 170
905657300 246 3 1 1840060854 757972181 2106985367 3940257318 1075542317 1615273834 1107258354 10 114 1 1 2 2 0 1 0 191 112 1 0 0 1 1 0 0 0 180 213 151 0 0 0 0 0 0 45 106 0 0 1 242 10 50 164 28
1697201322 176 0 0 12915738 2674411134 2700774947 753081417 2743279449 447409118 2582918060 36 186 1 2 0 2 1 2 2 181 244 0 0 1 0 1 0 1 1 138 126 35 0 0 0 0 0 0 89 222 0 0 1 172 36 236 166 254
3547010378 170 0 0 1744748956 835977968 699900535 3677692487 270881887 1454828182 516060515 136 49 2 1 1 1 0 0 0 189 48 1 1 0 0 0 0 0 0 10 240 119 0 0 0 0 0 0 95 150 0 0 1 99 136 124 173 137
116867515 12 1 1 3621470908 2131105992 705220878 2182108925 1393269919 1342840750 2274088925 151 28 2 0 0 1 0 0 1 165 52 1 1 0 0 0 0 0 0 27 200 14 0 0 0 0 0 0 159 174 0 0 2 143 171 91 170 170
2868431340 232 0 0 1462744300 3301234792 3729577598 624888129 834210832 717377928 2494409750 72 243 2 0 1 1 0 1 0 173 112 0 1 0 0 0 0 0 0 12 104 126 0 0 0 0 0 0 16 136 0 0 1 22 72 164 151 171
3710652061 95 1 0 399534506 2964721279 985375472 3790913838 2235789759 3035813278 3871492523 194 249 2 1 2 0 2 0 0 254 176 0 1 0 1 0 1 0 0 157 127 240 0 0 0 0 0 0 191 158 0 0 1 171 194 86 79 11
1281644512 89 0 0 3907268308 2970279749 4131570171 3093229681 3242588521 2469427332 1496134555 169 59 1 1 0 1 2 1 1 181 244 0 0 0 0 0 1 0 0 0 69 251 0 0 0 0 0 0 105 132 0 0 2 15 74 70 170 170
3652786110 170 2 0 2538876248 3095536508 3338295379 3442364857 3426936061 2823832344 3174376997 6 9 1 1 2 0 2 1 1 188 244 1 0 0 1 0 1 0 0 46 124 83 0 0 0 0 0 0 253 24 0 0 2 104 113 69 170 170
3541376704 233 1 0 480489740 4072217702 2522925613 4292280615 2255041012 414680911 1746002295 126 113 2 0 0 1 0 0 0 229 48 0 1 0 0 0 0 0 0 16 102 45 0 0 0 0 0 0 244 79 0 0 1 119 126 114 227 191
2318459226 193 2 0 3548527330 617660203 3203817787 2467903660 775342360 380419532 1066114185 103 246 2 2 1 1 2 1 0 255 240 0 1 1 0 0 1 0 0 170 43 59 0 0 0 0 0 0 24 204 0 0 1 137 103 95 85 61
2093127604 98 3 0 444780049 949889114 2605451340 2589707338 2897487988 3399883156 1607121487 217 226 2 2 2 1 2 0 2 191 180 0 1 1 1 0 1 0 1 116 90 76 0 0 0 0 0 0 116 148 0 0 1 79 217 193 163 91
3836939635 194 1 1 3245036251 758955965 2750910897 2180325695 2338897742 2593859757 3635911673 114 228 2 0 1 1 2 1 1 173 244 1 1 0 0 0 1 0 0 211 189 177 0 0 0 0 0 0 78 173 0 0 2 122 94 174 170 170
2016485439 170 2 0 4067413647 3208695260 1185595745 421847872 873749097 1373649713 3657229228 187 132 0 1 2 2 1 0 1 159 180 1 0 0 1 1 0 0 0 239 220 97 0 0 0 0 0 0 105 49 0 0 2 3 135 87 170 170
2702857481 94 3 1 2378573836 1298183443 1739941071 2300151040 4095484986 3101216330 1841027048 156 205 2 0 1 0 0 1 2 174 116 1 1 0 0 0 0 0 1 57 19 207 0 0 0 0 0 0 58 74 0 0 1 232 156 64 13 249
1816491063 77 3 1 3006524222 3752335775 2535764926 2987133615 1947588674 1746322635 2348407512 21 244 1 0 0 1 2 1 2 165 244 1 0 0 0 0 1 0 1 183 159 190 0 0 0 0 0 0 66 203 0 0 1 216 21 165 153 73
985473553 40 0 0 2488942375 3338125965 1726945391 1086627256 264534719 1186645353 2576308341 126 177 2 2 0 0 0 1 1 182 116 0 1 1 0 0 0 0 0 193 141 111 0 0 0 0 0 0 191 105 0 0 2 176 97 85 170 170
825261240 231 3 1 1613257013 1676879722 2974847373 2911003343 3720798531 438798188 557842321 145 151 0 2 1 2 0 1 0 157 112 1 0 1 0 1 0 0 0 120 106 141 0 0 0 0 0 0 67 108 0 0 1 145 145 61 212 216
1155845640 170 3 0 2287974005 1360682832 3467327608 3261689457 1580145844 1620628300 3753857050 162 116 0 0 1 1 0 0 2 141 52 1 0 0 0 0 0 0 1 120 80 120 0 0 0 0 0 0 180 76 0 0 1 26 162 50 166 86
3268711768 60 2 0 19744984 2392617366 1819532269 3833521229 1446513099 3108041262 2024424239 222 38 0 0 2 0 1 2 0 204 240 0 0 0 1 0 0 1 0 40 150 237 0 0 0 0 0 0 203 46 0 0 1 47 222 150 188 228
1011114019 233 0 0 1365977811 1226841381 3168724106 2355035 467895785 1603287859 67670133 114 207 1 1 1 0 1 0 0 188 176 0 0 0 0 0 0 0 0 195 37 138 0 0 0 0 0 0 233 51 0 0 1 117 114 126 77 113
2956017342 89 1 0 1835769391 2770243242 2480559869 3077931761 2512226260 653523916 807763266 44 22 0 1 0 1 0 0 1 213 52 0 0 0 0 0 0 0 0 222 170 253 0 0 0 0 0 0 212 204 0 0 2 56 78 198 170 170
2832818594 226 0 1 2878747199 1251877682 1746132207 3199264412 146955222 4045379743 102029774 107 100 2 2 2 1 0 2 0 191 112 1 1 1 1 0 0 1 0 194 50 239 0 0 0 0 0 0 214 159 0 0 1 206 107 187 31 15
2850140310 170 1 0 437908856 2388765976 1128471862 3206739862 1278541023 4194402729 3038741719 1 118 2 0 0 1 0 2 0 167 112 1 1 0 0 0 0 1 0 22 24 54 0 0 0 0 0 0 223 169 0 0 1 215 1 249 111 87
1601699139 159 3 0 1099708890 1544136616 3322259216 2323784875 3979578540 3614821543 832108295 136 135 2 0 2 1 1 0 2 173 180 0 1 0 1 0 0 0 1 179 168 16 0 0 0 0 0 0 172 167 0 0 1 7 136 244 123 191
2639005658 220 2 0 505424056 2110956866 2643770467 3140449114 1365935013 546855304 2316114461 102 2 0 0 2 0 0 0 1 206 52 0 0 0 1 0 0 0 0 42 66 99 0 0 0 0 0 0 165 136 0 0 2 10 12 116 170 170
4249241732 158 0 1 3393053892 3428601628 427501079 669598617 2489434264 3626188620 1191052868 209 81 1 0 1 1 0 0 0 173 48 1 0 0 0 0 0 0 0 4 28 23 0 0 0 0 0 0 152 76 0 0 1 68 209 69 150 242
584544494 210 2 0 2652037956 3757036102 4069385015 3969022621 1893373413 2513321073 2707062308 161 21 1 0 0 1 0 0 1 229 52 0 0 0 0 0 0 0 0 46 70 55 0 0 0 0 0 0 229 113 0 0 2 219 240 52 170 170
4021211226 170 2 0 1592464064 3841051804 22774043 3047456096 1791026001 154106643 4181409331 198 218 2 1 1 1 1 1 2 191 244 1 1 0 0 0 0 0 1 42 156 27 0 0 0 0 0 0 81 19 0 0 1 51 198 14 232 192
2598483397 180 2 0 3586014381 797685792 1198000477 1359108268 969204888 3329811468 520532457 206 235 1 1 2 1 0 0 0 255 48 0 0 0 1 0 0 0 0 101 32 93 0 0 0 0 0 0 152 12 0 0 1 233 206 138 117 169
2868853213 151 0 1 3082458483 2925460628 4168135012 3815112831 4245014994 416744577 639900774 80 235 1 1 2 0 1 2 2 188 244 1 0 0 1 0 0 1 1 205 148 100 0 0 0 0 0 0 210 129 0 0 1 102 80 12 247 43
2499637032 50 0 0 2440808923 454239503 2336846338 874751575 2488350661 2383615857 200261639 58 7 2 1 0 1 1 0 0 181 176 0 1 0 0 0 0 0 0 200 15 2 0 0 0 0 0 0 197 113 0 0 1 7 58 166 173 241
3951270429 63 3 1 2171136725 773044180 564440996 250946248 482118607 2307885360 2386008978 46 101 2 2 2 2 2 0 1 191 180 1 1 1 1 1 1 0 0 125 212 164 0 0 0 0 0 0 207 48 0 0 2 8 109 241 170 170
3718620385 170 2 0 1551899084 3090235484 2729155513 2047580295 1977969629 1213156748 3054135813 108 23 0 0 0 0 0 1 2 132 116 1 0 0 0 0 0 0 1 33 92 185 0 0 0 0 0 0 221 140 0 0 1 5 108 24 47 51
2573967229 58 2 0 3021644133 1100735651 2668952734 1082767726 2041460945 1416375397 2732972084 71 89 0 0 2 1 2 2 0 207 240 0 0 0 1 0 1 1 0 109 163 158 0 0 0 0 0 0 209 101 0 0 1 52 71 91 180 240
3112562013 247 0 0 2988733396 2759648009 3105716368 2202001837 2878210430 2773879110 2306033613 220 209 1 1 1 0 1 0 2 188 180 0 0 0 0 0 0 0 1 13 9 144 0 0 0 0 0 0 126 70 0 0 1 205 220 80 33 125
287622208 41 2 1 3982669578 3292910611 1688103810 3674554124 4126914027 3749033771 3423655345 147 255 2 0 0 2 0 1 0 167 112 1 1 0 0 1 0 0 0 160 19 130 0 0 0 0 0 0 235 43 0 0 1 177 147 95 94 194
221199143 239 2 1 786007192 257406576 708102802 3991814833 1814833389 2446925154 3795185070 99 189 2 2 0 0 2 1 1 180 244 1 1 1 0 0 1 0 0 39 112 146 0 0 0 0 0 0 237 98 0 0 2 109 42 142 170 170
3794087417 170 0 1 276089789 3794331762 3789537270 2098902731 1191332913 2379280794 867145670 135 158 2 1 1 2 2 2 2 189 244 1 1 0 0 1 1 1 1 73 114 246 0 0 0 0 0 0 49 154 0 0 1 198 135 159 61 133
1750308465 245 1 0 752902072 950027688 3628273830 1198609462 2966494075 1412295920 3669894507 2 121 1 0 0 0 0 2 0 230 112 0 0 0 0 0 0 1 0 17 168 166 0 0 0 0 0 0 123 240 0 0 1 107 2 150 15 203
3318266957 151 0 1 2143789479 3803857504 1092716000 1014708047 169635720 3288690807 3841420329 132 58 0 0 2 1 2 1 2 141 244 1 0 0 1 0 1 0 1 205 96 224 0 0 0 0 0 0 136 119 0 0 1 41 132 76 134 222
3489284306 129 0 1 1607765104 357338941 3924852228 608307493 3356237944 2945023857 1259283543 177 8 2 1 2 0 2 1 1 188 244 1 1 0 1 0 1 0 0 2 61 4 0 0 0 0 0 0 120 113 0 0 2 65 73 233 170 170
41164273 102 0 1 4228892808 1113684543 3832602971 1536166400 1655261755 4128558602 198335495 17 193 2 1 0 2 2 1 2 183 244 1 1 0 0 1 1 0 1 1 63 91 0 0 0 0 0 0 59 10 0 0 1 7 17 69 6 162
598271019 170 3 1 2413043665 2863302423 2117129871 1575086989 1980216072 833673116 2634508347 138 198 1 0 1 0 0 2 2 172 116 1 0 0 0 0 0 1 1 123 23 143 0 0 0 0 0 0 8 156 0 0 1 59 138 194 136 48
3107919878 174 1 1 4027289375 1181984168 438031428 3347841916 3411003847 593236145 881948368 246 87 1 0 1 0 1 1 2 174 244 1 0 0 0 0 0 0 1 214 168 68 0 0 0 0 0 0 199 177 0 0 1 208 246 162 249 253
3558248146 62 0 1 537371851 2642951735 1099297467 431112947 1755731538 3596926293 1350886559 96 239 0 1 0 1 2 2 2 149 244 1 0 0 0 0 1 1 1 194 55 187 0 0 0 0 0 0 82 85 0 0 1 159 96 236 219 127
3700941494 84 3 1 3742689464 3058459787 1365192018 343658842 385459159 3512257133 2880778285 232 189 0 0 2 1 2 1 0 143 240 1 0 0 1 0 1 0 0 54 139 82 0 0 0 0 0 0 215 109 0 0 1 45 232 76 9 53
2686181728 83 2 0 3591054429 1303793015 3408181292 2673890944 2922223059 1078954358 3861582103 115 135 1 1 0 1 0 1 0 247 112 0 0 0 0 0 0 0 0 96 119 44 0 0 0 0 0 0 211 118 0 0 1 23 115 223 102 170
1425726333 170 1 1 3016813051 791712728 2704110036 2354762792 3105043753 205486201 938978163 252 111 1 1 1 2 0 2 0 191 112 1 0 0 0 1 0 1 0 221 216 212 0 0 0 0 0 0 41 121 0 0 1 115 252 136 247 155
3207152411 148 0 0 601266482 21369554 1918616571 2290257924 1254991686 1478922925 1442920584 68 104 2 1 2 1 1 2 0 191 240 0 1 0 1 0 0 1 0 139 210 251 0 0 0 0 0 0 70 173 0 0 1 136 68 100 204 44
2199699565 48 1 0 695797534 1866738445 3575986885 656038811 181677893 1129310632 1913561957 234 188 2 1 0 1 1 0 0 245 176 0 1 0 0 0 0 0 0 157 13 197 0 0 0 0 0 0 69 168 0 0 1 101 234 26 214 102
3220182621 198 0 0 3213610046 446354796 4208394886 4136447771 307713709 3153870621 1815660091 4 101 2 1 1 2 2 1 1 189 244 0 1 0 0 1 1 0 0 141 108 134 0 0 0 0 0 0 173 29 0 0 2 222 67 199 170 170
1926822384 76 0 0 2023190899 2019828882 3385968758 4043767916 1225790356 4002458005 250228650 87 105 2 1 2 0 0 0 0 190 48 0 1 0 1 0 0 0 0 192 146 118 0 0 0 0 0 0 148 149 0 0 1 170 87 171 20 16
4092870601 170 3 1 2325277947 20456439 3273514729 4276386695 2117150002 1950238822 1822598525 125 58 2 0 1 1 0 2 0 173 112 1 1 0 0 0 0 1 0 249 247 233 0 0 0 0 0 0 50 102 0 0 1 125 125 69 127 215
2725681578 88 3 1 852029585 2379686053 2624674666 107799455 2013341295 470008695 240004480 239 71 1 1 1 2 1 0 0 189 176 1 0 0 0 1 0 0 0 122 165 106 0 0 0 0 0 0 111 119 0 0 1 128 239 91 162 230
1379662433 210 3 0 1500976822 424567099 681042017 1938056517 751688812 1414020879 3997135007 232 163 2 2 1 0 0 0 2 188 52 0 1 1 0 0 0 0 1 177 59 97 0 0 0 0 0 0 108 15 0 0 1 159 232 4 167 251
591662721 141 3 1 142689884 3461056978 2283258410 3595132047 3461049585 2259056918 573089009 127 136 0 1 2 1 2 0 0 157 176 1 0 0 1 0 1 0 0 49 210 42 0 0 0 0 0 0 241 22 0 0 1 241 127 31 167 135
2077806717 77 1 0 4160130395 3242268292 2183725203 880607586 2483589145 3164290271 1184827828 142 194 0 2 1 2 0 0 1 223 52 0 0 1 0 1 0 0 0 221 132 147 0 0 0 0 0 0 25 223 0 0 2 178 116 220 170 170
4214968534 170 2 1 3116029933 1774782919 1352037327 2314235745 1111410238 2727893891 3706591986 72 84 1 2 0 0 0 0 1 180 52 1 0 1 0 0 0 0 0 102 199 207 0 0 0 0 0 0 62 131 0 0 2 48 132 148 170 170
868040038 129 2 1 3310848259 2695606510 3594738656 714282356 1059032837 1334888774 2312084445 198 173 0 2 0 2 0 0 0 151 48 1 0 1 0 1 0 0 0 230 238 224 0 0 0 0 0 0 5 70 0 0 1 221 198 234 151 3
1792392008 215 2 1 3429389112 1242161932 757777623 631448829 2958498291 3530206424 2210877541 184 226 1 1 2 1 2 0 1 189 180 1 0 0 1 0 1 0 0 40 12 215 0 0 0 0 0 0 243 216 0 0 2 28 254 230 170 170
2364239421 116 3 0 1586802480 2604559510 545905041 127051529 1004122840 2292360136 442149959 157 180 2 0 1 2 2 1 2 173 244 0 1 0 0 1 1 0 1 61 150 145 0 0 0 0 0 0 216 200 0 0 1 71 157 45 225 145
720770362 141 1 0 3036945051 1527552963 4014640517 4027974868 823037933 2211610464 1667544390 179 20 1 2 0 1 0 0 0 247 48 0 0 1 0 0 0 0 0 218 195 133 0 0 0 0 0 0 237 96 0 0 1 70 179 195 215 7
1263337483 170 1 0 1712597129 4259684981 1241740339 28477676 2171422271 4206602576 4202046107 53 219 1 0 2 0 2 1 0 174 240 1 0 0 1 0 1 0 0 91 117 51 0 0 0 0 0 0 63 80 0 0 1 155 53 177 140 0
3497301786 14 0 0 1587609880 1240048806 3089664848 3299107515 3489993549 80803429 320424811 111 131 1 1 0 2 1 1 1 181 244 0 0 0 0 1 0 0 0 10 166 80 0 0 0 0 0 0 77 101 0 0 2 229 104 4 170 170
3498946824 247 1 0 2172242664 1909704702 2960118692 393567542 3379260563 4227197140 4139545688 93 220 0 0 0 2 1 2 1 199 244 0 0 0 0 1 0 1 0 24 254 164 0 0 0 0 0 0 147 212 0 0 2 213 177 97 170 170
856708266 9 1 1 3197413461 3523846070 2265598454 3127479437 3104787901 488955361 4089477618 53 234 1 2 2 0 2 1 1 188 244 1 0 1 1 0 1 0 0 90 182 246 0 0 0 0 0 0 189 225 0 0 2 41 19 155 170 170
7700973 212 2 0 3335399543 3214217116 1865090115 2899908880 2311328816 3251550191 1485821901 166 31 2 0 2 0 2 2 0 238 240 0 1 0 1 0 1 1 0 237 156 67 0 0 0 0 0 0 48 239 0 0 1 205 166 242 17 245
1199405859 170 0 0 4263111513 392777207 2799103212 4225030151 46771878 1491146087 1992693472 164 222 0 1 1 2 1 0 0 157 176 1 0 0 0 1 0 0 0 67 247 236 0 0 0 0 0 0 166 103 0 0 1 224 164 188 154 226
2080634282 220 0 1 1674672310 591903910 538454981 15708879 326460158 878428610 3931625012 254 159 0 0 2 1 1 1 2 141 244 1 0 0 1 0 0 0 1 138 166 197 0 0 0 0 0 0 254 194 0 0 1 52 254 74 233 205
2836113137 208 1 0 3831173116 1730281644 1089875286 283863031 1400221204 1021433188 891438512 206 16 0 1 1 2 2 0 2 221 180 0 0 0 0 1 1 0 1 17 172 86 0 0 0 0 0 0 20 100 0 0 1 176 206 14 30 222
1082484054 44 2 1 1707376299 3807326519 2213223940 1834443566 521579022 33577809 1803583841 2 184 2 1 0 0 2 2 1 182 244 1 1 0 0 0 1 1 0 230 55 4 0 0 0 0 0 0 14 81 0 0 2 242 170 10 170 170
3629087005 221 3 0 1903872760 1931171725 1676583762 1097378890 1109155541 707151847 1986429937 27 46 1 1 0 2 1 1 0 183 240 0 0 0 0 1 0 0 0 61 141 82 0 0 0 0 0 0 213 231 0 0 1 241 27 115 161 169
338123322 170 2 1 810266194 1252714979 2424726579 2136778736 2467687089 3976352479 1562152746 220 41 2 1 0 1 1 2 2 183 244 1 1 0 0 0 0 1 1 170 227 51 0 0 0 0 0 0 177 223 0 0 1 42 220 48 89 85
3447791343 95 1 1 1672700947 4281675211 4282889195 2964156070 2436066565 3584139267 2138036818 31 78 2 1 2 1 0 2 1 191 116 1 1 0 1 0 0 1 0 223 203 235 0 0 0 0 0 0 5 3 0 0 2 27 105 65 170 170
3520482088 21 1 0 2384086023 856267681 3761819397 2249748777 3712040048 2826908944 4246530427 192 146 0 0 0 0 0 0 0 196 48 0 0 0 0 0 0 0 0 216 161 5 0 0 0 0 0 0 112 16 0 0 1 123 192 104 250 242
1589495197 116 0 1 3418989788 1716461821 797799447 188444161 293214573 1552410078 2661099790 25 41 0 0 2 1 0 2 2 141 116 1 0 0 1 0 0 1 1 13 253 23 0 0 0 0 0 0 109 222 0 0 1 14 25 109 150 146
2150286471 177 3 0 2638406995 4139738946 2413914631 1866003731 2874570487 813150331 71911893 237 153 1 0 1 2 1 0 1 173 180 0 0 0 0 1 0 0 0 247 66 7 0 0 0 0 0 0 247 123 0 0 2 111 8 28 170 170
1717065925 170 2 0 1276438280 686050107 307431682 3139350656 1852663007 4231697621 2708787620 158 143 2 1 0 1 1 0 0 183 176 1 1 0 0 0 0 0 0 37 59 2 0 0 0 0 0 0 223 213 0 0 1 164 158 170 57 93
2641431884 159 0 1 1827310418 116891269 1208358303 1785535062 4128172668 3626582454 288871853 155 11 0 1 1 1 2 0 1 159 180 1 0 0 0 0 1 0 0 140 133 159 0 0 0 0 0 0 124 182 0 0 2 161 172 232 170 170
3132025210 123 3 0 3060072831 2534192545 1021198041 4230652566 1797299939 1553153958 2551071607 116 173 0 2 2 2 1 0 2 159 180 0 0 1 1 1 0 0 1 250 161 217 0 0 0 0 0 0 227 166 0 0 1 119 116 152 69 177
1681215515 56 2 1 1019833666 1493151519 2985971838 2078811556 4052468064 4019925190 4221264829 13 51 2 2 1 1 1 0 0 191 176 1 1 1 0 0 0 0 0 171 31 126 0 0 0 0 0 0 96 198 0 0 1 189 13 105 156 176
21414452 140 1 1 98157708 299576041 1047642985 3016716444 3811269631 2464451237 1851938579 96 201 2 1 1 1 1 2 2 191 244 1 1 0 0 0 0 1 1 20 233 105 0 0 0 0 0 0 255 165 0 0 1 19 96 52 253 121
582620844 170 1 0 2003333535 945801540 3353235466 3468033011 1362798812 2300300049 2658006017 82 113 0 1 2 1 1 2 0 157 240 1 0 0 1 0 0 1 0 220 68 10 0 0 0 0 0 0 220 17 0 0 1 1 82 70 183 147
2592043853 163 1 0 4261600704 1474551792 1014164299 2145731163 4205895691 2712450494 982203876 202 159 2 0 2 0 1 1 1 236 244 0 1 0 1 0 0 0 0 29 240 75 0 0 0 0 0 0 11 190 0 0 2 56 215 35 170 170
379169243 66 1 1 1811927268 1012037344 1540388020 811879776 2538582399 364534858 153895214 210 87 2 1 1 2 1 2 1 191 244 1 1 0 0 1 0 1 0 27 224 180 0 0 0 0 0 0 127 74 0 0 2 48 135 51 170 170
3790079736 110 0 1 4081267905 2584637153 2885879526 3677674814 1661674889 1102792757 3676490825 17 139 0 2 2 1 1 2 1 159 244 1 0 1 1 0 0 1 0 72 225 230 0 0 0 0 0 0 137 53 0 0 2 23 162 222 170 170
566221349 182 3 0 207202802 4222468048 1521098042 2854581371 100097412 2048002358 410486520 122 16 0 0 1 1 1 2 1 141 244 0 0 0 0 0 0 1 0 181 208 58 0 0 0 0 0 0 132 54 0 0 2 154 170 234 170 170
644382859 170 0 1 1824398151 1742946046 3008658378 1491044890 2808168972 1833186590 4292877421 245 165 1 0 2 1 0 1 2 175 116 1 0 0 1 0 0 0 1 203 254 202 0 0 0 0 0 0 12 30 0 0 1 109 245 121 30 170
79245544 157 2 0 4039596259 2771615935 568621261 760411679 2350275227 2165129188 3421698999 75 81 1 2 1 1 1 0 2 253 180 0 0 1 0 0 0 0 1 232 191 205 0 0 0 0 0 0 155 228 0 0 1 183 75 191 16 108
1250645320 215 0 0 3263861015 2553047430 2305376740 2702353966 2902260051 869499070 2237813189 170 187 2 2 0 2 1 0 0 183 176 0 1 1 0 1 0 0 0 200 134 228 0 0 0 0 0 0 83 190 0 0 1 197 170 166 97 85
1057067382 61 3 0 2896563488 2022557011 3177376152 1280066026 3838118745 2497104195 3030299798 249 4 2 2 1 2 0 1 1 191 116 0 1 1 0 1 0 0 0 54 83 152 0 0 0 0 0 0 89 67 0 0 2 65 69 21 170 170
4287187034 178 0 0 2714085306 1052085960 2123788524 1310040810 2760400522 725223887 3952945056 174 78 1 1 0 0 1 2 0 182 240 0 0 0 0 0 0 1 0 138 200 236 0 0 0 0 0 0 138 207 0 0 1 160 174 134 212 92
1353422891 170 0 1 1132363300 3326340596 3900949258 1433406307 3723510369 2476384691 2273460189 44 227 2 1 1 2 1 2 0 189 240 1 1 0 0 1 0 1 0 11 244 10 0 0 0 0 0 0 97 179 0 0 1 221 44 72 43 127
3885808416 122 1 1 1202106611 384981811 2779889469 1784872192 1811523581 1996062502 1008722105 106 103 1 2 2 2 2 1 2 191 244 1 0 1 1 1 1 0 1 208 51 61 0 0 0 0 0 0 253 38 0 0 1 185 106 86 189 129
3245323600 50 1 1 3537115119 1088848336 1039479460 2432957638 2857129986 3841017439 4131699150 17 39 2 0 1 1 0 0 1 175 52 1 1 0 0 0 0 0 0 208 208 164 0 0 0 0 0 0 2 95 0 0 2 15 54 34 170 170
1886290147 75 2 0 3193604992 4198212181 583545533 1298568836 3737506923 2597229515 2836185848 43 177 1 1 1 1 0 1 0 255 112 0 0 0 0 0 0 0 0 35 85 189 0 0 0 0 0 0 107 203 0 0 1 248 43 31 208 172
4066446666 108 1 0 1807934474 1053022239 3587536792 1031501307 1015185507 3496673501 758354455 233 152 1 2 0 1 2 1 0 245 240 0 0 1 0 0 1 0 0 154 31 152 0 0 0 0 0 0 99 221 0 0 1 23 233 201 97 1
7941797 170 0 0 1568207162 1611739297 756567827 2125489896 2897087595 3903164725 36305914 253 190 1 1 2 1 2 2 2 191 244 1 0 0 1 0 1 1 1 133 161 19 0 0 0 0 0 0 107 53 0 0 1 250 253 149 83 27
3476343942 101 0 1 4234447289 2186584736 915909381 171271570 2345762624 158989452 3479403922 212 52 2 1 2 1 1 0 1 191 180 1 1 0 1 0 0 0 0 70 160 5 0 0 0 0 0 0 64 140 0 0 2 124 176 64 170 170
1021738737 238 2 0 3151430940 989299397 760369278 3386857185 239982487 2031112207 3483971897 200 84 1 2 1 2 0 0 0 253 48 0 0 1 0 1 0 0 0 33 197 126 0 0 0 0 0 0 151 15 0 0 1 57 200 216 44 92
513729872 10 2 1 1605241443 4004582232 599840730 138894054 3663460851 3101231822 2170599240 7 115 2 2 1 1 0 0 1 191 52 1 1 1 0 0 0 0 0 224 88 218 0 0 0 0 0 0 243 206 0 0 2 93 208 44 170 170
2264294758 97 1 1 405817438 126795642 3404229197 1093338299 865361250 3371271193 942675564 177 236 1 2 2 2 2 0 0 189 176 1 0 1 1 1 1 0 0 150 122 77 0 0 0 0 0 0 98 25 0 0 1 108 177 161 141 93
359137478 170 0 1 2390212745 1446732651 2654248712 661021568 1032040047 835285209 4159353895 157 252 1 0 1 1 1 0 1 175 180 1 0 0 0 0 0 0 0 70 107 8 0 0 0 0 0 0 111 217 0 0 2 85 81 129 170 170
2302991588 203 2 0 1044093754 2902975748 299680523 2544086419 545452329 2387067491 74248016 231 19 2 1 1 0 0 1 1 252 116 0 1 0 0 0 0 0 0 164 4 11 0 0 0 0 0 0 41 99 0 0 2 125 144 108 170 170
259385636 219 1 1 1427614109 154043559 1688453060 3999072175 3296094046 733109069 321406858 100 84 0 2 0 2 2 0 2 149 180 1 0 1 0 1 1 0 1 84 167 196 0 0 0 0 0 0 94 77 0 0 1 138 100 116 200 248
2508669149 122 3 1 3841948964 4167500508 3326506385 2387779539 175051452 581650580 3975353354 2 189 0 2 2 0 0 1 0 156 112 1 0 1 1 0 0 0 0 61 220 145 0 0 0 0 0 0 188 148 0 0 1 10 2 102 35 79
1093771000 91 1 0 3366687192 709125190 3828705484 3738393459 349358483 4227157740 4176979168 103 231 2 1 2 0 1 1 1 252 244 0 1 0 1 0 0 0 0 24 70 204 0 0 0 0 0 0 147 236 0 0 2 229 204 184 170 170
2430638041 170 1 0 3644502185 1958050209 4163459152 161946750 2846255807 3267972712 259070007 244 86 2 0 1 0 2 0 1 174 180 1 1 0 0 0 1 0 0 89 161 80 0 0 0 0 0 0 191 104 0 0 2 128 214 78 170 170
1727650395 20 0 0 4132689952 2515188704 3250206299 730761431 3256696499 4013524088 1920008038 166 212 0 0 1 0 0 0 1 140 52 0 0 0 0 0 0 0 0 11 224 91 0 0 0 0 0 0 179 120 0 0 2 142 98 114 170 170
2618995911 101 3 0 603732507 2325938595 829641991 2412750889 1691446598 1641720239 874059696 89 33 0 1 1 0 1 0 1 156 180 0 0 0 0 0 0 0 0 247 163 7 0 0 0 0 0 0 70 175 0 0 2 107 140 64 170 170
282205124 228 2 0 4083588987 2740132260 3654129654 3049656109 1142460940 2157537417 3900167595 226 255 0 2 2 0 0 0 2 220 52 0 0 1 1 0 0 0 1 228 164 246 0 0 0 0 0 0 12 137 0 0 1 171 226 174 173 17
1966389792 162 1 1 3641592720 1113221611 3026301490 1667780055 4047603757 3810244292 1953890868 91 229 1 1 1 2 2 2 0 189 240 1 0 0 0 1 1 1 0 16 235 50 0 0 0 0 0 0 45 196 0 0 1 52 91 223 196 80
2961586275 170 3 0 3221683927 4113214277 2096582497 633179777 363036449 1179196348 4155839659 25 149 1 0 1 0 1 0 2 172 180 1 0 0 0 0 0 0 1 243 69 97 0 0 0 0 0 0 33 188 0 0 1 171 25 93 242 190
885944926 2 1 0 60209489 3004861012 1547522508 2597231338 1757209484 675966217 420030368 115 131 2 1 1 0 2 1 2 254 244 0 1 0 0 0 1 0 1 94 84 204 0 0 0 0 0 0 140 9 0 0 1 160 115 15 146 102
3910847352 134 0 1 127502487 1756242806 204434741 2779858640 3377973981 2443116633 899666461 252 208 1 0 0 0 0 2 2 166 116 1 0 0 0 0 0 1 1 200 118 53 0 0 0 0 0 0 221 89 0 0 1 29 252 60 12 204
3780680714 163 2 1 3380807494 1913245774 1373660148 2999497835 1159411316 1101645210 4289141574 83 200 2 1 0 2 0 1 0 181 112 1 1 0 0 1 0 0 0 170 78 244 0 0 0 0 0 0 116 154 0 0 1 70 83 243 187 155
641299802 2 0 1 3069299938 3566605266 816671722 1092112966 3056627855 3670344288 591967236 6 209 0 0 2 1 0 1 1 143 116 1 0 0 1 0 0 0 0 138 210 234 0 0 0 0 0 0 143 96 0 0 2 120 73 189 170 170
2707466286 170 1 0 384436043 1034711987 2630271271 689920970 2459408364 3416998722 3912850522 152 156 1 2 2 0 2 1 0 190 240 1 0 1 1 0 1 0 0 222 179 39 0 0 0 0 0 0 236 66 0 0 1 90 152 72 228 244
3881926565 156 1 0 1013774811 3631286050 2300904910 1909204777 492380280 3021587803 3210646839 138 105 2 0 0 0 2 0 1 228 180 0 1 0 0 0 1 0 0 213 34 206 0 0 0 0 0 0 120 91 0 0 2 172 21 105 170 170
880997586 136 1 0 2473943691 2564214500 2171155780 992519589 2312874900 2513072655 3168915341 189 194 0 1 1 0 2 0 0 220 176 0 0 0 0 0 1 0 0 210 228 68 0 0 0 0 0 0 148 15 0 0 1 141 189 37 231 31
2316688631 243 1 0 1031419932 3135353628 2337456988 3693797457 2080125570 3634913554 56386912 229 115 1 0 0 1 1 2 1 229 244 0 0 0 0 0 0 1 0 23 28 92 0 0 0 0 0 0 130 18 0 0 2 59 174 10 170 170
1576290308 14 2 1 3223023723 3018039044 1592753809 1721256433 2760182790 4166685540 1053096346 165 63 1 1 2 1 1 1 2 189 244 1 0 0 1 0 0 0 1 228 4 145 0 0 0 0 0 0 6 100 0 0 1 154 165 113 176 20
1272504376 170 1 1 2667258097 2911327617 3268861058 2179324687 664660421 3781482894 1322391517 54 203 2 0 2 2 1 1 0 173 240 1 1 0 1 1 0 0 0 88 129 130 0 0 0 0 0 0 197 142 0 0 1 221 54 114 61 241
1878547624 64 0 1 3111724147 3890163250 3616034295 3222115384 2975680994 226044560 241520285 124 128 1 0 0 2 2 0 2 167 180 1 0 0 0 1 1 0 1 200 50 247 0 0 0 0 0 0 226 144 0 0 1 157 124 124 252 252
337571592 43 1 1 3262606735 2684172681 942447132 3099894207 3365701364 3667230 3576633864 41 206 0 0 0 0 2 1 0 132 240 1 0 0 0 0 1 0 0 216 137 28 0 0 0 0 0 0 244 30 0 0 1 8 41 1 207 87
460730208 66 3 0 1565070947 1752213131 1592742017 779992449 720595940 3202259913 1625382222 255 34 2 1 1 0 1 0 2 188 180 0 1 0 0 0 0 0 1 240 139 129 0 0 0 0 0 0 228 201 0 0 1 78 255 231 9 193
1254130083 169 0 1 1275519585 3561428270 3008196630 2957648565 1565687690 2818129465 4092802506 201 83 1 0 1 2 1 1 0 173 240 1 0 0 0 1 0 0 0 67 46 22 0 0 0 0 0 0 138 57 0 0 1 202 201 165 248 140
2846389559 170 0 1 778158815 1037235126 4051906897 1806907667 2166479782 3184438329 1801119029 88 67 1 1 0 1 1 0 1 181 180 1 0 0 0 0 0 0 0 199 182 81 0 0 0 0 0 0 166 57 0 0 2 78 145 45 170 170
2779425739 1 2 0 952018539 598780404 522655574 619738073 1491574765 3454138572 3647984653 146 82 2 0 0 1 1 2 2 229 244 0 1 0 0 0 0 1 1 235 244 86 0 0 0 0 0 0 237 204 0 0 1 13 146 58 140 132
1994156460 240 0 1 640080810 2750471322 4257685386 4269512082 2605192144 2837379019 2912955903 211 216 0 0 2 1 2 1 0 143 240 1 0 0 1 0 1 0 0 140 154 138 0 0 0 0 0 0 208 203 0 0 1 255 211 179 139 43
3273230804 73 3 0 77320466 872358736 281463582 907310684 2364844223 1452519462 186955332 140 186 2 2 0 1 1 0 0 183 176 0 1 1 0 0 0 0 0 180 80 30 0 0 0 0 0 0 191 38 0 0 1 68 140 84 14 102
2019496168 213 1 1 1017686539 2069952268 3582850880 333789842 1055597682 1031433461 3982136944 185 162 2 1 1 0 2 1 0 190 240 1 1 0 0 0 1 0 0 216 12 64 0 0 0 0 0 0 114 245 0 0 1 112 185 161 67 251
180566478 170 0 0 1367048606 2796618466 3599302359 1993718809 4004425728 3141545235 533156771 163 135 2 1 0 0 2 1 1 180 244 1 1 0 0 0 1 0 0 142 226 215 0 0 0 0 0 0 0 19 0 0 2 97 232 84 170 170
1306063636 182 1 0 3572759615 3976430155 3107082555 2646097718 239097335 2460472512 2130709939 79 63 2 1 1 1 0 1 1 255 116 0 1 0 0 0 0 0 0 212 75 59 0 0 0 0 0 0 247 192 0 0 2 253 60 8 170 170
354021435 59 2 1 4286570419 3032566654 3040361490 1622605357 4170588918 3572879732 1433404185 17 82 1 0 1 0 2 1 0 172 240 1 0 0 0 0 1 0 0 235 126 18 0 0 0 0 0 0 246 116 0 0 1 25 17 185 11 3
2391507129 19 1 1 373341504 996746973 4035965571 1046750398 340995020 2543638342 2384213472 55 146 1 2 2 1 0 2 2 191 116 1 0 1 1 0 0 1 1 25 221 131 0 0 0 0 0 0 204 70 0 0 1 224 55 223 113 105
1872096506 165 2 1 2069201652 3846232684 3613608137 667359475 2296819268 3617543959 237910140 60 196 0 2 2 2 1 1 0 157 240 1 0 1 1 1 0 0 0 42 108 201 0 0 0 0 0 0 68 23 0 0 1 124 60 12 208 64
515534100 170 1 0 564585530 1941762082 3611492645 129530619 1473347513 2897523862 35356814 3 176 2 0 1 0 1 2 2 172 244 1 1 0 0 0 0 1 1 148 34 37 0 0 0 0 0 0 185 150 0 0 1 142 3 195 115 179
1453195903 178 0 1 267911146 1992794480 2904876137 617907603 861938096 2402809502 1192053922 238 71 0 1 2 1 1 2 2 157 244 1 0 0 1 0 0 1 1 143 112 105 0 0 0 0 0 0 176 158 0 0 1 162 238 90 161 229
1779495774 26 0 0 3909558187 1505453206 3271320498 381530844 1142669959 3127872695 3291272521 235 246 1 2 1 1 1 2 1 191 244 0 0 1 0 0 0 1 0 206 150 178 0 0 0 0 0 0 135 183 0 0 2 183 173 165 170 170
2147631757 225 3 1 3105801420 240553662 3557607352 2270837440 3306036247 6270233 603745599 219 154 0 1 1 2 2 0 2 159 180 1 0 0 0 1 1 0 1 61 190 184 0 0 0 0 0 0 23 25 0 0 1 63 219 35 189 149
3369595850 172 3 1 4061888379 3514050402 1289594264 1305025855 2280249127 2388771988 718544619 249 165 1 0 0 1 1 0 1 165 180 1 0 0 0 0 0 0 0 250 98 152 0 0 0 0 0 0 39 148 0 0 2 83 248 124 170 170
1242250962 170 1 1 1859942538 3516385347 34371610 2888546867 3675647860 2720902282 2606675939 81 186 2 2 0 1 2 0 1 181 180 1 1 1 0 0 1 0 0 146 67 26 0 0 0 0 0 0 116 138 0 0 2 229 159 103 170 170
447882838 115 3 1 3854723962 1921923627 503163187 2646224443 4197789175 794738211 28147703 249 33 2 2 2 2 1 1 0 189 240 1 1 1 1 1 0 0 0 182 43 51 0 0 0 0 0 0 247 35 0 0 1 247 249 173 206 234
2719257703 171 1 1 726457690 1782453142 128544477 2872284171 3616360268 505533241 3705790570 223 237 1 1 1 0 1 1 1 188 244 1 0 0 0 0 0 0 0 151 150 221 0 0 0 0 0 0 76 57 0 0 2 73 54 90 170 170
1847546284 103 1 0 2519544737 1097836750 3341334026 3493647311 3946993731 1498381604 1809975801 93 232 0 1 1 2 1 2 0 221 240 0 0 0 0 1 0 1 0 92 206 10 0 0 0 0 0 0 67 36 0 0 1 249 93 125 101 197
2511223500 166 3 1 4088683138 1062589822 3346394399 2878100339 3660841342 777696081 1544192408 118 82 0 1 2 0 1 1 0 156 240 1 0 0 1 0 0 0 0 188 126 31 0 0 0 0 0 0 126 81 0 0 1 152 118 30 112 104
1937729500 170 0 1 981515573 774269730 857823037 1294539116 918945473 2017072505 1003750769 212 102 0 1 0 1 1 0 2 151 180 1 0 0 0 0 0 0 1 76 34 61 0 0 0 0 0 0 193 121 0 0 1 113 212 140 242 26
1651103970 210 0 0 784778175 108405743 3061915270 1446842223 1782209991 2259429082 662729527 209 37 0 0 2 1 2 1 0 141 240 0 0 0 1 0 1 0 0 194 239 134 0 0 0 0 0 0 199 218 0 0 1 55 209 85 122 6
1488565588 241 3 0 2911265344 1840694658 1373971163 2786092138 765830856 352748484 3514988830 13 20 2 0 2 2 2 1 2 175 244 0 1 0 1 1 1 0 1 52 130 219 0 0 0 0 0 0 200 196 0 0 1 30 13 29 49 97
4158183455 9 2 1 3010177457 691341 3260510026 1523655121 4292449981 624121791 4028061354 249 232 0 0 0 1 0 2 0 133 112 1 0 0 0 0 0 1 0 111 141 74 0 0 0 0 0 0 189 191 0 0 1 170 249 25 1 97
3261229389 207 0 1 719372113 3945009960 4204503861 2005818631 3529682638 1440432417 1645030483 93 39 2 1 0 0 2 1 2 180 244 1 1 0 0 0 1 0 1 77 40 53 0 0 0 0 0 0 206 33 0 0 1 83 93 73 112 52
1610598768 170 1 0 3197702004 681996740 1495802913 1328664578 2088037033 1452166461 453248443 76 44 1 0 1 1 2 0 2 175 180 1 0 0 0 0 1 0 1 16 196 33 0 0 0 0 0 0 169 61 0 0 1 187 76 60 104 56
1545896318 163 3 0 2325906009 1349558078 1725486579 1128446759 1342189876 3139288317 952036888 201 66 0 0 1 2 0 2 0 141 112 0 0 0 0 1 0 1 0 126 62 243 0 0 0 0 0 0 52 253 0 0 1 24 201 49 115 171
247275059 44 3 0 1271346670 3493735118 237010767 3684047575 2698984459 632382803 2620550432 32 58 0 2 0 0 1 0 2 148 180 0 0 1 0 0 0 0 1 179 206 79 0 0 0 0 0 0 11 83 0 0 1 32 32 232 34 122
1639462710 154 0 0 1975151496 3072373562 3925890802 1524675554 892464120 680595973 2363590558 39 20 1 0 0 1 1 2 1 167 244 0 0 0 0 0 0 1 0 6 58 242 0 0 0 0 0 0 248 5 0 0 2 143 163 179 170 170
2875203987 229 0 1 4203710882 3422615732 1509686136 1949955824 2797350799 153017736 2237746495 111 167 1 2 0 0 2 2 0 182 240 1 0 1 0 0 1 1 0 131 180 120 0 0 0 0 0 0 143 136 0 0 1 63 111 91 2 198
2246194570 170 0 0 1100140556 2062945381 3745683972 2900303337 3735800247 4240261870 2404788018 136 180 1 2 0 1 0 1 0 181 112 1 0 1 0 0 0 0 0 10 101 4 0 0 0 0 0 0 183 238 0 0 1 50 136 24 204 124
3998066607 82 0 0 1131457228 1020668064 4047092877 3142805936 3193422335 3860314309 3238898248 118 186 1 1 0 2 1 2 0 183 240 0 0 0 0 1 0 1 0 15 160 141 0 0 0 0 0 0 255 197 0 0 1 72 118 62 248 80
336059643 46 2 1 2055139148 574531589 3032815459 1969686552 3264969446 3243084667 3969107671 149 20 1 0 2 0 1 1 0 174 240 1 0 0 1 0 0 0 0 43 5 99 0 0 0 0 0 0 230 123 0 0 1 215 149 165 185 233
3851388401 201 1 0 2257969324 4169214116 634161558 461252130 3730012607 3820126140 1048361007 96 173 0 2 2 2 2 2 2 223 244 0 0 1 1 1 1 1 1 17 164 150 0 0 0 0 0 0 191 188 0 0 1 47 96 132 49 157
154155046 3 3 0 1616987045 985193928 4210976185 548650454 103328273 3866362393 2259769640 9 35 0 1 0 1 0 1 1 151 116 0 0 0 0 0 0 0 0 118 200 185 0 0 0 0 0 0 17 25 0 0 2 191 226 254 170 170
3714667467 170 3 1 3378261228 3134778720 983403409 412495229 944051157 3543162231 2849053564 179 134 2 0 2 0 0 1 1 172 116 1 1 0 1 0 0 0 0 59 96 145 0 0 0 0 0 0 213 119 0 0 2 159 37 93 170 170
2421623387 8 2 1 2580968060 2819493151 419984238 69836992 1968552068 2967698907 241319185 133 251 2 1 2 2 2 2 2 191 244 1 1 0 1 1 1 1 1 43 31 110 0 0 0 0 0 0 132 219 0 0 1 17 133 129 124 112
2454359932 131 2 1 2985688764 938638197 2006614994 2307311652 502876117 2636414039 125368880 123 204 0 0 1 1 0 0 1 143 52 1 0 0 0 0 0 0 0 44 117 210 0 0 0 0 0 0 213 87 0 0 2 211 159 15 170 170
3948198 201 1 0 3502559331 960478327 160561807 2044492802 4055634726 810360916 3147837624 194 245 1 1 1 0 2 2 1 254 244 0 0 0 0 0 1 1 0 214 119 143 0 0 0 0 0 0 38 84 0 0 2 188 177 117 170 170
3797061841 199 2 1 3362017848 149431815 684579693 700928668 2480561456 1887586199 2467064159 188 252 1 1 1 0 2 1 2 190 244 1 0 0 0 0 1 0 1 33 7 109 0 0 0 0 0 0 48 151 0 0 1 95 188 236 232 120
3837094836 170 3 0 306251102 3724659296 3164817655 3651693076 1992002323 1531910874 497810263 129 209 0 0 1 0 2 0 2 142 180 1 0 0 0 0 1 0 1 180 96 247 0 0 0 0 0 0 19 218 0 0 1 87 129 245 198 34
127765992 136 2 1 987404217 2435606613 2112173450 1492607291 2667201802 2543486342 2803799050 1 239 1 1 2 0 2 0 1 188 180 1 0 0 1 0 1 0 0 104 85 138 0 0 0 0 0 0 10 134 0 0 2 15 254 138 170 170
3222056948 96 2 1 2883072017 1671765318 4030422710 101935652 2300051968 3183635949 2894029960 81 163 2 0 1 1 0 1 2 175 116 1 1 0 0 0 0 0 1 100 70 182 0 0 0 0 0 0 0 237 0 0 1 136 81 109 16 100
572534098 169 0 1 2319364435 1032403158 3718420878 2393026914 1805801355 2525762571 1594327595 131 24 2 2 2 0 1 1 1 190 244 1 1 1 1 0 0 0 0 194 214 142 0 0 0 0 0 0 139 11 0 0 2 51 75 43 170 170
2818878321 100 0 1 4044875999 3114389842 3193677841 4041405059 698284535 3782635113 2901166427 61 103 0 0 0 2 0 0 1 133 52 1 0 0 0 1 0 0 0 193 82 17 0 0 0 0 0 0 247 105 0 0 2 187 34 14 170 170
1350949010 170 1 0 926197696 134311013 3015229759 1573318688 1372084996 3641347885 921836962 91 199 0 2 1 1 0 2 1 159 116 1 0 1 0 0 0 1 0 18 101 63 0 0 0 0 0 0 4 45 0 0 2 153 96 204 170 170
2365530354 218 0 1 4294688961 1335803808 4028396085 2181128621 446907857 2978188445 3616985071 130 84 1 1 2 0 2 2 1 188 244 1 0 0 1 0 1 1 0 66 160 53 0 0 0 0 0 0 209 157 0 0 2 106 190 206 170 170
800981364 127 1 0 864503706 2759781749 609270134 3621006227 76698766 1682413674 1871077204 24 147 0 0 2 0 1 2 1 204 244 0 0 0 1 0 0 1 0 148 117 118 0 0 0 0 0 0 142 106 0 0 2 174 65 29 170 170
3152778102 171 2 0 2928918733 2979230723 2182756860 3428856358 1462372156 882692796 1282627362 118 198 2 0 1 1 0 2 1 239 116 0 1 0 0 0 0 1 0 102 3 252 0 0 0 0 0 0 60 188 0 0 2 226 168 224 170 170
161388003 181 2 1 905198511 1554889089 3878007920 3913468727 942755702 3877151280 2400457051 236 115 2 1 2 0 1 1 0 188 240 1 1 0 1 0 0 0 0 227 129 112 0 0 0 0 0 0 118 48 0 0 1 91 236 72 187 207
3140054373 170 1 1 3209474178 1748608117 1219196423 653836808 3774757417 3193196711 1897462637 86 76 0 2 1 0 1 2 2 158 244 1 0 1 0 0 0 1 1 149 117 7 0 0 0 0 0 0 41 167 0 0 1 109 86 198 18 98
1009519400 93 2 1 512562869 3408345061 3232669538 3555000259 2392586152 2815101066 2736167382 156 54 1 0 1 0 2 1 0 172 240 1 0 0 0 0 1 0 0 104 229 98 0 0 0 0 0 0 168 138 0 0 1 214 156 148 202 178
20936959 159 0 0 4239744108 3156334884 2605498602 2091163298 1707913314 2372694101 1521598490 4 149 2 2 1 0 1 1 2 190 244 0 1 1 0 0 0 0 1 15 36 234 0 0 0 0 0 0 98 85 0 0 1 26 4 72 221 169
164228394 143 0 1 1291556054 967086053 1658256731 3650510413 3276440359 1538353838 90420127 198 120 1 2 2 0 2 1 0 188 240 1 0 1 1 0 1 0 0 138 229 91 0 0 0 0 0 0 39 174 0 0 1 159 198 38 158 190
3087662969 161 0 1 759736706 4080556607 3792515041 2827840502 2521847594 1834358165 863972555 40 231 0 1 1 2 1 0 1 159 180 1 0 0 0 1 0 0 0 137 63 225 0 0 0 0 0 0 42 149 0 0 2 166 141 121 170 170
2168757255 170 2 1 1781072242 3877243890 2014060337 3053476165 3033014389 2475238224 365415298 52 2 1 1 0 2 1 2 1 181 244 1 0 0 0 1 0 1 0 167 242 49 0 0 0 0 0 0 117 80 0 0 2 216 218 66 170 170
3003848246 22 2 1 592821566 2567202230 3855832196 1184597765 90138827 1498494281 366897415 131 61 1 2 1 2 2 0 1 189 180 1 0 1 0 1 1 0 0 166 182 132 0 0 0 0 0 0 203 73 0 0 2 141 202 46 170 170
2554224916 92 2 1 1772775999 3419619180 1422081089 4159219185 3907127711 2695776427 514567277 50 77 0 2 1 1 0 0 2 157 52 1 0 1 0 0 0 0 1 228 108 65 0 0 0 0 0 0 159 171 0 0 1 109 50 214 35 15
1942713448 55 1 1 884224162 4085447665 1171426042 1783700267 737561463 1828450138 4204422939 223 188 1 0 0 2 2 0 1 165 180 1 0 0 0 1 1 0 0 152 241 250 0 0 0 0 0 0 119 90 0 0 2 23 211 3 170 170
1062027548 191 0 0 2895024924 4286915918 1341910049 815335590 3038280453 3594464477 861472689 183 165 0 2 0 0 2 0 1 150 180 0 0 1 0 0 1 0 0 12 78 33 0 0 0 0 0 0 5 221 0 0 2 17 182 58 170 170
2822062342 170 2 1 1437308457 3994537620 931633744 3815666013 1889745445 2614816680 2126154862 182 153 0 1 2 1 1 1 1 157 244 1 0 0 1 0 0 0 0 102 148 80 0 0 0 0 0 0 37 168 0 0 2 56 209 229 170 170
2906082130 166 2 1 1184194101 2545080467 3667269519 3079045875 2810678578 3764408386 3814460586 147 224 2 0 1 2 1 2 0 173 240 1 1 0 0 1 0 1 0 98 147 143 0 0 0 0 0 0 50 66 0 0 1 170 147 19 243 115
2367156342 110 3 1 2188635841 2587472168 270049421 2842046355 1398898354 1030898192 3397085709 190 78 1 1 0 2 1 1 0 181 240 1 0 0 0 1 0 0 0 118 40 141 0 0 0 0 0 0 178 16 0 0 1 13 190 150 228 108
1843357631 199 0 0 757509882 1380471303 15833989 2700079988 551679577 893639662 225899594 99 230 0 0 1 0 1 1 0 142 240 0 0 0 0 0 0 0 0 143 7 133 0 0 0 0 0 0 89 238 0 0 1 74 99 27 1 41
1319570694 37 2 0 1283514639 3188194079 2181442535 141233850 2474101321 3433723242 1611529256 192 89 0 0 1 0 0 0 0 206 48 0 0 0 0 0 0 0 0 230 31 231 0 0 0 0 0 0 73 106 0 0 1 40 192 212 45 105
2799114039 170 3 1 2637447687 1142137298 2597367549 3595405967 2465810309 1836413871 4003057053 227 2 1 0 2 0 1 2 0 172 240 1 0 0 1 0 0 1 0 247 210 253 0 0 0 0 0 0 133 175 0 0 1 157 227 75 77 133
2722121342 121 1 0 233010831 2357057228 752448518 2618004355 2060601995 2388178361 3408155113 111 166 2 0 1 0 2 0 0 236 176 0 1 0 0 0 1 0 0 222 204 6 0 0 0 0 0 0 139 185 0 0 1 233 111 39 205 245
3176054632 55 0 1 3931641769 135517612 1864343636 3154826936 1427955368 1190257055 4240541560 5 203 0 2 1 2 1 2 1 159 244 1 0 1 0 1 0 1 0 72 172 84 0 0 0 0 0 0 168 159 0 0 2 139 86 146 170 170
3005314603 214 1 0 1586027232 2470020885 806033687 1492438564 3211818283 4113898665 2045543004 19 97 0 2 2 0 2 2 2 222 244 0 0 1 1 0 1 1 1 27 21 23 0 0 0 0 0 0 43 169 0 0 1 92 19 199 40 68
2533477380 53 1 1 3785968255 1546696419 3157672497 2898793082 3027979882 596822099 3056215452 216 87 1 1 1 0 1 1 0 190 240 1 0 0 0 0 0 0 0 212 227 49 0 0 0 0 0 0 106 83 0 0 1 156 216 132 219 223
1164352428 170 0 1 1735238023 950457589 294468184 3414097853 4251523284 2540890547 939330397 111 238 2 0 2 2 1 1 1 173 244 1 1 0 1 1 0 0 0 204 245 88 0 0 0 0 0 0 212 179 0 0 2 171 153 241 170 170
3392777673 164 2 0 3824237265 543559273 1636016941 4241421127 658387396 511866542 2387823990 149 15 1 2 2 1 0 1 1 253 116 0 0 1 1 0 0 0 0 105 105 45 0 0 0 0 0 0 196 174 0 0 2 227 242 254 170 170
2314732039 95 3 0 292590669 687991769 3398041665 3638094805 2622801549 121137960 1673691996 137 150 1 1 1 2 1 1 0 189 240 0 0 0 0 1 0 0 0 119 217 65 0 0 0 0 0 0 141 40 0 0 1 92 137 1 151 255
551891138 122 2 0 3975801211 1289637182 1083313181 800905264 809585760 502357314 3047200415 109 70 1 2 0 0 0 0 1 246 52 0 0 1 0 0 0 0 0 226 62 29 0 0 0 0 0 0 96 66 0 0 2 217 31 87 170 170
277769095 146 0 0 2971709225 1388431795 965812240 44242071 3815311997 2714391718 3979022152 121 213 2 2 1 2 0 1 1 189 116 0 1 1 0 1 0 0 0 71 179 16 0 0 0 0 0 0 125 166 0 0 2 51 8 76 170 170
3349844912 170 1 1 599852828 867338194 3581535253 1302272482 3423781947 1492072231 3756800395 186 95 2 2 2 2 0 0 2 191 52 1 1 1 1 1 0 0 1 16 210 21 0 0 0 0 0 0 59 39 0 0 1 139 186 6 101 73
1146481564 229 1 1 2636550918 3989398867 308350976 3008013674 1584329242 3114444682 1401880914 36 43 1 2 2 2 2 0 0 191 176 1 0 1 1 1 1 0 0 156 83 0 0 0 0 0 0 0 26 138 0 0 1 82 36 224 11 63
4105970593 208 1 1 67107030 1694437443 328237362 2663840376 411775692 3105568348 1541150257 192 104 2 1 1 1 2 2 2 191 244 1 1 0 0 0 1 1 1 145 67 50 0 0 0 0 0 0 204 92 0 0 1 49 192 224 72 168
417810212 168 0 0 3987012861 789280508 4237412513 604823050 1798305247 3715045144 1348152470 172 228 1 0 0 2 2 1 2 167 244 0 0 0 0 1 1 0 1 68 252 161 0 0 0 0 0 0 223 24 0 0 1 150 172 252 224 208
1648897890 229 3 1 3294051735 2068608489 512553592 2758447101 4194662761 177434949 4032415697 168 128 0 0 0 2 1 0 2 133 180 1 0 0 0 1 0 0 1 242 233 120 0 0 0 0 0 0 105 69 0 0 1 209 168 168 40 40
3209779772 170 3 1 1103771674 1581217851 4178800422 3968362289 3978421846 2268299533 3322889624 23 8 2 2 0 0 1 2 0 180 240 1 1 1 0 0 0 1 0 188 59 38 0 0 0 0 0 0 86 13 0 0 1 152 23 183 191 159
2939178755 245 2 1 3867677204 2819949359 3627276426 3553746934 3948762649 264128865 1801606291 76 185 0 0 0 2 0 2 0 135 112 1 0 0 0 1 0 1 0 35 47 138 0 0 0 0 0 0 25 97 0 0 1 147 76 224 153 85
3210153768 219 3 1 341187028 3063651176 3671822434 1124023730 748924812 552454240 3844170811 27 44 0 1 0 1 0 0 2 151 52 1 0 0 0 0 0 0 1 56 104 98 0 0 0 0 0 0 140 96 0 0 1 59 27 11 55 7
1746086560 171 2 0 3716026813 4278804687 1981448076 1215664869 472151628 939101275 519052823 2 108 2 2 2 0 1 0 2 252 180 0 1 1 1 0 0 0 1 96 207 140 0 0 0 0 0 0 76 91 0 0 1 23 2 242 94 46
414555049 92 2 0 3149999933 1732283794 3650664607 3596126880 1793750552 689056556 754145087 68 31 2 1 2 2 2 0 1 255 180 0 1 0 1 1 1 0 0 105 146 159 0 0 0 0 0 0 24 44 0 0 2 178 209 29 170 170
1262732761 170 2 1 2299151584 1385953206 3212169183 1852226254 217488220 4238113367 864857696 204 154 1 2 0 0 0 2 1 182 116 1 0 1 0 0 0 1 0 41 182 223 0 0 0 0 0 0 92 87 0 0 2 32 186 2 170 170
2122203921 73 1 0 897985868 1367912556 2851728945 3239469727 3425356434 264596203 2932382329 234 102 0 0 1 2 2 0 1 205 180 0 0 0 0 1 1 0 0 17 108 49 0 0 0 0 0 0 146 235 0 0 2 150 252 180 170 170
3558072100 251 1 0 1782864463 3111516991 797962781 3782470192 2996833625 3449507060 1018243512 92 142 1 0 2 2 2 2 2 239 244 0 0 0 1 1 1 1 1 212 63 29 0 0 0 0 0 0 89 244 0 0 1 184 92 52 194 74
1057945671 210 0 0 2568154694 1688748301 2327965968 2403628879 3238828854 3066726190 1787587223 132 148 2 0 2 2 2 0 2 173 180 0 1 0 1 1 1 0 1 135 13 16 0 0 0 0 0 0 54 46 0 0 1 151 132 148 40 88
3072008763 75 1 1 1167472145 4282805925 2674637125 270409164 1950101400 328663300 538369676 64 191 2 0 1 2 0 1 1 175 116 1 1 0 0 1 0 0 0 91 165 69 0 0 0 0 0 0 152 4 0 0 2 238 173 121 170 170
2483713630 170 1 1 2543728681 3589589617 694345985 2905720554 4249805449 988016542 944731397 127 168 0 0 0 2 0 0 2 135 52 1 0 0 0 1 0 0 1 94 113 1 0 0 0 0 0 0 137 158 0 0 1 5 127 159 71 167
101940035 224 0 0 3286508170 390321911 20547285 2657934061 3424300594 849592633 2266056522 188 205 1 0 2 2 0 0 1 173 52 0 0 0 1 1 0 0 0 131 247 213 0 0 0 0 0 0 50 57 0 0 2 230 179 87 170 170
579171031 5 3 0 1238143338 1095083034 3920927438 554158487 3784902036 1545706407 3668776727 113 106 1 0 1 1 2 2 0 173 240 0 0 0 0 0 1 1 0 183 26 206 0 0 0 0 0 0 148 167 0 0 1 23 113 249 99 251
2093364234 127 0 1 2310711137 1314983136 14745654 2570603525 1894732318 3058686424 2293375633 89 232 0 2 2 1 2 0 0 157 176 1 0 1 1 0 1 0 0 74 224 54 0 0 0 0 0 0 30 216 0 0 1 145 89 121 97 193
4002408196 32 2 1 931559986 3623658223 2095780268 171990615 1850847462 558899081 163985457 133 207 2 1 1 1 2 1 0 189 240 1 1 0 0 0 1 0 0 164 239 172 0 0 0 0 0 0 230 137 0 0 1 49 133 145 96 132
1890388456 170 2 1 3606202398 2225965869 2622002432 1234333295 3019752700 965175949 3238651681 69 61 1 2 1 2 0 2 2 189 116 1 0 1 0 1 0 1 1 168 45 0 0 0 0 0 0 0 252 141 0 0 1 33 69 169 230 18
2088868405 45 2 1 3359994534 2620367003 4026295981 949294977 475799115 4261224605 3709387479 70 83 1 0 1 1 1 0 1 173 180 1 0 0 0 0 0 0 0 165 155 173 0 0 0 0 0 0 75 157 0 0 2 92 175 139 170 170
3151643935 201 2 1 3620048845 3942964664 674301287 3329784960 4171054416 916537632 358922736 121 237 1 2 1 0 0 2 0 190 112 1 0 1 0 0 0 1 0 111 184 103 0 0 0 0 0 0 80 32 0 0 1 240 121 157 138 246
2652886029 209 0 1 2962403657 684299449 1537411047 283763743 3398551474 1788178148 454394017 156 218 2 1 0 0 2 1 0 180 240 1 1 0 0 0 1 0 0 77 185 231 0 0 0 0 0 0 178 228 0 0 1 161 156 228 190 150
1522385077 243 3 1 2935162924 2767965768 1444415841 1507755099 599077503 4290116150 814003446 90 179 2 1 1 0 0 0 2 188 52 1 1 0 0 0 0 0 1 53 72 97 0 0 0 0 0 0 127 54 0 0 1 246 90 182 105 125
1579044213 170 0 0 1508376863 2204841463 1807679678 1436051030 3977300143 3272420505 2961354470 188 243 0 2 2 2 0 2 2 159 116 1 0 1 1 1 0 1 1 197 247 190 0 0 0 0 0 0 175 153 0 0 1 230 188 24 11 31
3391358360 78 0 1 1658927881 4027120601 258016375 93525942 2616469280 2744050292 2147135841 76 130 2 1 0 2 2 1 0 183 240 1 1 0 0 1 1 0 0 72 217 119 0 0 0 0 0 0 32 116 0 0 1 97 76 180 54 110
322780051 165 3 1 1502212671 3260123611 617556413 3628487734 1752689795 3876503994 1464167078 153 176 2 2 2 0 0 0 2 190 52 1 1 1 1 0 0 0 1 243 219 189 0 0 0 0 0 0 131 186 0 0 1 166 153 89 9 73
4124377836 135 0 1 3802774266 2887639053 3083107716 901683448 3218538480 903680634 157723711 237 114 0 2 2 0 2 0 1 158 180 1 0 1 1 0 1 0 0 140 13 132 0 0 0 0 0 0 240 122 0 0 2 113 227 11 170 170
268815659 201 1 0 127778531 2577025584 2449476714 3598077853 2390821636 3212137755 2930786615 184 85 1 0 0 2 0 1 0 229 112 0 0 0 0 1 0 0 0 219 48 106 0 0 0 0 0 0 4 27 0 0 1 55 184 252 81 29
3587466989 170 3 1 1742509474 2399428168 64123396 3255612374 3658908300 1373580070 1531649171 69 22 0 1 1 0 0 0 1 158 52 1 0 0 0 0 0 0 0 189 72 4 0 0 0 0 0 0 140 38 0 0 2 81 103 223 170 170
334437576 156 3 0 4234688477 2036017496 2358990371 558189875 4195192460 191521876 3426350662 95 128 1 2 1 0 1 1 0 188 240 0 0 1 0 0 0 0 0 120 88 35 0 0 0 0 0 0 140 84 0 0 1 70 95 95 223 223
3067508420 215 1 0 2757952345 1127700489 1931762206 1373769488 2151580616 2950092501 56911055 159 83 1 2 0 0 0 0 2 246 52 0 0 1 0 0 0 0 1 84 9 30 0 0 0 0 0 0 200 213 0 0 1 207 159 123 206 98
3287272203 105 2 0 3435877277 2462510168 1109990527 413266366 720010002 1612000320 488744437 75 154 2 2 0 1 0 2 2 247 116 0 1 1 0 0 0 1 1 107 88 127 0 0 0 0 0 0 18 64 0 0 1 245 75 147 45 5
1974530760 187 0 0 1215031271 2519259824 2369612426 2125652486 3829648006 1836848668 1174310598 209 247 0 0 0 1 0 1 1 135 116 0 0 0 0 0 0 0 0 200 176 138 0 0 0 0 0 0 134 28 0 0 2 111 102 146 170 170
2933447522 170 2 1 1867525117 3085598883 2428570323 1920456354 3302545657 3826890088 584103729 252 37 1 0 1 0 0 2 0 174 112 1 0 0 0 0 0 1 0 98 163 211 0 0 0 0 0 0 249 104 0 0 1 49 252 128 165 49
520671005 210 2 1 3925687810 418621599 3150035084 1694120158 3000220504 3861079122 3920715267 129 190 2 2 1 0 1 0 2 190 180 1 1 1 0 0 0 0 1 173 159 140 0 0 0 0 0 0 88 82 0 0 1 3 129 25 215 159
12797851 225 2 0 933074635 2709420229 1675403579 328978492 4220090808 2806742035 3985514346 161 225 2 1 1 1 0 0 2 255 52 0 1 0 0 0 0 0 1 235 197 59 0 0 0 0 0 0 184 19 0 0 1 106 161 85 54 82
2087283710 123 1 0 3465237173 4264714403 1461661212 485844203 2340966098 1183722406 4271546491 85 222 2 0 2 0 1 2 0 236 240 0 1 0 1 0 0 1 0 94 163 28 0 0 0 0 0 0 210 166 0 0 1 123 85 109 75 147
3850263669 237 0 0 1075763299 114335743 4074443840 1429723523 1623393554 2123064399 708026746 127 255 1 1 2 1 1 0 1 189 180 0 0 0 1 0 0 0 0 197 255 64 0 0 0 0 0 0 18 79 0 0 2 173 172 120 170 170
3275948155 170 2 1 2025487991 927143630 3835329093 754727507 3018669213 2331767129 945042534 235 152 0 0 2 0 2 1 1 140 244 1 0 0 1 0 1 0 0 235 206 69 0 0 0 0 0 0 157 89 0 0 2 155 51 19 170 170
3193057779 66 2 1 2137782234 3416063725 526474737 1836331797 2078963732 130857405 3797051341 206 94 1 2 1 0 0 1 2 188 116 1 0 1 0 0 0 0 1 163 237 241 0 0 0 0 0 0 20 189 0 0 1 205 206 230 68 140
3029358550 190 0 1 1207131732 2837515595 2143033702 9280383 2621192117 445175953 3285740989 143 231 2 2 0 2 2 1 0 181 240 1 1 1 0 1 1 0 0 6 75 102 0 0 0 0 0 0 181 145 0 0 1 189 143 123 98 38
2881578706 177 2 1 2044102360 2384194052 2599989539 1133954510 4011872657 1693587311 4128617816 254 166 0 2 1 0 0 1 2 158 116 1 0 1 0 0 0 0 1 34 4 35 0 0 0 0 0 0 145 111 0 0 1 88 254 182 92 132
2914401492 199 3 0 320773349 812667812 1657528953 34126391 3050847607 3936675344 3583294353 214 18 2 0 0 2 1 2 0 165 240 0 1 0 0 1 0 1 0 116 164 121 0 0 0 0 0 0 119 16 0 0 1 145 214 126 144 136
2626252199 170 2 1 3430380343 3648376050 1211898455 628453920 2362570246 2278778923 4152479316 176 246 1 1 2 1 0 2 0 191 112 1 0 0 1 0 0 1 0 231 242 87 0 0 0 0 0 0 6 43 0 0 1 84 176 168 158 134
238871758 227 0 0 4005353693 2636959061 4111992290 1344390212 1193415765 1002543961 4044708963 223 249 2 0 1 2 0 0 1 175 52 0 1 0 0 1 0 0 0 78 85 226 0 0 0 0 0 0 85 89 0 0 2 33 26 174 170 170
1170776123 123 3 1 2785052503 1789927769 3106410183 1560203220 3726486317 3458289260 2767243458 164 13 1 2 2 2 1 1 0 191 240 1 0 1 1 1 0 0 0 251 89 199 0 0 0 0 0 0 45 108 0 0 1 194 164 72 85 65
3591505076 46 2 1 3166998542 3366771703 2285137671 3870469397 400392317 1342207227 3761747131 217 147 0 1 2 1 2 1 2 157 244 1 0 0 1 0 1 0 1 164 247 7 0 0 0 0 0 0 125 251 0 0 1 187 217 181 72 220
3770462338 231 0 1 1690642162 3056696215 1537001550 3848035730 3845929168 1592549365 2416049849 116 229 0 2 2 2 2 1 0 159 240 1 0 1 1 1 1 0 0 130 151 78 0 0 0 0 0 0 208 245 0 0 1 185 116 248 221 105
3751952977 170 0 0 3555236991 2212965079 4240125730 2397187867 1280039365 4272842036 779798047 71 224 0 1 2 2 0 1 2 157 116 1 0 0 1 1 0 0 1 193 215 34 0 0 0 0 0 0 197 52 0 0 1 31 71 199 167 39
3261023927 113 1 1 3076562786 3646650257 2899336795 2541671272 2367287327 4205964889 598469786 16 162 1 2 1 1 2 1 1 191 244 1 0 1 0 0 1 0 0 151 145 91 0 0 0 0 0 0 31 89 0 0 2 244 150 126 170 170
1806383961 158 3 0 3779532407 3952178602 3384297657 1666152853 2704530215 3454990350 3339786820 56 163 1 1 1 1 0 1 0 189 112 0 0 0 0 0 0 0 0 249 170 185 0 0 0 0 0 0 39 14 0 0 1 68 56 84 247 75
419144049 109 1 0 338483664 1987779504 2084584317 3013121270 796045877 1216071073 4026514492 104 202 1 2 0 2 0 1 0 247 112 0 0 1 0 1 0 0 0 17 176 125 0 0 0 0 0 0 53 161 0 0 1 60 104 112 58 82
1933944442 254 3 0 2596557790 414856572 2018813038 3453431657 2885450087 3486986594 2773626471 223 125 1 1 2 0 1 0 1 188 180 0 0 0 1 0 0 0 0 186 124 110 0 0 0 0 0 0 103 98 0 0 2 105 230 74 170 170
