1080444075 3225883251 1065754214 1058771618 3218297246 1076733897 1083927496 1075303685 3230554496 3213314902 3226448967 1080044079 3230977646 3230554186 3225085833 1061015498 3230474011 3230643230 1071255690 4 6 3 7 5 5 8 3 0 8 1080444075 3225883251 1065754214 1058771618 3218297246 1076733897 1083927496 3230474011 3230554496 1080444075 3225883251 1065754214 1058771618 3218297246 1076733897 1083927496 3230474011 3230554496 0 0 0 0 0 0 0 1 0
3216384825 1067132540 3224969330 3217014518 3217829266 3230664014 1082188051 3217700485 3226234427 3216384825 1067132540 3224969330 3217014518 3217829266 3230664014 1082188051 3217700485 3226234427 1074350006 5 8 5 6 8 3 3 4 7 7 3216384825 1067132540 3224969330 3217014518 3217829266 3230664014 1082188051 3217700485 3226234427 3216384825 1067132540 3224969330 3217014518 3217829266 3230664014 1082188051 3217700485 3226234427 0 0 0 0 0 0 0 0 0
1079430133 1079430133 1079430133 1079430133 1079430133 1079430133 1079430133 1079430133 1079430133 0 0 0 0 0 0 0 0 0 1071041525 3 1 1 1 1 1 1 1 1 1 0 0 0 0 0 0 0 0 0 0 0 0 0 0 0 0 0 0 2 2 2 2 2 2 2 2 2
1084889583 1084889583 1084889583 1084889583 1084889583 1084889583 1084889583 1084889583 1084889583 0 0 0 0 0 0 0 0 0 1076500975 3 2 2 2 2 2 2 2 2 2 1084889583 1084889583 1084889583 1084889583 1084889583 1084889583 1084889583 1084889583 1084889583 1084889583 1084889583 1084889583 1084889583 1084889583 1084889583 1084889583 1084889583 1084889583 0 0 0 0 0 0 0 0 0
1079405173 1079405173 1079405173 1079405173 1079405173 1079405173 1079405173 1079405173 1079405173 0 0 0 0 0 0 0 0 0 1079405173 5 5 6 5 4 5 6 0 8 2 1079405173 1079405173 1079405173 1079405173 1079405173 1079405173 1079405173 1079405173 1079405173 1079405173 1079405173 1079405173 1079405173 1079405173 1079405173 1079405173 1079405173 1079405173 0 0 0 0 0 0 0 0 0
3231699333 3217280816 1074697267 1071957706 2143289344 3226330379 1075006636 1077099675 3208148534 1083314829 3189137782 3231366714 3210721127 3221435178 1079657539 3224033904 3210649104 1074051715 1076199715 1 7 4 6 7 5 5 2 7 3 3231699333 3217280816 1074697267 1071957706 2143289344 3226330379 1075006636 1077099675 3208148534 3231699333 3217280816 1074697267 1071957706 2143289344 3226330379 1075006636 1077099675 3208148534 0 0 0 0 0 0 0 0 0
3223704202 1068579841 3214178646 3206959244 1075062588 1074224002 1081772540 3228984750 3221757008 3218278206 3214976084 1075612640 3216592799 1078955386 1073866132 3216938863 3228820367 3229166881 2143289344 4 0 3 5 7 0 3 6 3 0 3223704202 1068579841 3214178646 3206959244 1075062588 1074224002 1081772540 3228984750 3221757008 3223704202 1068579841 3214178646 3206959244 1075062588 1074224002 1081772540 3228984750 3221757008 0 0 0 0 0 0 0 0 0
2139095040 2139095040 2139095040 2139095040 2139095040 2139095040 2139095040 2139095040 2139095040 1051246991 3231554336 3230268700 3208830274 1067446101 1074655605 1081571750 1083549738 1083286300 1055257781 4 6 8 4 1 6 8 1 2 1 2139095040 2139095040 2139095040 3208830274 2139095040 2139095040 1081571750 1083549738 1083286300 2139095040 2139095040 2139095040 3208830274 2139095040 2139095040 1081571750 1083549738 1083286300 0 0 0 2 0 0 2 3 2
1063470639 1063470639 1063470639 1063470639 1063470639 1063470639 1063470639 1063470639 1063470639 0 0 0 0 0 0 0 0 0 1055082031 5 255 255 255 255 255 255 255 255 255 0 0 0 0 0 0 0 0 0 0 0 0 0 0 0 0 0 0 0 0 0 0 0 0 0 0 0
1081271613 1081271613 1081271613 1081271613 1081271613 1081271613 1081271613 1081271613 1081271613 0 0 0 0 0 0 0 0 0 1072883005 0 3 2 8 2 0 7 6 2 6 1081271613 1081271613 1081271613 1081271613 1081271613 1081271613 1081271613 1081271613 1081271613 1081271613 1081271613 1081271613 1081271613 1081271613 1081271613 1081271613 1081271613 1081271613 0 0 0 0 0 0 0 0 0
3220205839 3230113882 1063076846 1081617815 3230711497 3225225994 1082190782 1083971739 3214958257 1075170363 3223244405 1078448314 3222309983 3230033212 3163582625 3218452482 3230077902 3208170981 1074280646 4 8 3 5 6 7 0 0 4 5 3220205839 3230113882 1063076846 1081617815 3230711497 3163582625 3218452482 1083971739 3214958257 3220205839 3230113882 1063076846 1081617815 3230711497 3163582625 3218452482 1083971739 3214958257 0 0 0 0 0 1 1 0 0
1031478768 1069913248 3225521432 1080243762 3230901722 1083378617 3183057402 1076130752 3230700351 1031478768 1069913248 3225521432 1080243762 3230901722 1083378617 3183057402 1076130752 3230700351 1077849982 1 5 7 8 4 0 2 1 5 3 1031478768 1069913248 3225521432 1080243762 3230901722 1083378617 3183057402 1076130752 3230700351 1031478768 1069913248 3225521432 1080243762 3230901722 1083378617 3183057402 1076130752 3230700351 0 0 0 0 0 0 0 0 0
1080421658 1080421658 1080421658 1080421658 1080421658 1080421658 1080421658 1080421658 1080421658 0 0 0 0 0 0 0 0 0 1072033050 3 1 1 1 1 1 1 1 1 1 0 0 0 0 0 0 0 0 0 0 0 0 0 0 0 0 0 0 2 2 2 2 2 2 2 2 2
1083455253 1083455253 1083455253 1083455253 1083455253 1083455253 1083455253 1083455253 1083455253 0 0 0 0 0 0 0 0 0 1075066645 3 2 2 2 2 2 2 2 2 2 1083455253 1083455253 1083455253 1083455253 1083455253 1083455253 1083455253 1083455253 1083455253 1083455253 1083455253 1083455253 1083455253 1083455253 1083455253 1083455253 1083455253 1083455253 0 0 0 0 0 0 0 0 0
1064789947 1064789947 1064789947 1064789947 1064789947 1064789947 1064789947 1064789947 1064789947 0 0 0 0 0 0 0 0 0 1064789947 5 1 8 3 3 4 1 7 7 5 1064789947 1064789947 1064789947 1064789947 1064789947 1064789947 1064789947 1064789947 1064789947 1064789947 1064789947 1064789947 1064789947 1064789947 1064789947 1064789947 1064789947 1064789947 0 0 0 0 0 0 0 0 0
3188550722 1057388927 1082362842 3221710124 2143289344 1069990185 1081594667 3211418072 3219145927 3229282301 1078584316 1080874052 1052153194 3230662578 1080772471 1079043038 1083637467 3226913510 1063349135 5 6 1 3 6 4 6 6 7 5 3188550722 1078584316 1082362842 3221710124 2143289344 1069990185 1081594667 3211418072 3219145927 3188550722 1078584316 1082362842 3221710124 2143289344 1069990185 1081594667 3211418072 3219145927 0 2 0 0 0 0 0 0 0
1077206832 1034932446 3224133648 3231684483 1076219805 3223342257 3215053471 1074143988 3222268712 3221186458 3216879438 3225292797 3231160430 1065866407 1074452423 3189989666 1071688211 1080215228 2143289344 5 0 8 4 4 3 3 3 0 2 1077206832 1034932446 3224133648 3231684483 1076219805 3223342257 3215053471 1074143988 3222268712 1077206832 1034932446 3224133648 3231684483 1076219805 3223342257 3215053471 1074143988 3222268712 0 0 0 0 0 0 0 0 0
2139095040 2139095040 2139095040 2139095040 2139095040 2139095040 2139095040 2139095040 2139095040 1040814224 3213874928 3226162711 1075682831 3228340148 1077740275 3226016310 1075002156 1057586338 1062200872 1 6 4 8 4 8 1 0 0 5 2139095040 2139095040 2139095040 2139095040 2139095040 2139095040 2139095040 2139095040 2139095040 2139095040 2139095040 2139095040 2139095040 2139095040 2139095040 2139095040 2139095040 2139095040 0 0 0 0 0 0 0 0 0
1086581743 1086581743 1086581743 1086581743 1086581743 1086581743 1086581743 1086581743 1086581743 0 0 0 0 0 0 0 0 0 1078193135 1 255 255 255 255 255 255 255 255 255 0 0 0 0 0 0 0 0 0 0 0 0 0 0 0 0 0 0 0 0 0 0 0 0 0 0 0
1065900742 1065900742 1065900742 1065900742 1065900742 1065900742 1065900742 1065900742 1065900742 0 0 0 0 0 0 0 0 0 1057512134 0 0 8 4 5 6 6 6 7 8 1065900742 1065900742 1065900742 1065900742 1065900742 1065900742 1065900742 1065900742 1065900742 1065900742 1065900742 1065900742 1065900742 1065900742 1065900742 1065900742 1065900742 1065900742 0 0 0 0 0 0 0 0 0
3210895628 1077583560 1076123069 3209702870 1072928108 1080231792 1074135231 3230057256 3228783400 3214156397 3229801971 3216276907 3231707974 3231417217 1077106403 3224323370 1069203394 1061319075 1077316370 2 4 4 5 8 5 6 5 5 0 3210895628 1077583560 1076123069 3209702870 1072928108 1080231792 1074135231 3230057256 1061319075 3210895628 1077583560 1076123069 3209702870 1072928108 1080231792 1074135231 3230057256 1061319075 0 0 0 0 0 0 0 0 1
3218649411 1067877996 3198940531 1064441696 1053876151 1074841566 1080760031 3214882511 3221637072 3218649411 1067877996 3198940531 1064441696 1053876151 1074841566 1080760031 3214882511 3221637072 1050791730 3 8 3 6 3 2 8 7 0 4 3218649411 1067877996 3198940531 1064441696 1053876151 1074841566 1080760031 3214882511 3221637072 3218649411 1067877996 3198940531 1064441696 1053876151 1074841566 1080760031 3214882511 3221637072 0 0 0 0 0 0 0 0 0
1083513188 1083513188 1083513188 1083513188 1083513188 1083513188 1083513188 1083513188 1083513188 0 0 0 0 0 0 0 0 0 1075124580 3 1 1 1 1 1 1 1 1 1 0 0 0 0 0 0 0 0 0 0 0 0 0 0 0 0 0 0 2 2 2 2 2 2 2 2 2
1089656157 1089656157 1089656157 1089656157 1089656157 1089656157 1089656157 1089656157 1089656157 0 0 0 0 0 0 0 0 0 1081267549 3 2 2 2 2 2 2 2 2 2 1089656157 1089656157 1089656157 1089656157 1089656157 1089656157 1089656157 1089656157 1089656157 1089656157 1089656157 1089656157 1089656157 1089656157 1089656157 1089656157 1089656157 1089656157 0 0 0 0 0 0 0 0 0
1077852584 1077852584 1077852584 1077852584 1077852584 1077852584 1077852584 1077852584 1077852584 0 0 0 0 0 0 0 0 0 1077852584 4 4 3 0 7 2 5 3 3 5 1077852584 1077852584 1077852584 1077852584 1077852584 1077852584 1077852584 1077852584 1077852584 1077852584 1077852584 1077852584 1077852584 1077852584 1077852584 1077852584 1077852584 1077852584 0 0 0 0 0 0 0 0 0
3211743633 3196329445 3229602819 3226134367 2143289344 3207529480 1065350737 1073564095 1071013000 1078425080 3229971896 3225730883 1071646154 1069472642 1079214204 1076981709 1083558574 1081299286 1059918849 5 5 1 5 3 8 8 5 8 4 3211743633 3229971896 3229602819 1071646154 2143289344 3207529480 1065350737 1073564095 1071013000 3211743633 3229971896 3229602819 1071646154 2143289344 3207529480 1065350737 1073564095 1071013000 0 2 0 4 0 0 0 0 0
3227080406 3230096071 1071094923 3229729420 3219359159 1069946570 3208617072 1057851378 3225430275 1082691245 1034437717 3210601096 3220406796 3218548987 3223044654 3222719936 3223059187 1067534250 2143289344 1 7 1 6 0 5 1 3 3 4 3227080406 3230096071 1071094923 3229729420 3219359159 1069946570 3208617072 1057851378 3225430275 3227080406 3230096071 1071094923 3229729420 3219359159 1069946570 3208617072 1057851378 3225430275 0 0 0 0 0 0 0 0 0
2139095040 2139095040 2139095040 2139095040 2139095040 2139095040 2139095040 2139095040 2139095040 1084086016 1070200552 3219875226 1076660976 1069162731 1083498909 1083841451 1069625890 3215906646 1066251985 3 0 6 0 7 6 5 4 2 0 1084086016 2139095040 3219875226 2139095040 2139095040 2139095040 2139095040 2139095040 3215906646 1084086016 2139095040 3219875226 2139095040 2139095040 2139095040 2139095040 2139095040 3215906646 1 0 1 0 0 0 0 0 1
1089961595 1089961595 1089961595 1089961595 1089961595 1089961595 1089961595 1089961595 1089961595 0 0 0 0 0 0 0 0 0 1081572987 1 255 255 255 255 255 255 255 255 255 0 0 0 0 0 0 0 0 0 0 0 0 0 0 0 0 0 0 0 0 0 0 0 0 0 0 0
1085722100 1085722100 1085722100 1085722100 1085722100 1085722100 1085722100 1085722100 1085722100 0 0 0 0 0 0 0 0 0 1077333492 0 6 5 5 8 1 6 2 4 8 1085722100 1085722100 1085722100 1085722100 1085722100 1085722100 1085722100 1085722100 1085722100 1085722100 1085722100 1085722100 1085722100 1085722100 1085722100 1085722100 1085722100 1085722100 0 0 0 0 0 0 0 0 0
1075597020 3220501678 1081273008 3226891654 1067909012 1077094000 3230771031 3223743175 3229662975 3215570557 1075002971 3214941667 3220055067 1083037737 3216084961 1052630784 1061071107 1071150853 1069761025 3 8 1 7 1 6 0 7 2 4 1075597020 1075002971 1081273008 3226891654 1067909012 3216084961 3230771031 3223743175 3229662975 1075597020 1075002971 1081273008 3226891654 1067909012 3216084961 3230771031 3223743175 3229662975 0 2 0 0 0 1 0 0 0
1083554573 1067414301 3231312459 1073824191 1077970117 1072889534 3214573242 1070317919 1074960173 1083554573 1067414301 3231312459 1073824191 1077970117 1072889534 3214573242 1070317919 1074960173 1078267860 2 3 4 2 0 0 3 4 2 0 1083554573 1067414301 3231312459 1073824191 1077970117 1072889534 3214573242 1070317919 1074960173 1083554573 1067414301 3231312459 1073824191 1077970117 1072889534 3214573242 1070317919 1074960173 0 0 0 0 0 0 0 0 0
1085673559 1085673559 1085673559 1085673559 1085673559 1085673559 1085673559 1085673559 1085673559 0 0 0 0 0 0 0 0 0 1077284951 3 1 1 1 1 1 1 1 1 1 0 0 0 0 0 0 0 0 0 0 0 0 0 0 0 0 0 0 2 2 2 2 2 2 2 2 2
1080006008 1080006008 1080006008 1080006008 1080006008 1080006008 1080006008 1080006008 1080006008 0 0 0 0 0 0 0 0 0 1071617400 3 2 2 2 2 2 2 2 2 2 1080006008 1080006008 1080006008 1080006008 1080006008 1080006008 1080006008 1080006008 1080006008 1080006008 1080006008 1080006008 1080006008 1080006008 1080006008 1080006008 1080006008 1080006008 0 0 0 0 0 0 0 0 0
1081445933 1081445933 1081445933 1081445933 1081445933 1081445933 1081445933 1081445933 1081445933 0 0 0 0 0 0 0 0 0 1081445933 5 2 5 6 6 3 3 8 4 2 1081445933 1081445933 1081445933 1081445933 1081445933 1081445933 1081445933 1081445933 1081445933 1081445933 1081445933 1081445933 1081445933 1081445933 1081445933 1081445933 1081445933 1081445933 0 0 0 0 0 0 0 0 0
3202219238 3221487887 3212722562 1083719266 2143289344 3230707550 1073824620 1082637698 1078360882 1072427779 1078421685 3231099920 1026206001 3216201889 3226690611 1056195164 3214789012 3230135546 1078625878 4 1 6 0 7 4 6 3 1 2 3202219238 3221487887 3231099920 1083719266 2143289344 3230707550 1073824620 3214789012 3230135546 3202219238 3221487887 3231099920 1083719266 2143289344 3230707550 1073824620 3214789012 3230135546 0 0 1 0 0 0 0 2 3
1083213293 1077987026 1080975794 1052852548 1082569441 1075884410 3225761047 1052193990 3205363507 3214892493 1059098290 3222027017 1078567336 1065297626 1079086505 3215159308 3230180810 3228681927 2143289344 2 1 8 4 5 3 2 0 4 8 1083213293 1077987026 1080975794 1052852548 1082569441 1075884410 3225761047 1052193990 3205363507 1083213293 1077987026 1080975794 1052852548 1082569441 1075884410 3225761047 1052193990 3205363507 0 0 0 0 0 0 0 0 0
2139095040 2139095040 2139095040 2139095040 2139095040 2139095040 2139095040 2139095040 2139095040 1067686400 3230464714 3222910994 976326379 3196320966 3230908832 1064161945 1081936289 3230484921 1074805616 1 5 6 7 8 5 8 5 0 8 2139095040 2139095040 2139095040 2139095040 2139095040 2139095040 2139095040 2139095040 2139095040 2139095040 2139095040 2139095040 2139095040 2139095040 2139095040 2139095040 2139095040 2139095040 0 0 0 0 0 0 0 0 0
1083688946 1083688946 1083688946 1083688946 1083688946 1083688946 1083688946 1083688946 1083688946 0 0 0 0 0 0 0 0 0 1075300338 4 255 255 255 255 255 255 255 255 255 0 0 0 0 0 0 0 0 0 0 0 0 0 0 0 0 0 0 0 0 0 0 0 0 0 0 0
1082247375 1082247375 1082247375 1082247375 1082247375 1082247375 1082247375 1082247375 1082247375 0 0 0 0 0 0 0 0 0 1073858767 0 4 8 8 7 2 8 6 2 4 1082247375 1082247375 1082247375 1082247375 1082247375 1082247375 1082247375 1082247375 1082247375 1082247375 1082247375 1082247375 1082247375 1082247375 1082247375 1082247375 1082247375 1082247375 0 0 0 0 0 0 0 0 0
1080433259 3225400604 1061847381 1076304731 3231015684 3224877060 1075680432 1050176264 3225909555 3229280236 3230378691 1072262491 1081195307 1078390225 3228182385 1078486195 1082458211 1067050568 1081254955 1 4 6 0 2 5 7 1 5 3 1080433259 3225400604 1061847381 1076304731 3231015684 3224877060 1075680432 1050176264 3225909555 1080433259 3225400604 1061847381 1076304731 3231015684 3224877060 1075680432 1050176264 3225909555 0 0 0 0 0 0 0 0 0
1075336118 3229855505 1074512870 1080644838 3219506194 1045778885 3198828987 1064249911 3226337643 1075336118 3229855505 1074512870 1080644838 3219506194 1045778885 3198828987 1064249911 3226337643 1076104396 5 3 2 5 6 6 4 8 7 2 1075336118 3229855505 1074512870 1080644838 3219506194 1045778885 3198828987 1064249911 3226337643 1075336118 3229855505 1074512870 1080644838 3219506194 1045778885 3198828987 1064249911 3226337643 0 0 0 0 0 0 0 0 0
1085283756 1085283756 1085283756 1085283756 1085283756 1085283756 1085283756 1085283756 1085283756 0 0 0 0 0 0 0 0 0 1076895148 3 1 1 1 1 1 1 1 1 1 0 0 0 0 0 0 0 0 0 0 0 0 0 0 0 0 0 0 2 2 2 2 2 2 2 2 2
1087169934 1087169934 1087169934 1087169934 1087169934 1087169934 1087169934 1087169934 1087169934 0 0 0 0 0 0 0 0 0 1078781326 3 2 2 2 2 2 2 2 2 2 1087169934 1087169934 1087169934 1087169934 1087169934 1087169934 1087169934 1087169934 1087169934 1087169934 1087169934 1087169934 1087169934 1087169934 1087169934 1087169934 1087169934 1087169934 0 0 0 0 0 0 0 0 0
1072425929 1072425929 1072425929 1072425929 1072425929 1072425929 1072425929 1072425929 1072425929 0 0 0 0 0 0 0 0 0 1072425929 2 0 0 8 1 0 5 2 2 1 1072425929 1072425929 1072425929 1072425929 1072425929 1072425929 1072425929 1072425929 1072425929 1072425929 1072425929 1072425929 1072425929 1072425929 1072425929 1072425929 1072425929 1072425929 0 0 0 0 0 0 0 0 0
3230656321 3215676998 3194818332 1078512598 2143289344 3192857539 1074064482 3215712626 3222848372 3228374084 3228564652 1068962367 3226264975 1072504700 1049715017 3217724624 3229200554 1080967406 1064421864 1 4 7 4 1 1 5 4 0 2 3230656321 3215676998 3194818332 1078512598 2143289344 3192857539 1074064482 3215712626 3222848372 3230656321 3215676998 3194818332 1078512598 2143289344 3192857539 1074064482 3215712626 3222848372 0 0 0 0 0 0 0 0 0
3231331443 1077411439 3210160107 3215179385 1061523051 1074234760 3194011164 1075818940 3225871082 3226180632 1082118649 1081474823 3210943216 3229905984 1083673586 3211962644 3219982169 1073985361 2143289344 5 8 7 3 5 8 6 3 1 2 3231331443 1077411439 3210160107 3215179385 1061523051 1074234760 3194011164 1075818940 3225871082 3231331443 1077411439 3210160107 3215179385 1061523051 1074234760 3194011164 1075818940 3225871082 0 0 0 0 0 0 0 0 0
2139095040 2139095040 2139095040 2139095040 2139095040 2139095040 2139095040 2139095040 2139095040 1074364376 1077777346 1083905412 3213457685 3228976533 1079575263 1083493227 3229597830 3228040763 1068003821 2 0 1 1 2 5 0 1 2 7 1074364376 2139095040 2139095040 2139095040 2139095040 1079575263 2139095040 2139095040 2139095040 1074364376 2139095040 2139095040 2139095040 2139095040 1079575263 2139095040 2139095040 2139095040 1 0 0 0 0 1 0 0 0
1089190160 1089190160 1089190160 1089190160 1089190160 1089190160 1089190160 1089190160 1089190160 0 0 0 0 0 0 0 0 0 1080801552 2 255 255 255 255 255 255 255 255 255 0 0 0 0 0 0 0 0 0 0 0 0 0 0 0 0 0 0 0 0 0 0 0 0 0 0 0
1087641887 1087641887 1087641887 1087641887 1087641887 1087641887 1087641887 1087641887 1087641887 0 0 0 0 0 0 0 0 0 1079253279 0 3 7 1 7 8 1 6 3 4 1087641887 1087641887 1087641887 1087641887 1087641887 1087641887 1087641887 1087641887 1087641887 1087641887 1087641887 1087641887 1087641887 1087641887 1087641887 1087641887 1087641887 1087641887 0 0 0 0 0 0 0 0 0
3223434305 1062405013 1074141051 3231679279 1072106593 1083040714 1082056733 3190802571 1072233746 1082123095 1080883596 3225761502 1075998716 1068507264 1059653209 1075879040 1057927046 1084133630 1070119963 3 3 3 5 0 0 3 7 1 8 3223434305 1062405013 1074141051 1075998716 1072106593 1083040714 1082056733 3190802571 1072233746 3223434305 1062405013 1074141051 1075998716 1072106593 1083040714 1082056733 3190802571 1072233746 0 0 0 1 0 0 0 0 0
3222772112 3224200068 1061620307 3187536795 3225139742 1080571948 3224942520 1081856104 1043792109 3222772112 3224200068 1061620307 3187536795 3225139742 1080571948 3224942520 1081856104 1043792109 1079413873 3 5 6 0 0 7 6 3 1 5 3222772112 3224200068 1061620307 3187536795 3225139742 1080571948 3224942520 1081856104 1043792109 3222772112 3224200068 1061620307 3187536795 3225139742 1080571948 3224942520 1081856104 1043792109 0 0 0 0 0 0 0 0 0
1082581348 1082581348 1082581348 1082581348 1082581348 1082581348 1082581348 1082581348 1082581348 0 0 0 0 0 0 0 0 0 1074192740 3 1 1 1 1 1 1 1 1 1 0 0 0 0 0 0 0 0 0 0 0 0 0 0 0 0 0 0 2 2 2 2 2 2 2 2 2
1068684003 1068684003 1068684003 1068684003 1068684003 1068684003 1068684003 1068684003 1068684003 0 0 0 0 0 0 0 0 0 1060295395 3 2 2 2 2 2 2 2 2 2 1068684003 1068684003 1068684003 1068684003 1068684003 1068684003 1068684003 1068684003 1068684003 1068684003 1068684003 1068684003 1068684003 1068684003 1068684003 1068684003 1068684003 1068684003 0 0 0 0 0 0 0 0 0
1077921084 1077921084 1077921084 1077921084 1077921084 1077921084 1077921084 1077921084 1077921084 0 0 0 0 0 0 0 0 0 1077921084 4 7 0 1 1 8 0 2 1 0 1077921084 1077921084 1077921084 1077921084 1077921084 1077921084 1077921084 1077921084 1077921084 1077921084 1077921084 1077921084 1077921084 1077921084 1077921084 1077921084 1077921084 1077921084 0 0 0 0 0 0 0 0 0
3231379233 3211123757 3209428206 3226689993 2143289344 1070912841 1083292938 1074466538 3231393035 3221467944 3230877443 3212080275 1083441680 3223647641 3228718029 1075686649 3229614050 3229382619 1059375664 4 8 6 4 4 4 5 3 3 6 3231379233 3211123757 3209428206 3226689993 2143289344 1070912841 1083292938 1074466538 3231393035 3231379233 3211123757 3209428206 3226689993 2143289344 1070912841 1083292938 1074466538 3231393035 0 0 0 0 0 0 0 0 0
1070261562 1082858040 1062273526 1068212021 1076835470 1079692004 1083519590 1074148934 1057094609 3220524308 3212929343 1083661328 3230649902 3204642228 3212256325 1080410115 3225812960 3214510699 2143289344 5 1 7 3 5 3 8 6 2 8 1070261562 1082858040 1062273526 1068212021 1076835470 1079692004 1083519590 1074148934 1057094609 1070261562 1082858040 1062273526 1068212021 1076835470 1079692004 1083519590 1074148934 1057094609 0 0 0 0 0 0 0 0 0
2139095040 2139095040 2139095040 2139095040 2139095040 2139095040 2139095040 2139095040 2139095040 3229412207 1049425537 3222844952 1078045263 1075343563 1048992642 3193703780 1074638495 3224302980 1064281488 4 2 7 5 2 0 3 5 8 7 3229412207 2139095040 2139095040 1078045263 1075343563 2139095040 2139095040 2139095040 2139095040 3229412207 2139095040 2139095040 1078045263 1075343563 2139095040 2139095040 2139095040 2139095040 3 0 0 3 1 0 0 0 0
1085449897 1085449897 1085449897 1085449897 1085449897 1085449897 1085449897 1085449897 1085449897 0 0 0 0 0 0 0 0 0 1077061289 3 255 255 255 255 255 255 255 255 255 0 0 0 0 0 0 0 0 0 0 0 0 0 0 0 0 0 0 0 0 0 0 0 0 0 0 0
1088751085 1088751085 1088751085 1088751085 1088751085 1088751085 1088751085 1088751085 1088751085 0 0 0 0 0 0 0 0 0 1080362477 0 6 3 6 5 8 7 8 4 2 1088751085 1088751085 1088751085 1088751085 1088751085 1088751085 1088751085 1088751085 1088751085 1088751085 1088751085 1088751085 1088751085 1088751085 1088751085 1088751085 1088751085 1088751085 0 0 0 0 0 0 0 0 0
3224042415 1074509341 3223258559 3227281395 3221500034 3216483519 1072767310 1072404288 3173018302 1082436244 3224770045 3230146611 3222647888 3222735478 1070037982 3230884382 3213714118 3226590443 1063347651 4 2 5 8 8 7 2 6 6 6 1082436244 1074509341 3223258559 3227281395 3221500034 1070037982 1072767310 1072404288 3173018302 1082436244 1074509341 3223258559 3227281395 3221500034 1070037982 1072767310 1072404288 3173018302 3 0 0 0 0 3 0 0 0
1059018864 1069653239 1083939357 3224586942 1061416597 1064218337 3216207533 1071766751 3224065565 1059018864 1069653239 1083939357 3224586942 1061416597 1064218337 3216207533 1071766751 3224065565 1079956462 5 3 3 8 6 1 5 4 0 8 1059018864 1069653239 1083939357 3224586942 1061416597 1064218337 3216207533 1071766751 3224065565 1059018864 1069653239 1083939357 3224586942 1061416597 1064218337 3216207533 1071766751 3224065565 0 0 0 0 0 0 0 0 0
1085074883 1085074883 1085074883 1085074883 1085074883 1085074883 1085074883 1085074883 1085074883 0 0 0 0 0 0 0 0 0 1076686275 3 1 1 1 1 1 1 1 1 1 0 0 0 0 0 0 0 0 0 0 0 0 0 0 0 0 0 0 2 2 2 2 2 2 2 2 2
1085447876 1085447876 1085447876 1085447876 1085447876 1085447876 1085447876 1085447876 1085447876 0 0 0 0 0 0 0 0 0 1077059268 3 2 2 2 2 2 2 2 2 2 1085447876 1085447876 1085447876 1085447876 1085447876 1085447876 1085447876 1085447876 1085447876 1085447876 1085447876 1085447876 1085447876 1085447876 1085447876 1085447876 1085447876 1085447876 0 0 0 0 0 0 0 0 0
1074189621 1074189621 1074189621 1074189621 1074189621 1074189621 1074189621 1074189621 1074189621 0 0 0 0 0 0 0 0 0 1074189621 1 3 6 7 1 2 5 4 2 0 1074189621 1074189621 1074189621 1074189621 1074189621 1074189621 1074189621 1074189621 1074189621 1074189621 1074189621 1074189621 1074189621 1074189621 1074189621 1074189621 1074189621 1074189621 0 0 0 0 0 0 0 0 0
3224440413 3229757757 1066248703 3217598655 2143289344 3219654752 3222272830 3222842704 3228187859 1068212752 1061490304 1059531706 3229896123 1050478399 3221974853 1077353534 3222307707 1081937878 1067132433 1 0 3 6 6 2 3 3 5 5 3224440413 3229757757 1066248703 3217598655 2143289344 3219654752 3222272830 3222842704 3228187859 3224440413 3229757757 1066248703 3217598655 2143289344 3219654752 3222272830 3222842704 3228187859 0 0 0 0 0 0 0 0 0
3211877793 1074498183 1073447778 1058694716 3229486411 3221736296 1083833412 1081779534 3230342970 3223791920 1081113708 3230804459 1077658818 3230315786 3224902166 1060251065 3198012793 3227160728 2143289344 3 4 7 0 3 0 3 8 4 5 3211877793 1074498183 1073447778 1058694716 3229486411 3221736296 1083833412 1081779534 3230342970 3211877793 1074498183 1073447778 1058694716 3229486411 3221736296 1083833412 1081779534 3230342970 0 0 0 0 0 0 0 0 0
2139095040 2139095040 2139095040 2139095040 2139095040 2139095040 2139095040 2139095040 2139095040 3189659268 1083574388 3227860007 1083525224 1084179190 3223788488 1073003749 3219970843 3225768592 1074109988 2 5 1 7 6 1 8 0 5 5 2139095040 2139095040 2139095040 2139095040 2139095040 2139095040 1073003749 2139095040 2139095040 2139095040 2139095040 2139095040 2139095040 2139095040 2139095040 1073003749 2139095040 2139095040 0 0 0 0 0 0 1 0 0
1086849628 1086849628 1086849628 1086849628 1086849628 1086849628 1086849628 1086849628 1086849628 0 0 0 0 0 0 0 0 0 1078461020 3 255 255 255 255 255 255 255 255 255 0 0 0 0 0 0 0 0 0 0 0 0 0 0 0 0 0 0 0 0 0 0 0 0 0 0 0
1050250272 1050250272 1050250272 1050250272 1050250272 1050250272 1050250272 1050250272 1050250272 0 0 0 0 0 0 0 0 0 1041861664 0 6 2 1 5 6 8 5 7 7 1050250272 1050250272 1050250272 1050250272 1050250272 1050250272 1050250272 1050250272 1050250272 1050250272 1050250272 1050250272 1050250272 1050250272 1050250272 1050250272 1050250272 1050250272 0 0 0 0 0 0 0 0 0
1049449313 1070789044 1063470031 3223410814 3224765598 3186767990 3231569770 3225895077 3173485449 3230158211 3228349491 1083378419 3209028664 1083271295 3223687666 3217980187 3221413244 3230951650 1077738770 2 8 4 2 0 4 3 7 0 2 1049449313 1070789044 1063470031 3223410814 3224765598 3186767990 3231569770 3225895077 3173485449 1049449313 1070789044 1063470031 3223410814 3224765598 3186767990 3231569770 3225895077 3173485449 0 0 0 0 0 0 0 0 0
3216414402 1084202099 1075482730 3201132495 3215002790 3220454635 1062499044 1079716310 3189071838 3216414402 1084202099 1075482730 3201132495 3215002790 3220454635 1062499044 1079716310 3189071838 1078346513 4 0 4 6 1 8 4 0 8 7 3216414402 1084202099 1075482730 3201132495 3215002790 3220454635 1062499044 1079716310 3189071838 3216414402 1084202099 1075482730 3201132495 3215002790 3220454635 1062499044 1079716310 3189071838 0 0 0 0 0 0 0 0 0
1089197600 1089197600 1089197600 1089197600 1089197600 1089197600 1089197600 1089197600 1089197600 0 0 0 0 0 0 0 0 0 1080808992 3 1 1 1 1 1 1 1 1 1 0 0 0 0 0 0 0 0 0 0 0 0 0 0 0 0 0 0 2 2 2 2 2 2 2 2 2
1085620383 1085620383 1085620383 1085620383 1085620383 1085620383 1085620383 1085620383 1085620383 0 0 0 0 0 0 0 0 0 1077231775 3 2 2 2 2 2 2 2 2 2 1085620383 1085620383 1085620383 1085620383 1085620383 1085620383 1085620383 1085620383 1085620383 1085620383 1085620383 1085620383 1085620383 1085620383 1085620383 1085620383 1085620383 1085620383 0 0 0 0 0 0 0 0 0
1082037825 1082037825 1082037825 1082037825 1082037825 1082037825 1082037825 1082037825 1082037825 0 0 0 0 0 0 0 0 0 1082037825 5 8 4 2 4 7 2 3 5 2 1082037825 1082037825 1082037825 1082037825 1082037825 1082037825 1082037825 1082037825 1082037825 1082037825 1082037825 1082037825 1082037825 1082037825 1082037825 1082037825 1082037825 1082037825 0 0 0 0 0 0 0 0 0
3217507001 3223710040 1082097178 3215309810 2143289344 1080313654 3219680758 1073809026 1083581267 3179441218 3214934239 1078137828 1075598481 3195441726 1077124208 1070356753 1071693191 3213077983 1077511952 4 0 6 0 3 8 6 3 8 5 3217507001 3223710040 1082097178 3215309810 2143289344 1080313654 3219680758 1073809026 1083581267 3217507001 3223710040 1082097178 3215309810 2143289344 1080313654 3219680758 1073809026 1083581267 0 0 0 0 0 0 0 0 0
3224732609 1072877058 3224472333 3195845488 1076831416 3204516175 3204411207 1078020497 1079105914 1073701580 3210110079 3221748994 3231387274 3230633558 3219009895 1065544372 1074589665 3224447433 2143289344 4 6 2 7 4 0 6 0 7 2 3224732609 1072877058 3224472333 3195845488 1076831416 3204516175 3204411207 1078020497 1079105914 3224732609 1072877058 3224472333 3195845488 1076831416 3204516175 3204411207 1078020497 1079105914 0 0 0 0 0 0 0 0 0
2139095040 2139095040 2139095040 2139095040 2139095040 2139095040 2139095040 2139095040 2139095040 1058885530 1082541356 1059129799 1060288149 3226202360 1076527015 1077878412 1078816298 3230565819 1076321905 4 7 2 5 6 4 0 0 5 6 2139095040 1082541356 2139095040 2139095040 2139095040 1076527015 1077878412 2139095040 2139095040 2139095040 1082541356 2139095040 2139095040 2139095040 1076527015 1077878412 2139095040 2139095040 0 3 0 0 0 1 1 0 0
1066446700 1066446700 1066446700 1066446700 1066446700 1066446700 1066446700 1066446700 1066446700 0 0 0 0 0 0 0 0 0 1058058092 4 255 255 255 255 255 255 255 255 255 0 0 0 0 0 0 0 0 0 0 0 0 0 0 0 0 0 0 0 0 0 0 0 0 0 0 0
1071315313 1071315313 1071315313 1071315313 1071315313 1071315313 1071315313 1071315313 1071315313 0 0 0 0 0 0 0 0 0 1062926705 0 5 5 3 7 0 4 7 8 5 1071315313 1071315313 1071315313 1071315313 1071315313 1071315313 1071315313 1071315313 1071315313 1071315313 1071315313 1071315313 1071315313 1071315313 1071315313 1071315313 1071315313 1071315313 0 0 0 0 0 0 0 0 0
3230185305 3187145289 3228497542 1079490036 1060202860 1079346526 1081249241 3190185357 3204929019 3229307825 3213102789 1076804267 1083550094 1072023708 1079416510 1068854232 1083830309 3219130087 1077066839 2 4 7 0 6 6 8 6 8 6 3230185305 3187145289 1076804267 1079490036 1060202860 1079346526 1081249241 3190185357 3204929019 3230185305 3187145289 1076804267 1079490036 1060202860 1079346526 1081249241 3190185357 3204929019 0 0 1 0 0 0 0 0 0
1066979179 1079754897 1053419715 1071302699 1067024158 1081544029 3209681834 3216895322 3208222070 1066979179 1079754897 1053419715 1071302699 1067024158 1081544029 3209681834 3216895322 3208222070 1077405449 2 6 8 7 1 5 5 6 6 6 1066979179 1079754897 1053419715 1071302699 1067024158 1081544029 3209681834 3216895322 3208222070 1066979179 1079754897 1053419715 1071302699 1067024158 1081544029 3209681834 3216895322 3208222070 0 0 0 0 0 0 0 0 0
1089194801 1089194801 1089194801 1089194801 1089194801 1089194801 1089194801 1089194801 1089194801 0 0 0 0 0 0 0 0 0 1080806193 3 1 1 1 1 1 1 1 1 1 0 0 0 0 0 0 0 0 0 0 0 0 0 0 0 0 0 0 2 2 2 2 2 2 2 2 2
1088706320 1088706320 1088706320 1088706320 1088706320 1088706320 1088706320 1088706320 1088706320 0 0 0 0 0 0 0 0 0 1080317712 3 2 2 2 2 2 2 2 2 2 1088706320 1088706320 1088706320 1088706320 1088706320 1088706320 1088706320 1088706320 1088706320 1088706320 1088706320 1088706320 1088706320 1088706320 1088706320 1088706320 1088706320 1088706320 0 0 0 0 0 0 0 0 0
1069325483 1069325483 1069325483 1069325483 1069325483 1069325483 1069325483 1069325483 1069325483 0 0 0 0 0 0 0 0 0 1069325483 3 0 8 2 2 1 3 5 6 4 1069325483 1069325483 1069325483 1069325483 1069325483 1069325483 1069325483 1069325483 1069325483 1069325483 1069325483 1069325483 1069325483 1069325483 1069325483 1069325483 1069325483 1069325483 0 0 0 0 0 0 0 0 0
3224732987 3229070494 3215254282 3230766528 2143289344 3223346993 3215219799 1077650485 3230564743 3220614902 3230156347 1045331393 1083416661 3227982729 3226349899 1061523722 3205243694 3208730099 1081988499 4 1 1 7 3 5 3 0 1 3 3224732987 3229070494 3215254282 3230766528 2143289344 3223346993 3215219799 1077650485 3230564743 3224732987 3229070494 3215254282 3230766528 2143289344 3223346993 3215219799 1077650485 3230564743 0 0 0 0 0 0 0 0 0
3205586859 3226866106 1075807492 3214767195 3230470485 1067927887 3215327515 1067440896 1048602710 1070453205 3189843499 1051532623 3213380137 1083545731 3214094294 3230769031 3222477273 1084006154 2143289344 4 7 5 8 8 7 5 3 7 8 3205586859 3226866106 1075807492 3214767195 3230470485 1067927887 3215327515 1067440896 1048602710 3205586859 3226866106 1075807492 3214767195 3230470485 1067927887 3215327515 1067440896 1048602710 0 0 0 0 0 0 0 0 0
2139095040 2139095040 2139095040 2139095040 2139095040 2139095040 2139095040 2139095040 2139095040 1078714316 1076222031 3229270950 3219057226 1076815738 3170760612 3230934036 3215676702 1082305147 1077051733 1 6 7 5 3 2 1 2 7 4 2139095040 2139095040 2139095040 2139095040 2139095040 2139095040 2139095040 2139095040 2139095040 2139095040 2139095040 2139095040 2139095040 2139095040 2139095040 2139095040 2139095040 2139095040 0 0 0 0 0 0 0 0 0
1086303633 1086303633 1086303633 1086303633 1086303633 1086303633 1086303633 1086303633 1086303633 0 0 0 0 0 0 0 0 0 1077915025 4 255 255 255 255 255 255 255 255 255 0 0 0 0 0 0 0 0 0 0 0 0 0 0 0 0 0 0 0 0 0 0 0 0 0 0 0
1086329960 1086329960 1086329960 1086329960 1086329960 1086329960 1086329960 1086329960 1086329960 0 0 0 0 0 0 0 0 0 1077941352 0 2 5 2 3 7 1 4 5 0 1086329960 1086329960 1086329960 1086329960 1086329960 1086329960 1086329960 1086329960 1086329960 1086329960 1086329960 1086329960 1086329960 1086329960 1086329960 1086329960 1086329960 1086329960 0 0 0 0 0 0 0 0 0
1045064859 1078806301 1071464021 3227108623 1084220619 3227331636 3194491042 3212188347 3224464726 3229902381 1082628960 3227385133 1078724817 1069827562 3226007680 1060208817 1062320229 3221235814 1082075460 2 7 3 7 2 1 2 8 3 7 1045064859 1078806301 1071464021 3227108623 1084220619 3227331636 3194491042 3212188347 3224464726 1045064859 1078806301 1071464021 3227108623 1084220619 3227331636 3194491042 3212188347 3224464726 0 0 0 0 0 0 0 0 0
3213177726 1076612705 1075312745 3229939655 1033576746 1081469882 1079970643 1083620638 1079452917 3213177726 1076612705 1075312745 3229939655 1033576746 1081469882 1079970643 1083620638 1079452917 1070519854 5 0 7 1 7 4 6 8 2 5 3213177726 1076612705 1075312745 3229939655 1033576746 1081469882 1079970643 1083620638 1079452917 3213177726 1076612705 1075312745 3229939655 1033576746 1081469882 1079970643 1083620638 1079452917 0 0 0 0 0 0 0 0 0
1085866973 1085866973 1085866973 1085866973 1085866973 1085866973 1085866973 1085866973 1085866973 0 0 0 0 0 0 0 0 0 1077478365 3 1 1 1 1 1 1 1 1 1 0 0 0 0 0 0 0 0 0 0 0 0 0 0 0 0 0 0 2 2 2 2 2 2 2 2 2
1059407322 1059407322 1059407322 1059407322 1059407322 1059407322 1059407322 1059407322 1059407322 0 0 0 0 0 0 0 0 0 1051018714 3 2 2 2 2 2 2 2 2 2 1059407322 1059407322 1059407322 1059407322 1059407322 1059407322 1059407322 1059407322 1059407322 1059407322 1059407322 1059407322 1059407322 1059407322 1059407322 1059407322 1059407322 1059407322 0 0 0 0 0 0 0 0 0
1053758322 1053758322 1053758322 1053758322 1053758322 1053758322 1053758322 1053758322 1053758322 0 0 0 0 0 0 0 0 0 1053758322 3 3 5 3 0 4 1 8 6 7 1053758322 1053758322 1053758322 1053758322 1053758322 1053758322 1053758322 1053758322 1053758322 1053758322 1053758322 1053758322 1053758322 1053758322 1053758322 1053758322 1053758322 1053758322 0 0 0 0 0 0 0 0 0
1069605955 3206571524 3228923499 3228518763 2143289344 3219055363 3227915246 3226758125 3215976115 1083448794 1078342015 3222697397 3224051654 1077254066 1083657395 1076715036 1068951931 1066800660 1077948256 1 0 0 6 6 1 7 8 7 5 1069605955 3206571524 3228923499 3228518763 2143289344 3219055363 3227915246 3226758125 3215976115 1069605955 3206571524 3228923499 3228518763 2143289344 3219055363 3227915246 3226758125 3215976115 0 0 0 0 0 0 0 0 0
3231194836 3224203390 1078722254 3221850395 1072151439 3207023127 3224348233 1081187735 3226040250 3221562467 1076996220 1083051528 3224321076 1071249532 1077251117 1072570330 3228389568 3215092489 2143289344 2 1 4 5 2 1 1 0 2 0 3231194836 3224203390 1078722254 3221850395 1072151439 3207023127 3224348233 1081187735 3226040250 3231194836 3224203390 1078722254 3221850395 1072151439 3207023127 3224348233 1081187735 3226040250 0 0 0 0 0 0 0 0 0
2139095040 2139095040 2139095040 2139095040 2139095040 2139095040 2139095040 2139095040 2139095040 3224711247 1083524195 1063955986 3230465129 1083914403 3212854279 3215382067 3227931620 1082709188 1078207247 1 3 0 6 5 6 2 7 5 2 2139095040 2139095040 2139095040 2139095040 2139095040 2139095040 2139095040 2139095040 2139095040 2139095040 2139095040 2139095040 2139095040 2139095040 2139095040 2139095040 2139095040 2139095040 0 0 0 0 0 0 0 0 0
1083590240 1083590240 1083590240 1083590240 1083590240 1083590240 1083590240 1083590240 1083590240 0 0 0 0 0 0 0 0 0 1075201632 1 255 255 255 255 255 255 255 255 255 0 0 0 0 0 0 0 0 0 0 0 0 0 0 0 0 0 0 0 0 0 0 0 0 0 0 0
1089825585 1089825585 1089825585 1089825585 1089825585 1089825585 1089825585 1089825585 1089825585 0 0 0 0 0 0 0 0 0 1081436977 0 3 1 0 2 8 7 1 5 7 1089825585 1089825585 1089825585 1089825585 1089825585 1089825585 1089825585 1089825585 1089825585 1089825585 1089825585 1089825585 1089825585 1089825585 1089825585 1089825585 1089825585 1089825585 0 0 0 0 0 0 0 0 0
3223347499 3223318115 3214281619 1080425377 1081930631 3219907181 1084049336 3213937058 3225121624 1068916564 3221369269 1076068443 3230476306 3230365662 3204565531 3230608323 1079911324 3204740919 1075481715 5 8 7 2 1 2 6 2 5 7 3223347499 3223318115 1076068443 3230476306 3230365662 3219907181 3230608323 3213937058 3225121624 3223347499 3223318115 1076068443 3230476306 3230365662 3219907181 3230608323 3213937058 3225121624 0 0 3 2 3 0 3 0 0
1066760346 3204499612 1082002869 1072868097 1074649075 3203490228 1076195193 1082394884 3212521196 1066760346 3204499612 1082002869 1072868097 1074649075 3203490228 1076195193 1082394884 3212521196 1074345047 2 1 1 4 8 6 1 7 3 6 1066760346 3204499612 1082002869 1072868097 1074649075 3203490228 1076195193 1082394884 3212521196 1066760346 3204499612 1082002869 1072868097 1074649075 3203490228 1076195193 1082394884 3212521196 0 0 0 0 0 0 0 0 0
1080996512 1080996512 1080996512 1080996512 1080996512 1080996512 1080996512 1080996512 1080996512 0 0 0 0 0 0 0 0 0 1072607904 3 1 1 1 1 1 1 1 1 1 0 0 0 0 0 0 0 0 0 0 0 0 0 0 0 0 0 0 2 2 2 2 2 2 2 2 2
1086230513 1086230513 1086230513 1086230513 1086230513 1086230513 1086230513 1086230513 1086230513 0 0 0 0 0 0 0 0 0 1077841905 3 2 2 2 2 2 2 2 2 2 1086230513 1086230513 1086230513 1086230513 1086230513 1086230513 1086230513 1086230513 1086230513 1086230513 1086230513 1086230513 1086230513 1086230513 1086230513 1086230513 1086230513 1086230513 0 0 0 0 0 0 0 0 0
1079514115 1079514115 1079514115 1079514115 1079514115 1079514115 1079514115 1079514115 1079514115 0 0 0 0 0 0 0 0 0 1079514115 2 6 3 5 5 3 5 0 1 4 1079514115 1079514115 1079514115 1079514115 1079514115 1079514115 1079514115 1079514115 1079514115 1079514115 1079514115 1079514115 1079514115 1079514115 1079514115 1079514115 1079514115 1079514115 0 0 0 0 0 0 0 0 0
1052985620 1016641893 3224671387 1082216591 2143289344 3217321395 1054797624 3206852141 1074982630 3182079824 3226266362 1068337741 3218139906 1077423463 3230267850 1059681380 1076794312 1066966219 1055212264 2 0 4 7 5 4 0 7 0 8 3182079824 1016641893 3224671387 1082216591 2143289344 3230267850 1054797624 1076794312 1074982630 3182079824 1016641893 3224671387 1082216591 2143289344 3230267850 1054797624 1076794312 1074982630 1 0 0 0 0 1 0 1 0
1078023934 3223646978 1057442396 1076838627 3231301095 1082014987 3203854647 1061856954 1077505308 3230268126 3219610300 1079294683 3226301400 1079273644 3213750991 3226721709 1083403124 3225759598 2143289344 2 2 0 3 8 7 0 4 4 1 1078023934 3223646978 1057442396 1076838627 3231301095 1082014987 3203854647 1061856954 1077505308 1078023934 3223646978 1057442396 1076838627 3231301095 1082014987 3203854647 1061856954 1077505308 0 0 0 0 0 0 0 0 0
2139095040 2139095040 2139095040 2139095040 2139095040 2139095040 2139095040 2139095040 2139095040 1083420215 1083730526 1065316031 3231651371 1080630179 3227550961 3230637465 1081550667 3227990836 1043342425 1 4 4 7 2 2 1 3 8 0 2139095040 2139095040 2139095040 2139095040 2139095040 2139095040 2139095040 2139095040 2139095040 2139095040 2139095040 2139095040 2139095040 2139095040 2139095040 2139095040 2139095040 2139095040 0 0 0 0 0 0 0 0 0
1086010310 1086010310 1086010310 1086010310 1086010310 1086010310 1086010310 1086010310 1086010310 0 0 0 0 0 0 0 0 0 1077621702 4 255 255 255 255 255 255 255 255 255 0 0 0 0 0 0 0 0 0 0 0 0 0 0 0 0 0 0 0 0 0 0 0 0 0 0 0
1082304162 1082304162 1082304162 1082304162 1082304162 1082304162 1082304162 1082304162 1082304162 0 0 0 0 0 0 0 0 0 1073915554 0 2 0 3 3 3 5 3 5 0 1082304162 1082304162 1082304162 1082304162 1082304162 1082304162 1082304162 1082304162 1082304162 1082304162 1082304162 1082304162 1082304162 1082304162 1082304162 1082304162 1082304162 1082304162 0 0 0 0 0 0 0 0 0
3214844375 1050138267 1053793145 3196794926 3223123145 3225807044 1074155140 3221579448 1081355827 3231676079 1067304546 3221160237 1082346306 1077961996 1082103840 3181768374 3218913923 3228351418 1072282233 2 1 2 5 0 3 1 1 2 2 3214844375 1050138267 1053793145 1082346306 3223123145 3225807044 1074155140 3221579448 1081355827 3214844375 1050138267 1053793145 1082346306 3223123145 3225807044 1074155140 3221579448 1081355827 0 0 0 1 0 0 0 0 0
3222016570 3227454327 1082816005 3222168917 1062072455 3223302942 1070939660 1075900793 3229343227 3222016570 3227454327 1082816005 3222168917 1062072455 3223302942 1070939660 1075900793 3229343227 1071750030 5 3 7 0 5 8 2 5 1 3 3222016570 3227454327 1082816005 3222168917 1062072455 3223302942 1070939660 1075900793 3229343227 3222016570 3227454327 1082816005 3222168917 1062072455 3223302942 1070939660 1075900793 3229343227 0 0 0 0 0 0 0 0 0
1065039278 1065039278 1065039278 1065039278 1065039278 1065039278 1065039278 1065039278 1065039278 0 0 0 0 0 0 0 0 0 1056650670 3 1 1 1 1 1 1 1 1 1 0 0 0 0 0 0 0 0 0 0 0 0 0 0 0 0 0 0 2 2 2 2 2 2 2 2 2
1082200577 1082200577 1082200577 1082200577 1082200577 1082200577 1082200577 1082200577 1082200577 0 0 0 0 0 0 0 0 0 1073811969 3 2 2 2 2 2 2 2 2 2 1082200577 1082200577 1082200577 1082200577 1082200577 1082200577 1082200577 1082200577 1082200577 1082200577 1082200577 1082200577 1082200577 1082200577 1082200577 1082200577 1082200577 1082200577 0 0 0 0 0 0 0 0 0
1074314489 1074314489 1074314489 1074314489 1074314489 1074314489 1074314489 1074314489 1074314489 0 0 0 0 0 0 0 0 0 1074314489 2 4 5 2 6 2 7 2 3 1 1074314489 1074314489 1074314489 1074314489 1074314489 1074314489 1074314489 1074314489 1074314489 1074314489 1074314489 1074314489 1074314489 1074314489 1074314489 1074314489 1074314489 1074314489 0 0 0 0 0 0 0 0 0
3226619452 1075741601 3214506661 1082231658 2143289344 3226467860 1083319109 3225004611 3206135241 1083498122 1080902864 1080530534 3221724039 3229895483 1083087833 1075621288 1065200995 1067830948 1066964092 3 6 1 4 0 0 5 1 2 8 3226619452 1080902864 3214506661 3221724039 2143289344 3226467860 1075621288 3225004611 3206135241 3226619452 1080902864 3214506661 3221724039 2143289344 3226467860 1075621288 3225004611 3206135241 0 2 0 1 0 0 2 0 0
1068998959 1077715110 3231323129 1081708518 1068230039 3214620653 1045566202 1061416311 3221876213 1081270177 1078626032 3231058557 3215085917 1068447654 3223977657 1068481370 1068792351 3223840319 2143289344 2 6 5 7 0 2 4 0 6 5 1068998959 1077715110 3231323129 1081708518 1068230039 3214620653 1045566202 1061416311 3221876213 1068998959 1077715110 3231323129 1081708518 1068230039 3214620653 1045566202 1061416311 3221876213 0 0 0 0 0 0 0 0 0
2139095040 2139095040 2139095040 2139095040 2139095040 2139095040 2139095040 2139095040 2139095040 3189204092 1067488794 1077477763 3230023991 1049259414 1076041400 1073994565 1068163744 1080320994 1049405774 5 5 8 0 4 6 0 1 0 3 2139095040 2139095040 1077477763 2139095040 2139095040 1076041400 1073994565 1068163744 1080320994 2139095040 2139095040 1077477763 2139095040 2139095040 1076041400 1073994565 1068163744 1080320994 0 0 1 0 0 1 2 1 4
1087517425 1087517425 1087517425 1087517425 1087517425 1087517425 1087517425 1087517425 1087517425 0 0 0 0 0 0 0 0 0 1079128817 1 255 255 255 255 255 255 255 255 255 0 0 0 0 0 0 0 0 0 0 0 0 0 0 0 0 0 0 0 0 0 0 0 0 0 0 0
1072370868 1072370868 1072370868 1072370868 1072370868 1072370868 1072370868 1072370868 1072370868 0 0 0 0 0 0 0 0 0 1063982260 0 6 6 6 2 1 8 2 1 8 1072370868 1072370868 1072370868 1072370868 1072370868 1072370868 1072370868 1072370868 1072370868 1072370868 1072370868 1072370868 1072370868 1072370868 1072370868 1072370868 1072370868 1072370868 0 0 0 0 0 0 0 0 0
3231552466 1076079992 3223810015 1077738017 3214798468 1083308423 3222955262 3225743464 1075586875 3164121268 1056306189 1075178425 3214122806 3205183497 3231515924 3225144888 3208349632 1081358359 1067436648 5 2 3 5 4 5 2 3 6 4 3164121268 1056306189 3223810015 1077738017 3214798468 3231515924 3222955262 3225743464 1075586875 3164121268 1056306189 3223810015 1077738017 3214798468 3231515924 3222955262 3225743464 1075586875 3 4 0 0 0 3 0 0 0
3200482662 3225622244 1081905553 1061659555 1060407140 3226344862 3221297255 3187911219 1078723004 3200482662 3225622244 1081905553 1061659555 1060407140 3226344862 3221297255 3187911219 1078723004 1057832190 5 5 1 0 7 6 7 7 1 6 3200482662 3225622244 1081905553 1061659555 1060407140 3226344862 3221297255 3187911219 1078723004 3200482662 3225622244 1081905553 1061659555 1060407140 3226344862 3221297255 3187911219 1078723004 0 0 0 0 0 0 0 0 0
1081697590 1081697590 1081697590 1081697590 1081697590 1081697590 1081697590 1081697590 1081697590 0 0 0 0 0 0 0 0 0 1073308982 3 1 1 1 1 1 1 1 1 1 0 0 0 0 0 0 0 0 0 0 0 0 0 0 0 0 0 0 2 2 2 2 2 2 2 2 2
1066404456 1066404456 1066404456 1066404456 1066404456 1066404456 1066404456 1066404456 1066404456 0 0 0 0 0 0 0 0 0 1058015848 3 2 2 2 2 2 2 2 2 2 1066404456 1066404456 1066404456 1066404456 1066404456 1066404456 1066404456 1066404456 1066404456 1066404456 1066404456 1066404456 1066404456 1066404456 1066404456 1066404456 1066404456 1066404456 0 0 0 0 0 0 0 0 0
1077514707 1077514707 1077514707 1077514707 1077514707 1077514707 1077514707 1077514707 1077514707 0 0 0 0 0 0 0 0 0 1077514707 4 7 3 1 1 4 4 4 4 4 1077514707 1077514707 1077514707 1077514707 1077514707 1077514707 1077514707 1077514707 1077514707 1077514707 1077514707 1077514707 1077514707 1077514707 1077514707 1077514707 1077514707 1077514707 0 0 0 0 0 0 0 0 0
1077264331 1066189108 1083721710 1070606172 2143289344 1081656630 1077181074 3226374616 1078541972 1066713811 1063284034 3222094455 3222154449 3228523169 3197466667 1058100978 1071921879 1083743518 1082041594 2 4 3 7 3 6 0 2 7 5 1077264331 1066189108 1083721710 1070606172 2143289344 3197466667 1077181074 3226374616 1078541972 1077264331 1066189108 1083721710 1070606172 2143289344 3197466667 1077181074 3226374616 1078541972 0 0 0 0 0 1 0 0 0
1069220836 1072908304 3203970021 3231030974 3215322552 1076443698 3229667801 3225670513 1078746285 3222391549 1055480212 3220768096 1059827146 3227883676 1077099597 3197756669 1082640395 1083863530 2143289344 4 5 3 1 2 2 1 8 8 0 1069220836 1072908304 3203970021 3231030974 3215322552 1076443698 3229667801 3225670513 1078746285 1069220836 1072908304 3203970021 3231030974 3215322552 1076443698 3229667801 3225670513 1078746285 0 0 0 0 0 0 0 0 0
2139095040 2139095040 2139095040 2139095040 2139095040 2139095040 2139095040 2139095040 2139095040 1082277136 3228414774 3230936912 3217868364 1049316964 3225300767 3230071614 1075835402 3214720250 1067341045 4 4 7 3 8 0 0 8 0 0 2139095040 2139095040 2139095040 2139095040 1049316964 3225300767 2139095040 1075835402 3214720250 2139095040 2139095040 2139095040 2139095040 1049316964 3225300767 2139095040 1075835402 3214720250 0 0 0 0 1 1 0 1 1
1083614060 1083614060 1083614060 1083614060 1083614060 1083614060 1083614060 1083614060 1083614060 0 0 0 0 0 0 0 0 0 1075225452 3 255 255 255 255 255 255 255 255 255 0 0 0 0 0 0 0 0 0 0 0 0 0 0 0 0 0 0 0 0 0 0 0 0 0 0 0
1075457571 1075457571 1075457571 1075457571 1075457571 1075457571 1075457571 1075457571 1075457571 0 0 0 0 0 0 0 0 0 1067068963 0 0 1 5 3 5 1 5 4 4 1075457571 1075457571 1075457571 1075457571 1075457571 1075457571 1075457571 1075457571 1075457571 1075457571 1075457571 1075457571 1075457571 1075457571 1075457571 1075457571 1075457571 1075457571 0 0 0 0 0 0 0 0 0
3199205331 3206476494 1079615975 3230513507 3224334953 1082349139 1079034297 1059956765 1056552743 1082858350 3231463262 3231034839 3210993231 3206864225 1079946544 3230603781 1082870007 3214178849 1075460935 5 0 0 7 4 4 1 8 6 6 1082858350 3231463262 1079615975 3230513507 3224334953 1082349139 1079034297 1059956765 1056552743 1082858350 3231463262 1079615975 3230513507 3224334953 1082349139 1079034297 1059956765 1056552743 1 1 0 0 0 0 0 0 0
3223965614 1081964448 3226561536 3224975513 1082782326 1079853732 1078878707 3213415065 1050506722 3223965614 1081964448 3226561536 3224975513 1082782326 1079853732 1078878707 3213415065 1050506722 1076306769 2 3 4 5 7 2 8 0 6 7 3223965614 1081964448 3226561536 3224975513 1082782326 1079853732 1078878707 3213415065 1050506722 3223965614 1081964448 3226561536 3224975513 1082782326 1079853732 1078878707 3213415065 1050506722 0 0 0 0 0 0 0 0 0
1087878113 1087878113 1087878113 1087878113 1087878113 1087878113 1087878113 1087878113 1087878113 0 0 0 0 0 0 0 0 0 1079489505 3 1 1 1 1 1 1 1 1 1 0 0 0 0 0 0 0 0 0 0 0 0 0 0 0 0 0 0 2 2 2 2 2 2 2 2 2
1085560960 1085560960 1085560960 1085560960 1085560960 1085560960 1085560960 1085560960 1085560960 0 0 0 0 0 0 0 0 0 1077172352 3 2 2 2 2 2 2 2 2 2 1085560960 1085560960 1085560960 1085560960 1085560960 1085560960 1085560960 1085560960 1085560960 1085560960 1085560960 1085560960 1085560960 1085560960 1085560960 1085560960 1085560960 1085560960 0 0 0 0 0 0 0 0 0
1054914860 1054914860 1054914860 1054914860 1054914860 1054914860 1054914860 1054914860 1054914860 0 0 0 0 0 0 0 0 0 1054914860 4 3 7 5 8 8 3 3 8 6 1054914860 1054914860 1054914860 1054914860 1054914860 1054914860 1054914860 1054914860 1054914860 1054914860 1054914860 1054914860 1054914860 1054914860 1054914860 1054914860 1054914860 1054914860 0 0 0 0 0 0 0 0 0
3180528563 1082386587 3230502768 3228396024 2143289344 3219802421 3225973163 3227025830 3220373855 3214065200 1060559811 3203400594 3224965435 1068244754 3209924558 3221349784 3223248393 3224744635 1076414801 4 8 8 8 5 2 3 2 3 7 3180528563 1082386587 3230502768 3228396024 2143289344 3219802421 3225973163 3227025830 3220373855 3180528563 1082386587 3230502768 3228396024 2143289344 3219802421 3225973163 3227025830 3220373855 0 0 0 0 0 0 0 0 0
1083126510 1075398660 3219858755 1082127620 3224146744 3227490943 1077287588 1057231527 1077247527 3220037311 3219311802 1078716088 3228580955 3215849259 3220947991 1078477239 3212549210 3205984672 2143289344 2 7 0 2 8 7 6 1 3 6 1083126510 1075398660 3219858755 1082127620 3224146744 3227490943 1077287588 1057231527 1077247527 1083126510 1075398660 3219858755 1082127620 3224146744 3227490943 1077287588 1057231527 1077247527 0 0 0 0 0 0 0 0 0
2139095040 2139095040 2139095040 2139095040 2139095040 2139095040 2139095040 2139095040 2139095040 1057311398 1079211260 3192935878 1066564391 3218054903 1072736606 1068647678 1080427425 1078121291 1069211923 4 8 5 7 8 1 6 2 5 0 2139095040 2139095040 2139095040 2139095040 3218054903 2139095040 1068647678 2139095040 1078121291 2139095040 2139095040 2139095040 2139095040 3218054903 2139095040 1068647678 2139095040 1078121291 0 0 0 0 2 0 3 0 1
1068468651 1068468651 1068468651 1068468651 1068468651 1068468651 1068468651 1068468651 1068468651 0 0 0 0 0 0 0 0 0 1060080043 2 255 255 255 255 255 255 255 255 255 0 0 0 0 0 0 0 0 0 0 0 0 0 0 0 0 0 0 0 0 0 0 0 0 0 0 0
1088413452 1088413452 1088413452 1088413452 1088413452 1088413452 1088413452 1088413452 1088413452 0 0 0 0 0 0 0 0 0 1080024844 0 8 4 0 4 4 4 1 8 5 1088413452 1088413452 1088413452 1088413452 1088413452 1088413452 1088413452 1088413452 1088413452 1088413452 1088413452 1088413452 1088413452 1088413452 1088413452 1088413452 1088413452 1088413452 0 0 0 0 0 0 0 0 0
1063154947 3226706738 3230546875 3227052186 1070982678 1080340881 3222051175 1082428286 3226592157 1083511401 3222914688 1078086242 3224077557 3224708324 1066600598 1083285987 3196407257 1084008543 1073415416 1 5 4 8 3 5 3 6 5 2 1063154947 3226706738 3230546875 3227052186 1070982678 1080340881 3222051175 1082428286 3226592157 1063154947 3226706738 3230546875 3227052186 1070982678 1080340881 3222051175 1082428286 3226592157 0 0 0 0 0 0 0 0 0
3225694751 1067674138 1065590261 1081329343 1082799459 3193221928 1082683353 3227630712 3230798763 3225694751 1067674138 1065590261 1081329343 1082799459 3193221928 1082683353 3227630712 3230798763 1076215005 2 2 0 0 6 5 0 2 7 1 3225694751 1067674138 1065590261 1081329343 1082799459 3193221928 1082683353 3227630712 3230798763 3225694751 1067674138 1065590261 1081329343 1082799459 3193221928 1082683353 3227630712 3230798763 0 0 0 0 0 0 0 0 0
1083594496 1083594496 1083594496 1083594496 1083594496 1083594496 1083594496 1083594496 1083594496 0 0 0 0 0 0 0 0 0 1075205888 3 1 1 1 1 1 1 1 1 1 0 0 0 0 0 0 0 0 0 0 0 0 0 0 0 0 0 0 2 2 2 2 2 2 2 2 2
1058155693 1058155693 1058155693 1058155693 1058155693 1058155693 1058155693 1058155693 1058155693 0 0 0 0 0 0 0 0 0 1049767085 3 2 2 2 2 2 2 2 2 2 1058155693 1058155693 1058155693 1058155693 1058155693 1058155693 1058155693 1058155693 1058155693 1058155693 1058155693 1058155693 1058155693 1058155693 1058155693 1058155693 1058155693 1058155693 0 0 0 0 0 0 0 0 0
1079675821 1079675821 1079675821 1079675821 1079675821 1079675821 1079675821 1079675821 1079675821 0 0 0 0 0 0 0 0 0 1079675821 5 6 4 7 8 7 8 0 6 4 1079675821 1079675821 1079675821 1079675821 1079675821 1079675821 1079675821 1079675821 1079675821 1079675821 1079675821 1079675821 1079675821 1079675821 1079675821 1079675821 1079675821 1079675821 0 0 0 0 0 0 0 0 0
1046697296 3215406869 1081972556 3223572447 2143289344 1077768651 3230241391 1060296192 3223055338 1055399106 3220187047 3223847534 3228526891 3227432148 1080037005 1083503029 3206787701 1079639067 1050633773 2 3 4 5 1 6 0 1 4 1 1046697296 3215406869 1081972556 3223572447 2143289344 1080037005 3230241391 1060296192 3223055338 1046697296 3215406869 1081972556 3223572447 2143289344 1080037005 3230241391 1060296192 3223055338 0 0 0 0 0 1 0 0 0
3228228697 1079629102 1083846293 3227794646 1076911469 1062809119 1040446202 1078135936 3205324411 1054649397 3205637807 3211612062 3221444657 3229684011 3225174357 3214156037 1067490300 3225942698 2143289344 4 1 7 5 1 8 7 5 6 6 3228228697 1079629102 1083846293 3227794646 1076911469 1062809119 1040446202 1078135936 3205324411 3228228697 1079629102 1083846293 3227794646 1076911469 1062809119 1040446202 1078135936 3205324411 0 0 0 0 0 0 0 0 0
2139095040 2139095040 2139095040 2139095040 2139095040 2139095040 2139095040 2139095040 2139095040 3205559237 3215992944 3212254312 3231091131 3228857257 3225238820 3179777775 1081528419 3228002679 1074723471 3 2 0 4 8 3 2 8 0 7 2139095040 3215992944 2139095040 2139095040 2139095040 2139095040 2139095040 1081528419 2139095040 2139095040 3215992944 2139095040 2139095040 2139095040 2139095040 2139095040 1081528419 2139095040 0 1 0 0 0 0 0 1 0
1090177823 1090177823 1090177823 1090177823 1090177823 1090177823 1090177823 1090177823 1090177823 0 0 0 0 0 0 0 0 0 1081789215 1 255 255 255 255 255 255 255 255 255 0 0 0 0 0 0 0 0 0 0 0 0 0 0 0 0 0 0 0 0 0 0 0 0 0 0 0
1085249584 1085249584 1085249584 1085249584 1085249584 1085249584 1085249584 1085249584 1085249584 0 0 0 0 0 0 0 0 0 1076860976 0 4 8 8 3 4 8 1 2 2 1085249584 1085249584 1085249584 1085249584 1085249584 1085249584 1085249584 1085249584 1085249584 1085249584 1085249584 1085249584 1085249584 1085249584 1085249584 1085249584 1085249584 1085249584 0 0 0 0 0 0 0 0 0
3212608187 1062869675 1074032072 3228035690 1051546246 1074714280 1060170396 1081609881 3224573493 3222054811 1041335101 1079633686 1081037385 3211506334 3222746501 3229666238 3173242113 1082055557 1080138634 2 5 6 6 0 7 2 8 7 1 3212608187 1062869675 1074032072 1081037385 1051546246 1074714280 1060170396 1081609881 3224573493 3212608187 1062869675 1074032072 1081037385 1051546246 1074714280 1060170396 1081609881 3224573493 0 0 0 1 0 0 0 0 0
3231696045 3224479549 3219647472 3215406433 3223420643 3207483442 1080917127 3227725511 1066152059 3231696045 3224479549 3219647472 3215406433 3223420643 3207483442 1080917127 3227725511 1066152059 1026838569 3 7 2 1 6 5 5 4 2 7 3231696045 3224479549 3219647472 3215406433 3223420643 3207483442 1080917127 3227725511 1066152059 3231696045 3224479549 3219647472 3215406433 3223420643 3207483442 1080917127 3227725511 1066152059 0 0 0 0 0 0 0 0 0
1085983882 1085983882 1085983882 1085983882 1085983882 1085983882 1085983882 1085983882 1085983882 0 0 0 0 0 0 0 0 0 1077595274 3 1 1 1 1 1 1 1 1 1 0 0 0 0 0 0 0 0 0 0 0 0 0 0 0 0 0 0 2 2 2 2 2 2 2 2 2
1071155635 1071155635 1071155635 1071155635 1071155635 1071155635 1071155635 1071155635 1071155635 0 0 0 0 0 0 0 0 0 1062767027 3 2 2 2 2 2 2 2 2 2 1071155635 1071155635 1071155635 1071155635 1071155635 1071155635 1071155635 1071155635 1071155635 1071155635 1071155635 1071155635 1071155635 1071155635 1071155635 1071155635 1071155635 1071155635 0 0 0 0 0 0 0 0 0
1057946163 1057946163 1057946163 1057946163 1057946163 1057946163 1057946163 1057946163 1057946163 0 0 0 0 0 0 0 0 0 1057946163 1 7 3 0 5 5 5 1 2 3 1057946163 1057946163 1057946163 1057946163 1057946163 1057946163 1057946163 1057946163 1057946163 1057946163 1057946163 1057946163 1057946163 1057946163 1057946163 1057946163 1057946163 1057946163 0 0 0 0 0 0 0 0 0
1069218917 1080013820 3215322196 3228176395 2143289344 1075209442 1072699951 3206422613 1074973378 1081889390 1084092902 1078225453 1082127400 3198424201 3230681128 3230842390 3198167356 3218216365 1075901183 3 7 0 5 8 4 2 4 3 1 1069218917 1080013820 3215322196 3228176395 2143289344 1075209442 1072699951 3206422613 3218216365 1069218917 1080013820 3215322196 3228176395 2143289344 1075209442 1072699951 3206422613 3218216365 0 0 0 0 0 0 0 0 2
3214216821 1076861937 3228025314 1082569551 3213754815 1079102606 3204479972 3205742893 3231169654 3229301928 1084123681 3222416791 3197197439 3221265891 1072938084 1069237763 3213601246 3216280522 2143289344 3 8 7 3 5 2 3 4 5 5 3214216821 1076861937 3228025314 1082569551 3213754815 1079102606 3204479972 3205742893 3231169654 3214216821 1076861937 3228025314 1082569551 3213754815 1079102606 3204479972 3205742893 3231169654 0 0 0 0 0 0 0 0 0
2139095040 2139095040 2139095040 2139095040 2139095040 2139095040 2139095040 2139095040 2139095040 3224864488 1084142927 3205972313 1075666272 3200083870 3226493163 3223688996 3230250133 3227356511 1069684412 5 8 2 5 1 4 7 5 2 1 2139095040 1084142927 2139095040 1075666272 2139095040 2139095040 2139095040 3230250133 3227356511 2139095040 1084142927 2139095040 1075666272 2139095040 2139095040 2139095040 3230250133 3227356511 0 3 0 2 0 0 0 3 2
1060382661 1060382661 1060382661 1060382661 1060382661 1060382661 1060382661 1060382661 1060382661 0 0 0 0 0 0 0 0 0 1051994053 2 255 255 255 255 255 255 255 255 255 0 0 0 0 0 0 0 0 0 0 0 0 0 0 0 0 0 0 0 0 0 0 0 0 0 0 0
1069047252 1069047252 1069047252 1069047252 1069047252 1069047252 1069047252 1069047252 1069047252 0 0 0 0 0 0 0 0 0 1060658644 0 6 8 2 2 5 2 8 1 0 1069047252 1069047252 1069047252 1069047252 1069047252 1069047252 1069047252 1069047252 1069047252 1069047252 1069047252 1069047252 1069047252 1069047252 1069047252 1069047252 1069047252 1069047252 0 0 0 0 0 0 0 0 0
3223689119 3222275717 3223406936 1044445579 3229953207 1084197832 1069525304 3230522569 1060309357 3211077578 3230391415 1074471131 3218635301 1082525472 1078103503 1083027434 3230134085 1079352296 1074567808 2 6 1 0 0 1 2 5 3 4 3223689119 3222275717 1074471131 1044445579 3229953207 1084197832 1069525304 3230522569 1060309357 3223689119 3222275717 1074471131 1044445579 3229953207 1084197832 1069525304 3230522569 1060309357 0 0 1 0 0 0 0 0 0
1053757925 1072060230 1066227980 1083201838 1075606016 1074258306 3221305465 1069039055 3224908327 1053757925 1072060230 1066227980 1083201838 1075606016 1074258306 3221305465 1069039055 3224908327 1055982557 1 1 5 2 6 5 2 6 1 3 1053757925 1072060230 1066227980 1083201838 1075606016 1074258306 3221305465 1069039055 3224908327 1053757925 1072060230 1066227980 1083201838 1075606016 1074258306 3221305465 1069039055 3224908327 0 0 0 0 0 0 0 0 0
1050448277 1050448277 1050448277 1050448277 1050448277 1050448277 1050448277 1050448277 1050448277 0 0 0 0 0 0 0 0 0 1042059669 3 1 1 1 1 1 1 1 1 1 0 0 0 0 0 0 0 0 0 0 0 0 0 0 0 0 0 0 2 2 2 2 2 2 2 2 2
1089442980 1089442980 1089442980 1089442980 1089442980 1089442980 1089442980 1089442980 1089442980 0 0 0 0 0 0 0 0 0 1081054372 3 2 2 2 2 2 2 2 2 2 1089442980 1089442980 1089442980 1089442980 1089442980 1089442980 1089442980 1089442980 1089442980 1089442980 1089442980 1089442980 1089442980 1089442980 1089442980 1089442980 1089442980 1089442980 0 0 0 0 0 0 0 0 0
1075868731 1075868731 1075868731 1075868731 1075868731 1075868731 1075868731 1075868731 1075868731 0 0 0 0 0 0 0 0 0 1075868731 5 2 5 3 5 5 7 2 5 5 1075868731 1075868731 1075868731 1075868731 1075868731 1075868731 1075868731 1075868731 1075868731 1075868731 1075868731 1075868731 1075868731 1075868731 1075868731 1075868731 1075868731 1075868731 0 0 0 0 0 0 0 0 0
3229204465 1075736042 3227937087 1079474302 2143289344 1075120090 1080450641 1074548676 3215796116 1060810342 3220544145 3218191379 3214411251 3231383439 1067796429 1077082313 3226739914 1063723793 1077780528 3 7 6 0 1 3 2 1 2 8 3229204465 1075736042 3227937087 3214411251 2143289344 1075120090 1080450641 1074548676 3215796116 3229204465 1075736042 3227937087 3214411251 2143289344 1075120090 1080450641 1074548676 3215796116 0 0 0 2 0 0 0 0 0
3219130266 3227059254 3213700963 3199010742 1077435901 1074689228 3230689375 3230788495 3229794796 1074484294 1082147810 1081234766 1077027756 3218269329 3230726522 1079668572 1073872356 1082139117 2143289344 3 8 2 4 8 3 8 7 3 2 3219130266 3227059254 3213700963 3199010742 1077435901 1074689228 3230689375 3230788495 3229794796 3219130266 3227059254 3213700963 3199010742 1077435901 1074689228 3230689375 3230788495 3229794796 0 0 0 0 0 0 0 0 0
2139095040 2139095040 2139095040 2139095040 2139095040 2139095040 2139095040 2139095040 2139095040 3228721676 1071460542 3224374583 1083348971 1079282394 1077627668 1075871580 3205411733 1070243324 1072554160 1 6 2 3 2 0 5 0 5 8 2139095040 2139095040 2139095040 2139095040 2139095040 2139095040 2139095040 2139095040 2139095040 2139095040 2139095040 2139095040 2139095040 2139095040 2139095040 2139095040 2139095040 2139095040 0 0 0 0 0 0 0 0 0
1084731702 1084731702 1084731702 1084731702 1084731702 1084731702 1084731702 1084731702 1084731702 0 0 0 0 0 0 0 0 0 1076343094 4 255 255 255 255 255 255 255 255 255 0 0 0 0 0 0 0 0 0 0 0 0 0 0 0 0 0 0 0 0 0 0 0 0 0 0 0
1082864404 1082864404 1082864404 1082864404 1082864404 1082864404 1082864404 1082864404 1082864404 0 0 0 0 0 0 0 0 0 1074475796 0 8 4 0 1 0 3 3 0 8 1082864404 1082864404 1082864404 1082864404 1082864404 1082864404 1082864404 1082864404 1082864404 1082864404 1082864404 1082864404 1082864404 1082864404 1082864404 1082864404 1082864404 1082864404 0 0 0 0 0 0 0 0 0
3226366922 1083904334 3210354596 1080256147 3228425809 1078656823 3224534269 3207345178 1083955750 3194895503 3213513927 3222620241 3212832930 3230207547 3222633413 1080801978 3225591388 1077631731 1066956433 1 0 5 6 1 7 8 0 8 8 3226366922 1083904334 3210354596 1080256147 3228425809 1078656823 3224534269 3207345178 1083955750 3226366922 1083904334 3210354596 1080256147 3228425809 1078656823 3224534269 3207345178 1083955750 0 0 0 0 0 0 0 0 0
1083722722 3225246100 1068164835 3197066073 3213837485 3208315311 1082945692 3224011158 1079761467 1083722722 3225246100 1068164835 3197066073 3213837485 3208315311 1082945692 3224011158 1079761467 1075115795 4 7 4 7 7 3 0 7 0 0 1083722722 3225246100 1068164835 3197066073 3213837485 3208315311 1082945692 3224011158 1079761467 1083722722 3225246100 1068164835 3197066073 3213837485 3208315311 1082945692 3224011158 1079761467 0 0 0 0 0 0 0 0 0
1082640996 1082640996 1082640996 1082640996 1082640996 1082640996 1082640996 1082640996 1082640996 0 0 0 0 0 0 0 0 0 1074252388 3 1 1 1 1 1 1 1 1 1 0 0 0 0 0 0 0 0 0 0 0 0 0 0 0 0 0 0 2 2 2 2 2 2 2 2 2
1086851633 1086851633 1086851633 1086851633 1086851633 1086851633 1086851633 1086851633 1086851633 0 0 0 0 0 0 0 0 0 1078463025 3 2 2 2 2 2 2 2 2 2 1086851633 1086851633 1086851633 1086851633 1086851633 1086851633 1086851633 1086851633 1086851633 1086851633 1086851633 1086851633 1086851633 1086851633 1086851633 1086851633 1086851633 1086851633 0 0 0 0 0 0 0 0 0
1080016631 1080016631 1080016631 1080016631 1080016631 1080016631 1080016631 1080016631 1080016631 0 0 0 0 0 0 0 0 0 1080016631 4 1 7 0 6 7 6 8 2 0 1080016631 1080016631 1080016631 1080016631 1080016631 1080016631 1080016631 1080016631 1080016631 1080016631 1080016631 1080016631 1080016631 1080016631 1080016631 1080016631 1080016631 1080016631 0 0 0 0 0 0 0 0 0
1061094452 1076589634 3216595501 3221575382 2143289344 3212829433 3184656268 3221689002 3223019251 1082868154 1060864826 3175272180 3219649147 1080937097 3226192908 3209516874 3223519273 1082003501 1077096844 5 0 2 4 1 3 8 5 1 2 1082868154 1076589634 3216595501 3221575382 2143289344 3212829433 3184656268 3221689002 1082003501 1082868154 1076589634 3216595501 3221575382 2143289344 3212829433 3184656268 3221689002 1082003501 1 0 0 0 0 0 0 0 3
3231476351 1069225331 3215357727 3215321630 3230157276 1070695191 3223166166 1074745621 3231113039 3226672151 3204878372 3204961682 1051491564 3225569528 3213714263 3216683323 1074142644 1082274693 2143289344 2 6 4 1 4 2 8 2 7 1 3231476351 1069225331 3215357727 3215321630 3230157276 1070695191 3223166166 1074745621 3231113039 3231476351 1069225331 3215357727 3215321630 3230157276 1070695191 3223166166 1074745621 3231113039 0 0 0 0 0 0 0 0 0
2139095040 2139095040 2139095040 2139095040 2139095040 2139095040 2139095040 2139095040 2139095040 3226768754 1071410368 3201695289 1075389573 3227252404 3209418687 1081571445 3230754687 1082424782 1080051522 5 7 5 1 0 2 0 8 2 0 2139095040 2139095040 3201695289 1075389573 3227252404 3209418687 2139095040 3230754687 1082424782 2139095040 2139095040 3201695289 1075389573 3227252404 3209418687 2139095040 3230754687 1082424782 0 0 2 1 3 1 0 3 1
1074045712 1074045712 1074045712 1074045712 1074045712 1074045712 1074045712 1074045712 1074045712 0 0 0 0 0 0 0 0 0 1065657104 5 255 255 255 255 255 255 255 255 255 0 0 0 0 0 0 0 0 0 0 0 0 0 0 0 0 0 0 0 0 0 0 0 0 0 0 0
1085775257 1085775257 1085775257 1085775257 1085775257 1085775257 1085775257 1085775257 1085775257 0 0 0 0 0 0 0 0 0 1077386649 0 2 6 5 4 0 8 2 8 1 1085775257 1085775257 1085775257 1085775257 1085775257 1085775257 1085775257 1085775257 1085775257 1085775257 1085775257 1085775257 1085775257 1085775257 1085775257 1085775257 1085775257 1085775257 0 0 0 0 0 0 0 0 0
3213231442 3227626061 1059372742 3231467846 1082614529 3209627378 3198366410 1074920168 3204364147 3222326676 1069562845 3224890248 1079346862 1069104702 1077463085 1068535236 1075715059 3229277308 1066061337 1 1 2 6 2 1 5 6 2 6 3213231442 3227626061 1059372742 3231467846 1082614529 3209627378 3198366410 1074920168 3204364147 3213231442 3227626061 1059372742 3231467846 1082614529 3209627378 3198366410 1074920168 3204364147 0 0 0 0 0 0 0 0 0
3220510192 1080999199 1074577758 1076393355 1079832396 1084019002 3192637246 3224215949 1080607996 3220510192 1080999199 1074577758 1076393355 1079832396 1084019002 3192637246 3224215949 1080607996 1075392647 3 3 3 0 4 4 7 7 4 5 3220510192 1080999199 1074577758 1076393355 1079832396 1084019002 3192637246 3224215949 1080607996 3220510192 1080999199 1074577758 1076393355 1079832396 1084019002 3192637246 3224215949 1080607996 0 0 0 0 0 0 0 0 0
1032522151 1032522151 1032522151 1032522151 1032522151 1032522151 1032522151 1032522151 1032522151 0 0 0 0 0 0 0 0 0 1024133543 3 1 1 1 1 1 1 1 1 1 0 0 0 0 0 0 0 0 0 0 0 0 0 0 0 0 0 0 2 2 2 2 2 2 2 2 2
1090006604 1090006604 1090006604 1090006604 1090006604 1090006604 1090006604 1090006604 1090006604 0 0 0 0 0 0 0 0 0 1081617996 3 2 2 2 2 2 2 2 2 2 1090006604 1090006604 1090006604 1090006604 1090006604 1090006604 1090006604 1090006604 1090006604 1090006604 1090006604 1090006604 1090006604 1090006604 1090006604 1090006604 1090006604 1090006604 0 0 0 0 0 0 0 0 0
1074053047 1074053047 1074053047 1074053047 1074053047 1074053047 1074053047 1074053047 1074053047 0 0 0 0 0 0 0 0 0 1074053047 2 7 4 4 5 0 6 4 7 2 1074053047 1074053047 1074053047 1074053047 1074053047 1074053047 1074053047 1074053047 1074053047 1074053047 1074053047 1074053047 1074053047 1074053047 1074053047 1074053047 1074053047 1074053047 0 0 0 0 0 0 0 0 0
1013493956 3222686635 1067350029 3224880439 2143289344 1078736026 1057619525 3224080840 1076169181 1082911171 3227143829 3228886695 1084186648 1040340444 3231127484 3229310317 3213780851 3224833068 1060199053 3 2 6 1 7 2 8 5 2 1 1013493956 3222686635 3228886695 3224880439 2143289344 1078736026 1057619525 3224080840 3224833068 1013493956 3222686635 3228886695 3224880439 2143289344 1078736026 1057619525 3224080840 3224833068 0 0 2 0 0 0 0 0 2
1055458311 1077546532 1074289236 1078822808 1082530839 3213871297 3221431516 3208972233 3198355011 1072651982 1066419845 1083219635 3231552382 1079281321 3230955358 3226853632 3230474170 1075757746 2143289344 4 7 8 5 7 2 0 1 0 2 1055458311 1077546532 1074289236 1078822808 1082530839 3213871297 3221431516 3208972233 3198355011 1055458311 1077546532 1074289236 1078822808 1082530839 3213871297 3221431516 3208972233 3198355011 0 0 0 0 0 0 0 0 0
2139095040 2139095040 2139095040 2139095040 2139095040 2139095040 2139095040 2139095040 2139095040 3230748780 1084084376 3226444567 1082131559 1075231855 1083636219 3230625438 1075834647 3221465899 1060513073 4 8 0 6 7 0 8 7 4 0 2139095040 1084084376 2139095040 2139095040 1075231855 2139095040 2139095040 2139095040 3221465899 2139095040 1084084376 2139095040 2139095040 1075231855 2139095040 2139095040 2139095040 3221465899 0 1 0 0 1 0 0 0 1
1085004948 1085004948 1085004948 1085004948 1085004948 1085004948 1085004948 1085004948 1085004948 0 0 0 0 0 0 0 0 0 1076616340 2 255 255 255 255 255 255 255 255 255 0 0 0 0 0 0 0 0 0 0 0 0 0 0 0 0 0 0 0 0 0 0 0 0 0 0 0
1072900378 1072900378 1072900378 1072900378 1072900378 1072900378 1072900378 1072900378 1072900378 0 0 0 0 0 0 0 0 0 1064511770 0 8 8 7 8 3 2 2 1 7 1072900378 1072900378 1072900378 1072900378 1072900378 1072900378 1072900378 1072900378 1072900378 1072900378 1072900378 1072900378 1072900378 1072900378 1072900378 1072900378 1072900378 1072900378 0 0 0 0 0 0 0 0 0
3199505365 3222565131 3230858736 3213826882 1074185844 1080024396 1083463054 3227689897 1081366203 3231049767 3229099122 3218108530 3231656315 1068384979 1081808502 3227598067 3225999581 1082152594 1062353541 2 5 8 3 0 2 7 3 8 0 3199505365 3222565131 3230858736 3231656315 1074185844 1080024396 1083463054 3227689897 1081366203 3199505365 3222565131 3230858736 3231656315 1074185844 1080024396 1083463054 3227689897 1081366203 0 0 0 1 0 0 0 0 0
3217679350 1068820672 3206783637 1082560717 3224611850 3219936956 3230630745 3222698269 1083879886 3217679350 1068820672 3206783637 1082560717 3224611850 3219936956 3230630745 3222698269 1083879886 1053787268 5 6 8 1 5 1 4 3 5 8 3217679350 1068820672 3206783637 1082560717 3224611850 3219936956 3230630745 3222698269 1083879886 3217679350 1068820672 3206783637 1082560717 3224611850 3219936956 3230630745 3222698269 1083879886 0 0 0 0 0 0 0 0 0
1087842547 1087842547 1087842547 1087842547 1087842547 1087842547 1087842547 1087842547 1087842547 0 0 0 0 0 0 0 0 0 1079453939 3 1 1 1 1 1 1 1 1 1 0 0 0 0 0 0 0 0 0 0 0 0 0 0 0 0 0 0 2 2 2 2 2 2 2 2 2
1088191008 1088191008 1088191008 1088191008 1088191008 1088191008 1088191008 1088191008 1088191008 0 0 0 0 0 0 0 0 0 1079802400 3 2 2 2 2 2 2 2 2 2 1088191008 1088191008 1088191008 1088191008 1088191008 1088191008 1088191008 1088191008 1088191008 1088191008 1088191008 1088191008 1088191008 1088191008 1088191008 1088191008 1088191008 1088191008 0 0 0 0 0 0 0 0 0
1061718467 1061718467 1061718467 1061718467 1061718467 1061718467 1061718467 1061718467 1061718467 0 0 0 0 0 0 0 0 0 1061718467 4 4 7 1 5 1 5 4 1 6 1061718467 1061718467 1061718467 1061718467 1061718467 1061718467 1061718467 1061718467 1061718467 1061718467 1061718467 1061718467 1061718467 1061718467 1061718467 1061718467 1061718467 1061718467 0 0 0 0 0 0 0 0 0
3230327387 1079624623 1067752934 1077726459 2143289344 1082206838 3217157782 1082556684 1074554343 1078323346 1048936291 1075929091 3219237788 3198275997 1082440697 1069873711 1075278560 1078379466 1053891053 4 1 2 5 4 0 8 3 1 1 1078323346 1048936291 1067752934 1077726459 2143289344 1082206838 3217157782 1075278560 1078379466 1078323346 1048936291 1067752934 1077726459 2143289344 1082206838 3217157782 1075278560 1078379466 2 3 0 0 0 0 0 2 2
3220275469 3217872586 3224430144 1082401643 3218947139 3230859923 1072176280 1076901251 3219614195 1082362694 3228787039 3224089576 3222088616 3230745383 1058084230 1056830794 3222407851 1084158986 2143289344 3 2 6 8 2 4 8 5 5 4 3220275469 3217872586 3224430144 1082401643 3218947139 3230859923 1072176280 1076901251 3219614195 3220275469 3217872586 3224430144 1082401643 3218947139 3230859923 1072176280 1076901251 3219614195 0 0 0 0 0 0 0 0 0
2139095040 2139095040 2139095040 2139095040 2139095040 2139095040 2139095040 2139095040 2139095040 1059008715 1074457524 3227561720 3181274632 1083509980 3219811278 1077573024 1077107456 3207880175 1080554511 3 2 2 2 4 3 2 2 7 6 2139095040 2139095040 2139095040 2139095040 2139095040 2139095040 2139095040 2139095040 2139095040 2139095040 2139095040 2139095040 2139095040 2139095040 2139095040 2139095040 2139095040 2139095040 0 0 0 0 0 0 0 0 0
1069787135 1069787135 1069787135 1069787135 1069787135 1069787135 1069787135 1069787135 1069787135 0 0 0 0 0 0 0 0 0 1061398527 5 255 255 255 255 255 255 255 255 255 0 0 0 0 0 0 0 0 0 0 0 0 0 0 0 0 0 0 0 0 0 0 0 0 0 0 0
1081200741 1081200741 1081200741 1081200741 1081200741 1081200741 1081200741 1081200741 1081200741 0 0 0 0 0 0 0 0 0 1072812133 0 6 6 6 8 5 8 7 6 1 1081200741 1081200741 1081200741 1081200741 1081200741 1081200741 1081200741 1081200741 1081200741 1081200741 1081200741 1081200741 1081200741 1081200741 1081200741 1081200741 1081200741 1081200741 0 0 0 0 0 0 0 0 0
1066461901 3217355803 3224219694 1075358287 1082401837 1079886403 1077314541 1062882892 1082643385 3226726776 3225603309 1083002454 3229229257 1077664830 3228456666 3210574519 3223458016 3210697649 1080720178 3 6 5 5 3 5 7 1 3 4 1066461901 3217355803 3224219694 1075358287 1082401837 1079886403 3210574519 1062882892 1082643385 1066461901 3217355803 3224219694 1075358287 1082401837 1079886403 3210574519 1062882892 1082643385 0 0 0 0 0 0 2 0 0
3190851713 3217830029 3230587013 3204852884 3221294101 1082740023 1074365726 1081699698 3231649267 3190851713 3217830029 3230587013 3204852884 3221294101 1082740023 1074365726 1081699698 3231649267 1077514979 5 2 2 3 7 5 3 7 0 2 3190851713 3217830029 3230587013 3204852884 3221294101 1082740023 1074365726 1081699698 3231649267 3190851713 3217830029 3230587013 3204852884 3221294101 1082740023 1074365726 1081699698 3231649267 0 0 0 0 0 0 0 0 0
1066191662 1066191662 1066191662 1066191662 1066191662 1066191662 1066191662 1066191662 1066191662 0 0 0 0 0 0 0 0 0 1057803054 3 1 1 1 1 1 1 1 1 1 0 0 0 0 0 0 0 0 0 0 0 0 0 0 0 0 0 0 2 2 2 2 2 2 2 2 2
1065486049 1065486049 1065486049 1065486049 1065486049 1065486049 1065486049 1065486049 1065486049 0 0 0 0 0 0 0 0 0 1057097441 3 2 2 2 2 2 2 2 2 2 1065486049 1065486049 1065486049 1065486049 1065486049 1065486049 1065486049 1065486049 1065486049 1065486049 1065486049 1065486049 1065486049 1065486049 1065486049 1065486049 1065486049 1065486049 0 0 0 0 0 0 0 0 0
1077031880 1077031880 1077031880 1077031880 1077031880 1077031880 1077031880 1077031880 1077031880 0 0 0 0 0 0 0 0 0 1077031880 2 0 4 6 7 0 1 5 2 1 1077031880 1077031880 1077031880 1077031880 1077031880 1077031880 1077031880 1077031880 1077031880 1077031880 1077031880 1077031880 1077031880 1077031880 1077031880 1077031880 1077031880 1077031880 0 0 0 0 0 0 0 0 0
3229956531 1073243303 1082985093 1080242800 2143289344 3215876120 3224906072 1040744677 3206475260 3214624592 3219513477 1079253409 3230258383 1075081611 3228422842 3230402032 1082619725 3219496250 1066213763 2 2 0 3 4 2 0 1 8 2 3229956531 3219513477 1082985093 1080242800 2143289344 3228422842 3224906072 1040744677 3206475260 3229956531 3219513477 1082985093 1080242800 2143289344 3228422842 3224906072 1040744677 3206475260 0 1 0 0 0 1 0 0 0
3229984350 1079830201 1066900022 1082539383 1032767195 3225706394 1073733630 3214483927 1075813248 3211074802 3208601037 3224851116 3222806053 3230516738 1076512391 3223021225 1079634918 3222535485 2143289344 2 5 4 6 8 6 5 2 7 2 3229984350 1079830201 1066900022 1082539383 1032767195 3225706394 1073733630 3214483927 1075813248 3229984350 1079830201 1066900022 1082539383 1032767195 3225706394 1073733630 3214483927 1075813248 0 0 0 0 0 0 0 0 0
2139095040 2139095040 2139095040 2139095040 2139095040 2139095040 2139095040 2139095040 2139095040 1081515132 3229983600 3223826035 1078727398 1048560209 1072885958 3215509055 1066938375 1079967252 1071034809 4 4 5 0 3 1 8 6 4 6 2139095040 2139095040 3223826035 2139095040 1048560209 2139095040 2139095040 2139095040 2139095040 2139095040 2139095040 3223826035 2139095040 1048560209 2139095040 2139095040 2139095040 2139095040 0 0 1 0 2 0 0 0 0
1080898109 1080898109 1080898109 1080898109 1080898109 1080898109 1080898109 1080898109 1080898109 0 0 0 0 0 0 0 0 0 1072509501 1 255 255 255 255 255 255 255 255 255 0 0 0 0 0 0 0 0 0 0 0 0 0 0 0 0 0 0 0 0 0 0 0 0 0 0 0
1052125614 1052125614 1052125614 1052125614 1052125614 1052125614 1052125614 1052125614 1052125614 0 0 0 0 0 0 0 0 0 1043737006 0 7 4 0 3 5 2 1 0 3 1052125614 1052125614 1052125614 1052125614 1052125614 1052125614 1052125614 1052125614 1052125614 1052125614 1052125614 1052125614 1052125614 1052125614 1052125614 1052125614 1052125614 1052125614 0 0 0 0 0 0 0 0 0
3216099908 3222473664 1078309053 1082136405 3229822339 3229713477 3224094787 1073478366 1083780675 1076823635 1074136563 3216852386 1066766763 3224290701 3226876628 3226176119 3226598568 1068640821 1076863576 1 8 0 5 5 7 3 4 0 0 3216099908 3222473664 1078309053 1082136405 3229822339 3229713477 3224094787 1073478366 1083780675 3216099908 3222473664 1078309053 1082136405 3229822339 3229713477 3224094787 1073478366 1083780675 0 0 0 0 0 0 0 0 0
3230821465 1082222679 3222919053 3221757221 1080809996 1084012988 1075532631 3227309640 1066976661 3230821465 1082222679 3222919053 3221757221 1080809996 1084012988 1075532631 3227309640 1066976661 1079494808 1 7 1 1 6 7 8 7 8 1 3230821465 1082222679 3222919053 3221757221 1080809996 1084012988 1075532631 3227309640 1066976661 3230821465 1082222679 3222919053 3221757221 1080809996 1084012988 1075532631 3227309640 1066976661 0 0 0 0 0 0 0 0 0
1090035182 1090035182 1090035182 1090035182 1090035182 1090035182 1090035182 1090035182 1090035182 0 0 0 0 0 0 0 0 0 1081646574 3 1 1 1 1 1 1 1 1 1 0 0 0 0 0 0 0 0 0 0 0 0 0 0 0 0 0 0 2 2 2 2 2 2 2 2 2
1089261863 1089261863 1089261863 1089261863 1089261863 1089261863 1089261863 1089261863 1089261863 0 0 0 0 0 0 0 0 0 1080873255 3 2 2 2 2 2 2 2 2 2 1089261863 1089261863 1089261863 1089261863 1089261863 1089261863 1089261863 1089261863 1089261863 1089261863 1089261863 1089261863 1089261863 1089261863 1089261863 1089261863 1089261863 1089261863 0 0 0 0 0 0 0 0 0
1081895598 1081895598 1081895598 1081895598 1081895598 1081895598 1081895598 1081895598 1081895598 0 0 0 0 0 0 0 0 0 1081895598 1 3 8 6 1 4 5 6 6 7 1081895598 1081895598 1081895598 1081895598 1081895598 1081895598 1081895598 1081895598 1081895598 1081895598 1081895598 1081895598 1081895598 1081895598 1081895598 1081895598 1081895598 1081895598 0 0 0 0 0 0 0 0 0
3219665541 3225548800 1082600503 1059128741 2143289344 3214634404 3221969693 1074781193 3215465299 1075920843 1081246842 1070939850 3228260763 1063518102 3204091922 3179305753 1079662993 3230131576 1061016845 3 4 2 3 3 7 0 5 0 1 3219665541 3225548800 1082600503 1059128741 2143289344 3214634404 3221969693 1079662993 3230131576 3219665541 3225548800 1082600503 1059128741 2143289344 3214634404 3221969693 1079662993 3230131576 0 0 0 0 0 0 0 1 2
3227964292 3212881711 1065994540 1072973609 3218289867 3205724587 1079757215 1073841177 3223311119 1076789674 1074773268 1077683128 3222084731 3217348555 1083714158 1083788762 1065860229 1036515872 2143289344 5 1 3 7 4 1 5 7 1 3 3227964292 3212881711 1065994540 1072973609 3218289867 3205724587 1079757215 1073841177 3223311119 3227964292 3212881711 1065994540 1072973609 3218289867 3205724587 1079757215 1073841177 3223311119 0 0 0 0 0 0 0 0 0
2139095040 2139095040 2139095040 2139095040 2139095040 2139095040 2139095040 2139095040 2139095040 1049153705 1079348741 3230934520 1073167643 3176585279 1077215774 3225516873 1083306246 3209507839 1054014596 1 8 0 5 0 8 8 4 0 6 2139095040 2139095040 2139095040 2139095040 2139095040 2139095040 2139095040 2139095040 2139095040 2139095040 2139095040 2139095040 2139095040 2139095040 2139095040 2139095040 2139095040 2139095040 0 0 0 0 0 0 0 0 0
1078922292 1078922292 1078922292 1078922292 1078922292 1078922292 1078922292 1078922292 1078922292 0 0 0 0 0 0 0 0 0 1070533684 2 255 255 255 255 255 255 255 255 255 0 0 0 0 0 0 0 0 0 0 0 0 0 0 0 0 0 0 0 0 0 0 0 0 0 0 0
1082685350 1082685350 1082685350 1082685350 1082685350 1082685350 1082685350 1082685350 1082685350 0 0 0 0 0 0 0 0 0 1074296742 0 2 4 0 2 1 1 8 3 3 1082685350 1082685350 1082685350 1082685350 1082685350 1082685350 1082685350 1082685350 1082685350 1082685350 1082685350 1082685350 1082685350 1082685350 1082685350 1082685350 1082685350 1082685350 0 0 0 0 0 0 0 0 0
3231450501 1066949557 3201298675 1048221529 1082776586 1074941585 3223337911 3222353689 3224002782 1042097706 3212997760 1076024462 1044461198 3226710156 1083748410 1069737007 3231545101 3230375112 1081940423 5 7 6 3 1 7 2 0 7 6 3231450501 1066949557 3201298675 1048221529 1082776586 1074941585 1069737007 3222353689 3224002782 3231450501 1066949557 3201298675 1048221529 1082776586 1074941585 1069737007 3222353689 3224002782 0 0 0 0 0 0 1 0 0
1080034038 1065490427 3226065301 3215388048 3197306568 3217178359 3227219678 3216540656 1083738014 1080034038 1065490427 3226065301 3215388048 3197306568 3217178359 3227219678 3216540656 1083738014 1074153362 1 6 4 3 0 3 5 4 0 3 1080034038 1065490427 3226065301 3215388048 3197306568 3217178359 3227219678 3216540656 1083738014 1080034038 1065490427 3226065301 3215388048 3197306568 3217178359 3227219678 3216540656 1083738014 0 0 0 0 0 0 0 0 0
1089251609 1089251609 1089251609 1089251609 1089251609 1089251609 1089251609 1089251609 1089251609 0 0 0 0 0 0 0 0 0 1080863001 3 1 1 1 1 1 1 1 1 1 0 0 0 0 0 0 0 0 0 0 0 0 0 0 0 0 0 0 2 2 2 2 2 2 2 2 2
1060725806 1060725806 1060725806 1060725806 1060725806 1060725806 1060725806 1060725806 1060725806 0 0 0 0 0 0 0 0 0 1052337198 3 2 2 2 2 2 2 2 2 2 1060725806 1060725806 1060725806 1060725806 1060725806 1060725806 1060725806 1060725806 1060725806 1060725806 1060725806 1060725806 1060725806 1060725806 1060725806 1060725806 1060725806 1060725806 0 0 0 0 0 0 0 0 0
1077365921 1077365921 1077365921 1077365921 1077365921 1077365921 1077365921 1077365921 1077365921 0 0 0 0 0 0 0 0 0 1077365921 4 1 0 5 7 5 4 7 1 6 1077365921 1077365921 1077365921 1077365921 1077365921 1077365921 1077365921 1077365921 1077365921 1077365921 1077365921 1077365921 1077365921 1077365921 1077365921 1077365921 1077365921 1077365921 0 0 0 0 0 0 0 0 0
3228682674 1079475287 3214442136 3182341851 2143289344 1065739213 3218483519 1076216224 1073732939 3230414138 1083145397 3225692611 1083032194 1079698638 1081451254 1081567825 1082729118 3225769463 1077050209 5 5 0 2 0 7 3 1 8 7 3228682674 1079475287 3214442136 1083032194 2143289344 1081451254 1081567825 1076216224 1073732939 3228682674 1079475287 3214442136 1083032194 2143289344 1081451254 1081567825 1076216224 1073732939 0 0 0 1 0 4 2 0 0
3227306648 3223790467 1036195875 1049737025 1070454447 3231627893 3218952448 3225823060 3212773104 3228267680 1083586150 3216168345 1083828080 1077704768 3199532797 1080766072 3226239824 1061362693 2143289344 3 3 1 3 0 2 2 7 4 3 3227306648 3223790467 1036195875 1049737025 1070454447 3231627893 3218952448 3225823060 3212773104 3227306648 3223790467 1036195875 1049737025 1070454447 3231627893 3218952448 3225823060 3212773104 0 0 0 0 0 0 0 0 0
2139095040 2139095040 2139095040 2139095040 2139095040 2139095040 2139095040 2139095040 2139095040 3222392756 3231451439 3212885878 3226872889 1076717998 3223188965 1072490651 1074004253 3216499922 1066572624 1 2 2 3 6 0 5 1 5 3 2139095040 2139095040 2139095040 2139095040 2139095040 2139095040 2139095040 2139095040 2139095040 2139095040 2139095040 2139095040 2139095040 2139095040 2139095040 2139095040 2139095040 2139095040 0 0 0 0 0 0 0 0 0
1060653663 1060653663 1060653663 1060653663 1060653663 1060653663 1060653663 1060653663 1060653663 0 0 0 0 0 0 0 0 0 1052265055 2 255 255 255 255 255 255 255 255 255 0 0 0 0 0 0 0 0 0 0 0 0 0 0 0 0 0 0 0 0 0 0 0 0 0 0 0
1082446399 1082446399 1082446399 1082446399 1082446399 1082446399 1082446399 1082446399 1082446399 0 0 0 0 0 0 0 0 0 1074057791 0 4 5 0 5 4 6 2 4 8 1082446399 1082446399 1082446399 1082446399 1082446399 1082446399 1082446399 1082446399 1082446399 1082446399 1082446399 1082446399 1082446399 1082446399 1082446399 1082446399 1082446399 1082446399 0 0 0 0 0 0 0 0 0
3230052095 3220695801 1072011281 3231337242 1083889195 1066903495 3194538897 1078375417 3223719419 3224709455 1052932993 3230539177 1065753500 1064388607 1083069601 3211646471 1082867915 3229586269 1075469437 1 5 1 0 3 5 8 3 6 3 3230052095 3220695801 1072011281 3231337242 1083889195 1066903495 3194538897 1078375417 3223719419 3230052095 3220695801 1072011281 3231337242 1083889195 1066903495 3194538897 1078375417 3223719419 0 0 0 0 0 0 0 0 0
1058484928 1070490260 1061470299 3226256406 3215246240 3222541483 1076480455 1076071350 3221356216 1058484928 1070490260 1061470299 3226256406 3215246240 3222541483 1076480455 1076071350 3221356216 1071124589 5 2 3 5 6 8 0 6 7 3 1058484928 1070490260 1061470299 3226256406 3215246240 3222541483 1076480455 1076071350 3221356216 1058484928 1070490260 1061470299 3226256406 3215246240 3222541483 1076480455 1076071350 3221356216 0 0 0 0 0 0 0 0 0
1090060808 1090060808 1090060808 1090060808 1090060808 1090060808 1090060808 1090060808 1090060808 0 0 0 0 0 0 0 0 0 1081672200 3 1 1 1 1 1 1 1 1 1 0 0 0 0 0 0 0 0 0 0 0 0 0 0 0 0 0 0 2 2 2 2 2 2 2 2 2
1088035032 1088035032 1088035032 1088035032 1088035032 1088035032 1088035032 1088035032 1088035032 0 0 0 0 0 0 0 0 0 1079646424 3 2 2 2 2 2 2 2 2 2 1088035032 1088035032 1088035032 1088035032 1088035032 1088035032 1088035032 1088035032 1088035032 1088035032 1088035032 1088035032 1088035032 1088035032 1088035032 1088035032 1088035032 1088035032 0 0 0 0 0 0 0 0 0
1029638454 1029638454 1029638454 1029638454 1029638454 1029638454 1029638454 1029638454 1029638454 0 0 0 0 0 0 0 0 0 1029638454 1 3 0 5 1 1 6 8 1 1 1029638454 1029638454 1029638454 1029638454 1029638454 1029638454 1029638454 1029638454 1029638454 1029638454 1029638454 1029638454 1029638454 1029638454 1029638454 1029638454 1029638454 1029638454 0 0 0 0 0 0 0 0 0
3230509776 3168506870 3227307789 1083210923 2143289344 3216582472 1026120980 3224085893 3218024406 3219042191 3228934733 1077130686 1063431883 3231467987 3214349429 1083259530 1070481610 1083327452 1049198471 5 0 2 3 7 1 8 6 4 6 3219042191 3228934733 1077130686 1083210923 2143289344 3216582472 1026120980 3224085893 3218024406 3219042191 3228934733 1077130686 1083210923 2143289344 3216582472 1026120980 3224085893 3218024406 1 3 4 0 0 0 0 0 0
1045546409 3230169845 1075435905 3204971561 3223938749 1078648649 1076332803 1072995671 3218388330 3222890749 3218309676 3201508027 3222704234 3220103155 3230094013 3230088544 3216819934 1082409716 2143289344 4 8 0 5 2 3 5 2 3 8 1045546409 3230169845 1075435905 3204971561 3223938749 1078648649 1076332803 1072995671 3218388330 1045546409 3230169845 1075435905 3204971561 3223938749 1078648649 1076332803 1072995671 3218388330 0 0 0 0 0 0 0 0 0
2139095040 2139095040 2139095040 2139095040 2139095040 2139095040 2139095040 2139095040 2139095040 1083019421 1081689190 1078725077 3224740959 1073924401 3230230811 3209648142 1082536109 1083506289 1077641352 5 4 3 8 4 4 2 0 5 0 2139095040 1081689190 2139095040 2139095040 2139095040 3230230811 3209648142 2139095040 1083506289 2139095040 1081689190 2139095040 2139095040 2139095040 3230230811 3209648142 2139095040 1083506289 0 4 0 0 0 3 1 0 1
1087031685 1087031685 1087031685 1087031685 1087031685 1087031685 1087031685 1087031685 1087031685 0 0 0 0 0 0 0 0 0 1078643077 1 255 255 255 255 255 255 255 255 255 0 0 0 0 0 0 0 0 0 0 0 0 0 0 0 0 0 0 0 0 0 0 0 0 0 0 0
1083122664 1083122664 1083122664 1083122664 1083122664 1083122664 1083122664 1083122664 1083122664 0 0 0 0 0 0 0 0 0 1074734056 0 8 2 6 1 2 2 1 0 0 1083122664 1083122664 1083122664 1083122664 1083122664 1083122664 1083122664 1083122664 1083122664 1083122664 1083122664 1083122664 1083122664 1083122664 1083122664 1083122664 1083122664 1083122664 0 0 0 0 0 0 0 0 0
3230613563 3208182095 3208242320 3229553596 3223349466 3207677937 1078722480 3224261489 3230783219 3209012129 3226826531 3204959640 1082741177 3230542022 1062341451 3231484353 1064135169 3223430895 1056804498 4 1 7 3 1 5 5 8 2 3 3209012129 3208182095 3208242320 1082741177 3223349466 3207677937 1078722480 1064135169 3230783219 3209012129 3208182095 3208242320 1082741177 3223349466 3207677937 1078722480 1064135169 3230783219 2 0 0 2 0 0 0 3 0
1049383809 3230936034 3229840093 3227208044 3222909176 1050344628 1083972373 3202152246 3220687950 1049383809 3230936034 3229840093 3227208044 3222909176 1050344628 1083972373 3202152246 3220687950 1077685660 3 5 2 0 4 6 2 0 5 2 1049383809 3230936034 3229840093 3227208044 3222909176 1050344628 1083972373 3202152246 3220687950 1049383809 3230936034 3229840093 3227208044 3222909176 1050344628 1083972373 3202152246 3220687950 0 0 0 0 0 0 0 0 0
1087738481 1087738481 1087738481 1087738481 1087738481 1087738481 1087738481 1087738481 1087738481 0 0 0 0 0 0 0 0 0 1079349873 3 1 1 1 1 1 1 1 1 1 0 0 0 0 0 0 0 0 0 0 0 0 0 0 0 0 0 0 2 2 2 2 2 2 2 2 2
1070112653 1070112653 1070112653 1070112653 1070112653 1070112653 1070112653 1070112653 1070112653 0 0 0 0 0 0 0 0 0 1061724045 3 2 2 2 2 2 2 2 2 2 1070112653 1070112653 1070112653 1070112653 1070112653 1070112653 1070112653 1070112653 1070112653 1070112653 1070112653 1070112653 1070112653 1070112653 1070112653 1070112653 1070112653 1070112653 0 0 0 0 0 0 0 0 0
1069764348 1069764348 1069764348 1069764348 1069764348 1069764348 1069764348 1069764348 1069764348 0 0 0 0 0 0 0 0 0 1069764348 1 4 2 5 4 7 5 2 6 2 1069764348 1069764348 1069764348 1069764348 1069764348 1069764348 1069764348 1069764348 1069764348 1069764348 1069764348 1069764348 1069764348 1069764348 1069764348 1069764348 1069764348 1069764348 0 0 0 0 0 0 0 0 0
1083843882 3215744995 3224470203 1084220639 2143289344 1035562818 3222988939 3224058154 1078998256 1002105925 3229251477 3206877528 1053430435 1077715992 3212309135 1073318183 3229133033 3229520841 1038622102 3 8 7 2 1 4 5 3 1 4 1083843882 3215744995 3224470203 1053430435 2143289344 1035562818 3222988939 3229133033 1078998256 1083843882 3215744995 3224470203 1053430435 2143289344 1035562818 3222988939 3229133033 1078998256 0 0 0 2 0 0 0 2 0
1075088699 3216180978 1078518012 1083196829 3208778512 3170642509 1080210006 3214824145 1075675640 3226356058 1066007218 3231070280 3230864786 1074493855 3198289300 3228215475 3226197656 3215561130 2143289344 3 0 6 7 4 4 7 8 3 5 1075088699 3216180978 1078518012 1083196829 3208778512 3170642509 1080210006 3214824145 1075675640 1075088699 3216180978 1078518012 1083196829 3208778512 3170642509 1080210006 3214824145 1075675640 0 0 0 0 0 0 0 0 0
2139095040 2139095040 2139095040 2139095040 2139095040 2139095040 2139095040 2139095040 2139095040 1050228850 3228659053 1079730483 1078727216 3229177186 1083463800 1081304209 3214270618 1079277214 1071106843 3 5 2 3 5 7 3 7 3 5 2139095040 2139095040 2139095040 2139095040 2139095040 2139095040 2139095040 2139095040 2139095040 2139095040 2139095040 2139095040 2139095040 2139095040 2139095040 2139095040 2139095040 2139095040 0 0 0 0 0 0 0 0 0
1072212677 1072212677 1072212677 1072212677 1072212677 1072212677 1072212677 1072212677 1072212677 0 0 0 0 0 0 0 0 0 1063824069 2 255 255 255 255 255 255 255 255 255 0 0 0 0 0 0 0 0 0 0 0 0 0 0 0 0 0 0 0 0 0 0 0 0 0 0 0
1084928059 1084928059 1084928059 1084928059 1084928059 1084928059 1084928059 1084928059 1084928059 0 0 0 0 0 0 0 0 0 1076539451 0 6 3 6 4 4 7 2 1 0 1084928059 1084928059 1084928059 1084928059 1084928059 1084928059 1084928059 1084928059 1084928059 1084928059 1084928059 1084928059 1084928059 1084928059 1084928059 1084928059 1084928059 1084928059 0 0 0 0 0 0 0 0 0
1077109616 1083825545 1065002052 1068054994 1079871559 3220525390 3206553027 1083992399 3218386113 3230829026 1079584772 3226737379 1036372229 1084032004 3201411468 1071381977 1079127430 1082037610 1079456145 3 5 7 6 1 8 2 5 2 3 1077109616 1083825545 1065002052 1068054994 1079871559 3220525390 3206553027 1083992399 3218386113 1077109616 1083825545 1065002052 1068054994 1079871559 3220525390 3206553027 1083992399 3218386113 0 0 0 0 0 0 0 0 0
1051000551 3218861584 3224960127 1074078800 3227017152 1083720861 3217941631 1061304171 1083073047 1051000551 3218861584 3224960127 1074078800 3227017152 1083720861 3217941631 1061304171 1083073047 1079979605 4 1 4 8 4 0 8 8 5 5 1051000551 3218861584 3224960127 1074078800 3227017152 1083720861 3217941631 1061304171 1083073047 1051000551 3218861584 3224960127 1074078800 3227017152 1083720861 3217941631 1061304171 1083073047 0 0 0 0 0 0 0 0 0
1070135226 1070135226 1070135226 1070135226 1070135226 1070135226 1070135226 1070135226 1070135226 0 0 0 0 0 0 0 0 0 1061746618 3 1 1 1 1 1 1 1 1 1 0 0 0 0 0 0 0 0 0 0 0 0 0 0 0 0 0 0 2 2 2 2 2 2 2 2 2
1053025783 1053025783 1053025783 1053025783 1053025783 1053025783 1053025783 1053025783 1053025783 0 0 0 0 0 0 0 0 0 1044637175 3 2 2 2 2 2 2 2 2 2 1053025783 1053025783 1053025783 1053025783 1053025783 1053025783 1053025783 1053025783 1053025783 1053025783 1053025783 1053025783 1053025783 1053025783 1053025783 1053025783 1053025783 1053025783 0 0 0 0 0 0 0 0 0
1073560530 1073560530 1073560530 1073560530 1073560530 1073560530 1073560530 1073560530 1073560530 0 0 0 0 0 0 0 0 0 1073560530 3 5 8 8 4 5 5 8 6 7 1073560530 1073560530 1073560530 1073560530 1073560530 1073560530 1073560530 1073560530 1073560530 1073560530 1073560530 1073560530 1073560530 1073560530 1073560530 1073560530 1073560530 1073560530 0 0 0 0 0 0 0 0 0
1082245998 3230814166 1076163826 1049206966 2143289344 1078157480 3224105981 1053099203 3221896221 1079945757 3225155545 1073264043 1065395505 3222216489 1083495722 1084080705 1075233176 3214192864 1079218594 4 0 8 7 6 6 2 0 5 3 1082245998 3230814166 1076163826 1049206966 2143289344 1078157480 1084080705 1053099203 3221896221 1082245998 3230814166 1076163826 1049206966 2143289344 1078157480 1084080705 1053099203 3221896221 0 0 0 0 0 0 1 0 0
3226711228 3226319330 1079390881 1066525376 3224544702 3222578207 1074853222 1069294373 1066652906 1083853296 1076754010 3231204774 3157359806 3221749081 3206529280 3219775347 1072261915 3186574050 2143289344 1 4 8 1 3 0 5 4 0 8 3226711228 3226319330 1079390881 1066525376 3224544702 3222578207 1074853222 1069294373 1066652906 3226711228 3226319330 1079390881 1066525376 3224544702 3222578207 1074853222 1069294373 1066652906 0 0 0 0 0 0 0 0 0
2139095040 2139095040 2139095040 2139095040 2139095040 2139095040 2139095040 2139095040 2139095040 1066684743 1077764273 3227362704 3226931832 3215664809 1041327731 1083656418 3193947087 3224542729 1074098257 5 8 0 1 0 5 6 3 7 8 2139095040 1077764273 3227362704 3226931832 2139095040 2139095040 1083656418 2139095040 2139095040 2139095040 1077764273 3227362704 3226931832 2139095040 2139095040 1083656418 2139095040 2139095040 0 1 2 1 0 0 4 0 0
1088222915 1088222915 1088222915 1088222915 1088222915 1088222915 1088222915 1088222915 1088222915 0 0 0 0 0 0 0 0 0 1079834307 1 255 255 255 255 255 255 255 255 255 0 0 0 0 0 0 0 0 0 0 0 0 0 0 0 0 0 0 0 0 0 0 0 0 0 0 0
1074198796 1074198796 1074198796 1074198796 1074198796 1074198796 1074198796 1074198796 1074198796 0 0 0 0 0 0 0 0 0 1065810188 0 8 3 5 0 2 5 4 4 2 1074198796 1074198796 1074198796 1074198796 1074198796 1074198796 1074198796 1074198796 1074198796 1074198796 1074198796 1074198796 1074198796 1074198796 1074198796 1074198796 1074198796 1074198796 0 0 0 0 0 0 0 0 0
3213200399 1075896980 1079003041 3230446684 1082983158 1083243049 3164692320 3214916331 1081438411 3225885777 1070887604 3228077670 1066017231 3228422515 1071833430 3222027438 3209590001 1075209517 1079560867 5 2 1 4 8 2 7 0 6 4 3213200399 1075896980 1079003041 3230446684 3228422515 1083243049 3164692320 3214916331 1081438411 3213200399 1075896980 1079003041 3230446684 3228422515 1083243049 3164692320 3214916331 1081438411 0 0 0 0 3 0 0 0 0
3228285551 3228399091 3226508897 1082708400 1082551317 1069913603 3227445229 3217392067 3199460412 3228285551 3228399091 3226508897 1082708400 1082551317 1069913603 3227445229 3217392067 3199460412 1080121600 5 3 3 4 8 5 0 3 6 3 3228285551 3228399091 3226508897 1082708400 1082551317 1069913603 3227445229 3217392067 3199460412 3228285551 3228399091 3226508897 1082708400 1082551317 1069913603 3227445229 3217392067 3199460412 0 0 0 0 0 0 0 0 0
1086524908 1086524908 1086524908 1086524908 1086524908 1086524908 1086524908 1086524908 1086524908 0 0 0 0 0 0 0 0 0 1078136300 3 1 1 1 1 1 1 1 1 1 0 0 0 0 0 0 0 0 0 0 0 0 0 0 0 0 0 0 2 2 2 2 2 2 2 2 2
1087408192 1087408192 1087408192 1087408192 1087408192 1087408192 1087408192 1087408192 1087408192 0 0 0 0 0 0 0 0 0 1079019584 3 2 2 2 2 2 2 2 2 2 1087408192 1087408192 1087408192 1087408192 1087408192 1087408192 1087408192 1087408192 1087408192 1087408192 1087408192 1087408192 1087408192 1087408192 1087408192 1087408192 1087408192 1087408192 0 0 0 0 0 0 0 0 0
1074541077 1074541077 1074541077 1074541077 1074541077 1074541077 1074541077 1074541077 1074541077 0 0 0 0 0 0 0 0 0 1074541077 3 4 4 2 1 1 8 7 5 1 1074541077 1074541077 1074541077 1074541077 1074541077 1074541077 1074541077 1074541077 1074541077 1074541077 1074541077 1074541077 1074541077 1074541077 1074541077 1074541077 1074541077 1074541077 0 0 0 0 0 0 0 0 0
3224971896 3220130010 3224109558 3214249036 2143289344 1066992960 3230137968 1071779347 3230889364 1071901363 1056350507 1067217428 3231334802 3223489620 1060375345 3231278366 3230653881 3218961600 1080860391 5 1 4 7 0 8 0 3 5 0 1071901363 3220130010 3224109558 3214249036 2143289344 1066992960 3230137968 1071779347 3230889364 1071901363 3220130010 3224109558 3214249036 2143289344 1066992960 3230137968 1071779347 3230889364 2 0 0 0 0 0 0 0 0
1078536496 1074315363 1078677578 1084173834 1024184596 3211657345 3204363546 3230833988 1065684869 1067205395 1041156142 1080028196 1069613489 3225290892 1076761791 1075122377 1073943545 3224939449 2143289344 3 8 4 7 1 1 5 8 6 0 1078536496 1074315363 1078677578 1084173834 1024184596 3211657345 3204363546 3230833988 1065684869 1078536496 1074315363 1078677578 1084173834 1024184596 3211657345 3204363546 3230833988 1065684869 0 0 0 0 0 0 0 0 0
2139095040 2139095040 2139095040 2139095040 2139095040 2139095040 2139095040 2139095040 2139095040 1080658662 1083828176 1082378710 3223006332 3222545052 1066911733 1076674514 1078251921 3213352166 1079205757 3 5 7 2 6 5 1 3 1 1 2139095040 2139095040 2139095040 2139095040 2139095040 1066911733 2139095040 1078251921 3213352166 2139095040 2139095040 2139095040 2139095040 2139095040 1066911733 2139095040 1078251921 3213352166 0 0 0 0 0 2 0 2 2
1065414681 1065414681 1065414681 1065414681 1065414681 1065414681 1065414681 1065414681 1065414681 0 0 0 0 0 0 0 0 0 1057026073 4 255 255 255 255 255 255 255 255 255 0 0 0 0 0 0 0 0 0 0 0 0 0 0 0 0 0 0 0 0 0 0 0 0 0 0 0
1086450135 1086450135 1086450135 1086450135 1086450135 1086450135 1086450135 1086450135 1086450135 0 0 0 0 0 0 0 0 0 1078061527 0 7 6 3 1 0 0 5 3 5 1086450135 1086450135 1086450135 1086450135 1086450135 1086450135 1086450135 1086450135 1086450135 1086450135 1086450135 1086450135 1086450135 1086450135 1086450135 1086450135 1086450135 1086450135 0 0 0 0 0 0 0 0 0
3202876577 3220592909 1083818828 3226577616 1082401028 1082791063 1083877503 1078372685 3217504952 1074329885 1070143382 1045768221 3224152151 3228984692 3224438106 3210208896 3231025722 3224130596 1016514392 3 8 7 7 7 3 1 6 1 0 3202876577 3220592909 1083818828 3226577616 1082401028 3224438106 1083877503 3231025722 3224130596 3202876577 3220592909 1083818828 3226577616 1082401028 3224438106 1083877503 3231025722 3224130596 0 0 0 0 0 2 0 2 1
1073709297 3221075899 3230290542 3221907236 3224801632 3230268036 3206584105 1082967777 3227246947 1073709297 3221075899 3230290542 3221907236 3224801632 3230268036 3206584105 1082967777 3227246947 1078224348 2 1 8 7 6 2 6 5 3 0 1073709297 3221075899 3230290542 3221907236 3224801632 3230268036 3206584105 1082967777 3227246947 1073709297 3221075899 3230290542 3221907236 3224801632 3230268036 3206584105 1082967777 3227246947 0 0 0 0 0 0 0 0 0
1075374720 1075374720 1075374720 1075374720 1075374720 1075374720 1075374720 1075374720 1075374720 0 0 0 0 0 0 0 0 0 1066986112 3 1 1 1 1 1 1 1 1 1 0 0 0 0 0 0 0 0 0 0 0 0 0 0 0 0 0 0 2 2 2 2 2 2 2 2 2
1082289856 1082289856 1082289856 1082289856 1082289856 1082289856 1082289856 1082289856 1082289856 0 0 0 0 0 0 0 0 0 1073901248 3 2 2 2 2 2 2 2 2 2 1082289856 1082289856 1082289856 1082289856 1082289856 1082289856 1082289856 1082289856 1082289856 1082289856 1082289856 1082289856 1082289856 1082289856 1082289856 1082289856 1082289856 1082289856 0 0 0 0 0 0 0 0 0
1076246426 1076246426 1076246426 1076246426 1076246426 1076246426 1076246426 1076246426 1076246426 0 0 0 0 0 0 0 0 0 1076246426 2 0 3 6 0 6 6 1 7 4 1076246426 1076246426 1076246426 1076246426 1076246426 1076246426 1076246426 1076246426 1076246426 1076246426 1076246426 1076246426 1076246426 1076246426 1076246426 1076246426 1076246426 1076246426 0 0 0 0 0 0 0 0 0
1076847701 3214910807 1071825198 3212345224 2143289344 3217853520 1078330509 3231046840 3223111729 1079964448 3224729273 3220838022 3218115019 3231145757 3226742554 1071692283 3231092443 1083569343 1081147575 2 5 8 4 7 0 2 4 0 5 1076847701 3214910807 1071825198 3212345224 2143289344 3217853520 1078330509 3231046840 3223111729 1076847701 3214910807 1071825198 3212345224 2143289344 3217853520 1078330509 3231046840 3223111729 0 0 0 0 0 0 0 0 0
3214431500 1057263639 1072273308 1082212584 3231412038 3217453541 3225888392 3183748242 3229658658 1061652027 3229106168 3221665020 3219820214 3222420382 3218789602 1076395244 3201542422 1063754960 2143289344 3 3 1 7 6 4 8 2 0 8 3214431500 1057263639 1072273308 1082212584 3231412038 3217453541 3225888392 3183748242 3229658658 3214431500 1057263639 1072273308 1082212584 3231412038 3217453541 3225888392 3183748242 3229658658 0 0 0 0 0 0 0 0 0
2139095040 2139095040 2139095040 2139095040 2139095040 2139095040 2139095040 2139095040 2139095040 3230488971 1084218653 1075784971 3213150187 3220970733 3227249918 3223218812 3228926996 1066234449 1075525688 5 7 0 4 8 1 1 1 5 2 2139095040 1084218653 2139095040 2139095040 3220970733 3227249918 3223218812 2139095040 1066234449 2139095040 1084218653 2139095040 2139095040 3220970733 3227249918 3223218812 2139095040 1066234449 0 1 0 0 2 2 2 0 3
1054839287 1054839287 1054839287 1054839287 1054839287 1054839287 1054839287 1054839287 1054839287 0 0 0 0 0 0 0 0 0 1046450679 1 255 255 255 255 255 255 255 255 255 0 0 0 0 0 0 0 0 0 0 0 0 0 0 0 0 0 0 0 0 0 0 0 0 0 0 0
1081690087 1081690087 1081690087 1081690087 1081690087 1081690087 1081690087 1081690087 1081690087 0 0 0 0 0 0 0 0 0 1073301479 0 4 1 1 5 4 8 5 7 5 1081690087 1081690087 1081690087 1081690087 1081690087 1081690087 1081690087 1081690087 1081690087 1081690087 1081690087 1081690087 1081690087 1081690087 1081690087 1081690087 1081690087 1081690087 0 0 0 0 0 0 0 0 0
1069258171 1026762916 1063269265 1079522145 1072685545 1072247761 1034120527 1075684425 3226356249 1078870055 1078181704 3222756230 1076077429 1064356623 3225325691 3200255309 1068564571 1072027744 1079725560 2 3 8 3 4 3 4 8 2 8 1069258171 1026762916 1063269265 1079522145 1072685545 1072247761 1034120527 1075684425 3226356249 1069258171 1026762916 1063269265 1079522145 1072685545 1072247761 1034120527 1075684425 3226356249 0 0 0 0 0 0 0 0 0
3223478722 3223480493 1071829480 1066628197 3231100551 3221612827 3188120087 1076779460 3229687471 3223478722 3223480493 1071829480 1066628197 3231100551 3221612827 3188120087 1076779460 3229687471 1039466393 4 4 4 7 4 0 5 7 1 6 3223478722 3223480493 1071829480 1066628197 3231100551 3221612827 3188120087 1076779460 3229687471 3223478722 3223480493 1071829480 1066628197 3231100551 3221612827 3188120087 1076779460 3229687471 0 0 0 0 0 0 0 0 0
1086743165 1086743165 1086743165 1086743165 1086743165 1086743165 1086743165 1086743165 1086743165 0 0 0 0 0 0 0 0 0 1078354557 3 1 1 1 1 1 1 1 1 1 0 0 0 0 0 0 0 0 0 0 0 0 0 0 0 0 0 0 2 2 2 2 2 2 2 2 2
1073665348 1073665348 1073665348 1073665348 1073665348 1073665348 1073665348 1073665348 1073665348 0 0 0 0 0 0 0 0 0 1065276740 3 2 2 2 2 2 2 2 2 2 1073665348 1073665348 1073665348 1073665348 1073665348 1073665348 1073665348 1073665348 1073665348 1073665348 1073665348 1073665348 1073665348 1073665348 1073665348 1073665348 1073665348 1073665348 0 0 0 0 0 0 0 0 0
1059256557 1059256557 1059256557 1059256557 1059256557 1059256557 1059256557 1059256557 1059256557 0 0 0 0 0 0 0 0 0 1059256557 5 3 5 2 1 6 0 0 8 2 1059256557 1059256557 1059256557 1059256557 1059256557 1059256557 1059256557 1059256557 1059256557 1059256557 1059256557 1059256557 1059256557 1059256557 1059256557 1059256557 1059256557 1059256557 0 0 0 0 0 0 0 0 0
1060586812 3205163067 1070500754 3220194415 2143289344 1068459214 1083477653 1075332531 3225998759 1070464708 3229711619 1083650787 3228264960 3216404748 3223128000 1078446164 1070521049 1077397079 1076907685 3 3 7 6 4 5 7 2 6 3 1060586812 3205163067 1070500754 3220194415 2143289344 1068459214 1083477653 1075332531 3225998759 1060586812 3205163067 1070500754 3220194415 2143289344 1068459214 1083477653 1075332531 3225998759 0 0 0 0 0 0 0 0 0
3231050821 1081025065 1078128333 1068108075 3217296903 1074687349 3216068747 3219548537 1059900280 1072379804 3216477548 3224706831 1082002650 3215210746 1078217644 1065806585 1078994407 3229664208 2143289344 5 3 2 8 4 6 5 6 4 0 3231050821 1081025065 1078128333 1068108075 3217296903 1074687349 3216068747 3219548537 1059900280 3231050821 1081025065 1078128333 1068108075 3217296903 1074687349 3216068747 3219548537 1059900280 0 0 0 0 0 0 0 0 0
2139095040 2139095040 2139095040 2139095040 2139095040 2139095040 2139095040 2139095040 2139095040 1073756491 3227641877 3214838436 1034800088 3222298699 1082321964 3212929589 1083196961 1071287484 1075638639 1 1 0 6 4 4 6 1 0 1 2139095040 2139095040 2139095040 2139095040 2139095040 2139095040 2139095040 2139095040 2139095040 2139095040 2139095040 2139095040 2139095040 2139095040 2139095040 2139095040 2139095040 2139095040 0 0 0 0 0 0 0 0 0
1083751271 1083751271 1083751271 1083751271 1083751271 1083751271 1083751271 1083751271 1083751271 0 0 0 0 0 0 0 0 0 1075362663 5 255 255 255 255 255 255 255 255 255 0 0 0 0 0 0 0 0 0 0 0 0 0 0 0 0 0 0 0 0 0 0 0 0 0 0 0
968875500 968875500 968875500 968875500 968875500 968875500 968875500 968875500 968875500 0 0 0 0 0 0 0 0 0 960486892 0 5 7 6 7 5 8 5 4 1 968875500 968875500 968875500 968875500 968875500 968875500 968875500 968875500 968875500 968875500 968875500 968875500 968875500 968875500 968875500 968875500 968875500 968875500 0 0 0 0 0 0 0 0 0
1053626056 1051459141 1072246811 3231007740 3222736556 1067156556 3221461765 3229912413 1061831226 1051261453 3225093156 3216839204 1078091378 3231611651 3204878193 1077612608 1082858380 3225860598 1080360690 4 4 6 8 7 3 0 3 3 4 1053626056 1051459141 1072246811 3231007740 3222736556 1067156556 3221461765 3229912413 1061831226 1053626056 1051459141 1072246811 3231007740 3222736556 1067156556 3221461765 3229912413 1061831226 0 0 0 0 0 0 0 0 0
1082872182 1067753658 1029471189 1068148459 3229044232 1049038390 3222057632 1070148437 3230786114 1082872182 1067753658 1029471189 1068148459 3229044232 1049038390 3222057632 1070148437 3230786114 1079060078 1 3 2 6 6 8 5 1 8 4 1082872182 1067753658 1029471189 1068148459 3229044232 1049038390 3222057632 1070148437 3230786114 1082872182 1067753658 1029471189 1068148459 3229044232 1049038390 3222057632 1070148437 3230786114 0 0 0 0 0 0 0 0 0
1085047487 1085047487 1085047487 1085047487 1085047487 1085047487 1085047487 1085047487 1085047487 0 0 0 0 0 0 0 0 0 1076658879 3 1 1 1 1 1 1 1 1 1 0 0 0 0 0 0 0 0 0 0 0 0 0 0 0 0 0 0 2 2 2 2 2 2 2 2 2
1066299522 1066299522 1066299522 1066299522 1066299522 1066299522 1066299522 1066299522 1066299522 0 0 0 0 0 0 0 0 0 1057910914 3 2 2 2 2 2 2 2 2 2 1066299522 1066299522 1066299522 1066299522 1066299522 1066299522 1066299522 1066299522 1066299522 1066299522 1066299522 1066299522 1066299522 1066299522 1066299522 1066299522 1066299522 1066299522 0 0 0 0 0 0 0 0 0
1077844589 1077844589 1077844589 1077844589 1077844589 1077844589 1077844589 1077844589 1077844589 0 0 0 0 0 0 0 0 0 1077844589 2 3 3 2 0 7 6 4 0 3 1077844589 1077844589 1077844589 1077844589 1077844589 1077844589 1077844589 1077844589 1077844589 1077844589 1077844589 1077844589 1077844589 1077844589 1077844589 1077844589 1077844589 1077844589 0 0 0 0 0 0 0 0 0
3197997271 1080620515 3214435684 1078598057 2143289344 3221597166 1082143305 3231233170 3207239852 1084136007 1075821904 1065096834 1076461496 1082348394 3227256115 1078640050 3231643695 3217138620 1076654889 4 0 4 1 4 5 7 6 7 8 1084136007 1080620515 3214435684 1078598057 2143289344 3221597166 1082143305 3231233170 3207239852 1084136007 1080620515 3214435684 1078598057 2143289344 3221597166 1082143305 3231233170 3207239852 1 0 0 0 0 0 0 0 0
3231396739 3230102854 1074439322 3226768070 1071449924 1065202307 3222123973 1077646507 3171107923 3212654251 1039917325 3226925571 3211077449 3227192436 1056789142 1045278601 1077752663 3224455882 2143289344 3 8 4 7 4 5 1 5 6 1 3231396739 3230102854 1074439322 3226768070 1071449924 1065202307 3222123973 1077646507 3171107923 3231396739 3230102854 1074439322 3226768070 1071449924 1065202307 3222123973 1077646507 3171107923 0 0 0 0 0 0 0 0 0
2139095040 2139095040 2139095040 2139095040 2139095040 2139095040 2139095040 2139095040 2139095040 3208490384 1082749113 3227856021 1046154927 3226690660 3220866318 1079032342 3227852217 1053049066 1035563234 1 2 6 0 3 5 8 5 5 6 2139095040 2139095040 2139095040 2139095040 2139095040 2139095040 2139095040 2139095040 2139095040 2139095040 2139095040 2139095040 2139095040 2139095040 2139095040 2139095040 2139095040 2139095040 0 0 0 0 0 0 0 0 0
1078917111 1078917111 1078917111 1078917111 1078917111 1078917111 1078917111 1078917111 1078917111 0 0 0 0 0 0 0 0 0 1070528503 3 255 255 255 255 255 255 255 255 255 0 0 0 0 0 0 0 0 0 0 0 0 0 0 0 0 0 0 0 0 0 0 0 0 0 0 0
1083665700 1083665700 1083665700 1083665700 1083665700 1083665700 1083665700 1083665700 1083665700 0 0 0 0 0 0 0 0 0 1075277092 0 8 5 5 4 7 0 7 6 6 1083665700 1083665700 1083665700 1083665700 1083665700 1083665700 1083665700 1083665700 1083665700 1083665700 1083665700 1083665700 1083665700 1083665700 1083665700 1083665700 1083665700 1083665700 0 0 0 0 0 0 0 0 0
3222143871 1055798528 3227603566 1081805507 1083016490 3223268946 3223665245 1082175774 3181074143 1083512296 1079982097 3215043025 1063038744 1056444509 3204044411 1075427603 1074718386 1058556701 1040354173 1 2 8 1 7 2 1 8 7 7 3222143871 1055798528 3227603566 1081805507 1083016490 3223268946 3223665245 1082175774 3181074143 3222143871 1055798528 3227603566 1081805507 1083016490 3223268946 3223665245 1082175774 3181074143 0 0 0 0 0 0 0 0 0
3175177573 3231416850 3230253075 3197936083 3228988244 1082911467 1083929878 3231313483 3229258440 3175177573 3231416850 3230253075 3197936083 3228988244 1082911467 1083929878 3231313483 3229258440 1067254934 4 2 3 4 0 6 8 5 5 4 3175177573 3231416850 3230253075 3197936083 3228988244 1082911467 1083929878 3231313483 3229258440 3175177573 3231416850 3230253075 3197936083 3228988244 1082911467 1083929878 3231313483 3229258440 0 0 0 0 0 0 0 0 0
1082192046 1082192046 1082192046 1082192046 1082192046 1082192046 1082192046 1082192046 1082192046 0 0 0 0 0 0 0 0 0 1073803438 3 1 1 1 1 1 1 1 1 1 0 0 0 0 0 0 0 0 0 0 0 0 0 0 0 0 0 0 2 2 2 2 2 2 2 2 2
1073272026 1073272026 1073272026 1073272026 1073272026 1073272026 1073272026 1073272026 1073272026 0 0 0 0 0 0 0 0 0 1064883418 3 2 2 2 2 2 2 2 2 2 1073272026 1073272026 1073272026 1073272026 1073272026 1073272026 1073272026 1073272026 1073272026 1073272026 1073272026 1073272026 1073272026 1073272026 1073272026 1073272026 1073272026 1073272026 0 0 0 0 0 0 0 0 0
1080774726 1080774726 1080774726 1080774726 1080774726 1080774726 1080774726 1080774726 1080774726 0 0 0 0 0 0 0 0 0 1080774726 2 2 6 7 2 5 6 5 6 1 1080774726 1080774726 1080774726 1080774726 1080774726 1080774726 1080774726 1080774726 1080774726 1080774726 1080774726 1080774726 1080774726 1080774726 1080774726 1080774726 1080774726 1080774726 0 0 0 0 0 0 0 0 0
1079769615 3222808932 3230613223 1075068249 2143289344 1075842548 3221795488 3231243896 3218510677 1077162956 1083853997 3219434868 3231634845 3228771131 1081506963 1042516033 1082889082 1062515948 1047866820 2 2 5 8 2 0 3 0 0 8 1079769615 3222808932 3230613223 1075068249 2143289344 1075842548 1042516033 1082889082 3218510677 1079769615 3222808932 3230613223 1075068249 2143289344 1075842548 1042516033 1082889082 3218510677 0 0 0 0 0 0 1 1 0
3228992647 3210857003 1071065227 3230182909 3216436988 3228386279 1081143470 3215812277 3191051533 1081743526 1079064947 1082543837 3231288980 1071526384 1080939631 1074322228 3192231661 1072948674 2143289344 1 8 1 5 8 0 8 8 2 4 3228992647 3210857003 1071065227 3230182909 3216436988 3228386279 1081143470 3215812277 3191051533 3228992647 3210857003 1071065227 3230182909 3216436988 3228386279 1081143470 3215812277 3191051533 0 0 0 0 0 0 0 0 0
2139095040 2139095040 2139095040 2139095040 2139095040 2139095040 2139095040 2139095040 2139095040 1060797541 1075982674 1079645651 1083507141 1083737672 3231630717 1080510362 1065516734 3227636250 1066856131 1 4 5 8 0 8 2 0 2 2 2139095040 2139095040 2139095040 2139095040 2139095040 2139095040 2139095040 2139095040 2139095040 2139095040 2139095040 2139095040 2139095040 2139095040 2139095040 2139095040 2139095040 2139095040 0 0 0 0 0 0 0 0 0
1085610653 1085610653 1085610653 1085610653 1085610653 1085610653 1085610653 1085610653 1085610653 0 0 0 0 0 0 0 0 0 1077222045 2 255 255 255 255 255 255 255 255 255 0 0 0 0 0 0 0 0 0 0 0 0 0 0 0 0 0 0 0 0 0 0 0 0 0 0 0
1076278453 1076278453 1076278453 1076278453 1076278453 1076278453 1076278453 1076278453 1076278453 0 0 0 0 0 0 0 0 0 1067889845 0 2 4 8 2 4 1 7 5 4 1076278453 1076278453 1076278453 1076278453 1076278453 1076278453 1076278453 1076278453 1076278453 1076278453 1076278453 1076278453 1076278453 1076278453 1076278453 1076278453 1076278453 1076278453 0 0 0 0 0 0 0 0 0
1082146608 1081147726 3230966860 3231633589 1075296100 3216777362 3217940901 1064278808 3206866788 3224314176 3215417631 3208294636 3230676909 3200454763 1060419010 3230797229 3230194283 3224614333 1078158311 5 8 3 0 5 2 1 7 7 1 1082146608 3215417631 3208294636 3231633589 1075296100 3216777362 3217940901 1064278808 3206866788 1082146608 3215417631 3208294636 3231633589 1075296100 3216777362 3217940901 1064278808 3206866788 0 4 1 0 0 0 0 0 0
1076763741 3217134022 1079800527 1082313548 3199414429 1074853651 1067879716 1081312859 1050126972 1076763741 3217134022 1079800527 1082313548 3199414429 1074853651 1067879716 1081312859 1050126972 1082006859 3 8 6 6 8 0 4 8 6 4 1076763741 3217134022 1079800527 1082313548 3199414429 1074853651 1067879716 1081312859 1050126972 1076763741 3217134022 1079800527 1082313548 3199414429 1074853651 1067879716 1081312859 1050126972 0 0 0 0 0 0 0 0 0
1074088887 1074088887 1074088887 1074088887 1074088887 1074088887 1074088887 1074088887 1074088887 0 0 0 0 0 0 0 0 0 1065700279 3 1 1 1 1 1 1 1 1 1 0 0 0 0 0 0 0 0 0 0 0 0 0 0 0 0 0 0 2 2 2 2 2 2 2 2 2
1085756060 1085756060 1085756060 1085756060 1085756060 1085756060 1085756060 1085756060 1085756060 0 0 0 0 0 0 0 0 0 1077367452 3 2 2 2 2 2 2 2 2 2 1085756060 1085756060 1085756060 1085756060 1085756060 1085756060 1085756060 1085756060 1085756060 1085756060 1085756060 1085756060 1085756060 1085756060 1085756060 1085756060 1085756060 1085756060 0 0 0 0 0 0 0 0 0
1075347749 1075347749 1075347749 1075347749 1075347749 1075347749 1075347749 1075347749 1075347749 0 0 0 0 0 0 0 0 0 1075347749 5 4 3 1 7 6 4 6 5 8 1075347749 1075347749 1075347749 1075347749 1075347749 1075347749 1075347749 1075347749 1075347749 1075347749 1075347749 1075347749 1075347749 1075347749 1075347749 1075347749 1075347749 1075347749 0 0 0 0 0 0 0 0 0
3217414575 1075885871 1075283660 3229276389 2143289344 3202456446 3224996996 3230479322 3223082235 1061178518 3225703527 1063258596 1070397128 3206709704 3229774022 1079469506 3205184726 1066162001 1075244827 2 1 7 0 5 5 3 4 7 6 3217414575 1075885871 1075283660 3229276389 2143289344 3202456446 3224996996 3230479322 3223082235 3217414575 1075885871 1075283660 3229276389 2143289344 3202456446 3224996996 3230479322 3223082235 0 0 0 0 0 0 0 0 0
1052137239 1075394155 1078163307 3229182874 1079725659 1082972229 3224713038 3225796117 3229647496 1082072735 3216505566 3229793396 3223781451 3208671994 3155187628 3228607282 3215111923 1083701485 2143289344 4 6 4 0 6 3 0 1 4 1 1052137239 1075394155 1078163307 3229182874 1079725659 1082972229 3224713038 3225796117 3229647496 1052137239 1075394155 1078163307 3229182874 1079725659 1082972229 3224713038 3225796117 3229647496 0 0 0 0 0 0 0 0 0
2139095040 2139095040 2139095040 2139095040 2139095040 2139095040 2139095040 2139095040 2139095040 1024974779 3209080372 1077478675 3230276360 1058623496 3225282041 1038815192 1056126484 3215524782 1066345785 2 1 2 5 3 3 2 0 7 1 2139095040 2139095040 2139095040 2139095040 2139095040 2139095040 1038815192 2139095040 2139095040 2139095040 2139095040 2139095040 2139095040 2139095040 2139095040 1038815192 2139095040 2139095040 0 0 0 0 0 0 1 0 0
1073032640 1073032640 1073032640 1073032640 1073032640 1073032640 1073032640 1073032640 1073032640 0 0 0 0 0 0 0 0 0 1064644032 2 255 255 255 255 255 255 255 255 255 0 0 0 0 0 0 0 0 0 0 0 0 0 0 0 0 0 0 0 0 0 0 0 0 0 0 0
1071740577 1071740577 1071740577 1071740577 1071740577 1071740577 1071740577 1071740577 1071740577 0 0 0 0 0 0 0 0 0 1063351969 0 8 7 7 7 8 5 8 4 8 1071740577 1071740577 1071740577 1071740577 1071740577 1071740577 1071740577 1071740577 1071740577 1071740577 1071740577 1071740577 1071740577 1071740577 1071740577 1071740577 1071740577 1071740577 0 0 0 0 0 0 0 0 0
3198636401 3227456729 3231278179 3225941241 3222538751 3228495513 3216751540 1082595852 3189240159 1081688439 3228848151 3222022184 1063846304 1080381249 3230545895 3218833435 1082742640 3230157447 1075021070 4 3 1 1 6 0 2 0 1 1 3198636401 3227456729 3222022184 3225941241 1080381249 3228495513 3216751540 1082595852 3230157447 3198636401 3227456729 3222022184 3225941241 1080381249 3228495513 3216751540 1082595852 3230157447 0 0 2 0 1 0 0 0 2
3229445376 1078557945 3226843409 3213139544 1082044291 1037388727 1065442902 1071621249 1072780805 3229445376 1078557945 3226843409 3213139544 1082044291 1037388727 1065442902 1071621249 1072780805 1042316241 5 4 8 6 4 4 7 2 5 8 3229445376 1078557945 3226843409 3213139544 1082044291 1037388727 1065442902 1071621249 1072780805 3229445376 1078557945 3226843409 3213139544 1082044291 1037388727 1065442902 1071621249 1072780805 0 0 0 0 0 0 0 0 0
1085141955 1085141955 1085141955 1085141955 1085141955 1085141955 1085141955 1085141955 1085141955 0 0 0 0 0 0 0 0 0 1076753347 3 1 1 1 1 1 1 1 1 1 0 0 0 0 0 0 0 0 0 0 0 0 0 0 0 0 0 0 2 2 2 2 2 2 2 2 2
1057333347 1057333347 1057333347 1057333347 1057333347 1057333347 1057333347 1057333347 1057333347 0 0 0 0 0 0 0 0 0 1048944739 3 2 2 2 2 2 2 2 2 2 1057333347 1057333347 1057333347 1057333347 1057333347 1057333347 1057333347 1057333347 1057333347 1057333347 1057333347 1057333347 1057333347 1057333347 1057333347 1057333347 1057333347 1057333347 0 0 0 0 0 0 0 0 0
1064611261 1064611261 1064611261 1064611261 1064611261 1064611261 1064611261 1064611261 1064611261 0 0 0 0 0 0 0 0 0 1064611261 4 7 5 7 8 1 3 2 7 1 1064611261 1064611261 1064611261 1064611261 1064611261 1064611261 1064611261 1064611261 1064611261 1064611261 1064611261 1064611261 1064611261 1064611261 1064611261 1064611261 1064611261 1064611261 0 0 0 0 0 0 0 0 0
1059784465 3211345715 3219896091 3225385599 2143289344 3222179560 1081408714 1073828053 3216089011 3225262729 1078251278 3231081639 1077379413 3230129746 3201542678 1064999777 3223820683 3209321457 1073948921 5 8 0 4 3 0 1 6 2 1 1059784465 1078251278 3219896091 1077379413 2143289344 3222179560 1081408714 3223820683 3216089011 1059784465 1078251278 3219896091 1077379413 2143289344 3222179560 1081408714 3223820683 3216089011 0 1 0 4 0 0 0 3 0
1075906359 1079277612 1056161498 3218321653 3225028756 3214552992 1075552115 3228636199 3180131278 3215507215 1078442370 3216666960 1055179230 1060045066 3231327411 1080609308 3224205591 1060250355 2143289344 1 0 0 7 3 4 2 1 7 7 1075906359 1079277612 1056161498 3218321653 3225028756 3214552992 1075552115 3228636199 3180131278 1075906359 1079277612 1056161498 3218321653 3225028756 3214552992 1075552115 3228636199 3180131278 0 0 0 0 0 0 0 0 0
2139095040 2139095040 2139095040 2139095040 2139095040 2139095040 2139095040 2139095040 2139095040 1049857897 3221489887 1082220148 3226868341 3228950758 1082036736 1066277940 3217177931 1084057131 1077114233 3 5 7 3 8 7 7 8 2 1 2139095040 2139095040 2139095040 2139095040 2139095040 2139095040 2139095040 2139095040 1084057131 2139095040 2139095040 2139095040 2139095040 2139095040 2139095040 2139095040 2139095040 1084057131 0 0 0 0 0 0 0 0 2
1084077032 1084077032 1084077032 1084077032 1084077032 1084077032 1084077032 1084077032 1084077032 0 0 0 0 0 0 0 0 0 1075688424 5 255 255 255 255 255 255 255 255 255 0 0 0 0 0 0 0 0 0 0 0 0 0 0 0 0 0 0 0 0 0 0 0 0 0 0 0
1087402063 1087402063 1087402063 1087402063 1087402063 1087402063 1087402063 1087402063 1087402063 0 0 0 0 0 0 0 0 0 1079013455 0 3 5 4 1 4 7 4 4 5 1087402063 1087402063 1087402063 1087402063 1087402063 1087402063 1087402063 1087402063 1087402063 1087402063 1087402063 1087402063 1087402063 1087402063 1087402063 1087402063 1087402063 1087402063 0 0 0 0 0 0 0 0 0
3221623549 1038275095 1076478172 3197884622 3225217487 1058409617 3208729970 3229243703 3229617407 3230911339 1083119399 1078513495 1080445588 3216584629 1067805882 3223378498 1080490505 3231159061 1080764640 3 8 7 6 8 3 8 5 4 4 3221623549 1038275095 1076478172 3197884622 3225217487 1058409617 3208729970 3229243703 3229617407 3221623549 1038275095 1076478172 3197884622 3225217487 1058409617 3208729970 3229243703 3229617407 0 0 0 0 0 0 0 0 0
3225451114 1070335275 3219627988 1072323051 1075481963 3231051670 1075330072 1072216763 1076426612 3225451114 1070335275 3219627988 1072323051 1075481963 3231051670 1075330072 1072216763 1076426612 1074091325 1 0 2 6 4 6 6 2 0 4 3225451114 1070335275 3219627988 1072323051 1075481963 3231051670 1075330072 1072216763 1076426612 3225451114 1070335275 3219627988 1072323051 1075481963 3231051670 1075330072 1072216763 1076426612 0 0 0 0 0 0 0 0 0
1072235603 1072235603 1072235603 1072235603 1072235603 1072235603 1072235603 1072235603 1072235603 0 0 0 0 0 0 0 0 0 1063846995 3 1 1 1 1 1 1 1 1 1 0 0 0 0 0 0 0 0 0 0 0 0 0 0 0 0 0 0 2 2 2 2 2 2 2 2 2
1089268309 1089268309 1089268309 1089268309 1089268309 1089268309 1089268309 1089268309 1089268309 0 0 0 0 0 0 0 0 0 1080879701 3 2 2 2 2 2 2 2 2 2 1089268309 1089268309 1089268309 1089268309 1089268309 1089268309 1089268309 1089268309 1089268309 1089268309 1089268309 1089268309 1089268309 1089268309 1089268309 1089268309 1089268309 1089268309 0 0 0 0 0 0 0 0 0
1058209196 1058209196 1058209196 1058209196 1058209196 1058209196 1058209196 1058209196 1058209196 0 0 0 0 0 0 0 0 0 1058209196 4 8 4 7 1 8 0 0 6 7 1058209196 1058209196 1058209196 1058209196 1058209196 1058209196 1058209196 1058209196 1058209196 1058209196 1058209196 1058209196 1058209196 1058209196 1058209196 1058209196 1058209196 1058209196 0 0 0 0 0 0 0 0 0
3227610197 1083147586 3220932645 3230892941 2143289344 3224890683 3230054333 1079773296 3213350687 1082741400 3223578822 1080446364 1066202772 3211521076 1082049210 3182659163 3230739939 3212499524 1064347084 5 7 7 6 7 5 3 1 7 8 3227610197 1083147586 3220932645 3230892941 2143289344 1082049210 3182659163 1079773296 3213350687 3227610197 1083147586 3220932645 3230892941 2143289344 1082049210 3182659163 1079773296 3213350687 0 0 0 0 0 4 2 0 0
1077124044 3224843937 1083909603 3230037520 1075781294 3208385316 1078273895 3221905807 3224824158 3192290779 3223520495 3222961427 1082183245 1051849705 3228744300 1066924259 1075204561 3230520744 2143289344 5 4 2 6 3 0 0 4 7 4 1077124044 3224843937 1083909603 3230037520 1075781294 3208385316 1078273895 3221905807 3224824158 1077124044 3224843937 1083909603 3230037520 1075781294 3208385316 1078273895 3221905807 3224824158 0 0 0 0 0 0 0 0 0
2139095040 2139095040 2139095040 2139095040 2139095040 2139095040 2139095040 2139095040 2139095040 3222630891 3209518843 1078241449 3228187546 3221385677 3208271127 1084036523 3210583202 3230504197 1077101486 4 7 7 1 3 6 6 0 3 0 2139095040 2139095040 1078241449 2139095040 2139095040 2139095040 1084036523 2139095040 3230504197 2139095040 2139095040 1078241449 2139095040 2139095040 2139095040 1084036523 2139095040 3230504197 0 0 2 0 0 0 1 0 1
1083101860 1083101860 1083101860 1083101860 1083101860 1083101860 1083101860 1083101860 1083101860 0 0 0 0 0 0 0 0 0 1074713252 2 255 255 255 255 255 255 255 255 255 0 0 0 0 0 0 0 0 0 0 0 0 0 0 0 0 0 0 0 0 0 0 0 0 0 0 0
1071064515 1071064515 1071064515 1071064515 1071064515 1071064515 1071064515 1071064515 1071064515 0 0 0 0 0 0 0 0 0 1062675907 0 4 6 7 3 5 0 0 6 5 1071064515 1071064515 1071064515 1071064515 1071064515 1071064515 1071064515 1071064515 1071064515 1071064515 1071064515 1071064515 1071064515 1071064515 1071064515 1071064515 1071064515 1071064515 0 0 0 0 0 0 0 0 0
1078435138 3211367345 3227563461 1079530947 1049051335 1069496068 3228264693 3228400843 3210773884 1067929844 3229016735 3216812812 1080335953 3227410108 3227540477 3222310685 3228758884 3223831455 1065600135 4 2 3 1 3 0 5 4 1 5 1067929844 3211367345 3216812812 1079530947 3227410108 1069496068 3228264693 3228400843 3210773884 1067929844 3211367345 3216812812 1079530947 3227410108 1069496068 3228264693 3228400843 3210773884 3 0 2 0 1 0 0 0 0
3205856024 3229781574 1053912546 3223568891 1083371196 1082538476 3230652364 3217091732 1055909327 3205856024 3229781574 1053912546 3223568891 1083371196 1082538476 3230652364 3217091732 1055909327 1069799372 4 1 6 0 0 8 6 1 3 2 3205856024 3229781574 1053912546 3223568891 1083371196 1082538476 3230652364 3217091732 1055909327 3205856024 3229781574 1053912546 3223568891 1083371196 1082538476 3230652364 3217091732 1055909327 0 0 0 0 0 0 0 0 0
1086061740 1086061740 1086061740 1086061740 1086061740 1086061740 1086061740 1086061740 1086061740 0 0 0 0 0 0 0 0 0 1077673132 3 1 1 1 1 1 1 1 1 1 0 0 0 0 0 0 0 0 0 0 0 0 0 0 0 0 0 0 2 2 2 2 2 2 2 2 2
1084652847 1084652847 1084652847 1084652847 1084652847 1084652847 1084652847 1084652847 1084652847 0 0 0 0 0 0 0 0 0 1076264239 3 2 2 2 2 2 2 2 2 2 1084652847 1084652847 1084652847 1084652847 1084652847 1084652847 1084652847 1084652847 1084652847 1084652847 1084652847 1084652847 1084652847 1084652847 1084652847 1084652847 1084652847 1084652847 0 0 0 0 0 0 0 0 0
1070069563 1070069563 1070069563 1070069563 1070069563 1070069563 1070069563 1070069563 1070069563 0 0 0 0 0 0 0 0 0 1070069563 5 6 3 6 8 0 1 0 0 7 1070069563 1070069563 1070069563 1070069563 1070069563 1070069563 1070069563 1070069563 1070069563 1070069563 1070069563 1070069563 1070069563 1070069563 1070069563 1070069563 1070069563 1070069563 0 0 0 0 0 0 0 0 0
1074558771 3139619138 3230058819 1057708585 2143289344 1027239949 3228295269 1080244353 3223221484 1076251556 3225243862 3226751256 3223832059 3218020223 1083692850 3164083227 3222446900 1082183184 1075719762 2 2 8 6 2 8 0 3 2 7 1074558771 3139619138 3230058819 1057708585 2143289344 1083692850 3228295269 1080244353 3223221484 1074558771 3139619138 3230058819 1057708585 2143289344 1083692850 3228295269 1080244353 3223221484 0 0 0 0 0 1 0 0 0
3217593651 3214470398 1075029153 3222613901 1068808135 1080590565 3204265909 3230858531 1080944260 3207422690 3215167647 3216947862 3219779540 3222180502 1083510008 3222581199 3221544098 3228009875 2143289344 4 8 5 2 0 4 3 8 8 8 3217593651 3214470398 1075029153 3222613901 1068808135 1080590565 3204265909 3230858531 1080944260 3217593651 3214470398 1075029153 3222613901 1068808135 1080590565 3204265909 3230858531 1080944260 0 0 0 0 0 0 0 0 0
2139095040 2139095040 2139095040 2139095040 2139095040 2139095040 2139095040 2139095040 2139095040 3221562882 1073551778 3206701650 1079087913 3207584205 3216261209 3219651363 3207303628 1076986568 1080956909 3 6 2 6 6 1 0 1 3 4 2139095040 2139095040 2139095040 2139095040 3207584205 3216261209 3219651363 2139095040 2139095040 2139095040 2139095040 2139095040 2139095040 3207584205 3216261209 3219651363 2139095040 2139095040 0 0 0 0 2 1 2 0 0
1089134630 1089134630 1089134630 1089134630 1089134630 1089134630 1089134630 1089134630 1089134630 0 0 0 0 0 0 0 0 0 1080746022 3 255 255 255 255 255 255 255 255 255 0 0 0 0 0 0 0 0 0 0 0 0 0 0 0 0 0 0 0 0 0 0 0 0 0 0 0
1087007550 1087007550 1087007550 1087007550 1087007550 1087007550 1087007550 1087007550 1087007550 0 0 0 0 0 0 0 0 0 1078618942 0 0 8 4 0 3 0 8 3 3 1087007550 1087007550 1087007550 1087007550 1087007550 1087007550 1087007550 1087007550 1087007550 1087007550 1087007550 1087007550 1087007550 1087007550 1087007550 1087007550 1087007550 1087007550 0 0 0 0 0 0 0 0 0
1058152424 3204773646 3228848224 3210546973 1082929760 3220697326 1082254633 3228258414 1072013808 3228742120 3230525735 1082318801 1073421669 3222613794 3224048426 1076174925 3226735753 1032238108 1073899857 2 0 2 1 7 3 0 1 5 8 3228742120 3204773646 3228848224 3210546973 1082929760 3220697326 1082254633 3228258414 1072013808 3228742120 3204773646 3228848224 3210546973 1082929760 3220697326 1082254633 3228258414 1072013808 1 0 0 0 0 0 0 0 0
3217192651 1066035926 3228161700 1080844572 1066274353 3217654789 3222749987 1058198831 3225848492 3217192651 1066035926 3228161700 1080844572 1066274353 3217654789 3222749987 1058198831 3225848492 1076448752 2 1 7 5 5 1 3 8 2 6 3217192651 1066035926 3228161700 1080844572 1066274353 3217654789 3222749987 1058198831 3225848492 3217192651 1066035926 3228161700 1080844572 1066274353 3217654789 3222749987 1058198831 3225848492 0 0 0 0 0 0 0 0 0
1087580823 1087580823 1087580823 1087580823 1087580823 1087580823 1087580823 1087580823 1087580823 0 0 0 0 0 0 0 0 0 1079192215 3 1 1 1 1 1 1 1 1 1 0 0 0 0 0 0 0 0 0 0 0 0 0 0 0 0 0 0 2 2 2 2 2 2 2 2 2
1079646995 1079646995 1079646995 1079646995 1079646995 1079646995 1079646995 1079646995 1079646995 0 0 0 0 0 0 0 0 0 1071258387 3 2 2 2 2 2 2 2 2 2 1079646995 1079646995 1079646995 1079646995 1079646995 1079646995 1079646995 1079646995 1079646995 1079646995 1079646995 1079646995 1079646995 1079646995 1079646995 1079646995 1079646995 1079646995 0 0 0 0 0 0 0 0 0
1031345286 1031345286 1031345286 1031345286 1031345286 1031345286 1031345286 1031345286 1031345286 0 0 0 0 0 0 0 0 0 1031345286 3 2 4 1 5 8 4 1 4 8 1031345286 1031345286 1031345286 1031345286 1031345286 1031345286 1031345286 1031345286 1031345286 1031345286 1031345286 1031345286 1031345286 1031345286 1031345286 1031345286 1031345286 1031345286 0 0 0 0 0 0 0 0 0
1069739998 1075675494 1077955491 1070859120 2143289344 1065588748 1084108101 3218645051 3211954528 1074016634 1047521515 1041358557 1076089312 3224031186 1070888721 3226543230 1082410380 1082934540 1076457885 1 8 2 0 7 5 1 6 4 4 1069739998 1075675494 1077955491 1070859120 2143289344 1065588748 1084108101 3218645051 3211954528 1069739998 1075675494 1077955491 1070859120 2143289344 1065588748 1084108101 3218645051 3211954528 0 0 0 0 0 0 0 0 0
1062649618 3230269207 3228679161 3203938724 1080163996 3174491690 1058480621 1061313810 1049078261 3227729682 3223142864 1079785195 1080842235 3222955476 1073588120 1079158877 3230048457 1083534329 2143289344 2 3 1 2 1 0 8 4 4 2 1062649618 3230269207 3228679161 3203938724 1080163996 3174491690 1058480621 1061313810 1049078261 1062649618 3230269207 3228679161 3203938724 1080163996 3174491690 1058480621 1061313810 1049078261 0 0 0 0 0 0 0 0 0
2139095040 2139095040 2139095040 2139095040 2139095040 2139095040 2139095040 2139095040 2139095040 3228183530 3186384725 3220060765 1083121189 3224148339 3228480210 1032536491 3209091362 3224003556 1077177705 1 6 7 3 1 4 3 2 4 0 2139095040 2139095040 2139095040 2139095040 2139095040 2139095040 2139095040 2139095040 2139095040 2139095040 2139095040 2139095040 2139095040 2139095040 2139095040 2139095040 2139095040 2139095040 0 0 0 0 0 0 0 0 0
1074448713 1074448713 1074448713 1074448713 1074448713 1074448713 1074448713 1074448713 1074448713 0 0 0 0 0 0 0 0 0 1066060105 4 255 255 255 255 255 255 255 255 255 0 0 0 0 0 0 0 0 0 0 0 0 0 0 0 0 0 0 0 0 0 0 0 0 0 0 0
1081216653 1081216653 1081216653 1081216653 1081216653 1081216653 1081216653 1081216653 1081216653 0 0 0 0 0 0 0 0 0 1072828045 0 2 4 8 1 0 3 5 7 3 1081216653 1081216653 1081216653 1081216653 1081216653 1081216653 1081216653 1081216653 1081216653 1081216653 1081216653 1081216653 1081216653 1081216653 1081216653 1081216653 1081216653 1081216653 0 0 0 0 0 0 0 0 0
3223658485 1083029427 3224230500 1080884175 3225882713 1068587539 3216836485 3213598482 1082369488 1037802783 1060424798 3223052106 1083609526 3202501726 3216708201 1077378529 3225669079 3230060551 1077344086 1 0 2 3 7 2 7 2 7 1 3223658485 1083029427 3224230500 1080884175 3225882713 1068587539 3216836485 3213598482 1082369488 3223658485 1083029427 3224230500 1080884175 3225882713 1068587539 3216836485 3213598482 1082369488 0 0 0 0 0 0 0 0 0
3189405669 3223988549 3229135687 3227475761 3224022968 3228369911 3226213729 3227873898 3228860222 3189405669 3223988549 3229135687 3227475761 3224022968 3228369911 3226213729 3227873898 3228860222 1074473712 4 8 8 7 1 6 3 1 8 3 3189405669 3223988549 3229135687 3227475761 3224022968 3228369911 3226213729 3227873898 3228860222 3189405669 3223988549 3229135687 3227475761 3224022968 3228369911 3226213729 3227873898 3228860222 0 0 0 0 0 0 0 0 0
1085537600 1085537600 1085537600 1085537600 1085537600 1085537600 1085537600 1085537600 1085537600 0 0 0 0 0 0 0 0 0 1077148992 3 1 1 1 1 1 1 1 1 1 0 0 0 0 0 0 0 0 0 0 0 0 0 0 0 0 0 0 2 2 2 2 2 2 2 2 2
1084947499 1084947499 1084947499 1084947499 1084947499 1084947499 1084947499 1084947499 1084947499 0 0 0 0 0 0 0 0 0 1076558891 3 2 2 2 2 2 2 2 2 2 1084947499 1084947499 1084947499 1084947499 1084947499 1084947499 1084947499 1084947499 1084947499 1084947499 1084947499 1084947499 1084947499 1084947499 1084947499 1084947499 1084947499 1084947499 0 0 0 0 0 0 0 0 0
1074558211 1074558211 1074558211 1074558211 1074558211 1074558211 1074558211 1074558211 1074558211 0 0 0 0 0 0 0 0 0 1074558211 4 1 6 3 2 6 4 5 1 1 1074558211 1074558211 1074558211 1074558211 1074558211 1074558211 1074558211 1074558211 1074558211 1074558211 1074558211 1074558211 1074558211 1074558211 1074558211 1074558211 1074558211 1074558211 0 0 0 0 0 0 0 0 0
3223200352 3214927128 3225916387 3220461888 2143289344 3212525986 1075377968 3225254228 3220232905 1039934688 3230063863 3223421002 3229392181 3229914452 1083023553 3214456196 1030200954 3228662883 1078813784 2 3 5 6 7 0 1 4 4 5 3223200352 3214927128 3225916387 3220461888 2143289344 3212525986 1075377968 3225254228 3220232905 3223200352 3214927128 3225916387 3220461888 2143289344 3212525986 1075377968 3225254228 3220232905 0 0 0 0 0 0 0 0 0
1064269661 1082587911 3229616049 3231322581 3227255391 3223232817 3224233677 1074496490 1081944914 3231448439 1071586757 3229539202 3205062788 3209449909 3212177396 1068642220 1076763174 3217506256 2143289344 4 8 4 5 4 6 6 0 6 6 1064269661 1082587911 3229616049 3231322581 3227255391 3223232817 3224233677 1074496490 1081944914 1064269661 1082587911 3229616049 3231322581 3227255391 3223232817 3224233677 1074496490 1081944914 0 0 0 0 0 0 0 0 0
2139095040 2139095040 2139095040 2139095040 2139095040 2139095040 2139095040 2139095040 2139095040 1063481108 3185627045 1077099962 1078291780 1073189250 3225940112 1069453299 3207363052 3213537902 1062712405 1 1 2 1 4 8 8 1 6 0 2139095040 2139095040 2139095040 2139095040 2139095040 2139095040 2139095040 2139095040 2139095040 2139095040 2139095040 2139095040 2139095040 2139095040 2139095040 2139095040 2139095040 2139095040 0 0 0 0 0 0 0 0 0
1069473462 1069473462 1069473462 1069473462 1069473462 1069473462 1069473462 1069473462 1069473462 0 0 0 0 0 0 0 0 0 1061084854 4 255 255 255 255 255 255 255 255 255 0 0 0 0 0 0 0 0 0 0 0 0 0 0 0 0 0 0 0 0 0 0 0 0 0 0 0
1085887798 1085887798 1085887798 1085887798 1085887798 1085887798 1085887798 1085887798 1085887798 0 0 0 0 0 0 0 0 0 1077499190 0 7 6 7 0 2 7 2 8 7 1085887798 1085887798 1085887798 1085887798 1085887798 1085887798 1085887798 1085887798 1085887798 1085887798 1085887798 1085887798 1085887798 1085887798 1085887798 1085887798 1085887798 1085887798 0 0 0 0 0 0 0 0 0
1048801146 1033030861 3202457257 3217467971 1067433213 1058302674 3204605294 3210654232 1071578795 3216963059 1082331860 3223611722 3203404318 1083580133 1078216147 1081687840 1059735884 3230103933 1077586426 5 6 2 8 2 4 7 7 7 7 1048801146 1082331860 3202457257 3217467971 1067433213 1058302674 3204605294 3210654232 1071578795 1048801146 1082331860 3202457257 3217467971 1067433213 1058302674 3204605294 3210654232 1071578795 0 3 0 0 0 0 0 0 0
3197235033 3222432632 1068350329 3223963345 1059262136 1074423284 3182947798 1072093484 3207672179 3197235033 3222432632 1068350329 3223963345 1059262136 1074423284 3182947798 1072093484 3207672179 1061738029 4 5 2 1 7 3 1 0 8 4 3197235033 3222432632 1068350329 3223963345 1059262136 1074423284 3182947798 1072093484 3207672179 3197235033 3222432632 1068350329 3223963345 1059262136 1074423284 3182947798 1072093484 3207672179 0 0 0 0 0 0 0 0 0
1086487818 1086487818 1086487818 1086487818 1086487818 1086487818 1086487818 1086487818 1086487818 0 0 0 0 0 0 0 0 0 1078099210 3 1 1 1 1 1 1 1 1 1 0 0 0 0 0 0 0 0 0 0 0 0 0 0 0 0 0 0 2 2 2 2 2 2 2 2 2
1083944851 1083944851 1083944851 1083944851 1083944851 1083944851 1083944851 1083944851 1083944851 0 0 0 0 0 0 0 0 0 1075556243 3 2 2 2 2 2 2 2 2 2 1083944851 1083944851 1083944851 1083944851 1083944851 1083944851 1083944851 1083944851 1083944851 1083944851 1083944851 1083944851 1083944851 1083944851 1083944851 1083944851 1083944851 1083944851 0 0 0 0 0 0 0 0 0
1051113127 1051113127 1051113127 1051113127 1051113127 1051113127 1051113127 1051113127 1051113127 0 0 0 0 0 0 0 0 0 1051113127 4 0 0 0 8 6 2 3 7 2 1051113127 1051113127 1051113127 1051113127 1051113127 1051113127 1051113127 1051113127 1051113127 1051113127 1051113127 1051113127 1051113127 1051113127 1051113127 1051113127 1051113127 1051113127 0 0 0 0 0 0 0 0 0
3226241318 1078032182 1053554571 1060729542 2143289344 3213798811 3222750166 1077974519 3218955233 3220194934 3230854069 1014834879 3205135656 1078052598 3225891041 3228667007 1082700131 1071824396 1014261820 2 1 6 4 4 6 7 1 7 3 3226241318 1078032182 1053554571 1060729542 2143289344 3213798811 3222750166 1077974519 3218955233 3226241318 1078032182 1053554571 1060729542 2143289344 3213798811 3222750166 1077974519 3218955233 0 0 0 0 0 0 0 0 0
3229569436 3230052927 1074299131 3209801284 3206368311 1074718455 3224305512 1074973241 1081089392 1057794785 1083830860 1069055219 3221801582 1081404914 1081368539 1082734987 3215383863 3210739326 2143289344 4 2 3 7 4 4 0 1 8 8 3229569436 3230052927 1074299131 3209801284 3206368311 1074718455 3224305512 1074973241 1081089392 3229569436 3230052927 1074299131 3209801284 3206368311 1074718455 3224305512 1074973241 1081089392 0 0 0 0 0 0 0 0 0
2139095040 2139095040 2139095040 2139095040 2139095040 2139095040 2139095040 2139095040 2139095040 3225674191 3225689877 3230967038 1082803969 1077093242 3226450564 1082993975 1082888216 1062620974 1081809026 5 5 3 4 8 3 0 6 3 8 2139095040 3225689877 2139095040 2139095040 1077093242 3226450564 2139095040 1082888216 2139095040 2139095040 3225689877 2139095040 2139095040 1077093242 3226450564 2139095040 1082888216 2139095040 0 4 0 0 4 1 0 4 0
1085019170 1085019170 1085019170 1085019170 1085019170 1085019170 1085019170 1085019170 1085019170 0 0 0 0 0 0 0 0 0 1076630562 1 255 255 255 255 255 255 255 255 255 0 0 0 0 0 0 0 0 0 0 0 0 0 0 0 0 0 0 0 0 0 0 0 0 0 0 0
1085972136 1085972136 1085972136 1085972136 1085972136 1085972136 1085972136 1085972136 1085972136 0 0 0 0 0 0 0 0 0 1077583528 0 2 4 4 7 2 1 3 3 3 1085972136 1085972136 1085972136 1085972136 1085972136 1085972136 1085972136 1085972136 1085972136 1085972136 1085972136 1085972136 1085972136 1085972136 1085972136 1085972136 1085972136 1085972136 0 0 0 0 0 0 0 0 0
1053879600 3228601697 1083396801 1077692775 3229651427 3213785932 3214946763 1080059678 3215048349 1075183826 3227410967 1074445647 1081965968 1037119610 3219952961 3229446313 1082552604 1080962411 1075053680 5 5 2 3 0 6 7 3 6 7 1053879600 3228601697 1074445647 1077692775 3229651427 3213785932 3229446313 1080059678 3215048349 1053879600 3228601697 1074445647 1077692775 3229651427 3213785932 3229446313 1080059678 3215048349 0 0 4 0 0 0 4 0 0
3218588952 1078335613 1078188110 3230714101 1078603154 3213167769 3159916961 3222696556 3225800343 3218588952 1078335613 1078188110 3230714101 1078603154 3213167769 3159916961 3222696556 3225800343 1069769788 2 7 1 4 4 8 8 0 6 2 3218588952 1078335613 1078188110 3230714101 1078603154 3213167769 3159916961 3222696556 3225800343 3218588952 1078335613 1078188110 3230714101 1078603154 3213167769 3159916961 3222696556 3225800343 0 0 0 0 0 0 0 0 0
1050167760 1050167760 1050167760 1050167760 1050167760 1050167760 1050167760 1050167760 1050167760 0 0 0 0 0 0 0 0 0 1041779152 3 1 1 1 1 1 1 1 1 1 0 0 0 0 0 0 0 0 0 0 0 0 0 0 0 0 0 0 2 2 2 2 2 2 2 2 2
1054957675 1054957675 1054957675 1054957675 1054957675 1054957675 1054957675 1054957675 1054957675 0 0 0 0 0 0 0 0 0 1046569067 3 2 2 2 2 2 2 2 2 2 1054957675 1054957675 1054957675 1054957675 1054957675 1054957675 1054957675 1054957675 1054957675 1054957675 1054957675 1054957675 1054957675 1054957675 1054957675 1054957675 1054957675 1054957675 0 0 0 0 0 0 0 0 0
1059348604 1059348604 1059348604 1059348604 1059348604 1059348604 1059348604 1059348604 1059348604 0 0 0 0 0 0 0 0 0 1059348604 5 1 1 5 3 5 6 1 1 4 1059348604 1059348604 1059348604 1059348604 1059348604 1059348604 1059348604 1059348604 1059348604 1059348604 1059348604 1059348604 1059348604 1059348604 1059348604 1059348604 1059348604 1059348604 0 0 0 0 0 0 0 0 0
3199950296 1066271685 1060046901 3229687317 2143289344 1081446418 3227604999 3226369770 1079805634 3228628179 3215489226 1084080820 3210731297 1047496150 1060406557 1076481141 1082845613 3214578250 1079281752 3 7 1 0 3 1 5 5 6 8 3199950296 1066271685 1084080820 3229687317 2143289344 1081446418 3227604999 3226369770 1079805634 3199950296 1066271685 1084080820 3229687317 2143289344 1081446418 3227604999 3226369770 1079805634 0 0 1 0 0 0 0 0 0
1082312354 1066606661 3203723849 3229278835 3207921145 1079473622 1078666224 1077627030 3230271381 3199258594 3227781625 1064989926 1027933750 1082454300 3225710589 3196028423 1062555101 3214325244 2143289344 3 4 1 4 0 2 2 4 6 7 1082312354 1066606661 3203723849 3229278835 3207921145 1079473622 1078666224 1077627030 3230271381 1082312354 1066606661 3203723849 3229278835 3207921145 1079473622 1078666224 1077627030 3230271381 0 0 0 0 0 0 0 0 0
2139095040 2139095040 2139095040 2139095040 2139095040 2139095040 2139095040 2139095040 2139095040 1080855038 3230511194 3215798375 3223293864 3186378830 3230463189 1072635081 1077761492 1078676640 1081123456 5 2 7 8 5 8 0 5 7 6 1080855038 2139095040 2139095040 2139095040 2139095040 3230463189 2139095040 2139095040 2139095040 1080855038 2139095040 2139095040 2139095040 2139095040 3230463189 2139095040 2139095040 2139095040 3 0 0 0 0 1 0 0 0
1068106160 1068106160 1068106160 1068106160 1068106160 1068106160 1068106160 1068106160 1068106160 0 0 0 0 0 0 0 0 0 1059717552 5 255 255 255 255 255 255 255 255 255 0 0 0 0 0 0 0 0 0 0 0 0 0 0 0 0 0 0 0 0 0 0 0 0 0 0 0
1082088923 1082088923 1082088923 1082088923 1082088923 1082088923 1082088923 1082088923 1082088923 0 0 0 0 0 0 0 0 0 1073700315 0 0 3 4 6 0 0 8 3 3 1082088923 1082088923 1082088923 1082088923 1082088923 1082088923 1082088923 1082088923 1082088923 1082088923 1082088923 1082088923 1082088923 1082088923 1082088923 1082088923 1082088923 1082088923 0 0 0 0 0 0 0 0 0
3229728673 3217104008 1078389592 3196722223 1083684761 3215700770 3215830672 1081577130 3230256719 3222537216 1075455704 3221805456 1077868426 3222584829 3229683781 3225159428 1084057899 1083268439 1081865808 2 2 7 8 8 2 0 6 7 8 3229728673 3217104008 1078389592 3196722223 1083684761 3215700770 3215830672 1081577130 3230256719 3229728673 3217104008 1078389592 3196722223 1083684761 3215700770 3215830672 1081577130 3230256719 0 0 0 0 0 0 0 0 0
1082198950 1058470712 3227973304 3216086995 1079232298 1074322295 3230987690 1079428726 3229391498 1082198950 1058470712 3227973304 3216086995 1079232298 1074322295 3230987690 1079428726 3229391498 1076117500 2 1 0 4 7 1 3 7 1 3 1082198950 1058470712 3227973304 3216086995 1079232298 1074322295 3230987690 1079428726 3229391498 1082198950 1058470712 3227973304 3216086995 1079232298 1074322295 3230987690 1079428726 3229391498 0 0 0 0 0 0 0 0 0
1075438645 1075438645 1075438645 1075438645 1075438645 1075438645 1075438645 1075438645 1075438645 0 0 0 0 0 0 0 0 0 1067050037 3 1 1 1 1 1 1 1 1 1 0 0 0 0 0 0 0 0 0 0 0 0 0 0 0 0 0 0 2 2 2 2 2 2 2 2 2
1089543696 1089543696 1089543696 1089543696 1089543696 1089543696 1089543696 1089543696 1089543696 0 0 0 0 0 0 0 0 0 1081155088 3 2 2 2 2 2 2 2 2 2 1089543696 1089543696 1089543696 1089543696 1089543696 1089543696 1089543696 1089543696 1089543696 1089543696 1089543696 1089543696 1089543696 1089543696 1089543696 1089543696 1089543696 1089543696 0 0 0 0 0 0 0 0 0
1080552258 1080552258 1080552258 1080552258 1080552258 1080552258 1080552258 1080552258 1080552258 0 0 0 0 0 0 0 0 0 1080552258 3 1 7 5 0 3 5 0 0 2 1080552258 1080552258 1080552258 1080552258 1080552258 1080552258 1080552258 1080552258 1080552258 1080552258 1080552258 1080552258 1080552258 1080552258 1080552258 1080552258 1080552258 1080552258 0 0 0 0 0 0 0 0 0
1070361743 1082284463 1058470880 3221655259 2143289344 1051249140 1081391031 3204636506 3230170733 1058255069 1079553490 3219909375 3228715574 1068190220 1034082713 1082726993 3214712554 1081504560 1081048975 2 8 6 5 6 8 8 5 5 3 1070361743 1082284463 1058470880 3221655259 2143289344 1051249140 1081391031 3204636506 3230170733 1070361743 1082284463 1058470880 3221655259 2143289344 1051249140 1081391031 3204636506 3230170733 0 0 0 0 0 0 0 0 0
3214159449 1084012298 3229674346 1082143856 1056681092 3228820124 1082718202 3216852379 3224948273 1074610855 3222566063 1072079382 1080386400 1076189444 1082875323 3219212228 1037663178 1083951585 2143289344 5 1 6 8 4 1 4 7 6 0 3214159449 1084012298 3229674346 1082143856 1056681092 3228820124 1082718202 3216852379 3224948273 3214159449 1084012298 3229674346 1082143856 1056681092 3228820124 1082718202 3216852379 3224948273 0 0 0 0 0 0 0 0 0
2139095040 2139095040 2139095040 2139095040 2139095040 2139095040 2139095040 2139095040 2139095040 3223184065 3204609369 3227904102 3230626898 1069821740 3178198282 1055920582 1071401203 1077168623 1044358338 2 2 2 3 4 2 6 1 5 6 2139095040 2139095040 2139095040 2139095040 2139095040 2139095040 2139095040 2139095040 2139095040 2139095040 2139095040 2139095040 2139095040 2139095040 2139095040 2139095040 2139095040 2139095040 0 0 0 0 0 0 0 0 0
1089923176 1089923176 1089923176 1089923176 1089923176 1089923176 1089923176 1089923176 1089923176 0 0 0 0 0 0 0 0 0 1081534568 4 255 255 255 255 255 255 255 255 255 0 0 0 0 0 0 0 0 0 0 0 0 0 0 0 0 0 0 0 0 0 0 0 0 0 0 0
1084883507 1084883507 1084883507 1084883507 1084883507 1084883507 1084883507 1084883507 1084883507 0 0 0 0 0 0 0 0 0 1076494899 0 0 8 2 4 1 6 8 4 3 1084883507 1084883507 1084883507 1084883507 1084883507 1084883507 1084883507 1084883507 1084883507 1084883507 1084883507 1084883507 1084883507 1084883507 1084883507 1084883507 1084883507 1084883507 0 0 0 0 0 0 0 0 0
1082142840 3189068669 3217445342 3221751001 1081400945 3219804339 3213629266 3229246478 1048959297 3230436974 3200758506 3178708681 1054887205 1052931615 3213411549 3231314233 3230558885 1056472192 1050760032 3 3 7 0 4 5 1 5 4 8 1082142840 3189068669 3178708681 3221751001 1081400945 3213411549 3213629266 3229246478 1048959297 1082142840 3189068669 3178708681 3221751001 1081400945 3213411549 3213629266 3229246478 1048959297 0 0 1 0 0 2 0 0 0
3228450316 1075993138 1077064505 3202046540 3212456446 1074280322 3208050249 3230922437 3230618981 3228450316 1075993138 1077064505 3202046540 3212456446 1074280322 3208050249 3230922437 3230618981 1077867536 1 6 4 2 0 6 3 2 5 7 3228450316 1075993138 1077064505 3202046540 3212456446 1074280322 3208050249 3230922437 3230618981 3228450316 1075993138 1077064505 3202046540 3212456446 1074280322 3208050249 3230922437 3230618981 0 0 0 0 0 0 0 0 0
1087167271 1087167271 1087167271 1087167271 1087167271 1087167271 1087167271 1087167271 1087167271 0 0 0 0 0 0 0 0 0 1078778663 3 1 1 1 1 1 1 1 1 1 0 0 0 0 0 0 0 0 0 0 0 0 0 0 0 0 0 0 2 2 2 2 2 2 2 2 2
1081327846 1081327846 1081327846 1081327846 1081327846 1081327846 1081327846 1081327846 1081327846 0 0 0 0 0 0 0 0 0 1072939238 3 2 2 2 2 2 2 2 2 2 1081327846 1081327846 1081327846 1081327846 1081327846 1081327846 1081327846 1081327846 1081327846 1081327846 1081327846 1081327846 1081327846 1081327846 1081327846 1081327846 1081327846 1081327846 0 0 0 0 0 0 0 0 0
1076841261 1076841261 1076841261 1076841261 1076841261 1076841261 1076841261 1076841261 1076841261 0 0 0 0 0 0 0 0 0 1076841261 5 1 1 1 3 5 4 7 2 0 1076841261 1076841261 1076841261 1076841261 1076841261 1076841261 1076841261 1076841261 1076841261 1076841261 1076841261 1076841261 1076841261 1076841261 1076841261 1076841261 1076841261 1076841261 0 0 0 0 0 0 0 0 0
3230902615 1076533135 3221252993 3214049398 2143289344 3218434492 3199163936 3230965702 3192082217 3179432509 1075944735 1071021595 3227598579 3219723408 3230360854 3217135122 1061414641 3175880134 1081253282 3 6 5 6 1 6 1 6 0 4 3230902615 1076533135 3221252993 3214049398 2143289344 3218434492 3199163936 1061414641 3192082217 3230902615 1076533135 3221252993 3214049398 2143289344 3218434492 3199163936 1061414641 3192082217 0 0 0 0 0 0 0 1 0
1083023816 1054302424 3216231041 3198080498 3221877534 1076694262 3224915272 1057640121 3224697135 1081218795 3190252602 1083825693 3230215812 3211030768 3226978104 3223735906 3230101768 1081549916 2143289344 2 2 1 0 2 7 6 5 0 1 1083023816 1054302424 3216231041 3198080498 3221877534 1076694262 3224915272 1057640121 3224697135 1083023816 1054302424 3216231041 3198080498 3221877534 1076694262 3224915272 1057640121 3224697135 0 0 0 0 0 0 0 0 0
2139095040 2139095040 2139095040 2139095040 2139095040 2139095040 2139095040 2139095040 2139095040 1081678795 3211359712 1018358200 1063131643 3229700838 1083687048 1076910156 1072875589 1079975107 1068207688 2 3 7 0 0 7 5 4 7 1 2139095040 2139095040 1018358200 1063131643 2139095040 2139095040 2139095040 2139095040 2139095040 2139095040 2139095040 1018358200 1063131643 2139095040 2139095040 2139095040 2139095040 2139095040 0 0 1 1 0 0 0 0 0
1075855880 1075855880 1075855880 1075855880 1075855880 1075855880 1075855880 1075855880 1075855880 0 0 0 0 0 0 0 0 0 1067467272 4 255 255 255 255 255 255 255 255 255 0 0 0 0 0 0 0 0 0 0 0 0 0 0 0 0 0 0 0 0 0 0 0 0 0 0 0
1074221790 1074221790 1074221790 1074221790 1074221790 1074221790 1074221790 1074221790 1074221790 0 0 0 0 0 0 0 0 0 1065833182 0 3 6 7 4 1 6 4 5 6 1074221790 1074221790 1074221790 1074221790 1074221790 1074221790 1074221790 1074221790 1074221790 1074221790 1074221790 1074221790 1074221790 1074221790 1074221790 1074221790 1074221790 1074221790 0 0 0 0 0 0 0 0 0
1084185442 3213326819 3205516216 3214644164 1069028974 3230175610 1079354579 3212909384 3221191910 1082228574 3215292836 1056906042 1066746702 3226117947 3221259481 3208246661 1078291364 3230720564 1078545252 1 1 7 1 7 7 7 2 0 5 1084185442 3213326819 3205516216 3214644164 1069028974 3230175610 1079354579 3212909384 3221191910 1084185442 3213326819 3205516216 3214644164 1069028974 3230175610 1079354579 3212909384 3221191910 0 0 0 0 0 0 0 0 0
1049240810 1081107179 3185478763 1069571534 3223122551 1076238374 3212859266 3219848505 3225647025 1049240810 1081107179 3185478763 1069571534 3223122551 1076238374 3212859266 3219848505 3225647025 1076925906 1 2 0 3 5 7 3 8 1 7 1049240810 1081107179 3185478763 1069571534 3223122551 1076238374 3212859266 3219848505 3225647025 1049240810 1081107179 3185478763 1069571534 3223122551 1076238374 3212859266 3219848505 3225647025 0 0 0 0 0 0 0 0 0
1058432800 1058432800 1058432800 1058432800 1058432800 1058432800 1058432800 1058432800 1058432800 0 0 0 0 0 0 0 0 0 1050044192 3 1 1 1 1 1 1 1 1 1 0 0 0 0 0 0 0 0 0 0 0 0 0 0 0 0 0 0 2 2 2 2 2 2 2 2 2
1073247236 1073247236 1073247236 1073247236 1073247236 1073247236 1073247236 1073247236 1073247236 0 0 0 0 0 0 0 0 0 1064858628 3 2 2 2 2 2 2 2 2 2 1073247236 1073247236 1073247236 1073247236 1073247236 1073247236 1073247236 1073247236 1073247236 1073247236 1073247236 1073247236 1073247236 1073247236 1073247236 1073247236 1073247236 1073247236 0 0 0 0 0 0 0 0 0
1074583133 1074583133 1074583133 1074583133 1074583133 1074583133 1074583133 1074583133 1074583133 0 0 0 0 0 0 0 0 0 1074583133 4 2 0 3 3 3 8 1 5 0 1074583133 1074583133 1074583133 1074583133 1074583133 1074583133 1074583133 1074583133 1074583133 1074583133 1074583133 1074583133 1074583133 1074583133 1074583133 1074583133 1074583133 1074583133 0 0 0 0 0 0 0 0 0
1066233476 3217677575 1064205633 1077100584 2143289344 3225531699 3183482430 1082844123 3230208374 3229392104 1058818237 1081810744 1072518594 1069265028 1083861398 3216408565 3231640854 3206376024 1039856213 5 3 8 6 5 2 8 4 4 5 3229392104 3217677575 1064205633 1077100584 2143289344 3225531699 3183482430 1082844123 3230208374 3229392104 3217677575 1064205633 1077100584 2143289344 3225531699 3183482430 1082844123 3230208374 4 0 0 0 0 0 0 0 0
3216418234 1077917169 1078002089 3230811779 3205034229 1069118286 3231102920 1079003666 3214193092 1078163171 3228193364 1073823723 1060393833 3228310855 3222876810 3231017912 1069416672 3230713959 2143289344 1 1 0 4 5 5 0 2 5 6 3216418234 1077917169 1078002089 3230811779 3205034229 1069118286 3231102920 1079003666 3214193092 3216418234 1077917169 1078002089 3230811779 3205034229 1069118286 3231102920 1079003666 3214193092 0 0 0 0 0 0 0 0 0
2139095040 2139095040 2139095040 2139095040 2139095040 2139095040 2139095040 2139095040 2139095040 3210068198 1071854567 1063099456 1084048943 3211726661 3218095353 1082622549 1083392858 3226353157 1055881460 1 7 2 3 5 2 1 0 2 2 2139095040 2139095040 2139095040 2139095040 2139095040 2139095040 2139095040 2139095040 2139095040 2139095040 2139095040 2139095040 2139095040 2139095040 2139095040 2139095040 2139095040 2139095040 0 0 0 0 0 0 0 0 0
1080592206 1080592206 1080592206 1080592206 1080592206 1080592206 1080592206 1080592206 1080592206 0 0 0 0 0 0 0 0 0 1072203598 4 255 255 255 255 255 255 255 255 255 0 0 0 0 0 0 0 0 0 0 0 0 0 0 0 0 0 0 0 0 0 0 0 0 0 0 0
1088127967 1088127967 1088127967 1088127967 1088127967 1088127967 1088127967 1088127967 1088127967 0 0 0 0 0 0 0 0 0 1079739359 0 8 3 7 2 8 3 1 0 6 1088127967 1088127967 1088127967 1088127967 1088127967 1088127967 1088127967 1088127967 1088127967 1088127967 1088127967 1088127967 1088127967 1088127967 1088127967 1088127967 1088127967 1088127967 0 0 0 0 0 0 0 0 0
3220542687 1072639975 1049714068 3231642058 1077610420 3227842923 3226531820 3220364477 1066519391 1083266145 1074088196 3227719787 1083777708 3222499356 1075470616 1073954355 1077394953 1069606320 1049374620 3 8 1 6 1 8 6 1 7 3 3220542687 1072639975 1049714068 1083777708 1077610420 3227842923 1073954355 3220364477 1066519391 3220542687 1072639975 1049714068 1083777708 1077610420 3227842923 1073954355 3220364477 1066519391 0 0 0 2 0 0 2 0 0
1071014109 1076498874 3218085185 3229392175 1069267847 3225879351 1046855786 3220480657 1077852560 1071014109 1076498874 3218085185 3229392175 1069267847 3225879351 1046855786 3220480657 1077852560 1079991602 4 4 4 6 7 1 5 1 5 0 1071014109 1076498874 3218085185 3229392175 1069267847 3225879351 1046855786 3220480657 1077852560 1071014109 1076498874 3218085185 3229392175 1069267847 3225879351 1046855786 3220480657 1077852560 0 0 0 0 0 0 0 0 0
1087976045 1087976045 1087976045 1087976045 1087976045 1087976045 1087976045 1087976045 1087976045 0 0 0 0 0 0 0 0 0 1079587437 3 1 1 1 1 1 1 1 1 1 0 0 0 0 0 0 0 0 0 0 0 0 0 0 0 0 0 0 2 2 2 2 2 2 2 2 2
1087458948 1087458948 1087458948 1087458948 1087458948 1087458948 1087458948 1087458948 1087458948 0 0 0 0 0 0 0 0 0 1079070340 3 2 2 2 2 2 2 2 2 2 1087458948 1087458948 1087458948 1087458948 1087458948 1087458948 1087458948 1087458948 1087458948 1087458948 1087458948 1087458948 1087458948 1087458948 1087458948 1087458948 1087458948 1087458948 0 0 0 0 0 0 0 0 0
1081489914 1081489914 1081489914 1081489914 1081489914 1081489914 1081489914 1081489914 1081489914 0 0 0 0 0 0 0 0 0 1081489914 3 6 8 7 5 8 7 5 3 5 1081489914 1081489914 1081489914 1081489914 1081489914 1081489914 1081489914 1081489914 1081489914 1081489914 1081489914 1081489914 1081489914 1081489914 1081489914 1081489914 1081489914 1081489914 0 0 0 0 0 0 0 0 0
3223153806 3214242199 3230474967 3224411766 2143289344 1072487160 1056203165 3213302169 1079453961 1067893270 3226584747 1049709142 1083131101 3220406260 1063519349 3217352874 3223317137 3220474396 1081061362 3 3 5 0 5 4 8 1 5 2 3223153806 3214242199 1049709142 3224411766 2143289344 1072487160 1056203165 3213302169 1079453961 3223153806 3214242199 1049709142 3224411766 2143289344 1072487160 1056203165 3213302169 1079453961 0 0 1 0 0 0 0 0 0
3218362756 3211688061 3227024236 3228693441 3222673701 3215944025 1076979079 1051761014 1075446428 3215196625 1065499593 1074064548 3230520383 3196779387 3230425415 3214114317 1079303762 3230716478 2143289344 1 7 1 4 2 0 2 6 2 8 3218362756 3211688061 3227024236 3228693441 3222673701 3215944025 1076979079 1051761014 1075446428 3218362756 3211688061 3227024236 3228693441 3222673701 3215944025 1076979079 1051761014 1075446428 0 0 0 0 0 0 0 0 0
2139095040 2139095040 2139095040 2139095040 2139095040 2139095040 2139095040 2139095040 2139095040 3230801682 3219435040 3214636307 1070293019 3224863820 3217952571 1083203184 1083019892 3229176307 1066709075 5 3 5 7 7 3 5 2 3 5 3230801682 2139095040 2139095040 2139095040 3224863820 2139095040 1083203184 1083019892 2139095040 3230801682 2139095040 2139095040 2139095040 3224863820 2139095040 1083203184 1083019892 2139095040 4 0 0 0 4 0 3 4 0
1083707787 1083707787 1083707787 1083707787 1083707787 1083707787 1083707787 1083707787 1083707787 0 0 0 0 0 0 0 0 0 1075319179 1 255 255 255 255 255 255 255 255 255 0 0 0 0 0 0 0 0 0 0 0 0 0 0 0 0 0 0 0 0 0 0 0 0 0 0 0
1090415852 1090415852 1090415852 1090415852 1090415852 1090415852 1090415852 1090415852 1090415852 0 0 0 0 0 0 0 0 0 1082027244 0 1 1 7 7 1 4 6 7 8 1090415852 1090415852 1090415852 1090415852 1090415852 1090415852 1090415852 1090415852 1090415852 1090415852 1090415852 1090415852 1090415852 1090415852 1090415852 1090415852 1090415852 1090415852 0 0 0 0 0 0 0 0 0
3214951750 1082214891 3227294609 1083740383 1033843811 1058502859 1075097294 1040717522 1072744901 1077801361 3224511496 3231083116 1066462805 3219729441 3221449391 1078205015 3210153039 3204016346 1070934613 2 2 4 0 1 8 8 3 5 3 3214951750 1082214891 3227294609 1083740383 1033843811 1058502859 1075097294 1040717522 1072744901 3214951750 1082214891 3227294609 1083740383 1033843811 1058502859 1075097294 1040717522 1072744901 0 0 0 0 0 0 0 0 0
1064376685 1083102103 3226237753 1083101192 3221380815 3221299311 3197241679 1078751461 3224174243 1064376685 1083102103 3226237753 1083101192 3221380815 3221299311 3197241679 1078751461 3224174243 1072413953 2 0 7 5 6 6 7 2 0 8 1064376685 1083102103 3226237753 1083101192 3221380815 3221299311 3197241679 1078751461 3224174243 1064376685 1083102103 3226237753 1083101192 3221380815 3221299311 3197241679 1078751461 3224174243 0 0 0 0 0 0 0 0 0
1073787043 1073787043 1073787043 1073787043 1073787043 1073787043 1073787043 1073787043 1073787043 0 0 0 0 0 0 0 0 0 1065398435 3 1 1 1 1 1 1 1 1 1 0 0 0 0 0 0 0 0 0 0 0 0 0 0 0 0 0 0 2 2 2 2 2 2 2 2 2
1087678025 1087678025 1087678025 1087678025 1087678025 1087678025 1087678025 1087678025 1087678025 0 0 0 0 0 0 0 0 0 1079289417 3 2 2 2 2 2 2 2 2 2 1087678025 1087678025 1087678025 1087678025 1087678025 1087678025 1087678025 1087678025 1087678025 1087678025 1087678025 1087678025 1087678025 1087678025 1087678025 1087678025 1087678025 1087678025 0 0 0 0 0 0 0 0 0
1069403686 1069403686 1069403686 1069403686 1069403686 1069403686 1069403686 1069403686 1069403686 0 0 0 0 0 0 0 0 0 1069403686 1 6 8 1 8 3 5 1 8 8 1069403686 1069403686 1069403686 1069403686 1069403686 1069403686 1069403686 1069403686 1069403686 1069403686 1069403686 1069403686 1069403686 1069403686 1069403686 1069403686 1069403686 1069403686 0 0 0 0 0 0 0 0 0
3230696473 3230576391 3224696794 3218608945 2143289344 3215474379 3227160703 3228552787 1075350473 3223771110 3212882135 1050578263 1073860046 1082783103 3214322765 3227019453 1078843705 3230969233 1077637808 5 4 5 5 5 1 4 7 0 8 3230696473 3230576391 3224696794 3218608945 2143289344 3215474379 3227160703 1078843705 1075350473 3230696473 3230576391 3224696794 3218608945 2143289344 3215474379 3227160703 1078843705 1075350473 0 0 0 0 0 0 0 1 0
3216962136 3221504494 3213607090 3231115783 3230405945 3212948977 3229293042 1073711890 3213783097 3213866147 1074146145 3224999440 1082132866 3230623931 1071727472 1083457859 3231494268 1047268020 2143289344 4 8 7 6 0 4 7 0 6 8 3216962136 3221504494 3213607090 3231115783 3230405945 3212948977 3229293042 1073711890 3213783097 3216962136 3221504494 3213607090 3231115783 3230405945 3212948977 3229293042 1073711890 3213783097 0 0 0 0 0 0 0 0 0
2139095040 2139095040 2139095040 2139095040 2139095040 2139095040 2139095040 2139095040 2139095040 1077139669 1065776221 3224958341 3223281084 3231246737 3227068450 1068783235 1067319555 3228446632 1069127510 5 1 7 8 8 0 2 2 7 6 1077139669 2139095040 2139095040 2139095040 3231246737 3227068450 1068783235 2139095040 2139095040 1077139669 2139095040 2139095040 2139095040 3231246737 3227068450 1068783235 2139095040 2139095040 2 0 0 0 1 3 3 0 0
1084400269 1084400269 1084400269 1084400269 1084400269 1084400269 1084400269 1084400269 1084400269 0 0 0 0 0 0 0 0 0 1076011661 5 255 255 255 255 255 255 255 255 255 0 0 0 0 0 0 0 0 0 0 0 0 0 0 0 0 0 0 0 0 0 0 0 0 0 0 0
1084579433 1084579433 1084579433 1084579433 1084579433 1084579433 1084579433 1084579433 1084579433 0 0 0 0 0 0 0 0 0 1076190825 0 6 7 0 5 8 3 3 8 8 1084579433 1084579433 1084579433 1084579433 1084579433 1084579433 1084579433 1084579433 1084579433 1084579433 1084579433 1084579433 1084579433 1084579433 1084579433 1084579433 1084579433 1084579433 0 0 0 0 0 0 0 0 0
3227861113 3207089977 1062479385 1065677035 1064862132 1081099171 1067891011 3229319486 1081475119 3143270902 3229252634 3197251962 1059603954 3225936875 3231696736 1074857378 1051839449 1071277691 1081756650 2 3 4 4 1 1 0 5 7 3 3227861113 3207089977 1062479385 1065677035 1064862132 3231696736 1067891011 3229319486 1081475119 3227861113 3207089977 1062479385 1065677035 1064862132 3231696736 1067891011 3229319486 1081475119 0 0 0 0 0 1 0 0 0
1070683036 3231664078 3222016616 1073396991 3229868398 3231478110 1077200859 1073503422 1071371843 1070683036 3231664078 3222016616 1073396991 3229868398 3231478110 1077200859 1073503422 1071371843 1078302441 1 4 2 1 1 2 2 8 3 7 1070683036 3231664078 3222016616 1073396991 3229868398 3231478110 1077200859 1073503422 1071371843 1070683036 3231664078 3222016616 1073396991 3229868398 3231478110 1077200859 1073503422 1071371843 0 0 0 0 0 0 0 0 0
1054214579 1054214579 1054214579 1054214579 1054214579 1054214579 1054214579 1054214579 1054214579 0 0 0 0 0 0 0 0 0 1045825971 3 1 1 1 1 1 1 1 1 1 0 0 0 0 0 0 0 0 0 0 0 0 0 0 0 0 0 0 2 2 2 2 2 2 2 2 2
1029910801 1029910801 1029910801 1029910801 1029910801 1029910801 1029910801 1029910801 1029910801 0 0 0 0 0 0 0 0 0 1021522193 3 2 2 2 2 2 2 2 2 2 1029910801 1029910801 1029910801 1029910801 1029910801 1029910801 1029910801 1029910801 1029910801 1029910801 1029910801 1029910801 1029910801 1029910801 1029910801 1029910801 1029910801 1029910801 0 0 0 0 0 0 0 0 0
1081798693 1081798693 1081798693 1081798693 1081798693 1081798693 1081798693 1081798693 1081798693 0 0 0 0 0 0 0 0 0 1081798693 1 6 0 1 2 7 5 3 0 4 1081798693 1081798693 1081798693 1081798693 1081798693 1081798693 1081798693 1081798693 1081798693 1081798693 1081798693 1081798693 1081798693 1081798693 1081798693 1081798693 1081798693 1081798693 0 0 0 0 0 0 0 0 0
1083478406 1077254886 1079320283 1056428246 2143289344 3217706049 3229995694 3199717805 3221855026 3231356901 1070290852 3205645755 1082181633 1077973686 3228143181 3222838811 1083507235 3215609617 1066800359 3 4 1 8 4 5 3 8 1 2 1083478406 1070290852 1079320283 1056428246 2143289344 3217706049 3229995694 1083507235 3221855026 1083478406 1070290852 1079320283 1056428246 2143289344 3217706049 3229995694 1083507235 3221855026 0 2 0 0 0 0 0 2 0
3230330504 1077702709 1070949222 1079994268 3200249904 1079223445 1046279379 1069641810 3229970602 1066401500 3151629770 3211783216 3229882954 1078926788 1075229988 1081150376 3215754607 3214647426 2143289344 4 6 6 8 0 3 4 5 5 7 3230330504 1077702709 1070949222 1079994268 3200249904 1079223445 1046279379 1069641810 3229970602 3230330504 1077702709 1070949222 1079994268 3200249904 1079223445 1046279379 1069641810 3229970602 0 0 0 0 0 0 0 0 0
2139095040 2139095040 2139095040 2139095040 2139095040 2139095040 2139095040 2139095040 2139095040 1082480047 1082249875 1076451982 1079425049 1077091255 1082670469 3222201428 3229965793 3204793937 1074223508 5 1 2 2 4 0 4 1 3 0 1082480047 1082249875 1076451982 2139095040 1077091255 2139095040 3222201428 3229965793 3204793937 1082480047 1082249875 1076451982 2139095040 1077091255 2139095040 3222201428 3229965793 3204793937 2 3 3 0 1 0 2 4 1
1088576338 1088576338 1088576338 1088576338 1088576338 1088576338 1088576338 1088576338 1088576338 0 0 0 0 0 0 0 0 0 1080187730 1 255 255 255 255 255 255 255 255 255 0 0 0 0 0 0 0 0 0 0 0 0 0 0 0 0 0 0 0 0 0 0 0 0 0 0 0
1066088730 1066088730 1066088730 1066088730 1066088730 1066088730 1066088730 1066088730 1066088730 0 0 0 0 0 0 0 0 0 1057700122 0 2 8 8 8 8 1 4 0 8 1066088730 1066088730 1066088730 1066088730 1066088730 1066088730 1066088730 1066088730 1066088730 1066088730 1066088730 1066088730 1066088730 1066088730 1066088730 1066088730 1066088730 1066088730 0 0 0 0 0 0 0 0 0
1073912191 1077066765 3224069723 3214875179 3227021851 3213005168 1083927792 3208034602 3219762995 1078585721 1082307625 3191754627 3209047784 1079518591 3220280367 1073084518 1042006902 1077086998 1074626053 5 8 0 5 7 3 6 3 5 7 1073912191 1077066765 3224069723 3214875179 1079518591 3213005168 1073084518 3208034602 3219762995 1073912191 1077066765 3224069723 3214875179 1079518591 3213005168 1073084518 3208034602 3219762995 0 0 0 0 4 0 4 0 0
3219128576 1055864433 1074338576 3225842229 3225123798 3223399530 3222108628 1071488587 3212962607 3219128576 1055864433 1074338576 3225842229 3225123798 3223399530 3222108628 1071488587 3212962607 1073260811 2 2 4 7 2 4 2 6 4 7 3219128576 1055864433 1074338576 3225842229 3225123798 3223399530 3222108628 1071488587 3212962607 3219128576 1055864433 1074338576 3225842229 3225123798 3223399530 3222108628 1071488587 3212962607 0 0 0 0 0 0 0 0 0
1086621551 1086621551 1086621551 1086621551 1086621551 1086621551 1086621551 1086621551 1086621551 0 0 0 0 0 0 0 0 0 1078232943 3 1 1 1 1 1 1 1 1 1 0 0 0 0 0 0 0 0 0 0 0 0 0 0 0 0 0 0 2 2 2 2 2 2 2 2 2
1073857394 1073857394 1073857394 1073857394 1073857394 1073857394 1073857394 1073857394 1073857394 0 0 0 0 0 0 0 0 0 1065468786 3 2 2 2 2 2 2 2 2 2 1073857394 1073857394 1073857394 1073857394 1073857394 1073857394 1073857394 1073857394 1073857394 1073857394 1073857394 1073857394 1073857394 1073857394 1073857394 1073857394 1073857394 1073857394 0 0 0 0 0 0 0 0 0
1076022358 1076022358 1076022358 1076022358 1076022358 1076022358 1076022358 1076022358 1076022358 0 0 0 0 0 0 0 0 0 1076022358 4 5 2 4 8 5 6 1 6 8 1076022358 1076022358 1076022358 1076022358 1076022358 1076022358 1076022358 1076022358 1076022358 1076022358 1076022358 1076022358 1076022358 1076022358 1076022358 1076022358 1076022358 1076022358 0 0 0 0 0 0 0 0 0
3205436675 3209420737 1063216847 3229962637 2143289344 3217387904 3217488612 1059842352 3204886356 3225504030 1078766999 3209215614 1076453206 1076714084 1074453117 3221457125 3222299136 3223525486 1050860955 2 3 7 1 7 1 0 4 8 6 3205436675 3209420737 1063216847 3229962637 2143289344 1074453117 3217488612 1059842352 3204886356 3205436675 3209420737 1063216847 3229962637 2143289344 1074453117 3217488612 1059842352 3204886356 0 0 0 0 0 1 0 0 0
3226889637 3225926578 1058048849 3225318928 3222402148 3226657383 1076841444 1075462834 3194171331 3229393559 1079224067 1075083176 1072418859 3220580755 3228134345 3195420875 1077738311 3221926016 2143289344 3 6 0 2 5 6 7 1 6 1 3226889637 3225926578 1058048849 3225318928 3222402148 3226657383 1076841444 1075462834 3194171331 3226889637 3225926578 1058048849 3225318928 3222402148 3226657383 1076841444 1075462834 3194171331 0 0 0 0 0 0 0 0 0
2139095040 2139095040 2139095040 2139095040 2139095040 2139095040 2139095040 2139095040 2139095040 1075615825 3137985125 1074144013 1077202120 3212292156 1076660302 1062270506 1079145119 1081557260 1081019253 4 2 6 1 8 8 2 6 4 2 1075615825 2139095040 1074144013 2139095040 2139095040 1076660302 2139095040 2139095040 1081557260 1075615825 2139095040 1074144013 2139095040 2139095040 1076660302 2139095040 2139095040 1081557260 3 0 2 0 0 3 0 0 3
1089054391 1089054391 1089054391 1089054391 1089054391 1089054391 1089054391 1089054391 1089054391 0 0 0 0 0 0 0 0 0 1080665783 4 255 255 255 255 255 255 255 255 255 0 0 0 0 0 0 0 0 0 0 0 0 0 0 0 0 0 0 0 0 0 0 0 0 0 0 0
1086195778 1086195778 1086195778 1086195778 1086195778 1086195778 1086195778 1086195778 1086195778 0 0 0 0 0 0 0 0 0 1077807170 0 0 4 1 6 0 8 4 8 6 1086195778 1086195778 1086195778 1086195778 1086195778 1086195778 1086195778 1086195778 1086195778 1086195778 1086195778 1086195778 1086195778 1086195778 1086195778 1086195778 1086195778 1086195778 0 0 0 0 0 0 0 0 0
3220059085 1048892174 3216129039 3202012060 1076624716 3231452506 3230735440 1077570280 3213037797 3229762970 1070860672 3218664514 3231027731 1083791840 1082516659 3228225012 1075043546 3179152533 1074805384 4 5 6 8 3 1 6 7 3 4 3220059085 1048892174 3216129039 3202012060 1076624716 3231452506 3230735440 1077570280 3213037797 3220059085 1048892174 3216129039 3202012060 1076624716 3231452506 3230735440 1077570280 3213037797 0 0 0 0 0 0 0 0 0
3222004841 1068306129 1081543406 3207450549 3218770017 3226440548 3221697860 1083821645 1064877177 3222004841 1068306129 1081543406 3207450549 3218770017 3226440548 3221697860 1083821645 1064877177 1044971476 3 1 1 1 1 7 6 3 6 0 3222004841 1068306129 1081543406 3207450549 3218770017 3226440548 3221697860 1083821645 1064877177 3222004841 1068306129 1081543406 3207450549 3218770017 3226440548 3221697860 1083821645 1064877177 0 0 0 0 0 0 0 0 0
1079152964 1079152964 1079152964 1079152964 1079152964 1079152964 1079152964 1079152964 1079152964 0 0 0 0 0 0 0 0 0 1070764356 3 1 1 1 1 1 1 1 1 1 0 0 0 0 0 0 0 0 0 0 0 0 0 0 0 0 0 0 2 2 2 2 2 2 2 2 2
1062643204 1062643204 1062643204 1062643204 1062643204 1062643204 1062643204 1062643204 1062643204 0 0 0 0 0 0 0 0 0 1054254596 3 2 2 2 2 2 2 2 2 2 1062643204 1062643204 1062643204 1062643204 1062643204 1062643204 1062643204 1062643204 1062643204 1062643204 1062643204 1062643204 1062643204 1062643204 1062643204 1062643204 1062643204 1062643204 0 0 0 0 0 0 0 0 0
1080373838 1080373838 1080373838 1080373838 1080373838 1080373838 1080373838 1080373838 1080373838 0 0 0 0 0 0 0 0 0 1080373838 2 5 4 4 8 2 8 3 3 0 1080373838 1080373838 1080373838 1080373838 1080373838 1080373838 1080373838 1080373838 1080373838 1080373838 1080373838 1080373838 1080373838 1080373838 1080373838 1080373838 1080373838 1080373838 0 0 0 0 0 0 0 0 0
3230879933 1082790273 1067615018 1074055565 2143289344 3224434126 1081788341 1080236192 3226325633 3227798503 3224257791 3229720363 3231223128 1066843144 3222560941 1083521974 3220501928 1079497245 1081460051 2 6 8 4 0 0 7 5 8 6 3230879933 1082790273 1067615018 3231223128 2143289344 3224434126 1081788341 1080236192 3226325633 3230879933 1082790273 1067615018 3231223128 2143289344 3224434126 1081788341 1080236192 3226325633 0 0 0 1 0 0 0 0 0
3225659677 3214219647 3226176086 1083325518 3224144271 1076904922 1080850244 1082322885 1075013194 3195068239 3229508780 1075185296 3226004027 1078819307 1078755691 3219016177 3230221175 3230067505 2143289344 4 5 3 5 1 1 7 4 8 0 3225659677 3214219647 3226176086 1083325518 3224144271 1076904922 1080850244 1082322885 1075013194 3225659677 3214219647 3226176086 1083325518 3224144271 1076904922 1080850244 1082322885 1075013194 0 0 0 0 0 0 0 0 0
2139095040 2139095040 2139095040 2139095040 2139095040 2139095040 2139095040 2139095040 2139095040 1077680653 1068249397 3213353351 1081554292 3227054707 1064691246 1065532118 3197269146 1081760425 1052650101 3 6 4 0 3 6 3 5 5 6 2139095040 2139095040 3213353351 2139095040 2139095040 2139095040 2139095040 2139095040 2139095040 2139095040 2139095040 3213353351 2139095040 2139095040 2139095040 2139095040 2139095040 2139095040 0 0 1 0 0 0 0 0 0
1088151117 1088151117 1088151117 1088151117 1088151117 1088151117 1088151117 1088151117 1088151117 0 0 0 0 0 0 0 0 0 1079762509 1 255 255 255 255 255 255 255 255 255 0 0 0 0 0 0 0 0 0 0 0 0 0 0 0 0 0 0 0 0 0 0 0 0 0 0 0
1083493697 1083493697 1083493697 1083493697 1083493697 1083493697 1083493697 1083493697 1083493697 0 0 0 0 0 0 0 0 0 1075105089 0 2 1 1 2 2 2 0 7 6 1083493697 1083493697 1083493697 1083493697 1083493697 1083493697 1083493697 1083493697 1083493697 1083493697 1083493697 1083493697 1083493697 1083493697 1083493697 1083493697 1083493697 1083493697 0 0 0 0 0 0 0 0 0
1082995284 3218175782 1075871691 1075211708 1080063585 1083561634 1082387183 1083622880 1075494257 3222671777 3216736565 1080611026 1077207077 3231121119 3229848195 3207323118 1076151181 3215170467 1071313501 5 0 5 6 7 5 3 6 7 3 3222671777 3218175782 1075871691 1075211708 1080063585 3229848195 1082387183 1083622880 3215170467 3222671777 3218175782 1075871691 1075211708 1080063585 3229848195 1082387183 1083622880 3215170467 1 0 0 0 0 4 0 0 4
3230098782 3225464918 1072404197 1077399721 3221808829 1080795082 3230855214 1082839167 1081055506 3230098782 3225464918 1072404197 1077399721 3221808829 1080795082 3230855214 1082839167 1081055506 1062610663 5 0 7 0 4 3 7 2 8 7 3230098782 3225464918 1072404197 1077399721 3221808829 1080795082 3230855214 1082839167 1081055506 3230098782 3225464918 1072404197 1077399721 3221808829 1080795082 3230855214 1082839167 1081055506 0 0 0 0 0 0 0 0 0
1082066939 1082066939 1082066939 1082066939 1082066939 1082066939 1082066939 1082066939 1082066939 0 0 0 0 0 0 0 0 0 1073678331 3 1 1 1 1 1 1 1 1 1 0 0 0 0 0 0 0 0 0 0 0 0 0 0 0 0 0 0 2 2 2 2 2 2 2 2 2
1085731389 1085731389 1085731389 1085731389 1085731389 1085731389 1085731389 1085731389 1085731389 0 0 0 0 0 0 0 0 0 1077342781 3 2 2 2 2 2 2 2 2 2 1085731389 1085731389 1085731389 1085731389 1085731389 1085731389 1085731389 1085731389 1085731389 1085731389 1085731389 1085731389 1085731389 1085731389 1085731389 1085731389 1085731389 1085731389 0 0 0 0 0 0 0 0 0
1059612440 1059612440 1059612440 1059612440 1059612440 1059612440 1059612440 1059612440 1059612440 0 0 0 0 0 0 0 0 0 1059612440 2 8 5 0 6 8 2 2 7 2 1059612440 1059612440 1059612440 1059612440 1059612440 1059612440 1059612440 1059612440 1059612440 1059612440 1059612440 1059612440 1059612440 1059612440 1059612440 1059612440 1059612440 1059612440 0 0 0 0 0 0 0 0 0
3204067699 3230256808 1077696173 1068682302 2143289344 1073443629 1039039543 1073999512 1082877612 3223987124 1083326323 1069913100 3208314773 1081550420 3223661508 1066821175 3226974393 1079160176 1077634176 1 2 7 2 2 4 6 8 5 0 3204067699 3230256808 1077696173 1068682302 2143289344 1073443629 1039039543 1073999512 1082877612 3204067699 3230256808 1077696173 1068682302 2143289344 1073443629 1039039543 1073999512 1082877612 0 0 0 0 0 0 0 0 0
1069696796 1078877316 1077429154 3227943843 3227519821 3222908488 1026669422 1068961605 1082513441 1066790959 1076439106 3229385159 1066415079 3221405383 1063646406 1079941341 1065397703 1076264840 2143289344 1 5 8 7 0 4 5 1 8 0 1069696796 1078877316 1077429154 3227943843 3227519821 3222908488 1026669422 1068961605 1082513441 1069696796 1078877316 1077429154 3227943843 3227519821 3222908488 1026669422 1068961605 1082513441 0 0 0 0 0 0 0 0 0
2139095040 2139095040 2139095040 2139095040 2139095040 2139095040 2139095040 2139095040 2139095040 3222424676 3199260030 1032622243 3207873223 1079194547 3220753077 1076785211 3230024227 3194780738 1081572267 1 5 0 2 2 1 7 2 7 0 2139095040 2139095040 2139095040 2139095040 2139095040 2139095040 2139095040 2139095040 2139095040 2139095040 2139095040 2139095040 2139095040 2139095040 2139095040 2139095040 2139095040 2139095040 0 0 0 0 0 0 0 0 0
1078258173 1078258173 1078258173 1078258173 1078258173 1078258173 1078258173 1078258173 1078258173 0 0 0 0 0 0 0 0 0 1069869565 5 255 255 255 255 255 255 255 255 255 0 0 0 0 0 0 0 0 0 0 0 0 0 0 0 0 0 0 0 0 0 0 0 0 0 0 0
1086424476 1086424476 1086424476 1086424476 1086424476 1086424476 1086424476 1086424476 1086424476 0 0 0 0 0 0 0 0 0 1078035868 0 1 7 4 3 7 3 2 3 2 1086424476 1086424476 1086424476 1086424476 1086424476 1086424476 1086424476 1086424476 1086424476 1086424476 1086424476 1086424476 1086424476 1086424476 1086424476 1086424476 1086424476 1086424476 0 0 0 0 0 0 0 0 0
3229997941 1078954891 1059279457 1004238383 3193709269 1077930463 1054109321 3218152769 3230730514 3214607326 3230144603 1074885367 3215766275 3226891804 1080586574 1051791901 1074432710 3217625197 1063761423 4 7 1 3 2 4 8 0 4 3 3229997941 3230144603 1059279457 3215766275 3193709269 1077930463 1054109321 3218152769 3230730514 3229997941 3230144603 1059279457 3215766275 3193709269 1077930463 1054109321 3218152769 3230730514 0 2 0 3 0 0 0 0 0
1077338223 3219092913 1083913048 1073058257 3229938040 1065501533 3225877827 3226713417 3225428416 1077338223 3219092913 1083913048 1073058257 3229938040 1065501533 3225877827 3226713417 3225428416 1057926804 2 0 0 8 5 7 2 6 4 1 1077338223 3219092913 1083913048 1073058257 3229938040 1065501533 3225877827 3226713417 3225428416 1077338223 3219092913 1083913048 1073058257 3229938040 1065501533 3225877827 3226713417 3225428416 0 0 0 0 0 0 0 0 0
1081337473 1081337473 1081337473 1081337473 1081337473 1081337473 1081337473 1081337473 1081337473 0 0 0 0 0 0 0 0 0 1072948865 3 1 1 1 1 1 1 1 1 1 0 0 0 0 0 0 0 0 0 0 0 0 0 0 0 0 0 0 2 2 2 2 2 2 2 2 2
1089807037 1089807037 1089807037 1089807037 1089807037 1089807037 1089807037 1089807037 1089807037 0 0 0 0 0 0 0 0 0 1081418429 3 2 2 2 2 2 2 2 2 2 1089807037 1089807037 1089807037 1089807037 1089807037 1089807037 1089807037 1089807037 1089807037 1089807037 1089807037 1089807037 1089807037 1089807037 1089807037 1089807037 1089807037 1089807037 0 0 0 0 0 0 0 0 0
1077886942 1077886942 1077886942 1077886942 1077886942 1077886942 1077886942 1077886942 1077886942 0 0 0 0 0 0 0 0 0 1077886942 5 4 6 1 6 0 0 0 1 5 1077886942 1077886942 1077886942 1077886942 1077886942 1077886942 1077886942 1077886942 1077886942 1077886942 1077886942 1077886942 1077886942 1077886942 1077886942 1077886942 1077886942 1077886942 0 0 0 0 0 0 0 0 0
3228344088 3222746697 1080066624 1077782118 2143289344 1082122792 1078320101 1025814781 1080007838 1082770559 3231116225 3227130523 1049182020 1063418055 3225512464 1082442293 1059529677 3231534057 1078050293 3 0 8 1 4 1 6 4 4 3 1082770559 3222746697 3227130523 1077782118 2143289344 1082122792 1078320101 1025814781 1080007838 1082770559 3222746697 3227130523 1077782118 2143289344 1082122792 1078320101 1025814781 1080007838 1 0 2 0 0 0 0 0 0
3231174566 1074268469 1062303394 1077182413 1082513675 1079088328 1064065484 1079799204 1082147637 1079047898 3206801337 3224300689 3230012525 1072105790 1057821765 3230767462 1057566576 1049485079 2143289344 1 2 4 3 2 5 3 4 3 0 3231174566 1074268469 1062303394 1077182413 1082513675 1079088328 1064065484 1079799204 1082147637 3231174566 1074268469 1062303394 1077182413 1082513675 1079088328 1064065484 1079799204 1082147637 0 0 0 0 0 0 0 0 0
2139095040 2139095040 2139095040 2139095040 2139095040 2139095040 2139095040 2139095040 2139095040 3224130700 1080259689 3230512460 1074205454 3220948321 3228213328 1079904053 1071606510 1078085733 1081293313 1 1 4 4 3 7 1 7 0 5 2139095040 2139095040 2139095040 2139095040 2139095040 2139095040 2139095040 2139095040 2139095040 2139095040 2139095040 2139095040 2139095040 2139095040 2139095040 2139095040 2139095040 2139095040 0 0 0 0 0 0 0 0 0
1081433433 1081433433 1081433433 1081433433 1081433433 1081433433 1081433433 1081433433 1081433433 0 0 0 0 0 0 0 0 0 1073044825 3 255 255 255 255 255 255 255 255 255 0 0 0 0 0 0 0 0 0 0 0 0 0 0 0 0 0 0 0 0 0 0 0 0 0 0 0
1088403355 1088403355 1088403355 1088403355 1088403355 1088403355 1088403355 1088403355 1088403355 0 0 0 0 0 0 0 0 0 1080014747 0 6 7 0 5 0 3 3 6 1 1088403355 1088403355 1088403355 1088403355 1088403355 1088403355 1088403355 1088403355 1088403355 1088403355 1088403355 1088403355 1088403355 1088403355 1088403355 1088403355 1088403355 1088403355 0 0 0 0 0 0 0 0 0
3230843207 3231596162 1070277415 1080504650 3229697717 3203116850 1075586786 1075354724 3223982221 1079605244 3231600795 1076397743 1078681426 1054231242 1074093528 1073960747 3229506684 3231323328 1081698076 5 1 8 2 7 3 1 4 0 0 1079605244 3231596162 1070277415 1080504650 1054231242 3203116850 1075586786 3229506684 3223982221 1079605244 3231596162 1070277415 1080504650 1054231242 3203116850 1075586786 3229506684 3223982221 2 0 0 0 4 0 0 1 0
1076460364 1075012836 3210932049 1069549024 3229277231 1082365360 3207056865 1068781428 1070698786 1076460364 1075012836 3210932049 1069549024 3229277231 1082365360 3207056865 1068781428 1070698786 1057286965 5 2 4 1 2 4 5 4 0 2 1076460364 1075012836 3210932049 1069549024 3229277231 1082365360 3207056865 1068781428 1070698786 1076460364 1075012836 3210932049 1069549024 3229277231 1082365360 3207056865 1068781428 1070698786 0 0 0 0 0 0 0 0 0
1084184144 1084184144 1084184144 1084184144 1084184144 1084184144 1084184144 1084184144 1084184144 0 0 0 0 0 0 0 0 0 1075795536 3 1 1 1 1 1 1 1 1 1 0 0 0 0 0 0 0 0 0 0 0 0 0 0 0 0 0 0 2 2 2 2 2 2 2 2 2
1087296957 1087296957 1087296957 1087296957 1087296957 1087296957 1087296957 1087296957 1087296957 0 0 0 0 0 0 0 0 0 1078908349 3 2 2 2 2 2 2 2 2 2 1087296957 1087296957 1087296957 1087296957 1087296957 1087296957 1087296957 1087296957 1087296957 1087296957 1087296957 1087296957 1087296957 1087296957 1087296957 1087296957 1087296957 1087296957 0 0 0 0 0 0 0 0 0
1043802989 1043802989 1043802989 1043802989 1043802989 1043802989 1043802989 1043802989 1043802989 0 0 0 0 0 0 0 0 0 1043802989 1 2 6 3 6 0 8 3 8 0 1043802989 1043802989 1043802989 1043802989 1043802989 1043802989 1043802989 1043802989 1043802989 1043802989 1043802989 1043802989 1043802989 1043802989 1043802989 1043802989 1043802989 1043802989 0 0 0 0 0 0 0 0 0
3222812247 1083858400 3227626484 3209600788 2143289344 1080125514 3214355634 3216972254 3227169300 3216301296 1077934740 1083809456 3216981966 3225680355 3207813182 1081562187 3213371091 1079358105 1077583193 4 5 0 2 3 2 4 4 1 3 3222812247 1083858400 1083809456 3209600788 2143289344 1080125514 3214355634 3216972254 3227169300 3222812247 1083858400 1083809456 3209600788 2143289344 1080125514 3214355634 3216972254 3227169300 0 0 3 0 0 0 0 0 0
1080769346 3214818334 1083158024 3228636679 3231672003 1083639633 1060627104 1036596953 3227058658 1058704538 3218782988 3181949383 1082629717 3210312744 1082792400 3215520803 1070238914 1083200628 2143289344 4 4 2 3 5 8 2 0 1 6 1080769346 3214818334 1083158024 3228636679 3231672003 1083639633 1060627104 1036596953 3227058658 1080769346 3214818334 1083158024 3228636679 3231672003 1083639633 1060627104 1036596953 3227058658 0 0 0 0 0 0 0 0 0
2139095040 2139095040 2139095040 2139095040 2139095040 2139095040 2139095040 2139095040 2139095040 1080067344 3214209837 3223591686 3224600931 1073130750 1064615526 1073859880 3196924156 1020216662 1078148862 3 8 7 2 1 0 4 5 2 0 2139095040 2139095040 2139095040 3224600931 1073130750 2139095040 2139095040 2139095040 1020216662 2139095040 2139095040 2139095040 3224600931 1073130750 2139095040 2139095040 2139095040 1020216662 0 0 0 2 1 0 0 0 1
1083279963 1083279963 1083279963 1083279963 1083279963 1083279963 1083279963 1083279963 1083279963 0 0 0 0 0 0 0 0 0 1074891355 5 255 255 255 255 255 255 255 255 255 0 0 0 0 0 0 0 0 0 0 0 0 0 0 0 0 0 0 0 0 0 0 0 0 0 0 0
1083428825 1083428825 1083428825 1083428825 1083428825 1083428825 1083428825 1083428825 1083428825 0 0 0 0 0 0 0 0 0 1075040217 0 6 5 6 0 5 3 6 7 2 1083428825 1083428825 1083428825 1083428825 1083428825 1083428825 1083428825 1083428825 1083428825 1083428825 1083428825 1083428825 1083428825 1083428825 1083428825 1083428825 1083428825 1083428825 0 0 0 0 0 0 0 0 0
3217428575 1072665485 1081461537 3230774885 3222744796 1064467607 3212888732 1077724550 1070447292 1074312795 1076540611 1079868841 1074292873 1070326874 1079400111 1079266710 1083775165 3224149625 1076894536 2 6 1 3 1 2 1 3 0 3 3217428575 1072665485 1081461537 3230774885 3222744796 1064467607 3212888732 1077724550 1070447292 3217428575 1072665485 1081461537 3230774885 3222744796 1064467607 3212888732 1077724550 1070447292 0 0 0 0 0 0 0 0 0
1074770486 1074346243 3192531252 3210487500 3230712761 3221116109 1082423245 1075529769 1074195671 1074770486 1074346243 3192531252 3210487500 3230712761 3221116109 1082423245 1075529769 1074195671 1029620480 3 4 4 4 5 2 4 0 6 5 1074770486 1074346243 3192531252 3210487500 3230712761 3221116109 1082423245 1075529769 1074195671 1074770486 1074346243 3192531252 3210487500 3230712761 3221116109 1082423245 1075529769 1074195671 0 0 0 0 0 0 0 0 0
1060241213 1060241213 1060241213 1060241213 1060241213 1060241213 1060241213 1060241213 1060241213 0 0 0 0 0 0 0 0 0 1051852605 3 1 1 1 1 1 1 1 1 1 0 0 0 0 0 0 0 0 0 0 0 0 0 0 0 0 0 0 2 2 2 2 2 2 2 2 2
1061847500 1061847500 1061847500 1061847500 1061847500 1061847500 1061847500 1061847500 1061847500 0 0 0 0 0 0 0 0 0 1053458892 3 2 2 2 2 2 2 2 2 2 1061847500 1061847500 1061847500 1061847500 1061847500 1061847500 1061847500 1061847500 1061847500 1061847500 1061847500 1061847500 1061847500 1061847500 1061847500 1061847500 1061847500 1061847500 0 0 0 0 0 0 0 0 0
1060907082 1060907082 1060907082 1060907082 1060907082 1060907082 1060907082 1060907082 1060907082 0 0 0 0 0 0 0 0 0 1060907082 3 8 5 2 8 6 3 4 1 7 1060907082 1060907082 1060907082 1060907082 1060907082 1060907082 1060907082 1060907082 1060907082 1060907082 1060907082 1060907082 1060907082 1060907082 1060907082 1060907082 1060907082 1060907082 0 0 0 0 0 0 0 0 0
1079027049 1080668571 1070981289 3223782218 2143289344 1061730008 3216897765 3230582121 1067687584 1068072377 3230117151 3228218521 3216866193 3223706385 1070478413 3219249120 1080636425 1077941326 1067960605 1 5 7 0 2 3 5 7 0 7 1079027049 1080668571 1070981289 3223782218 2143289344 1061730008 3216897765 3230582121 1067687584 1079027049 1080668571 1070981289 3223782218 2143289344 1061730008 3216897765 3230582121 1067687584 0 0 0 0 0 0 0 0 0
3216727199 3227613925 3204643183 3214215286 1074403312 1080863087 3224240713 3224170889 3202346931 1054948320 3221358131 1081422429 1052098880 3219359236 1081482818 1074927076 3221293012 1060291287 2143289344 1 0 1 5 7 0 8 3 7 5 3216727199 3227613925 3204643183 3214215286 1074403312 1080863087 3224240713 3224170889 3202346931 3216727199 3227613925 3204643183 3214215286 1074403312 1080863087 3224240713 3224170889 3202346931 0 0 0 0 0 0 0 0 0
2139095040 2139095040 2139095040 2139095040 2139095040 2139095040 2139095040 2139095040 2139095040 1066152350 3230205146 1068354947 1078708501 3229351374 3221194096 1080031688 3223942408 3215405262 1055878487 2 2 7 1 6 6 0 0 2 3 2139095040 2139095040 2139095040 2139095040 2139095040 3221194096 1080031688 2139095040 2139095040 2139095040 2139095040 2139095040 2139095040 2139095040 3221194096 1080031688 2139095040 2139095040 0 0 0 0 0 1 1 0 0
1075987088 1075987088 1075987088 1075987088 1075987088 1075987088 1075987088 1075987088 1075987088 0 0 0 0 0 0 0 0 0 1067598480 4 255 255 255 255 255 255 255 255 255 0 0 0 0 0 0 0 0 0 0 0 0 0 0 0 0 0 0 0 0 0 0 0 0 0 0 0
1082390440 1082390440 1082390440 1082390440 1082390440 1082390440 1082390440 1082390440 1082390440 0 0 0 0 0 0 0 0 0 1074001832 0 4 7 6 0 0 7 6 8 3 1082390440 1082390440 1082390440 1082390440 1082390440 1082390440 1082390440 1082390440 1082390440 1082390440 1082390440 1082390440 1082390440 1082390440 1082390440 1082390440 1082390440 1082390440 0 0 0 0 0 0 0 0 0
1069962892 3229960785 3219688282 3231697094 3229693362 1068936614 3224944568 3226330492 3208998476 3213928004 3230256000 3224822787 1084201914 3221683935 3229462347 1069181421 3230320913 3173210333 1078444220 1 1 0 6 4 6 7 0 5 0 1069962892 3229960785 3219688282 3231697094 3229693362 1068936614 3224944568 3226330492 3208998476 1069962892 3229960785 3219688282 3231697094 3229693362 1068936614 3224944568 3226330492 3208998476 0 0 0 0 0 0 0 0 0
3222290737 1076339052 1083143812 3216525912 3187153954 3230038184 3215126886 1079294879 3224784721 3222290737 1076339052 1083143812 3216525912 3187153954 3230038184 3215126886 1079294879 3224784721 1078219092 4 7 7 1 5 5 4 4 1 0 3222290737 1076339052 1083143812 3216525912 3187153954 3230038184 3215126886 1079294879 3224784721 3222290737 1076339052 1083143812 3216525912 3187153954 3230038184 3215126886 1079294879 3224784721 0 0 0 0 0 0 0 0 0
1085966409 1085966409 1085966409 1085966409 1085966409 1085966409 1085966409 1085966409 1085966409 0 0 0 0 0 0 0 0 0 1077577801 3 1 1 1 1 1 1 1 1 1 0 0 0 0 0 0 0 0 0 0 0 0 0 0 0 0 0 0 2 2 2 2 2 2 2 2 2
1066463294 1066463294 1066463294 1066463294 1066463294 1066463294 1066463294 1066463294 1066463294 0 0 0 0 0 0 0 0 0 1058074686 3 2 2 2 2 2 2 2 2 2 1066463294 1066463294 1066463294 1066463294 1066463294 1066463294 1066463294 1066463294 1066463294 1066463294 1066463294 1066463294 1066463294 1066463294 1066463294 1066463294 1066463294 1066463294 0 0 0 0 0 0 0 0 0
1077438907 1077438907 1077438907 1077438907 1077438907 1077438907 1077438907 1077438907 1077438907 0 0 0 0 0 0 0 0 0 1077438907 5 8 6 8 2 1 6 5 4 3 1077438907 1077438907 1077438907 1077438907 1077438907 1077438907 1077438907 1077438907 1077438907 1077438907 1077438907 1077438907 1077438907 1077438907 1077438907 1077438907 1077438907 1077438907 0 0 0 0 0 0 0 0 0
1082927942 1069172939 1078637401 3220174251 2143289344 1070580306 1080952724 1067538663 3203772481 3231383998 3223852457 1066319049 1075640449 1075902349 3204893326 1082594396 1070852609 1067775936 1069777747 3 3 2 4 0 8 1 1 3 6 1082927942 1069172939 1078637401 1075640449 2143289344 3204893326 1080952724 1067538663 3203772481 1082927942 1069172939 1078637401 1075640449 2143289344 3204893326 1080952724 1067538663 3203772481 0 0 0 1 0 2 0 0 0
3210925147 3197460380 1054462076 1081281581 3187020160 1078024630 1073907525 3223223015 1073956049 1073297526 3226371568 1039535042 1061149688 3211978337 3220896065 1066645388 3227087028 1082253192 2143289344 4 2 2 0 3 8 0 0 2 4 3210925147 3197460380 1054462076 1081281581 3187020160 1078024630 1073907525 3223223015 1073956049 3210925147 3197460380 1054462076 1081281581 3187020160 1078024630 1073907525 3223223015 1073956049 0 0 0 0 0 0 0 0 0
2139095040 2139095040 2139095040 2139095040 2139095040 2139095040 2139095040 2139095040 2139095040 1069458899 3215950525 1079512909 1077079672 1079078768 1079171699 3223414539 1068824805 3200865193 1054430273 1 6 4 2 1 4 2 1 3 2 2139095040 2139095040 2139095040 2139095040 2139095040 2139095040 2139095040 2139095040 2139095040 2139095040 2139095040 2139095040 2139095040 2139095040 2139095040 2139095040 2139095040 2139095040 0 0 0 0 0 0 0 0 0
1084996239 1084996239 1084996239 1084996239 1084996239 1084996239 1084996239 1084996239 1084996239 0 0 0 0 0 0 0 0 0 1076607631 2 255 255 255 255 255 255 255 255 255 0 0 0 0 0 0 0 0 0 0 0 0 0 0 0 0 0 0 0 0 0 0 0 0 0 0 0
1085032559 1085032559 1085032559 1085032559 1085032559 1085032559 1085032559 1085032559 1085032559 0 0 0 0 0 0 0 0 0 1076643951 0 7 4 7 3 3 6 6 1 0 1085032559 1085032559 1085032559 1085032559 1085032559 1085032559 1085032559 1085032559 1085032559 1085032559 1085032559 1085032559 1085032559 1085032559 1085032559 1085032559 1085032559 1085032559 0 0 0 0 0 0 0 0 0
3230376739 3209449567 1065929173 1067650314 3231292887 3212996477 1080973979 1032106016 3230132343 1082693747 3221047372 3198187421 3229108521 3215195153 3225385183 1062562387 3224615496 1077460493 1068656846 1 7 7 4 8 2 3 0 0 6 3230376739 3209449567 1065929173 1067650314 3231292887 3212996477 1080973979 1032106016 3230132343 3230376739 3209449567 1065929173 1067650314 3231292887 3212996477 1080973979 1032106016 3230132343 0 0 0 0 0 0 0 0 0
3224467625 3206602481 1082368155 1075661095 1082728288 3224377244 3231542132 1083491659 1068580590 3224467625 3206602481 1082368155 1075661095 1082728288 3224377244 3231542132 1083491659 1068580590 1076280972 2 2 7 4 5 2 6 1 4 3 3224467625 3206602481 1082368155 1075661095 1082728288 3224377244 3231542132 1083491659 1068580590 3224467625 3206602481 1082368155 1075661095 1082728288 3224377244 3231542132 1083491659 1068580590 0 0 0 0 0 0 0 0 0
1085966982 1085966982 1085966982 1085966982 1085966982 1085966982 1085966982 1085966982 1085966982 0 0 0 0 0 0 0 0 0 1077578374 3 1 1 1 1 1 1 1 1 1 0 0 0 0 0 0 0 0 0 0 0 0 0 0 0 0 0 0 2 2 2 2 2 2 2 2 2
1088415907 1088415907 1088415907 1088415907 1088415907 1088415907 1088415907 1088415907 1088415907 0 0 0 0 0 0 0 0 0 1080027299 3 2 2 2 2 2 2 2 2 2 1088415907 1088415907 1088415907 1088415907 1088415907 1088415907 1088415907 1088415907 1088415907 1088415907 1088415907 1088415907 1088415907 1088415907 1088415907 1088415907 1088415907 1088415907 0 0 0 0 0 0 0 0 0
1075978574 1075978574 1075978574 1075978574 1075978574 1075978574 1075978574 1075978574 1075978574 0 0 0 0 0 0 0 0 0 1075978574 2 0 5 1 1 5 6 1 7 6 1075978574 1075978574 1075978574 1075978574 1075978574 1075978574 1075978574 1075978574 1075978574 1075978574 1075978574 1075978574 1075978574 1075978574 1075978574 1075978574 1075978574 1075978574 0 0 0 0 0 0 0 0 0
3229621430 1076166435 1079459171 3224501427 2143289344 3226211957 1070787353 1078520967 3222198050 1075013787 1060882262 3213107256 3227124628 1078774069 1081638698 3220078281 3221732645 1059239451 1074673316 5 3 0 7 4 1 8 8 5 6 1075013787 1076166435 1079459171 3224501427 2143289344 3226211957 1070787353 1078520967 3222198050 1075013787 1076166435 1079459171 3224501427 2143289344 3226211957 1070787353 1078520967 3222198050 4 0 0 0 0 0 0 0 0
1078017843 1076550705 3204710764 1069290852 3175332102 3202834769 1083836374 1083134238 3227822642 1071166221 1073979289 3216793742 3230348395 1022925913 1073986948 3226704896 3222387715 3224714188 2143289344 2 4 4 1 7 0 5 6 3 5 1078017843 1076550705 3204710764 1069290852 3175332102 3202834769 1083836374 1083134238 3227822642 1078017843 1076550705 3204710764 1069290852 3175332102 3202834769 1083836374 1083134238 3227822642 0 0 0 0 0 0 0 0 0
2139095040 2139095040 2139095040 2139095040 2139095040 2139095040 2139095040 2139095040 2139095040 3216094152 3231373968 3224653437 3221868077 3220225587 1080398919 3226158418 3230115812 1084125400 1051278698 4 2 7 6 5 6 5 6 6 7 3216094152 2139095040 2139095040 2139095040 2139095040 2139095040 2139095040 2139095040 2139095040 3216094152 2139095040 2139095040 2139095040 2139095040 2139095040 2139095040 2139095040 2139095040 3 0 0 0 0 0 0 0 0
1023089960 1023089960 1023089960 1023089960 1023089960 1023089960 1023089960 1023089960 1023089960 0 0 0 0 0 0 0 0 0 1014701352 2 255 255 255 255 255 255 255 255 255 0 0 0 0 0 0 0 0 0 0 0 0 0 0 0 0 0 0 0 0 0 0 0 0 0 0 0
1086198095 1086198095 1086198095 1086198095 1086198095 1086198095 1086198095 1086198095 1086198095 0 0 0 0 0 0 0 0 0 1077809487 0 5 6 4 8 6 5 8 1 2 1086198095 1086198095 1086198095 1086198095 1086198095 1086198095 1086198095 1086198095 1086198095 1086198095 1086198095 1086198095 1086198095 1086198095 1086198095 1086198095 1086198095 1086198095 0 0 0 0 0 0 0 0 0
3228292091 1075402329 3230036921 3209291184 1075792959 3230965751 3227906544 1052875594 3231675497 1021591241 1071634078 3223554921 1080977025 1058940299 3217280010 1074866711 3223842777 1074983374 1048984708 3 1 4 4 6 0 3 2 3 4 1021591241 1075402329 3230036921 3209291184 1058940299 3230965751 3227906544 1052875594 3231675497 1021591241 1075402329 3230036921 3209291184 1058940299 3230965751 3227906544 1052875594 3231675497 2 0 0 0 1 0 0 0 0
3221925311 1076338565 1064012486 1082207037 1083825370 1062350001 3225386673 1076845446 1078936764 3221925311 1076338565 1064012486 1082207037 1083825370 1062350001 3225386673 1076845446 1078936764 1076892202 1 6 0 3 8 7 0 0 6 1 3221925311 1076338565 1064012486 1082207037 1083825370 1062350001 3225386673 1076845446 1078936764 3221925311 1076338565 1064012486 1082207037 1083825370 1062350001 3225386673 1076845446 1078936764 0 0 0 0 0 0 0 0 0
1085740926 1085740926 1085740926 1085740926 1085740926 1085740926 1085740926 1085740926 1085740926 0 0 0 0 0 0 0 0 0 1077352318 3 1 1 1 1 1 1 1 1 1 0 0 0 0 0 0 0 0 0 0 0 0 0 0 0 0 0 0 2 2 2 2 2 2 2 2 2
1068565368 1068565368 1068565368 1068565368 1068565368 1068565368 1068565368 1068565368 1068565368 0 0 0 0 0 0 0 0 0 1060176760 3 2 2 2 2 2 2 2 2 2 1068565368 1068565368 1068565368 1068565368 1068565368 1068565368 1068565368 1068565368 1068565368 1068565368 1068565368 1068565368 1068565368 1068565368 1068565368 1068565368 1068565368 1068565368 0 0 0 0 0 0 0 0 0
1078835452 1078835452 1078835452 1078835452 1078835452 1078835452 1078835452 1078835452 1078835452 0 0 0 0 0 0 0 0 0 1078835452 2 1 3 7 7 6 5 8 4 7 1078835452 1078835452 1078835452 1078835452 1078835452 1078835452 1078835452 1078835452 1078835452 1078835452 1078835452 1078835452 1078835452 1078835452 1078835452 1078835452 1078835452 1078835452 0 0 0 0 0 0 0 0 0
3217915784 3207366065 1069110977 1069049605 2143289344 1074162646 3216702660 1081712197 1065921669 3230400258 1057836783 1084044390 3212165091 1081888404 1069851442 1060617454 1081875968 1072184810 1067836572 5 6 2 6 0 3 5 3 3 8 3217915784 3207366065 1069110977 3212165091 2143289344 1074162646 1060617454 1081712197 1065921669 3217915784 3207366065 1069110977 3212165091 2143289344 1074162646 1060617454 1081712197 1065921669 0 0 0 1 0 0 4 0 0
3223655910 3230012427 3225803445 1070292004 3182458178 3216103934 3221932217 3213010399 1076538850 1070391253 1059534889 1067003335 1081904300 1078615346 1060824162 3231367932 1071748035 1079120081 2143289344 1 5 4 6 8 8 7 5 4 7 3223655910 3230012427 3225803445 1070292004 3182458178 3216103934 3221932217 3213010399 1076538850 3223655910 3230012427 3225803445 1070292004 3182458178 3216103934 3221932217 3213010399 1076538850 0 0 0 0 0 0 0 0 0
2139095040 2139095040 2139095040 2139095040 2139095040 2139095040 2139095040 2139095040 2139095040 3196260405 1052903566 3224507147 3222182974 1076912331 3227182596 1082020421 1069929806 3225551491 1075128280 1 3 6 5 4 7 5 6 6 1 2139095040 2139095040 2139095040 2139095040 2139095040 2139095040 2139095040 2139095040 2139095040 2139095040 2139095040 2139095040 2139095040 2139095040 2139095040 2139095040 2139095040 2139095040 0 0 0 0 0 0 0 0 0
1088826496 1088826496 1088826496 1088826496 1088826496 1088826496 1088826496 1088826496 1088826496 0 0 0 0 0 0 0 0 0 1080437888 1 255 255 255 255 255 255 255 255 255 0 0 0 0 0 0 0 0 0 0 0 0 0 0 0 0 0 0 0 0 0 0 0 0 0 0 0
1073753276 1073753276 1073753276 1073753276 1073753276 1073753276 1073753276 1073753276 1073753276 0 0 0 0 0 0 0 0 0 1065364668 0 4 3 5 1 6 4 2 4 2 1073753276 1073753276 1073753276 1073753276 1073753276 1073753276 1073753276 1073753276 1073753276 1073753276 1073753276 1073753276 1073753276 1073753276 1073753276 1073753276 1073753276 1073753276 0 0 0 0 0 0 0 0 0
3229639991 3214667752 3227647265 3209736661 3227491034 3228522249 3213245581 3230256589 3212220232 3228785945 1065380925 1084186115 1080390480 3206165336 1083958280 1084127127 1069609203 1058301159 1057332465 5 1 2 0 8 8 0 5 8 4 3229639991 1065380925 1084186115 3209736661 3227491034 1083958280 3213245581 3230256589 3212220232 3229639991 1065380925 1084186115 3209736661 3227491034 1083958280 3213245581 3230256589 3212220232 0 3 1 0 0 1 0 0 0
1032101823 1084046403 3222149846 1073136346 3205266199 3212079964 3226782813 3224725105 1083879205 1032101823 1084046403 3222149846 1073136346 3205266199 3212079964 3226782813 3224725105 1083879205 1079397884 3 2 2 1 8 2 2 3 7 8 1032101823 1084046403 3222149846 1073136346 3205266199 3212079964 3226782813 3224725105 1083879205 1032101823 1084046403 3222149846 1073136346 3205266199 3212079964 3226782813 3224725105 1083879205 0 0 0 0 0 0 0 0 0
1089764789 1089764789 1089764789 1089764789 1089764789 1089764789 1089764789 1089764789 1089764789 0 0 0 0 0 0 0 0 0 1081376181 3 1 1 1 1 1 1 1 1 1 0 0 0 0 0 0 0 0 0 0 0 0 0 0 0 0 0 0 2 2 2 2 2 2 2 2 2
1072403697 1072403697 1072403697 1072403697 1072403697 1072403697 1072403697 1072403697 1072403697 0 0 0 0 0 0 0 0 0 1064015089 3 2 2 2 2 2 2 2 2 2 1072403697 1072403697 1072403697 1072403697 1072403697 1072403697 1072403697 1072403697 1072403697 1072403697 1072403697 1072403697 1072403697 1072403697 1072403697 1072403697 1072403697 1072403697 0 0 0 0 0 0 0 0 0
1060883547 1060883547 1060883547 1060883547 1060883547 1060883547 1060883547 1060883547 1060883547 0 0 0 0 0 0 0 0 0 1060883547 2 0 0 1 2 2 1 7 7 4 1060883547 1060883547 1060883547 1060883547 1060883547 1060883547 1060883547 1060883547 1060883547 1060883547 1060883547 1060883547 1060883547 1060883547 1060883547 1060883547 1060883547 1060883547 0 0 0 0 0 0 0 0 0
3202473858 1066854149 1083509385 1050667418 2143289344 3202389200 1068076344 1080053264 1072155369 3226479955 1077734540 1063876690 3179257137 3227933419 3225587933 1083936087 3197134255 3220129743 1070190619 4 4 1 4 7 2 1 1 5 6 3202473858 1077734540 1083509385 1050667418 2143289344 3225587933 1083936087 1080053264 1072155369 3202473858 1077734540 1083509385 1050667418 2143289344 3225587933 1083936087 1080053264 1072155369 0 2 0 0 0 2 2 0 0
3226670047 1061234299 3211493254 3217882421 1080420940 3228919649 1072650876 3227661976 1070913528 3226714384 1084125373 3222469777 1071827982 3220612059 3185585880 3210363094 1069717913 3228950133 2143289344 1 8 6 8 1 2 4 7 7 5 3226670047 1061234299 3211493254 3217882421 1080420940 3228919649 1072650876 3227661976 1070913528 3226670047 1061234299 3211493254 3217882421 1080420940 3228919649 1072650876 3227661976 1070913528 0 0 0 0 0 0 0 0 0
2139095040 2139095040 2139095040 2139095040 2139095040 2139095040 2139095040 2139095040 2139095040 3228035967 3230627512 1081165113 1061340420 3224406816 3230370333 1057680654 3230257187 3229777051 1066884410 5 7 2 7 8 8 6 5 0 6 2139095040 3230627512 2139095040 2139095040 2139095040 2139095040 2139095040 3230257187 2139095040 2139095040 3230627512 2139095040 2139095040 2139095040 2139095040 2139095040 3230257187 2139095040 0 3 0 0 0 0 0 1 0
1089861163 1089861163 1089861163 1089861163 1089861163 1089861163 1089861163 1089861163 1089861163 0 0 0 0 0 0 0 0 0 1081472555 3 255 255 255 255 255 255 255 255 255 0 0 0 0 0 0 0 0 0 0 0 0 0 0 0 0 0 0 0 0 0 0 0 0 0 0 0
1082346293 1082346293 1082346293 1082346293 1082346293 1082346293 1082346293 1082346293 1082346293 0 0 0 0 0 0 0 0 0 1073957685 0 4 0 6 6 5 3 1 6 4 1082346293 1082346293 1082346293 1082346293 1082346293 1082346293 1082346293 1082346293 1082346293 1082346293 1082346293 1082346293 1082346293 1082346293 1082346293 1082346293 1082346293 1082346293 0 0 0 0 0 0 0 0 0
1082976617 1069313986 3230627269 3204026148 3217889415 3209737078 3222777231 1076971228 3223735947 1083365941 1080483659 1063690686 3201060807 1078433715 3222479999 3223348450 1076493051 1049174240 1066268553 5 8 0 5 6 3 3 5 1 5 1082976617 1080483659 3230627269 3204026148 1078433715 3222479999 3222777231 1076971228 3223735947 1082976617 1080483659 3230627269 3204026148 1078433715 3222479999 3222777231 1076971228 3223735947 0 1 0 0 4 4 0 0 0
1040664047 1072409055 3229785595 1064166368 3231485976 1078312596 3224077454 3229837070 1080083775 1040664047 1072409055 3229785595 1064166368 3231485976 1078312596 3224077454 3229837070 1080083775 1078896792 1 2 4 2 2 3 8 5 3 0 1040664047 1072409055 3229785595 1064166368 3231485976 1078312596 3224077454 3229837070 1080083775 1040664047 1072409055 3229785595 1064166368 3231485976 1078312596 3224077454 3229837070 1080083775 0 0 0 0 0 0 0 0 0
1084632228 1084632228 1084632228 1084632228 1084632228 1084632228 1084632228 1084632228 1084632228 0 0 0 0 0 0 0 0 0 1076243620 3 1 1 1 1 1 1 1 1 1 0 0 0 0 0 0 0 0 0 0 0 0 0 0 0 0 0 0 2 2 2 2 2 2 2 2 2
1077556865 1077556865 1077556865 1077556865 1077556865 1077556865 1077556865 1077556865 1077556865 0 0 0 0 0 0 0 0 0 1069168257 3 2 2 2 2 2 2 2 2 2 1077556865 1077556865 1077556865 1077556865 1077556865 1077556865 1077556865 1077556865 1077556865 1077556865 1077556865 1077556865 1077556865 1077556865 1077556865 1077556865 1077556865 1077556865 0 0 0 0 0 0 0 0 0
1074463957 1074463957 1074463957 1074463957 1074463957 1074463957 1074463957 1074463957 1074463957 0 0 0 0 0 0 0 0 0 1074463957 1 0 7 4 2 1 2 1 8 3 1074463957 1074463957 1074463957 1074463957 1074463957 1074463957 1074463957 1074463957 1074463957 1074463957 1074463957 1074463957 1074463957 1074463957 1074463957 1074463957 1074463957 1074463957 0 0 0 0 0 0 0 0 0
1071962866 3225152180 3205570687 1059298929 2143289344 3215861607 3171082559 3226809634 1047601444 3186652777 3205395299 1030003978 1077885611 1075153633 3223180376 3228497282 3218472440 3222218414 1080598024 2 1 5 7 2 0 1 5 2 0 1071962866 3225152180 3205570687 1059298929 2143289344 3215861607 3171082559 3226809634 1047601444 1071962866 3225152180 3205570687 1059298929 2143289344 3215861607 3171082559 3226809634 1047601444 0 0 0 0 0 0 0 0 0
3215356007 1079550828 3226750682 3226929810 1084098413 1079232186 1075402327 1077026503 1075637381 3215828227 1084219172 1082912248 3226926766 1071975954 1042070388 1076101908 1083664564 1082935791 2143289344 4 4 4 4 2 6 2 1 4 3 3215356007 1079550828 3226750682 3226929810 1084098413 1079232186 1075402327 1077026503 1075637381 3215356007 1079550828 3226750682 3226929810 1084098413 1079232186 1075402327 1077026503 1075637381 0 0 0 0 0 0 0 0 0
2139095040 2139095040 2139095040 2139095040 2139095040 2139095040 2139095040 2139095040 2139095040 3214204182 3211079882 3201748477 3227186438 1079637214 3213219186 3230391329 3230816715 3231554184 1070390287 4 7 8 3 1 6 5 4 1 7 2139095040 2139095040 2139095040 3227186438 2139095040 2139095040 2139095040 3230816715 2139095040 2139095040 2139095040 2139095040 3227186438 2139095040 2139095040 2139095040 3230816715 2139095040 0 0 0 2 0 0 0 2 0
1066269818 1066269818 1066269818 1066269818 1066269818 1066269818 1066269818 1066269818 1066269818 0 0 0 0 0 0 0 0 0 1057881210 5 255 255 255 255 255 255 255 255 255 0 0 0 0 0 0 0 0 0 0 0 0 0 0 0 0 0 0 0 0 0 0 0 0 0 0 0
1055444460 1055444460 1055444460 1055444460 1055444460 1055444460 1055444460 1055444460 1055444460 0 0 0 0 0 0 0 0 0 1047055852 0 6 8 1 1 2 5 0 2 0 1055444460 1055444460 1055444460 1055444460 1055444460 1055444460 1055444460 1055444460 1055444460 1055444460 1055444460 1055444460 1055444460 1055444460 1055444460 1055444460 1055444460 1055444460 0 0 0 0 0 0 0 0 0
1058649296 3229419049 3230555357 1083369160 3204454497 3230394224 3216224392 3226947795 3228015071 3225532924 3214519863 1060203653 3220007553 3198972503 1056244575 1073817309 3218649019 3230941568 1060289472 3 2 3 1 1 8 8 5 1 0 1058649296 3229419049 1060203653 3220007553 3204454497 3230394224 3216224392 3218649019 3230941568 1058649296 3229419049 1060203653 3220007553 3204454497 3230394224 3216224392 3218649019 3230941568 0 0 2 2 0 0 0 2 1
1082983481 3230724047 1079479799 1069431370 3215905962 1075259818 3207945863 1067125400 3223432164 1082983481 3230724047 1079479799 1069431370 3215905962 1075259818 3207945863 1067125400 3223432164 1073089024 3 2 5 5 2 7 0 7 1 6 1082983481 3230724047 1079479799 1069431370 3215905962 1075259818 3207945863 1067125400 3223432164 1082983481 3230724047 1079479799 1069431370 3215905962 1075259818 3207945863 1067125400 3223432164 0 0 0 0 0 0 0 0 0
1085181938 1085181938 1085181938 1085181938 1085181938 1085181938 1085181938 1085181938 1085181938 0 0 0 0 0 0 0 0 0 1076793330 3 1 1 1 1 1 1 1 1 1 0 0 0 0 0 0 0 0 0 0 0 0 0 0 0 0 0 0 2 2 2 2 2 2 2 2 2
1073838779 1073838779 1073838779 1073838779 1073838779 1073838779 1073838779 1073838779 1073838779 0 0 0 0 0 0 0 0 0 1065450171 3 2 2 2 2 2 2 2 2 2 1073838779 1073838779 1073838779 1073838779 1073838779 1073838779 1073838779 1073838779 1073838779 1073838779 1073838779 1073838779 1073838779 1073838779 1073838779 1073838779 1073838779 1073838779 0 0 0 0 0 0 0 0 0
1060920068 1060920068 1060920068 1060920068 1060920068 1060920068 1060920068 1060920068 1060920068 0 0 0 0 0 0 0 0 0 1060920068 4 4 8 6 4 2 1 5 7 4 1060920068 1060920068 1060920068 1060920068 1060920068 1060920068 1060920068 1060920068 1060920068 1060920068 1060920068 1060920068 1060920068 1060920068 1060920068 1060920068 1060920068 1060920068 0 0 0 0 0 0 0 0 0
1082382986 1069455488 1070366713 3218268682 2143289344 3200294052 1065650900 3229258001 1045232642 1078764721 1083021656 3221961023 1066322878 1082907704 3213367133 3223304956 3221674727 1062584553 1073744625 5 1 8 5 8 5 6 7 7 6 1082382986 1069455488 1070366713 3218268682 2143289344 3200294052 1065650900 3229258001 1045232642 1082382986 1069455488 1070366713 3218268682 2143289344 3200294052 1065650900 3229258001 1045232642 0 0 0 0 0 0 0 0 0
3167261353 3224680098 3226642122 1080452116 1021925601 1058032715 3212984544 1070889680 3207746158 3222893245 3228083471 1065544426 3221276998 1074743369 3224629263 1002778688 3230626314 3215714165 2143289344 2 0 6 0 3 0 6 2 4 1 3167261353 3224680098 3226642122 1080452116 1021925601 1058032715 3212984544 1070889680 3207746158 3167261353 3224680098 3226642122 1080452116 1021925601 1058032715 3212984544 1070889680 3207746158 0 0 0 0 0 0 0 0 0
2139095040 2139095040 2139095040 2139095040 2139095040 2139095040 2139095040 2139095040 2139095040 1082685619 1083449313 1067068626 1079856624 1059899333 3217480802 1068081317 1074411976 1063731516 1049343577 2 6 4 8 8 4 1 1 0 2 2139095040 2139095040 2139095040 2139095040 2139095040 2139095040 2139095040 1074411976 2139095040 2139095040 2139095040 2139095040 2139095040 2139095040 2139095040 2139095040 1074411976 2139095040 0 0 0 0 0 0 0 1 0
1086193051 1086193051 1086193051 1086193051 1086193051 1086193051 1086193051 1086193051 1086193051 0 0 0 0 0 0 0 0 0 1077804443 5 255 255 255 255 255 255 255 255 255 0 0 0 0 0 0 0 0 0 0 0 0 0 0 0 0 0 0 0 0 0 0 0 0 0 0 0
1087256423 1087256423 1087256423 1087256423 1087256423 1087256423 1087256423 1087256423 1087256423 0 0 0 0 0 0 0 0 0 1078867815 0 7 3 6 4 5 8 3 1 8 1087256423 1087256423 1087256423 1087256423 1087256423 1087256423 1087256423 1087256423 1087256423 1087256423 1087256423 1087256423 1087256423 1087256423 1087256423 1087256423 1087256423 1087256423 0 0 0 0 0 0 0 0 0
1075685624 1066176828 3196159984 3229730459 3231261869 1058069653 1075226011 1062379381 1075001140 1083170207 1076293724 1078335032 3221263180 1078309505 1075932443 1081921533 3230194132 3226466167 1052484042 1 4 1 4 2 6 7 7 8 0 1075685624 1066176828 3196159984 3229730459 3231261869 1058069653 1075226011 1062379381 1075001140 1075685624 1066176828 3196159984 3229730459 3231261869 1058069653 1075226011 1062379381 1075001140 0 0 0 0 0 0 0 0 0
3223460776 3223887885 3208206974 1066657872 1081671519 1052530660 1060788075 3230757745 1075223603 3223460776 3223887885 3208206974 1066657872 1081671519 1052530660 1060788075 3230757745 1075223603 1074188813 3 3 1 8 2 4 4 4 3 0 3223460776 3223887885 3208206974 1066657872 1081671519 1052530660 1060788075 3230757745 1075223603 3223460776 3223887885 3208206974 1066657872 1081671519 1052530660 1060788075 3230757745 1075223603 0 0 0 0 0 0 0 0 0
1088466128 1088466128 1088466128 1088466128 1088466128 1088466128 1088466128 1088466128 1088466128 0 0 0 0 0 0 0 0 0 1080077520 3 1 1 1 1 1 1 1 1 1 0 0 0 0 0 0 0 0 0 0 0 0 0 0 0 0 0 0 2 2 2 2 2 2 2 2 2
1083398893 1083398893 1083398893 1083398893 1083398893 1083398893 1083398893 1083398893 1083398893 0 0 0 0 0 0 0 0 0 1075010285 3 2 2 2 2 2 2 2 2 2 1083398893 1083398893 1083398893 1083398893 1083398893 1083398893 1083398893 1083398893 1083398893 1083398893 1083398893 1083398893 1083398893 1083398893 1083398893 1083398893 1083398893 1083398893 0 0 0 0 0 0 0 0 0
1048449342 1048449342 1048449342 1048449342 1048449342 1048449342 1048449342 1048449342 1048449342 0 0 0 0 0 0 0 0 0 1048449342 3 3 0 6 5 4 2 1 5 3 1048449342 1048449342 1048449342 1048449342 1048449342 1048449342 1048449342 1048449342 1048449342 1048449342 1048449342 1048449342 1048449342 1048449342 1048449342 1048449342 1048449342 1048449342 0 0 0 0 0 0 0 0 0
3224863264 3203304245 3213354436 1083799008 2143289344 3205748841 1042994856 3209522316 3226680030 1083668208 3221438295 1065834931 3226561447 3225962064 1071157858 1054960588 3230221111 3219536153 1071073649 2 2 5 2 5 3 3 1 6 8 3224863264 3203304245 3213354436 1083799008 2143289344 3205748841 1042994856 3209522316 3226680030 3224863264 3203304245 3213354436 1083799008 2143289344 3205748841 1042994856 3209522316 3226680030 0 0 0 0 0 0 0 0 0
3230105477 3222755794 3230842178 3213449932 1074728139 3214143276 3230509538 1071275141 1082611930 1084066311 1076793976 1081589388 3224150204 3222161713 1082591787 1078206042 3200292820 3215483317 2143289344 4 2 0 1 0 5 1 8 5 1 3230105477 3222755794 3230842178 3213449932 1074728139 3214143276 3230509538 1071275141 1082611930 3230105477 3222755794 3230842178 3213449932 1074728139 3214143276 3230509538 1071275141 1082611930 0 0 0 0 0 0 0 0 0
2139095040 2139095040 2139095040 2139095040 2139095040 2139095040 2139095040 2139095040 2139095040 3224132888 1058025436 1079801712 1084227299 3213836882 1066773874 1031916679 3231037654 3210047463 1080480147 5 0 0 3 6 2 2 3 4 2 3224132888 1058025436 1079801712 2139095040 3213836882 1066773874 1031916679 2139095040 3210047463 3224132888 1058025436 1079801712 2139095040 3213836882 1066773874 1031916679 2139095040 3210047463 1 1 4 0 3 3 4 0 3
1085842964 1085842964 1085842964 1085842964 1085842964 1085842964 1085842964 1085842964 1085842964 0 0 0 0 0 0 0 0 0 1077454356 4 255 255 255 255 255 255 255 255 255 0 0 0 0 0 0 0 0 0 0 0 0 0 0 0 0 0 0 0 0 0 0 0 0 0 0 0
1089537731 1089537731 1089537731 1089537731 1089537731 1089537731 1089537731 1089537731 1089537731 0 0 0 0 0 0 0 0 0 1081149123 0 3 1 2 7 5 6 6 8 1 1089537731 1089537731 1089537731 1089537731 1089537731 1089537731 1089537731 1089537731 1089537731 1089537731 1089537731 1089537731 1089537731 1089537731 1089537731 1089537731 1089537731 1089537731 0 0 0 0 0 0 0 0 0
3229159877 1046781892 3230090895 3231628810 1083894152 3216139151 3230852651 1079200658 1084187450 3231026533 3214070965 3225668175 3223266356 1075759324 3227152244 3224505671 3222081954 3210706499 1074033811 2 7 7 6 7 1 4 6 4 6 3229159877 1046781892 3230090895 3231628810 1083894152 3216139151 3230852651 1079200658 1084187450 3229159877 1046781892 3230090895 3231628810 1083894152 3216139151 3230852651 1079200658 1084187450 0 0 0 0 0 0 0 0 0
1076340250 3229170165 3218278227 3192701794 1071699729 1041954890 1074359132 3203371790 1080382735 1076340250 3229170165 3218278227 3192701794 1071699729 1041954890 1074359132 3203371790 1080382735 1046305629 5 3 6 2 1 5 3 7 1 0 1076340250 3229170165 3218278227 3192701794 1071699729 1041954890 1074359132 3203371790 1080382735 1076340250 3229170165 3218278227 3192701794 1071699729 1041954890 1074359132 3203371790 1080382735 0 0 0 0 0 0 0 0 0
1077350738 1077350738 1077350738 1077350738 1077350738 1077350738 1077350738 1077350738 1077350738 0 0 0 0 0 0 0 0 0 1068962130 3 1 1 1 1 1 1 1 1 1 0 0 0 0 0 0 0 0 0 0 0 0 0 0 0 0 0 0 2 2 2 2 2 2 2 2 2
1072541649 1072541649 1072541649 1072541649 1072541649 1072541649 1072541649 1072541649 1072541649 0 0 0 0 0 0 0 0 0 1064153041 3 2 2 2 2 2 2 2 2 2 1072541649 1072541649 1072541649 1072541649 1072541649 1072541649 1072541649 1072541649 1072541649 1072541649 1072541649 1072541649 1072541649 1072541649 1072541649 1072541649 1072541649 1072541649 0 0 0 0 0 0 0 0 0
1074996153 1074996153 1074996153 1074996153 1074996153 1074996153 1074996153 1074996153 1074996153 0 0 0 0 0 0 0 0 0 1074996153 5 2 5 1 5 6 7 7 2 1 1074996153 1074996153 1074996153 1074996153 1074996153 1074996153 1074996153 1074996153 1074996153 1074996153 1074996153 1074996153 1074996153 1074996153 1074996153 1074996153 1074996153 1074996153 0 0 0 0 0 0 0 0 0
3229953586 3228563841 1074490442 3229686149 2143289344 3214964597 1080036933 1076328033 1066193336 3223275365 3220209598 1069552434 1080588284 1080592358 1082070960 1064890665 3208587186 3195845595 1080457335 3 2 5 4 4 4 4 1 2 8 3229953586 3228563841 1074490442 3229686149 2143289344 3214964597 1080036933 1076328033 1066193336 3229953586 3228563841 1074490442 3229686149 2143289344 3214964597 1080036933 1076328033 1066193336 0 0 0 0 0 0 0 0 0
3226436467 3207104412 1071341479 1083593592 3220479103 3228559249 3231610850 3200263900 1063471674 1070127311 1077591954 3227343445 1073938826 1079379595 3219303489 1065731135 1080470274 3231174118 2143289344 4 0 7 2 8 6 6 4 0 3 3226436467 3207104412 1071341479 1083593592 3220479103 3228559249 3231610850 3200263900 1063471674 3226436467 3207104412 1071341479 1083593592 3220479103 3228559249 3231610850 3200263900 1063471674 0 0 0 0 0 0 0 0 0
2139095040 2139095040 2139095040 2139095040 2139095040 2139095040 2139095040 2139095040 2139095040 1068113521 3230590606 3225653656 3228625388 3231488770 3221451948 1075956108 3221529645 1081881873 1067557949 1 5 1 6 5 6 7 6 5 4 2139095040 2139095040 2139095040 2139095040 2139095040 2139095040 2139095040 2139095040 2139095040 2139095040 2139095040 2139095040 2139095040 2139095040 2139095040 2139095040 2139095040 2139095040 0 0 0 0 0 0 0 0 0
1082719215 1082719215 1082719215 1082719215 1082719215 1082719215 1082719215 1082719215 1082719215 0 0 0 0 0 0 0 0 0 1074330607 5 255 255 255 255 255 255 255 255 255 0 0 0 0 0 0 0 0 0 0 0 0 0 0 0 0 0 0 0 0 0 0 0 0 0 0 0
1084255881 1084255881 1084255881 1084255881 1084255881 1084255881 1084255881 1084255881 1084255881 0 0 0 0 0 0 0 0 0 1075867273 0 5 1 1 3 7 5 2 7 0 1084255881 1084255881 1084255881 1084255881 1084255881 1084255881 1084255881 1084255881 1084255881 1084255881 1084255881 1084255881 1084255881 1084255881 1084255881 1084255881 1084255881 1084255881 0 0 0 0 0 0 0 0 0
3221632404 3223892164 3223502592 3228696992 3230334876 3230695302 1075692644 3230472786 1064701756 1073022550 3211372976 3223867559 3222699042 1059179110 3228311430 1037523535 1082071221 1083434384 1064638448 4 6 6 6 0 2 2 2 0 1 3221632404 3223892164 3223502592 3222699042 1059179110 3230695302 1037523535 1082071221 1083434384 3221632404 3223892164 3223502592 3222699042 1059179110 3230695302 1037523535 1082071221 1083434384 0 0 0 1 3 0 3 1 2
1064329532 1046381979 1036926145 3212968809 1075657752 3225541152 1075730178 3212135825 3203340807 1064329532 1046381979 1036926145 3212968809 1075657752 3225541152 1075730178 3212135825 3203340807 1077733060 2 2 6 5 4 7 1 0 5 1 1064329532 1046381979 1036926145 3212968809 1075657752 3225541152 1075730178 3212135825 3203340807 1064329532 1046381979 1036926145 3212968809 1075657752 3225541152 1075730178 3212135825 3203340807 0 0 0 0 0 0 0 0 0
1084259156 1084259156 1084259156 1084259156 1084259156 1084259156 1084259156 1084259156 1084259156 0 0 0 0 0 0 0 0 0 1075870548 3 1 1 1 1 1 1 1 1 1 0 0 0 0 0 0 0 0 0 0 0 0 0 0 0 0 0 0 2 2 2 2 2 2 2 2 2
1085855913 1085855913 1085855913 1085855913 1085855913 1085855913 1085855913 1085855913 1085855913 0 0 0 0 0 0 0 0 0 1077467305 3 2 2 2 2 2 2 2 2 2 1085855913 1085855913 1085855913 1085855913 1085855913 1085855913 1085855913 1085855913 1085855913 1085855913 1085855913 1085855913 1085855913 1085855913 1085855913 1085855913 1085855913 1085855913 0 0 0 0 0 0 0 0 0
1076875171 1076875171 1076875171 1076875171 1076875171 1076875171 1076875171 1076875171 1076875171 0 0 0 0 0 0 0 0 0 1076875171 4 1 8 2 7 3 4 8 0 3 1076875171 1076875171 1076875171 1076875171 1076875171 1076875171 1076875171 1076875171 1076875171 1076875171 1076875171 1076875171 1076875171 1076875171 1076875171 1076875171 1076875171 1076875171 0 0 0 0 0 0 0 0 0
3191122689 3231436275 3204581389 3229949208 2143289344 1074806710 3226404022 1071468898 1035923009 1079165349 3228418570 3230348562 3215618986 1033433538 1081349220 3229125315 3204031678 1082907974 1066497503 5 2 0 7 5 7 6 4 3 2 1079165349 3228418570 3204581389 3229949208 2143289344 1074806710 3226404022 3204031678 1082907974 1079165349 3228418570 3204581389 3229949208 2143289344 1074806710 3226404022 3204031678 1082907974 3 1 0 0 0 0 0 4 3
1073801466 3218014412 3229648171 3208503326 1062584799 1076880978 3215657763 1043561946 3213778947 3212939321 1072178365 3231535385 1082433107 3214263364 1065150571 3222407725 1065524011 1071096220 2143289344 3 4 8 0 2 1 1 4 1 8 1073801466 3218014412 3229648171 3208503326 1062584799 1076880978 3215657763 1043561946 3213778947 1073801466 3218014412 3229648171 3208503326 1062584799 1076880978 3215657763 1043561946 3213778947 0 0 0 0 0 0 0 0 0
2139095040 2139095040 2139095040 2139095040 2139095040 2139095040 2139095040 2139095040 2139095040 3222711783 1081750134 1072056875 3223081278 1081706434 1077359351 1084023139 1077200686 3228553576 1070983580 3 0 4 0 3 1 2 4 6 1 3222711783 2139095040 1072056875 2139095040 1081706434 2139095040 2139095040 2139095040 3228553576 3222711783 2139095040 1072056875 2139095040 1081706434 2139095040 2139095040 2139095040 3228553576 1 0 1 0 2 0 0 0 2
1065361187 1065361187 1065361187 1065361187 1065361187 1065361187 1065361187 1065361187 1065361187 0 0 0 0 0 0 0 0 0 1056972579 3 255 255 255 255 255 255 255 255 255 0 0 0 0 0 0 0 0 0 0 0 0 0 0 0 0 0 0 0 0 0 0 0 0 0 0 0
1090348719 1090348719 1090348719 1090348719 1090348719 1090348719 1090348719 1090348719 1090348719 0 0 0 0 0 0 0 0 0 1081960111 0 5 4 5 3 3 0 2 2 3 1090348719 1090348719 1090348719 1090348719 1090348719 1090348719 1090348719 1090348719 1090348719 1090348719 1090348719 1090348719 1090348719 1090348719 1090348719 1090348719 1090348719 1090348719 0 0 0 0 0 0 0 0 0
1033322853 1076633776 1073972287 3224331134 1080950006 1065500073 3225139175 3214110169 3223483622 1080549490 3230698619 3218815087 3230833994 3223208813 1066542848 1072323297 3222223422 1083002700 1074608785 2 0 4 2 6 5 0 6 0 8 1080549490 1076633776 1073972287 3224331134 1080950006 1065500073 3225139175 3214110169 3223483622 1080549490 1076633776 1073972287 3224331134 1080950006 1065500073 3225139175 3214110169 3223483622 1 0 0 0 0 0 0 0 0
3231331499 3231397866 3226894296 3227049207 1081338327 3228470499 1024548725 1079427587 1080484606 3231331499 3231397866 3226894296 3227049207 1081338327 3228470499 1024548725 1079427587 1080484606 1075912198 5 4 2 6 2 0 2 0 3 0 3231331499 3231397866 3226894296 3227049207 1081338327 3228470499 1024548725 1079427587 1080484606 3231331499 3231397866 3226894296 3227049207 1081338327 3228470499 1024548725 1079427587 1080484606 0 0 0 0 0 0 0 0 0
1075254893 1075254893 1075254893 1075254893 1075254893 1075254893 1075254893 1075254893 1075254893 0 0 0 0 0 0 0 0 0 1066866285 3 1 1 1 1 1 1 1 1 1 0 0 0 0 0 0 0 0 0 0 0 0 0 0 0 0 0 0 2 2 2 2 2 2 2 2 2
1082970741 1082970741 1082970741 1082970741 1082970741 1082970741 1082970741 1082970741 1082970741 0 0 0 0 0 0 0 0 0 1074582133 3 2 2 2 2 2 2 2 2 2 1082970741 1082970741 1082970741 1082970741 1082970741 1082970741 1082970741 1082970741 1082970741 1082970741 1082970741 1082970741 1082970741 1082970741 1082970741 1082970741 1082970741 1082970741 0 0 0 0 0 0 0 0 0
1080186973 1080186973 1080186973 1080186973 1080186973 1080186973 1080186973 1080186973 1080186973 0 0 0 0 0 0 0 0 0 1080186973 4 7 6 6 6 6 6 6 3 2 1080186973 1080186973 1080186973 1080186973 1080186973 1080186973 1080186973 1080186973 1080186973 1080186973 1080186973 1080186973 1080186973 1080186973 1080186973 1080186973 1080186973 1080186973 0 0 0 0 0 0 0 0 0
1061405398 3224495959 1073423949 3230861802 2143289344 1066138170 3205221686 1076644061 1082846184 3228187214 1084171493 3225044453 1063974988 1081930575 1084052054 3225227338 1058532212 3226620072 1080090471 2 0 3 3 3 6 1 1 7 2 3228187214 3224495959 1073423949 3230861802 2143289344 1066138170 3205221686 1076644061 1082846184 3228187214 3224495959 1073423949 3230861802 2143289344 1066138170 3205221686 1076644061 1082846184 1 0 0 0 0 0 0 0 0
3216458988 1060082197 3202212567 1084195335 3230568125 3225142289 3230965159 1043163290 3226607969 1073045255 1067150863 3231001904 1060977306 1073787713 3198403772 1082083986 1068087085 3230554383 2143289344 3 7 6 1 2 2 6 8 8 8 3216458988 1060082197 3202212567 1084195335 3230568125 3225142289 3230965159 1043163290 3226607969 3216458988 1060082197 3202212567 1084195335 3230568125 3225142289 3230965159 1043163290 3226607969 0 0 0 0 0 0 0 0 0
2139095040 2139095040 2139095040 2139095040 2139095040 2139095040 2139095040 2139095040 2139095040 1080114455 3231048982 3228632529 3225622664 1053947573 1059161878 1060673263 3230392391 1068997354 1049680255 2 3 6 6 8 8 4 6 0 0 2139095040 2139095040 2139095040 2139095040 2139095040 2139095040 2139095040 3230392391 1068997354 2139095040 2139095040 2139095040 2139095040 2139095040 2139095040 2139095040 3230392391 1068997354 0 0 0 0 0 0 0 1 1
1080355020 1080355020 1080355020 1080355020 1080355020 1080355020 1080355020 1080355020 1080355020 0 0 0 0 0 0 0 0 0 1071966412 4 255 255 255 255 255 255 255 255 255 0 0 0 0 0 0 0 0 0 0 0 0 0 0 0 0 0 0 0 0 0 0 0 0 0 0 0
1058327550 1058327550 1058327550 1058327550 1058327550 1058327550 1058327550 1058327550 1058327550 0 0 0 0 0 0 0 0 0 1049938942 0 8 5 7 3 5 1 2 7 3 1058327550 1058327550 1058327550 1058327550 1058327550 1058327550 1058327550 1058327550 1058327550 1058327550 1058327550 1058327550 1058327550 1058327550 1058327550 1058327550 1058327550 1058327550 0 0 0 0 0 0 0 0 0
3213781734 1081397185 1062162120 3223278782 3229554954 3225946777 1070595000 1074073353 1081657707 1074292150 3214017126 3223674434 3230156924 3224265849 1079680879 3189583824 1082585655 1059376059 1058065334 1 5 3 0 6 1 7 7 3 1 3213781734 1081397185 1062162120 3223278782 3229554954 3225946777 1070595000 1074073353 1081657707 3213781734 1081397185 1062162120 3223278782 3229554954 3225946777 1070595000 1074073353 1081657707 0 0 0 0 0 0 0 0 0
1079395408 3210513108 1057654214 1075574457 3229871823 3210723870 3191058988 1077419053 1074763595 1079395408 3210513108 1057654214 1075574457 3229871823 3210723870 3191058988 1077419053 1074763595 1071149490 1 0 6 0 2 7 2 2 8 2 1079395408 3210513108 1057654214 1075574457 3229871823 3210723870 3191058988 1077419053 1074763595 1079395408 3210513108 1057654214 1075574457 3229871823 3210723870 3191058988 1077419053 1074763595 0 0 0 0 0 0 0 0 0
1048072337 1048072337 1048072337 1048072337 1048072337 1048072337 1048072337 1048072337 1048072337 0 0 0 0 0 0 0 0 0 1039683729 3 1 1 1 1 1 1 1 1 1 0 0 0 0 0 0 0 0 0 0 0 0 0 0 0 0 0 0 2 2 2 2 2 2 2 2 2
1078140573 1078140573 1078140573 1078140573 1078140573 1078140573 1078140573 1078140573 1078140573 0 0 0 0 0 0 0 0 0 1069751965 3 2 2 2 2 2 2 2 2 2 1078140573 1078140573 1078140573 1078140573 1078140573 1078140573 1078140573 1078140573 1078140573 1078140573 1078140573 1078140573 1078140573 1078140573 1078140573 1078140573 1078140573 1078140573 0 0 0 0 0 0 0 0 0
1069412161 1069412161 1069412161 1069412161 1069412161 1069412161 1069412161 1069412161 1069412161 0 0 0 0 0 0 0 0 0 1069412161 4 3 1 1 8 8 2 8 0 5 1069412161 1069412161 1069412161 1069412161 1069412161 1069412161 1069412161 1069412161 1069412161 1069412161 1069412161 1069412161 1069412161 1069412161 1069412161 1069412161 1069412161 1069412161 0 0 0 0 0 0 0 0 0
3219510182 3175555490 1079877620 3224681743 2143289344 1074242742 3228547512 3212632049 3229965292 1041632427 3225620087 1043402297 1075883319 3190972682 1074203233 3225547524 1083164971 3208174494 1059878042 1 1 8 2 5 7 2 0 3 7 3219510182 3175555490 1079877620 3224681743 2143289344 1074242742 3228547512 3212632049 3229965292 3219510182 3175555490 1079877620 3224681743 2143289344 1074242742 3228547512 3212632049 3229965292 0 0 0 0 0 0 0 0 0
3222611835 3218500969 3228913054 3223178162 3215614273 1074491994 1079013409 1074679992 1081448943 1083562961 3229602483 1056947245 3231548097 1075825658 3231525990 1080502954 3196665612 3228458241 2143289344 2 8 4 8 7 4 1 1 0 2 3222611835 3218500969 3228913054 3223178162 3215614273 1074491994 1079013409 1074679992 1081448943 3222611835 3218500969 3228913054 3223178162 3215614273 1074491994 1079013409 1074679992 1081448943 0 0 0 0 0 0 0 0 0
2139095040 2139095040 2139095040 2139095040 2139095040 2139095040 2139095040 2139095040 2139095040 3231307840 3218131408 1035931425 1067292125 1083225066 1051205576 1069287143 1072597783 1075249449 1072946827 2 0 7 0 1 1 7 0 1 1 3231307840 2139095040 1035931425 2139095040 2139095040 2139095040 1069287143 2139095040 2139095040 3231307840 2139095040 1035931425 2139095040 2139095040 2139095040 1069287143 2139095040 2139095040 1 0 1 0 0 0 1 0 0
1072778420 1072778420 1072778420 1072778420 1072778420 1072778420 1072778420 1072778420 1072778420 0 0 0 0 0 0 0 0 0 1064389812 4 255 255 255 255 255 255 255 255 255 0 0 0 0 0 0 0 0 0 0 0 0 0 0 0 0 0 0 0 0 0 0 0 0 0 0 0
1084926369 1084926369 1084926369 1084926369 1084926369 1084926369 1084926369 1084926369 1084926369 0 0 0 0 0 0 0 0 0 1076537761 0 5 4 8 6 8 6 6 7 3 1084926369 1084926369 1084926369 1084926369 1084926369 1084926369 1084926369 1084926369 1084926369 1084926369 1084926369 1084926369 1084926369 1084926369 1084926369 1084926369 1084926369 1084926369 0 0 0 0 0 0 0 0 0
1079718561 1076145929 1067959877 3225243831 1078675137 1060398323 1077054975 1057449918 3231275078 3215180059 1070437203 1071381962 1082243521 1082668449 1076870062 3197687695 1063976622 3229688883 1074760176 3 2 2 1 7 2 0 7 4 1 1079718561 1076145929 1067959877 3225243831 1078675137 1060398323 1077054975 1057449918 3231275078 1079718561 1076145929 1067959877 3225243831 1078675137 1060398323 1077054975 1057449918 3231275078 0 0 0 0 0 0 0 0 0
3227174017 3226907274 3230146380 3224496127 1083662313 3227631319 3222865311 1078286980 1079793274 3227174017 3226907274 3230146380 3224496127 1083662313 3227631319 3222865311 1078286980 1079793274 1079045887 3 4 1 2 0 8 2 4 0 4 3227174017 3226907274 3230146380 3224496127 1083662313 3227631319 3222865311 1078286980 1079793274 3227174017 3226907274 3230146380 3224496127 1083662313 3227631319 3222865311 1078286980 1079793274 0 0 0 0 0 0 0 0 0
1086667954 1086667954 1086667954 1086667954 1086667954 1086667954 1086667954 1086667954 1086667954 0 0 0 0 0 0 0 0 0 1078279346 3 1 1 1 1 1 1 1 1 1 0 0 0 0 0 0 0 0 0 0 0 0 0 0 0 0 0 0 2 2 2 2 2 2 2 2 2
1069372975 1069372975 1069372975 1069372975 1069372975 1069372975 1069372975 1069372975 1069372975 0 0 0 0 0 0 0 0 0 1060984367 3 2 2 2 2 2 2 2 2 2 1069372975 1069372975 1069372975 1069372975 1069372975 1069372975 1069372975 1069372975 1069372975 1069372975 1069372975 1069372975 1069372975 1069372975 1069372975 1069372975 1069372975 1069372975 0 0 0 0 0 0 0 0 0
1077485499 1077485499 1077485499 1077485499 1077485499 1077485499 1077485499 1077485499 1077485499 0 0 0 0 0 0 0 0 0 1077485499 1 3 3 5 1 5 6 3 7 6 1077485499 1077485499 1077485499 1077485499 1077485499 1077485499 1077485499 1077485499 1077485499 1077485499 1077485499 1077485499 1077485499 1077485499 1077485499 1077485499 1077485499 1077485499 0 0 0 0 0 0 0 0 0
3230533732 3214201347 1080650483 1069321652 2143289344 3227543723 1075013982 3168616980 1076322794 1078416821 3212140085 3223264921 1069358531 1083647340 3230312143 3226490938 1082339848 3226361973 1071318622 5 4 8 6 2 4 7 1 5 1 3230533732 3214201347 1080650483 1069321652 2143289344 3227543723 3226490938 3168616980 3226361973 3230533732 3214201347 1080650483 1069321652 2143289344 3227543723 3226490938 3168616980 3226361973 0 0 0 0 0 0 2 0 2
1068873734 3226839577 1058049031 1058461240 1076867640 1081166677 1075955609 3230796215 3229879194 1055262121 1084044954 1078912236 1074077879 3226086414 1083113598 3222902424 3210514986 3211620106 2143289344 2 4 0 6 1 0 5 8 6 3 1068873734 3226839577 1058049031 1058461240 1076867640 1081166677 1075955609 3230796215 3229879194 1068873734 3226839577 1058049031 1058461240 1076867640 1081166677 1075955609 3230796215 3229879194 0 0 0 0 0 0 0 0 0
2139095040 2139095040 2139095040 2139095040 2139095040 2139095040 2139095040 2139095040 2139095040 1073895415 1060484065 1084000296 3230264915 3231168395 1081695906 3196790810 3205653322 1068816874 1076282589 4 1 7 4 8 7 4 5 7 7 1073895415 2139095040 2139095040 2139095040 2139095040 2139095040 2139095040 2139095040 2139095040 1073895415 2139095040 2139095040 2139095040 2139095040 2139095040 2139095040 2139095040 2139095040 2 0 0 0 0 0 0 0 0
1086390647 1086390647 1086390647 1086390647 1086390647 1086390647 1086390647 1086390647 1086390647 0 0 0 0 0 0 0 0 0 1078002039 1 255 255 255 255 255 255 255 255 255 0 0 0 0 0 0 0 0 0 0 0 0 0 0 0 0 0 0 0 0 0 0 0 0 0 0 0
1086204031 1086204031 1086204031 1086204031 1086204031 1086204031 1086204031 1086204031 1086204031 0 0 0 0 0 0 0 0 0 1077815423 0 3 5 1 1 6 5 5 0 7 1086204031 1086204031 1086204031 1086204031 1086204031 1086204031 1086204031 1086204031 1086204031 1086204031 1086204031 1086204031 1086204031 1086204031 1086204031 1086204031 1086204031 1086204031 0 0 0 0 0 0 0 0 0
3226662045 3215202530 3222517523 3226025461 1082429677 3176452640 1077438369 3179421151 3215859706 1078607564 1073789296 1067367105 1070781334 3205335058 3216307286 3225025160 1063125574 1023967796 1075075564 5 4 6 3 3 8 8 0 2 6 3226662045 3215202530 1067367105 1070781334 1082429677 3176452640 3225025160 3179421151 3215859706 3226662045 3215202530 1067367105 1070781334 1082429677 3176452640 3225025160 3179421151 3215859706 0 0 4 4 0 0 1 0 0
1066213690 3210682376 1067582022 1081677639 3205041775 1078965545 3198494991 3223370085 1084140254 1066213690 3210682376 1067582022 1081677639 3205041775 1078965545 3198494991 3223370085 1084140254 1071524773 2 6 0 8 8 6 0 1 0 3 1066213690 3210682376 1067582022 1081677639 3205041775 1078965545 3198494991 3223370085 1084140254 1066213690 3210682376 1067582022 1081677639 3205041775 1078965545 3198494991 3223370085 1084140254 0 0 0 0 0 0 0 0 0
1068719926 1068719926 1068719926 1068719926 1068719926 1068719926 1068719926 1068719926 1068719926 0 0 0 0 0 0 0 0 0 1060331318 3 1 1 1 1 1 1 1 1 1 0 0 0 0 0 0 0 0 0 0 0 0 0 0 0 0 0 0 2 2 2 2 2 2 2 2 2
1084213537 1084213537 1084213537 1084213537 1084213537 1084213537 1084213537 1084213537 1084213537 0 0 0 0 0 0 0 0 0 1075824929 3 2 2 2 2 2 2 2 2 2 1084213537 1084213537 1084213537 1084213537 1084213537 1084213537 1084213537 1084213537 1084213537 1084213537 1084213537 1084213537 1084213537 1084213537 1084213537 1084213537 1084213537 1084213537 0 0 0 0 0 0 0 0 0
1075014462 1075014462 1075014462 1075014462 1075014462 1075014462 1075014462 1075014462 1075014462 0 0 0 0 0 0 0 0 0 1075014462 4 1 5 6 2 0 2 6 2 1 1075014462 1075014462 1075014462 1075014462 1075014462 1075014462 1075014462 1075014462 1075014462 1075014462 1075014462 1075014462 1075014462 1075014462 1075014462 1075014462 1075014462 1075014462 0 0 0 0 0 0 0 0 0
1083401201 1084209136 1077049114 3230465638 2143289344 1077532974 3229471242 1050670415 3194445570 3211274161 1076216968 1081561518 1073020804 1051318012 1067523794 1075159656 1060997703 1066837257 1075018394 5 0 6 6 5 7 3 0 1 5 3211274161 1084209136 1077049114 3230465638 2143289344 1077532974 1075159656 1050670415 3194445570 3211274161 1084209136 1077049114 3230465638 2143289344 1077532974 1075159656 1050670415 3194445570 1 0 0 0 0 0 1 0 0
1072863352 3231337792 3226156709 1080890873 1068567217 3225175083 3228786637 3229397581 3214975884 1068494467 3226612056 3223342779 3227042375 3205152736 1083983044 3231241307 3226453251 3193508057 2143289344 5 4 2 0 8 0 4 0 2 8 1072863352 3231337792 3226156709 1080890873 1068567217 3225175083 3228786637 3229397581 3214975884 1072863352 3231337792 3226156709 1080890873 1068567217 3225175083 3228786637 3229397581 3214975884 0 0 0 0 0 0 0 0 0
2139095040 2139095040 2139095040 2139095040 2139095040 2139095040 2139095040 2139095040 2139095040 3194908638 3226657833 1079509923 1079242487 3223797292 3205272162 3201464750 1075337749 3229920333 1077928647 2 4 5 7 1 1 4 1 0 1 2139095040 2139095040 2139095040 2139095040 2139095040 2139095040 2139095040 1075337749 2139095040 2139095040 2139095040 2139095040 2139095040 2139095040 2139095040 2139095040 1075337749 2139095040 0 0 0 0 0 0 0 1 0
1084368046 1084368046 1084368046 1084368046 1084368046 1084368046 1084368046 1084368046 1084368046 0 0 0 0 0 0 0 0 0 1075979438 2 255 255 255 255 255 255 255 255 255 0 0 0 0 0 0 0 0 0 0 0 0 0 0 0 0 0 0 0 0 0 0 0 0 0 0 0
1071135546 1071135546 1071135546 1071135546 1071135546 1071135546 1071135546 1071135546 1071135546 0 0 0 0 0 0 0 0 0 1062746938 0 2 7 3 3 1 2 4 3 8 1071135546 1071135546 1071135546 1071135546 1071135546 1071135546 1071135546 1071135546 1071135546 1071135546 1071135546 1071135546 1071135546 1071135546 1071135546 1071135546 1071135546 1071135546 0 0 0 0 0 0 0 0 0
3224123209 3225027793 3229574352 3230231963 1082043163 1079892877 1083643982 3224368297 1081547704 3223203526 3221200293 1079556019 1074855870 1028187365 1067309074 3228433793 1070654491 3226014469 1033951481 4 4 2 7 2 5 2 7 8 7 3224123209 3221200293 3229574352 1074855870 1082043163 1067309074 1083643982 3224368297 1081547704 3224123209 3221200293 3229574352 1074855870 1082043163 1067309074 1083643982 3224368297 1081547704 0 3 0 3 0 3 0 0 0
3223161095 3223700981 1074283158 3214103156 3211561762 1080876734 1083972101 3228884783 1076475248 3223161095 3223700981 1074283158 3214103156 3211561762 1080876734 1083972101 3228884783 1076475248 1048854802 5 1 0 5 4 3 2 2 7 0 3223161095 3223700981 1074283158 3214103156 3211561762 1080876734 1083972101 3228884783 1076475248 3223161095 3223700981 1074283158 3214103156 3211561762 1080876734 1083972101 3228884783 1076475248 0 0 0 0 0 0 0 0 0
1082260738 1082260738 1082260738 1082260738 1082260738 1082260738 1082260738 1082260738 1082260738 0 0 0 0 0 0 0 0 0 1073872130 3 1 1 1 1 1 1 1 1 1 0 0 0 0 0 0 0 0 0 0 0 0 0 0 0 0 0 0 2 2 2 2 2 2 2 2 2
1076561577 1076561577 1076561577 1076561577 1076561577 1076561577 1076561577 1076561577 1076561577 0 0 0 0 0 0 0 0 0 1068172969 3 2 2 2 2 2 2 2 2 2 1076561577 1076561577 1076561577 1076561577 1076561577 1076561577 1076561577 1076561577 1076561577 1076561577 1076561577 1076561577 1076561577 1076561577 1076561577 1076561577 1076561577 1076561577 0 0 0 0 0 0 0 0 0
1057268678 1057268678 1057268678 1057268678 1057268678 1057268678 1057268678 1057268678 1057268678 0 0 0 0 0 0 0 0 0 1057268678 3 5 2 0 4 6 0 7 5 2 1057268678 1057268678 1057268678 1057268678 1057268678 1057268678 1057268678 1057268678 1057268678 1057268678 1057268678 1057268678 1057268678 1057268678 1057268678 1057268678 1057268678 1057268678 0 0 0 0 0 0 0 0 0
3218346653 3225733188 1073878632 1067306586 2143289344 3212145463 1082662360 3224678427 3226761618 3217632203 3206488957 3205330702 1074684805 1077683662 1060965313 1082606030 1058892634 1063162982 1076833815 3 3 4 5 4 7 3 8 7 7 3218346653 3225733188 1073878632 1067306586 2143289344 3212145463 1082662360 3224678427 3226761618 3218346653 3225733188 1073878632 1067306586 2143289344 3212145463 1082662360 3224678427 3226761618 0 0 0 0 0 0 0 0 0
3136330625 1068323671 1082801683 3230287132 3228680330 3217521892 3213345394 1077263927 3210938282 3223086559 3225718822 3231415278 3229565660 1072863793 3218964903 1073961308 3208520325 3208003546 2143289344 5 6 1 8 5 1 8 7 6 1 3136330625 1068323671 1082801683 3230287132 3228680330 3217521892 3213345394 1077263927 3210938282 3136330625 1068323671 1082801683 3230287132 3228680330 3217521892 3213345394 1077263927 3210938282 0 0 0 0 0 0 0 0 0
2139095040 2139095040 2139095040 2139095040 2139095040 2139095040 2139095040 2139095040 2139095040 1083179355 3218395612 1062105355 3220884375 1078922792 3230977560 3221680422 3199539505 1075144750 1048707718 5 8 7 5 2 8 1 7 0 4 2139095040 2139095040 2139095040 3220884375 2139095040 3230977560 2139095040 3199539505 2139095040 2139095040 2139095040 2139095040 3220884375 2139095040 3230977560 2139095040 3199539505 2139095040 0 0 0 3 0 2 0 1 0
1090482795 1090482795 1090482795 1090482795 1090482795 1090482795 1090482795 1090482795 1090482795 0 0 0 0 0 0 0 0 0 1082094187 3 255 255 255 255 255 255 255 255 255 0 0 0 0 0 0 0 0 0 0 0 0 0 0 0 0 0 0 0 0 0 0 0 0 0 0 0
1082637403 1082637403 1082637403 1082637403 1082637403 1082637403 1082637403 1082637403 1082637403 0 0 0 0 0 0 0 0 0 1074248795 0 6 6 0 4 6 7 6 7 2 1082637403 1082637403 1082637403 1082637403 1082637403 1082637403 1082637403 1082637403 1082637403 1082637403 1082637403 1082637403 1082637403 1082637403 1082637403 1082637403 1082637403 1082637403 0 0 0 0 0 0 0 0 0
1065509598 3226004903 1083487717 1078017054 3230315808 1078689678 1081557150 3223361400 3222399707 1083075564 1070488250 1050841575 3206388351 3227729572 1062232190 1061134707 3225566503 1074699345 1070052908 4 7 0 7 5 8 1 0 5 5 1065509598 1070488250 1083487717 1078017054 3230315808 1062232190 1061134707 3223361400 3222399707 1065509598 1070488250 1083487717 1078017054 3230315808 1062232190 1061134707 3223361400 3222399707 0 1 0 0 0 2 1 0 0
1080524818 1068641304 1069061536 3227659216 1060358896 1076665536 3205443440 3219843205 1079379269 1080524818 1068641304 1069061536 3227659216 1060358896 1076665536 3205443440 3219843205 1079379269 1053495018 3 8 5 6 4 8 4 4 6 5 1080524818 1068641304 1069061536 3227659216 1060358896 1076665536 3205443440 3219843205 1079379269 1080524818 1068641304 1069061536 3227659216 1060358896 1076665536 3205443440 3219843205 1079379269 0 0 0 0 0 0 0 0 0
1076197882 1076197882 1076197882 1076197882 1076197882 1076197882 1076197882 1076197882 1076197882 0 0 0 0 0 0 0 0 0 1067809274 3 1 1 1 1 1 1 1 1 1 0 0 0 0 0 0 0 0 0 0 0 0 0 0 0 0 0 0 2 2 2 2 2 2 2 2 2
1056857229 1056857229 1056857229 1056857229 1056857229 1056857229 1056857229 1056857229 1056857229 0 0 0 0 0 0 0 0 0 1048468621 3 2 2 2 2 2 2 2 2 2 1056857229 1056857229 1056857229 1056857229 1056857229 1056857229 1056857229 1056857229 1056857229 1056857229 1056857229 1056857229 1056857229 1056857229 1056857229 1056857229 1056857229 1056857229 0 0 0 0 0 0 0 0 0
1081522690 1081522690 1081522690 1081522690 1081522690 1081522690 1081522690 1081522690 1081522690 0 0 0 0 0 0 0 0 0 1081522690 5 4 5 7 5 8 7 7 7 2 1081522690 1081522690 1081522690 1081522690 1081522690 1081522690 1081522690 1081522690 1081522690 1081522690 1081522690 1081522690 1081522690 1081522690 1081522690 1081522690 1081522690 1081522690 0 0 0 0 0 0 0 0 0
3210211911 3225246985 1079594002 1062431775 2143289344 1065226496 1074632487 1081463261 3225053529 3210353634 3212044648 3231084082 1083085167 3230812363 3180293116 3223081861 1078507428 1057298845 1079270366 3 4 2 1 7 0 6 0 6 3 3210211911 3225246985 3231084082 1062431775 2143289344 1065226496 3223081861 1081463261 3225053529 3210211911 3225246985 3231084082 1062431775 2143289344 1065226496 3223081861 1081463261 3225053529 0 0 2 0 0 0 1 0 0
1068739990 1072647865 1069423539 3224242390 1082453645 3201017860 1080013131 3219213396 1082156970 3212894432 3199318923 1083198065 1060798079 3214904719 1081691319 1070388913 1072451347 1042449675 2143289344 1 0 6 6 1 8 7 8 4 2 1068739990 1072647865 1069423539 3224242390 1082453645 3201017860 1080013131 3219213396 1082156970 1068739990 1072647865 1069423539 3224242390 1082453645 3201017860 1080013131 3219213396 1082156970 0 0 0 0 0 0 0 0 0
2139095040 2139095040 2139095040 2139095040 2139095040 2139095040 2139095040 2139095040 2139095040 3215902781 3216651316 1075992565 3228717573 1078460460 1079763597 3222730819 1083638553 3209433673 1072282673 4 3 0 6 6 3 6 3 5 0 2139095040 3216651316 2139095040 2139095040 2139095040 2139095040 2139095040 2139095040 3209433673 2139095040 3216651316 2139095040 2139095040 2139095040 2139095040 2139095040 2139095040 3209433673 0 1 0 0 0 0 0 0 1
1075996135 1075996135 1075996135 1075996135 1075996135 1075996135 1075996135 1075996135 1075996135 0 0 0 0 0 0 0 0 0 1067607527 5 255 255 255 255 255 255 255 255 255 0 0 0 0 0 0 0 0 0 0 0 0 0 0 0 0 0 0 0 0 0 0 0 0 0 0 0
1082224146 1082224146 1082224146 1082224146 1082224146 1082224146 1082224146 1082224146 1082224146 0 0 0 0 0 0 0 0 0 1073835538 0 3 6 5 2 2 0 3 0 7 1082224146 1082224146 1082224146 1082224146 1082224146 1082224146 1082224146 1082224146 1082224146 1082224146 1082224146 1082224146 1082224146 1082224146 1082224146 1082224146 1082224146 1082224146 0 0 0 0 0 0 0 0 0
1081230154 3209054317 1080738010 1083735724 1067729930 3224691793 3180433427 1082334727 1077670090 3229724798 3230219729 3223835869 3230437204 3215025483 3222975532 1083716935 3199046658 3230654329 1074767933 1 6 3 0 2 0 8 3 2 8 1081230154 3209054317 1080738010 1083735724 1067729930 3224691793 3180433427 1082334727 1077670090 1081230154 3209054317 1080738010 1083735724 1067729930 3224691793 3180433427 1082334727 1077670090 0 0 0 0 0 0 0 0 0
1082652962 3211765738 1067861174 1038250689 1081363743 1083874457 3230427198 1068075565 3227413613 1082652962 3211765738 1067861174 1038250689 1081363743 1083874457 3230427198 1068075565 3227413613 1033351536 5 3 8 6 3 0 7 1 4 8 1082652962 3211765738 1067861174 1038250689 1081363743 1083874457 3230427198 1068075565 3227413613 1082652962 3211765738 1067861174 1038250689 1081363743 1083874457 3230427198 1068075565 3227413613 0 0 0 0 0 0 0 0 0
1082957101 1082957101 1082957101 1082957101 1082957101 1082957101 1082957101 1082957101 1082957101 0 0 0 0 0 0 0 0 0 1074568493 3 1 1 1 1 1 1 1 1 1 0 0 0 0 0 0 0 0 0 0 0 0 0 0 0 0 0 0 2 2 2 2 2 2 2 2 2
1077070079 1077070079 1077070079 1077070079 1077070079 1077070079 1077070079 1077070079 1077070079 0 0 0 0 0 0 0 0 0 1068681471 3 2 2 2 2 2 2 2 2 2 1077070079 1077070079 1077070079 1077070079 1077070079 1077070079 1077070079 1077070079 1077070079 1077070079 1077070079 1077070079 1077070079 1077070079 1077070079 1077070079 1077070079 1077070079 0 0 0 0 0 0 0 0 0
1066359813 1066359813 1066359813 1066359813 1066359813 1066359813 1066359813 1066359813 1066359813 0 0 0 0 0 0 0 0 0 1066359813 3 2 8 2 6 4 8 7 1 7 1066359813 1066359813 1066359813 1066359813 1066359813 1066359813 1066359813 1066359813 1066359813 1066359813 1066359813 1066359813 1066359813 1066359813 1066359813 1066359813 1066359813 1066359813 0 0 0 0 0 0 0 0 0
3229166847 3223983484 1083618965 1024215480 2143289344 1083825328 3230201800 3216880252 3215012115 1083620188 1082713101 3228891255 1073981820 3215693224 1070861564 1074446566 1072093282 1083745188 1077575113 4 2 0 5 5 0 2 2 5 8 1083620188 1082713101 1083618965 1024215480 2143289344 1070861564 1074446566 3216880252 3215012115 1083620188 1082713101 1083618965 1024215480 2143289344 1070861564 1074446566 3216880252 3215012115 3 1 0 0 0 3 3 0 0
3201366562 1026749767 3227896591 3227393698 3222020121 1060089092 3227465024 3208944718 3213018775 1075012747 3191639997 3227586329 3222224830 1082589100 1079933457 1067289764 1077810987 3223664503 2143289344 3 6 7 6 4 8 4 8 0 2 3201366562 1026749767 3227896591 3227393698 3222020121 1060089092 3227465024 3208944718 3213018775 3201366562 1026749767 3227896591 3227393698 3222020121 1060089092 3227465024 3208944718 3213018775 0 0 0 0 0 0 0 0 0
2139095040 2139095040 2139095040 2139095040 2139095040 2139095040 2139095040 2139095040 2139095040 3223379213 3213647363 1053341153 3228025182 3214098141 1083471693 3231502885 1082432837 1067335684 1076597084 5 7 8 7 6 3 8 2 6 8 2139095040 2139095040 2139095040 2139095040 3214098141 2139095040 3231502885 2139095040 2139095040 2139095040 2139095040 2139095040 2139095040 3214098141 2139095040 3231502885 2139095040 2139095040 0 0 0 0 4 0 3 0 0
1084206074 1084206074 1084206074 1084206074 1084206074 1084206074 1084206074 1084206074 1084206074 0 0 0 0 0 0 0 0 0 1075817466 5 255 255 255 255 255 255 255 255 255 0 0 0 0 0 0 0 0 0 0 0 0 0 0 0 0 0 0 0 0 0 0 0 0 0 0 0
1055374784 1055374784 1055374784 1055374784 1055374784 1055374784 1055374784 1055374784 1055374784 0 0 0 0 0 0 0 0 0 1046986176 0 4 5 3 5 6 1 4 7 3 1055374784 1055374784 1055374784 1055374784 1055374784 1055374784 1055374784 1055374784 1055374784 1055374784 1055374784 1055374784 1055374784 1055374784 1055374784 1055374784 1055374784 1055374784 0 0 0 0 0 0 0 0 0
1079903389 3224192295 1075893359 1042495699 3188419929 1072360725 1074479445 1084218046 1084119977 3224383115 1070393677 3229675234 3225974416 3226544550 1026467922 3205997101 1070729173 1069040119 1069765214 2 6 8 7 2 5 1 5 4 2 1079903389 3224192295 1075893359 1042495699 3188419929 1072360725 1074479445 1084218046 1084119977 1079903389 3224192295 1075893359 1042495699 3188419929 1072360725 1074479445 1084218046 1084119977 0 0 0 0 0 0 0 0 0
1081999834 3223687882 1074896331 1083362362 1079617878 3214487853 1072249204 3207962127 3212402695 1081999834 3223687882 1074896331 1083362362 1079617878 3214487853 1072249204 3207962127 3212402695 1081837109 2 1 3 0 4 7 1 3 1 2 1081999834 3223687882 1074896331 1083362362 1079617878 3214487853 1072249204 3207962127 3212402695 1081999834 3223687882 1074896331 1083362362 1079617878 3214487853 1072249204 3207962127 3212402695 0 0 0 0 0 0 0 0 0
1084326791 1084326791 1084326791 1084326791 1084326791 1084326791 1084326791 1084326791 1084326791 0 0 0 0 0 0 0 0 0 1075938183 3 1 1 1 1 1 1 1 1 1 0 0 0 0 0 0 0 0 0 0 0 0 0 0 0 0 0 0 2 2 2 2 2 2 2 2 2
1090031937 1090031937 1090031937 1090031937 1090031937 1090031937 1090031937 1090031937 1090031937 0 0 0 0 0 0 0 0 0 1081643329 3 2 2 2 2 2 2 2 2 2 1090031937 1090031937 1090031937 1090031937 1090031937 1090031937 1090031937 1090031937 1090031937 1090031937 1090031937 1090031937 1090031937 1090031937 1090031937 1090031937 1090031937 1090031937 0 0 0 0 0 0 0 0 0
1072224252 1072224252 1072224252 1072224252 1072224252 1072224252 1072224252 1072224252 1072224252 0 0 0 0 0 0 0 0 0 1072224252 4 6 3 5 3 0 7 4 4 2 1072224252 1072224252 1072224252 1072224252 1072224252 1072224252 1072224252 1072224252 1072224252 1072224252 1072224252 1072224252 1072224252 1072224252 1072224252 1072224252 1072224252 1072224252 0 0 0 0 0 0 0 0 0
1061066368 3231297912 1077633305 1069748432 2143289344 3211881458 3228477673 1078098755 1077723996 3199038321 3176458013 3227044975 3230768808 1062459697 1073315609 3226710942 3208608545 1079170421 1060131674 5 7 5 3 8 3 8 5 7 6 1061066368 3231297912 3227044975 1069748432 2143289344 3211881458 3228477673 1078098755 1077723996 1061066368 3231297912 3227044975 1069748432 2143289344 3211881458 3228477673 1078098755 1077723996 0 0 4 0 0 0 0 0 0
1084179495 3225713136 3207353057 3208316027 3230744577 1068148024 3231552269 1075143439 1068435195 3228373078 3226605315 3228736226 3228131060 1084176590 3230407380 3228388444 1084090697 3220670195 2143289344 1 7 6 5 6 0 3 2 8 3 1084179495 3225713136 3207353057 3208316027 3230744577 1068148024 3231552269 1075143439 1068435195 1084179495 3225713136 3207353057 3208316027 3230744577 1068148024 3231552269 1075143439 1068435195 0 0 0 0 0 0 0 0 0
2139095040 2139095040 2139095040 2139095040 2139095040 2139095040 2139095040 2139095040 2139095040 1075380997 1060388303 1082092713 1050712768 3217687497 1080644612 1066621211 1040805174 3228276449 1068615364 2 0 4 8 1 1 8 6 2 0 1075380997 2139095040 2139095040 2139095040 2139095040 2139095040 2139095040 2139095040 3228276449 1075380997 2139095040 2139095040 2139095040 2139095040 2139095040 2139095040 2139095040 3228276449 1 0 0 0 0 0 0 0 1
1045482372 1045482372 1045482372 1045482372 1045482372 1045482372 1045482372 1045482372 1045482372 0 0 0 0 0 0 0 0 0 1037093764 2 255 255 255 255 255 255 255 255 255 0 0 0 0 0 0 0 0 0 0 0 0 0 0 0 0 0 0 0 0 0 0 0 0 0 0 0
1090389315 1090389315 1090389315 1090389315 1090389315 1090389315 1090389315 1090389315 1090389315 0 0 0 0 0 0 0 0 0 1082000707 0 8 5 1 5 0 6 8 2 6 1090389315 1090389315 1090389315 1090389315 1090389315 1090389315 1090389315 1090389315 1090389315 1090389315 1090389315 1090389315 1090389315 1090389315 1090389315 1090389315 1090389315 1090389315 0 0 0 0 0 0 0 0 0
1080474312 1077443307 3214274081 3230119761 3215192025 3229018917 1077116748 1056256325 1071041512 1060893916 1081672767 3199707360 1072713121 1076939056 1066040060 1033626086 1077380850 1067551833 1073187866 1 1 6 1 3 4 4 5 4 2 1080474312 1077443307 3214274081 3230119761 3215192025 3229018917 1077116748 1056256325 1071041512 1080474312 1077443307 3214274081 3230119761 3215192025 3229018917 1077116748 1056256325 1071041512 0 0 0 0 0 0 0 0 0
1083479318 1077181081 1082801349 1075471232 3227116675 1078892843 1075375692 3229947770 3212510003 1083479318 1077181081 1082801349 1075471232 3227116675 1078892843 1075375692 3229947770 3212510003 1074078499 1 0 5 1 2 2 7 7 5 0 1083479318 1077181081 1082801349 1075471232 3227116675 1078892843 1075375692 3229947770 3212510003 1083479318 1077181081 1082801349 1075471232 3227116675 1078892843 1075375692 3229947770 3212510003 0 0 0 0 0 0 0 0 0
1082291575 1082291575 1082291575 1082291575 1082291575 1082291575 1082291575 1082291575 1082291575 0 0 0 0 0 0 0 0 0 1073902967 3 1 1 1 1 1 1 1 1 1 0 0 0 0 0 0 0 0 0 0 0 0 0 0 0 0 0 0 2 2 2 2 2 2 2 2 2
1083244208 1083244208 1083244208 1083244208 1083244208 1083244208 1083244208 1083244208 1083244208 0 0 0 0 0 0 0 0 0 1074855600 3 2 2 2 2 2 2 2 2 2 1083244208 1083244208 1083244208 1083244208 1083244208 1083244208 1083244208 1083244208 1083244208 1083244208 1083244208 1083244208 1083244208 1083244208 1083244208 1083244208 1083244208 1083244208 0 0 0 0 0 0 0 0 0
1076785146 1076785146 1076785146 1076785146 1076785146 1076785146 1076785146 1076785146 1076785146 0 0 0 0 0 0 0 0 0 1076785146 5 3 2 3 4 1 0 3 7 3 1076785146 1076785146 1076785146 1076785146 1076785146 1076785146 1076785146 1076785146 1076785146 1076785146 1076785146 1076785146 1076785146 1076785146 1076785146 1076785146 1076785146 1076785146 0 0 0 0 0 0 0 0 0
3213189572 3207458413 1083100538 3215136185 2143289344 3220400326 1056331992 3213778044 3226007047 1082324813 3224985020 1049590728 3196453584 3203827345 1073889414 1075191421 1082178240 3221991444 1079138905 2 4 0 6 3 0 0 1 7 5 3213189572 3207458413 1083100538 3215136185 2143289344 1073889414 1056331992 3213778044 3226007047 3213189572 3207458413 1083100538 3215136185 2143289344 1073889414 1056331992 3213778044 3226007047 0 0 0 0 0 1 0 0 0
1083284795 3215832425 1070484533 3225174102 1075722369 3230009190 3217987444 1080333766 3226659956 3217584392 3228011772 3228536991 1064838946 1082175152 3212892209 3202273498 1079031735 1079958867 2143289344 4 1 4 6 2 1 3 6 2 8 1083284795 3215832425 1070484533 3225174102 1075722369 3230009190 3217987444 1080333766 3226659956 1083284795 3215832425 1070484533 3225174102 1075722369 3230009190 3217987444 1080333766 3226659956 0 0 0 0 0 0 0 0 0
2139095040 2139095040 2139095040 2139095040 2139095040 2139095040 2139095040 2139095040 2139095040 3216344745 1084222226 1063401160 3210837422 3228654553 1080180250 3223744992 1067656425 1047628830 1066459949 5 5 0 5 8 4 7 5 5 5 2139095040 1084222226 2139095040 2139095040 2139095040 2139095040 2139095040 2139095040 2139095040 2139095040 1084222226 2139095040 2139095040 2139095040 2139095040 2139095040 2139095040 2139095040 0 1 0 0 0 0 0 0 0
1082292133 1082292133 1082292133 1082292133 1082292133 1082292133 1082292133 1082292133 1082292133 0 0 0 0 0 0 0 0 0 1073903525 4 255 255 255 255 255 255 255 255 255 0 0 0 0 0 0 0 0 0 0 0 0 0 0 0 0 0 0 0 0 0 0 0 0 0 0 0
1085128296 1085128296 1085128296 1085128296 1085128296 1085128296 1085128296 1085128296 1085128296 0 0 0 0 0 0 0 0 0 1076739688 0 2 3 3 4 3 8 6 1 2 1085128296 1085128296 1085128296 1085128296 1085128296 1085128296 1085128296 1085128296 1085128296 1085128296 1085128296 1085128296 1085128296 1085128296 1085128296 1085128296 1085128296 1085128296 0 0 0 0 0 0 0 0 0
3207570607 1076658991 1084184286 3199518274 1055841752 1053434610 3227844630 1083584979 3217323346 1082570016 1071258748 3230002462 1079396868 3205329034 1082604793 1074401346 1043297660 3202813534 1060843108 3 2 6 3 2 2 4 3 3 7 3207570607 1076658991 1084184286 3199518274 1055841752 1053434610 3227844630 1083584979 3217323346 3207570607 1076658991 1084184286 3199518274 1055841752 1053434610 3227844630 1083584979 3217323346 0 0 0 0 0 0 0 0 0
1073565297 1076430443 3226849592 1073259679 3227905583 1065565059 1080753003 3223381666 1076498273 1073565297 1076430443 3226849592 1073259679 3227905583 1065565059 1080753003 3223381666 1076498273 1074855093 1 4 5 2 4 1 7 2 4 1 1073565297 1076430443 3226849592 1073259679 3227905583 1065565059 1080753003 3223381666 1076498273 1073565297 1076430443 3226849592 1073259679 3227905583 1065565059 1080753003 3223381666 1076498273 0 0 0 0 0 0 0 0 0
1088943584 1088943584 1088943584 1088943584 1088943584 1088943584 1088943584 1088943584 1088943584 0 0 0 0 0 0 0 0 0 1080554976 3 1 1 1 1 1 1 1 1 1 0 0 0 0 0 0 0 0 0 0 0 0 0 0 0 0 0 0 2 2 2 2 2 2 2 2 2
1076105677 1076105677 1076105677 1076105677 1076105677 1076105677 1076105677 1076105677 1076105677 0 0 0 0 0 0 0 0 0 1067717069 3 2 2 2 2 2 2 2 2 2 1076105677 1076105677 1076105677 1076105677 1076105677 1076105677 1076105677 1076105677 1076105677 1076105677 1076105677 1076105677 1076105677 1076105677 1076105677 1076105677 1076105677 1076105677 0 0 0 0 0 0 0 0 0
1071955480 1071955480 1071955480 1071955480 1071955480 1071955480 1071955480 1071955480 1071955480 0 0 0 0 0 0 0 0 0 1071955480 2 2 6 7 7 2 5 1 8 8 1071955480 1071955480 1071955480 1071955480 1071955480 1071955480 1071955480 1071955480 1071955480 1071955480 1071955480 1071955480 1071955480 1071955480 1071955480 1071955480 1071955480 1071955480 0 0 0 0 0 0 0 0 0
3219631282 1070949769 3202501762 1082339835 2143289344 3230487152 3225534120 3215682667 3212557318 3226942811 3221119113 3230846784 3197384431 1050516733 3226130125 3165349630 1052325868 1084104242 1075722406 5 0 6 2 3 6 2 2 2 0 3219631282 1070949769 3230846784 3197384431 2143289344 3230487152 3165349630 3215682667 1084104242 3219631282 1070949769 3230846784 3197384431 2143289344 3230487152 3165349630 3215682667 1084104242 0 0 3 4 0 0 3 0 1
1075365449 1063956667 1078619656 3197673563 3215971739 3230087375 3224648635 1057300244 3215331286 3221948508 3222272758 1078233465 3220299256 1070155536 3228939615 3224303105 3227172884 3220549263 2143289344 3 8 4 6 1 4 1 1 1 6 1075365449 1063956667 1078619656 3197673563 3215971739 3230087375 3224648635 1057300244 3215331286 1075365449 1063956667 1078619656 3197673563 3215971739 3230087375 3224648635 1057300244 3215331286 0 0 0 0 0 0 0 0 0
2139095040 2139095040 2139095040 2139095040 2139095040 2139095040 2139095040 2139095040 2139095040 3231086270 3227681088 1083612622 1083462863 3212702406 3190609951 3191809152 1070858411 1070939581 1081213843 4 6 3 5 6 6 4 6 8 1 2139095040 2139095040 2139095040 2139095040 2139095040 2139095040 2139095040 2139095040 1070939581 2139095040 2139095040 2139095040 2139095040 2139095040 2139095040 2139095040 2139095040 1070939581 0 0 0 0 0 0 0 0 2
1088388862 1088388862 1088388862 1088388862 1088388862 1088388862 1088388862 1088388862 1088388862 0 0 0 0 0 0 0 0 0 1080000254 4 255 255 255 255 255 255 255 255 255 0 0 0 0 0 0 0 0 0 0 0 0 0 0 0 0 0 0 0 0 0 0 0 0 0 0 0
1070083761 1070083761 1070083761 1070083761 1070083761 1070083761 1070083761 1070083761 1070083761 0 0 0 0 0 0 0 0 0 1061695153 0 1 6 2 6 1 3 3 1 1 1070083761 1070083761 1070083761 1070083761 1070083761 1070083761 1070083761 1070083761 1070083761 1070083761 1070083761 1070083761 1070083761 1070083761 1070083761 1070083761 1070083761 1070083761 0 0 0 0 0 0 0 0 0
1082188250 3227271802 3218379344 3226599600 3213511850 3208379633 1066737651 3230948527 3221352711 3224549608 1064752869 3217853638 1060904972 3191011928 1053381694 3223515534 1067048879 3223981662 1080165802 4 7 6 6 1 7 4 5 7 6 1082188250 3227271802 3218379344 1060904972 3213511850 3208379633 1066737651 3230948527 3221352711 1082188250 3227271802 3218379344 1060904972 3213511850 3208379633 1066737651 3230948527 3221352711 0 0 0 2 0 0 0 0 0
1082310722 1078272498 1073904857 3221944333 3219594256 1082182261 3212927154 3231493554 1083877849 1082310722 1078272498 1073904857 3221944333 3219594256 1082182261 3212927154 3231493554 1083877849 1047001941 3 8 7 1 5 4 0 6 8 3 1082310722 1078272498 1073904857 3221944333 3219594256 1082182261 3212927154 3231493554 1083877849 1082310722 1078272498 1073904857 3221944333 3219594256 1082182261 3212927154 3231493554 1083877849 0 0 0 0 0 0 0 0 0
1059350495 1059350495 1059350495 1059350495 1059350495 1059350495 1059350495 1059350495 1059350495 0 0 0 0 0 0 0 0 0 1050961887 3 1 1 1 1 1 1 1 1 1 0 0 0 0 0 0 0 0 0 0 0 0 0 0 0 0 0 0 2 2 2 2 2 2 2 2 2
1047768875 1047768875 1047768875 1047768875 1047768875 1047768875 1047768875 1047768875 1047768875 0 0 0 0 0 0 0 0 0 1039380267 3 2 2 2 2 2 2 2 2 2 1047768875 1047768875 1047768875 1047768875 1047768875 1047768875 1047768875 1047768875 1047768875 1047768875 1047768875 1047768875 1047768875 1047768875 1047768875 1047768875 1047768875 1047768875 0 0 0 0 0 0 0 0 0
1076849822 1076849822 1076849822 1076849822 1076849822 1076849822 1076849822 1076849822 1076849822 0 0 0 0 0 0 0 0 0 1076849822 4 1 2 5 8 3 4 1 3 7 1076849822 1076849822 1076849822 1076849822 1076849822 1076849822 1076849822 1076849822 1076849822 1076849822 1076849822 1076849822 1076849822 1076849822 1076849822 1076849822 1076849822 1076849822 0 0 0 0 0 0 0 0 0
3228363515 1083737114 1069157436 3212779912 2143289344 3209986605 1081040725 3203606079 1076806740 1077086907 3225091054 1071294640 1082409387 3214894699 1058721798 1033773292 3227491434 3224030717 1073634549 3 4 4 8 6 5 3 6 5 7 3228363515 1083737114 1069157436 3212779912 2143289344 3209986605 1081040725 3203606079 1076806740 3228363515 1083737114 1069157436 3212779912 2143289344 3209986605 1081040725 3203606079 1076806740 0 0 0 0 0 0 0 0 0
1068028689 1050716319 3226904922 1078467674 1080361489 1055966404 1076132525 1075454193 1082767574 1075772466 3226985698 1080231879 1083160509 3229210416 1068603095 3219054255 1082621140 3196705877 2143289344 2 0 4 4 7 7 6 7 4 6 1068028689 1050716319 3226904922 1078467674 1080361489 1055966404 1076132525 1075454193 1082767574 1068028689 1050716319 3226904922 1078467674 1080361489 1055966404 1076132525 1075454193 1082767574 0 0 0 0 0 0 0 0 0
2139095040 2139095040 2139095040 2139095040 2139095040 2139095040 2139095040 2139095040 2139095040 1077314293 1082627087 1076311893 3228244199 1078992047 1067269212 1057017107 3208617725 3205336862 1080045822 4 2 4 0 4 6 0 0 8 1 1077314293 2139095040 1076311893 2139095040 2139095040 1067269212 1057017107 2139095040 3205336862 1077314293 2139095040 1076311893 2139095040 2139095040 1067269212 1057017107 2139095040 3205336862 3 0 1 0 0 1 1 0 2
1079534610 1079534610 1079534610 1079534610 1079534610 1079534610 1079534610 1079534610 1079534610 0 0 0 0 0 0 0 0 0 1071146002 1 255 255 255 255 255 255 255 255 255 0 0 0 0 0 0 0 0 0 0 0 0 0 0 0 0 0 0 0 0 0 0 0 0 0 0 0
1082130683 1082130683 1082130683 1082130683 1082130683 1082130683 1082130683 1082130683 1082130683 0 0 0 0 0 0 0 0 0 1073742075 0 7 3 5 5 2 6 6 2 6 1082130683 1082130683 1082130683 1082130683 1082130683 1082130683 1082130683 1082130683 1082130683 1082130683 1082130683 1082130683 1082130683 1082130683 1082130683 1082130683 1082130683 1082130683 0 0 0 0 0 0 0 0 0
1050101347 3226924544 3205293271 1064114062 3192420098 3212663200 3211776498 3214976337 1064048047 3231212679 1073076347 1080265587 1083367449 3230778889 3222474511 1083657019 1067434346 3221719023 1079937044 4 3 3 4 7 0 1 1 5 4 1050101347 3226924544 3205293271 1064114062 3230778889 3212663200 1083657019 3214976337 1064048047 1050101347 3226924544 3205293271 1064114062 3230778889 3212663200 1083657019 3214976337 1064048047 0 0 0 0 1 0 2 0 0
1081926591 1074072159 3198388647 3223247372 3223199889 3223897742 1077199525 3228620137 1081201816 1081926591 1074072159 3198388647 3223247372 3223199889 3223897742 1077199525 3228620137 1081201816 1080374083 2 4 3 3 1 5 8 2 5 5 1081926591 1074072159 3198388647 3223247372 3223199889 3223897742 1077199525 3228620137 1081201816 1081926591 1074072159 3198388647 3223247372 3223199889 3223897742 1077199525 3228620137 1081201816 0 0 0 0 0 0 0 0 0
1084046961 1084046961 1084046961 1084046961 1084046961 1084046961 1084046961 1084046961 1084046961 0 0 0 0 0 0 0 0 0 1075658353 3 1 1 1 1 1 1 1 1 1 0 0 0 0 0 0 0 0 0 0 0 0 0 0 0 0 0 0 2 2 2 2 2 2 2 2 2
1050899410 1050899410 1050899410 1050899410 1050899410 1050899410 1050899410 1050899410 1050899410 0 0 0 0 0 0 0 0 0 1042510802 3 2 2 2 2 2 2 2 2 2 1050899410 1050899410 1050899410 1050899410 1050899410 1050899410 1050899410 1050899410 1050899410 1050899410 1050899410 1050899410 1050899410 1050899410 1050899410 1050899410 1050899410 1050899410 0 0 0 0 0 0 0 0 0
1080194085 1080194085 1080194085 1080194085 1080194085 1080194085 1080194085 1080194085 1080194085 0 0 0 0 0 0 0 0 0 1080194085 3 8 1 1 8 4 6 2 1 3 1080194085 1080194085 1080194085 1080194085 1080194085 1080194085 1080194085 1080194085 1080194085 1080194085 1080194085 1080194085 1080194085 1080194085 1080194085 1080194085 1080194085 1080194085 0 0 0 0 0 0 0 0 0
3207840419 3227698998 3221659943 1076271363 2143289344 1074656807 3221473852 1082284591 1062442399 1076946199 1081307150 3217316162 3209707263 1083655183 1058219246 3224325684 1073895668 3230836727 1070494420 3 1 5 2 8 7 7 2 8 8 1076946199 3227698998 3221659943 1076271363 2143289344 1074656807 3221473852 1082284591 1062442399 1076946199 3227698998 3221659943 1076271363 2143289344 1074656807 3221473852 1082284591 1062442399 2 0 0 0 0 0 0 0 0
3230363960 1081303414 1070222707 3213175846 3207412923 1058972547 1059287343 1074953996 3225494770 3227735697 1072937063 3225733254 3230103782 3224396991 1079175388 3223476701 3222394779 3223603265 2143289344 3 7 8 4 1 8 4 7 2 7 3230363960 1081303414 1070222707 3213175846 3207412923 1058972547 1059287343 1074953996 3225494770 3230363960 1081303414 1070222707 3213175846 3207412923 1058972547 1059287343 1074953996 3225494770 0 0 0 0 0 0 0 0 0
2139095040 2139095040 2139095040 2139095040 2139095040 2139095040 2139095040 2139095040 2139095040 3225398938 3227340090 3219439493 3213151440 3210354585 3214776971 1076262361 3220489133 1077331868 1059880980 1 2 4 7 4 7 8 0 2 4 2139095040 2139095040 2139095040 2139095040 2139095040 2139095040 2139095040 2139095040 2139095040 2139095040 2139095040 2139095040 2139095040 2139095040 2139095040 2139095040 2139095040 2139095040 0 0 0 0 0 0 0 0 0
1082674131 1082674131 1082674131 1082674131 1082674131 1082674131 1082674131 1082674131 1082674131 0 0 0 0 0 0 0 0 0 1074285523 1 255 255 255 255 255 255 255 255 255 0 0 0 0 0 0 0 0 0 0 0 0 0 0 0 0 0 0 0 0 0 0 0 0 0 0 0
1058294625 1058294625 1058294625 1058294625 1058294625 1058294625 1058294625 1058294625 1058294625 0 0 0 0 0 0 0 0 0 1049906017 0 6 2 5 2 6 3 4 4 5 1058294625 1058294625 1058294625 1058294625 1058294625 1058294625 1058294625 1058294625 1058294625 1058294625 1058294625 1058294625 1058294625 1058294625 1058294625 1058294625 1058294625 1058294625 0 0 0 0 0 0 0 0 0
3205236462 1063449692 3228528674 3196283196 3230787012 1071754200 1082717727 3231270974 3222937281 1077142627 1078576846 1080726909 3224724318 3229558523 3222232103 3220015430 1084144234 3223640823 1075085834 1 5 4 5 6 1 2 0 6 2 3205236462 1063449692 3228528674 3196283196 3230787012 1071754200 1082717727 3231270974 3222937281 3205236462 1063449692 3228528674 3196283196 3230787012 1071754200 1082717727 3231270974 3222937281 0 0 0 0 0 0 0 0 0
1067428645 1052243125 3208051532 1082717594 3224855147 1078535690 3190576806 3227483626 3222508394 1067428645 1052243125 3208051532 1082717594 3224855147 1078535690 3190576806 3227483626 3222508394 1070243459 2 6 2 7 6 7 3 8 8 0 1067428645 1052243125 3208051532 1082717594 3224855147 1078535690 3190576806 3227483626 3222508394 1067428645 1052243125 3208051532 1082717594 3224855147 1078535690 3190576806 3227483626 3222508394 0 0 0 0 0 0 0 0 0
1087015570 1087015570 1087015570 1087015570 1087015570 1087015570 1087015570 1087015570 1087015570 0 0 0 0 0 0 0 0 0 1078626962 3 1 1 1 1 1 1 1 1 1 0 0 0 0 0 0 0 0 0 0 0 0 0 0 0 0 0 0 2 2 2 2 2 2 2 2 2
1082208752 1082208752 1082208752 1082208752 1082208752 1082208752 1082208752 1082208752 1082208752 0 0 0 0 0 0 0 0 0 1073820144 3 2 2 2 2 2 2 2 2 2 1082208752 1082208752 1082208752 1082208752 1082208752 1082208752 1082208752 1082208752 1082208752 1082208752 1082208752 1082208752 1082208752 1082208752 1082208752 1082208752 1082208752 1082208752 0 0 0 0 0 0 0 0 0
1074398668 1074398668 1074398668 1074398668 1074398668 1074398668 1074398668 1074398668 1074398668 0 0 0 0 0 0 0 0 0 1074398668 4 4 1 5 8 2 4 1 0 0 1074398668 1074398668 1074398668 1074398668 1074398668 1074398668 1074398668 1074398668 1074398668 1074398668 1074398668 1074398668 1074398668 1074398668 1074398668 1074398668 1074398668 1074398668 0 0 0 0 0 0 0 0 0
1082494049 1076405948 3223363218 1083743233 2143289344 3226181238 3226754137 1083934756 3226596683 3225411079 1071468146 1075586849 3185898226 3230590132 1077829578 3228968170 3181696806 1083146158 1074435601 5 1 7 4 7 7 3 8 6 7 3225411079 1076405948 3223363218 1083743233 2143289344 1077829578 3226754137 1083934756 3226596683 3225411079 1076405948 3223363218 1083743233 2143289344 1077829578 3226754137 1083934756 3226596683 2 0 0 0 0 4 0 0 0
3215229820 1057118883 1075085716 1055113926 3222512581 1083627500 3222940408 3227648529 1067808970 1070413687 1022780257 1076537056 1068391332 1034559316 1061673600 3231542236 3211094493 3230159946 2143289344 5 4 7 6 6 2 3 1 2 4 3215229820 1057118883 1075085716 1055113926 3222512581 1083627500 3222940408 3227648529 1067808970 3215229820 1057118883 1075085716 1055113926 3222512581 1083627500 3222940408 3227648529 1067808970 0 0 0 0 0 0 0 0 0
2139095040 2139095040 2139095040 2139095040 2139095040 2139095040 2139095040 2139095040 2139095040 3217354415 3220640359 1075826316 1064581121 1077481468 1082533395 3212316041 3231245951 3215965371 1082032501 2 6 0 0 0 6 0 4 6 8 2139095040 3220640359 1075826316 1064581121 2139095040 1082533395 2139095040 2139095040 2139095040 2139095040 3220640359 1075826316 1064581121 2139095040 1082533395 2139095040 2139095040 2139095040 0 1 1 1 0 1 0 0 0
1085265591 1085265591 1085265591 1085265591 1085265591 1085265591 1085265591 1085265591 1085265591 0 0 0 0 0 0 0 0 0 1076876983 3 255 255 255 255 255 255 255 255 255 0 0 0 0 0 0 0 0 0 0 0 0 0 0 0 0 0 0 0 0 0 0 0 0 0 0 0
1073900888 1073900888 1073900888 1073900888 1073900888 1073900888 1073900888 1073900888 1073900888 0 0 0 0 0 0 0 0 0 1065512280 0 0 8 4 1 2 7 0 1 1 1073900888 1073900888 1073900888 1073900888 1073900888 1073900888 1073900888 1073900888 1073900888 1073900888 1073900888 1073900888 1073900888 1073900888 1073900888 1073900888 1073900888 1073900888 0 0 0 0 0 0 0 0 0
1072646676 1082387914 3206896711 3228565553 3221337359 1072770845 1070048556 1075777855 1076174390 3230364876 1081626790 3231056170 1067628578 1057672559 3202400378 1040966933 3217473861 1082200580 1069176454 1 3 1 4 4 4 0 4 1 3 1072646676 1082387914 3206896711 3228565553 3221337359 1072770845 1070048556 1075777855 1076174390 1072646676 1082387914 3206896711 3228565553 3221337359 1072770845 1070048556 1075777855 1076174390 0 0 0 0 0 0 0 0 0
3227940390 1049490562 3227147741 1083384997 1078795280 1083151198 1082151766 3231245894 3204427556 3227940390 1049490562 3227147741 1083384997 1078795280 1083151198 1082151766 3231245894 3204427556 1066822728 1 7 3 3 3 1 7 4 4 4 3227940390 1049490562 3227147741 1083384997 1078795280 1083151198 1082151766 3231245894 3204427556 3227940390 1049490562 3227147741 1083384997 1078795280 1083151198 1082151766 3231245894 3204427556 0 0 0 0 0 0 0 0 0
1086005279 1086005279 1086005279 1086005279 1086005279 1086005279 1086005279 1086005279 1086005279 0 0 0 0 0 0 0 0 0 1077616671 3 1 1 1 1 1 1 1 1 1 0 0 0 0 0 0 0 0 0 0 0 0 0 0 0 0 0 0 2 2 2 2 2 2 2 2 2
1083023182 1083023182 1083023182 1083023182 1083023182 1083023182 1083023182 1083023182 1083023182 0 0 0 0 0 0 0 0 0 1074634574 3 2 2 2 2 2 2 2 2 2 1083023182 1083023182 1083023182 1083023182 1083023182 1083023182 1083023182 1083023182 1083023182 1083023182 1083023182 1083023182 1083023182 1083023182 1083023182 1083023182 1083023182 1083023182 0 0 0 0 0 0 0 0 0
1079076468 1079076468 1079076468 1079076468 1079076468 1079076468 1079076468 1079076468 1079076468 0 0 0 0 0 0 0 0 0 1079076468 3 4 8 1 8 6 0 4 6 7 1079076468 1079076468 1079076468 1079076468 1079076468 1079076468 1079076468 1079076468 1079076468 1079076468 1079076468 1079076468 1079076468 1079076468 1079076468 1079076468 1079076468 1079076468 0 0 0 0 0 0 0 0 0
1082783053 3223029153 1075671671 3228184822 2143289344 1069599181 1084167649 3227560937 3223581028 3204544334 3213437730 1083534500 3214301586 1073592295 3229800035 1069808677 1067119866 3218364823 1075647707 1 8 7 1 3 4 1 4 7 3 1082783053 3223029153 1075671671 3228184822 2143289344 1069599181 1084167649 3227560937 3223581028 1082783053 3223029153 1075671671 3228184822 2143289344 1069599181 1084167649 3227560937 3223581028 0 0 0 0 0 0 0 0 0
3222734005 1083444873 1078042664 1061822175 3200549226 1075132282 1083812944 1067404282 1042453858 3217450423 3217120481 3202504699 3230262883 3205644648 1075474044 1076362676 3219319843 3221509764 2143289344 5 2 2 1 7 8 2 4 5 0 3222734005 1083444873 1078042664 1061822175 3200549226 1075132282 1083812944 1067404282 1042453858 3222734005 1083444873 1078042664 1061822175 3200549226 1075132282 1083812944 1067404282 1042453858 0 0 0 0 0 0 0 0 0
2139095040 2139095040 2139095040 2139095040 2139095040 2139095040 2139095040 2139095040 2139095040 1080782315 3211671515 3223774007 3221431670 1023048866 3221483742 3226010448 3228824445 3231284722 1081449670 5 1 5 0 7 6 4 8 0 6 1080782315 2139095040 3223774007 2139095040 2139095040 2139095040 2139095040 3228824445 2139095040 1080782315 2139095040 3223774007 2139095040 2139095040 2139095040 2139095040 3228824445 2139095040 2 0 1 0 0 0 0 1 0
1068537534 1068537534 1068537534 1068537534 1068537534 1068537534 1068537534 1068537534 1068537534 0 0 0 0 0 0 0 0 0 1060148926 3 255 255 255 255 255 255 255 255 255 0 0 0 0 0 0 0 0 0 0 0 0 0 0 0 0 0 0 0 0 0 0 0 0 0 0 0
1076444210 1076444210 1076444210 1076444210 1076444210 1076444210 1076444210 1076444210 1076444210 0 0 0 0 0 0 0 0 0 1068055602 0 2 4 7 6 5 7 4 1 6 1076444210 1076444210 1076444210 1076444210 1076444210 1076444210 1076444210 1076444210 1076444210 1076444210 1076444210 1076444210 1076444210 1076444210 1076444210 1076444210 1076444210 1076444210 0 0 0 0 0 0 0 0 0
3223030627 1079572107 1065283049 1080258684 1063392867 3221228143 1083658082 1073748992 3216007343 3222539282 3230336345 3229712931 3220749514 3196943522 3221302401 3225591131 1076989771 1077157309 1080035627 4 4 7 0 1 1 0 5 6 4 3223030627 1079572107 3229712931 3220749514 1063392867 3221228143 1083658082 1073748992 3216007343 3223030627 1079572107 3229712931 3220749514 1063392867 3221228143 1083658082 1073748992 3216007343 0 0 1 2 0 0 0 0 0
3224520917 3175553193 1081643694 1078961910 1066352311 1082269673 1074417619 1078757445 1073445888 3224520917 3175553193 1081643694 1078961910 1066352311 1082269673 1074417619 1078757445 1073445888 1074067598 2 5 0 4 4 4 2 1 5 2 3224520917 3175553193 1081643694 1078961910 1066352311 1082269673 1074417619 1078757445 1073445888 3224520917 3175553193 1081643694 1078961910 1066352311 1082269673 1074417619 1078757445 1073445888 0 0 0 0 0 0 0 0 0
1075795854 1075795854 1075795854 1075795854 1075795854 1075795854 1075795854 1075795854 1075795854 0 0 0 0 0 0 0 0 0 1067407246 3 1 1 1 1 1 1 1 1 1 0 0 0 0 0 0 0 0 0 0 0 0 0 0 0 0 0 0 2 2 2 2 2 2 2 2 2
1087206586 1087206586 1087206586 1087206586 1087206586 1087206586 1087206586 1087206586 1087206586 0 0 0 0 0 0 0 0 0 1078817978 3 2 2 2 2 2 2 2 2 2 1087206586 1087206586 1087206586 1087206586 1087206586 1087206586 1087206586 1087206586 1087206586 1087206586 1087206586 1087206586 1087206586 1087206586 1087206586 1087206586 1087206586 1087206586 0 0 0 0 0 0 0 0 0
1059905140 1059905140 1059905140 1059905140 1059905140 1059905140 1059905140 1059905140 1059905140 0 0 0 0 0 0 0 0 0 1059905140 2 3 0 5 5 0 0 5 3 7 1059905140 1059905140 1059905140 1059905140 1059905140 1059905140 1059905140 1059905140 1059905140 1059905140 1059905140 1059905140 1059905140 1059905140 1059905140 1059905140 1059905140 1059905140 0 0 0 0 0 0 0 0 0
1062109165 3225590736 1081625605 1075131162 2143289344 3223575720 1052729806 3228489964 1075698164 1076097069 1084219480 1062111692 3229056859 3231599819 1083657503 1073347238 3222386227 1079672539 1063970955 1 8 1 6 5 0 0 5 3 2 1062109165 3225590736 1081625605 1075131162 2143289344 3223575720 1052729806 3228489964 1075698164 1062109165 3225590736 1081625605 1075131162 2143289344 3223575720 1052729806 3228489964 1075698164 0 0 0 0 0 0 0 0 0
1077582429 1059083163 3224963163 1074166883 3226942537 1067144212 1083197929 1083584699 1068996635 3197966071 1071186811 1056158516 3214197226 3224840282 1082459412 1063503730 3222391035 3228608483 2143289344 3 8 8 4 6 5 4 5 8 7 1077582429 1059083163 3224963163 1074166883 3226942537 1067144212 1083197929 1083584699 1068996635 1077582429 1059083163 3224963163 1074166883 3226942537 1067144212 1083197929 1083584699 1068996635 0 0 0 0 0 0 0 0 0
2139095040 2139095040 2139095040 2139095040 2139095040 2139095040 2139095040 2139095040 2139095040 3204946283 3231461695 3217675532 1067287715 3228213956 3231228841 3227358067 1082705805 3221372584 1074027883 5 5 1 0 3 3 1 7 1 7 2139095040 3231461695 3217675532 1067287715 3228213956 3231228841 2139095040 1082705805 2139095040 2139095040 3231461695 3217675532 1067287715 3228213956 3231228841 2139095040 1082705805 2139095040 0 2 1 4 4 2 0 2 0
1079461050 1079461050 1079461050 1079461050 1079461050 1079461050 1079461050 1079461050 1079461050 0 0 0 0 0 0 0 0 0 1071072442 1 255 255 255 255 255 255 255 255 255 0 0 0 0 0 0 0 0 0 0 0 0 0 0 0 0 0 0 0 0 0 0 0 0 0 0 0
1083876611 1083876611 1083876611 1083876611 1083876611 1083876611 1083876611 1083876611 1083876611 0 0 0 0 0 0 0 0 0 1075488003 0 0 1 0 3 3 6 3 5 0 1083876611 1083876611 1083876611 1083876611 1083876611 1083876611 1083876611 1083876611 1083876611 1083876611 1083876611 1083876611 1083876611 1083876611 1083876611 1083876611 1083876611 1083876611 0 0 0 0 0 0 0 0 0
3213440019 1082281543 3217623788 1058078542 1077033782 1083776852 3228373137 3226175565 1079777303 3224544500 3220981956 1082768428 3222971066 1078409237 3229844367 1078397961 1069868766 3221943019 1060697590 2 0 5 1 1 6 5 0 7 2 3224544500 1082281543 3217623788 1058078542 1077033782 1083776852 1078397961 3226175565 1079777303 3224544500 1082281543 3217623788 1058078542 1077033782 1083776852 1078397961 3226175565 1079777303 1 0 0 0 0 0 1 0 0
1055942366 1059792287 1075998975 1068942029 3225108894 1065212065 3201631462 3211499269 3229921442 1055942366 1059792287 1075998975 1068942029 3225108894 1065212065 3201631462 3211499269 3229921442 1061469537 1 1 7 2 8 6 0 3 5 7 1055942366 1059792287 1075998975 1068942029 3225108894 1065212065 3201631462 3211499269 3229921442 1055942366 1059792287 1075998975 1068942029 3225108894 1065212065 3201631462 3211499269 3229921442 0 0 0 0 0 0 0 0 0
1084998695 1084998695 1084998695 1084998695 1084998695 1084998695 1084998695 1084998695 1084998695 0 0 0 0 0 0 0 0 0 1076610087 3 1 1 1 1 1 1 1 1 1 0 0 0 0 0 0 0 0 0 0 0 0 0 0 0 0 0 0 2 2 2 2 2 2 2 2 2
1058123619 1058123619 1058123619 1058123619 1058123619 1058123619 1058123619 1058123619 1058123619 0 0 0 0 0 0 0 0 0 1049735011 3 2 2 2 2 2 2 2 2 2 1058123619 1058123619 1058123619 1058123619 1058123619 1058123619 1058123619 1058123619 1058123619 1058123619 1058123619 1058123619 1058123619 1058123619 1058123619 1058123619 1058123619 1058123619 0 0 0 0 0 0 0 0 0
1072320903 1072320903 1072320903 1072320903 1072320903 1072320903 1072320903 1072320903 1072320903 0 0 0 0 0 0 0 0 0 1072320903 4 3 4 3 0 3 4 3 3 8 1072320903 1072320903 1072320903 1072320903 1072320903 1072320903 1072320903 1072320903 1072320903 1072320903 1072320903 1072320903 1072320903 1072320903 1072320903 1072320903 1072320903 1072320903 0 0 0 0 0 0 0 0 0
1069109639 1067115661 3230044615 3202533146 2143289344 1050098354 1066800064 1083941654 1083082431 3230867543 1083596034 1070094357 1083509154 3230794363 1083521626 1078725359 3205711611 1072914548 1068477096 4 2 7 4 0 3 6 3 8 4 3230867543 1067115661 3230044615 1083509154 2143289344 1050098354 1066800064 1083941654 1083082431 3230867543 1067115661 3230044615 1083509154 2143289344 1050098354 1066800064 1083941654 1083082431 3 0 0 1 0 0 0 0 0
3231654832 1078196731 1083559851 3224174903 3193332205 3213715571 3229695298 1082972721 1073019601 1075997282 3208449709 1076088625 1082797881 3230408094 3222200766 3230864639 1053528285 3230332803 2143289344 3 5 0 8 4 1 0 6 4 5 3231654832 1078196731 1083559851 3224174903 3193332205 3213715571 3229695298 1082972721 1073019601 3231654832 1078196731 1083559851 3224174903 3193332205 3213715571 3229695298 1082972721 1073019601 0 0 0 0 0 0 0 0 0
2139095040 2139095040 2139095040 2139095040 2139095040 2139095040 2139095040 2139095040 2139095040 3217396755 1082902258 3224549883 1073768916 1076589174 3224610825 3226093315 3231175543 1072382685 1078711576 5 3 8 2 4 4 0 3 3 4 3217396755 2139095040 3224549883 2139095040 2139095040 3224610825 3226093315 3231175543 2139095040 3217396755 2139095040 3224549883 2139095040 2139095040 3224610825 3226093315 3231175543 2139095040 4 0 3 0 0 1 4 4 0
1079270573 1079270573 1079270573 1079270573 1079270573 1079270573 1079270573 1079270573 1079270573 0 0 0 0 0 0 0 0 0 1070881965 2 255 255 255 255 255 255 255 255 255 0 0 0 0 0 0 0 0 0 0 0 0 0 0 0 0 0 0 0 0 0 0 0 0 0 0 0
1066327797 1066327797 1066327797 1066327797 1066327797 1066327797 1066327797 1066327797 1066327797 0 0 0 0 0 0 0 0 0 1057939189 0 0 4 5 8 4 6 5 7 8 1066327797 1066327797 1066327797 1066327797 1066327797 1066327797 1066327797 1066327797 1066327797 1066327797 1066327797 1066327797 1066327797 1066327797 1066327797 1066327797 1066327797 1066327797 0 0 0 0 0 0 0 0 0
1075264126 3214525877 1077381492 1061736112 3225757807 1077612771 1079713331 1073544060 1048990782 1081448204 1069951668 3224682352 1078203678 3225162709 1053120479 3227251691 1075141007 1076571742 1069185907 2 7 4 5 5 1 5 8 4 5 1075264126 3214525877 1077381492 1061736112 3225757807 1077612771 1079713331 1073544060 1048990782 1075264126 3214525877 1077381492 1061736112 3225757807 1077612771 1079713331 1073544060 1048990782 0 0 0 0 0 0 0 0 0
3229640762 3230112585 3201207651 1082167453 3220660669 3229586978 1078407878 1081113081 3198702365 3229640762 3230112585 3201207651 1082167453 3220660669 3229586978 1078407878 1081113081 3198702365 1072793246 4 5 7 2 1 6 1 1 7 7 3229640762 3230112585 3201207651 1082167453 3220660669 3229586978 1078407878 1081113081 3198702365 3229640762 3230112585 3201207651 1082167453 3220660669 3229586978 1078407878 1081113081 3198702365 0 0 0 0 0 0 0 0 0
1066127024 1066127024 1066127024 1066127024 1066127024 1066127024 1066127024 1066127024 1066127024 0 0 0 0 0 0 0 0 0 1057738416 3 1 1 1 1 1 1 1 1 1 0 0 0 0 0 0 0 0 0 0 0 0 0 0 0 0 0 0 2 2 2 2 2 2 2 2 2
1084443236 1084443236 1084443236 1084443236 1084443236 1084443236 1084443236 1084443236 1084443236 0 0 0 0 0 0 0 0 0 1076054628 3 2 2 2 2 2 2 2 2 2 1084443236 1084443236 1084443236 1084443236 1084443236 1084443236 1084443236 1084443236 1084443236 1084443236 1084443236 1084443236 1084443236 1084443236 1084443236 1084443236 1084443236 1084443236 0 0 0 0 0 0 0 0 0
1075627111 1075627111 1075627111 1075627111 1075627111 1075627111 1075627111 1075627111 1075627111 0 0 0 0 0 0 0 0 0 1075627111 5 7 7 2 6 8 6 3 8 6 1075627111 1075627111 1075627111 1075627111 1075627111 1075627111 1075627111 1075627111 1075627111 1075627111 1075627111 1075627111 1075627111 1075627111 1075627111 1075627111 1075627111 1075627111 0 0 0 0 0 0 0 0 0
1070026680 3207437964 1081390149 3214157036 2143289344 1069460757 3201553512 3221325112 3226882278 1062348864 1082787627 3205299242 3222871725 3230678981 1029620200 1068838642 3229624533 1082047290 1079231704 4 8 3 3 4 7 0 2 3 1 1070026680 3207437964 1081390149 3214157036 2143289344 1069460757 3201553512 3221325112 1082047290 1070026680 3207437964 1081390149 3214157036 2143289344 1069460757 3201553512 3221325112 1082047290 0 0 0 0 0 0 0 0 2
3231233962 1077921071 3225489125 3229574637 3222122443 3217896044 3218932559 1074286358 1054359994 1080023237 3216247026 1081266644 3214860341 3216122361 1074272507 1076041980 1071357229 3229654363 2143289344 1 3 4 6 7 4 0 6 8 4 3231233962 1077921071 3225489125 3229574637 3222122443 3217896044 3218932559 1074286358 1054359994 3231233962 1077921071 3225489125 3229574637 3222122443 3217896044 3218932559 1074286358 1054359994 0 0 0 0 0 0 0 0 0
2139095040 2139095040 2139095040 2139095040 2139095040 2139095040 2139095040 2139095040 2139095040 1081220100 3227965394 3207722626 1064584719 1063078353 1066347392 1060427402 1062459831 1083993666 1064690572 5 7 1 3 4 3 5 2 6 5 2139095040 3227965394 3207722626 2139095040 1063078353 2139095040 1060427402 2139095040 2139095040 2139095040 3227965394 3207722626 2139095040 1063078353 2139095040 1060427402 2139095040 2139095040 0 2 4 0 4 0 3 0 0
1089578292 1089578292 1089578292 1089578292 1089578292 1089578292 1089578292 1089578292 1089578292 0 0 0 0 0 0 0 0 0 1081189684 1 255 255 255 255 255 255 255 255 255 0 0 0 0 0 0 0 0 0 0 0 0 0 0 0 0 0 0 0 0 0 0 0 0 0 0 0
1076103745 1076103745 1076103745 1076103745 1076103745 1076103745 1076103745 1076103745 1076103745 0 0 0 0 0 0 0 0 0 1067715137 0 1 6 2 6 7 4 5 3 2 1076103745 1076103745 1076103745 1076103745 1076103745 1076103745 1076103745 1076103745 1076103745 1076103745 1076103745 1076103745 1076103745 1076103745 1076103745 1076103745 1076103745 1076103745 0 0 0 0 0 0 0 0 0
1083605865 1082874267 3219406422 1073940284 3231640353 1056509816 3230310964 1048573264 3218028812 1074204935 1040635522 1073808897 1076193775 3226261255 1049088810 3231536301 1070227951 3208074143 1057665504 1 7 5 5 4 5 6 0 0 0 1083605865 1082874267 3219406422 1073940284 3231640353 1056509816 3230310964 1048573264 3218028812 1083605865 1082874267 3219406422 1073940284 3231640353 1056509816 3230310964 1048573264 3218028812 0 0 0 0 0 0 0 0 0
1082200374 1064045293 3226725073 1083249756 3230482133 1062708370 1058832774 1058963334 3221865097 1082200374 1064045293 3226725073 1083249756 3230482133 1062708370 1058832774 1058963334 3221865097 1081984217 3 4 0 0 4 1 8 2 6 2 1082200374 1064045293 3226725073 1083249756 3230482133 1062708370 1058832774 1058963334 3221865097 1082200374 1064045293 3226725073 1083249756 3230482133 1062708370 1058832774 1058963334 3221865097 0 0 0 0 0 0 0 0 0
1083148841 1083148841 1083148841 1083148841 1083148841 1083148841 1083148841 1083148841 1083148841 0 0 0 0 0 0 0 0 0 1074760233 3 1 1 1 1 1 1 1 1 1 0 0 0 0 0 0 0 0 0 0 0 0 0 0 0 0 0 0 2 2 2 2 2 2 2 2 2
1075232024 1075232024 1075232024 1075232024 1075232024 1075232024 1075232024 1075232024 1075232024 0 0 0 0 0 0 0 0 0 1066843416 3 2 2 2 2 2 2 2 2 2 1075232024 1075232024 1075232024 1075232024 1075232024 1075232024 1075232024 1075232024 1075232024 1075232024 1075232024 1075232024 1075232024 1075232024 1075232024 1075232024 1075232024 1075232024 0 0 0 0 0 0 0 0 0
1080870101 1080870101 1080870101 1080870101 1080870101 1080870101 1080870101 1080870101 1080870101 0 0 0 0 0 0 0 0 0 1080870101 2 4 4 1 0 4 4 1 2 6 1080870101 1080870101 1080870101 1080870101 1080870101 1080870101 1080870101 1080870101 1080870101 1080870101 1080870101 1080870101 1080870101 1080870101 1080870101 1080870101 1080870101 1080870101 0 0 0 0 0 0 0 0 0
1063599983 1076888083 3228782960 3222345443 2143289344 3229615534 3227050584 3226859867 3228562935 3228473784 1077236839 1054432171 3214944056 1078182565 1058709234 1035842396 1071246249 1080988246 1065734680 2 2 4 2 6 5 1 3 1 8 1063599983 1076888083 3228782960 3222345443 2143289344 3229615534 3227050584 3226859867 3228562935 1063599983 1076888083 3228782960 3222345443 2143289344 3229615534 3227050584 3226859867 3228562935 0 0 0 0 0 0 0 0 0
3193060692 3222842046 1077294768 3202805377 3211954318 1078168895 1078610862 3230896591 1066510202 3224880834 3218981112 3222218099 1079503263 1064346912 3230311150 1080858561 1057970964 1081495541 2143289344 4 4 3 0 2 7 0 4 3 1 3193060692 3222842046 1077294768 3202805377 3211954318 1078168895 1078610862 3230896591 1066510202 3193060692 3222842046 1077294768 3202805377 3211954318 1078168895 1078610862 3230896591 1066510202 0 0 0 0 0 0 0 0 0
2139095040 2139095040 2139095040 2139095040 2139095040 2139095040 2139095040 2139095040 2139095040 3222032272 3228553748 3221067526 1076982226 3216749634 3175381494 1044179540 1074892136 3197997502 1032348365 5 6 2 4 6 0 3 7 1 5 2139095040 3228553748 2139095040 2139095040 3216749634 3175381494 2139095040 1074892136 2139095040 2139095040 3228553748 2139095040 2139095040 3216749634 3175381494 2139095040 1074892136 2139095040 0 3 0 0 1 4 0 2 0
1079723671 1079723671 1079723671 1079723671 1079723671 1079723671 1079723671 1079723671 1079723671 0 0 0 0 0 0 0 0 0 1071335063 5 255 255 255 255 255 255 255 255 255 0 0 0 0 0 0 0 0 0 0 0 0 0 0 0 0 0 0 0 0 0 0 0 0 0 0 0
1074930382 1074930382 1074930382 1074930382 1074930382 1074930382 1074930382 1074930382 1074930382 0 0 0 0 0 0 0 0 0 1066541774 0 7 5 8 4 8 0 7 5 7 1074930382 1074930382 1074930382 1074930382 1074930382 1074930382 1074930382 1074930382 1074930382 1074930382 1074930382 1074930382 1074930382 1074930382 1074930382 1074930382 1074930382 1074930382 0 0 0 0 0 0 0 0 0
3204367440 1079490315 1032594086 3218685994 3208860223 3226030458 3221379695 3205083817 3217750181 1083099949 3229122426 3231014214 3227605884 3229857804 3224621377 3231622413 3224362582 3186233432 1078066709 1 6 8 4 0 8 8 2 0 0 3204367440 1079490315 1032594086 3218685994 3208860223 3226030458 3221379695 3205083817 3217750181 3204367440 1079490315 1032594086 3218685994 3208860223 3226030458 3221379695 3205083817 3217750181 0 0 0 0 0 0 0 0 0
3205201005 3217878210 1064039071 1081258667 1064809850 3221726863 1083744178 3224817512 3221778683 3205201005 3217878210 1064039071 1081258667 1064809850 3221726863 1083744178 3224817512 3221778683 1075249925 2 8 4 2 5 3 3 4 7 1 3205201005 3217878210 1064039071 1081258667 1064809850 3221726863 1083744178 3224817512 3221778683 3205201005 3217878210 1064039071 1081258667 1064809850 3221726863 1083744178 3224817512 3221778683 0 0 0 0 0 0 0 0 0
1077143310 1077143310 1077143310 1077143310 1077143310 1077143310 1077143310 1077143310 1077143310 0 0 0 0 0 0 0 0 0 1068754702 3 1 1 1 1 1 1 1 1 1 0 0 0 0 0 0 0 0 0 0 0 0 0 0 0 0 0 0 2 2 2 2 2 2 2 2 2
1055125024 1055125024 1055125024 1055125024 1055125024 1055125024 1055125024 1055125024 1055125024 0 0 0 0 0 0 0 0 0 1046736416 3 2 2 2 2 2 2 2 2 2 1055125024 1055125024 1055125024 1055125024 1055125024 1055125024 1055125024 1055125024 1055125024 1055125024 1055125024 1055125024 1055125024 1055125024 1055125024 1055125024 1055125024 1055125024 0 0 0 0 0 0 0 0 0
1066096483 1066096483 1066096483 1066096483 1066096483 1066096483 1066096483 1066096483 1066096483 0 0 0 0 0 0 0 0 0 1066096483 2 5 1 5 5 5 3 0 8 5 1066096483 1066096483 1066096483 1066096483 1066096483 1066096483 1066096483 1066096483 1066096483 1066096483 1066096483 1066096483 1066096483 1066096483 1066096483 1066096483 1066096483 1066096483 0 0 0 0 0 0 0 0 0
3226984907 3229345968 3221470269 3222629204 2143289344 3183056620 3218527498 1083011747 1066493954 1078532831 3227241750 1041293069 3214215325 3214598151 1058346193 3231374653 3226764441 3221348007 1078518136 4 7 4 2 1 6 0 6 8 2 3226984907 3229345968 3221470269 3222629204 2143289344 3183056620 3218527498 1083011747 3221348007 3226984907 3229345968 3221470269 3222629204 2143289344 3183056620 3218527498 1083011747 3221348007 0 0 0 0 0 0 0 0 3
3214749765 1052033906 3224302539 1083537992 1075907338 3214448031 1076499259 1054792945 3205141610 3226963944 3221686137 3207891080 1077715029 1065908371 1073500036 1051390940 3227140692 3228160776 2143289344 4 0 7 2 8 0 4 1 6 3 3214749765 1052033906 3224302539 1083537992 1075907338 3214448031 1076499259 1054792945 3205141610 3214749765 1052033906 3224302539 1083537992 1075907338 3214448031 1076499259 1054792945 3205141610 0 0 0 0 0 0 0 0 0
2139095040 2139095040 2139095040 2139095040 2139095040 2139095040 2139095040 2139095040 2139095040 1079117341 3231018494 1083961988 3213054200 1082882072 3225826260 1075430328 1078029585 3197287839 1075189366 1 7 1 7 6 6 7 3 8 8 2139095040 2139095040 2139095040 2139095040 2139095040 2139095040 2139095040 2139095040 2139095040 2139095040 2139095040 2139095040 2139095040 2139095040 2139095040 2139095040 2139095040 2139095040 0 0 0 0 0 0 0 0 0
1087979787 1087979787 1087979787 1087979787 1087979787 1087979787 1087979787 1087979787 1087979787 0 0 0 0 0 0 0 0 0 1079591179 5 255 255 255 255 255 255 255 255 255 0 0 0 0 0 0 0 0 0 0 0 0 0 0 0 0 0 0 0 0 0 0 0 0 0 0 0
1087296406 1087296406 1087296406 1087296406 1087296406 1087296406 1087296406 1087296406 1087296406 0 0 0 0 0 0 0 0 0 1078907798 0 4 7 8 2 1 7 4 8 3 1087296406 1087296406 1087296406 1087296406 1087296406 1087296406 1087296406 1087296406 1087296406 1087296406 1087296406 1087296406 1087296406 1087296406 1087296406 1087296406 1087296406 1087296406 0 0 0 0 0 0 0 0 0
3231398889 1083013941 1078967272 1074703859 1059495812 3228869204 1072303973 1076938043 3204284431 3216411140 3216242250 1082822805 1079490508 3196450557 1058031435 1080008263 3224228564 1069525422 1076752907 2 5 0 3 5 3 2 4 3 2 3231398889 3216242250 1078967272 1074703859 1059495812 3228869204 1072303973 1076938043 3204284431 3231398889 3216242250 1078967272 1074703859 1059495812 3228869204 1072303973 1076938043 3204284431 0 1 0 0 0 0 0 0 0
3220433494 3176461450 1075253231 1052501884 1074303222 3222196572 3206582946 3221389889 1075944415 3220433494 3176461450 1075253231 1052501884 1074303222 3222196572 3206582946 3221389889 1075944415 1062549262 1 5 4 8 8 5 8 2 4 8 3220433494 3176461450 1075253231 1052501884 1074303222 3222196572 3206582946 3221389889 1075944415 3220433494 3176461450 1075253231 1052501884 1074303222 3222196572 3206582946 3221389889 1075944415 0 0 0 0 0 0 0 0 0
1082790776 1082790776 1082790776 1082790776 1082790776 1082790776 1082790776 1082790776 1082790776 0 0 0 0 0 0 0 0 0 1074402168 3 1 1 1 1 1 1 1 1 1 0 0 0 0 0 0 0 0 0 0 0 0 0 0 0 0 0 0 2 2 2 2 2 2 2 2 2
1086494632 1086494632 1086494632 1086494632 1086494632 1086494632 1086494632 1086494632 1086494632 0 0 0 0 0 0 0 0 0 1078106024 3 2 2 2 2 2 2 2 2 2 1086494632 1086494632 1086494632 1086494632 1086494632 1086494632 1086494632 1086494632 1086494632 1086494632 1086494632 1086494632 1086494632 1086494632 1086494632 1086494632 1086494632 1086494632 0 0 0 0 0 0 0 0 0
1008659835 1008659835 1008659835 1008659835 1008659835 1008659835 1008659835 1008659835 1008659835 0 0 0 0 0 0 0 0 0 1008659835 1 0 7 7 6 8 4 0 5 3 1008659835 1008659835 1008659835 1008659835 1008659835 1008659835 1008659835 1008659835 1008659835 1008659835 1008659835 1008659835 1008659835 1008659835 1008659835 1008659835 1008659835 1008659835 0 0 0 0 0 0 0 0 0
1077419478 3192936644 1076914063 3199458477 2143289344 3231576893 1073426704 1073634779 1075640747 3231608755 3199702041 3230135773 3229839271 3227766713 1077463012 3209221459 1070371056 3214047580 1062623003 3 5 1 8 7 1 2 7 1 8 1077419478 3192936644 1076914063 3199458477 2143289344 3231576893 1073426704 1073634779 1075640747 1077419478 3192936644 1076914063 3199458477 2143289344 3231576893 1073426704 1073634779 1075640747 0 0 0 0 0 0 0 0 0
3212176834 3229618824 1051931951 3225896012 3219825602 3224542344 1036332558 3205809381 1066909943 3221412820 3223294412 3230994184 1074007271 1080456414 3223456509 1083101755 3217218533 1057918768 2143289344 5 1 5 6 0 7 7 1 0 6 3212176834 3229618824 1051931951 3225896012 3219825602 3224542344 1036332558 3205809381 1066909943 3212176834 3229618824 1051931951 3225896012 3219825602 3224542344 1036332558 3205809381 1066909943 0 0 0 0 0 0 0 0 0
2139095040 2139095040 2139095040 2139095040 2139095040 2139095040 2139095040 2139095040 2139095040 3217235202 3229947926 3215594918 3230515578 3223756243 3220104115 3227811161 3213216076 3225567916 1068398664 1 0 4 5 6 5 2 8 7 4 2139095040 2139095040 2139095040 2139095040 2139095040 2139095040 2139095040 2139095040 2139095040 2139095040 2139095040 2139095040 2139095040 2139095040 2139095040 2139095040 2139095040 2139095040 0 0 0 0 0 0 0 0 0
1086147580 1086147580 1086147580 1086147580 1086147580 1086147580 1086147580 1086147580 1086147580 0 0 0 0 0 0 0 0 0 1077758972 1 255 255 255 255 255 255 255 255 255 0 0 0 0 0 0 0 0 0 0 0 0 0 0 0 0 0 0 0 0 0 0 0 0 0 0 0
1089498349 1089498349 1089498349 1089498349 1089498349 1089498349 1089498349 1089498349 1089498349 0 0 0 0 0 0 0 0 0 1081109741 0 4 4 6 8 5 0 4 7 2 1089498349 1089498349 1089498349 1089498349 1089498349 1089498349 1089498349 1089498349 1089498349 1089498349 1089498349 1089498349 1089498349 1089498349 1089498349 1089498349 1089498349 1089498349 0 0 0 0 0 0 0 0 0
3225097582 1083647784 3229308276 1073759937 1081290135 1077318122 1078273404 1084224594 1072573291 3230271993 1082622529 1078046570 3201776102 3214807438 3226685257 989582296 3228538795 1051392652 1074579849 3 4 6 0 0 2 6 7 0 7 3225097582 1083647784 1078046570 3201776102 1081290135 1077318122 1078273404 3228538795 1072573291 3225097582 1083647784 1078046570 3201776102 1081290135 1077318122 1078273404 3228538795 1072573291 0 0 1 1 0 0 0 1 0
3213132380 1067995981 1082362414 1083967235 3214046246 3225915208 1055035151 3207082722 1075153869 3213132380 1067995981 1082362414 1083967235 3214046246 3225915208 1055035151 3207082722 1075153869 1044322747 5 2 8 1 2 7 1 8 5 7 3213132380 1067995981 1082362414 1083967235 3214046246 3225915208 1055035151 3207082722 1075153869 3213132380 1067995981 1082362414 1083967235 3214046246 3225915208 1055035151 3207082722 1075153869 0 0 0 0 0 0 0 0 0
1088183683 1088183683 1088183683 1088183683 1088183683 1088183683 1088183683 1088183683 1088183683 0 0 0 0 0 0 0 0 0 1079795075 3 1 1 1 1 1 1 1 1 1 0 0 0 0 0 0 0 0 0 0 0 0 0 0 0 0 0 0 2 2 2 2 2 2 2 2 2
1089709520 1089709520 1089709520 1089709520 1089709520 1089709520 1089709520 1089709520 1089709520 0 0 0 0 0 0 0 0 0 1081320912 3 2 2 2 2 2 2 2 2 2 1089709520 1089709520 1089709520 1089709520 1089709520 1089709520 1089709520 1089709520 1089709520 1089709520 1089709520 1089709520 1089709520 1089709520 1089709520 1089709520 1089709520 1089709520 0 0 0 0 0 0 0 0 0
1052040354 1052040354 1052040354 1052040354 1052040354 1052040354 1052040354 1052040354 1052040354 0 0 0 0 0 0 0 0 0 1052040354 2 2 6 3 0 3 7 7 5 0 1052040354 1052040354 1052040354 1052040354 1052040354 1052040354 1052040354 1052040354 1052040354 1052040354 1052040354 1052040354 1052040354 1052040354 1052040354 1052040354 1052040354 1052040354 0 0 0 0 0 0 0 0 0
3211473696 3221430642 1076397047 3231034406 2143289344 1076373566 1063774417 1076123765 1081239469 3230028551 1068117322 1078425659 3231601755 1073270447 3228496880 1083023918 3229793917 3208936800 1070964849 1 3 0 4 4 7 7 2 6 1 3211473696 3221430642 1076397047 3231034406 2143289344 1076373566 1063774417 1076123765 1081239469 3211473696 3221430642 1076397047 3231034406 2143289344 1076373566 1063774417 1076123765 1081239469 0 0 0 0 0 0 0 0 0
1083175741 1064258474 3230738146 3179349849 1049852622 3228786761 1077051002 3230837029 1070073027 1068652450 3224178510 1083616011 1078181364 3223487244 1083539518 3231433563 3230342090 3213710117 2143289344 3 5 4 2 8 8 2 4 1 2 1083175741 1064258474 3230738146 3179349849 1049852622 3228786761 1077051002 3230837029 1070073027 1083175741 1064258474 3230738146 3179349849 1049852622 3228786761 1077051002 3230837029 1070073027 0 0 0 0 0 0 0 0 0
2139095040 2139095040 2139095040 2139095040 2139095040 2139095040 2139095040 2139095040 2139095040 3226195622 1081418092 3217555151 3226774213 3222296342 3227573515 1082348461 1042208302 1083845945 1074007349 5 5 0 5 8 4 4 3 5 4 2139095040 1081418092 2139095040 2139095040 2139095040 2139095040 1082348461 2139095040 2139095040 2139095040 1081418092 2139095040 2139095040 2139095040 2139095040 1082348461 2139095040 2139095040 0 1 0 0 0 0 4 0 0
1088836403 1088836403 1088836403 1088836403 1088836403 1088836403 1088836403 1088836403 1088836403 0 0 0 0 0 0 0 0 0 1080447795 2 255 255 255 255 255 255 255 255 255 0 0 0 0 0 0 0 0 0 0 0 0 0 0 0 0 0 0 0 0 0 0 0 0 0 0 0
1080469764 1080469764 1080469764 1080469764 1080469764 1080469764 1080469764 1080469764 1080469764 0 0 0 0 0 0 0 0 0 1072081156 0 0 1 8 4 1 5 4 2 3 1080469764 1080469764 1080469764 1080469764 1080469764 1080469764 1080469764 1080469764 1080469764 1080469764 1080469764 1080469764 1080469764 1080469764 1080469764 1080469764 1080469764 1080469764 0 0 0 0 0 0 0 0 0
1081162550 3207455249 3211133471 3229039679 3214136714 3222272732 1055497570 3231127034 1074754529 1077914902 3227658233 1080029682 3214816498 1080805140 3213291557 1057105477 1059899763 3231654926 1059686313 2 0 0 1 6 2 2 1 5 1 1077914902 3227658233 3211133471 3229039679 3214136714 3222272732 1055497570 3231127034 1074754529 1077914902 3227658233 3211133471 3229039679 3214136714 3222272732 1055497570 3231127034 1074754529 1 1 0 0 0 0 0 0 0
1046518334 3224106999 1080336611 1028607475 1076869458 3228909512 1083538924 3204870645 1059427278 1046518334 3224106999 1080336611 1028607475 1076869458 3228909512 1083538924 3204870645 1059427278 1059574390 5 3 4 5 8 4 6 8 7 8 1046518334 3224106999 1080336611 1028607475 1076869458 3228909512 1083538924 3204870645 1059427278 1046518334 3224106999 1080336611 1028607475 1076869458 3228909512 1083538924 3204870645 1059427278 0 0 0 0 0 0 0 0 0
1071864588 1071864588 1071864588 1071864588 1071864588 1071864588 1071864588 1071864588 1071864588 0 0 0 0 0 0 0 0 0 1063475980 3 1 1 1 1 1 1 1 1 1 0 0 0 0 0 0 0 0 0 0 0 0 0 0 0 0 0 0 2 2 2 2 2 2 2 2 2
1083689623 1083689623 1083689623 1083689623 1083689623 1083689623 1083689623 1083689623 1083689623 0 0 0 0 0 0 0 0 0 1075301015 3 2 2 2 2 2 2 2 2 2 1083689623 1083689623 1083689623 1083689623 1083689623 1083689623 1083689623 1083689623 1083689623 1083689623 1083689623 1083689623 1083689623 1083689623 1083689623 1083689623 1083689623 1083689623 0 0 0 0 0 0 0 0 0
1081677787 1081677787 1081677787 1081677787 1081677787 1081677787 1081677787 1081677787 1081677787 0 0 0 0 0 0 0 0 0 1081677787 4 8 4 5 6 5 1 8 4 3 1081677787 1081677787 1081677787 1081677787 1081677787 1081677787 1081677787 1081677787 1081677787 1081677787 1081677787 1081677787 1081677787 1081677787 1081677787 1081677787 1081677787 1081677787 0 0 0 0 0 0 0 0 0
3231373625 1059598667 1065648783 1076075405 2143289344 3221739660 3226698145 1053374649 1076103098 1078922523 3215033357 3230376994 3230372919 1080456311 1081668463 1083758161 1078705692 1076092794 1052808025 1 0 0 1 4 7 3 1 3 2 3231373625 1059598667 1065648783 1076075405 2143289344 3221739660 3226698145 1053374649 1076103098 3231373625 1059598667 1065648783 1076075405 2143289344 3221739660 3226698145 1053374649 1076103098 0 0 0 0 0 0 0 0 0
3225117625 1083739030 3223288867 1068825610 3192377292 3228890606 3216560160 1068413796 1073583507 1080958379 1081429931 3217301516 3214423338 3230046793 3217574069 1077642248 3223983904 1076312791 2143289344 5 7 4 4 4 0 0 3 6 5 3225117625 1083739030 3223288867 1068825610 3192377292 3228890606 3216560160 1068413796 1073583507 3225117625 1083739030 3223288867 1068825610 3192377292 3228890606 3216560160 1068413796 1073583507 0 0 0 0 0 0 0 0 0
2139095040 2139095040 2139095040 2139095040 2139095040 2139095040 2139095040 2139095040 2139095040 3210849250 3211654842 3219995829 3229565903 3214236254 1083646635 1063530038 1074446230 1068878388 1040908733 1 5 3 7 8 6 8 8 0 7 2139095040 2139095040 2139095040 2139095040 2139095040 2139095040 2139095040 2139095040 2139095040 2139095040 2139095040 2139095040 2139095040 2139095040 2139095040 2139095040 2139095040 2139095040 0 0 0 0 0 0 0 0 0
1086827341 1086827341 1086827341 1086827341 1086827341 1086827341 1086827341 1086827341 1086827341 0 0 0 0 0 0 0 0 0 1078438733 5 255 255 255 255 255 255 255 255 255 0 0 0 0 0 0 0 0 0 0 0 0 0 0 0 0 0 0 0 0 0 0 0 0 0 0 0
1088094466 1088094466 1088094466 1088094466 1088094466 1088094466 1088094466 1088094466 1088094466 0 0 0 0 0 0 0 0 0 1079705858 0 5 0 6 8 0 2 6 7 4 1088094466 1088094466 1088094466 1088094466 1088094466 1088094466 1088094466 1088094466 1088094466 1088094466 1088094466 1088094466 1088094466 1088094466 1088094466 1088094466 1088094466 1088094466 0 0 0 0 0 0 0 0 0
3215593888 3227457679 3212083321 3227279841 3221968529 3219212639 1080047932 1082650798 1077904500 3222458365 1069025473 1080510955 3223938748 3222686525 3223096411 3223699104 3213166819 1083836693 1082104792 2 2 8 4 1 6 0 7 4 7 3215593888 3227457679 3212083321 3227279841 3221968529 3219212639 1080047932 1082650798 1077904500 3215593888 3227457679 3212083321 3227279841 3221968529 3219212639 1080047932 1082650798 1077904500 0 0 0 0 0 0 0 0 0
1065287103 1070801544 3230933165 1067745452 3208596715 1082885563 3228275359 3228401582 1069707187 1065287103 1070801544 3230933165 1067745452 3208596715 1082885563 3228275359 3228401582 1069707187 1060408903 5 6 2 5 3 7 5 7 1 7 1065287103 1070801544 3230933165 1067745452 3208596715 1082885563 3228275359 3228401582 1069707187 1065287103 1070801544 3230933165 1067745452 3208596715 1082885563 3228275359 3228401582 1069707187 0 0 0 0 0 0 0 0 0
1089198809 1089198809 1089198809 1089198809 1089198809 1089198809 1089198809 1089198809 1089198809 0 0 0 0 0 0 0 0 0 1080810201 3 1 1 1 1 1 1 1 1 1 0 0 0 0 0 0 0 0 0 0 0 0 0 0 0 0 0 0 2 2 2 2 2 2 2 2 2
1062577484 1062577484 1062577484 1062577484 1062577484 1062577484 1062577484 1062577484 1062577484 0 0 0 0 0 0 0 0 0 1054188876 3 2 2 2 2 2 2 2 2 2 1062577484 1062577484 1062577484 1062577484 1062577484 1062577484 1062577484 1062577484 1062577484 1062577484 1062577484 1062577484 1062577484 1062577484 1062577484 1062577484 1062577484 1062577484 0 0 0 0 0 0 0 0 0
1079975566 1079975566 1079975566 1079975566 1079975566 1079975566 1079975566 1079975566 1079975566 0 0 0 0 0 0 0 0 0 1079975566 2 8 3 6 3 6 6 0 3 5 1079975566 1079975566 1079975566 1079975566 1079975566 1079975566 1079975566 1079975566 1079975566 1079975566 1079975566 1079975566 1079975566 1079975566 1079975566 1079975566 1079975566 1079975566 0 0 0 0 0 0 0 0 0
1069282592 1079529294 3228088119 3212497992 2143289344 1060000344 1074350069 3228082778 3216490084 1071242619 1070196713 1076499146 1082763288 1064913651 3228528121 3224886357 3220115200 1083687661 1064052988 3 7 4 8 2 5 6 1 5 2 1069282592 1079529294 3228088119 3212497992 2143289344 1060000344 3224886357 3228082778 3216490084 1069282592 1079529294 3228088119 3212497992 2143289344 1060000344 3224886357 3228082778 3216490084 0 0 0 0 0 0 2 0 0
1073206805 1071058482 3222657426 3230137032 1081095755 1082498537 1075946566 1079219069 1060419977 3228067167 3217361762 1069067538 1071115853 1062864840 1060199769 3230928312 3230435659 1075381308 2143289344 5 1 8 5 5 4 8 6 3 0 1073206805 1071058482 3222657426 3230137032 1081095755 1082498537 1075946566 1079219069 1060419977 1073206805 1071058482 3222657426 3230137032 1081095755 1082498537 1075946566 1079219069 1060419977 0 0 0 0 0 0 0 0 0
2139095040 2139095040 2139095040 2139095040 2139095040 2139095040 2139095040 2139095040 2139095040 3226446926 3225723702 1078415421 1065896992 1073773809 3191312473 3217444149 1074784664 3214987298 1081375456 1 6 6 5 7 0 6 7 8 5 2139095040 2139095040 2139095040 2139095040 2139095040 2139095040 2139095040 2139095040 2139095040 2139095040 2139095040 2139095040 2139095040 2139095040 2139095040 2139095040 2139095040 2139095040 0 0 0 0 0 0 0 0 0
1077653899 1077653899 1077653899 1077653899 1077653899 1077653899 1077653899 1077653899 1077653899 0 0 0 0 0 0 0 0 0 1069265291 4 255 255 255 255 255 255 255 255 255 0 0 0 0 0 0 0 0 0 0 0 0 0 0 0 0 0 0 0 0 0 0 0 0 0 0 0
1062582013 1062582013 1062582013 1062582013 1062582013 1062582013 1062582013 1062582013 1062582013 0 0 0 0 0 0 0 0 0 1054193405 0 1 6 8 7 5 1 1 0 0 1062582013 1062582013 1062582013 1062582013 1062582013 1062582013 1062582013 1062582013 1062582013 1062582013 1062582013 1062582013 1062582013 1062582013 1062582013 1062582013 1062582013 1062582013 0 0 0 0 0 0 0 0 0
1082743588 1052993609 3225353733 3222237097 3215800897 1063119912 1083123003 3210694933 3230923636 1080234376 1075973432 1077276573 3227084592 1070954406 1064688678 3222147088 1082873509 3230459023 1079186364 2 2 7 6 1 1 8 3 2 8 1082743588 1052993609 3225353733 3222237097 3215800897 1063119912 1083123003 3210694933 3230923636 1082743588 1052993609 3225353733 3222237097 3215800897 1063119912 1083123003 3210694933 3230923636 0 0 0 0 0 0 0 0 0
1082304553 1057888712 3217179669 3215887285 3222140231 3209656012 1046560660 1079809579 1071572603 1082304553 1057888712 3217179669 3215887285 3222140231 3209656012 1046560660 1079809579 1071572603 1067304208 1 3 6 6 7 5 2 6 5 3 1082304553 1057888712 3217179669 3215887285 3222140231 3209656012 1046560660 1079809579 1071572603 1082304553 1057888712 3217179669 3215887285 3222140231 3209656012 1046560660 1079809579 1071572603 0 0 0 0 0 0 0 0 0
1076254927 1076254927 1076254927 1076254927 1076254927 1076254927 1076254927 1076254927 1076254927 0 0 0 0 0 0 0 0 0 1067866319 3 1 1 1 1 1 1 1 1 1 0 0 0 0 0 0 0 0 0 0 0 0 0 0 0 0 0 0 2 2 2 2 2 2 2 2 2
1069397600 1069397600 1069397600 1069397600 1069397600 1069397600 1069397600 1069397600 1069397600 0 0 0 0 0 0 0 0 0 1061008992 3 2 2 2 2 2 2 2 2 2 1069397600 1069397600 1069397600 1069397600 1069397600 1069397600 1069397600 1069397600 1069397600 1069397600 1069397600 1069397600 1069397600 1069397600 1069397600 1069397600 1069397600 1069397600 0 0 0 0 0 0 0 0 0
1066501866 1066501866 1066501866 1066501866 1066501866 1066501866 1066501866 1066501866 1066501866 0 0 0 0 0 0 0 0 0 1066501866 4 0 1 8 0 2 7 2 0 5 1066501866 1066501866 1066501866 1066501866 1066501866 1066501866 1066501866 1066501866 1066501866 1066501866 1066501866 1066501866 1066501866 1066501866 1066501866 1066501866 1066501866 1066501866 0 0 0 0 0 0 0 0 0
3211031042 3223858237 3214664906 1077075292 2143289344 1070280190 1083963386 1065646351 3224637879 3231176729 3221287746 3213400909 3230361691 3230430385 1078299230 1075285068 1075262074 3223620864 1079910051 1 7 1 4 4 6 1 0 4 3 3211031042 3223858237 3214664906 1077075292 2143289344 1070280190 1083963386 1065646351 3224637879 3211031042 3223858237 3214664906 1077075292 2143289344 1070280190 1083963386 1065646351 3224637879 0 0 0 0 0 0 0 0 0
1070763190 3220700917 1081593602 3227106515 1082064381 3218133493 3231521548 3226651885 3225456569 1081297180 1049546023 3222335717 3228767340 3218972931 1050784207 1068434120 3218182201 1078257943 2143289344 1 2 2 8 2 1 3 7 2 0 1070763190 3220700917 1081593602 3227106515 1082064381 3218133493 3231521548 3226651885 3225456569 1070763190 3220700917 1081593602 3227106515 1082064381 3218133493 3231521548 3226651885 3225456569 0 0 0 0 0 0 0 0 0
2139095040 2139095040 2139095040 2139095040 2139095040 2139095040 2139095040 2139095040 2139095040 3216733543 1083946721 3202666630 1065728436 3227627607 1078093110 3212047037 3142060313 3230306670 1076566572 1 7 7 6 8 3 2 6 2 0 2139095040 2139095040 2139095040 2139095040 2139095040 2139095040 2139095040 2139095040 2139095040 2139095040 2139095040 2139095040 2139095040 2139095040 2139095040 2139095040 2139095040 2139095040 0 0 0 0 0 0 0 0 0
1084773230 1084773230 1084773230 1084773230 1084773230 1084773230 1084773230 1084773230 1084773230 0 0 0 0 0 0 0 0 0 1076384622 4 255 255 255 255 255 255 255 255 255 0 0 0 0 0 0 0 0 0 0 0 0 0 0 0 0 0 0 0 0 0 0 0 0 0 0 0
1083773041 1083773041 1083773041 1083773041 1083773041 1083773041 1083773041 1083773041 1083773041 0 0 0 0 0 0 0 0 0 1075384433 0 5 7 3 6 7 0 6 3 2 1083773041 1083773041 1083773041 1083773041 1083773041 1083773041 1083773041 1083773041 1083773041 1083773041 1083773041 1083773041 1083773041 1083773041 1083773041 1083773041 1083773041 1083773041 0 0 0 0 0 0 0 0 0
3213997135 3228077987 3231075060 1079016544 1080243798 1069405098 3225518871 3228287993 3188059566 1035604677 1066872395 3230345202 1083861211 3218375014 3220423510 3210391477 3191993975 1079936395 1078582412 1 4 7 8 8 2 4 2 4 0 3213997135 3228077987 3231075060 1079016544 1080243798 1069405098 3225518871 3228287993 3188059566 3213997135 3228077987 3231075060 1079016544 1080243798 1069405098 3225518871 3228287993 3188059566 0 0 0 0 0 0 0 0 0
3185606688 3226885199 3221495471 3204607474 1078238753 3213838672 1064802098 1080607861 1076917570 3185606688 3226885199 3221495471 3204607474 1078238753 3213838672 1064802098 1080607861 1076917570 1077784569 3 1 1 4 8 2 3 2 3 2 3185606688 3226885199 3221495471 3204607474 1078238753 3213838672 1064802098 1080607861 1076917570 3185606688 3226885199 3221495471 3204607474 1078238753 3213838672 1064802098 1080607861 1076917570 0 0 0 0 0 0 0 0 0
1073784087 1073784087 1073784087 1073784087 1073784087 1073784087 1073784087 1073784087 1073784087 0 0 0 0 0 0 0 0 0 1065395479 3 1 1 1 1 1 1 1 1 1 0 0 0 0 0 0 0 0 0 0 0 0 0 0 0 0 0 0 2 2 2 2 2 2 2 2 2
1089832583 1089832583 1089832583 1089832583 1089832583 1089832583 1089832583 1089832583 1089832583 0 0 0 0 0 0 0 0 0 1081443975 3 2 2 2 2 2 2 2 2 2 1089832583 1089832583 1089832583 1089832583 1089832583 1089832583 1089832583 1089832583 1089832583 1089832583 1089832583 1089832583 1089832583 1089832583 1089832583 1089832583 1089832583 1089832583 0 0 0 0 0 0 0 0 0
1081454830 1081454830 1081454830 1081454830 1081454830 1081454830 1081454830 1081454830 1081454830 0 0 0 0 0 0 0 0 0 1081454830 4 6 5 1 4 4 8 5 5 7 1081454830 1081454830 1081454830 1081454830 1081454830 1081454830 1081454830 1081454830 1081454830 1081454830 1081454830 1081454830 1081454830 1081454830 1081454830 1081454830 1081454830 1081454830 0 0 0 0 0 0 0 0 0
1072995590 1083900128 3213648333 3214235452 2143289344 3200715266 1081493385 3222238979 1080096751 3217707650 3227581471 3193315404 1061953845 3206245423 3221597885 1078104823 1082388403 1081717963 1078317044 5 7 7 6 0 2 5 0 4 7 1072995590 1083900128 3213648333 3214235452 2143289344 3200715266 1081493385 3222238979 1080096751 1072995590 1083900128 3213648333 3214235452 2143289344 3200715266 1081493385 3222238979 1080096751 0 0 0 0 0 0 0 0 0
1078830395 1057662728 3213142892 1074691431 3227504689 3231576903 3226256148 3230877378 3221500491 3216760973 3222704372 3223403497 1083141008 1065453216 1077823745 1083561613 1081674263 1082804198 2143289344 2 7 1 7 5 3 1 4 4 7 1078830395 1057662728 3213142892 1074691431 3227504689 3231576903 3226256148 3230877378 3221500491 1078830395 1057662728 3213142892 1074691431 3227504689 3231576903 3226256148 3230877378 3221500491 0 0 0 0 0 0 0 0 0
2139095040 2139095040 2139095040 2139095040 2139095040 2139095040 2139095040 2139095040 2139095040 1084217608 1078953398 1073540742 3219935156 1058370645 1052949041 1079151278 1062847718 1074545810 1063179948 4 2 4 4 7 4 1 3 2 0 1084217608 2139095040 2139095040 2139095040 2139095040 1052949041 2139095040 1062847718 1074545810 1084217608 2139095040 2139095040 2139095040 2139095040 1052949041 2139095040 1062847718 1074545810 3 0 0 0 0 2 0 3 1
1060832255 1060832255 1060832255 1060832255 1060832255 1060832255 1060832255 1060832255 1060832255 0 0 0 0 0 0 0 0 0 1052443647 1 255 255 255 255 255 255 255 255 255 0 0 0 0 0 0 0 0 0 0 0 0 0 0 0 0 0 0 0 0 0 0 0 0 0 0 0
1089631069 1089631069 1089631069 1089631069 1089631069 1089631069 1089631069 1089631069 1089631069 0 0 0 0 0 0 0 0 0 1081242461 0 5 7 8 2 1 6 4 2 0 1089631069 1089631069 1089631069 1089631069 1089631069 1089631069 1089631069 1089631069 1089631069 1089631069 1089631069 1089631069 1089631069 1089631069 1089631069 1089631069 1089631069 1089631069 0 0 0 0 0 0 0 0 0
1084128759 3229701423 3216077495 3195685526 1082388116 1070648482 1059267327 1083531164 1074735850 1066087880 1082119072 1069972572 1071998213 1072576457 3188846478 3225018499 3226872143 1044632112 1079146023 5 7 1 1 5 2 8 8 6 5 1084128759 1082119072 3216077495 3195685526 1082388116 1070648482 1059267327 1083531164 1074735850 1084128759 1082119072 3216077495 3195685526 1082388116 1070648482 1059267327 1083531164 1074735850 0 2 0 0 0 0 0 0 0
3230682741 3193202134 1082677246 1046768774 1080577727 3231176888 3219966346 1081315336 3171151001 3230682741 3193202134 1082677246 1046768774 1080577727 3231176888 3219966346 1081315336 3171151001 1074109658 3 1 4 7 4 4 4 7 4 3 3230682741 3193202134 1082677246 1046768774 1080577727 3231176888 3219966346 1081315336 3171151001 3230682741 3193202134 1082677246 1046768774 1080577727 3231176888 3219966346 1081315336 3171151001 0 0 0 0 0 0 0 0 0
1066497432 1066497432 1066497432 1066497432 1066497432 1066497432 1066497432 1066497432 1066497432 0 0 0 0 0 0 0 0 0 1058108824 3 1 1 1 1 1 1 1 1 1 0 0 0 0 0 0 0 0 0 0 0 0 0 0 0 0 0 0 2 2 2 2 2 2 2 2 2
1085603342 1085603342 1085603342 1085603342 1085603342 1085603342 1085603342 1085603342 1085603342 0 0 0 0 0 0 0 0 0 1077214734 3 2 2 2 2 2 2 2 2 2 1085603342 1085603342 1085603342 1085603342 1085603342 1085603342 1085603342 1085603342 1085603342 1085603342 1085603342 1085603342 1085603342 1085603342 1085603342 1085603342 1085603342 1085603342 0 0 0 0 0 0 0 0 0
1079085982 1079085982 1079085982 1079085982 1079085982 1079085982 1079085982 1079085982 1079085982 0 0 0 0 0 0 0 0 0 1079085982 1 8 3 8 0 6 3 6 8 1 1079085982 1079085982 1079085982 1079085982 1079085982 1079085982 1079085982 1079085982 1079085982 1079085982 1079085982 1079085982 1079085982 1079085982 1079085982 1079085982 1079085982 1079085982 0 0 0 0 0 0 0 0 0
3200041915 1075961473 3230779491 3216941200 2143289344 1075825400 1063649177 3215036709 1082092200 3196209775 3223234938 3206099878 1072182485 3217008156 3208237938 1081433689 3221726984 3231227056 1030081355 2 4 1 2 4 7 2 7 3 5 3200041915 1075961473 3230779491 3216941200 2143289344 1075825400 1063649177 3215036709 1082092200 3200041915 1075961473 3230779491 3216941200 2143289344 1075825400 1063649177 3215036709 1082092200 0 0 0 0 0 0 0 0 0
3228437902 1083901081 1074586122 3229752833 3224790080 1058759768 1044442257 1080694450 3229214513 1082028861 3223731462 3230640752 3220452922 3228051480 3226655960 1073831234 1061084549 1057204878 2143289344 5 6 8 8 7 4 1 7 8 8 3228437902 1083901081 1074586122 3229752833 3224790080 1058759768 1044442257 1080694450 3229214513 3228437902 1083901081 1074586122 3229752833 3224790080 1058759768 1044442257 1080694450 3229214513 0 0 0 0 0 0 0 0 0
2139095040 2139095040 2139095040 2139095040 2139095040 2139095040 2139095040 2139095040 2139095040 3205749527 3225452133 1072189230 3231426643 3227727728 1082526549 1075924301 3231206729 1082167435 1081788722 4 7 6 7 6 2 6 6 0 6 2139095040 2139095040 2139095040 2139095040 3227727728 2139095040 2139095040 3231206729 2139095040 2139095040 2139095040 2139095040 2139095040 3227727728 2139095040 2139095040 3231206729 2139095040 0 0 0 0 3 0 0 1 0
1089527592 1089527592 1089527592 1089527592 1089527592 1089527592 1089527592 1089527592 1089527592 0 0 0 0 0 0 0 0 0 1081138984 1 255 255 255 255 255 255 255 255 255 0 0 0 0 0 0 0 0 0 0 0 0 0 0 0 0 0 0 0 0 0 0 0 0 0 0 0
1086685332 1086685332 1086685332 1086685332 1086685332 1086685332 1086685332 1086685332 1086685332 0 0 0 0 0 0 0 0 0 1078296724 0 8 1 8 8 1 4 8 8 2 1086685332 1086685332 1086685332 1086685332 1086685332 1086685332 1086685332 1086685332 1086685332 1086685332 1086685332 1086685332 1086685332 1086685332 1086685332 1086685332 1086685332 1086685332 0 0 0 0 0 0 0 0 0
1084141341 3231442654 3228623202 1070134683 1059494732 1078088171 3218725054 1075906882 3221957865 3204892677 1065140233 1054610400 1082612645 1071701757 1042876022 3226291416 1069670465 3212964957 1075676002 1 3 6 5 4 4 3 7 4 3 1084141341 3231442654 3228623202 1070134683 1059494732 1078088171 3218725054 1075906882 3221957865 1084141341 3231442654 3228623202 1070134683 1059494732 1078088171 3218725054 1075906882 3221957865 0 0 0 0 0 0 0 0 0
1065380004 1083112401 1056499136 3231482694 1068252623 1073509238 3229757274 1073796032 1066292026 1065380004 1083112401 1056499136 3231482694 1068252623 1073509238 3229757274 1073796032 1066292026 1069722546 2 0 3 5 6 5 4 5 8 4 1065380004 1083112401 1056499136 3231482694 1068252623 1073509238 3229757274 1073796032 1066292026 1065380004 1083112401 1056499136 3231482694 1068252623 1073509238 3229757274 1073796032 1066292026 0 0 0 0 0 0 0 0 0
1077578347 1077578347 1077578347 1077578347 1077578347 1077578347 1077578347 1077578347 1077578347 0 0 0 0 0 0 0 0 0 1069189739 3 1 1 1 1 1 1 1 1 1 0 0 0 0 0 0 0 0 0 0 0 0 0 0 0 0 0 0 2 2 2 2 2 2 2 2 2
1069354618 1069354618 1069354618 1069354618 1069354618 1069354618 1069354618 1069354618 1069354618 0 0 0 0 0 0 0 0 0 1060966010 3 2 2 2 2 2 2 2 2 2 1069354618 1069354618 1069354618 1069354618 1069354618 1069354618 1069354618 1069354618 1069354618 1069354618 1069354618 1069354618 1069354618 1069354618 1069354618 1069354618 1069354618 1069354618 0 0 0 0 0 0 0 0 0
1065858387 1065858387 1065858387 1065858387 1065858387 1065858387 1065858387 1065858387 1065858387 0 0 0 0 0 0 0 0 0 1065858387 3 0 8 0 1 8 6 7 5 7 1065858387 1065858387 1065858387 1065858387 1065858387 1065858387 1065858387 1065858387 1065858387 1065858387 1065858387 1065858387 1065858387 1065858387 1065858387 1065858387 1065858387 1065858387 0 0 0 0 0 0 0 0 0
3225622910 3221925265 1066167357 3225299231 2143289344 1025464523 1043699248 3219089045 1078805775 3207758054 3208615937 3211853419 1074157304 1077687597 1065784902 1080840780 1077167464 1075682974 1068361877 3 4 5 2 0 7 4 2 2 0 3225622910 3221925265 1066167357 1074157304 2143289344 1025464523 1043699248 3219089045 1078805775 3225622910 3221925265 1066167357 1074157304 2143289344 1025464523 1043699248 3219089045 1078805775 0 0 0 1 0 0 0 0 0
3230428488 3228496963 1076901475 1064508797 3226490203 3228432549 3230704226 1083935471 1076702193 1071229602 3213711300 3202362718 3227364992 3222024239 1059736972 1080403638 1075745124 3231364905 2143289344 2 4 4 3 5 6 1 3 7 3 3230428488 3228496963 1076901475 1064508797 3226490203 3228432549 3230704226 1083935471 1076702193 3230428488 3228496963 1076901475 1064508797 3226490203 3228432549 3230704226 1083935471 1076702193 0 0 0 0 0 0 0 0 0
2139095040 2139095040 2139095040 2139095040 2139095040 2139095040 2139095040 2139095040 2139095040 1074954668 3199284523 1075436582 3206715538 1058375598 1083439164 3225367021 1075862482 1083115823 1069828851 5 7 4 5 6 7 5 2 7 4 2139095040 2139095040 2139095040 2139095040 2139095040 2139095040 3225367021 2139095040 2139095040 2139095040 2139095040 2139095040 2139095040 2139095040 2139095040 3225367021 2139095040 2139095040 0 0 0 0 0 0 3 0 0
1080224578 1080224578 1080224578 1080224578 1080224578 1080224578 1080224578 1080224578 1080224578 0 0 0 0 0 0 0 0 0 1071835970 3 255 255 255 255 255 255 255 255 255 0 0 0 0 0 0 0 0 0 0 0 0 0 0 0 0 0 0 0 0 0 0 0 0 0 0 0
1039406943 1039406943 1039406943 1039406943 1039406943 1039406943 1039406943 1039406943 1039406943 0 0 0 0 0 0 0 0 0 1031018335 0 7 5 5 7 4 5 7 7 8 1039406943 1039406943 1039406943 1039406943 1039406943 1039406943 1039406943 1039406943 1039406943 1039406943 1039406943 1039406943 1039406943 1039406943 1039406943 1039406943 1039406943 1039406943 0 0 0 0 0 0 0 0 0
1077524883 3229861831 1082273849 3230592075 1058771919 3230090044 3181650790 1083789429 3229829662 3216434499 1079560008 3221879404 3231276641 3201138826 1075407537 3211827632 3226694694 3226250166 1073895980 3 6 1 1 5 6 8 1 4 0 1077524883 1079560008 3221879404 3230592075 1058771919 3230090044 3181650790 1083789429 3229829662 1077524883 1079560008 3221879404 3230592075 1058771919 3230090044 3181650790 1083789429 3229829662 0 2 2 0 0 0 0 0 0
3221318841 1077775590 3229928242 3222020864 3220720782 3225260982 3226182034 3205240076 1081846870 3221318841 1077775590 3229928242 3222020864 3220720782 3225260982 3226182034 3205240076 1081846870 1075665781 3 7 2 0 7 6 1 5 7 5 3221318841 1077775590 3229928242 3222020864 3220720782 3225260982 3226182034 3205240076 1081846870 3221318841 1077775590 3229928242 3222020864 3220720782 3225260982 3226182034 3205240076 1081846870 0 0 0 0 0 0 0 0 0
1088980932 1088980932 1088980932 1088980932 1088980932 1088980932 1088980932 1088980932 1088980932 0 0 0 0 0 0 0 0 0 1080592324 3 1 1 1 1 1 1 1 1 1 0 0 0 0 0 0 0 0 0 0 0 0 0 0 0 0 0 0 2 2 2 2 2 2 2 2 2
1076879521 1076879521 1076879521 1076879521 1076879521 1076879521 1076879521 1076879521 1076879521 0 0 0 0 0 0 0 0 0 1068490913 3 2 2 2 2 2 2 2 2 2 1076879521 1076879521 1076879521 1076879521 1076879521 1076879521 1076879521 1076879521 1076879521 1076879521 1076879521 1076879521 1076879521 1076879521 1076879521 1076879521 1076879521 1076879521 0 0 0 0 0 0 0 0 0
1056044900 1056044900 1056044900 1056044900 1056044900 1056044900 1056044900 1056044900 1056044900 0 0 0 0 0 0 0 0 0 1056044900 5 6 7 7 2 2 4 4 8 5 1056044900 1056044900 1056044900 1056044900 1056044900 1056044900 1056044900 1056044900 1056044900 1056044900 1056044900 1056044900 1056044900 1056044900 1056044900 1056044900 1056044900 1056044900 0 0 0 0 0 0 0 0 0
3228564954 1067504435 1081704365 1077678505 2143289344 1076086988 3186036726 3230570121 3227569234 3220454051 1082788158 1077655805 3230892793 3202938136 1063533257 3227554718 1069898194 3231473462 1077091049 3 6 6 4 4 2 7 4 7 8 3228564954 1067504435 1081704365 1077678505 2143289344 1076086988 3186036726 3230570121 3227569234 3228564954 1067504435 1081704365 1077678505 2143289344 1076086988 3186036726 3230570121 3227569234 0 0 0 0 0 0 0 0 0
3206245513 3205137477 1067262429 3223897148 1071178236 1082927994 1080036437 1052402382 1074209898 3225863345 3218520634 3231036135 3205025425 1074261944 1083465712 1077216695 3229878115 1067650784 2143289344 1 1 8 4 2 4 6 5 4 5 3206245513 3205137477 1067262429 3223897148 1071178236 1082927994 1080036437 1052402382 1074209898 3206245513 3205137477 1067262429 3223897148 1071178236 1082927994 1080036437 1052402382 1074209898 0 0 0 0 0 0 0 0 0
2139095040 2139095040 2139095040 2139095040 2139095040 2139095040 2139095040 2139095040 2139095040 3221893887 1079925450 1072657102 3214873094 3196420546 1077893620 1063037581 3231483550 1072416562 1063612713 1 7 4 4 5 5 6 5 1 7 2139095040 2139095040 2139095040 2139095040 2139095040 2139095040 2139095040 2139095040 2139095040 2139095040 2139095040 2139095040 2139095040 2139095040 2139095040 2139095040 2139095040 2139095040 0 0 0 0 0 0 0 0 0
1082856741 1082856741 1082856741 1082856741 1082856741 1082856741 1082856741 1082856741 1082856741 0 0 0 0 0 0 0 0 0 1074468133 5 255 255 255 255 255 255 255 255 255 0 0 0 0 0 0 0 0 0 0 0 0 0 0 0 0 0 0 0 0 0 0 0 0 0 0 0
1083634226 1083634226 1083634226 1083634226 1083634226 1083634226 1083634226 1083634226 1083634226 0 0 0 0 0 0 0 0 0 1075245618 0 2 8 8 4 1 1 2 2 2 1083634226 1083634226 1083634226 1083634226 1083634226 1083634226 1083634226 1083634226 1083634226 1083634226 1083634226 1083634226 1083634226 1083634226 1083634226 1083634226 1083634226 1083634226 0 0 0 0 0 0 0 0 0
3206656000 3223516111 1077962200 3226285236 3219816345 1082753496 1083601677 3213051715 1076202919 3211677902 1084131568 1066280165 3230736062 1071348781 1082087775 3172733433 3219314120 3226124754 1065141612 4 2 0 6 4 7 0 7 4 0 3206656000 1084131568 1077962200 3226285236 3219816345 1082753496 1083601677 3213051715 3226124754 3206656000 1084131568 1077962200 3226285236 3219816345 1082753496 1083601677 3213051715 3226124754 0 1 0 0 0 0 0 0 1
1080219989 1074404455 3226846505 1079041678 3210695905 1079638013 3230936029 3176495698 1076147107 1080219989 1074404455 3226846505 1079041678 3210695905 1079638013 3230936029 3176495698 1076147107 1065677006 1 3 6 2 0 3 7 1 6 5 1080219989 1074404455 3226846505 1079041678 3210695905 1079638013 3230936029 3176495698 1076147107 1080219989 1074404455 3226846505 1079041678 3210695905 1079638013 3230936029 3176495698 1076147107 0 0 0 0 0 0 0 0 0
1086261245 1086261245 1086261245 1086261245 1086261245 1086261245 1086261245 1086261245 1086261245 0 0 0 0 0 0 0 0 0 1077872637 3 1 1 1 1 1 1 1 1 1 0 0 0 0 0 0 0 0 0 0 0 0 0 0 0 0 0 0 2 2 2 2 2 2 2 2 2
1062995244 1062995244 1062995244 1062995244 1062995244 1062995244 1062995244 1062995244 1062995244 0 0 0 0 0 0 0 0 0 1054606636 3 2 2 2 2 2 2 2 2 2 1062995244 1062995244 1062995244 1062995244 1062995244 1062995244 1062995244 1062995244 1062995244 1062995244 1062995244 1062995244 1062995244 1062995244 1062995244 1062995244 1062995244 1062995244 0 0 0 0 0 0 0 0 0
1058994991 1058994991 1058994991 1058994991 1058994991 1058994991 1058994991 1058994991 1058994991 0 0 0 0 0 0 0 0 0 1058994991 2 5 1 5 7 5 4 4 4 1 1058994991 1058994991 1058994991 1058994991 1058994991 1058994991 1058994991 1058994991 1058994991 1058994991 1058994991 1058994991 1058994991 1058994991 1058994991 1058994991 1058994991 1058994991 0 0 0 0 0 0 0 0 0
1069139036 3230454010 3212233394 1080747658 2143289344 3226373810 1076044640 1077027161 1075051775 1070557186 3231589627 3198429314 3230660450 1083310970 1082374168 3224647466 3223788081 3231679404 1073853391 5 3 4 7 5 4 8 8 6 4 1069139036 3230454010 3212233394 1080747658 2143289344 3226373810 1076044640 1077027161 1075051775 1069139036 3230454010 3212233394 1080747658 2143289344 3226373810 1076044640 1077027161 1075051775 0 0 0 0 0 0 0 0 0
1081043909 3226560911 3222122948 1076085092 3226860893 1082860721 3225974784 3197387512 1082643468 3170796645 1069314195 3226001749 1074665885 3213388844 3205021869 1070424359 3220368276 3219607426 2143289344 3 0 7 0 3 8 3 6 1 2 1081043909 3226560911 3222122948 1076085092 3226860893 1082860721 3225974784 3197387512 1082643468 1081043909 3226560911 3222122948 1076085092 3226860893 1082860721 3225974784 3197387512 1082643468 0 0 0 0 0 0 0 0 0
2139095040 2139095040 2139095040 2139095040 2139095040 2139095040 2139095040 2139095040 2139095040 3208716894 3220483879 1054078809 1081889033 1078217365 1075712713 1077021521 3224000983 1083032654 1071080782 5 4 0 4 6 0 6 7 5 6 2139095040 3220483879 2139095040 2139095040 1078217365 2139095040 2139095040 2139095040 2139095040 2139095040 3220483879 2139095040 2139095040 1078217365 2139095040 2139095040 2139095040 2139095040 0 1 0 0 1 0 0 0 0
1063990829 1063990829 1063990829 1063990829 1063990829 1063990829 1063990829 1063990829 1063990829 0 0 0 0 0 0 0 0 0 1055602221 1 255 255 255 255 255 255 255 255 255 0 0 0 0 0 0 0 0 0 0 0 0 0 0 0 0 0 0 0 0 0 0 0 0 0 0 0
1076060944 1076060944 1076060944 1076060944 1076060944 1076060944 1076060944 1076060944 1076060944 0 0 0 0 0 0 0 0 0 1067672336 0 2 0 1 7 2 2 1 1 6 1076060944 1076060944 1076060944 1076060944 1076060944 1076060944 1076060944 1076060944 1076060944 1076060944 1076060944 1076060944 1076060944 1076060944 1076060944 1076060944 1076060944 1076060944 0 0 0 0 0 0 0 0 0
3223512163 1075728078 1083626034 1082380319 3218926815 1081248414 1074774910 3192607968 3208055592 1075778485 3224790488 1071925069 1078030298 3171219664 1080357873 3229829180 1075672162 3229908681 1077688116 3 2 4 6 4 1 5 0 6 6 3223512163 1075728078 1083626034 1082380319 3218926815 1081248414 3229829180 3192607968 3208055592 3223512163 1075728078 1083626034 1082380319 3218926815 1081248414 3229829180 3192607968 3208055592 0 0 0 0 0 0 1 0 0
3228069922 3231563623 1078814303 3225994363 1065712356 1077197472 3226561753 1082758280 3216377790 3228069922 3231563623 1078814303 3225994363 1065712356 1077197472 3226561753 1082758280 3216377790 1068513489 5 4 3 2 4 4 8 3 0 2 3228069922 3231563623 1078814303 3225994363 1065712356 1077197472 3226561753 1082758280 3216377790 3228069922 3231563623 1078814303 3225994363 1065712356 1077197472 3226561753 1082758280 3216377790 0 0 0 0 0 0 0 0 0
1089616670 1089616670 1089616670 1089616670 1089616670 1089616670 1089616670 1089616670 1089616670 0 0 0 0 0 0 0 0 0 1081228062 3 1 1 1 1 1 1 1 1 1 0 0 0 0 0 0 0 0 0 0 0 0 0 0 0 0 0 0 2 2 2 2 2 2 2 2 2
1071739814 1071739814 1071739814 1071739814 1071739814 1071739814 1071739814 1071739814 1071739814 0 0 0 0 0 0 0 0 0 1063351206 3 2 2 2 2 2 2 2 2 2 1071739814 1071739814 1071739814 1071739814 1071739814 1071739814 1071739814 1071739814 1071739814 1071739814 1071739814 1071739814 1071739814 1071739814 1071739814 1071739814 1071739814 1071739814 0 0 0 0 0 0 0 0 0
1055086528 1055086528 1055086528 1055086528 1055086528 1055086528 1055086528 1055086528 1055086528 0 0 0 0 0 0 0 0 0 1055086528 4 0 8 0 4 3 8 8 6 4 1055086528 1055086528 1055086528 1055086528 1055086528 1055086528 1055086528 1055086528 1055086528 1055086528 1055086528 1055086528 1055086528 1055086528 1055086528 1055086528 1055086528 1055086528 0 0 0 0 0 0 0 0 0
1084200938 1073360870 1071398430 1079032367 2143289344 1079411089 1072040740 1060725300 1079748564 3230085068 3231683893 3231586184 3224662900 3207628875 3227151591 1080652258 1077471477 3218982533 1067867156 5 3 2 6 6 7 6 6 5 5 3230085068 3231683893 1071398430 1079032367 2143289344 1079411089 1072040740 1060725300 1079748564 3230085068 3231683893 1071398430 1079032367 2143289344 1079411089 1072040740 1060725300 1079748564 4 3 0 0 0 0 0 0 0
3204463683 1074060203 3195080546 1081683531 1079792709 3217778637 1078065600 3223869198 3224720625 1062146567 1070975994 3220224637 1077624551 3222599845 1079913291 1068938407 3193728600 3215320269 2143289344 2 2 1 0 4 2 7 8 1 0 3204463683 1074060203 3195080546 1081683531 1079792709 3217778637 1078065600 3223869198 3224720625 3204463683 1074060203 3195080546 1081683531 1079792709 3217778637 1078065600 3223869198 3224720625 0 0 0 0 0 0 0 0 0
2139095040 2139095040 2139095040 2139095040 2139095040 2139095040 2139095040 2139095040 2139095040 3217225037 1068723555 1052005661 1074403216 3224640302 3228958183 3216308420 1069706450 1079079710 1076898778 2 1 3 1 6 2 6 2 7 0 2139095040 2139095040 2139095040 2139095040 2139095040 2139095040 2139095040 2139095040 1079079710 2139095040 2139095040 2139095040 2139095040 2139095040 2139095040 2139095040 2139095040 1079079710 0 0 0 0 0 0 0 0 1
1088809723 1088809723 1088809723 1088809723 1088809723 1088809723 1088809723 1088809723 1088809723 0 0 0 0 0 0 0 0 0 1080421115 1 255 255 255 255 255 255 255 255 255 0 0 0 0 0 0 0 0 0 0 0 0 0 0 0 0 0 0 0 0 0 0 0 0 0 0 0
1086376721 1086376721 1086376721 1086376721 1086376721 1086376721 1086376721 1086376721 1086376721 0 0 0 0 0 0 0 0 0 1077988113 0 3 6 8 5 4 0 1 6 8 1086376721 1086376721 1086376721 1086376721 1086376721 1086376721 1086376721 1086376721 1086376721 1086376721 1086376721 1086376721 1086376721 1086376721 1086376721 1086376721 1086376721 1086376721 0 0 0 0 0 0 0 0 0
3231710444 3214652412 1074593484 3230811037 1074990358 3227245289 3230250083 3215087427 1083014901 3225525196 3205914594 1080605567 1080127106 1082588737 1077039092 1081026688 1063543129 3187470788 1075228769 3 7 3 6 7 1 8 5 1 3 3231710444 3214652412 1074593484 3230811037 1074990358 3227245289 3230250083 3215087427 1083014901 3231710444 3214652412 1074593484 3230811037 1074990358 3227245289 3230250083 3215087427 1083014901 0 0 0 0 0 0 0 0 0
1075366615 1072969106 3230401534 3197662757 1083132895 3209433270 1069558942 3221872167 1075455689 1075366615 1072969106 3230401534 3197662757 1083132895 3209433270 1069558942 3221872167 1075455689 1070523149 2 2 6 1 1 5 5 4 3 0 1075366615 1072969106 3230401534 3197662757 1083132895 3209433270 1069558942 3221872167 1075455689 1075366615 1072969106 3230401534 3197662757 1083132895 3209433270 1069558942 3221872167 1075455689 0 0 0 0 0 0 0 0 0
1082024076 1082024076 1082024076 1082024076 1082024076 1082024076 1082024076 1082024076 1082024076 0 0 0 0 0 0 0 0 0 1073635468 3 1 1 1 1 1 1 1 1 1 0 0 0 0 0 0 0 0 0 0 0 0 0 0 0 0 0 0 2 2 2 2 2 2 2 2 2
1061449460 1061449460 1061449460 1061449460 1061449460 1061449460 1061449460 1061449460 1061449460 0 0 0 0 0 0 0 0 0 1053060852 3 2 2 2 2 2 2 2 2 2 1061449460 1061449460 1061449460 1061449460 1061449460 1061449460 1061449460 1061449460 1061449460 1061449460 1061449460 1061449460 1061449460 1061449460 1061449460 1061449460 1061449460 1061449460 0 0 0 0 0 0 0 0 0
1050778542 1050778542 1050778542 1050778542 1050778542 1050778542 1050778542 1050778542 1050778542 0 0 0 0 0 0 0 0 0 1050778542 5 1 7 3 7 5 3 1 1 8 1050778542 1050778542 1050778542 1050778542 1050778542 1050778542 1050778542 1050778542 1050778542 1050778542 1050778542 1050778542 1050778542 1050778542 1050778542 1050778542 1050778542 1050778542 0 0 0 0 0 0 0 0 0
1076807640 1075821166 1073660096 3205595332 2143289344 1082711056 1073412966 3222457660 1084107711 3230971298 1082712388 1042234060 1083038022 1062954388 3231405947 3216002263 1044598121 1060026617 1081898875 5 5 8 5 7 6 3 8 3 1 1076807640 1075821166 1073660096 3205595332 2143289344 3231405947 1073412966 3222457660 1060026617 1076807640 1075821166 1073660096 3205595332 2143289344 3231405947 1073412966 3222457660 1060026617 0 0 0 0 0 4 0 0 2
1074817742 3229938148 1078025488 3219649540 3226978922 3210812921 1070735605 1070807580 1078965801 1074187545 1080642837 1072582554 1074245961 3199587803 3224969118 3227135518 3228441493 1060308478 2143289344 4 2 8 4 5 8 2 3 7 0 1074817742 3229938148 1078025488 3219649540 3226978922 3210812921 1070735605 1070807580 1078965801 1074817742 3229938148 1078025488 3219649540 3226978922 3210812921 1070735605 1070807580 1078965801 0 0 0 0 0 0 0 0 0
2139095040 2139095040 2139095040 2139095040 2139095040 2139095040 2139095040 2139095040 2139095040 1068252922 3227807148 1082221612 3215946264 3227977338 3231613120 3221870633 1077320014 1075626358 1078551947 5 5 0 4 7 5 7 1 6 0 2139095040 3227807148 2139095040 2139095040 2139095040 2139095040 3221870633 2139095040 1075626358 2139095040 3227807148 2139095040 2139095040 2139095040 2139095040 3221870633 2139095040 1075626358 0 1 0 0 0 0 2 0 1
1070624446 1070624446 1070624446 1070624446 1070624446 1070624446 1070624446 1070624446 1070624446 0 0 0 0 0 0 0 0 0 1062235838 4 255 255 255 255 255 255 255 255 255 0 0 0 0 0 0 0 0 0 0 0 0 0 0 0 0 0 0 0 0 0 0 0 0 0 0 0
1085056970 1085056970 1085056970 1085056970 1085056970 1085056970 1085056970 1085056970 1085056970 0 0 0 0 0 0 0 0 0 1076668362 0 1 4 7 8 3 5 6 8 1 1085056970 1085056970 1085056970 1085056970 1085056970 1085056970 1085056970 1085056970 1085056970 1085056970 1085056970 1085056970 1085056970 1085056970 1085056970 1085056970 1085056970 1085056970 0 0 0 0 0 0 0 0 0
1045147531 1070022284 1083263258 1075937372 1045391413 3221901013 1031384990 1079889502 1081263086 1065381330 1064525191 1082789023 1083515087 3228734311 1068166039 1072401952 1069866915 1076193623 1076174534 1 0 5 4 1 5 3 1 7 2 1045147531 1070022284 1083263258 1075937372 1045391413 3221901013 1031384990 1079889502 1081263086 1045147531 1070022284 1083263258 1075937372 1045391413 3221901013 1031384990 1079889502 1081263086 0 0 0 0 0 0 0 0 0
3215968988 1024904471 3230996588 1080715056 1068097583 3208727886 3221802971 3230078625 3231406144 3215968988 1024904471 3230996588 1080715056 1068097583 3208727886 3221802971 3230078625 3231406144 1066054065 3 6 6 4 4 7 6 8 6 8 3215968988 1024904471 3230996588 1080715056 1068097583 3208727886 3221802971 3230078625 3231406144 3215968988 1024904471 3230996588 1080715056 1068097583 3208727886 3221802971 3230078625 3231406144 0 0 0 0 0 0 0 0 0
1076143973 1076143973 1076143973 1076143973 1076143973 1076143973 1076143973 1076143973 1076143973 0 0 0 0 0 0 0 0 0 1067755365 3 1 1 1 1 1 1 1 1 1 0 0 0 0 0 0 0 0 0 0 0 0 0 0 0 0 0 0 2 2 2 2 2 2 2 2 2
1077313434 1077313434 1077313434 1077313434 1077313434 1077313434 1077313434 1077313434 1077313434 0 0 0 0 0 0 0 0 0 1068924826 3 2 2 2 2 2 2 2 2 2 1077313434 1077313434 1077313434 1077313434 1077313434 1077313434 1077313434 1077313434 1077313434 1077313434 1077313434 1077313434 1077313434 1077313434 1077313434 1077313434 1077313434 1077313434 0 0 0 0 0 0 0 0 0
1068710994 1068710994 1068710994 1068710994 1068710994 1068710994 1068710994 1068710994 1068710994 0 0 0 0 0 0 0 0 0 1068710994 5 2 5 2 7 1 7 8 1 4 1068710994 1068710994 1068710994 1068710994 1068710994 1068710994 1068710994 1068710994 1068710994 1068710994 1068710994 1068710994 1068710994 1068710994 1068710994 1068710994 1068710994 1068710994 0 0 0 0 0 0 0 0 0
3229499649 1057130971 3226210969 3228639291 2143289344 1083301217 1065880551 3228548276 1080489810 1078638807 1073168331 1083158679 3224292228 1078174819 1040615896 3200414757 3228373474 1075820804 1071811395 2 1 0 0 4 0 5 1 1 3 3229499649 1057130971 1083158679 3228639291 2143289344 1083301217 1065880551 3228548276 1080489810 3229499649 1057130971 1083158679 3228639291 2143289344 1083301217 1065880551 3228548276 1080489810 0 0 1 0 0 0 0 0 0
1076328963 1073446639 3227470745 1083060071 1075411376 3229363144 3213726740 3226716524 1047832495 3216253601 3220171610 3220788964 1082380778 1079814624 1083070209 3222925135 1082218552 3223129108 2143289344 4 1 1 7 0 6 3 4 5 8 1076328963 1073446639 3227470745 1083060071 1075411376 3229363144 3213726740 3226716524 1047832495 1076328963 1073446639 3227470745 1083060071 1075411376 3229363144 3213726740 3226716524 1047832495 0 0 0 0 0 0 0 0 0
2139095040 2139095040 2139095040 2139095040 2139095040 2139095040 2139095040 2139095040 2139095040 1079931613 1082608133 3221193929 3225365720 1076381821 1077371268 1078913022 3226970211 3210166824 1074802783 1 2 4 5 0 4 7 7 0 4 2139095040 2139095040 2139095040 2139095040 2139095040 2139095040 2139095040 2139095040 2139095040 2139095040 2139095040 2139095040 2139095040 2139095040 2139095040 2139095040 2139095040 2139095040 0 0 0 0 0 0 0 0 0
1085499295 1085499295 1085499295 1085499295 1085499295 1085499295 1085499295 1085499295 1085499295 0 0 0 0 0 0 0 0 0 1077110687 5 255 255 255 255 255 255 255 255 255 0 0 0 0 0 0 0 0 0 0 0 0 0 0 0 0 0 0 0 0 0 0 0 0 0 0 0
1085274815 1085274815 1085274815 1085274815 1085274815 1085274815 1085274815 1085274815 1085274815 0 0 0 0 0 0 0 0 0 1076886207 0 5 2 0 5 4 1 7 1 2 1085274815 1085274815 1085274815 1085274815 1085274815 1085274815 1085274815 1085274815 1085274815 1085274815 1085274815 1085274815 1085274815 1085274815 1085274815 1085274815 1085274815 1085274815 0 0 0 0 0 0 0 0 0
1068721643 1076308033 1060364190 1071397415 3216001225 3227818717 1052191840 3226446194 3215008379 3210126995 3193155972 3227832426 1082877775 1058622577 3228917632 3217493142 3227052372 1083389374 1065114159 2 0 8 3 8 6 3 5 2 4 3210126995 1076308033 1060364190 1071397415 3216001225 3227818717 1052191840 3226446194 3215008379 3210126995 1076308033 1060364190 1071397415 3216001225 3227818717 1052191840 3226446194 3215008379 1 0 0 0 0 0 0 0 0
3229999864 3215439283 1077036433 1083445945 3218711501 1075333593 3231248917 1083593077 1066610317 3229999864 3215439283 1077036433 1083445945 3218711501 1075333593 3231248917 1083593077 1066610317 1074711376 3 0 6 3 6 4 4 6 6 2 3229999864 3215439283 1077036433 1083445945 3218711501 1075333593 3231248917 1083593077 1066610317 3229999864 3215439283 1077036433 1083445945 3218711501 1075333593 3231248917 1083593077 1066610317 0 0 0 0 0 0 0 0 0
1082178532 1082178532 1082178532 1082178532 1082178532 1082178532 1082178532 1082178532 1082178532 0 0 0 0 0 0 0 0 0 1073789924 3 1 1 1 1 1 1 1 1 1 0 0 0 0 0 0 0 0 0 0 0 0 0 0 0 0 0 0 2 2 2 2 2 2 2 2 2
1083955375 1083955375 1083955375 1083955375 1083955375 1083955375 1083955375 1083955375 1083955375 0 0 0 0 0 0 0 0 0 1075566767 3 2 2 2 2 2 2 2 2 2 1083955375 1083955375 1083955375 1083955375 1083955375 1083955375 1083955375 1083955375 1083955375 1083955375 1083955375 1083955375 1083955375 1083955375 1083955375 1083955375 1083955375 1083955375 0 0 0 0 0 0 0 0 0
1080498648 1080498648 1080498648 1080498648 1080498648 1080498648 1080498648 1080498648 1080498648 0 0 0 0 0 0 0 0 0 1080498648 4 7 8 8 8 5 7 4 7 1 1080498648 1080498648 1080498648 1080498648 1080498648 1080498648 1080498648 1080498648 1080498648 1080498648 1080498648 1080498648 1080498648 1080498648 1080498648 1080498648 1080498648 1080498648 0 0 0 0 0 0 0 0 0
1082360236 1083973685 1062766562 3231167841 2143289344 1067647896 1052036479 3224012243 1045009645 1074439855 1059998487 1082369550 3228122007 3220802406 3229946383 1070119157 3222856034 1076347430 1043865659 5 8 2 8 1 0 5 7 4 6 1082360236 1059998487 1062766562 3228122007 2143289344 1067647896 1052036479 3224012243 1045009645 1082360236 1059998487 1062766562 3228122007 2143289344 1067647896 1052036479 3224012243 1045009645 0 3 0 2 0 0 0 0 0
3194167958 3213988043 1083765626 1083136139 1078252720 3228429974 1083595476 1076693219 3225364734 1073023717 1076222516 1080133741 1081662459 1069911083 1083931568 1063961572 3224605043 3224650922 2143289344 4 8 2 6 4 0 7 1 3 8 3194167958 3213988043 1083765626 1083136139 1078252720 3228429974 1083595476 1076693219 3225364734 3194167958 3213988043 1083765626 1083136139 1078252720 3228429974 1083595476 1076693219 3225364734 0 0 0 0 0 0 0 0 0
2139095040 2139095040 2139095040 2139095040 2139095040 2139095040 2139095040 2139095040 2139095040 3214383007 3218349560 3180560367 1069513067 1080120662 3218354110 1082340123 1068276872 1019586324 1075327460 4 6 6 4 4 8 5 2 3 0 2139095040 2139095040 2139095040 2139095040 2139095040 2139095040 1082340123 2139095040 1019586324 2139095040 2139095040 2139095040 2139095040 2139095040 2139095040 1082340123 2139095040 1019586324 0 0 0 0 0 0 3 0 1
1070714092 1070714092 1070714092 1070714092 1070714092 1070714092 1070714092 1070714092 1070714092 0 0 0 0 0 0 0 0 0 1062325484 2 255 255 255 255 255 255 255 255 255 0 0 0 0 0 0 0 0 0 0 0 0 0 0 0 0 0 0 0 0 0 0 0 0 0 0 0
1082514612 1082514612 1082514612 1082514612 1082514612 1082514612 1082514612 1082514612 1082514612 0 0 0 0 0 0 0 0 0 1074126004 0 0 8 5 4 6 4 7 6 1 1082514612 1082514612 1082514612 1082514612 1082514612 1082514612 1082514612 1082514612 1082514612 1082514612 1082514612 1082514612 1082514612 1082514612 1082514612 1082514612 1082514612 1082514612 0 0 0 0 0 0 0 0 0
1065505529 3230350753 1072999085 1081524526 3227850490 1083392700 3204026673 1083305955 1074186347 1083911367 1068357137 1068258804 1050581986 3230691092 3206941299 1070275081 1076268830 1066535807 1080876485 4 2 5 2 1 5 0 8 8 3 1083911367 3230350753 1072999085 1081524526 3227850490 3206941299 3204026673 1083305955 1074186347 1083911367 3230350753 1072999085 1081524526 3227850490 3206941299 3204026673 1083305955 1074186347 3 0 0 0 0 1 0 0 0
3227690340 3228285584 3229931437 3222997623 1074580807 3231701280 1084072099 3230221326 3224079484 3227690340 3228285584 3229931437 3222997623 1074580807 3231701280 1084072099 3230221326 3224079484 1075678539 3 4 7 0 1 1 8 1 7 4 3227690340 3228285584 3229931437 3222997623 1074580807 3231701280 1084072099 3230221326 3224079484 3227690340 3228285584 3229931437 3222997623 1074580807 3231701280 1084072099 3230221326 3224079484 0 0 0 0 0 0 0 0 0
1066877332 1066877332 1066877332 1066877332 1066877332 1066877332 1066877332 1066877332 1066877332 0 0 0 0 0 0 0 0 0 1058488724 3 1 1 1 1 1 1 1 1 1 0 0 0 0 0 0 0 0 0 0 0 0 0 0 0 0 0 0 2 2 2 2 2 2 2 2 2
1078939045 1078939045 1078939045 1078939045 1078939045 1078939045 1078939045 1078939045 1078939045 0 0 0 0 0 0 0 0 0 1070550437 3 2 2 2 2 2 2 2 2 2 1078939045 1078939045 1078939045 1078939045 1078939045 1078939045 1078939045 1078939045 1078939045 1078939045 1078939045 1078939045 1078939045 1078939045 1078939045 1078939045 1078939045 1078939045 0 0 0 0 0 0 0 0 0
1064856936 1064856936 1064856936 1064856936 1064856936 1064856936 1064856936 1064856936 1064856936 0 0 0 0 0 0 0 0 0 1064856936 5 6 6 3 7 3 5 4 2 7 1064856936 1064856936 1064856936 1064856936 1064856936 1064856936 1064856936 1064856936 1064856936 1064856936 1064856936 1064856936 1064856936 1064856936 1064856936 1064856936 1064856936 1064856936 0 0 0 0 0 0 0 0 0
3217260498 3196866178 3230662371 1084007832 2143289344 1083689652 3218844280 1070511992 3198589879 1017747034 1071923695 1083131077 1067529337 3230461085 3205730439 3185681951 1070387896 1057141493 1077157410 5 8 1 4 3 6 8 4 4 8 3217260498 3196866178 3230662371 1067529337 2143289344 1083689652 3218844280 1070511992 3198589879 3217260498 3196866178 3230662371 1067529337 2143289344 1083689652 3218844280 1070511992 3198589879 0 0 0 4 0 0 0 0 0
3230064984 3229821017 3231636588 3220972370 3227294554 3197644547 3220746301 1061585500 1080452173 1068684271 1082517326 1064376870 1071411583 1068634599 1075969465 1075910894 1077223200 1078042234 2143289344 4 5 2 2 5 0 8 6 0 0 3230064984 3229821017 3231636588 3220972370 3227294554 3197644547 3220746301 1061585500 1080452173 3230064984 3229821017 3231636588 3220972370 3227294554 3197644547 3220746301 1061585500 1080452173 0 0 0 0 0 0 0 0 0
2139095040 2139095040 2139095040 2139095040 2139095040 2139095040 2139095040 2139095040 2139095040 3201193207 3219525130 1057819046 1066114829 1063771724 3229115802 1076526031 1078808648 1081892844 1068978142 5 4 0 6 8 3 3 0 4 0 2139095040 3219525130 2139095040 2139095040 1063771724 3229115802 1076526031 2139095040 1081892844 2139095040 3219525130 2139095040 2139095040 1063771724 3229115802 1076526031 2139095040 1081892844 0 1 0 0 4 4 1 0 1
1080484895 1080484895 1080484895 1080484895 1080484895 1080484895 1080484895 1080484895 1080484895 0 0 0 0 0 0 0 0 0 1072096287 5 255 255 255 255 255 255 255 255 255 0 0 0 0 0 0 0 0 0 0 0 0 0 0 0 0 0 0 0 0 0 0 0 0 0 0 0
1084434690 1084434690 1084434690 1084434690 1084434690 1084434690 1084434690 1084434690 1084434690 0 0 0 0 0 0 0 0 0 1076046082 0 7 2 5 7 8 1 7 2 8 1084434690 1084434690 1084434690 1084434690 1084434690 1084434690 1084434690 1084434690 1084434690 1084434690 1084434690 1084434690 1084434690 1084434690 1084434690 1084434690 1084434690 1084434690 0 0 0 0 0 0 0 0 0
1064016752 1081791905 1082802060 3222455730 3216390582 1083529163 3179150715 3223664644 3222762714 1065630069 1048280859 3214742623 3228908349 3231422083 3221635468 3225351433 3230362874 3230230948 1063670675 3 1 6 1 2 7 3 1 7 8 1064016752 1081791905 3214742623 3222455730 3216390582 1083529163 3225351433 3223664644 3222762714 1064016752 1081791905 3214742623 3222455730 3216390582 1083529163 3225351433 3223664644 3222762714 0 0 2 0 0 0 2 0 0
3223534864 1075596785 1076829336 3230516431 1075418627 1079089129 1078311370 3205246732 3217894957 3223534864 1075596785 1076829336 3230516431 1075418627 1079089129 1078311370 3205246732 3217894957 1074208174 2 1 6 3 3 3 1 2 0 4 3223534864 1075596785 1076829336 3230516431 1075418627 1079089129 1078311370 3205246732 3217894957 3223534864 1075596785 1076829336 3230516431 1075418627 1079089129 1078311370 3205246732 3217894957 0 0 0 0 0 0 0 0 0
1076894271 1076894271 1076894271 1076894271 1076894271 1076894271 1076894271 1076894271 1076894271 0 0 0 0 0 0 0 0 0 1068505663 3 1 1 1 1 1 1 1 1 1 0 0 0 0 0 0 0 0 0 0 0 0 0 0 0 0 0 0 2 2 2 2 2 2 2 2 2
1076870198 1076870198 1076870198 1076870198 1076870198 1076870198 1076870198 1076870198 1076870198 0 0 0 0 0 0 0 0 0 1068481590 3 2 2 2 2 2 2 2 2 2 1076870198 1076870198 1076870198 1076870198 1076870198 1076870198 1076870198 1076870198 1076870198 1076870198 1076870198 1076870198 1076870198 1076870198 1076870198 1076870198 1076870198 1076870198 0 0 0 0 0 0 0 0 0
1064526598 1064526598 1064526598 1064526598 1064526598 1064526598 1064526598 1064526598 1064526598 0 0 0 0 0 0 0 0 0 1064526598 1 5 2 5 4 7 0 4 6 8 1064526598 1064526598 1064526598 1064526598 1064526598 1064526598 1064526598 1064526598 1064526598 1064526598 1064526598 1064526598 1064526598 1064526598 1064526598 1064526598 1064526598 1064526598 0 0 0 0 0 0 0 0 0
3215819607 1068783374 3226897155 3219024248 2143289344 3229202560 3231479084 3229666819 3222514201 3229532368 1069359430 3230083340 1083353383 3215943840 1083056219 1076096840 1082236733 3230248956 1059503384 1 2 6 0 4 1 0 4 5 5 3215819607 1068783374 3226897155 3219024248 2143289344 3229202560 3231479084 3229666819 3222514201 3215819607 1068783374 3226897155 3219024248 2143289344 3229202560 3231479084 3229666819 3222514201 0 0 0 0 0 0 0 0 0
3229386465 3204868544 3205619127 3218741304 3182774140 3223240908 3224698168 3213019262 3228071379 1081839181 1077969008 1067173686 3221124122 1083274397 1077777303 1083902228 1082410430 3223141292 2143289344 4 8 6 4 6 6 6 8 6 0 3229386465 3204868544 3205619127 3218741304 3182774140 3223240908 3224698168 3213019262 3228071379 3229386465 3204868544 3205619127 3218741304 3182774140 3223240908 3224698168 3213019262 3228071379 0 0 0 0 0 0 0 0 0
2139095040 2139095040 2139095040 2139095040 2139095040 2139095040 2139095040 2139095040 2139095040 1050448030 1067371758 3222079453 1055107832 3229136464 1075475205 3230897821 1082495201 3226823060 1076086354 1 6 8 6 4 3 4 8 6 8 2139095040 2139095040 2139095040 2139095040 2139095040 2139095040 2139095040 2139095040 2139095040 2139095040 2139095040 2139095040 2139095040 2139095040 2139095040 2139095040 2139095040 2139095040 0 0 0 0 0 0 0 0 0
1088169268 1088169268 1088169268 1088169268 1088169268 1088169268 1088169268 1088169268 1088169268 0 0 0 0 0 0 0 0 0 1079780660 4 255 255 255 255 255 255 255 255 255 0 0 0 0 0 0 0 0 0 0 0 0 0 0 0 0 0 0 0 0 0 0 0 0 0 0 0
1064809105 1064809105 1064809105 1064809105 1064809105 1064809105 1064809105 1064809105 1064809105 0 0 0 0 0 0 0 0 0 1056420497 0 0 4 4 1 6 3 6 5 4 1064809105 1064809105 1064809105 1064809105 1064809105 1064809105 1064809105 1064809105 1064809105 1064809105 1064809105 1064809105 1064809105 1064809105 1064809105 1064809105 1064809105 1064809105 0 0 0 0 0 0 0 0 0
1081454090 3211783999 1059538573 3206781175 1081158311 1068331278 3182634661 1073999839 1036285874 3229859396 1074463470 1073189721 3213114428 3217798884 3225653606 1080879608 1078906052 3227968227 1081853000 4 6 5 8 1 8 4 2 5 4 1081454090 3211783999 1059538573 3206781175 1081158311 1068331278 3182634661 1073999839 1036285874 1081454090 3211783999 1059538573 3206781175 1081158311 1068331278 3182634661 1073999839 1036285874 0 0 0 0 0 0 0 0 0
3216517339 1073229493 3213783612 1079655097 3209603208 3217993347 3224341821 3224479697 1066632393 3216517339 1073229493 3213783612 1079655097 3209603208 3217993347 3224341821 3224479697 1066632393 1075345603 3 6 2 4 3 0 1 2 0 8 3216517339 1073229493 3213783612 1079655097 3209603208 3217993347 3224341821 3224479697 1066632393 3216517339 1073229493 3213783612 1079655097 3209603208 3217993347 3224341821 3224479697 1066632393 0 0 0 0 0 0 0 0 0
1075716212 1075716212 1075716212 1075716212 1075716212 1075716212 1075716212 1075716212 1075716212 0 0 0 0 0 0 0 0 0 1067327604 3 1 1 1 1 1 1 1 1 1 0 0 0 0 0 0 0 0 0 0 0 0 0 0 0 0 0 0 2 2 2 2 2 2 2 2 2
1081577069 1081577069 1081577069 1081577069 1081577069 1081577069 1081577069 1081577069 1081577069 0 0 0 0 0 0 0 0 0 1073188461 3 2 2 2 2 2 2 2 2 2 1081577069 1081577069 1081577069 1081577069 1081577069 1081577069 1081577069 1081577069 1081577069 1081577069 1081577069 1081577069 1081577069 1081577069 1081577069 1081577069 1081577069 1081577069 0 0 0 0 0 0 0 0 0
1077961991 1077961991 1077961991 1077961991 1077961991 1077961991 1077961991 1077961991 1077961991 0 0 0 0 0 0 0 0 0 1077961991 4 5 2 5 5 7 8 2 6 0 1077961991 1077961991 1077961991 1077961991 1077961991 1077961991 1077961991 1077961991 1077961991 1077961991 1077961991 1077961991 1077961991 1077961991 1077961991 1077961991 1077961991 1077961991 0 0 0 0 0 0 0 0 0
1083279236 1038840226 1073423804 1070706742 2143289344 1075123124 3230378695 3226784696 3225337490 1078201310 3228318742 1075872526 1067742034 3231152823 1080513704 3213060984 1078221424 1034309771 1078006129 5 8 0 5 5 2 7 6 7 8 1083279236 3228318742 1073423804 1070706742 2143289344 1075123124 3230378695 3226784696 3225337490 1083279236 3228318742 1073423804 1070706742 2143289344 1075123124 3230378695 3226784696 3225337490 0 1 0 0 0 0 0 0 0
3206308600 3229420023 1079552248 1068112495 3229900245 1083448548 3223369157 1075225279 1082328423 3228073956 3228646388 1006658743 1082589106 3229089182 1076683525 1057461642 3230595328 3220980723 2143289344 5 0 4 1 0 1 5 0 3 1 3206308600 3229420023 1079552248 1068112495 3229900245 1083448548 3223369157 1075225279 1082328423 3206308600 3229420023 1079552248 1068112495 3229900245 1083448548 3223369157 1075225279 1082328423 0 0 0 0 0 0 0 0 0
2139095040 2139095040 2139095040 2139095040 2139095040 2139095040 2139095040 2139095040 2139095040 1075273704 1048527281 1045942440 3207996429 3225847444 3222042857 3224222026 3223763889 3224062602 1067132854 3 6 3 3 4 3 8 4 4 0 2139095040 2139095040 2139095040 2139095040 2139095040 2139095040 2139095040 2139095040 3224062602 2139095040 2139095040 2139095040 2139095040 2139095040 2139095040 2139095040 2139095040 3224062602 0 0 0 0 0 0 0 0 1
1078138690 1078138690 1078138690 1078138690 1078138690 1078138690 1078138690 1078138690 1078138690 0 0 0 0 0 0 0 0 0 1069750082 5 255 255 255 255 255 255 255 255 255 0 0 0 0 0 0 0 0 0 0 0 0 0 0 0 0 0 0 0 0 0 0 0 0 0 0 0
1089526546 1089526546 1089526546 1089526546 1089526546 1089526546 1089526546 1089526546 1089526546 0 0 0 0 0 0 0 0 0 1081137938 0 4 2 3 2 6 8 2 5 1 1089526546 1089526546 1089526546 1089526546 1089526546 1089526546 1089526546 1089526546 1089526546 1089526546 1089526546 1089526546 1089526546 1089526546 1089526546 1089526546 1089526546 1089526546 0 0 0 0 0 0 0 0 0
1080010807 3230451608 3225609739 1083560647 3228766525 3229013613 3218483869 1083926919 1052743820 3230099427 1079273854 1062000289 1082448313 3221975189 1063052899 3215053412 1073961877 3209950743 1076749381 1 3 1 3 2 3 4 7 5 7 1080010807 3230451608 3225609739 1083560647 3228766525 3229013613 3218483869 1083926919 1052743820 1080010807 3230451608 3225609739 1083560647 3228766525 3229013613 3218483869 1083926919 1052743820 0 0 0 0 0 0 0 0 0
1084030435 3218273034 3230687482 3212172713 1065882869 3223101788 3207677838 1072645662 3203677628 1084030435 3218273034 3230687482 3212172713 1065882869 3223101788 3207677838 1072645662 3203677628 1067159406 4 6 8 7 5 5 2 5 7 8 1084030435 3218273034 3230687482 3212172713 1065882869 3223101788 3207677838 1072645662 3203677628 1084030435 3218273034 3230687482 3212172713 1065882869 3223101788 3207677838 1072645662 3203677628 0 0 0 0 0 0 0 0 0
1079326231 1079326231 1079326231 1079326231 1079326231 1079326231 1079326231 1079326231 1079326231 0 0 0 0 0 0 0 0 0 1070937623 3 1 1 1 1 1 1 1 1 1 0 0 0 0 0 0 0 0 0 0 0 0 0 0 0 0 0 0 2 2 2 2 2 2 2 2 2
1086216102 1086216102 1086216102 1086216102 1086216102 1086216102 1086216102 1086216102 1086216102 0 0 0 0 0 0 0 0 0 1077827494 3 2 2 2 2 2 2 2 2 2 1086216102 1086216102 1086216102 1086216102 1086216102 1086216102 1086216102 1086216102 1086216102 1086216102 1086216102 1086216102 1086216102 1086216102 1086216102 1086216102 1086216102 1086216102 0 0 0 0 0 0 0 0 0
1067450639 1067450639 1067450639 1067450639 1067450639 1067450639 1067450639 1067450639 1067450639 0 0 0 0 0 0 0 0 0 1067450639 4 5 8 6 7 8 8 5 0 5 1067450639 1067450639 1067450639 1067450639 1067450639 1067450639 1067450639 1067450639 1067450639 1067450639 1067450639 1067450639 1067450639 1067450639 1067450639 1067450639 1067450639 1067450639 0 0 0 0 0 0 0 0 0
1072944697 3229545449 3217670321 1066805088 2143289344 1060667151 3231672028 1083512032 3191899761 1074383913 1075988225 1073842778 3230285064 3231188077 3230082829 3225680712 3230678408 1076101911 1077399979 3 5 4 1 5 0 0 3 1 5 1072944697 3229545449 1073842778 1066805088 2143289344 3230082829 3231672028 3230678408 3191899761 1072944697 3229545449 1073842778 1066805088 2143289344 3230082829 3231672028 3230678408 3191899761 0 0 2 0 0 1 0 2 0
1077142836 1062876420 1082582306 3230355365 1077697210 1055553503 3214563402 3230596231 3227988002 3222022912 3209830580 3228615013 3214772968 3213263468 3231331603 1082974942 3229638080 1072521440 2143289344 3 3 8 6 7 1 1 3 3 1 1077142836 1062876420 1082582306 3230355365 1077697210 1055553503 3214563402 3230596231 3227988002 1077142836 1062876420 1082582306 3230355365 1077697210 1055553503 3214563402 3230596231 3227988002 0 0 0 0 0 0 0 0 0
2139095040 2139095040 2139095040 2139095040 2139095040 2139095040 2139095040 2139095040 2139095040 1078963567 3223264576 1076968400 3231321063 3214225019 3218079870 1083113704 1064400963 3225664099 1042379442 5 3 0 1 6 4 3 2 5 0 1078963567 3223264576 1076968400 2139095040 2139095040 3218079870 1083113704 2139095040 3225664099 1078963567 3223264576 1076968400 2139095040 2139095040 3218079870 1083113704 2139095040 3225664099 4 1 2 0 0 4 3 0 1
1090468531 1090468531 1090468531 1090468531 1090468531 1090468531 1090468531 1090468531 1090468531 0 0 0 0 0 0 0 0 0 1082079923 2 255 255 255 255 255 255 255 255 255 0 0 0 0 0 0 0 0 0 0 0 0 0 0 0 0 0 0 0 0 0 0 0 0 0 0 0
1078223736 1078223736 1078223736 1078223736 1078223736 1078223736 1078223736 1078223736 1078223736 0 0 0 0 0 0 0 0 0 1069835128 0 1 7 1 8 7 3 8 0 6 1078223736 1078223736 1078223736 1078223736 1078223736 1078223736 1078223736 1078223736 1078223736 1078223736 1078223736 1078223736 1078223736 1078223736 1078223736 1078223736 1078223736 1078223736 0 0 0 0 0 0 0 0 0
3221412824 1054402485 3222346755 3218186178 1070649995 3230391763 1074609994 3224449821 1076811859 1078241856 1075546497 3193994719 1075609369 3226619226 3223318564 3215292922 3188563908 3231262408 1058042505 5 7 8 6 1 2 7 8 2 8 3221412824 1054402485 3222346755 1075609369 3226619226 3230391763 1074609994 3188563908 1076811859 3221412824 1054402485 3222346755 1075609369 3226619226 3230391763 1074609994 3188563908 1076811859 0 0 0 2 3 0 0 3 0
1082223247 1084175392 1071215142 3216267473 1021496619 1084010403 1074558254 3229305296 1053297835 1082223247 1084175392 1071215142 3216267473 1021496619 1084010403 1074558254 3229305296 1053297835 1077354480 5 2 1 8 2 3 1 1 2 6 1082223247 1084175392 1071215142 3216267473 1021496619 1084010403 1074558254 3229305296 1053297835 1082223247 1084175392 1071215142 3216267473 1021496619 1084010403 1074558254 3229305296 1053297835 0 0 0 0 0 0 0 0 0
1079884980 1079884980 1079884980 1079884980 1079884980 1079884980 1079884980 1079884980 1079884980 0 0 0 0 0 0 0 0 0 1071496372 3 1 1 1 1 1 1 1 1 1 0 0 0 0 0 0 0 0 0 0 0 0 0 0 0 0 0 0 2 2 2 2 2 2 2 2 2
1077868824 1077868824 1077868824 1077868824 1077868824 1077868824 1077868824 1077868824 1077868824 0 0 0 0 0 0 0 0 0 1069480216 3 2 2 2 2 2 2 2 2 2 1077868824 1077868824 1077868824 1077868824 1077868824 1077868824 1077868824 1077868824 1077868824 1077868824 1077868824 1077868824 1077868824 1077868824 1077868824 1077868824 1077868824 1077868824 0 0 0 0 0 0 0 0 0
1082069170 1082069170 1082069170 1082069170 1082069170 1082069170 1082069170 1082069170 1082069170 0 0 0 0 0 0 0 0 0 1082069170 2 5 3 4 6 6 6 1 1 8 1082069170 1082069170 1082069170 1082069170 1082069170 1082069170 1082069170 1082069170 1082069170 1082069170 1082069170 1082069170 1082069170 1082069170 1082069170 1082069170 1082069170 1082069170 0 0 0 0 0 0 0 0 0
3230511288 3202557163 1067392557 3226376643 2143289344 1083168048 3227318086 1080407902 1044256398 3196918079 3217747598 3228240182 1082987704 1081362568 3225871835 3221683282 3224058942 1075225536 1058772529 2 0 5 7 8 4 3 2 0 8 3196918079 3202557163 1067392557 3226376643 2143289344 1083168048 3227318086 3224058942 1044256398 3196918079 3202557163 1067392557 3226376643 2143289344 1083168048 3227318086 3224058942 1044256398 1 0 0 0 0 0 0 1 0
1071254860 3230418333 1074388069 3229710160 3228191958 1066598201 1084029233 3227991840 3228128370 3207298898 3220756489 3206873733 1042970327 3214692240 1080047121 3225211491 1079620345 3203592755 2143289344 4 7 8 5 8 7 7 2 0 0 1071254860 3230418333 1074388069 3229710160 3228191958 1066598201 1084029233 3227991840 3228128370 1071254860 3230418333 1074388069 3229710160 3228191958 1066598201 1084029233 3227991840 3228128370 0 0 0 0 0 0 0 0 0
2139095040 2139095040 2139095040 2139095040 2139095040 2139095040 2139095040 2139095040 2139095040 3224449365 3231197399 3170706425 1073274198 1066314523 3213128780 3229251063 1082317605 3225524043 1080356235 5 1 8 0 5 7 7 0 7 8 3224449365 2139095040 3170706425 2139095040 2139095040 2139095040 3229251063 2139095040 2139095040 3224449365 2139095040 3170706425 2139095040 2139095040 2139095040 3229251063 2139095040 2139095040 2 0 1 0 0 0 1 0 0
1089042071 1089042071 1089042071 1089042071 1089042071 1089042071 1089042071 1089042071 1089042071 0 0 0 0 0 0 0 0 0 1080653463 4 255 255 255 255 255 255 255 255 255 0 0 0 0 0 0 0 0 0 0 0 0 0 0 0 0 0 0 0 0 0 0 0 0 0 0 0
1088485560 1088485560 1088485560 1088485560 1088485560 1088485560 1088485560 1088485560 1088485560 0 0 0 0 0 0 0 0 0 1080096952 0 2 3 7 3 1 6 8 7 8 1088485560 1088485560 1088485560 1088485560 1088485560 1088485560 1088485560 1088485560 1088485560 1088485560 1088485560 1088485560 1088485560 1088485560 1088485560 1088485560 1088485560 1088485560 0 0 0 0 0 0 0 0 0
1065360132 3212242617 3220344948 1082768875 1078133688 3220255762 1081283771 1069579610 3223800588 1076888357 1081716618 1084221602 1082915510 1072401333 1073733856 1077770619 3217643771 3230693814 1070693758 5 4 4 7 8 8 2 0 2 1 1065360132 3212242617 3220344948 1082768875 1078133688 1073733856 1081283771 3217643771 3230693814 1065360132 3212242617 3220344948 1082768875 1078133688 1073733856 1081283771 3217643771 3230693814 0 0 0 0 0 3 0 3 2
1073171515 1076750510 3182636216 3229640454 1066942236 1080171335 1080941413 3221481180 1065036868 1073171515 1076750510 3182636216 3229640454 1066942236 1080171335 1080941413 3221481180 1065036868 1066805831 1 3 6 4 8 7 5 3 8 1 1073171515 1076750510 3182636216 3229640454 1066942236 1080171335 1080941413 3221481180 1065036868 1073171515 1076750510 3182636216 3229640454 1066942236 1080171335 1080941413 3221481180 1065036868 0 0 0 0 0 0 0 0 0
1087815050 1087815050 1087815050 1087815050 1087815050 1087815050 1087815050 1087815050 1087815050 0 0 0 0 0 0 0 0 0 1079426442 3 1 1 1 1 1 1 1 1 1 0 0 0 0 0 0 0 0 0 0 0 0 0 0 0 0 0 0 2 2 2 2 2 2 2 2 2
1085537450 1085537450 1085537450 1085537450 1085537450 1085537450 1085537450 1085537450 1085537450 0 0 0 0 0 0 0 0 0 1077148842 3 2 2 2 2 2 2 2 2 2 1085537450 1085537450 1085537450 1085537450 1085537450 1085537450 1085537450 1085537450 1085537450 1085537450 1085537450 1085537450 1085537450 1085537450 1085537450 1085537450 1085537450 1085537450 0 0 0 0 0 0 0 0 0
1075731195 1075731195 1075731195 1075731195 1075731195 1075731195 1075731195 1075731195 1075731195 0 0 0 0 0 0 0 0 0 1075731195 1 1 7 2 0 7 2 4 2 2 1075731195 1075731195 1075731195 1075731195 1075731195 1075731195 1075731195 1075731195 1075731195 1075731195 1075731195 1075731195 1075731195 1075731195 1075731195 1075731195 1075731195 1075731195 0 0 0 0 0 0 0 0 0
3214444402 3213874913 1080654492 1061431922 2143289344 3229710148 3220038564 3197955327 1061205631 3230322116 3222937482 3203134910 1070848407 1079107696 1067659700 3222184531 3221028173 1035175523 1062431496 3 2 5 1 2 3 5 7 2 6 3214444402 3213874913 3203134910 1061431922 2143289344 3229710148 3220038564 3197955327 1061205631 3214444402 3213874913 3203134910 1061431922 2143289344 3229710148 3220038564 3197955327 1061205631 0 0 2 0 0 0 0 0 0
1076872939 1071029395 3219089889 1072315209 3229553183 1076633191 3231489605 3205917344 1068530548 1076948593 3230256074 1082679972 1059803641 3227904761 1078853133 3227867560 3231148954 3224240530 2143289344 5 0 2 4 3 5 6 4 5 3 1076872939 1071029395 3219089889 1072315209 3229553183 1076633191 3231489605 3205917344 1068530548 1076872939 1071029395 3219089889 1072315209 3229553183 1076633191 3231489605 3205917344 1068530548 0 0 0 0 0 0 0 0 0
2139095040 2139095040 2139095040 2139095040 2139095040 2139095040 2139095040 2139095040 2139095040 1077031883 1079594517 3231695437 3229933867 1058072474 1077800849 3231388088 3213881425 3226534186 1046526208 1 6 4 2 2 4 0 6 3 3 2139095040 2139095040 2139095040 2139095040 2139095040 2139095040 2139095040 2139095040 2139095040 2139095040 2139095040 2139095040 2139095040 2139095040 2139095040 2139095040 2139095040 2139095040 0 0 0 0 0 0 0 0 0
1088223267 1088223267 1088223267 1088223267 1088223267 1088223267 1088223267 1088223267 1088223267 0 0 0 0 0 0 0 0 0 1079834659 1 255 255 255 255 255 255 255 255 255 0 0 0 0 0 0 0 0 0 0 0 0 0 0 0 0 0 0 0 0 0 0 0 0 0 0 0
1065415066 1065415066 1065415066 1065415066 1065415066 1065415066 1065415066 1065415066 1065415066 0 0 0 0 0 0 0 0 0 1057026458 0 1 7 1 7 5 0 1 7 6 1065415066 1065415066 1065415066 1065415066 1065415066 1065415066 1065415066 1065415066 1065415066 1065415066 1065415066 1065415066 1065415066 1065415066 1065415066 1065415066 1065415066 1065415066 0 0 0 0 0 0 0 0 0
3228915422 1075332755 3215047280 1068432724 3224298696 1083590574 3228555709 3228163299 1027651487 1081922596 3213034308 1079183895 3222444902 3225099628 3230494316 3224377391 1083850373 3177894100 1068305725 5 2 8 6 1 4 2 0 8 3 1081922596 1075332755 3215047280 3222444902 3224298696 3230494316 3228555709 3228163299 1027651487 1081922596 1075332755 3215047280 3222444902 3224298696 3230494316 3228555709 3228163299 1027651487 3 0 0 2 0 3 0 0 0
1049398391 1083698194 1075365089 3220868902 1081023918 1081399228 1082448812 3231167467 1080265029 1049398391 1083698194 1075365089 3220868902 1081023918 1081399228 1082448812 3231167467 1080265029 1050670057 2 6 3 8 8 7 3 8 2 1 1049398391 1083698194 1075365089 3220868902 1081023918 1081399228 1082448812 3231167467 1080265029 1049398391 1083698194 1075365089 3220868902 1081023918 1081399228 1082448812 3231167467 1080265029 0 0 0 0 0 0 0 0 0
1035524558 1035524558 1035524558 1035524558 1035524558 1035524558 1035524558 1035524558 1035524558 0 0 0 0 0 0 0 0 0 1027135950 3 1 1 1 1 1 1 1 1 1 0 0 0 0 0 0 0 0 0 0 0 0 0 0 0 0 0 0 2 2 2 2 2 2 2 2 2
1078265260 1078265260 1078265260 1078265260 1078265260 1078265260 1078265260 1078265260 1078265260 0 0 0 0 0 0 0 0 0 1069876652 3 2 2 2 2 2 2 2 2 2 1078265260 1078265260 1078265260 1078265260 1078265260 1078265260 1078265260 1078265260 1078265260 1078265260 1078265260 1078265260 1078265260 1078265260 1078265260 1078265260 1078265260 1078265260 0 0 0 0 0 0 0 0 0
1072894081 1072894081 1072894081 1072894081 1072894081 1072894081 1072894081 1072894081 1072894081 0 0 0 0 0 0 0 0 0 1072894081 5 1 2 2 1 1 1 5 1 7 1072894081 1072894081 1072894081 1072894081 1072894081 1072894081 1072894081 1072894081 1072894081 1072894081 1072894081 1072894081 1072894081 1072894081 1072894081 1072894081 1072894081 1072894081 0 0 0 0 0 0 0 0 0
1037345696 3222824137 1074846334 1082681516 2143289344 1075212177 1083812137 1020787307 3227144373 1070860749 1074002390 3216110027 3231231462 3216921830 1083533777 1069953388 3222805243 3230898425 1074315048 2 7 3 3 7 8 0 5 1 6 1037345696 3222824137 1074846334 1082681516 2143289344 1083533777 1083812137 1020787307 3227144373 1037345696 3222824137 1074846334 1082681516 2143289344 1083533777 1083812137 1020787307 3227144373 0 0 0 0 0 1 0 0 0
3226225114 3221397865 3204495870 1075004147 3221280838 3230067072 1080260124 3213124503 3216294015 3226566799 3229276171 3204000719 3230642764 1059367615 3214122484 3216823843 1066769913 3174610472 2143289344 1 4 6 7 7 4 7 3 5 2 3226225114 3221397865 3204495870 1075004147 3221280838 3230067072 1080260124 3213124503 3216294015 3226225114 3221397865 3204495870 1075004147 3221280838 3230067072 1080260124 3213124503 3216294015 0 0 0 0 0 0 0 0 0
2139095040 2139095040 2139095040 2139095040 2139095040 2139095040 2139095040 2139095040 2139095040 1079127503 3226455522 1074561306 3228206852 1082817266 3213980704 3208677276 3231421588 1069152119 1068150163 3 4 3 6 7 8 2 5 8 8 2139095040 2139095040 2139095040 2139095040 2139095040 2139095040 2139095040 2139095040 2139095040 2139095040 2139095040 2139095040 2139095040 2139095040 2139095040 2139095040 2139095040 2139095040 0 0 0 0 0 0 0 0 0
1084849215 1084849215 1084849215 1084849215 1084849215 1084849215 1084849215 1084849215 1084849215 0 0 0 0 0 0 0 0 0 1076460607 1 255 255 255 255 255 255 255 255 255 0 0 0 0 0 0 0 0 0 0 0 0 0 0 0 0 0 0 0 0 0 0 0 0 0 0 0
1082447897 1082447897 1082447897 1082447897 1082447897 1082447897 1082447897 1082447897 1082447897 0 0 0 0 0 0 0 0 0 1074059289 0 7 7 7 8 0 4 2 5 5 1082447897 1082447897 1082447897 1082447897 1082447897 1082447897 1082447897 1082447897 1082447897 1082447897 1082447897 1082447897 1082447897 1082447897 1082447897 1082447897 1082447897 1082447897 0 0 0 0 0 0 0 0 0
