13831538681324558019 4611423746799488356 13823104817323979055 13834799692778740721 0 13835686519099364382 13831538681324558019 4611423746799488356 13835686519099364382 13831538681324558019 4611423746799488356 13823104817323979052 13831538681324558019 4611423746799488356 4617602951242794902 1 2 2 1 1 1
4605700266148251268 13830636015844044896 13821279130092637094 4599398613376852356 1 0 0 0 0 0 0 13822770650231628164 0 0 4610490408800729183 1 2 2 1 1 1
4607110235105189914 13831671636592757251 13814155011942889273 13832262472835071241 0 13832644882486630525 4607110235105189914 13831671636592757251 13832644882486630525 4607110235105189914 13831671636592757251 13814155011942889280 4607110235105189914 13831671636592757251 4612905818324068334 1 2 2 1 1 1
4607721544711409930 13819244151579411971 13831907814364415814 13823109032693230274 1 0 0 0 0 0 0 4599736995838454466 0 0 4608481143270145217 1 2 2 1 1 1
4609312089999007623 4611060675604729001 4609584071387703782 13826154240660468637 0 4607280579257495576 4609312089999007623 4611060675604729001 4607280579257495576 4609312089999007623 4611060675604729001 4609584071387703782 4609312089999007623 4611060675604729001 4618028489370491821 1 2 2 1 1 1
4609160669972336172 4609778897107583830 13830889649567859147 4606162569657200104 1 0 0 0 0 0 0 13829534606511975912 0 0 4616816664139647555 1 2 2 1 1 1
4604135931810484872 13834111993115641247 13834818968185145867 4609880957682339300 0 13823307551364804764 4604135931810484872 13834111993115641247 13823307551364804764 4604135931810484872 13834111993115641247 13834818968185145867 4604135931810484872 13834111993115641247 4615383020534604874 1 2 2 1 1 1
13822138813218306593 4606619703033776719 13822542732061686198 13834947032544149775 1 0 0 0 0 0 0 4611574995689373967 0 0 4606812694301699974 1 2 2 1 1 1
13832492606776029873 13832906514603382986 4603556012293667628 13834098004935198634 0 13831407608561003028 13832492606776029873 13832906514603382986 13831407608561003028 13832492606776029873 13832906514603382986 4603556012293667628 13832492606776029873 13832906514603382986 4616598544769621194 1 2 2 1 1 1
13833887434631021299 4608882383544161694 4605085993173476442 13822197540157447505 1 0 0 0 0 0 0 4598825503302671697 0 0 4617231370112004280 1 2 2 1 1 1
13833064554921506671 4607503129136681716 13816286619689719257 4609899467476807792 0 4609383832341071634 13833064554921506671 4607503129136681716 4609383832341071634 13833064554921506671 4607503129136681716 13816286619689719264 13833064554921506671 4607503129136681716 4615227754176362842 1 2 2 1 1 1
4609982739033917873 4601070385587329304 13829997936841639789 13831768896330309944 1 0 0 0 0 0 0 4608396859475534136 0 0 4613484999888076252 1 2 2 1 1 1
13833355838738205740 13833672144554434480 13830616290077677013 13832664869461776795 0 13836144179397097400 13833355838738205740 13833672144554434480 13836144179397097400 13833355838738205740 13833672144554434480 13830616290077677013 13833355838738205740 13833672144554434480 4617872559219085126 1 2 2 1 1 1
4610139428272153347 13832240062923325445 4611357651971357066 13832194162235923285 1 0 0 0 0 0 0 4608822125381147477 0 0 4616902233117346495 1 2 2 1 1 1
4596063211464024748 13817375698166008500 13818399780692475532 13835015370164895494 0 13835402945445227372 4596063211464024748 13817375698166008500 13835402945445227372 4596063211464024748 13817375698166008500 13818399780692475536 4596063211464024748 13817375698166008500 4588035309363859597 1 2 2 1 1 1
13826534200353830631 13824558255024521081 4604558603642712848 4611581444844040361 1 0 0 0 0 0 0 13834953481698816169 0 0 4602328452217744916 1 2 2 1 1 1
13819537353929552300 13831200614114929825 13826910683268280295 4596102554910369457 0 13824303243199220854 13819537353929552300 13831200614114929825 13824303243199220854 13819537353929552300 13831200614114929825 13826910683268280295 13819537353929552300 13831200614114929825 4608737315576224010 1 2 2 1 1 1
13814138871041824777 13831756682568120515 13828605676038435964 13832483581562376623 1 0 0 0 0 0 0 4609111544707600815 0 0 4609940104771512820 1 2 2 1 1 1
4600175106010205068 4601409128336901603 13826304444715240698 13827669990165454961 0 13831490817067718326 4600175106010205068 4601409128336901603 13831490817067718326 4600175106010205068 4601409128336901603 13826304444715240699 4600175106010205068 4601409128336901603 4599342881594113577 1 2 2 1 1 1
4585351561879910609 13825916612729730060 4604541634079316916 13830540998899106633 1 0 0 0 0 0 0 4607168962044330825 0 0 4597955473737930751 1 2 2 1 1 1
4611504793578382515 13821993473051132093 13832739250913222446 13830929542453358395 0 13836337996310660916 4611504793578382515 13821993473051132093 13836337996310660916 4611504793578382515 13821993473051132093 13832739250913222445 4611504793578382515 13821993473051132093 4616000822228063336 1 2 2 1 1 1
13827334111705245669 4602702201861912220 4598631344115536500 13831858986337255863 1 0 0 0 0 0 0 4608486949482480055 0 0 4604168343677615937 1 2 2 1 1 1
13824864247597603142 13828447545648319732 13830702822240917310 4601444364500386150 0 13826964816535801289 13824864247597603142 13828447545648319732 13826964816535801289 13824864247597603142 13828447545648319732 13830702822240917310 13824864247597603142 13828447545648319732 4605159011081736245 1 2 2 1 1 1
4604366858384977921 13834248236011568459 4607320057811829105 4597018262815403445 1 0 0 0 0 0 0 13820390299670179253 0 0 4615706837358248375 1 2 2 1 1 1
4603863409989833428 13812095894135661444 4610076386884569415 13834108777545507304 0 13817822887594607880 4603863409989833428 13812095894135661444 13817822887594607880 4603863409989833428 13812095894135661444 4610076386884569415 4603863409989833428 13812095894135661444 4600919586282427006 1 2 2 1 1 1
13826346436278166300 13834091789967712863 13829188928218977463 13832705167671242506 1 0 0 0 0 0 0 4609333130816466698 0 0 4615000015426479353 1 2 2 1 1 1
13834610892875162095 13830771466106437691 13826264777009722819 13824299027829969635 0 13829892462538366772 13834610892875162095 13830771466106437691 13829892462538366772 13834610892875162095 13830771466106437691 13826264777009722818 13834610892875162095 13830771466106437691 4616990574685675177 1 2 2 1 1 1
13826347120825309661 4589791174363775425 4605003739429882147 13834032594654210705 1 0 0 0 0 0 0 4610660557799434897 0 0 4598878428192587252 1 2 2 1 1 1
13833110662774491691 4607538725588136452 4587043474187921157 13831854248550447870 0 13831639165639443910 13833110662774491691 4607538725588136452 13831639165639443910 13833110662774491691 4607538725588136452 4587043474187921152 13833110662774491691 4607538725588136452 4615338068474871785 1 2 2 1 1 1
13829630389068850828 4605462349987136540 13831765491608991652 4608748986923198980 1 0 0 0 0 0 0 13832121023777974788 0 0 4609253521278617452 1 2 2 1 1 1
4610837035854433037 4610754592959654393 4604255763589369946 4610627906702136461 0 4612677098575785565 4610837035854433037 4610754592959654393 4612677098575785565 4610837035854433037 4610754592959654393 4604255763589369946 4610837035854433037 4610754592959654393 4619000979380235162 1 2 2 1 1 1
13831874190489597866 13834685652628976446 13828804591026777665 4609568768156169977 1 0 0 0 0 0 0 13832940805010945785 0 0 4617707364993661885 1 2 2 1 1 1
4608614194186351781 4602819925956171684 4598382601300917573 4609900386211131776 0 4611078131556884689 4608614194186351781 4602819925956171684 4611078131556884689 4608614194186351781 4602819925956171684 4598382601300917572 4608614194186351781 4602819925956171684 4611692366877693534 1 2 2 1 1 1
13834408311956723716 4609630728679843340 4606065075732466788 13824708206877714009 1 0 0 0 0 0 0 4601336170022938201 0 0 4618246110641638286 1 2 2 1 1 1
4602792616128031310 13827613677155714320 4604913235091770510 13819705464296442786 0 4603121883303987622 4602792616128031310 13827613677155714320 4603121883303987622 4602792616128031310 13827613677155714320 4604913235091770510 4602792616128031310 13827613677155714320 4604628036935384856 1 2 2 1 1 1
4609279826211277141 4598289719062202683 13834330084431196290 13834398854397506238 1 0 0 0 0 0 0 4611026817542730430 0 0 4612168010895370337 1 2 2 1 1 1
4607801051259231529 13831430874156678024 13831445267661087100 4604073529934048026 0 13826437769278609374 4607801051259231529 13831430874156678024 13826437769278609374 4607801051259231529 13831430874156678024 13831445267661087100 4607801051259231529 13831430874156678024 4613308835576120973 1 2 2 1 1 1
13832921700741326479 13829994748293103611 4603303828728933389 4602490352535440711 1 0 0 0 0 0 0 13825862389390216519 0 0 4614404257138847626 1 2 2 1 1 1
4588133561470526931 4608057026854852013 13827697029777617693 13830813376604570001 0 13833888263293352736 4588133561470526931 4608057026854852013 13833888263293352736 4588133561470526931 4608057026854852013 13827697029777617694 4588133561470526931 4608057026854852013 4609115268916474429 1 2 2 1 1 1
13834116649837655948 13830801658238339583 13830594429605085757 4607079538570129756 1 0 0 0 0 0 0 13830451575424905564 0 0 4616550302482740968 1 2 2 1 1 1
4609311765739834452 4602962491905975725 13832409641463694454 13813389039718266099 0 13832744177851214789 4609311765739834452 4602962491905975725 13832744177851214789 4609311765739834452 4602962491905975725 13832409641463694454 4609311765739834452 4602962491905975725 4612703055450846528 1 2 2 1 1 1
13827627260012190469 13822259906005087331 13833944053885536601 4604349438461619252 1 0 0 0 0 0 0 13827721475316395060 0 0 4603034527827395209 1 2 2 1 1 1
4601644000064668229 4607722778697707830 4601247286980692417 4608645530232559025 0 4610539446998255649 4601644000064668229 4607722778697707830 4610539446998255649 4601644000064668229 4607722778697707830 4601247286980692416 4601644000064668229 4607722778697707830 4609210029304420375 1 2 2 1 1 1
13825211493143271916 4604992642560400306 4611191793404280266 4608925203769418733 1 0 0 0 0 0 0 13832297240624194541 0 0 4605186904590223383 1 2 2 1 1 1
13832294259241241222 13833381959616044489 4610916110056690408 13833034750099172733 0 4598685207167079852 13832294259241241222 13833381959616044489 4598685207167079852 13832294259241241222 13833381959616044489 4610916110056690408 13832294259241241222 13833381959616044489 4616833299002346638 1 2 2 1 1 1
13822919521220910524 13830617542078373422 13829309858876171615 13831346530742856629 1 0 0 0 0 0 0 4607974493888080821 0 0 4607788616852365701 1 2 2 1 1 1
13831006481949392393 13826664192253475053 13829595801423712623 13825762661680068027 0 13832254879766099494 13831006481949392393 13826664192253475053 13832254879766099494 13831006481949392393 13826664192253475053 13829595801423712622 13831006481949392393 13826664192253475053 4609585291546761875 1 2 2 1 1 1
4603952094873695608 4611309211253765069 13831645758909298380 13831372165231935622 1 0 0 0 0 0 0 4608000128377159814 0 0 4616283826096084433 1 2 2 1 1 1
4607045563414540873 13809126256570170358 4609305793966728559 13832518736661067877 0 4585251834169762112 4607045563414540873 13809126256570170358 4585251834169762112 4607045563414540873 13809126256570170358 4609305793966728559 4607045563414540873 13809126256570170358 4606924355596638308 1 2 2 1 1 1
13827675610657789919 13829025465566902423 4610921496361844743 13834856852465211308 1 0 0 0 0 0 0 4611484815610435500 0 0 4607868020366474736 1 2 2 1 1 1
4609944593545074045 4607408868796480851 13812981193736011427 4608719065007274731 0 4608410018993645313 4609944593545074045 4607408868796480851 4608410018993645313 4609944593545074045 4607408868796480851 13812981193736011424 4609944593545074045 4607408868796480851 4615527393142112376 1 2 2 1 1 1
13829071276182312036 13822108549028810664 4608704923704444787 13828100858549004751 1 0 0 0 0 0 0 4604728821694228943 0 0 4605172306574544984 1 2 2 1 1 1
13833863394416210395 4590895673165188784 13831560929106717229 4591328306959792504 0 13831144436213178006 13833863394416210395 4590895673165188784 13831144436213178006 13833863394416210395 4590895673165188784 13831560929106717230 13833863394416210395 4590895673165188784 4613975588153126775 1 2 2 1 1 1
13830656606301541234 4607319067019911084 4608106359285170229 4608755156854688478 1 0 0 0 0 0 0 13832127193709464286 0 0 4611928048874658374 1 2 2 1 1 1
13834150336762868679 4607929331791017550 4608453568802041985 4607757789681211008 0 4612609278868996992 13834150336762868679 4607929331791017550 4612609278868996992 13834150336762868679 4607929331791017550 4608453568802041984 13834150336762868679 4607929331791017550 4616857963018848408 1 2 2 1 1 1
4604278155486717232 13819995351997257370 4600133780980024316 4605662111652208185 1 0 0 0 0 0 0 13829034148506983993 0 0 4602696010613264390 1 2 2 1 1 1
4605029373918961140 4610617701545380839 13834053022982120457 4608129291614472800 0 13826650645425795922 4605029373918961140 4610617701545380839 13826650645425795922 4605029373918961140 4610617701545380839 13834053022982120457 4605029373918961140 4610617701545380839 4615483635333372638 1 2 2 1 1 1
4606980009018364868 13826924572369531106 13829909251957777609 13831259106866890113 1 0 0 0 0 0 0 4607887070012114305 0 0 4608587417488876932 1 2 2 1 1 1
13828203450548516251 4610012390733864480 4609640294325451875 13824545897147143576 0 4607764734231836413 13828203450548516251 4610012390733864480 4607764734231836413 13828203450548516251 4610012390733864480 4609640294325451875 13828203450548516251 4610012390733864480 4614383048001694348 1 2 2 1 1 1
13832687891863071913 4608109646912898210 4606276042353411331 13830021265487709568 1 0 0 0 0 0 0 4606649228632933760 0 0 4615347457959028376 1 2 2 1 1 1
4604396726257706642 4605304201582621797 4606277735706871223 13829791275661939012 0 13803557357472543136 4604396726257706642 4605304201582621797 13803557357472543136 4604396726257706642 4605304201582621797 4606277735706871223 4604396726257706642 4605304201582621797 4607648706488866938 1 2 2 1 1 1
13831918307751547588 4610742694449438880 4604574852630168400 13818933151003544274 1 0 0 0 0 0 0 4595561114148768466 0 0 4617206773070527663 1 2 2 1 1 1
4598289178630247399 13834292704554289115 13829611654094400967 13827660730764621087 0 13833139792056881523 4598289178630247399 13834292704554289115 13833139792056881523 4598289178630247399 13834292704554289115 13829611654094400967 4598289178630247399 13834292704554289115 4614871899260019893 1 2 2 1 1 1
13827912409926197060 13830294868172271581 4599101844175807150 4609424283672924677 1 0 0 0 0 0 0 13832796320527700485 0 0 4609175616224586348 1 2 2 1 1 1
4598348049684576386 13809218778520915058 13830749317403470283 13832660050610175508 0 13836208283634193392 4598348049684576386 13809218778520915058 13836208283634193392 4598348049684576386 13809218778520915058 13830749317403470284 4598348049684576386 13809218778520915058 4589632479254835952 1 2 2 1 1 1
4606567569364490278 4605003901559468733 13826609284366818152 4607216943394760830 1 0 0 0 0 0 0 13830588980249536638 0 0 4609177089624330108 1 2 2 1 1 1
4611146973580788675 4596693715411856618 13823924832744130675 13831372354383119972 0 13833092648375982209 4611146973580788675 4596693715411856618 13833092648375982209 4611146973580788675 4596693715411856618 13823924832744130676 4611146973580788675 4596693715411856618 4615242035989258367 1 2 2 1 1 1
13831410571929557838 13827857484025141649 13817645337682898426 13809465503722900923 1 0 0 0 0 0 0 4586093466868125115 0 0 4611267792643251632 1 2 2 1 1 1
4610292082285122698 4602889947923178041 13831939249489814860 4599920706674454163 0 13830199499946562382 4610292082285122698 4602889947923178041 13830199499946562382 4610292082285122698 4602889947923178041 13831939249489814860 4610292082285122698 4602889947923178041 4614234437895264874 1 2 2 1 1 1
13826673577755098493 13832063062450770530 4596402818904725503 13819478410817629275 1 0 0 0 0 0 0 4596106373962853467 0 0 4611924893961012818 1 2 2 1 1 1
4602147682646993345 13826065123431042230 4606104851524375724 4608868323306125044 0 4612259578861531301 4602147682646993345 13826065123431042230 4612259578861531301 4602147682646993345 13826065123431042230 4606104851524375724 4602147682646993345 13826065123431042230 4602191922682689402 1 2 2 1 1 1
13834195417795138658 4605091163305848663 4594314373656724237 13811061723546029102 1 0 0 0 0 0 0 4587689686691253294 0 0 4615874516498620061 1 2 2 1 1 1
4610207117374552726 13833167318057804011 4600584465201934537 13834194715233596788 0 13832466503912589634 4610207117374552726 13833167318057804011 13832466503912589634 4610207117374552726 13833167318057804011 4600584465201934536 4610207117374552726 13833167318057804011 4617643436633174168 1 2 2 1 1 1
13833259695893360635 4607529574273693635 13831425496858722944 4604713797685872035 1 0 0 0 0 0 0 13828085834540647843 0 0 4615564291469629795 1 2 2 1 1 1
13826228441967929193 4608279882978812815 13830042216233176096 4606133584489998348 0 13812118376105001280 13826228441967929193 4608279882978812815 13812118376105001280 13826228441967929193 4608279882978812815 13830042216233176096 13826228441967929193 4608279882978812815 4610861227332779533 1 2 2 1 1 1
13834976873395280731 4610359780394721331 4606905249264550518 4595156654873433577 1 0 0 0 0 0 0 13818528691728209385 0 0 4619383802578955526 1 2 2 1 1 1
4610683255941556844 13826779484403935738 4594988328333760977 13835038374551792103 0 13834310836046388909 4610683255941556844 13826779484403935738 13834310836046388909 4610683255941556844 13826779484403935738 4594988328333760976 4610683255941556844 13826779484403935738 4615055572091403344 1 2 2 1 1 1
4609733212592963783 4604157495045500722 13830270909022253970 13825205404276575712 1 0 0 0 0 0 0 4601833367421799904 0 0 4613700690452312974 1 2 2 1 1 1
4608800742290116722 4609904691652375542 4607012993382035730 13820968561862333625 0 4604905867202780132 4608800742290116722 4609904691652375542 4604905867202780132 4608800742290116722 4609904691652375542 4607012993382035730 4608800742290116722 4609904691652375542 4616664878848528326 1 2 2 1 1 1
4609526218146890580 13825490536176183792 4611552099388868415 13832974663072944356 1 0 0 0 0 0 0 4609602626218168548 0 0 4612882995859421146 1 2 2 1 1 1
13826402010697568052 4607983113777767608 13832373864868254623 4609697580112712028 0 4594734037084401128 13826402010697568052 4607983113777767608 4594734037084401128 13826402010697568052 4607983113777767608 13832373864868254623 13826402010697568052 4607983113777767608 4610234486615512449 1 2 2 1 1 1
13816017988979145862 13832277947203390886 4607665655040034262 4611667859913690346 1 0 0 0 0 0 0 13835039896768466154 0 0 4611344223469543178 1 2 2 1 1 1
13833423762027785742 4610599642110875083 4611214077215236495 4609428508049375150 0 4614824892259676318 13833423762027785742 4610599642110875083 4614824892259676318 13833423762027785742 4610599642110875083 4611214077215236494 13833423762027785742 4610599642110875083 4618186328656858778 1 2 2 1 1 1
13832640892297360674 13834983106377165012 4610432873816673554 4608953927727842102 1 0 0 0 0 0 0 13832325964582617910 0 0 4618525751337965784 1 2 2 1 1 1
13830768007341923870 4602921401062975596 4607701260498688253 13826691033707254181 0 4603076324890157141 13830768007341923870 4602921401062975596 4603076324890157141 13830768007341923870 4602921401062975596 4607701260498688253 13830768007341923870 4602921401062975596 4608870105827921209 1 2 2 1 1 1
4610346386689429531 13831210314868527181 4607854148698838227 4609657408004035883 1 0 0 0 0 0 0 13833029444858811691 0 0 4616427315069211058 1 2 2 1 1 1
4600675113655234250 13830909159161444916 13833552483912335246 13833129469806535590 0 13837844576486805914 4600675113655234250 13830909159161444916 13837844576486805914 4600675113655234250 13830909159161444916 13833552483912335246 4600675113655234250 13830909159161444916 4608600452828316848 1 2 2 1 1 1
4603849340744597523 4609112832737094243 4606000295955426691 13821631023353121315 1 0 0 0 0 0 0 4598258986498345507 0 0 4612671965771859143 1 2 2 1 1 1
13805690838716818106 4611394995819467223 4594908560577160991 4611242963303246449 0 4611823274633231274 13805690838716818106 4611394995819467223 4611823274633231274 13805690838716818106 4611394995819467223 4594908560577160984 13805690838716818106 4611394995819467223 4615618178610999611 1 2 2 1 1 1
4611190829633960008 4609094971460972091 4604752582685862950 4610642020983368640 1 0 0 0 0 0 0 13834014057838144448 0 0 4617993269386706849 1 2 2 1 1 1
4600373552624185521 13833097413184387967 4601283784152072627 4608450866642265563 0 4610353907700807240 4600373552624185521 13833097413184387967 4610353907700807240 4600373552624185521 13833097413184387967 4601283784152072628 4600373552624185521 13833097413184387967 4613006783306413072 1 2 2 1 1 1
4604104082353920108 13819590604491546329 4600440962503408003 4603246452869680689 1 0 0 0 0 0 0 13826618489724456497 0 0 4602166669652966418 1 2 2 1 1 1
13823803271582988691 13832167176666956081 13827134818414535270 13831675239472459147 0 13834469020479700670 13823803271582988691 13832167176666956081 13834469020479700670 13823803271582988691 13832167176666956081 13827134818414535270 13823803271582988691 13832167176666956081 4611619479093847292 1 2 2 1 1 1
13831748819283171126 4600207928244289344 4607279075055220034 13832641405707718194 1 0 0 0 0 0 0 4609269368852942386 0 0 4610480798939878383 1 2 2 1 1 1
13833112527264737422 4608815793320071394 4603117145517179628 4594833332448985394 0 4604533473556792120 13833112527264737422 4608815793320071394 4604533473556792120 13833112527264737422 4608815793320071394 4603117145517179628 13833112527264737422 4608815793320071394 4616544890196212295 1 2 2 1 1 1
4611309364376152400 13822334485614916587 13826099116601029622 13834076747944957445 1 0 0 0 0 0 0 4610704711090181637 0 0 4615646300048618454 1 2 2 1 1 1
13834773851124078869 13833506853440910728 4589908051781304944 4607148137399653864 0 4607493005044719387 13834773851124078869 13833506853440910728 4607493005044719387 13834773851124078869 13833506853440910728 4589908051781304944 13834773851124078869 13833506853440910728 4618995867869039548 1 2 2 1 1 1
13818371678230800740 4608063457995119898 4610383451314362790 4608584092126442437 1 0 0 0 0 0 0 13831956128981218245 0 0 4609234843161572454 1 2 2 1 1 1
13832188109398024099 4587574106310416458 13832912008994928378 4603090051861821367 0 13830354730018518589 13832188109398024099 4587574106310416458 13830354730018518589 13832188109398024099 4587574106310416458 13832912008994928378 13832188109398024099 4587574106310416458 4611054241235992672 1 2 2 1 1 1
4607765391757382009 13832747303349356184 13824240156775640648 13833254886048958603 1 0 0 0 0 0 0 4609882849194182795 0 0 4615033430573514809 1 2 2 1 1 1
13819199908216672684 4599543088852898402 13817230934459586303 4607482187398414443 0 4606609236668242710 13819199908216672684 4599543088852898402 4606609236668242710 13819199908216672684 4599543088852898402 13817230934459586304 13819199908216672684 4599543088852898402 4594226479667214385 1 2 2 1 1 1
4609564705909306089 13813579704112090456 13827670044208650489 13833205769791422501 1 0 0 0 0 0 0 4609833732936646693 0 0 4612459915658478108 1 2 2 1 1 1
13826497739211247440 13832387321623941206 4610226302708965324 4608812325548358319 0 4614022913756032318 13826497739211247440 13832387321623941206 4614022913756032318 13826497739211247440 13832387321623941206 4610226302708965325 13826497739211247440 13832387321623941206 4612320266310994663 1 2 2 1 1 1
13829549756621122387 4608596684191000565 4604251908508088917 13833896477859073059 1 0 0 0 0 0 0 4610524441004297251 0 0 4612848012219153812 1 2 2 1 1 1
4604006426299600206 4607886988947321013 13833240618645339094 4611554342181482845 0 4600414661481584156 4604006426299600206 4607886988947321013 4600414661481584156 4604006426299600206 4607886988947321013 13833240618645339094 4604006426299600206 4607886988947321013 4610589330408644026 1 2 2 1 1 1
4608542451844287769 13834017579653053052 4609449792061214103 13827589609919305652 1 0 0 0 0 0 0 4604217573064529844 0 0 4617117833060754998 1 2 2 1 1 1
13824904888080640533 13830960049837234203 4607628230127130813 4602922085610118957 0 4610001663159552084 13824904888080640533 13830960049837234203 4610001663159552084 13824904888080640533 13830960049837234203 4607628230127130814 13824904888080640533 13830960049837234203 4608887767798358745 1 2 2 1 1 1
4581771164147354046 4608537119582328963 4610355204737499922 4610492807720514601 1 0 0 0 0 0 0 13833864844575290409 0 0 4610301346168659497 1 2 2 1 1 1
13826460161175956660 13832277496843428149 4598790014937608017 4603648101898848100 0 4606207299408699148 13826460161175956660 13832277496843428149 4606207299408699148 13826460161175956660 13832277496843428149 4598790014937608016 13826460161175956660 13832277496843428149 4612156796841253414 1 2 2 1 1 1
4609401729645990805 4592740779918123967 4607800015431317234 4597550768435343733 1 0 0 0 0 0 0 13820922805290119541 0 0 4612228640070010923 1 2 2 1 1 1
13829371360032682987 13821689714263465208 4607998525095692470 4607235345102838266 0 4612120534726635864 13829371360032682987 13821689714263465208 4612120534726635864 13829371360032682987 13821689714263465208 4607998525095692470 13829371360032682987 13821689714263465208 4605570754863427622 1 2 2 1 1 1
13831089113995355387 4610352763786501888 4611669355108766633 13831897483106870626 1 0 0 0 0 0 0 4608525446252094818 0 0 4616364135725814103 1 2 2 1 1 1
4582172380830957228 4607847483371389719 13818881773938995232 13816877924306394494 0 13822424881866637168 4582172380830957228 4607847483371389719 13822424881866637168 4582172380830957228 4607847483371389719 13818881773938995233 4582172380830957228 4607847483371389719 4608613061761143411 1 2 2 1 1 1
4604505695354290499 13833939811494687618 13809740763732125808 4611009334568976977 1 0 0 0 0 0 0 13834381371423752785 0 0 4615204263028519998 1 2 2 1 1 1
13829084859038788185 13829597530805969533 13819065160515821758 13823849928875128249 0 13826581668293903116 13829084859038788185 13829597530805969533 13826581668293903116 13829084859038788185 13829597530805969533 13819065160515821758 13829084859038788185 13829597530805969533 4609430217032865778 1 2 2 1 1 1
13834569513801785815 4598530247311101287 13826603105428129400 4610351727958587592 1 0 0 0 0 0 0 13833723764813363400 0 0 4615402834429977315 1 2 2 1 1 1
4610324616288830822 13832712265344255242 13834696803541653815 13828063046326533348 0 13836506376893529044 4610324616288830822 13832712265344255242 13836506376893529044 4610324616288830822 13832712265344255242 13834696803541653814 4610324616288830822 13832712265344255242 4617394373750720114 1 2 2 1 1 1
13832470782332235636 4593770699109708071 13832577139341035617 4598938381523732111 1 0 0 0 0 0 0 13822310418378507919 0 0 4611795002887101170 1 2 2 1 1 1
13828049535527651237 13832900822053453990 4609147645562213817 13834500572698690028 0 13824967217899483340 13828049535527651237 13832900822053453990 13824967217899483340 13828049535527651237 13832900822053453990 4609147645562213817 13828049535527651237 13832900822053453990 4613565306687262031 1 2 2 1 1 1
4597981456674908428 4603834154606654030 4610101426898497595 4607581203539821811 1 0 0 0 0 0 0 13830953240394597619 0 0 4601860255761798148 1 2 2 1 1 1
13826050910070618248 4608937408524408907 13828779749171233089 4608085849892467184 0 4600834757254825278 13826050910070618248 4608937408524408907 4600834757254825278 13826050910070618248 4608937408524408907 13828779749171233089 13826050910070618248 4608937408524408907 4612094119265265027 1 2 2 1 1 1
13826041560597791827 4598887941207905561 4610101066610527405 4604996083310515618 1 0 0 0 0 0 0 13828368120165291426 0 0 4599676387770104668 1 2 2 1 1 1
4611413505613935715 13832798860557890322 13818671077534028330 4610178735689701037 0 4609412358141111400 4611413505613935715 13832798860557890322 4609412358141111400 4611413505613935715 13832798860557890322 13818671077534028328 4611413505613935715 13832798860557890322 4618448959321957303 1 2 2 1 1 1
13828000104018141218 4597924819405994616 4608075996016482498 13827862654157513871 1 0 0 0 0 0 0 4604490617302738063 0 0 4603330189113604641 1 2 2 1 1 1
4603897277059031254 13834519658953910824 4609078416228741877 13830362205993900024 0 4601640108954590180 4603897277059031254 13834519658953910824 4601640108954590180 4603897277059031254 13834519658953910824 4609078416228741877 4603897277059031254 13834519658953910824 4616053778952654642 1 2 2 1 1 1
4608027996651653983 13827829867952226613 4611221337017835816 13834680113201434780 1 0 0 0 0 0 0 4611308076346658972 0 0 4611223429010281014 1 2 2 1 1 1
4606582197056079978 4609106626776807726 4606579963270664802 13829879420113845907 0 4575798742523114432 4606582197056079978 4609106626776807726 4575798742523114432 4606582197056079978 4609106626776807726 4606579963270664802 4606582197056079978 4609106626776807726 4613731183476434348 1 2 2 1 1 1
4610557695583945755 13809988065394863976 13818042951486799713 4610258827705474194 1 0 0 0 0 0 0 13833630864560250002 0 0 4614078834080501325 1 2 2 1 1 1
13832871494612680553 4595254437028543045 13828454751407723524 4610622259188203738 0 4607154604568718768 13832871494612680553 4595254437028543045 4607154604568718768 13832871494612680553 4595254437028543045 13828454751407723524 13832871494612680553 4595254437028543045 4612411561533757874 1 2 2 1 1 1
4608350751622549117 4605732421849590694 13834368121833649061 4607750692008198272 1 0 0 0 0 0 0 13831122728862974080 0 0 4612339254245718065 1 2 2 1 1 1
13831308556390798641 4603005546318413387 4607943734302625881 4608937975977961956 0 4612944454767664414 13831308556390798641 4603005546318413387 4612944454767664414 13831308556390798641 4603005546318413387 4607943734302625880 13831308556390798641 4603005546318413387 4610112079245636578 1 2 2 1 1 1
13830722557014484447 13834788208599690927 4591018171075053262 4610525071508245083 1 0 0 0 0 0 0 13833897108363020891 0 0 4617135332765191914 1 2 2 1 1 1
4608763416456405075 13826626830390966387 4610382829817614213 4607551533825476694 0 4613470781448915950 4608763416456405075 13826626830390966387 4613470781448915950 4608763416456405075 13826626830390966387 4610382829817614214 4608763416456405075 13826626830390966387 4612008873823195444 1 2 2 1 1 1
4597132690274735675 4609022211305392294 13827247102160444871 13822860361936205385 1 0 0 0 0 0 0 4599488325081429577 0 0 4611759847319477108 1 2 2 1 1 1
4610547193189614727 13828639435021242734 4605603889116225540 13832746708874205371 0 13827510292522668402 4610547193189614727 13828639435021242734 13827510292522668402 4610547193189614727 13828639435021242734 4605603889116225540 4610547193189614727 13828639435021242734 4615452032579284697 1 2 2 1 1 1
4603042385763365277 4609401675602795277 13833539279358227795 13831375741090039754 1 0 0 0 0 0 0 4608003704235263946 0 0 4612857781793914398 1 2 2 1 1 1
13832495038719828653 4591446769644390857 4609508807230731166 13821984754082253503 0 4608273532903338222 13832495038719828653 4591446769644390857 4608273532903338222 13832495038719828653 4591446769644390857 4609508807230731166 13832495038719828653 4591446769644390857 4611812845850668501 1 2 2 1 1 1
13816535362504338184 13828094211235954752 4608543902003367783 13817131278807031848 1 0 0 0 0 0 0 4593759241952256040 0 0 4603059227524331560 1 2 2 1 1 1
4600238156404988255 13833688105311513881 13817412447538967843 13828831990926910587 0 13830050088525324740 4600238156404988255 13833688105311513881 13830050088525324740 4600238156404988255 13833688105311513881 13817412447538967844 4600238156404988255 13833688105311513881 4613957281606010387 1 2 2 1 1 1
13830376599498309100 13833265406457688141 4608704689517264164 13827250272694582540 1 0 0 0 0 0 0 4603878235839806732 0 0 4615124850267809358 1 2 2 1 1 1
13833449477581658028 13819453118602121962 4611224588616766778 4585803218879340341 0 4611400913549377588 13833449477581658028 13819453118602121962 4611400913549377588 13833449477581658028 13819453118602121962 4611224588616766778 13833449477581658028 13819453118602121962 4613342638489380379 1 2 2 1 1 1
4598868845945485510 13833418862111391163 4611544218089520517 4598917809080634282 1 0 0 0 0 0 0 13822289845935410090 0 0 4613396971123015289 1 2 2 1 1 1
13834101256534129595 13832455857403070530 13826485237218681859 4606765061215349729 0 4600975341620793276 13834101256534129595 13832455857403070530 4600975341620793276 13834101256534129595 13832455857403070530 13826485237218681859 13834101256534129595 13832455857403070530 4617560929592738822 1 2 2 1 1 1
13834037080239439566 4609750884717901585 4609753658935272045 13831694758073244171 1 0 0 0 0 0 0 4608322721218468363 0 0 4618002848166725928 1 2 2 1 1 1
13832652349454812705 13821637004133426463 13831711061103895252 4611495471127153858 0 4604488113301345244 13832652349454812705 13821637004133426463 4604488113301345244 13832652349454812705 13821637004133426463 13831711061103895252 13832652349454812705 13821637004133426463 4612167141764458261 1 2 2 1 1 1
13828448446368245206 13834742785293849268 13827899727789646384 13834503626139237385 1 0 0 0 0 0 0 4611131589284461577 0 0 4616540814998630686 1 2 2 1 1 1
13831357537540345923 4601833691680973074 13830651724399545164 4608599512451566554 0 4598950919545094712 13831357537540345923 4601833691680973074 4598950919545094712 13831357537540345923 4601833691680973074 13830651724399545164 13831357537540345923 4601833691680973074 4609856318244664842 1 2 2 1 1 1
13819858010223021079 13834613586027739263 4604508703758841582 13831051860219237778 1 0 0 0 0 0 0 4607679823364461970 0 0 4615415510995827453 1 2 2 1 1 1
13819965664268513744 4608907090291717449 13830604670790638397 13828199361280054598 0 13833930723230639584 13819965664268513744 4608907090291717449 13833930723230639584 13819965664268513744 4608907090291717449 13830604670790638397 13819965664268513744 4608907090291717449 4611483535689763274 1 2 2 1 1 1
4608307282878945737 13834431253293225541 4610762303122216451 13818062839382754181 1 0 0 0 0 0 0 4594690802527978373 0 0 4617343196599179609 1 2 2 1 1 1
13818674176010571961 13828489645297636391 13833595205058400482 13828798574217675498 0 13836139459624687916 13818674176010571961 13828489645297636391 13836139459624687916 13818674176010571961 13828489645297636391 13833595205058400483 13818674176010571961 13828489645297636391 4603787227847359347 1 2 2 1 1 1
13833424509625323886 13824410753129525442 4603662459374460157 13829436049737730537 1 0 0 0 0 0 0 4606064012882954729 0 0 4613595388863616891 1 2 2 1 1 1
13828695928174968469 4586672521693813904 4609936739267323911 13832961701713216784 0 4590217611205291888 13828695928174968469 4586672521693813904 4590217611205291888 13828695928174968469 4586672521693813904 4609936739267323911 13828695928174968469 4586672521693813904 4603867237726158240 1 2 2 1 1 1
4610401835008041717 4602985856580842523 4610036656128656753 4604368533724039303 1 0 0 0 0 0 0 13827740570578815111 0 0 4614446666976975328 1 2 2 1 1 1
13832022385938936120 13833556834389575286 4608668462561861596 13827248381182739044 0 4604453381541018964 13832022385938936120 13833556834389575286 4604453381541018964 13832022385938936120 13833556834389575286 4608668462561861596 13832022385938936120 13833556834389575286 4616792982204656271 1 2 2 1 1 1
13834578259792262169 13834213747445622056 13826990180808902639 13824561749817831920 1 0 0 0 0 0 0 4601189712963056112 0 0 4619421464670600687 1 2 2 1 1 1
13833841876217190819 4611199116257274370 13816761191004053050 13823045153636115651 0 13825226337007643730 13833841876217190819 4611199116257274370 13825226337007643730 13833841876217190819 4611199116257274370 13816761191004053052 13833841876217190819 4611199116257274370 4619085402755292300 1 2 2 1 1 1
13807877354350304991 4595391706745185298 4599039226126588191 4609061734895722097 1 0 0 0 0 0 0 13832433771750497905 0 0 4584529576626498922 1 2 2 1 1 1
4611184173313710755 13834068389264049046 4607682435452245845 4611164780813715298 0 4613927207760351068 4611184173313710755 13834068389264049046 4613927207760351068 4611184173313710755 13834068389264049046 4607682435452245846 4611184173313710755 13834068389264049046 4619270056728384074 1 2 2 1 1 1
13828036060757566144 4608984687313297043 4594604045184756707 4611387754031266411 1 0 0 0 0 0 0 13834759790886042219 0 0 4612765743547531876 1 2 2 1 1 1
4608676163717224399 13824258747634902433 4607077665072684770 13834098716503939758 0 13828740531825677946 4608676163717224399 13824258747634902433 13828740531825677946 4608676163717224399 13824258747634902433 4607077665072684770 4608676163717224399 13824258747634902433 4611387794401569498 1 2 2 1 1 1
13832311796258190203 13830314720039429030 13829289394519464844 13829411171853388942 1 0 0 0 0 0 0 4606039134998613134 0 0 4613667950604972597 1 2 2 1 1 1
13820681340292498444 4608783457474746874 13833044630996755184 13833432778234239738 0 13837742304242867957 13820681340292498444 4608783457474746874 13837742304242867957 13820681340292498444 4608783457474746874 13833044630996755184 13820681340292498444 4608783457474746874 4611183625248874678 1 2 2 1 1 1
4598651159953896930 4611187839243807434 4609506105070954744 4608096415337192995 1 0 0 0 0 0 0 13831468452191968803 0 0 4615392869037155691 1 2 2 1 1 1
4595699104441351098 13820838642020283241 4596456429754689721 4597673554575584362 0 4601568591792507538 4595699104441351098 13820838642020283241 4601568591792507538 4595699104441351098 13820838642020283241 4596456429754689722 4595699104441351098 13820838642020283241 4590855111462718954 1 2 2 1 1 1
13832770893204204351 4604477574878217198 4606606948839632006 4590764384228851679 1 0 0 0 0 0 0 13814136421083627487 0 0 4613298506474439920 1 2 2 1 1 1
4603991312219250750 4604750078684470132 13829901866054388722 13827594275648519608 0 13833251670478824661 4603991312219250750 4604750078684470132 13833251670478824661 4603991312219250750 4604750078684470132 13829901866054388722 4603991312219250750 4604750078684470132 4606730121520153715 1 2 2 1 1 1
4605480490486435588 4609775447350269264 4607179122165090173 4607159252283534214 1 0 0 0 0 0 0 13830531289138310022 0 0 4614254969941686533 1 2 2 1 1 1
4583928856743225760 13815616628180354603 4602283439154160801 4611021674431955973 0 4612430323834203799 4583928856743225760 13815616628180354603 4612430323834203799 4583928856743225760 13815616628180354603 4602283439154160804 4583928856743225760 13815616628180354603 4578007609626756038 1 2 2 1 1 1
13832797878773171555 4609455970999902855 4604304366436548528 13828654332928810075 1 0 0 0 0 0 0 4605282296074034267 0 0 4616762629937519334 1 2 2 1 1 1
4595203924655122458 13830300866966975238 4599477552471120907 13833121057082431662 0 13831669573944127915 4595203924655122458 13830300866966975238 13831669573944127915 4595203924655122458 13830300866966975238 4599477552471120908 4595203924655122458 13830300866966975238 4606935179724848095 1 2 2 1 1 1
13834841603276873031 4594333324803956212 13829583425531936609 4607679336975702214 1 0 0 0 0 0 0 13831051373830478022 0 0 4615808198667745621 1 2 2 1 1 1
13828599587171739760 4600428964914000688 4594364669857362711 4610000636338837043 0 4610650217534690454 13828599587171739760 4600428964914000688 4610650217534690454 13828599587171739760 4600428964914000688 4594364669857362712 13828599587171739760 4600428964914000688 4604964321843659078 1 2 2 1 1 1
13829442120590028232 13830493693088620733 4606235996345524753 4591358571149288433 1 0 0 0 0 0 0 13814730608004064241 0 0 4610581809101830180 1 2 2 1 1 1
13822924781425275292 13831959452637743244 13832986363424776265 13821316960329507006 0 13834083476322800737 13822924781425275292 13831959452637743244 13834083476322800737 13822924781425275292 13831959452637743244 13832986363424776265 13822924781425275292 13831959452637743244 4610910732235453079 1 2 2 1 1 1
4607479998648995541 4607594137877951619 13830429778002709091 13831802997586688393 1 0 0 0 0 0 0 4608430960731912585 0 0 4612423968476403160 1 2 2 1 1 1
13831978160590595341 13826234026431467133 13825087229822353510 4600553264263716114 0 13812684172333387088 13831978160590595341 13826234026431467133 13812684172333387088 13831978160590595341 13826234026431467133 13825087229822353510 13831978160590595341 13826234026431467133 4611692632415539049 1 2 2 1 1 1
13832706194491957546 4591875656444104604 4604314184283736196 4607366579995979842 1 0 0 0 0 0 0 13830738616850755650 0 0 4612122540731916426 1 2 2 1 1 1
13821780290659170883 13830573749075596871 4595751418254622634 13834066164485833124 0 13833243239740322223 13821780290659170883 13830573749075596871 13833243239740322223 13821780290659170883 13830573749075596871 4595751418254622632 13821780290659170883 13830573749075596871 4607532446186533919 1 2 2 1 1 1
13833017050952637167 13834521154148987111 13834737308916702385 4609539566816186107 1 0 0 0 0 0 0 13832911603670961915 0 0 4618362556749827809 1 2 2 1 1 1
4611488346432543358 13834135546941692394 4611212410883374368 13827200859199471031 0 4608385609483664964 4611488346432543358 13834135546941692394 4608385609483664964 4611488346432543358 13834135546941692394 4611212410883374368 4611488346432543358 13834135546941692394 4619622447592473827 1 2 2 1 1 1
13816949837785244346 4605898514603848118 4609703227626644750 4611628120150578429 1 0 0 0 0 0 0 13835000157005354237 0 0 4604935441593647306 1 2 2 1 1 1
13814593554460204102 13825605179808298136 13833381275068901129 4597198983261250568 0 13832377404697561736 13814593554460204102 13825605179808298136 13832377404697561736 13814593554460204102 13825605179808298136 13833381275068901129 13814593554460204102 13825605179808298136 4597604260520125573 1 2 2 1 1 1
4611300177032912564 4605218471060115173 13832970114437320712 4601679020055370662 1 0 0 0 0 0 0 13825051056910146470 0 0 4616500481662695666 1 2 2 1 1 1
4610921127066675299 13831087141418718598 13832813236047900888 13827942439928512366 0 13835534441547147336 4610921127066675299 13831087141418718598 13835534441547147336 4610921127066675299 13831087141418718598 13832813236047900889 4610921127066675299 13831087141418718598 4616865198288066240 1 2 2 1 1 1
13832392527785110446 13832948695317492938 13833973678563885444 4607369750530117511 1 0 0 0 0 0 0 13830741787384893319 0 0 4616559730281140783 1 2 2 1 1 1
13833011430460302209 4609394433814594465 13805782495976434350 4603261008503676351 0 4603049969825137770 13833011430460302209 4609394433814594465 4603049969825137770 13833011430460302209 4609394433814594465 13805782495976434336 13833011430460302209 4609394433814594465 4616879035358014584 1 2 2 1 1 1
4602952493914802962 4605809775676790409 4609121749864356436 13830504177468553252 1 0 0 0 0 0 0 4607132140613777444 0 0 4607180105018891432 1 2 2 1 1 1
4606523848419307766 13834750018074850825 13833818565585519549 13827841253052084606 0 13836011809596849726 4606523848419307766 13834750018074850825 13836011809596849726 4606523848419307766 13834750018074850825 13833818565585519549 4606523848419307766 13834750018074850825 4616854124445331669 1 2 2 1 1 1
13832484356181512530 13830853197432475210 13827241067336944195 4610244236042681513 1 0 0 0 0 0 0 13833616272897457321 0 0 4614338073446985524 1 2 2 1 1 1
4610086078630967516 13827506455455785883 4589732231251852400 13829120365418250374 0 13828486889094664440 4610086078630967516 13827506455455785883 13828486889094664440 4610086078630967516 13827506455455785883 4589732231251852400 4610086078630967516 13827506455455785883 4614259591651033384 1 2 2 1 1 1
4606199715346926656 4604077132813749923 13826972310525581233 4593112020642607372 1 0 0 0 0 0 0 13816484057497383180 0 0 4608186919431840037 1 2 2 1 1 1
13820394911356197680 13828735649923681877 13828552245332456841 4602688204674270352 0 13822027664379503090 13820394911356197680 13828735649923681877 13822027664379503090 13820394911356197680 13828735649923681877 13828552245332456841 13820394911356197680 13828735649923681877 4604340196115376735 1 2 2 1 1 1
4608002758479342199 4599849405685153634 13828288388437488458 4606487837636687311 1 0 0 0 0 0 0 13829859874491463119 0 0 4609502170956904575 1 2 2 1 1 1
13833229683905443838 13833286050958380007 13813244348069437940 13831895366415045762 0 13832220859574514337 13833229683905443838 13833286050958380007 13832220859574514337 13833229683905443838 13833286050958380007 13813244348069437936 13833229683905443838 13833286050958380007 4617452717511818808 1 2 2 1 1 1
4602099476116581971 13834017939941023241 4598062593525795135 13825325632372227994 1 0 0 0 0 0 0 4601953595517452186 0 0 4614722356762109570 1 2 2 1 1 1
13828250197912648356 13834218133951659114 4607780262643351587 4608371981591192541 0 4612579721744642560 13828250197912648356 13834218133951659114 4612579721744642560 13828250197912648356 13834218133951659114 4607780262643351587 13828250197912648356 13834218133951659114 4615835140108588193 1 2 2 1 1 1
13831953462850238842 13826231216185299654 13831501481591635939 4602106429674406631 1 0 0 0 0 0 0 13825478466529182439 0 0 4611632909335798035 1 2 2 1 1 1
4591803742965254752 13833845542147287499 13817217603804689286 13809398057814881422 0 13818683903785767082 4591803742965254752 13833845542147287499 13818683903785767082 4591803742965254752 13833845542147287499 13817217603804689286 4591803742965254752 13833845542147287499 4613949920133640672 1 2 2 1 1 1
4609870707489587404 4601930429000968992 4590483791957667988 4606575495699834450 1 0 0 0 0 0 0 13829947532554610258 0 0 4613398141517684808 1 2 2 1 1 1
13826497937369631044 4611400265031031246 13820986720376031183 13834732201834724947 0 13835423045010364326 13826497937369631044 4611400265031031246 13835423045010364326 13826497937369631044 4611400265031031246 13820986720376031176 13826497937369631044 4611400265031031246 4616248531482325878 1 2 2 1 1 1
13831944068341416147 4605619237383755618 13826375709675744209 4611680542050241021 1 0 0 0 0 0 0 13835052578905016829 0 0 4612576248824054103 1 2 2 1 1 1
13828328848776540755 4584064901480769368 13826411954645545286 4602961248912478571 0 13799560466846447296 13828328848776540755 4584064901480769368 13799560466846447296 13828328848776540755 4584064901480769368 13826411954645545286 13828328848776540755 4584064901480769368 4603288798824139590 1 2 2 1 1 1
4606690535648716002 4601351770492047412 13826388752100265074 4609634025314770575 1 0 0 0 0 0 0 13833006062169546383 0 0 4607522543846881297 1 2 2 1 1 1
13827888324675389882 13834690867797344941 13828611981077914283 13833691501025632918 0 13836140959323363830 13827888324675389882 13834690867797344941 13836140959323363830 13827888324675389882 13834690867797344941 13828611981077914284 13827888324675389882 13834690867797344941 4616387928960672404 1 2 2 1 1 1
13830624973017758583 4594620114028227165 4611561385811300053 13833432985399822597 1 0 0 0 0 0 0 4610060948545046789 0 0 4607427688128936197 1 2 2 1 1 1
13824336497778869358 4611317840150651111 13825299151206419056 4602853288622211245 0 4588965970796853072 13824336497778869358 4611317840150651111 4588965970796853072 13824336497778869358 4611317840150651111 13825299151206419056 13824336497778869358 4611317840150651111 4615837359906012077 1 2 2 1 1 1
4602195745062216643 13831796593468018273 13817155129870658403 13827138961726192451 1 0 0 0 0 0 0 4603766924871416643 0 0 4611017658364804506 1 2 2 1 1 1
4603768690282470572 13831672339154299121 4594269265602856494 4609498602073975545 0 4610136257738015679 4603768690282470572 13831672339154299121 4610136257738015679 4603768690282470572 13831672339154299121 4594269265602856496 4603768690282470572 13831672339154299121 4611432439505175360 1 2 2 1 1 1
13833169173540850488 13832918404106399244 13832046038844179070 4603435730154819817 1 0 0 0 0 0 0 13826807767009595625 0 0 4617116877569730698 1 2 2 1 1 1
13831897158847697456 13814588654543809523 4605240556712687798 13831771373310104998 0 13825795051568588076 13831897158847697456 13814588654543809523 13825795051568588076 13831897158847697456 13814588654543809523 4605240556712687798 13831897158847697456 13814588654543809523 4610305375670480999 1 2 2 1 1 1
13831207000219201437 13833785563207450178 4607629383048635420 13825658790658262354 1 0 0 0 0 0 0 4602286753803486546 0 0 4616482821276048019 1 2 2 1 1 1
4607268896920062176 13829344374463715783 13822410866664596790 13832953667291481555 0 13834295469764460320 4607268896920062176 13829344374463715783 13834295469764460320 4607268896920062176 13829344374463715783 13822410866664596788 4607268896920062176 13829344374463715783 4610731838813109352 1 2 2 1 1 1
4595705877855190664 4609321754723807960 4607741540693755455 4607088257539008346 1 0 0 0 0 0 0 13830460294393784154 0 0 4612155825064433739 1 2 2 1 1 1
13832953054801932233 13821905887045578991 4605682900268088128 13815789710521233706 0 4604713743642676507 13832953054801932233 13821905887045578991 4604713743642676507 13832953054801932233 13821905887045578991 4605682900268088128 13832953054801932233 13821905887045578991 4612635604272588643 1 2 2 1 1 1
13828011741319578343 13833134856111689925 4601758823840767667 13826961700044859148 1 0 0 0 0 0 0 4603589663190083340 0 0 4613913750793220482 1 2 2 1 1 1
4601966385740393918 13834371598612561392 13829573355483169808 4609247724553133244 0 4603286931223131496 4601966385740393918 13834371598612561392 4603286931223131496 4601966385740393918 13834371598612561392 13829573355483169808 4601966385740393918 13834371598612561392 4615346438640319522 1 2 2 1 1 1
4608225920848077661 13827508184838042794 4605570382334997903 13832883528230884887 1 0 0 0 0 0 0 4609511491376109079 0 0 4611483665792955871 1 2 2 1 1 1
13833124668969332813 4608446137862656824 4609661641387685611 13830393280831328881 0 4603294839544077157 13833124668969332813 4608446137862656824 4603294839544077157 13833124668969332813 4608446137862656824 4609661641387685611 13833124668969332813 4608446137862656824 4616310141423524939 1 2 2 1 1 1
4604149442609366983 13830321097136501386 13834526144137374237 13834028082047384080 1 0 0 0 0 0 0 4610656045192608272 0 0 4608933350648054270 1 2 2 1 1 1
4603857717439904432 13828425387938153069 4596041017725061066 13821723977649430242 0 13813011746155883508 4603857717439904432 13828425387938153069 13813011746155883508 4603857717439904432 13828425387938153069 4596041017725061066 4603857717439904432 13828425387938153069 4607012536620944713 1 2 2 1 1 1
13833661903368881839 13827822175804063065 13833400370331321180 4599030002754551336 1 0 0 0 0 0 0 13822402039609327144 0 0 4614706588422441141 1 2 2 1 1 1
13831748080692832238 13831104047931719747 13831724265658002702 4586884371020285412 0 13831514154720987359 13831748080692832238 13831104047931719747 13831514154720987359 13831748080692832238 13831104047931719747 13831724265658002702 13831748080692832238 13831104047931719747 4613620948210730576 1 2 2 1 1 1
13828821218316601916 4604453849915380210 4606645193407667636 4590618539658518913 1 0 0 0 0 0 0 13813990576513294721 0 0 4607804259316496602 1 2 2 1 1 1
13832908892503986238 13828159513430551624 13833806865233687641 13831774525829844157 0 13837294295159136395 13832908892503986238 13828159513430551624 13837294295159136395 13832908892503986238 13828159513430551624 13833806865233687641 13832908892503986238 13828159513430551624 4613617621179126951 1 2 2 1 1 1
13831846457323092519 4604181256037134728 4604168159569418335 13830305838940963855 1 0 0 0 0 0 0 4606933802086188047 0 0 4611912758582533752 1 2 2 1 1 1
4609238501181096389 13832222120582410001 13822843068113636282 13835015135977714871 0 13835761522047558611 4609238501181096389 13832222120582410001 13835761522047558611 4609238501181096389 13832222120582410001 13822843068113636284 4609238501181096389 13832222120582410001 4616187874543313342 1 2 2 1 1 1
4610930260366719606 13827249894392213841 13827735760734413079 4609293922478110810 1 0 0 0 0 0 0 13832665959332886618 0 0 4615644128110659579 1 2 2 1 1 1
13824313151118401069 4609538621060264359 4604532770995250250 4598608249656647344 0 4607001085864620962 13824313151118401069 4609538621060264359 4607001085864620962 13824313151118401069 4609538621060264359 4604532770995250250 13824313151118401069 4609538621060264359 4612773471830570228 1 2 2 1 1 1
13832035941773814505 13834801350103403594 4602464519887978114 4604436429992021541 1 0 0 0 0 0 0 13827808466846797349 0 0 4617925049828091074 1 2 2 1 1 1
4605960664278705830 13814039575677240512 13831939916022559711 13826306228140693137 0 13834319401892880168 4605960664278705830 13814039575677240512 13834319401892880168 4605960664278705830 13814039575677240512 13831939916022559712 4605960664278705830 13814039575677240512 4604967145955905405 1 2 2 1 1 1
4608689197134546010 13830983252382514416 13827075136712273356 4609480254409093637 1 0 0 0 0 0 0 13832852291263869445 0 0 4613894069707127554 1 2 2 1 1 1
4600406014570299608 4611095812689021746 13831451996038930392 4611049092346487404 0 4604113485869942056 4600406014570299608 4611095812689021746 4604113485869942056 4600406014570299608 4611095812689021746 13831451996038930392 4600406014570299608 4611095812689021746 4615362573610548633 1 2 2 1 1 1
4610354682319943147 13830209606024126202 13832946272380893413 4609702975425065618 1 0 0 0 0 0 0 13833075012279841426 0 0 4615806403693829751 1 2 2 1 1 1
13825098146547850256 13834601525387937165 4606006150634942272 13834559065450650316 0 13830643599905817388 13825098146547850256 13834601525387937165 13830643599905817388 13825098146547850256 13834601525387937165 4606006150634942272 13825098146547850256 13834601525387937165 4615749856876661017 1 2 2 1 1 1
4598421728574480167 4610023361502556755 4597389431482292812 4607889420891119793 1 0 0 0 0 0 0 13831261457745895601 0 0 4613327783328539548 1 2 2 1 1 1
13831633004715153667 4604217825266108977 4587731191865419141 4609655048117831141 0 4609891622206256913 13831633004715153667 4604217825266108977 4609891622206256913 13831633004715153667 4604217825266108977 4587731191865419136 13831633004715153667 4604217825266108977 4611624697643158101 1 2 2 1 1 1
4607325750361758101 4610786640574602761 4580575008086324442 13830751695304073534 1 0 0 0 0 0 0 4607379658449297726 0 0 4616533848196246442 1 2 2 1 1 1
13826846912297556729 4607242487811847276 4596330617195499499 13826372395026418464 0 13823112635572932170 13826846912297556729 4607242487811847276 13823112635572932170 13826846912297556729 4607242487811847276 4596330617195499500 13826846912297556729 4607242487811847276 4608862463792643781 1 2 2 1 1 1
13832420828405168842 13829978499305648058 4608944389103831331 13832869449978449727 1 0 0 0 0 0 0 4609497413123673919 0 0 4613660349472620968 1 2 2 1 1 1
4604987724629607218 4608875889353499026 13820174487176035659 13833297922446997756 0 13834252226200838309 4604987724629607218 4608875889353499026 13834252226200838309 4604987724629607218 4608875889353499026 13820174487176035656 4604987724629607218 4608875889353499026 4612734226170226703 1 2 2 1 1 1
13833149970192039380 13827538340941147666 13826045523765463913 4608128228764960741 1 0 0 0 0 0 0 13831500265619736549 0 0 4613773890104002272 1 2 2 1 1 1
13830654300458532020 4607720770092274022 13805815354239315645 13832814244854217419 0 13832920277603844230 13830654300458532020 4607720770092274022 13832920277603844230 13830654300458532020 4607720770092274022 13805815354239315648 13830654300458532020 4607720770092274022 4612357498021419652 1 2 2 1 1 1
4583197904509305019 13823250950124687973 4611591622979198218 4583595662428394381 1 0 0 0 0 0 0 13806967699283170189 0 0 4593269228098883040 1 2 2 1 1 1
13815056596559491827 4603043412584080318 4609415645768839380 4601227615257520062 0 4611304644603742916 13815056596559491827 4603043412584080318 4611304644603742916 13815056596559491827 4603043412584080318 4609415645768839380 13815056596559491827 4603043412584080318 4599104904898855249 1 2 2 1 1 1
13832300203992749351 4600492735884724254 4607522368514289843 13827912409926197060 1 0 0 0 0 0 0 4604540373071421252 0 0 4611841172897101914 1 2 2 1 1 1
4605815522269914934 4606099825507191579 4603789695071132628 13834429947249333604 0 13831622709486405498 4605815522269914934 4606099825507191579 13831622709486405498 4605815522269914934 4606099825507191579 4603789695071132628 4605815522269914934 4606099825507191579 4609405305505896378 1 2 2 1 1 1
4610063281409653767 13833532433886794192 4602222262256822601 13834540006217027284 1 0 0 0 0 0 0 4611167969362251476 0 0 4617820238769935180 1 2 2 1 1 1
4606712873502867760 13828027792148650292 13833104159576629768 4571208673782898417 0 13833086352343703145 4606712873502867760 13828027792148650292 13833086352343703145 4606712873502867760 13828027792148650292 13833104159576629768 4606712873502867760 13828027792148650292 4609056433092310132 1 2 2 1 1 1
13832315462188286882 4604272949325547992 4596186429949829605 4602281349483933702 1 0 0 0 0 0 0 13825653386338709510 0 0 4612571537669958045 1 2 2 1 1 1
4608559421407683701 13808405392399414927 13828535077610677305 4595399561022935432 0 13826977192427577303 4608559421407683701 13808405392399414927 13826977192427577303 4608559421407683701 13808405392399414927 13828535077610677305 4608559421407683701 13808405392399414927 4610362598961901610 1 2 2 1 1 1
4605984209097557723 13829642873047017899 13833212777392442689 13834022659713432725 1 0 0 0 0 0 0 4610650622858656917 0 0 4609702052652003560 1 2 2 1 1 1
4609913554736442207 13831926999698828413 13833173578061286056 4610305674148798102 0 4592730547739770592 4609913554736442207 13831926999698828413 4592730547739770592 4609913554736442207 13831926999698828413 13833173578061286056 4609913554736442207 13831926999698828413 4616508297843451717 1 2 2 1 1 1
4607609909483846670 4605993144239218426 13831526422526372316 13812655637526148068 1 0 0 0 0 0 0 4589283600671372260 0 0 4611470817032892714 1 2 2 1 1 1
4608119545824879170 13823552979530097948 4607638011945521462 13827940602459864399 0 4600721698889779770 4608119545824879170 13823552979530097948 4600721698889779770 4608119545824879170 13823552979530097948 4607638011945521462 4608119545824879170 13823552979530097948 4609839693660873461 1 2 2 1 1 1
13829797634744612859 13830965895509550530 13819806344928095885 4605829699601541896 1 0 0 0 0 0 0 13829201736456317704 0 0 4611753739768219748 1 2 2 1 1 1
13833933236239231657 13818584536363588779 13833820078794994346 13823572723310864340 0 13835255200355851856 13833933236239231657 13818584536363588779 13835255200355851856 13833933236239231657 13818584536363588779 13833820078794994347 13833933236239231657 13818584536363588779 4614143826757818894 1 2 2 1 1 1
13829287611094012405 4610457715672218130 4609914851773134890 13827468481103727895 1 0 0 0 0 0 0 4604096444248952087 0 0 4615563437284579616 1 2 2 1 1 1
13832896624698601280 13827420076414932917 4578167996215081497 4605943910888092012 0 4606053510488623700 13832896624698601280 13827420076414932917 4606053510488623700 13832896624698601280 13827420076414932917 4578167996215081472 13832896624698601280 13827420076414932917 4613342719117774867 1 2 2 1 1 1
4597229319508340536 13834050014577569374 4605129335816290256 13834510399553076950 1 0 0 0 0 0 0 4611138362698301142 0 0 4614399081736948588 1 2 2 1 1 1
4610202298522951439 4610123386450280654 13820912284881390003 4608131606464681268 0 4606987737195325435 4610202298522951439 4610123386450280654 4606987737195325435 4610202298522951439 4610123386450280654 13820912284881390004 4610202298522951439 4610123386450280654 4617904617589980484 1 2 2 1 1 1
13831979926001649271 13827509193644359325 4611228227525265693 13833463618884487971 1 0 0 0 0 0 0 4610091582029712163 0 0 4612071845961558010 1 2 2 1 1 1
4590890629133606129 13820300371792819919 13807397162543636239 4603925901938262821 0 4603664404929499181 4590890629133606129 13820300371792819919 4603664404929499181 4590890629133606129 13820300371792819919 13807397162543636224 4590890629133606129 13820300371792819919 4587922823344213081 1 2 2 1 1 1
4585134236176292218 4610060876487452751 13803247509818180045 4605624641703308463 1 0 0 0 0 0 0 13828996678558084271 0 0 4613235235418380064 1 2 2 1 1 1
4607327488751214266 4607344674487392312 13828327011307892788 13832073195549932114 0 13835260564143008054 4607327488751214266 4607344674487392312 13835260564143008054 4607327488751214266 4607344674487392312 13828327011307892788 4607327488751214266 4607344674487392312 4611998603436546014 1 2 2 1 1 1
4608947595666766019 13827252938825561943 13834096996128882103 4608802714866753510 1 0 0 0 0 0 0 13832174751721529318 0 0 4612448901796210093 1 2 2 1 1 1
13833427346893089129 4607809878314501175 4607877639474494591 4608411775397499987 0 4612648307063367785 13833427346893089129 4607809878314501175 4612648307063367785 13833427346893089129 4607809878314501175 4607877639474494591 13833427346893089129 4607809878314501175 4616146402289776225 1 2 2 1 1 1
4607663457283416105 13828354663409604842 13819893894904851968 4598431852666442496 1 0 0 0 0 0 0 13821803889521218304 0 0 4610768307061922394 1 2 2 1 1 1
13834608325823374494 4611558224284361639 4610470803132735268 13830120722981880418 0 4605185720883624934 13834608325823374494 4611558224284361639 4605185720883624934 13834608325823374494 4611558224284361639 4610470803132735268 13834608325823374494 4611558224284361639 4620127828147902714 1 2 2 1 1 1
4611340619357566351 13828770165511226044 13830245382619566034 13831934520710206121 1 0 0 0 0 0 0 4608562483855430313 0 0 4616574851457487912 1 2 2 1 1 1
13827799621777129193 13833533028361945005 13834021434734334081 13828666672791789070 0 13836319599106183108 13827799621777129193 13833533028361945005 13836319599106183108 13827799621777129193 13833533028361945005 13834021434734334081 13827799621777129193 13833533028361945005 4614482792555044239 1 2 2 1 1 1
4608505180053771651 4606953726010939534 13833131892743135115 13832918773401568688 1 0 0 0 0 0 0 4609546736546792880 0 0 4613090140340763215 1 2 2 1 1 1
4597224923995104222 4606724312645921281 13833223423901961793 13827557778477139397 0 13835643370111334546 4597224923995104222 4606724312645921281 13835643370111334546 4597224923995104222 4606724312645921281 13833223423901961794 4597224923995104222 4606724312645921281 4606739935029330106 1 2 2 1 1 1
13830664352492900311 13830862213638929206 13833901377775467638 4580630924779297874 1 0 0 0 0 0 0 13804002961634073682 0 0 4612115529575754692 1 2 2 1 1 1
13818948787501450505 13828182788033425875 4608957692737130584 4606130161754281546 0 4612310591134510526 13818948787501450505 13828182788033425875 4612310591134510526 13818948787501450505 13828182788033425875 4608957692737130583 13818948787501450505 13828182788033425875 4603348555649902053 1 2 2 1 1 1
4579082262968234727 4593780643057685305 4610239074917508547 13834841125895312530 1 0 0 0 0 0 0 4611469089040536722 0 0 4580436031812965227 1 2 2 1 1 1
13827305144552442422 13834298775406586811 4605049532030893251 13806057467755283083 0 4604829900484265647 13827305144552442422 13834298775406586811 4604829900484265647 13827305144552442422 13834298775406586811 4605049532030893251 13827305144552442422 13834298775406586811 4615655251577518115 1 2 2 1 1 1
4606477551415138397 13822768272331024913 4610068316434037167 4608603502640836404 1 0 0 0 0 0 0 13831975539495612212 0 0 4606737428298395627 1 2 2 1 1 1
13833388336713116846 13817812151013096229 13831043240329550991 4608196620428901989 0 4593071091929193824 13833388336713116846 13817812151013096229 4593071091929193824 13833388336713116846 13817812151013096229 13831043240329550991 13833388336713116846 13817812151013096229 4613207923259599861 1 2 2 1 1 1
4607038267583144533 4607801519633592775 4592966752533026909 4602865682528385769 1 0 0 0 0 0 0 13826237719383161577 0 0 4612276173678240511 1 2 2 1 1 1
4602744463640815464 4609291598620703087 13826993423400634346 13826660607388171666 0 13831330615021773502 4602744463640815464 4609291598620703087 13831330615021773502 4602744463640815464 4609291598620703087 13826993423400634346 4602744463640815464 4609291598620703087 4612616777310963471 1 2 2 1 1 1
13834741560314750623 13830481605427220871 4600042411950784224 4610124782566165138 1 0 0 0 0 0 0 13833496819420940946 0 0 4616986444588957405 1 2 2 1 1 1
13832726559769472516 4600859869326347497 4602920716515832236 4610799169588766106 0 4612428968250715960 13832726559769472516 4600859869326347497 4612428968250715960 13832726559769472516 4600859869326347497 4602920716515832236 13832726559769472516 4600859869326347497 4612488669077964052 1 2 2 1 1 1
13828372605750520287 4608591667181015674 13815535347214279820 4600844376943629343 1 0 0 0 0 0 0 13824216413798405151 0 0 4612356959596871844 1 2 2 1 1 1
13833415925764434118 4596844171668207811 4602345841030597647 4607701107376300923 0 4609869662654473855 13833415925764434118 4596844171668207811 4609869662654473855 13833415925764434118 4596844171668207811 4602345841030597648 13833415925764434118 4596844171668207811 4613306956209810132 1 2 2 1 1 1
4605025248621702469 4608325450399842549 4610250856334133748 13832323316466037016 1 0 0 0 0 0 0 4608951279611261208 0 0 4612024675262807925 1 2 2 1 1 1
4603110606290520686 4606497367253498827 13827994231324227127 4611478861851728116 0 4608255374389640664 4603110606290520686 4606497367253498827 4608255374389640664 4603110606290520686 4606497367253498827 13827994231324227128 4603110606290520686 4606497367253498827 4607875561364917663 1 2 2 1 1 1
13832056271022532455 4601954496237377660 4606383516254918901 13809355687949587121 1 0 0 0 0 0 0 4585983651094811313 0 0 4611638959973346528 1 2 2 1 1 1
13819276361323946925 13832708257140586882 4603928207781272035 13822248484876432320 0 4599972768286146566 13819276361323946925 13832708257140586882 4599972768286146566 13819276361323946925 13832708257140586882 4603928207781272035 13819276361323946925 13832708257140586882 4612181755035296773 1 2 2 1 1 1
13822455650459291363 4603788109804063794 13834034864468422900 13831073180259873750 1 0 0 0 0 0 0 4607701143405097942 0 0 4602292936017409121 1 2 2 1 1 1
13831172511653255033 4606857421036507844 4595110826243625455 13833102619345557207 0 13832359768601420953 13831172511653255033 4606857421036507844 13832359768601420953 13831172511653255033 4606857421036507844 4595110826243625456 13831172511653255033 4606857421036507844 4612186916952923130 1 2 2 1 1 1
4589403360392663297 4611623472435762983 4603874650974503345 4608705265978016468 1 0 0 0 0 0 0 13832077302832792276 0 0 4616074699800569719 1 2 2 1 1 1
4606433073865218486 4607760104531419476 4607155253087065109 13830176819818838945 0 4585768343003825984 4606433073865218486 4607760104531419476 4585768343003825984 4606433073865218486 4607760104531419476 4607155253087065109 4606433073865218486 4607760104531419476 4611941667394086130 1 2 2 1 1 1
13832128148472585288 13831990068108010109 13826829096057430851 4607536888119488485 1 0 0 0 0 0 0 13830908924974264293 0 0 4615199086529913386 1 2 2 1 1 1
4609936198835368626 13831092590774267717 4594164205630749195 13828584869408157513 0 13827335823073104070 4609936198835368626 13831092590774267717 13827335823073104070 4609936198835368626 13831092590774267717 4594164205630749196 4609936198835368626 13831092590774267717 4615852000388914590 1 2 2 1 1 1
4604557396678012712 4609811854449656927 4607353411470669411 4607228310480220313 1 0 0 0 0 0 0 13830600347334996121 0 0 4613961800134268881 1 2 2 1 1 1
13809344158734541052 13832943813415496868 4600623124101135885 13833228954322304204 0 13831491078276496713 13809344158734541052 13832943813415496868 13831491078276496713 13809344158734541052 13832943813415496868 4600623124101135884 13809344158734541052 13832943813415496868 4612461067569041691 1 2 2 1 1 1
4611419576466233411 4607169322332301015 4600118504770088276 4602094323998608260 1 0 0 0 0 0 0 13825466360853384068 0 0 4617049745073626896 1 2 2 1 1 1
13826540073047744722 13832149108225251071 13832657681716771511 4607213430587051481 0 13825332513872458616 13826540073047744722 13832149108225251071 13825332513872458616 13826540073047744722 13832149108225251071 13832657681716771511 13826540073047744722 13832149108225251071 4612003088706351765 1 2 2 1 1 1
4606015626208558260 13830991493969832504 13809729522747455891 4604609494318502134 1 0 0 0 0 0 0 13827981531173277942 0 0 4611511286694324184 1 2 2 1 1 1
4603700884086480882 13826391868591207214 13834681338180533425 4608349265434672085 0 13827467328182223288 4603700884086480882 13826391868591207214 13827467328182223288 4603700884086480882 13826391868591207214 13834681338180533425 4603700884086480882 13826391868591207214 4604170783135832826 1 2 2 1 1 1
4611407722992014172 13827050727202293008 4606759062420646072 13832377125474384839 1 0 0 0 0 0 0 4609005088619609031 0 0 4616335954952409981 1 2 2 1 1 1
4604404922809028457 13824480180621380986 13830198491140245852 13831459949395872328 0 13835421811024066427 4604404922809028457 13824480180621380986 13835421811024066427 4604404922809028457 13824480180621380986 13830198491140245852 4604404922809028457 13824480180621380986 4604018842296795594 1 2 2 1 1 1
4610102516769607419 4602769990043503400 4607854445936413633 13830885596328194514 1 0 0 0 0 0 0 4607513559473418706 0 0 4613886974043666006 1 2 2 1 1 1
13832799148788266473 4607283119287685412 13830823230480554687 4605019754230157077 0 13822444085215448274 13832799148788266473 4607283119287685412 13822444085215448274 13832799148788266473 4607283119287685412 13830823230480554687 13832799148788266473 4607283119287685412 4614591940100467298 1 2 2 1 1 1
13824388018958606476 4610732561350277296 13835054371337668523 13833540198092551779 1 0 0 0 0 0 0 4610168161237775971 0 0 4614757913649063278 1 2 2 1 1 1
4607815417742042841 13833408521846646720 4593554021924436022 13834933431673275116 0 13834377831594445673 4607815417742042841 13833408521846646720 13834377831594445673 4607815417742042841 13833408521846646720 4593554021924436016 4607815417742042841 13833408521846646720 4616121922511797222 1 2 2 1 1 1
4609369727067038710 13817842487260186197 13818411670195491790 13791859527656425914 1 0 0 0 0 0 0 4568487490801650106 0 0 4612201465898091560 1 2 2 1 1 1
4611394824682681382 13826153844343701429 4611162510999503103 4608045110330237991 0 4614107410292241043 4611394824682681382 13826153844343701429 4614107410292241043 4611394824682681382 13826153844343701429 4611162510999503103 4611394824682681382 13826153844343701429 4616197627023634722 1 2 2 1 1 1
13812252403229911824 4609314368820419072 13826351210093771313 13817388740590529365 1 0 0 0 0 0 0 4594016703735753557 0 0 4612079031652408451 1 2 2 1 1 1
13831456769854535404 4610242074314860376 4605487930433020004 13829384636644384475 0 13811927567595988848 13831456769854535404 4610242074314860376 13811927567595988848 13831456769854535404 4610242074314860376 4605487930433020004 13831456769854535404 4610242074314860376 4616483665854078020 1 2 2 1 1 1
13826774008026788855 4604916423640306688 4595211706875278554 13832142587012990638 1 0 0 0 0 0 0 4608770550158214830 0 0 4606253509273367844 1 2 2 1 1 1
4608819062933400865 13831605370627840121 4610364896483898024 4610701540556043968 0 4615036818147341492 4608819062933400865 13831605370627840121 4615036818147341492 4608819062933400865 13831605370627840121 4610364896483898024 4608819062933400865 13831605370627840121 4614793577823910821 1 2 2 1 1 1
4607732317321718600 13832049137320722700 4609458529044491202 4604408813919106505 1 0 0 0 0 0 0 13827780850773882313 0 0 4614012202429356296 1 2 2 1 1 1
4610442331375891032 13824980584583177376 13832153548774483658 4609693454815453356 0 4596463563456499472 4610442331375891032 13824980584583177376 4596463563456499472 4610442331375891032 13824980584583177376 13832153548774483658 4610442331375891032 13824980584583177376 4614311082922545522 1 2 2 1 1 1
13779939760450671875 4607696333560695910 13826276108066385283 13828587337380753312 1 0 0 0 0 0 0 4605215300525977504 0 0 4608268892995260528 1 2 2 1 1 1
4603579773285301634 4603444899483661143 13834399565966247362 4604978681401555458 0 13830997835038107841 4603579773285301634 4603444899483661143 13830997835038107841 4603579773285301634 4603444899483661143 13834399565966247362 4603579773285301634 4603444899483661143 4604501129095000648 1 2 2 1 1 1
4607053147476313365 4605126633656513833 4611586218659645374 4603665918138973977 1 0 0 0 0 0 0 13827037954993749785 0 0 4609736493755990670 1 2 2 1 1 1
13826122661419881515 13833641141774599661 13833364539692685820 4605746563152420637 0 13828603280123434203 13826122661419881515 13833641141774599661 13828603280123434203 13826122661419881515 13833641141774599661 13833364539692685820 13826122661419881515 13833641141774599661 4614159728696274872 1 2 2 1 1 1
13831522603473888306 13829038886293791987 13833805288973818061 4611418693760706446 1 0 0 0 0 0 0 13834790730615482254 0 0 4612064197085420832 1 2 2 1 1 1
13831672762492664093 4609505978970165177 4611377602917706318 13813401721854816774 0 4611042273896651566 13831672762492664093 4609505978970165177 4611042273896651566 13831672762492664093 4609505978970165177 4611377602917706318 13831672762492664093 4609505978970165177 4615866132903888594 1 2 2 1 1 1
13833128938381779560 13828445528035686670 13832316642131389253 13827323194979748923 1 0 0 0 0 0 0 4603951158124973115 0 0 4614065333893982439 1 2 2 1 1 1
13831732092914155072 4607859021593635042 4608566311915113578 13815173185746645195 0 4608120266400819549 13831732092914155072 4607859021593635042 4608120266400819549 13831732092914155072 4607859021593635042 4608566311915113578 13831732092914155072 4607859021593635042 4613745052534856370 1 2 2 1 1 1
4600762807747178408 4606085486045978031 4609502700349636452 4610041276821874435 1 0 0 0 0 0 0 13833413313676650243 0 0 4606517829739013996 1 2 2 1 1 1
13831290163689920460 13823736258020533418 13786622669952125464 4609358999492726314 0 4609353523115579431 13831290163689920460 13823736258020533418 4609353523115579431 13831290163689920460 13823736258020533418 13786622669952125952 13831290163689920460 13823736258020533418 4609395618899888876 1 2 2 1 1 1
13833785509164254650 4606700065265527518 13831514325857773199 13829156952661623132 1 0 0 0 0 0 0 4605784915806847324 0 0 4615841393202584640 1 2 2 1 1 1
4606876390198138328 13832121239950756902 13823752002604830705 13831743396949219772 0 13833420483407257016 4606876390198138328 13832121239950756902 13833420483407257016 4606876390198138328 13832121239950756902 13823752002604830704 4606876390198138328 13832121239950756902 4613374926824070702 1 2 2 1 1 1
13831258701542923650 4607586391686592541 4608046821698096392 13825511072590484602 1 0 0 0 0 0 0 4602139035735708794 0 0 4612867418259311620 1 2 2 1 1 1
4599861331216966911 13812730433308759438 4608303256660878868 4594591939508958336 0 4608981246563181732 4599861331216966911 13812730433308759438 4608981246563181732 4599861331216966911 13812730433308759438 4608303256660878868 4599861331216966911 13812730433308759438 4593477285325869474 1 2 2 1 1 1
13828912713446631575 13831577484338947443 13833676350916486444 13833820330996573479 1 0 0 0 0 0 0 4610448294141797671 0 0 4612079180670449269 1 2 2 1 1 1
13832315885526651855 13820750371467586779 4611354049091655170 4609635232279470711 0 4614998240312933436 13832315885526651855 13820750371467586779 4614998240312933436 13832315885526651855 13820750371467586779 4611354049091655169 13832315885526651855 13820750371467586779 4611628074805545149 1 2 2 1 1 1
13828401266658548872 4607552533624593970 13833220730749384625 13830644410553750314 1 0 0 0 0 0 0 4607272373698974506 0 0 4610560837924775136 1 2 2 1 1 1
13834384235713115793 4604828423303587869 13834018885696944989 13834399665045439164 0 13838712874998562572 13834384235713115793 4604828423303587869 13838712874998562572 13834384235713115793 4604828423303587869 13834018885696944988 13834384235713115793 4604828423303587869 4616120990577026415 1 2 2 1 1 1
13819058891505140459 4609165524852734477 4611188082438187312 13833963347306340256 1 0 0 0 0 0 0 4610591310451564448 0 0 4611927660566444223 1 2 2 1 1 1
4604732460602727858 13823978984026050178 4610024199172087446 4605207121989054199 0 4612613084410682121 4604732460602727858 13823978984026050178 4612613084410682121 4604732460602727858 13823978984026050178 4610024199172087446 4604732460602727858 13823978984026050178 4604283899919410972 1 2 2 1 1 1
4610867579267105864 13831037601822817523 4611519700493149112 13828218582643264216 1 0 0 0 0 0 0 4604846545788488408 0 0 4616788793602707064 1 2 2 1 1 1
4602697986492661001 4609185980202241994 4606504248753729449 4607370624228445221 0 4611535138832671738 4602697986492661001 4609185980202241994 4611535138832671738 4602697986492661001 4609185980202241994 4606504248753729450 4602697986492661001 4609185980202241994 4612451204194677161 1 2 2 1 1 1
4606323546322280835 4611338962032903479 13834611802602286824 13819725496307585330 1 0 0 0 0 0 0 4596353459452809522 0 0 4616770666778430657 1 2 2 1 1 1
13820116336697647051 13813707678399101816 13831564712130404220 13829610555216091888 0 13835327208410293882 13820116336697647051 13813707678399101816 13835327208410293882 13820116336697647051 13813707678399101816 13831564712130404220 13820116336697647051 13813707678399101816 4587426198049789776 1 2 2 1 1 1
4597262105713627793 13826239160535042335 13822330522447244501 4606668125736970207 1 0 0 0 0 0 0 13830040162591746015 0 0 4599468894375993357 1 2 2 1 1 1
13818790116679378987 13827070975386217666 4604178049474200041 4598541055950206976 0 4606612767490350569 13818790116679378987 13827070975386217666 4606612767490350569 13818790116679378987 13827070975386217666 4604178049474200041 13818790116679378987 13827070975386217666 4600988638952872104 1 2 2 1 1 1
4605433022546363103 4607538365300166263 13834131007313268005 4608925032632632893 1 0 0 0 0 0 0 13832297069487408701 0 0 4610846533381205697 1 2 2 1 1 1
4608479626629485951 4608339672767465785 13830484595817373445 13831377326357108589 0 13835452025673966456 4608479626629485951 4608339672767465785 13835452025673966456 4608479626629485951 4608339672767465785 13830484595817373446 4608479626629485951 4608339672767465785 4614475987945688789 1 2 2 1 1 1
13831201361712467969 13816932255732299091 13832957576415958113 13813038695696053693 1 0 0 0 0 0 0 4589666658841277885 0 0 4608637792662350643 1 2 2 1 1 1
13813558375064255230 4608735683289899728 13831363905630219025 4610353709542423635 0 4602898901079237252 13813558375064255230 4608735683289899728 4602898901079237252 13813558375064255230 4608735683289899728 13831363905630219025 13813558375064255230 4608735683289899728 4610851106606843594 1 2 2 1 1 1
4604256862467679024 13827397702531984141 4607784216803824418 4610527665581630448 1 0 0 0 0 0 0 13833899702436406256 0 0 4606081572959270550 1 2 2 1 1 1
13832946497560874781 4605118365047597981 4599470022452543943 13832266138765167920 0 13830816538131508414 13832946497560874781 4605118365047597981 13830816538131508414 13832946497560874781 4605118365047597981 4599470022452543944 13832946497560874781 4605118365047597981 4613799535601680193 1 2 2 1 1 1
4609119804309317412 4610956363230159846 4611211357041061563 4596699624134567728 1 0 0 0 0 0 0 13820071660989343536 0 0 4617792468503807426 1 2 2 1 1 1
13826172939606121479 4603767735519349569 13831210089688545813 13828461993195924336 0 13834667458086481869 13826172939606121479 4603767735519349569 13834667458086481869 13826172939606121479 4603767735519349569 13831210089688545813 13826172939606121479 4603767735519349569 4604023117271692282 1 2 2 1 1 1
13821963533120809334 4607655341796887584 13831900590590613512 4607232525849471532 1 0 0 0 0 0 0 13830604562704247340 0 0 4608513840835080206 1 2 2 1 1 1
4589399036937021021 4609221657718490023 4607631616834050596 4607025008985841554 0 4611871264990860534 4589399036937021021 4609221657718490023 4611871264990860534 4589399036937021021 4609221657718490023 4607631616834050595 4589399036937021021 4609221657718490023 4611944864909334201 1 2 2 1 1 1
4609188529239631086 4606589546930671846 4605873240402739314 13834841657320068560 1 0 0 0 0 0 0 4611469620465292752 0 0 4613852255870816894 1 2 2 1 1 1
4608884067890422331 4607449040905156996 4606769780987759214 4605683891060006149 0 4610730435651253178 4608884067890422331 4607449040905156996 4610730435651253178 4608884067890422331 4607449040905156996 4606769780987759215 4608884067890422331 4607449040905156996 4613983659151675040 1 2 2 1 1 1
4605115176499061803 4597812769847265638 13829281540241714710 13829375701502723772 1 0 0 0 0 0 0 4606003664647947964 0 0 4604040942280758981 1 2 2 1 1 1
4609868590797762540 13830993808820040972 13828991202180937388 4606285499912628809 0 4589995097354902760 4609868590797762540 13830993808820040972 4589995097354902760 4609868590797762540 13830993808820040972 13828991202180937388 4609868590797762540 13830993808820040972 4615634058003102789 1 2 2 1 1 1
13833945693195800964 13832036887529736253 13830329888162974014 4611445499185688555 1 0 0 0 0 0 0 13834817536040464363 0 0 4617135050045636440 1 2 2 1 1 1
4603335714214295173 4604367434845730225 13832970357631700590 4602041325638193364 0 13830877931201628729 4603335714214295173 4604367434845730225 13830877931201628729 4603335714214295173 4604367434845730225 13832970357631700590 4603335714214295173 4604367434845730225 4605388808777461514 1 2 2 1 1 1
13825911424582959329 13827795532508667541 4605846308876967639 4608767253523287595 1 0 0 0 0 0 0 13832139290378063403 0 0 4604692259876414270 1 2 2 1 1 1
13832928330039977969 13833165894920321762 13826619912861938746 13829091722524620298 0 13832359417320650018 13832928330039977969 13833165894920321762 13832359417320650018 13832928330039977969 13833165894920321762 13826619912861938746 13832928330039977969 13833165894920321762 4617121860606037180 1 2 2 1 1 1
13831882233918532350 4587669222334546523 4611403471593965934 4607891717726929752 1 0 0 0 0 0 0 13831263754581705560 0 0 4610241663497745361 1 2 2 1 1 1
13830300902995772257 13831938555935472245 4611210672493918203 4611669778447131606 0 4615943825097895400 13830300902995772257 13831938555935472245 4615943825097895400 13830300902995772257 13831938555935472245 4611210672493918202 13830300902995772257 13831938555935472245 4613157815909125137 1 2 2 1 1 1
13820074471235511015 13831493483198697729 13814621656921878894 4594910001729041750 1 0 0 0 0 0 0 13818282038583817558 0 0 4609453218232817133 1 2 2 1 1 1
4610329867485996336 13833987576672335509 4604702772873984232 13821195615341147136 0 4602398947477403600 4610329867485996336 13833987576672335509 4602398947477403600 4610329867485996336 13833987576672335509 4604702772873984232 4610329867485996336 13833987576672335509 4618432292793674620 1 2 2 1 1 1
4609753442762489931 4603116731186013910 13822868144156361481 13832712247329856732 1 0 0 0 0 0 0 4609340210475080924 0 0 4613416868785376829 1 2 2 1 1 1
4611486292791113277 4609843280567856718 13831522684538681599 13828393286280009172 0 13834945699478660073 4611486292791113277 4609843280567856718 13834945699478660073 4611486292791113277 4609843280567856718 13831522684538681599 4611486292791113277 4609843280567856718 4618841466806948554 1 2 2 1 1 1
4599189141950984100 4610608361079753673 4595235990284469335 13831402636587014411 1 0 0 0 0 0 0 4608030599732238603 0 0 4614374479684987703 1 2 2 1 1 1
4608910774236212638 13833579748704479347 4610966658458908015 4606899790901802145 0 4613507481282279392 4608910774236212638 13833579748704479347 4613507481282279392 4608910774236212638 13833579748704479347 4610966658458908016 4608910774236212638 13833579748704479347 4616988526241160376 1 2 2 1 1 1
13834454581939295320 4610410905257691241 4608363767025472218 13832682910881884041 1 0 0 0 0 0 0 4609310874027108233 0 0 4618925103560303900 1 2 2 1 1 1
4609425319500838972 4610388225129967803 4592826096109464874 4609216793830892463 0 4609726898546286210 4609425319500838972 4610388225129967803 4609726898546286210 4609425319500838972 4610388225129967803 4592826096109464880 4609425319500838972 4610388225129967803 4617511925233980934 1 2 2 1 1 1
13832325108898688710 4611018512905017559 4597719815550956711 13822880033659377739 1 0 0 0 0 0 0 4599507996804601931 0 0 4617732112088800068 1 2 2 1 1 1
13831669429828939839 13832540425996873293 13826708687817793474 4607287595865715019 0 4601783863854695848 13831669429828939839 13832540425996873293 4601783863854695848 13831669429828939839 13832540425996873293 13826708687817793474 13831669429828939839 13832540425996873293 4615362862894523902 1 2 2 1 1 1
13834829740795454537 4607752412383255927 4600217692048281483 13826602060593015850 1 0 0 0 0 0 0 4603230023738240042 0 0 4617393129091282910 1 2 2 1 1 1
4610982943475160586 13829588325448331188 13832654466146637569 13833142088892691482 0 13837401877147035022 4610982943475160586 13829588325448331188 13837401877147035022 4610982943475160586 13829588325448331188 13832654466146637570 4610982943475160586 13829588325448331188 4616411304050806894 1 2 2 1 1 1
13829946019345135462 4609145600927982990 13832353004194780643 13832140101025996330 1 0 0 0 0 0 0 4608768064171220522 0 0 4613783146655768948 1 2 2 1 1 1
4599565066419079970 4592101773174195622 4609029759338367766 4596471417734249610 0 4609942684018832039 4599565066419079970 4592101773174195622 4609942684018832039 4599565066419079970 4592101773174195622 4609029759338367766 4599565066419079970 4592101773174195622 4593144270804246821 1 2 2 1 1 1
4611556873204473428 13833581153827563086 4606207533595879771 13834651911660568186 1 0 0 0 0 0 0 4611279874805792378 0 0 4619209179874021573 1 2 2 1 1 1
4604547867061201196 13833145493614009774 13833560275139690597 4609296228321120024 0 13819676136855669352 4604547867061201196 13833145493614009774 13819676136855669352 4604547867061201196 13833145493614009774 13833560275139690597 4604547867061201196 13833145493614009774 4613897773913731796 1 2 2 1 1 1
13827979657675832956 4610413553374272135 4601758211351218345 13834257972793962834 1 0 0 0 0 0 0 4610885935939187026 0 0 4614972860393282146 1 2 2 1 1 1
4604307356826701102 13834664161451554634 4608061080094516647 4604028547980969850 0 4610987744312363364 4604307356826701102 13834664161451554634 4610987744312363364 4604307356826701102 13834664161451554634 4608061080094516647 4604307356826701102 13834664161451554634 4616326184858420386 1 2 2 1 1 1
13834983736881112844 13826061538565738843 4604378405614422499 13825610440012662904 1 0 0 0 0 0 0 4602238403157887096 0 0 4616398418131957544 1 2 2 1 1 1
4609172820684130818 13833488028394468319 4611553837778324580 13831817319033503432 0 4604392330744470328 4609172820684130818 13833488028394468319 4604392330744470328 4609172820684130818 13833488028394468319 4611553837778324580 4609172820684130818 13833488028394468319 4617097444648307289 1 2 2 1 1 1
4605317694367105399 13831140878369472383 13833489037200784850 13822992371448482869 1 0 0 0 0 0 0 4599620334593707061 0 0 4611263521918582054 1 2 2 1 1 1
13820895783692355318 4607574628284365850 13827101780007668880 4611042661206219519 0 4608265399402411191 13820895783692355318 4607574628284365850 4608265399402411191 13820895783692355318 4607574628284365850 13827101780007668880 13820895783692355318 4607574628284365850 4608243224931954400 1 2 2 1 1 1
13834005176739679273 13832834348922954001 13831443628350822737 4607631869035629729 1 0 0 0 0 0 0 13831003905890405537 0 0 4617752665271002090 1 2 2 1 1 1
4593539033944876133 13832702753741842235 13831873623036044817 13834211738840188248 0 13837546280565487028 4593539033944876133 13832702753741842235 13837546280565487028 4593539033944876133 13832702753741842235 13831873623036044816 4593539033944876133 13832702753741842235 4612129061297063635 1 2 2 1 1 1
4601970709196036194 13830962950155394229 4593477640874755818 13815824154051183836 1 0 0 0 0 0 0 4592452117196408028 0 0 4608992290895832046 1 2 2 1 1 1
13833423933164571582 4600485710269305556 4610287002224743024 4604550010774623825 0 4612580208133402316 13833423933164571582 4600485710269305556 4612580208133402316 13833423933164571582 4600485710269305556 4610287002224743024 13833423933164571582 4600485710269305556 4613540028314153640 1 2 2 1 1 1
4607184373362255687 4593083197604992200 13827061715985383792 13824828074685396102 1 0 0 0 0 0 0 4601456037830620294 0 0 4607247803734350317 1 2 2 1 1 1
13820417249210349438 4601407975415396996 4604371776315771010 13834911571200683859 0 13831813292815436562 13820417249210349438 4601407975415396996 13831813292815436562 13820417249210349438 4601407975415396996 4604371776315771010 13820417249210349438 4601407975415396996 4597535075682506182 1 2 2 1 1 1
4590307827313027368 4609210236589835012 4606950987822366093 4609158751438894912 1 0 0 0 0 0 0 13832530788293670720 0 0 4611932376991057890 1 2 2 1 1 1
4605722802160786630 13830932055461950468 4598809686660780371 4606740921921347024 0 4608246187046400829 4605722802160786630 13830932055461950468 4608246187046400829 4605722802160786630 13830932055461950468 4598809686660780372 4605722802160786630 13830932055461950468 4611131526318896597 1 2 2 1 1 1
13823559897059125589 4603528234091166007 13825510496129732298 4609422212017096086 1 0 0 0 0 0 0 13832794248871871894 0 0 4602391336332640275 1 2 2 1 1 1
13814361961352966202 13833360621561010008 4607844501988436399 4602234836306982219 0 4609985306085705474 13814361961352966202 13833360621561010008 4609985306085705474 13814361961352966202 13833360621561010008 4607844501988436399 13814361961352966202 13833360621561010008 4613131989527899005 1 2 2 1 1 1
4605083056826519397 13833610030908373786 13833834526342598950 13829994406019531931 1 0 0 0 0 0 0 4606622369164756123 0 0 4614850804599352136 1 2 2 1 1 1
13826431320123942980 13829839608293139952 4598899398365357592 13827989745738998266 0 13824700857003122140 13826431320123942980 13829839608293139952 13824700857003122140 13826431320123942980 13829839608293139952 4598899398365357592 13826431320123942980 13829839608293139952 4607820105368190531 1 2 2 1 1 1
4609249949331349165 4595847615142663268 4599422608555666987 4605330862892415831 1 0 0 0 0 0 0 13828702899747191639 0 0 4612053732373707685 1 2 2 1 1 1
13818723967808052170 4611167816239864145 13833347669208481690 13824869363686779835 0 13835181075609584964 13818723967808052170 4611167816239864145 13835181075609584964 13818723967808052170 4611167816239864145 13833347669208481689 13818723967808052170 4611167816239864145 4615249364016609220 1 2 2 1 1 1
4602794885942243504 13833121597514386946 4605290979014115838 13834985610378557830 1 0 0 0 0 0 0 4611613573523782022 0 0 4613325362129617910 1 2 2 1 1 1
13803325908480493311 4595429464924461172 13815386476224997461 4609858908058563694 0 4609399531889372649 13803325908480493311 4595429464924461172 4609399531889372649 13803325908480493311 4595429464924461172 13815386476224997456 13803325908480493311 4595429464924461172 4584429805418927903 1 2 2 1 1 1
4610007652947056487 13826274414712925391 4594628616824323641 13825980383700453626 1 0 0 0 0 0 0 4602608346845677818 0 0 4613765853810679125 1 2 2 1 1 1
4608238503905436535 4610999435656996017 4597028567051350869 13833017420247806612 0 13832034851902704681 4608238503905436535 4610999435656996017 13832034851902704681 4608238503905436535 4610999435656996017 4597028567051350872 4608238503905436535 4610999435656996017 4617245057934309290 1 2 2 1 1 1
4607714924419957695 4609630215269485820 4608400417319239759 13832375657300906316 1 0 0 0 0 0 0 4609003620446130508 0 0 4615363015417590208 1 2 2 1 1 1
13831502904729118188 4609219207760292734 13818981861937113914 4609086919024838353 0 4608281693425863018 13831502904729118188 4609219207760292734 4608281693425863018 13831502904729118188 4609219207760292734 13818981861937113912 13831502904729118188 4609219207760292734 4615231704251863646 1 2 2 1 1 1
13829026150114045783 4608057612322803571 4607611972132476006 13831731930784568487 1 0 0 0 0 0 0 4608359893929792679 0 0 4611946927426368356 1 2 2 1 1 1
4593923028863504251 13827002592729475672 4608435833626709400 13833957204396448523 0 13825640992432534988 4593923028863504251 13827002592729475672 13825640992432534988 4593923028863504251 13827002592729475672 4608435833626709400 4593923028863504251 13827002592729475672 4600593599823875406 1 2 2 1 1 1
13833002684469825856 4601872818954535669 13831238651517382596 4607634994533771124 1 0 0 0 0 0 0 13831007031388546932 0 0 4613014603290368936 1 2 2 1 1 1
4610695649847731368 4550256343049302035 13814291921371561336 4604729632342161870 0 4603947699360459295 4610695649847731368 4550256343049302035 4603947699360459295 4610695649847731368 4550256343049302035 13814291921371561336 4610695649847731368 4550256343049302035 4614317774953934899 1 2 2 1 1 1
13829119824986295090 4604479484404459203 13834122216286795378 13829338826028974862 1 0 0 0 0 0 0 4605966789174199054 0 0 4608068260866022166 1 2 2 1 1 1
4605163563173458272 13831136996266593590 13803906692688439010 13830014131785899813 0 13830166551611688540 4605163563173458272 13831136996266593590 13830166551611688540 4605163563173458272 13831136996266593590 13803906692688439008 4605163563173458272 13831136996266593590 4611133846783778750 1 2 2 1 1 1
4607498841709836459 4604754924557669182 4611427016412817827 13828717491409984319 1 0 0 0 0 0 0 4605345454555208511 0 0 4610240714009960818 1 2 2 1 1 1
13822847355540481539 13831562280186605440 4605811919390213038 4611005380408504146 0 4613254874379180180 13822847355540481539 13831562280186605440 4613254874379180180 13822847355540481539 13831562280186605440 4605811919390213036 13822847355540481539 13831562280186605440 4609891045261025375 1 2 2 1 1 1
13819974311179798295 13832568402357758519 4604238992184357618 13835054362330469268 1 0 0 0 0 0 0 4611682325475693460 0 0 4611994344629698088 1 2 2 1 1 1
4603771410456645504 4598334538885694275 4598166644691585903 13822834096943178560 0 13813200969397827106 4603771410456645504 4598334538885694275 13813200969397827106 4603771410456645504 4598334538885694275 4598166644691585903 4603771410456645504 4598334538885694275 4601832437726435003 1 2 2 1 1 1
4611349230240053884 13834418120796712129 4599960554523957138 4607257773028982571 1 0 0 0 0 0 0 13830629809883758379 0 0 4619745524145593536 1 2 2 1 1 1
13820105383943353286 13827111886085232699 13818365120989743288 4604187434975823481 0 4602731169014715467 13820105383943353286 13827111886085232699 4602731169014715467 13820105383943353286 13827111886085232699 13818365120989743288 13820105383943353286 13827111886085232699 4601341537758922609 1 2 2 1 1 1
13828470225776043169 4605816404975441899 13832095227159309210 4604919323958466715 1 0 0 0 0 0 0 13828291360813242523 0 0 4608580499414877707 1 2 2 1 1 1
4599206760032726373 13808621565181528711 13831418047904939273 13831612315178465527 0 13836018781169072896 4599206760032726373 13808621565181528711 13836018781169072896 4599206760032726373 13808621565181528711 13831418047904939273 4599206760032726373 13808621565181528711 4591557214678226648 1 2 2 1 1 1
4604679192026335320 13826303129664149506 4603748874444110142 13830904502439430215 1 0 0 0 0 0 0 4607532465584654407 0 0 4605382786148663794 1 2 2 1 1 1
4594297728352501476 4603324473229625256 4610176943257049343 13820070724240621043 0 4609235609870135617 4594297728352501476 4603324473229625256 4609235609870135617 4594297728352501476 4603324473229625256 4610176943257049343 4594297728352501476 4603324473229625256 4599924269994681048 1 2 2 1 1 1
13828271544974882093 4605272640356433185 4604016730535547629 13828941032081088481 1 0 0 0 0 0 0 4605568995226312673 0 0 4607985098977543793 1 2 2 1 1 1
13822693620663601620 13834331858849449474 4594637768138766458 4590190517549933621 0 4597400816582150804 13822693620663601620 13834331858849449474 4597400816582150804 13822693620663601620 13834331858849449474 4594637768138766458 13822693620663601620 13834331858849449474 4615017278059882646 1 2 2 1 1 1
13832733495312898666 13833784113048370165 4609384868168985930 4603383398327149771 1 0 0 0 0 0 0 13826755435181925579 0 0 4617484765019833708 1 2 2 1 1 1
13832673669495448677 4595132515579430871 4609597167855420175 13833639385370744987 0 13817901502429703264 13832673669495448677 4595132515579430871 13817901502429703264 13832673669495448677 4595132515579430871 4609597167855420175 13832673669495448677 4595132515579430871 4612113754228417913 1 2 2 1 1 1
13831496824869621238 13827575054285309991 4608406416113943416 13822612627927902989 1 0 0 0 0 0 0 4599240591073127181 0 0 4611281307553523888 1 2 2 1 1 1
4611015693651650825 13834074216921966863 13828816156270620752 13813218263220396210 0 13829463881983427686 4611015693651650825 13834074216921966863 13829463881983427686 4611015693651650825 13834074216921966863 13828816156270620752 4611015693651650825 13834074216921966863 4619117729014466323 1 2 2 1 1 1
4606300397820196151 13833980695172104887 4601229849042935238 13822524141202424413 1 0 0 0 0 0 0 4599152104347648605 0 0 4615996144034146620 1 2 2 1 1 1
13833705345090887455 4604242270804886344 13830100528841151289 4609847991333066948 0 4603960291425017423 13833705345090887455 4604242270804886344 4603960291425017423 13833705345090887455 4604242270804886344 13830100528841151289 13833705345090887455 4604242270804886344 4614709007104778330 1 2 2 1 1 1
4603357385535702079 4604091562346956018 13833663929988714156 13831969360556923459 1 0 0 0 0 0 0 4608597323702147651 0 0 4605042832301455995 1 2 2 1 1 1
13833888299322149754 13831526260396785731 13823906566144042060 4610368157090028240 0 4608652429747188157 13833888299322149754 13831526260396785731 4608652429747188157 13833888299322149754 13831526260396785731 13823906566144042060 13833888299322149754 13831526260396785731 4616760046869580378 1 2 2 1 1 1
4607888484142397300 13833362828324827419 4607888430099201771 13826441498259100837 1 0 0 0 0 0 0 4603069461404325029 0 0 4616131432327461120 1 2 2 1 1 1
13830163471149543419 13828465650118821761 13820425824064039952 4610126791171598946 0 4609141070306757856 13830163471149543419 13828465650118821761 4609141070306757856 13830163471149543419 13828465650118821761 13820425824064039952 13830163471149543419 13828465650118821761 4609456915493375556 1 2 2 1 1 1
13824175665228976702 13828277435683194693 13834161136394775113 13829748401393486445 1 0 0 0 0 0 0 4606376364538710637 0 0 4604615811975589428 1 2 2 1 1 1
13834718709050241345 4605505332341980164 4608692376675882933 4609916301932214903 0 4613807938931419414 13834718709050241345 4605505332341980164 4613807938931419414 13834718709050241345 4605505332341980164 4608692376675882933 13834718709050241345 4605505332341980164 4616602325479309157 1 2 2 1 1 1
4604545074829432227 4601891085554624284 13831267798814170938 13833842677857924491 1 0 0 0 0 0 0 4610470641003148683 0 0 4604555111735308650 1 2 2 1 1 1
4610258215215924871 4611023160619833005 4607657458488712448 13824603002790418634 0 4604352825168539035 4610258215215924871 4611023160619833005 4604352825168539035 4610258215215924871 4611023160619833005 4607657458488712448 4610258215215924871 4611023160619833005 4618740113433735102 1 2 2 1 1 1
13809653718158527991 4610510371759061346 4610681670674488010 4611227759150904447 1 0 0 0 0 0 0 13834599796005680255 0 0 4613995835604090594 1 2 2 1 1 1
13828189633504859478 13827357728581691600 13822935445949192906 13834618413886539804 0 13835574708231415655 13828189633504859478 13827357728581691600 13835574708231415655 13828189633504859478 13827357728581691600 13822935445949192904 13828189633504859478 13827357728581691600 4606821942946568844 1 2 2 1 1 1
13826743797880488454 4609068238093584020 13830880723433397699 13834998652803078695 1 0 0 0 0 0 0 4611626615948302887 0 0 4612464380888472481 1 2 2 1 1 1
4608239179445380640 4598754058198183091 13815231408282627840 13833677602917182853 0 13834127287339975797 4608239179445380640 4598754058198183091 13834127287339975797 4608239179445380640 4598754058198183091 13815231408282627840 4608239179445380640 4598754058198183091 4609902386481879854 1 2 2 1 1 1
13827944943929905184 13832195306150228637 13812236550559223480 4604589047976193872 1 0 0 0 0 0 0 13827961084830969680 0 0 4612510031455949328 1 2 2 1 1 1
4608716714128269243 13826264074448180949 4597210728649078751 4611281487094458977 0 4611986422033332398 4608716714128269243 13826264074448180949 4611986422033332398 4608716714128269243 13826264074448180949 4597210728649078744 4608716714128269243 13826264074448180949 4611847383727689154 1 2 2 1 1 1
13829817378525379251 4610547769650367030 13834913066395760146 13817553608365688144 1 0 0 0 0 0 0 4594181571510912336 0 0 4615955302509809374 1 2 2 1 1 1
4606783958319386176 13833962752831189443 4605026131327229433 13832245746466055187 0 13827086125495364141 4606783958319386176 13833962752831189443 13827086125495364141 4606783958319386176 13833962752831189443 4605026131327229433 4606783958319386176 13833962752831189443 4616189181563810859 1 2 2 1 1 1
13833864457265722455 13828187057445872622 4606839730897171532 4611428889910262813 1 0 0 0 0 0 0 13834800926765038621 0 0 4615184251751058426 1 2 2 1 1 1
13817828652202130915 4602083731532284684 4608285269283967150 4610857950571102546 0 4614075209554905344 13817828652202130915 4602083731532284684 4614075209554905344 13817828652202130915 4602083731532284684 4608285269283967150 13817828652202130915 4602083731532284684 4597800662805975860 1 2 2 1 1 1
4598249582982323558 4602478571118815510 13824928270769905841 4608484094200316302 1 0 0 0 0 0 0 13831856131055092110 0 0 4599140586046445730 1 2 2 1 1 1
13832110071023681023 13824417238312988856 4604213862098436891 4604885961292427154 0 4609053511322802518 13832110071023681023 13824417238312988856 4609053511322802518 13832110071023681023 13824417238312988856 4604213862098436890 13832110071023681023 13824417238312988856 4611585515201490861 1 2 2 1 1 1
4609517634286000812 13822790069753221386 13834907553989816245 13834441962853139428 1 0 0 0 0 0 0 4611069925998363620 0 0 4612603995436380396 1 2 2 1 1 1
4606755819828914365 4610260295878952717 4611166059836009471 13832109836836500400 0 4603031739253846174 4606755819828914365 4610260295878952717 4603031739253846174 4606755819828914365 4610260295878952717 4611166059836009471 4606755819828914365 4610260295878952717 4615607397776163258 1 2 2 1 1 1
4609044296957964918 4607880080425492626 13827756062961533266 13833067040908500980 1 0 0 0 0 0 0 4609695004053725172 0 0 4614684465123702770 1 2 2 1 1 1
13833711028633617197 4610762122978231356 13835024134169770357 4609914410420371408 0 13823994404351174292 13833711028633617197 4610762122978231356 13823994404351174292 13833711028633617197 4610762122978231356 13835024134169770357 13833711028633617197 4610762122978231356 4618570402866024066 1 2 2 1 1 1
13825183642883176257 13823345021313704488 13832967664479123423 4607685029525631210 1 0 0 0 0 0 0 13831057066380407018 0 0 4599553946152785575 1 2 2 1 1 1
13831970504471228812 4609622955466886499 4605245312513894301 4601052263102428765 0 4608059026453086566 13831970504471228812 4609622955466886499 4608059026453086566 13831970504471228812 4609622955466886499 4605245312513894302 13831970504471228812 4609622955466886499 4616308058210032064 1 2 2 1 1 1
13830408214767693241 13834462382173849926 13832853155954997900 4610550597910933019 1 0 0 0 0 0 0 13833922634765708827 0 0 4616703278252228672 1 2 2 1 1 1
4603741308396736159 4599105411026712028 13820663397951583000 13827969191310298947 0 13830000026511866889 4603741308396736159 4599105411026712028 13830000026511866889 4603741308396736159 4599105411026712028 13820663397951583000 4603741308396736159 4599105411026712028 4602189887466097884 1 2 2 1 1 1
4611282928246339735 4587024450983095144 4596050241097097921 4610483737470865076 1 0 0 0 0 0 0 13833855774325640884 0 0 4615406584397567301 1 2 2 1 1 1
13825709807434841207 4607201928393603177 4610464840366828630 13830902574898789701 0 4604043824190905890 13825709807434841207 4607201928393603177 4604043824190905890 13825709807434841207 4607201928393603177 4610464840366828630 13825709807434841207 4607201928393603177 4608263774444434294 1 2 2 1 1 1
4607722922812895905 13828268068195969763 4609488414931618433 13826344292564743672 1 0 0 0 0 0 0 4602972255709967864 0 0 4610835696420204944 1 2 2 1 1 1
4608128823240111554 13828019613611726987 4605097612460515058 4579908907687037836 0 4605234413802796064 4608128823240111554 13828019613611726987 4605234413802796064 4608128823240111554 13828019613611726987 4605097612460515058 4608128823240111554 13828019613611726987 4611599549172733046 1 2 2 1 1 1
4607379100002943932 13834799818879530288 13819755039921140880 4609116165400818497 1 0 0 0 0 0 0 13832488202255594305 0 0 4617161471344636164 1 2 2 1 1 1
4609398342939071023 4603010302119619890 13830571398196591384 13829259850905909293 0 13834427695449519918 4609398342939071023 4603010302119619890 13834427695449519918 4609398342939071023 4603010302119619890 13830571398196591384 4609398342939071023 4603010302119619890 4612844168260692005 1 2 2 1 1 1
4608990830223188776 4602168867579640496 13818960677004466763 4605016457595229842 1 0 0 0 0 0 0 13828388494450005650 0 0 4612106722499957196 1 2 2 1 1 1
13833370511465791713 4598695835662200445 13823517923510598496 13827289075708971964 0 13830526209077930348 13833370511465791713 4598695835662200445 13830526209077930348 13833370511465791713 4598695835662200445 13823517923510598496 13833370511465791713 4598695835662200445 4613305856915116246 1 2 2 1 1 1
13834052419499770390 4604726551880016748 4599104762508365686 4601369568717774780 1 0 0 0 0 0 0 13824741605572550588 0 0 4615481891780224249 1 2 2 1 1 1
4601745997589028916 4606351864956737741 4606108940792837377 4600464813567034557 0 4608343978208709552 4601745997589028916 4606351864956737741 4608343978208709552 4601745997589028916 4606351864956737741 4606108940792837378 4601745997589028916 4606351864956737741 4607294927994431002 1 2 2 1 1 1
13833205643690632934 13829851713968938324 4608808209258298902 4602408387022222568 1 0 0 0 0 0 0 13825780423876998376 0 0 4614779895934539874 1 2 2 1 1 1
13815935843321942624 13831831316221145299 4601273155656952033 13831052040363222873 0 13827748857202129474 13815935843321942624 13831831316221145299 13827748857202129474 13815935843321942624 13831831316221145299 4601273155656952032 13815935843321942624 13831831316221145299 4610152279069753061 1 2 2 1 1 1
13822144109451468381 4610606082258342223 4604703223233946969 4607275201959540495 1 0 0 0 0 0 0 13830647238814316303 0 0 4614339739494508386 1 2 2 1 1 1
4607279012004825250 4600171142842532982 4610277598708721074 13824394143854099700 0 4608439976938366581 4607279012004825250 4600171142842532982 4608439976938366581 4607279012004825250 4600171142842532982 4610277598708721074 4607279012004825250 4600171142842532982 4607963927408968247 1 2 2 1 1 1
4611143676945861439 13826706994464333582 13832166320983026881 13831903418851179501 1 0 0 0 0 0 0 4608531381996403693 0 0 4615876524384783972 1 2 2 1 1 1
4605167310168348244 4592934903076462145 13829924978527676387 13831126286706679703 0 13835186601526327748 4605167310168348244 4592934903076462145 13835186601526327748 4605167310168348244 4592934903076462145 13829924978527676386 4605167310168348244 4592934903076462145 4603721682281156944 1 2 2 1 1 1
13831953012490276105 4610293937768169174 4611483671696130148 4607805671952449211 1 0 0 0 0 0 0 13831177708807225019 0 0 4616838867804346657 1 2 2 1 1 1
4610756862773866587 4601932662786384168 4610427721698699842 4610482836750939602 0 4614958878852190218 4610756862773866587 4601932662786384168 4614958878852190218 4610756862773866587 4601932662786384168 4610427721698699842 4610756862773866587 4601932662786384168 4614900699287294409 1 2 2 1 1 1
4609559887057704802 13832551441801561841 4583863140217463169 4596581665853127640 1 0 0 0 0 0 0 13819953702707903448 0 0 4616660190093377749 1 2 2 1 1 1
4589772727619701715 13827847468019570377 13821263709767512978 13834413635211483268 0 13835281073535711099 4589772727619701715 13827847468019570377 13835281073535711099 4589772727619701715 13827847468019570377 13821263709767512976 4589772727619701715 13827847468019570377 4602575696882565911 1 2 2 1 1 1
13824504211828992635 13832237351756349768 4606301028324143983 13825283046334151579 1 0 0 0 0 0 0 4601911009479375771 0 0 4611817763354133036 1 2 2 1 1 1
4608315326307880220 13834699856982201172 13835040941603579704 4605219137592860023 0 13831518982579787900 4608315326307880220 13834699856982201172 13831518982579787900 4608315326307880220 13834699856982201172 13835040941603579704 4608315326307880220 13834699856982201172 4617602143250828329 1 2 2 1 1 1
13833762045410196050 4608633577679147984 4604213555853662230 4607785766042096233 1 0 0 0 0 0 0 13831157802896872041 0 0 4616955225196505422 1 2 2 1 1 1
4610491519691021173 4603475812191503414 4606712261013318438 4600615449967370846 0 4608683297419034154 4610491519691021173 4603475812191503414 4608683297419034154 4610491519691021173 4603475812191503414 4606712261013318437 4610491519691021173 4603475812191503414 4614738858717152510 1 2 2 1 1 1
13833319872991581560 13830812872201411735 4608037003850908724 4611264643631852611 1 0 0 0 0 0 0 13834636680486628419 0 0 4615566313008510020 1 2 2 1 1 1
13834756656380701569 4607845294621970817 4608213157646733693 13831598399055616952 0 13792279191084103168 13834756656380701569 4607845294621970817 13792279191084103168 13834756656380701569 4607845294621970817 4608213157646733693 13834756656380701569 4607845294621970817 4617374991517756368 1 2 2 1 1 1
13832085778607290987 13832448300362895802 13834356484532211936 13831531979968312492 1 0 0 0 0 0 0 4608159943113536684 0 0 4615769725728946302 1 2 2 1 1 1
13829215049096816212 4570834838985029647 4609960509266157172 13813587053986682325 0 4609613596986860823 13829215049096816212 4570834838985029647 4609613596986860823 13829215049096816212 4570834838985029647 4609960509266157172 13829215049096816212 4570834838985029647 4604702908679490564 1 2 2 1 1 1
4603820553735779371 4601864099985657080 13816875330233009128 4602506673580490302 1 0 0 0 0 0 0 13825878710435266110 0 0 4603576341377013400 1 2 2 1 1 1
4603947645317263766 4604255457344595285 4608796031524906492 13815822280553738849 0 4608309417585169110 4603947645317263766 4604255457344595285 4608309417585169110 4603947645317263766 4604255457344595285 4608796031524906492 4603947645317263766 4604255457344595285 4605978998389446213 1 2 2 1 1 1
4608690935524002175 13835010398190906877 4610838504027911560 13832843662366983403 1 0 0 0 0 0 0 4609471625512207595 0 0 4618148567745379615 1 2 2 1 1 1
13821188193408961229 13831112397605428892 4592852901534446983 4603554030709831585 0 4604577590818741842 13821188193408961229 13831112397605428892 4604577590818741842 13821188193408961229 13831112397605428892 4592852901534446984 13821188193408961229 13831112397605428892 4608626905856157733 1 2 2 1 1 1
4598441724556825692 13832275506252392851 13826932246503296145 13833540378236536874 1 0 0 0 0 0 0 4610168341381761066 0 0 4611597993253028908 1 2 2 1 1 1
13831194237017857469 4608430465335953575 4605023501225047049 4608944812442196304 0 4612027485854734762 13831194237017857469 4608430465335953575 4612027485854734762 13831194237017857469 4608430465335953575 4605023501225047048 13831194237017857469 4608430465335953575 4613792220572672630 1 2 2 1 1 1
4609738869114095761 4609507140898869039 13826357695277234727 4610202244479755911 1 0 0 0 0 0 0 13833574281334531719 0 0 4617041194883697080 1 2 2 1 1 1
4609366853770476448 13820384823293032371 4610231643978123386 4609918211458456908 0 4614578527345660643 4609366853770476448 13820384823293032371 4614578527345660643 4609366853770476448 13820384823293032371 4610231643978123386 4609366853770476448 13820384823293032371 4612255180437753656 1 2 2 1 1 1
13823028364216704814 13830166983957252768 13826219813071043152 13827270412792116141 1 0 0 0 0 0 0 4603898375937340333 0 0 4607300338115628973 1 2 2 1 1 1
13825660808270895416 13830889910776637535 4594738144367261291 4606711216178204888 0 4607643082998701881 13825660808270895416 13830889910776637535 4607643082998701881 13825660808270895416 13830889910776637535 4594738144367261288 13825660808270895416 13830889910776637535 4608908815050128622 1 2 2 1 1 1
4602870960747149047 13832079059236646950 13834267916741940068 13813419448022950105 1 0 0 0 0 0 0 4590047411168174297 0 0 4611828894258902528 1 2 2 1 1 1
4610833279852343810 4611433456560284967 13830415114282322373 4606452565444405745 0 13812760553383067296 4610833279852343810 4611433456560284967 13812760553383067296 4610833279852343810 4611433456560284967 13830415114282322373 4610833279852343810 4611433456560284967 4619631823816916223 1 2 2 1 1 1
13834105561975373362 13833515275172213911 4611162501992303848 4609845154065301704 1 0 0 0 0 0 0 13833217190920077512 0 0 4618380432399278244 1 2 2 1 1 1
13834464724045656159 13829320343256104134 4610055400110305869 13791024812487090557 0 4610044645514395708 13834464724045656159 13829320343256104134 4610044645514395708 13834464724045656159 13829320343256104134 4610055400110305869 13834464724045656159 13829320343256104134 4616454337214216680 1 2 2 1 1 1
4611416721184069658 13834666683467345961 4609832940303112275 4609745093088780787 1 0 0 0 0 0 0 13833117129943556595 0 0 4620045077096846086 1 2 2 1 1 1
13827027074297050058 13818299908867138964 4607027567030429901 13831977944417813228 0 13823047315363936790 13827027074297050058 13818299908867138964 13823047315363936790 13827027074297050058 13818299908867138964 4607027567030429901 13827027074297050058 13818299908867138964 4600799673049061170 1 2 2 1 1 1
13834744811913681585 4599353072977420386 4611244467505521991 4610237678801624062 1 0 0 0 0 0 0 13833609715656399870 0 0 4615798004906385088 1 2 2 1 1 1
13822621238810390521 13821613441300176061 13819277153957481342 13819577634124619502 0 13823930993668420918 13822621238810390521 13821613441300176061 13823930993668420918 13822621238810390521 13821613441300176061 13819277153957481342 13822621238810390521 13821613441300176061 4594940330921693261 1 2 2 1 1 1
13823988783858839336 4603003330547396720 4610881990785913449 13822058216799375171 1 0 0 0 0 0 0 4598686179944599363 0 0 4601525194022175519 1 2 2 1 1 1
4601683992029359279 4607049724740596564 4595516150210088799 4604466478008735357 0 4606053510488623701 4601683992029359279 4607049724740596564 4606053510488623701 4601683992029359279 4607049724740596564 4595516150210088800 4601683992029359279 4607049724740596564 4607941629869599203 1 2 2 1 1 1
4590296298097981300 4608785502108977700 4600005410376245748 4607802951778274279 1 0 0 0 0 0 0 13831174988633050087 0 0 4610986723557546661 1 2 2 1 1 1
4608188234726395825 4607626879047242602 13820098754644701797 4610477414416988248 0 4609532577229564427 4608188234726395825 4607626879047242602 4609532577229564427 4608188234726395825 4607626879047242602 13820098754644701800 4608188234726395825 4607626879047242602 4613270543944757667 1 2 2 1 1 1
13833729664528875256 13826453730035688775 4606500699917223081 13822338412753791654 1 0 0 0 0 0 0 4598966375899015846 0 0 4614396922337515480 1 2 2 1 1 1
13834919155262456351 13830263306946082968 13831367715675503780 4611061855547831372 0 4604307572999483216 13834919155262456351 13830263306946082968 4604307572999483216 13834919155262456351 13830263306946082968 13831367715675503780 13834919155262456351 13830263306946082968 4617106078139675598 1 2 2 1 1 1
13832996064178373621 13831778452968719224 13829079202517656208 13828782955734167777 1 0 0 0 0 0 0 4605410918879391969 0 0 4616179808631193547 1 2 2 1 1 1
4610240011666231040 4608971248572008969 4611171536213156353 13826296464336700997 0 4608796932244831966 4610240011666231040 4608971248572008969 4608796932244831966 4610240011666231040 4608971248572008969 4611171536213156352 4610240011666231040 4608971248572008969 4617057627122513384 1 2 2 1 1 1
4609780779612228070 13827031992227843147 4589884705120836655 13789740169700582378 1 0 0 0 0 0 0 4566368132845806570 0 0 4613617096464112869 1 2 2 1 1 1
4601637154593234626 4611187857258205944 4606538313981310880 13832773181032815055 0 13826628811974802430 4601637154593234626 4611187857258205944 13826628811974802430 4601637154593234626 4611187857258205944 4606538313981310880 4601637154593234626 4611187857258205944 4615661118548753195 1 2 2 1 1 1
13824702586385379050 4597925395866746920 13834038899693689023 4610121729125617781 1 0 0 0 0 0 0 13833493765980393589 0 0 4597809120299174732 1 2 2 1 1 1
13829447254693603434 4607197686002754194 4598798661848892569 4610914029393662563 0 4611940904151898565 13829447254693603434 4607197686002754194 4611940904151898565 13829447254693603434 4607197686002754194 4598798661848892572 13829447254693603434 4607197686002754194 4610677454412965618 1 2 2 1 1 1
13832661329632469681 13826586874455072356 4611493489543317815 13829493299496193670 1 0 0 0 0 0 0 4606121262641417862 0 0 4612738840657988502 1 2 2 1 1 1
13832119681705285832 4597902769782219010 13830640537458070776 13826166598537846142 0 13832950208526967735 13832119681705285832 4597902769782219010 13832950208526967735 13832119681705285832 4597902769782219010 13830640537458070776 13832119681705285832 4597902769782219010 4611121569614509447 1 2 2 1 1 1
4604892464490289077 13829387068588183255 13824833767235325098 4610420750126476673 1 0 0 0 0 0 0 13833792786981252481 0 0 4608595421647071184 1 2 2 1 1 1
13828287595803954041 13822568600737945815 4607248684764934537 13820712180942746677 0 4605271919780492805 13828287595803954041 13822568600737945815 4605271919780492805 13828287595803954041 13822568600737945815 4607248684764934537 13828287595803954041 13822568600737945815 4604066443357904772 1 2 2 1 1 1
13830679520616445295 13827713837211427040 4599114670427545901 13815385179188304779 1 0 0 0 0 0 0 4592013142333528971 0 0 4609546928721171603 1 2 2 1 1 1
13829215895773546157 4607523737608576563 13830866338936187878 13827172990924976862 0 13833679206198650197 13829215895773546157 4607523737608576563 13833679206198650197 13829215895773546157 4607523737608576563 13830866338936187878 13829215895773546157 4607523737608576563 4611155425725098298 1 2 2 1 1 1
4606099483233619899 4606338678417028800 13832921907906909338 13829304148311844109 1 0 0 0 0 0 0 4605932111457068301 0 0 4609863961417893810 1 2 2 1 1 1
4604676507880957407 4611032429027866133 13827752189865853727 13834316159301148461 0 13836238340658106462 4604676507880957407 4611032429027866133 13836238340658106462 4604676507880957407 4611032429027866133 13827752189865853726 4604676507880957407 4611032429027866133 4616103003639620984 1 2 2 1 1 1
13832374873674571154 13813175893355101908 13822604269246994589 4609622559150119290 1 0 0 0 0 0 0 13832994596004895098 0 0 4611582003609122909 1 2 2 1 1 1
4611408308459965730 4599053853818177890 4609430111330842494 13833635368159877372 0 13819205816939383792 4611408308459965730 4599053853818177890 13819205816939383792 4611408308459965730 4599053853818177890 4609430111330842494 4611408308459965730 4599053853818177890 4615843769417544594 1 2 2 1 1 1
4604653953854023536 13832277956210590141 13831915821764553279 13824700929060716178 1 0 0 0 0 0 0 4601328892205940370 0 0 4612652518312482872 1 2 2 1 1 1
13822343961188532574 13827076974180921323 4604833809608742204 13828570097601379738 0 13809360876096357856 13822343961188532574 13827076974180921323 13809360876096357856 13822343961188532574 13827076974180921323 4604833809608742204 13822343961188532574 13827076974180921323 4602020738083897489 1 2 2 1 1 1
4610452032129488388 4610148336392216286 13832323190365247450 4606530081401192046 1 0 0 0 0 0 0 13829902118255967854 0 0 4618137331642463076 1 2 2 1 1 1
4604537364666870168 13817235474088010692 4605570544464584489 13825115944773577624 0 4600389981755626170 4604537364666870168 13817235474088010692 4600389981755626170 4604537364666870168 13817235474088010692 4605570544464584489 4604537364666870168 13817235474088010692 4602822038509873038 1 2 2 1 1 1
13829064160494900790 4611144037233831629 13832245160998103629 13833445136111617243 1 0 0 0 0 0 0 4610073099256841435 0 0 4616448091308757872 1 2 2 1 1 1
4593559210071206752 13829138758119128555 13833055286513473543 4608858820710911292 0 13819135488727602776 4593559210071206752 13829138758119128555 13819135488727602776 4593559210071206752 13829138758119128555 13833055286513473543 4593559210071206752 13829138758119128555 4604710781173724728 1 2 2 1 1 1
4578972735425297076 4602456989869401151 13825611448818979435 4608315317300680966 1 0 0 0 0 0 0 13831687354155456774 0 0 4597743652804457139 1 2 2 1 1 1
4609056970087316339 4609153707407312257 4607372803970664868 4605979111022779540 0 4611274749709416430 4609056970087316339 4609153707407312257 4611274749709416430 4609056970087316339 4609153707407312257 4607372803970664868 4609056970087316339 4609153707407312257 4616271516338862802 1 2 2 1 1 1
4609958068315159137 4608899650345133033 13834491052089077767 13833807441694439944 1 0 0 0 0 0 0 4610435404839664136 0 0 4616775625416324028 1 2 2 1 1 1
13822006983850014204 4602192610556875993 4608121878689486148 13833834075982636213 0 13826227577276800738 13822006983850014204 4602192610556875993 13826227577276800738 13822006983850014204 4602192610556875993 4608121878689486148 13822006983850014204 4602192610556875993 4599069629576391798 1 2 2 1 1 1
4610572998815479560 4609668198628743063 13827136908084762370 13831277805812542956 1 0 0 0 0 0 0 4607905768957767148 0 0 4617857165210673374 1 2 2 1 1 1
13834386640635316809 13822601386943233072 13826197042871327166 13830192762561519837 0 13832698502343793998 13834386640635316809 13822601386943233072 13832698502343793998 13834386640635316809 13822601386943233072 13826197042871327167 13834386640635316809 13822601386943233072 4615111168436832083 1 2 2 1 1 1
4607053129461914856 13822262067732908469 4610589058651750763 4611534661451111236 1 0 0 0 0 0 0 13834906698305887044 0 0 4607431974693234039 1 2 2 1 1 1
4602105997328842404 4608301284084242079 13826839526394167841 13831405699034761023 0 13834051834031818832 4602105997328842404 4608301284084242079 13834051834031818832 4602105997328842404 4608301284084242079 13826839526394167842 4602105997328842404 4608301284084242079 4610685366115087780 1 2 2 1 1 1
13833892902000968927 13832698781566970894 4610487178220980387 13827506509498981412 1 0 0 0 0 0 0 4604134472644205604 0 0 4617553136276199633 1 2 2 1 1 1
13832450633227502780 4611229983929120368 13820534775146225299 13822718192303168553 0 13826383203665524153 13832450633227502780 4611229983929120368 13826383203665524153 13832450633227502780 4611229983929120368 13820534775146225298 13832450633227502780 4611229983929120368 4618018706518137748 1 2 2 1 1 1
13827762205871424999 13830036721841630704 13830644527647340626 4608635009823829488 1 0 0 0 0 0 0 13832007046678605296 0 0 4608823716009319322 1 2 2 1 1 1
4593511940289517872 13824620692929754945 13834332273180615192 13833821042565314603 0 13838580257500335394 4593511940289517872 13824620692929754945 13838580257500335394 4593511940289517872 13824620692929754945 13834332273180615193 4593511940289517872 13824620692929754945 4596085141571489615 1 2 2 1 1 1
13819891012601090450 13833850505114076861 13826974382181409823 13832033347700429139 1 0 0 0 0 0 0 4608661310845653331 0 0 4614030146396971927 1 2 2 1 1 1
13824047907114747456 13826434490658080648 13830765107023763844 4609108392187861655 0 4600532907993400396 13824047907114747456 13826434490658080648 4600532907993400396 13824047907114747456 13826434490658080648 13830765107023763844 13824047907114747456 13826434490658080648 4601698518931470181 1 2 2 1 1 1
4605760776512844618 13832537435606720719 4608932031226453827 13833749786612010347 1 0 0 0 0 0 0 4610377749757234539 0 0 4613450836059234018 1 2 2 1 1 1
4598167581440308396 4603079801669069471 4607122647025762947 4593953293053000180 0 4607750692008198272 4598167581440308396 4603079801669069471 4607750692008198272 4598167581440308396 4603079801669069471 4607122647025762947 4598167581440308396 4603079801669069471 4600136877605912759 1 2 2 1 1 1
4606987827267317984 13817605345718207376 4609596222099498427 4585189288178137195 1 0 0 0 0 0 0 13808561325032913003 0 0 4606975471920206865 1 2 2 1 1 1
4602708849174962218 4597544283251880319 13829926725924331807 13831255035612826970 0 13835251412828565237 4602708849174962218 4597544283251880319 13835251412828565237 4602708849174962218 4597544283251880319 13829926725924331808 4602708849174962218 4597544283251880319 4599209170101641042 1 2 2 1 1 1
4602832391919940246 13833101439402454836 13832471665037762600 13831865993938276052 1 0 0 0 0 0 0 4608493957083500244 0 0 4613303415793738031 1 2 2 1 1 1
13829852380501683175 13822134958137025564 13833850342984490276 13830626630342421456 0 13836742086290826362 13829852380501683175 13822134958137025564 13836742086290826362 13829852380501683175 13822134958137025564 13833850342984490276 13829852380501683175 13822134958137025564 4606552454422079797 1 2 2 1 1 1
13828069261294019119 4610776561518636706 4608292745259348585 13833533784966682403 1 0 0 0 0 0 0 4610161748111906595 0 0 4615643158471248287 1 2 2 1 1 1
4596714107710969351 4603454393071675640 13834431091163638956 4610012760029033925 0 13820910411383945016 4596714107710969351 4603454393071675640 13820910411383945016 4596714107710969351 4603454393071675640 13834431091163638956 4596714107710969351 4603454393071675640 4600650179388563509 1 2 2 1 1 1
13832838176982637266 13833167200964213700 13832764065747169257 4609402612351517770 1 0 0 0 0 0 0 13832774649206293578 0 0 4617054506914948629 1 2 2 1 1 1
13834549761013820168 4604545074829432227 13835046165779147454 13834923415667703844 0 13839488390350796145 13834549761013820168 4604545074829432227 13839488390350796145 13834549761013820168 4604545074829432227 13835046165779147454 13834549761013820168 4604545074829432227 4616258757839682169 1 2 2 1 1 1
4602396605605597367 13822617311671515454 13833739707556044292 4597907885871395703 1 0 0 0 0 0 0 13821279922726171511 0 0 4599621915961667424 1 2 2 1 1 1
4609487415132501156 4600476522926065720 4596048872002811201 4601605953655016203 0 4603862599341900502 4609487415132501156 4600476522926065720 4603862599341900502 4609487415132501156 4600476522926065720 4596048872002811202 4609487415132501156 4600476522926065720 4612650394650337784 1 2 2 1 1 1
4586418590732424246 4608790131809394637 4608689620472910982 13831430090530342862 1 0 0 0 0 0 0 4608058053675567054 0 0 4610980264042079108 1 2 2 1 1 1
4587675563402821861 13825876152390677764 4609046548757778604 13830974479370440298 0 4599448044886362376 4587675563402821861 13825876152390677764 4599448044886362376 4587675563402821861 13825876152390677764 4609046548757778604 4587675563402821861 13825876152390677764 4597927163005021379 1 2 2 1 1 1
13821326616047108089 4610850843890890555 4608258418822988767 4606019679448222893 1 0 0 0 0 0 0 13829391716302998701 0 0 4614730635797732259 1 2 2 1 1 1
4602777952407644591 4608046983827682977 13822269057319530148 13831230148721286121 0 13832536498857998226 4602777952407644591 4608046983827682977 13832536498857998226 4602777952407644591 4608046983827682977 13822269057319530148 4602777952407644591 4608046983827682977 4610253533187373217 1 2 2 1 1 1
4606387875739358196 13834733823130590801 4608206366218495619 4605978678677215312 1 0 0 0 0 0 0 13829350715531991120 0 0 4616807246766301754 1 2 2 1 1 1
4605330484590047132 4610633986561633411 4602734897995206929 13833601924429044519 0 13831322085204079262 4605330484590047132 4610633986561633411 13831322085204079262 4605330484590047132 4610633986561633411 4602734897995206930 4605330484590047132 4610633986561633411 4615629455498131570 1 2 2 1 1 1
4607534942564449461 13830952402725066928 4608143135679727337 13833106798686011407 1 0 0 0 0 0 0 4609734761831235599 0 0 4612467868036697774 1 2 2 1 1 1
13823023212098731102 13834814987003075272 13827622810455758627 13833125875934032948 0 13835610854122024931 13823023212098731102 13834814987003075272 13835610854122024931 13823023212098731102 13834814987003075272 13827622810455758628 13823023212098731102 13834814987003075272 4615958141656971779 1 2 2 1 1 1
13828681858929732564 4608505621406535133 4611619085929725924 4609772285823330850 1 0 0 0 0 0 0 13833144322678106658 0 0 4612364635965070817 1 2 2 1 1 1
13832774856371876437 4603873425995404700 4608637657940410382 13829105467510683033 0 4602390552767698182 13832774856371876437 4603873425995404700 4602390552767698182 13832774856371876437 4603873425995404700 4608637657940410382 13832774856371876437 4603873425995404700 4613103190430689869 1 2 2 1 1 1
4606139457183912439 13831446861935355189 13823530137272787925 4603390315856177412 1 0 0 0 0 0 0 13826762352710953220 0 0 4612175552489819638 1 2 2 1 1 1
4603271420826014831 4608714570414846615 4598241044157430063 4603350504035471457 0 4605635216155233528 4603271420826014831 4608714570414846615 4605635216155233528 4603271420826014831 4608714570414846615 4598241044157430062 4603271420826014831 4608714570414846615 4611947841293427043 1 2 2 1 1 1
13834809816870703050 4587895194949449465 13830305442624196647 13827918678936878360 1 0 0 0 0 0 0 4604546642082102552 0 0 4615706468438381901 1 2 2 1 1 1
13824584700161533000 13829127625220849695 13832167122623760553 13826133470058987204 0 13834460229453228043 13824584700161533000 13829127625220849695 13834460229453228043 13824584700161533000 13829127625220849695 13832167122623760553 13824584700161533000 13829127625220849695 4606133167768718263 1 2 2 1 1 1
4610827272050440898 4611635605133159119 4604019378652128523 4584513387946061431 1 0 0 0 0 0 0 13807885424800837239 0 0 4619825135532346068 1 2 2 1 1 1
13831391936034299779 13831020569209026808 4602386877830402247 13833500305207052531 0 13831321490728928449 13831391936034299779 13831020569209026808 13831321490728928449 13831391936034299779 13831020569209026808 4602386877830402248 13831391936034299779 13831020569209026808 4613091601359652234 1 2 2 1 1 1
4610359969545905680 13834350990140666544 13818477314663660342 13834048032993733331 1 0 0 0 0 0 0 4610675996138957523 0 0 4618785467087143616 1 2 2 1 1 1
4604776758008662674 4608656482986852790 13826163464032505492 13834009266008140926 0 13835687712553265636 4604776758008662674 4608656482986852790 13835687712553265636 4604776758008662674 4608656482986852790 13826163464032505492 4604776758008662674 4608656482986852790 4612359115892847428 1 2 2 1 1 1
13832659131875851525 13828309753514120704 4608171751551759649 13817749532963877270 1 0 0 0 0 0 0 4594377496109101462 0 0 4613299986529450088 1 2 2 1 1 1
4608036427390156420 13832237450835541570 13834380074387060103 4599586179294133083 0 13832901434543003312 4608036427390156420 13832237450835541570 13832901434543003312 4608036427390156420 13832237450835541570 13834380074387060103 4608036427390156420 13832237450835541570 4614618461818263540 1 2 2 1 1 1
13815244522764742743 4608514592576992855 4611681019431801523 4604251746378502331 1 0 0 0 0 0 0 13827623783233278139 0 0 4610285890845468199 1 2 2 1 1 1
13834927748130545374 4600385045810434571 4590445024972075583 13834597499169870296 0 13834236211400563380 13834927748130545374 4600385045810434571 13834236211400563380 13834927748130545374 4600385045810434571 4590445024972075584 13834927748130545374 4600385045810434571 4616216621756631834 1 2 2 1 1 1
4609620964875851201 4591547794391232032 4607998299915711102 13829066088035541305 1 0 0 0 0 0 0 4605694051180765497 0 0 4612553507745496013 1 2 2 1 1 1
4610330425932350130 13828549795374259551 13830605652575357164 4610861634515597735 0 4605431257135309174 4610330425932350130 13828549795374259551 4605431257135309174 4610330425932350130 13828549795374259551 13830605652575357164 4610330425932350130 13828549795374259551 4615043461064535981 1 2 2 1 1 1
4611327252673872316 13831843322817751869 13822800121787589677 4606538656254882560 1 0 0 0 0 0 0 13829910693109658368 0 0 4617700544723403523 1 2 2 1 1 1
4602468663199635295 13829585172928592028 4609195428754260218 13812989552416919826 0 4608885860323074025 4602468663199635295 13829585172928592028 4608885860323074025 4602468663199635295 13829585172928592028 4609195428754260218 4602468663199635295 13829585172928592028 4607339263133667209 1 2 2 1 1 1
13832544425193342398 13834760484440384834 13830863762877201022 4606863257701624916 1 0 0 0 0 0 0 13830235294556400724 0 0 4618237670293107266 1 2 2 1 1 1
4592334519202938129 13832574680375639073 4606656236233953949 4607801798856769672 0 4611864162814248171 4592334519202938129 13832574680375639073 4611864162814248171 4592334519202938129 13832574680375639073 4606656236233953948 4592334519202938129 13832574680375639073 4611933073161217268 1 2 2 1 1 1
4604988517263141635 4609730384332397795 13834326544601889177 13830789939872109164 1 0 0 0 0 0 0 4607417903017333356 0 0 4613991397475380677 1 2 2 1 1 1
4587719950880749224 13822514485484823331 13831191057476520545 13833781203723010884 0 13836989730227136210 4587719950880749224 13822514485484823331 13836989730227136210 4587719950880749224 13822514485484823331 13831191057476520544 4587719950880749224 13822514485484823331 4591508454055469543 1 2 2 1 1 1
4606726132100170739 13826910359009107124 13829520429180348950 4584567575256777953 1 0 0 0 0 0 0 13807939612111553761 0 0 4608334349389938108 1 2 2 1 1 1
4603463742544502061 4600258476646506951 4607337351634398208 4606733139701190927 0 4611616311712355464 4603463742544502061 4600258476646506951 4611616311712355464 4603463742544502061 4600258476646506951 4607337351634398208 4603463742544502061 4600258476646506951 4602290313655293200 1 2 2 1 1 1
4604147064708763732 13831064326183006339 13827112840848353702 4607889943308676568 1 0 0 0 0 0 0 13831261980163452376 0 0 4610239574897501473 1 2 2 1 1 1
4575847165226307914 13831145958429852057 13830731555206539933 4604642694854955109 0 13822831502869793194 4575847165226307914 13831145958429852057 13822831502869793194 4575847165226307914 13831145958429852057 13830731555206539933 4575847165226307914 13831145958429852057 4608443410877976406 1 2 2 1 1 1
4611197233752630129 4585163635674659693 4608680415115272637 13823642222860313922 1 0 0 0 0 0 0 4600270186005538114 0 0 4615241286652330967 1 2 2 1 1 1
13833741040621533994 13826875321004006182 13830585935816188536 4609848783966601365 0 4603444989555653690 13833741040621533994 13826875321004006182 4603444989555653690 13833741040621533994 13826875321004006182 13830585935816188536 13833741040621533994 13826875321004006182 4614536092825005745 1 2 2 1 1 1
13822757247519137110 13830142700548061986 4609447342103016814 13822371631304643139 1 0 0 0 0 0 0 4598999594449867331 0 0 4607233117217228674 1 2 2 1 1 1
13825558738688940691 4603894430784066756 13831317572597252637 13822908064063458493 0 13832783674419946828 13825558738688940691 4603894430784066756 13832783674419946828 13825558738688940691 4603894430784066756 13831317572597252637 13825558738688940691 4603894430784066756 4603819152888629290 1 2 2 1 1 1
13822083725187664597 4610086276789351121 13833297048748670046 13831860760755509047 1 0 0 0 0 0 0 4608488723900733239 0 0 4613450523884434621 1 2 2 1 1 1
13835039302293315341 4595517951649939748 4606357071117906981 13823786986566736119 0 4602985406220879786 13835039302293315341 4595517951649939748 4602985406220879786 13835039302293315341 4595517951649939748 4606357071117906982 13835039302293315341 4595517951649939748 4616205858025345469 1 2 2 1 1 1
13831973323724595546 4606572955669644614 13832031077886216945 4608903370318425241 1 0 0 0 0 0 0 13832275407173201049 0 0 4613033973221880905 1 2 2 1 1 1
4600674717338467041 13827952077631714939 4607832702557412689 4607802645533499618 0 4612321273672826650 4600674717338467041 13827952077631714939 4612321273672826650 4600674717338467041 13827952077631714939 4607832702557412690 4600674717338467041 13827952077631714939 4604090774078166244 1 2 2 1 1 1
13827342146126980898 4609880858603147498 4607905705907372364 4598801255922277934 1 0 0 0 0 0 0 13822173292777053742 0 0 4613873128863257151 1 2 2 1 1 1
13832431042569123718 13833782284586921453 13813507214172488301 4609779680733918992 0 4609437758443009769 13832431042569123718 13833782284586921453 4609437758443009769 13832431042569123718 13833782284586921453 13813507214172488304 13832431042569123718 13833782284586921453 4617263877040021905 1 2 2 1 1 1
4600528872768134275 13833557347799932806 13823793759980575684 4598545055146676081 1 0 0 0 0 0 0 13821917092001451889 0 0 4613764519056132397 1 2 2 1 1 1
13822512143613017098 13832875421751555620 13817595473827824180 4584836205967351348 0 13815809598417188174 13822512143613017098 13832875421751555620 13815809598417188174 13822512143613017098 13832875421751555620 13817595473827824180 13822512143613017098 13832875421751555620 4612560752033590935 1 2 2 1 1 1
4609119146783771816 13822354337482074036 13830895720420156843 4598754454514950300 1 0 0 0 0 0 0 13822126491369726108 0 0 4611983081760335221 1 2 2 1 1 1
4610074765588703562 13830914734617783601 13834294451950944535 13831262799818584557 0 13837282225512135042 4610074765588703562 13830914734617783601 13837282225512135042 4610074765588703562 13830914734617783601 13834294451950944535 4610074765588703562 13830914734617783601 4615881830916354050 1 2 2 1 1 1
13828387215427711476 13830781806371182133 13827467274139027760 13829024276616600797 1 0 0 0 0 0 0 4605652239761824989 0 0 4610245688754708039 1 2 2 1 1 1
13833326223067056152 13810566255529424310 13826976543909230961 4604373073352463693 0 4590812951047233248 13833326223067056152 13810566255529424310 4590812951047233248 13833326223067056152 13810566255529424310 13826976543909230961 13833326223067056152 13810566255529424310 4613064299873493420 1 2 2 1 1 1
13834725914809645138 4600556002452289555 4603097653937992368 4611007470078731246 1 0 0 0 0 0 0 13834379506933507054 0 0 4615866451743312880 1 2 2 1 1 1
13832738683459669397 13835036852335118052 13834160731070808650 4606563858398397325 0 13829378367633703175 13832738683459669397 13835036852335118052 13829378367633703175 13832738683459669397 13835036852335118052 13834160731070808650 13832738683459669397 13835036852335118052 4618651289309975559 1 2 2 1 1 1
13827739795959679203 13831301242545003792 13828384152979964864 4595632523224460053 1 0 0 0 0 0 0 13819004560079235861 0 0 4610928541218892850 1 2 2 1 1 1
13833843902837023136 13811094870039286549 4601608691843589644 13811036935733680055 0 4600670682113200917 13833843902837023136 13811094870039286549 4600670682113200917 13833843902837023136 13811094870039286549 4601608691843589644 13833843902837023136 13811094870039286549 4613931178390487736 1 2 2 1 1 1
4605159618020184695 13829133371813974220 13832685712120852265 13833567021531932398 1 0 0 0 0 0 0 4610194984677156590 0 0 4608581373680568898 1 2 2 1 1 1
4607038790000701308 13811739064929985625 13829436446054497745 13811385118028071323 0 13829927212313091563 4607038790000701308 13811739064929985625 13829927212313091563 4607038790000701308 13811739064929985625 13829436446054497745 4607038790000701308 13811739064929985625 4606926656371296502 1 2 2 1 1 1
13834856789414816525 4594189930191820736 13774440036643321063 4608967474555521233 1 0 0 0 0 0 0 13832339511410297041 0 0 4615835332601713684 1 2 2 1 1 1
13831764365709084809 4597608630683356189 4601352815327160962 4606080063712026677 0 4608551540108335803 13831764365709084809 4597608630683356189 4608551540108335803 13831764365709084809 4597608630683356189 4601352815327160962 13831764365709084809 4597608630683356189 4610174463029222210 1 2 2 1 1 1
4607421631997824819 4604545903491763663 4607936627622413890 4610381929097688739 1 0 0 0 0 0 0 13833753965952464547 0 0 4609926505397418504 1 2 2 1 1 1
13826530471373339168 13829155799740118525 4606237797785375701 4606053942834187928 0 4610649469937152310 13826530471373339168 13829155799740118525 4610649469937152310 13826530471373339168 13829155799740118525 4606237797785375700 13826530471373339168 13829155799740118525 4607270832787984502 1 2 2 1 1 1
13834603011575814197 4609061563758936257 13833074706035066765 4604199180363651663 1 0 0 0 0 0 0 13827571217218427471 0 0 4618007561326405504 1 2 2 1 1 1
4605947477738996890 13831430865149478769 4606777491150321272 4598518393836882048 0 4608191648454913372 4605947477738996890 13831430865149478769 4608191648454913372 4605947477738996890 13831430865149478769 4606777491150321272 4605947477738996890 13831430865149478769 4612072562369083667 1 2 2 1 1 1
4611427782024754480 4593211027776815485 13830353072693855717 4610614702148029010 1 0 0 0 0 0 0 13833986739002804818 0 0 4615712226886421798 1 2 2 1 1 1
13831906355198136546 13831722590318941321 4608020592733866586 13831053877831870840 0 4590084448771509792 13831906355198136546 13831722590318941321 4590084448771509792 13831906355198136546 13831722590318941321 4608020592733866586 13831906355198136546 13831722590318941321 4614560454805697986 1 2 2 1 1 1
13834495618739099920 13823578271745605261 4604323731914946221 4608435031985975728 1 0 0 0 0 0 0 13831807068840751536 0 0 4615396164240406620 1 2 2 1 1 1
13820380067491825867 13834232446391274898 13830604157380280877 4607957173043913954 0 4594968440437806504 13820380067491825867 13834232446391274898 4594968440437806504 13820380067491825867 13834232446391274898 13830604157380280877 13820380067491825867 13834232446391274898 4614720702510243718 1 2 2 1 1 1
4607679309954104450 13826768477606446444 4607519810469701496 4606706550448990932 1 0 0 0 0 0 0 13830078587303766740 0 0 4609744321972580699 1 2 2 1 1 1
13828956830708581297 4607310870468589269 13816128092982835816 13830914428373008940 0 13831420155589564882 13828956830708581297 4607310870468589269 13831420155589564882 13828956830708581297 4607310870468589269 13816128092982835808 13828956830708581297 4607310870468589269 4610490647482790464 1 2 2 1 1 1
4585392490593324152 13825524475302975656 4589787427368885453 13824117694894573189 1 0 0 0 0 0 0 4600745658039797381 0 0 4597200699802988335 1 2 2 1 1 1
13818782478574410967 4606965723600346849 13834334669095616953 13822895021638937628 0 13835427782797172320 13818782478574410967 4606965723600346849 13835427782797172320 13818782478574410967 4606965723600346849 13834334669095616953 13818782478574410967 4606965723600346849 4607024635259202134 1 2 2 1 1 1
4610929233546004566 4609555446508472215 13823938956032562109 13831982952420598864 1 0 0 0 0 0 0 4608610915565823056 0 0 4618089637220832901 1 2 2 1 1 1
4604915558949178233 4605021357511624421 4611520087802717065 13805592263928174220 0 4611417540839201839 4604915558949178233 4605021357511624421 4611417540839201839 4604915558949178233 4605021357511624421 4611520087802717065 4604915558949178233 4605021357511624421 4607802597259685428 1 2 2 1 1 1
13821109794746647964 13829613419505454896 4607737046101327339 13834588284805032696 1 0 0 0 0 0 0 4611216247950256888 0 0 4605908257355673726 1 2 2 1 1 1
13815703097293200117 4604457921169443353 13833248337815100407 13833145592693201576 0 13837700564881521488 13815703097293200117 4604457921169443353 13837700564881521488 13815703097293200117 4604457921169443353 13833248337815100408 13815703097293200117 4604457921169443353 4602640164943065888 1 2 2 1 1 1
13826167048897808879 4607179050107496135 13830654111307347670 13822326847509948566 1 0 0 0 0 0 0 4598954810655172758 0 0 4608363796523491331 1 2 2 1 1 1
4598476924691513220 13831140986455863440 4600438008142052448 13828441276637638432 0 13824065309023707616 4598476924691513220 13831140986455863440 13824065309023707616 4598476924691513220 13831140986455863440 4600438008142052448 4598476924691513220 13831140986455863440 4608752319187003588 1 2 2 1 1 1
13834935314177919357 13822916314657975836 13831504093679419814 13834851925527218964 1 0 0 0 0 0 0 4611479888672443156 0 0 4616185117779958492 1 2 2 1 1 1
4606147761821625310 4595663219759520210 4609365953050550974 4610886080054375102 0 4614629616179833534 4606147761821625310 4595663219759520210 4614629616179833534 4606147761821625310 4595663219759520210 4609365953050550974 4606147761821625310 4595663219759520210 4605524691282808522 1 2 2 1 1 1
13833653571709571204 4609722151752278961 4605433995323882615 4610602623493828403 1 0 0 0 0 0 0 13833974660348604211 0 0 4617648461165309848 1 2 2 1 1 1
13819304896131185945 13829267957385238560 4602769917985909362 4602800722607360577 0 4607288919924005466 13819304896131185945 13829267957385238560 4607288919924005466 13819304896131185945 13829267957385238560 4602769917985909363 13819304896131185945 13829267957385238560 4605110717733165040 1 2 2 1 1 1
13832170950683443818 13833106735635616623 4609948880971919302 13828538770562371748 1 0 0 0 0 0 0 4605166733707595940 0 0 4616528866530146635 1 2 2 1 1 1
13815919558305690052 13833418853104191908 13834028829644922223 4608320541476248716 0 13826219759027847622 13815919558305690052 13833418853104191908 13826219759027847622 13815919558305690052 13833418853104191908 13834028829644922223 13815919558305690052 13833418853104191908 4613236479175597643 1 2 2 1 1 1
4563887045767892635 13823422231025716128 13834328048804164719 13833472797220528552 1 0 0 0 0 0 0 4610100760365752744 0 0 4593685163000031313 1 2 2 1 1 1
13833058186831633570 13833594250295279480 13827533062722384388 13828460047640885312 0 13832500154809005346 13833058186831633570 13833594250295279480 13832500154809005346 13833058186831633570 13833594250295279480 13827533062722384388 13833058186831633570 13833594250295279480 4617570504774471871 1 2 2 1 1 1
13823034020737836791 4610973963297503610 4601923367356753276 4610161279737545349 1 0 0 0 0 0 0 13833533316592321157 0 0 4615070797064985303 1 2 2 1 1 1
4609836435096423115 13823821069808716059 13833556311972018511 13834432072948357723 0 13838497792087558613 4609836435096423115 13823821069808716059 13838497792087558613 4609836435096423115 13823821069808716059 13833556311972018511 4609836435096423115 13823821069808716059 4613188980567831150 1 2 2 1 1 1
13820257353409179276 4606140141731055799 13829162753297943185 4604129482655818477 1 0 0 0 0 0 0 13827501519510594285 0 0 4605631730151688154 1 2 2 1 1 1
4601748051230458997 4604472566875431562 13827918570850487303 13824946213110821285 0 13831212152337175149 4601748051230458997 4604472566875431562 13831212152337175149 4601748051230458997 4604472566875431562 13827918570850487304 4601748051230458997 4604472566875431562 4604388446043374839 1 2 2 1 1 1
13829131336186942649 4608483535753962509 13830442027793695539 4608440958723085348 1 0 0 0 0 0 0 13831812995577861156 0 0 4612519738402176316 1 2 2 1 1 1
13833866709065536140 4610598624297359298 13826833113268298466 4598524698876360366 0 13822762291550719766 13833866709065536140 4610598624297359298 13822762291550719766 13833866709065536140 4610598624297359298 13826833113268298466 13833866709065536140 4610598624297359298 4618558902462990800 1 2 2 1 1 1
4609089459055028190 13827391451535701350 13829973959677223669 13815615331143661920 1 0 0 0 0 0 0 4592243294288886112 0 0 4612693006108423850 1 2 2 1 1 1
4609506906711688416 4608458603826425385 13832323181358048195 4599058681676978431 0 13830976415918280067 4609506906711688416 4608458603826425385 13830976415918280067 4609506906711688416 4608458603826425385 13832323181358048195 4609506906711688416 4608458603826425385 4616067388236298440 1 2 2 1 1 1
4607771192393702062 13831084502309336959 13832754328964774882 13805099966445707097 1 0 0 0 0 0 0 4581727929590931289 0 0 4612874516694594622 1 2 2 1 1 1
13831536843855910052 13834433478071441462 4607829982383237757 13828859066567870338 0 4599652652424633072 13831536843855910052 13834433478071441462 4599652652424633072 13831536843855910052 13834433478071441462 4607829982383237757 13831536843855910052 13834433478071441462 4617257362634875748 1 2 2 1 1 1
4604369164227987135 13827728536960610777 13826157447223403325 4602848334662621137 1 0 0 0 0 0 0 13826220371517396945 0 0 4606676550306946278 1 2 2 1 1 1
4609354486885899689 13832476195658987735 13823841498136625812 4603263224274693017 0 4595924356480313660 4609354486885899689 13832476195658987735 4595924356480313660 4609354486885899689 13832476195658987735 13823841498136625812 4609354486885899689 13832476195658987735 4616451624603666185 1 2 2 1 1 1
13827486819761410548 13827034802474010626 13833938910774762144 13825890167592718141 1 0 0 0 0 0 0 4602518130737942333 0 0 4605435142745375184 1 2 2 1 1 1
13827145410880858845 13823657607156641019 4611616239654761426 4608827502679102558 0 4614725470794302488 13827145410880858845 13823657607156641019 4614725470794302488 13827145410880858845 13823657607156641019 4611616239654761426 13827145410880858845 13823657607156641019 4602868733845972290 1 2 2 1 1 1
13819374575824620621 13830854206238791741 4604681533898141553 4577250270697414447 1 0 0 0 0 0 0 13800622307552190255 0 0 4607963930874308016 1 2 2 1 1 1
13822099109483991695 4591805328232323586 4569340652715059173 4609234114675059330 0 4609248165905896726 13822099109483991695 4591805328232323586 4609248165905896726 13822099109483991695 4591805328232323586 4569340652715059200 13822099109483991695 4591805328232323586 4591047012268011596 1 2 2 1 1 1
13828309429254947533 13831312915875237936 13829752418604354059 13828512685713330018 1 0 0 0 0 0 0 4605140648858554210 0 0 4611365430441131566 1 2 2 1 1 1
13831825290404843877 13833122354119124344 4589434633388475757 13834801971600152171 0 13834503833304820244 13831825290404843877 13833122354119124344 13834503833304820244 13831825290404843877 13833122354119124344 4589434633388475760 13831825290404843877 13833122354119124344 4616312882743518754 1 2 2 1 1 1
4608172760358076180 13831042330602426262 13833022527329784050 13832650331842179643 1 0 0 0 0 0 0 4609278294987403835 0 0 4613299548733926828 1 2 2 1 1 1
4608641314863307806 13830566408208204257 4610502823726085873 4597348718941661383 0 4611525411057476618 4608641314863307806 13830566408208204257 4611525411057476618 4608641314863307806 13830566408208204257 4610502823726085873 4608641314863307806 13830566408208204257 4613393180300498865 1 2 2 1 1 1
4609945197027424112 13818257106656280434 13827519299721923144 4586164659771034588 1 0 0 0 0 0 0 13809536696625810396 0 0 4613101122645326855 1 2 2 1 1 1
13832983057782649775 4604270589439343250 4611254933871056000 13833578424646188900 0 4597556388927678688 13832983057782649775 4604270589439343250 4597556388927678688 13832983057782649775 4604270589439343250 4611254933871056000 13832983057782649775 4604270589439343250 4613548860031054225 1 2 2 1 1 1
13830798532740198187 13819322406126537161 4607621880051656221 4593426047637424662 1 0 0 0 0 0 0 13816798084492200470 0 0 4607843396426425185 1 2 2 1 1 1
4609289824202449903 4609574757943674380 13827503951454393065 13833332347962549376 0 13835684375385941754 4609289824202449903 4609574757943674380 13835684375385941754 4609289824202449903 4609574757943674380 13827503951454393064 4609289824202449903 4609574757943674380 4616751930508205111 1 2 2 1 1 1
4600969757157255337 13815320327353670643 13833515176093022109 4600743820571149414 1 0 0 0 0 0 0 13824115857425925222 0 0 4595449521126779186 1 2 2 1 1 1
13834663125623640338 13822992875851641134 4607299116073561832 13832796032297324333 0 13825543174248628500 13834663125623640338 13822992875851641134 13825543174248628500 13834663125623640338 13822992875851641134 4607299116073561832 13834663125623640338 13822992875851641134 4615662664536317791 1 2 2 1 1 1
4608505089981779104 13832402804999460105 13783557916362504313 13834291047229626243 1 0 0 0 0 0 0 4610919010374850435 0 0 4615430563998493870 1 2 2 1 1 1
4609781878490537149 4596821905871650091 4608602403762527325 4611411316864516813 0 4614510459940892565 4609781878490537149 4596821905871650091 4614510459940892565 4609781878490537149 4596821905871650091 4608602403762527325 4609781878490537149 4596821905871650091 4612885500681054565 1 2 2 1 1 1
4610953814192770754 13832606070465041845 4599701399386999730 13834386127224959289 1 0 0 0 0 0 0 4611014090370183481 0 0 4617872535221028510 1 2 2 1 1 1
13834217332310925443 4610700711893712532 13830463879259087541 13812663852091868392 0 13830798379617810857 13834217332310925443 4610700711893712532 13830798379617810857 13834217332310925443 4610700711893712532 13830463879259087541 13834217332310925443 4610700711893712532 4618960316131434101 1 2 2 1 1 1
13831161441805370957 4608010486656302766 4609708541874205048 4600978872442901135 1 0 0 0 0 0 0 13824350909297676943 0 0 4613238104214252024 1 2 2 1 1 1
13828703332092755866 13826068311979578408 4609458114713325484 4588048533509562176 0 4609704605728130726 13828703332092755866 13826068311979578408 4609704605728130726 13828703332092755866 13826068311979578408 4609458114713325484 13828703332092755866 13826068311979578408 4606129896781394590 1 2 2 1 1 1
4610821507442917864 13809749698873786511 13829083129656531275 13833091864749647046 1 0 0 0 0 0 0 4609719827894871238 0 0 4614547762195206722 1 2 2 1 1 1
13817093232397379822 13817158012174419920 13831247649709438083 4588521231326450983 0 13830986386887855066 13817093232397379822 13817158012174419920 13830986386887855066 13817093232397379822 13817158012174419920 13831247649709438083 13817093232397379822 13817158012174419920 4584830076410020020 1 2 2 1 1 1
4598689134305954918 4593686679955059847 13829250141145112682 13827700272369349400 1 0 0 0 0 0 0 4604328235514573592 0 0 4591387936168673621 1 2 2 1 1 1
13819978922865816722 13808898842803386658 13824396557783499970 4610733020717439288 0 4608894795464734728 13819978922865816722 13808898842803386658 4608894795464734728 13819978922865816722 13808898842803386658 13824396557783499968 13819978922865816722 13808898842803386658 4586504228539289313 1 2 2 1 1 1
13833253120637904674 13832838483227411927 13831441925990163591 13830240284544787850 1 0 0 0 0 0 0 4606868247690012042 0 0 4617123030297302985 1 2 2 1 1 1
13825901264462199982 4606599382792258024 4611358390561695955 4606580215472243935 0 4613623453476283809 13825901264462199982 4606599382792258024 4613623453476283809 13825901264462199982 4606599382792258024 4611358390561695954 13825901264462199982 4606599382792258024 4607707065320275498 1 2 2 1 1 1
13820254038759853531 13832951343434073832 13831328471308350874 13832350392106996768 1 0 0 0 0 0 0 4608978355252220960 0 0 4612572163015374778 1 2 2 1 1 1
13822742655856344429 13828561955093253452 4608528040325480184 4603727293194695782 0 4611304077150189867 13822742655856344429 13828561955093253452 4611304077150189867 13822742655856344429 13828561955093253452 4608528040325480184 13822742655856344429 13828561955093253452 4604539644687211896 1 2 2 1 1 1
13835022738053885873 4608579516469221029 13832141244940301682 4593953437168188256 1 0 0 0 0 0 0 13817325474022964064 0 0 4618087170018537286 1 2 2 1 1 1
13821632104217031884 4608890742225070094 13829344896881272558 13826631243918601211 0 13832491670027307380 13821632104217031884 4608890742225070094 13832491670027307380 13821632104217031884 4608890742225070094 13829344896881272557 13821632104217031884 4608890742225070094 4611539254587145072 1 2 2 1 1 1
4601954099920610452 13830629746833363596 13819026753818199543 4603466498747474012 1 0 0 0 0 0 0 13826838535602249820 0 0 4608286268832792374 1 2 2 1 1 1
4595867358923429660 13832010388349528805 13832520069726557578 13825079159371821262 0 13834528945376342462 4595867358923429660 13832010388349528805 13834528945376342462 4595867358923429660 13832010388349528805 13832520069726557578 4595867358923429660 13832010388349528805 4610720673750752458 1 2 2 1 1 1
13831460994230985878 13831062858009527817 4594068008742708562 4596874724088079893 1 0 0 0 0 0 0 13820246760942855701 0 0 4613220895102365294 1 2 2 1 1 1
4602525084295766993 4609845901662839848 13825987913719030590 13831366373602814824 0 13833602437839402040 4602525084295766993 4609845901662839848 13833602437839402040 4602525084295766993 4609845901662839848 13825987913719030592 4602525084295766993 4609845901662839848 4613429206430450103 1 2 2 1 1 1
4602096701899211511 4605062214167443926 4608605195994296295 4603510363807844600 1 0 0 0 0 0 0 13826882400662620408 0 0 4605411230949086359 1 2 2 1 1 1
13822113809233175432 4609285266559627004 4595903603893230738 4607820957169584506 0 4608662905119921420 13822113809233175432 4609285266559627004 4608662905119921420 13822113809233175432 4609285266559627004 4595903603893230736 13822113809233175432 4609285266559627004 4612206377821064731 1 2 2 1 1 1
4609181233408234746 13832201404024124097 13834110560970959743 4599580738945783219 1 0 0 0 0 0 0 13822952775800559027 0 0 4616076485566524870 1 2 2 1 1 1
13832172544957711907 13835045382152812291 4607916100215312336 13832354616483447241 0 13821071892452184008 13832172544957711907 13835045382152812291 13821071892452184008 13832172544957711907 13835045382152812291 4607916100215312336 13832172544957711907 13835045382152812291 4618257238416622210 1 2 2 1 1 1
4608776783140099111 4611118285651162325 13826670064947389144 13831078395428242245 1 0 0 0 0 0 0 4607706358573466437 0 0 4617703968953644364 1 2 2 1 1 1
13829224416584041142 4610506291497798948 13832232073537586490 4609814646681425897 0 4596804900279457144 13829224416584041142 4610506291497798948 4596804900279457144 13829224416584041142 4610506291497798948 13832232073537586490 13829224416584041142 4610506291497798948 4615620560110555426 1 2 2 1 1 1
4610345612070293623 13821548193148774717 13818160117134705383 13834410302547759014 1 0 0 0 0 0 0 4611038265692983206 0 0 4613849073953840174 1 2 2 1 1 1
13826148692225727717 13832279037074500710 4607033259580358897 4606760161298955150 0 4611400310067027520 13826148692225727717 13832279037074500710 4611400310067027520 13826148692225727717 13832279037074500710 4607033259580358898 13826148692225727717 13832279037074500710 4612076675141291344 1 2 2 1 1 1
13824782858545137302 4606287445467667834 4610377389469264349 4598725991765305318 1 0 0 0 0 0 0 13822098028620081126 0 0 4607143825451501270 1 2 2 1 1 1
4609198590281198632 13834369707100717896 13822637739999425206 13832183218488828775 0 13833581739295514644 4609198590281198632 13834369707100717896 13833581739295514644 4609198590281198632 13834369707100717896 13822637739999425204 4609198590281198632 13834369707100717896 4617887207905280848 1 2 2 1 1 1
13831797854475913936 4604316075795579692 13830539125401661647 13833746354869094291 1 0 0 0 0 0 0 4610374318014318483 0 0 4611895928386955427 1 2 2 1 1 1
4599848757166807292 4609236672719647677 13828205558233141860 13833394533666204108 0 13835890869932456319 4599848757166807292 4609236672719647677 13835890869932456319 4599848757166807292 4609236672719647677 13828205558233141860 4599848757166807292 4609236672719647677 4612221749661606196 1 2 2 1 1 1
13830924804666550401 13828103308507202040 4608409514590487047 13831613927467132125 1 0 0 0 0 0 0 4608241890612356317 0 0 4610339542371728079 1 2 2 1 1 1
13830722052611326182 4592906080038846974 4609997979215056895 4598904514454534285 0 4611306202849213986 13830722052611326182 4592906080038846974 4611306202849213986 13830722052611326182 4592906080038846974 4609997979215056895 13830722052611326182 4592906080038846974 4607582765168270821 1 2 2 1 1 1
13825347898168785714 4606997374898528009 4607237777046637046 4604090877799812657 1 0 0 0 0 0 0 13827462914654588465 0 0 4607956293817057414 1 2 2 1 1 1
4611036698440312881 13830601914587666446 13831883720106409382 4604708213222334095 0 13826679990880967869 4611036698440312881 13830601914587666446 13826679990880967869 4611036698440312881 13830601914587666446 13831883720106409382 4611036698440312881 13830601914587666446 4616713456885795396 1 2 2 1 1 1
13833191385294212679 4609296282364315552 4609138647370158330 4607310068827855597 1 0 0 0 0 0 0 13830682105682631405 0 0 4616947253058845974 1 2 2 1 1 1
13835005570332106336 4603047898169309179 4606229853435633020 4607315905492972670 0 4611343222438150972 13835005570332106336 4603047898169309179 4611343222438150972 13835005570332106336 4603047898169309179 4606229853435633020 13835005570332106336 4603047898169309179 4616466786293517360 1 2 2 1 1 1
13824059544416184581 13829165113184147927 4606799162471728179 13824318843668330065 1 0 0 0 0 0 0 4600946806813554257 0 0 4605984240956958236 1 2 2 1 1 1
4609537432109962733 4606544420862405594 13830744084220703278 13825459227151574313 0 13832847976815426424 4609537432109962733 4606544420862405594 13832847976815426424 4609537432109962733 4606544420862405594 13830744084220703278 4609537432109962733 4606544420862405594 4614349069861011547 1 2 2 1 1 1
4606035478075715709 4608629074079520613 4610619484970833278 4604965909193012235 1 0 0 0 0 0 0 13828337946047788043 0 0 4612828063806853969 1 2 2 1 1 1
4607720923214661353 13829876339651700786 13829782862937835084 4609935307122642407 0 4604452588907484546 4607720923214661353 13829876339651700786 4604452588907484546 4607720923214661353 13829876339651700786 13829782862937835084 4607720923214661353 13829876339651700786 4611930423025771741 1 2 2 1 1 1
13822037824500262437 4610791432404606283 4608022709425691450 13827516867778124364 1 0 0 0 0 0 0 4604144830923348556 0 0 4614662363286823388 1 2 2 1 1 1
4609577532161044840 4599643068764626027 4603850115363733431 13821746964021928341 0 4600318104305573337 4609577532161044840 4599643068764626027 4600318104305573337 4609577532161044840 4599643068764626027 4603850115363733431 4609577532161044840 4599643068764626027 4612713647439500312 1 2 2 1 1 1
13827745884826375408 13824663567198207512 4606737102868863013 13834730922812430774 1 0 0 0 0 0 0 4611358885957654966 0 0 4604052601802920638 1 2 2 1 1 1
4589883408084143973 4608601196797827190 13830965769408760963 4593386848306268029 0 13830286779707340822 4589883408084143973 4608601196797827190 13830286779707340822 4589883408084143973 4608601196797827190 13830965769408760963 4589883408084143973 4608601196797827190 4610490560317150900 1 2 2 1 1 1
13819639747770680196 4607353042175499967 13831227581669498520 4610094977743831200 1 0 0 0 0 0 0 13833467014598607008 0 0 4607705009367670146 1 2 2 1 1 1
13823652671211449421 4607916010143319788 4604102731274031896 13829798193190966653 0 13821690506896999626 13823652671211449421 4607916010143319788 13821690506896999626 13823652671211449421 4607916010143319788 4604102731274031896 13823652671211449421 4607916010143319788 4609375265071334808 1 2 2 1 1 1
13814536052500161836 4595595629736312634 4594246423345546471 13831174051884327594 1 0 0 0 0 0 0 4607802015029551786 0 0 4585920141491969302 1 2 2 1 1 1
13833731628098312789 4609065139617040389 13832161475109827830 13827219341972341759 0 13834997517895972598 13833731628098312789 4609065139617040389 13834997517895972598 13833731628098312789 4609065139617040389 13832161475109827830 13833731628098312789 4609065139617040389 4617224884927478017 1 2 2 1 1 1
13822228741095665927 4607456327729354082 13832956198314472137 13834309421916105914 1 0 0 0 0 0 0 4610937385061330106 0 0 4608120001504944148 1 2 2 1 1 1
13819962349619187999 13832607115300155395 13831174105927523123 4603149787607278809 0 13826819188138250637 13819962349619187999 13832607115300155395 13826819188138250637 13819962349619187999 13832607115300155395 13831174105927523123 13819962349619187999 13832607115300155395 4612050227572840027 1 2 2 1 1 1
13833232016770050816 4597868758597833108 13808829667513110247 4604010065208099121 1 0 0 0 0 0 0 13827382102062874929 0 0 4613039059150180677 1 2 2 1 1 1
4608361740405639901 13831395277705223288 13831129493269614390 4611270237102589805 0 4605200780920778862 4608361740405639901 13831395277705223288 4605200780920778862 4608361740405639901 13831395277705223288 13831129493269614390 4608361740405639901 13831395277705223288 4613939062578993875 1 2 2 1 1 1
13820838858193065354 4604547398686839950 13834019309035309962 13821559434133444634 1 0 0 0 0 0 0 4598187397278668826 0 0 4603161125476626502 1 2 2 1 1 1
4590347170759372077 13834280824058472112 4590512326764907008 13830161291407323772 0 13829430303144606012 4590347170759372077 13834280824058472112 13829430303144606012 4590347170759372077 13834280824058472112 4590512326764907008 4590347170759372077 13834280824058472112 4614716228027279651 1 2 2 1 1 1
13834329048603281995 13831924603783826651 4608303661984845331 4609959104143073433 1 0 0 0 0 0 0 13833331140997849241 0 0 4617405298200989100 1 2 2 1 1 1
13812982490772704110 4607623879649890773 13826840967546048600 4605596935558400880 0 4597680039759047776 13812982490772704110 4607623879649890773 4597680039759047776 13812982490772704110 4607623879649890773 13826840967546048600 13812982490772704110 4607623879649890773 4608129832740775060 1 2 2 1 1 1
13822486130821569406 13832439869624393365 4601678839911385567 4607609179900707036 1 0 0 0 0 0 0 13830981216755482844 0 0 4611919826763499148 1 2 2 1 1 1
4611105126133051148 13834129584175785756 4602979749699747809 4608950153711354366 0 4611352418788590062 4611105126133051148 13834129584175785756 4611352418788590062 4611105126133051148 13834129584175785756 4602979749699747808 4611105126133051148 13834129584175785756 4619250439599395640 1 2 2 1 1 1
4611303104372670355 13829474078132984053 4598024330943360995 4603793442066022600 1 0 0 0 0 0 0 13827165478920798408 0 0 4616686847117857126 1 2 2 1 1 1
4611479951722837940 4610609523008457534 4609433281864980163 4610862832473098615 0 4614651656796409885 4611479951722837940 4610609523008457534 4614651656796409885 4611479951722837940 4610609523008457534 4609433281864980163 4611479951722837940 4610609523008457534 4619477341430678640 1 2 2 1 1 1
13831232175341118438 4606914238449406750 4599166155578486001 4594349465705020708 1 0 0 0 0 0 0 13817721502559796516 0 0 4612282637123486050 1 2 2 1 1 1
13833111995839981392 13831324778356656430 4595888327683294697 13833447964372183231 0 13832607925948088322 13833111995839981392 13831324778356656430 13832607925948088322 13833111995839981392 13831324778356656430 4595888327683294696 13833111995839981392 13831324778356656430 4615805959813213812 1 2 2 1 1 1
4608616887338928949 4599673981472468298 4609259704128142049 13831573295991293989 1 0 0 0 0 0 0 4608201259136518181 0 0 4611008250775294707 1 2 2 1 1 1
4610227428608872167 13828474170929316746 13831972116759895410 4609817087632423931 0 4598539650827123236 4610227428608872167 13828474170929316746 4598539650827123236 4610227428608872167 13828474170929316746 13831972116759895410 4610227428608872167 13828474170929316746 4614840408669431752 1 2 2 1 1 1
13834379876228676498 13831446006251425989 13832744520124786469 13831269924513195057 1 0 0 0 0 0 0 4607897887658419249 0 0 4617152769004745256 1 2 2 1 1 1
4610488277099289466 4608359479598626961 4604344268329247031 13829091074006273957 0 13818039132434315704 4610488277099289466 4608359479598626961 13818039132434315704 4610488277099289466 4608359479598626961 4604344268329247031 4610488277099289466 4608359479598626961 4616862851610811120 1 2 2 1 1 1
13831649415832195805 13830908825895072491 13826594800790416529 4607526034444386522 1 0 0 0 0 0 0 13830898071299162330 0 0 4613282399667399022 1 2 2 1 1 1
4608882338508165421 13825285748493928001 4607471865148068510 13833383941199880532 0 13826627334794124652 4608882338508165421 13825285748493928001 13826627334794124652 4608882338508165421 13825285748493928001 4607471865148068510 4608882338508165421 13825285748493928001 4611926335936079531 1 2 2 1 1 1
13827327590492985237 13833233809202702509 4608555151995236954 13827982810195572115 1 0 0 0 0 0 0 4604610773340796307 0 0 4613837970673502277 1 2 2 1 1 1
4609171406553847823 13831548769387723329 4610585491800845885 4602787067693290389 0 4612288717151120388 4609171406553847823 13831548769387723329 4612288717151120388 4609171406553847823 13831548769387723329 4610585491800845886 4609171406553847823 13831548769387723329 4615218295455216660 1 2 2 1 1 1
4609175270642328107 13818518243377073885 4605856198781749344 13833808459507955730 1 0 0 0 0 0 0 4610436422653179922 0 0 4611929987699292934 1 2 2 1 1 1
4608366730394027027 13813270288803291594 4608211707487653680 13816038453335852633 0 4607711582749034186 4608366730394027027 13813270288803291594 4607711582749034186 4608366730394027027 13813270288803291594 4608211707487653680 4608366730394027027 13813270288803291594 4609886240039262116 1 2 2 1 1 1
4610275572088888757 13794257604386008156 4609342174044518458 4610926234148652737 1 0 0 0 0 0 0 13834298271003428545 0 0 4613589620925429730 1 2 2 1 1 1
4601049056539494077 4609617253909758248 4606998852079205787 4609167911760536984 0 4612632873227444787 4601049056539494077 4609617253909758248 4612632873227444787 4601049056539494077 4609617253909758248 4606998852079205788 4601049056539494077 4609617253909758248 4612904900987598625 1 2 2 1 1 1
4608042110932886162 13835012127573163788 4606859690850720038 4604102749288430406 1 0 0 0 0 0 0 13827474786143206214 0 0 4617740580069540402 1 2 2 1 1 1
4593373445593776974 13825578230268127951 4587268293881319492 4607325867455348413 0 4607547975981771071 4593373445593776974 13825578230268127951 4607547975981771071 4593373445593776974 13825578230268127951 4587268293881319488 4593373445593776974 13825578230268127951 4597781062731110410 1 2 2 1 1 1
4607759591121061956 13832738215085308151 13833476526201020015 13831786838671225388 1 0 0 0 0 0 0 4608414801816449580 0 0 4615013378542998224 1 2 2 1 1 1
4609121794900352710 13823918851963825527 13833082884571990069 4608126832649076256 0 13823379717045233748 4609121794900352710 13823918851963825527 13823379717045233748 4609121794900352710 13823918851963825527 13833082884571990069 4609121794900352710 13823918851963825527 4612119159320293057 1 2 2 1 1 1
13830764026159853275 4603137753989074475 4611247124629302140 4607095661456795743 1 0 0 0 0 0 0 13830467698311571551 0 0 4608978371102459705 1 2 2 1 1 1
13833893442432924211 4591293431084278146 4610808050687231281 4610842836490753090 0 4615329043216362682 13833893442432924211 4591293431084278146 4615329043216362682 13833893442432924211 4591293431084278146 4610808050687231282 13833893442432924211 4591293431084278146 4614030032044794765 1 2 2 1 1 1
13827128999763816707 13822776234695166104 4610501526689393190 4611570915428111569 1 0 0 0 0 0 0 13834942952282887377 0 0 4602413842727630988 1 2 2 1 1 1
13821524630315524315 4610566801862392298 4609480587675466063 4608360560462537530 0 4613424173696372292 13821524630315524315 4610566801862392298 4613424173696372292 13821524630315524315 4610566801862392298 4609480587675466062 13821524630315524315 4610566801862392298 4614230287847988061 1 2 2 1 1 1
13818357843172745458 13821575034602553845 13829888373269905120 13831921901624050229 1 0 0 0 0 0 0 4608549864769274421 0 0 4591102613664623634 1 2 2 1 1 1
13831559947321998462 13830199121644193684 13833008611206935475 4611139956972569231 0 4599685150399544176 13831559947321998462 13830199121644193684 4599685150399544176 13831559947321998462 13830199121644193684 13833008611206935475 13831559947321998462 13830199121644193684 4612629592616766378 1 2 2 1 1 1
4600312808072411548 4610437251315511358 13832432060382639504 13831129105960046437 1 0 0 0 0 0 0 4607757069105270629 0 0 4614171256705292990 1 2 2 1 1 1
4608763137233228178 4611425404124151228 4604613187270196578 13827058923753614822 0 4592074823634025440 4608763137233228178 4611425404124151228 4592074823634025440 4608763137233228178 4611425404124151228 4604613187270196578 4608763137233228178 4611425404124151228 4617987737272812820 1 2 2 1 1 1
13832361705149260722 4610728787333789560 13833151870711082131 4604075205273109408 1 0 0 0 0 0 0 13827447242127885216 0 0 4617494083791265684 1 2 2 1 1 1
13830163110861573229 4599386867989024174 13827202876812104093 13826449965026400293 0 13831330020546622689 13830163110861573229 4599386867989024174 13831330020546622689 13830163110861573229 4599386867989024174 13827202876812104093 13830163110861573229 4599386867989024174 4607252880481846076 1 2 2 1 1 1
13823246086237090413 4607226896349937319 4604094498693913063 4601258816195738485 1 0 0 0 0 0 0 13824630853050514293 0 0 4607805693478718681 1 2 2 1 1 1
4590457274763062031 13835037644968652469 4603807114994491297 13821850366669372768 0 4600128700919644642 4590457274763062031 13835037644968652469 4600128700919644642 4590457274763062031 13835037644968652469 4603807114994491297 4590457274763062031 13835037644968652469 4616163396775218796 1 2 2 1 1 1
4609611975690994969 4606124523247548078 13833113527063854698 13806063232362806117 1 0 0 0 0 0 0 4582691195508030309 0 0 4614273026528278013 1 2 2 1 1 1
13826167553300967144 4609223351071949915 13823238952535280658 13831549273790881594 0 13833098097731531326 13826167553300967144 4609223351071949915 13833098097731531326 13826167553300967144 4609223351071949915 13823238952535280656 13826167553300967144 4609223351071949915 4612530105942476506 1 2 2 1 1 1
13835009740665361281 13834195012471172194 13831954435627758354 13832141398062689012 1 0 0 0 0 0 0 4608769361207913204 0 0 4619823336920647598 1 2 2 1 1 1
13825836844973130074 4610884774010483164 4600018813088736802 13832114682709699451 0 13830501313179190245 13825836844973130074 4610884774010483164 13830501313179190245 13825836844973130074 4610884774010483164 4600018813088736802 13825836844973130074 4610884774010483164 4615194921097349454 1 2 2 1 1 1
13805424513849253924 13834553273821529517 4604064270533214152 13833325421426322480 1 0 0 0 0 0 0 4609953384571546672 0 0 4615209452673692367 1 2 2 1 1 1
13830708244574868664 13824058643696259107 13829422016521291650 13820579522912122852 0 13830993169308893886 13830708244574868664 13824058643696259107 13830993169308893886 13830708244574868664 13824058643696259107 13829422016521291651 13830708244574868664 13824058643696259107 4608178174738688607 1 2 2 1 1 1
13810514950522469305 13833577136616695472 13831979844936855978 13826221524438901552 1 0 0 0 0 0 0 4602849487584125744 0 0 4613476551410327229 1 2 2 1 1 1
4599365178653218758 4610933340828864728 4590632951177326499 13822885978410885868 0 13821240435164638726 4599365178653218758 4610933340828864728 13821240435164638726 4599365178653218758 4610933340828864728 4590632951177326500 4599365178653218758 4610933340828864728 4614972095033511043 1 2 2 1 1 1
13820162525615425363 4607706592760647060 13831812608268293202 4609605157241159131 1 0 0 0 0 0 0 13832977194095934939 0 0 4608493357224097918 1 2 2 1 1 1
13832683847630606534 13828568782550288545 13824337362469997813 4609991476017194972 0 4608168049592865951 13832683847630606534 13828568782550288545 4608168049592865951 13832683847630606534 13828568782550288545 13824337362469997812 13832683847630606534 13828568782550288545 4613435420802596032 1 2 2 1 1 1
4611015234284488833 4595144188909665015 13833236646470467753 4603496582792984847 1 0 0 0 0 0 0 13826868619647760655 0 0 4614959959345724754 1 2 2 1 1 1
4607289388298366712 4594297440122125324 13827662784406051168 4611250610415413724 0 4608192846412414252 4607289388298366712 4594297440122125324 4608192846412414252 4607289388298366712 4594297440122125324 13827662784406051168 4607289388298366712 4594297440122125324 4607490182973918741 1 2 2 1 1 1
13823300273547806935 4606313368187122978 13819151485513479196 4606669891148024136 1 0 0 0 0 0 0 13830041928002799944 0 0 4606614666096264197 1 2 2 1 1 1
13827142420490706271 13827113075035534325 4610914596847215612 4610249622347835849 0 4615085709224896226 13827142420490706271 13827113075035534325 4615085709224896226 13827142420490706271 13827113075035534325 4610914596847215611 13827142420490706271 13827113075035534325 4605090154645845076 1 2 2 1 1 1
13824072478754314390 4611450056828511454 4611112818281214697 13833810927480551529 1 0 0 0 0 0 0 4610438890625775721 0 0 4616066687805904950 1 2 2 1 1 1
4609750992804292642 13827886559264335953 4610590797041206928 13831591130245818376 0 4602918626845605136 4609750992804292642 13827886559264335953 4602918626845605136 4609750992804292642 13827886559264335953 4610590797041206928 4609750992804292642 13827886559264335953 4613850676976476640 1 2 2 1 1 1
13834277977783507614 4599111031519046986 13826566157896786452 4608536426027986348 1 0 0 0 0 0 0 13831908462882762156 0 0 4614902324881062482 1 2 2 1 1 1
4610800412582263260 13828591246505229869 4605279197597490636 13831790882903690767 0 13825795808173325476 4610800412582263260 13828591246505229869 13825795808173325476 4610800412582263260 13828591246505229869 4605279197597490636 4610800412582263260 13828591246505229869 4615882651407876738 1 2 2 1 1 1
13832100766586850876 13834963137416417251 4609371150204520960 4608373665937453178 1 0 0 0 0 0 0 13831745702792228986 0 0 4618126987148748510 1 2 2 1 1 1
13834148238085442324 13827209830369928753 4603553256090695677 4606031965268006360 0 4609296210306721514 13834148238085442324 13827209830369928753 4609296210306721514 13834148238085442324 13827209830369928753 4603553256090695676 13834148238085442324 13827209830369928753 4615351859722054005 1 2 2 1 1 1
4603710918106450663 4610153578582182545 13814408798789090855 13823393768276071146 1 0 0 0 0 0 0 4600021731421295338 0 0 4614236000726391155 1 2 2 1 1 1
4604006786587570395 13832681866046770491 13812797014525650483 13817901142141733070 0 13820281420645587944 4604006786587570395 13832681866046770491 13820281420645587944 4604006786587570395 13832681866046770491 13812797014525650484 4604006786587570395 13832681866046770491 4613007990760276184 1 2 2 1 1 1
4598710715555369277 13826105475683703469 13834218566297223342 4606493908488985007 1 0 0 0 0 0 0 13829865945343760815 0 0 4599694687351314362 1 2 2 1 1 1
4611223877048025653 13834014084859742212 4596570064580487533 4603349369128365360 0 4605199880200853387 4611223877048025653 13834014084859742212 4605199880200853387 4611223877048025653 13834014084859742212 4596570064580487532 4611223877048025653 13834014084859742212 4619259461829211475 1 2 2 1 1 1
4604645685245107683 13834274825263768454 13831359438059388673 4606278276138826507 1 0 0 0 0 0 0 13829650312993602315 0 0 4615853305208178709 1 2 2 1 1 1
4602566013009180536 4599672360176602445 13822518232479713303 13834621377255094614 0 13835524038232008110 4602566013009180536 4599672360176602445 13835524038232008110 4602566013009180536 4599672360176602445 13822518232479713304 4602566013009180536 4599672360176602445 4600062014360099549 1 2 2 1 1 1
4598401012016194263 13825731712943428737 4608816784111989416 13827346595683412740 1 0 0 0 0 0 0 4603974558828636932 0 0 4599103356625290502 1 2 2 1 1 1
4605383014576100781 4610938051594074957 13833116931785172990 13828371975246572455 0 13835793673245298409 4605383014576100781 4610938051594074957 13835793673245298409 4605383014576100781 4610938051594074957 13833116931785172990 4605383014576100781 4610938051594074957 4616193690301640080 1 2 2 1 1 1
4601466990584914059 4608237774322296901 4592654022574902302 4602857666121049049 1 0 0 0 0 0 0 13826229702975824857 0 0 4610383760323428889 1 2 2 1 1 1
13834319374871282403 13832799310917853059 13826158996461675140 13834240904151375100 0 13835802414732175135 13834319374871282403 13832799310917853059 13835802414732175135 13834319374871282403 13832799310917853059 13826158996461675140 13834319374871282403 13832799310917853059 4618009296288676396 1 2 2 1 1 1
13831550615863570551 4604924548134034465 13834532611306439141 13831896240113373472 1 0 0 0 0 0 0 4608524203258597664 0 0 4611804912005454858 1 2 2 1 1 1
13820999258397393782 4603060760449844949 4610187454658579626 4611548568566760556 0 4615371611240040587 13820999258397393782 4603060760449844949 4615371611240040587 13820999258397393782 4603060760449844949 4610187454658579626 13820999258397393782 4603060760449844949 4599964561706497332 1 2 2 1 1 1
4601323776116763677 4598201448509506222 4597373867041980619 13825287081559417703 1 0 0 0 0 0 0 4601915044704641895 0 0 4597947091267495911 1 2 2 1 1 1
4607771147357705789 13831841007967543400 4600254909795602073 13825226228921252673 0 13814433586601439904 4607771147357705789 13831841007967543400 13814433586601439904 4607771147357705789 13831841007967543400 4600254909795602073 4607771147357705789 13831841007967543400 4613783545759958082 1 2 2 1 1 1
4603646894934147964 13830655768632010543 13831476450584907013 4586191465196016697 1 0 0 0 0 0 0 13809563502050792505 0 0 4609049285102127998 1 2 2 1 1 1
4604006966731555490 4604018207716225407 4610315591075177572 13830196005153251543 0 4604800014597138417 4604006966731555490 4604018207716225407 4604800014597138417 4604006966731555490 4604018207716225407 4610315591075177572 4604006966731555490 4604018207716225407 4605741365700492500 1 2 2 1 1 1
4599462960808328226 4607987743478184545 4602517410162001953 13830551717466219775 1 0 0 0 0 0 0 4607179680611443967 0 0 4609402530563356304 1 2 2 1 1 1
4610001311878781149 4602387598406342626 4609307316183402610 13829035985975631961 0 4603943483991208075 4610001311878781149 4602387598406342626 4603943483991208075 4610001311878781149 4602387598406342626 4609307316183402610 4610001311878781149 4602387598406342626 4613662448312393083 1 2 2 1 1 1
13833582495900252043 4610701405448055147 4590626754224239237 4602750678608301236 1 0 0 0 0 0 0 13826122715463077044 0 0 4618407724381468246 1 2 2 1 1 1
4608107593271468129 13832551234635978982 4607774921374193525 4610103885863894139 0 4613443003246414328 4608107593271468129 13832551234635978982 4613443003246414328 4608107593271468129 13832551234635978982 4607774921374193525 4608107593271468129 13832551234635978982 4615145661117861581 1 2 2 1 1 1
4609082784720380427 13822536390993410861 4610076395891768670 4609344452865929907 1 0 0 0 0 0 0 13832716489720705715 0 0 4611944876762763386 1 2 2 1 1 1
4606919048293808781 13813472770642538171 4611060585532736454 13831453248039626801 0 4604133968241047338 4606919048293808781 13813472770642538171 4604133968241047338 4606919048293808781 13813472770642538171 4611060585532736454 4606919048293808781 13813472770642538171 4606714645892123210 1 2 2 1 1 1
4611564745496622071 4602696094980817505 13834522739416055945 13830386003014331050 1 0 0 0 0 0 0 4607013966159555242 0 0 4616352800127969472 1 2 2 1 1 1
4602191061318604178 4607781001233690475 4611401237808550758 4609961040690913202 0 4615184738877102476 4602191061318604178 4607781001233690475 4615184738877102476 4602191061318604178 4607781001233690475 4611401237808550758 4602191061318604178 4607781001233690475 4609466404532033853 1 2 2 1 1 1
13819736449061879095 13820305127594026422 4581866856632236414 4609457646338964237 1 0 0 0 0 0 0 13832829683193740045 0 0 4590886353392773243 1 2 2 1 1 1
4611124824877821266 4591524880076327971 4610523558298770286 13834022317439861045 0 13807139484587356608 4611124824877821266 4591524880076327971 13807139484587356608 4611124824877821266 4591524880076327971 4610523558298770286 4611124824877821266 4591524880076327971 4615122607701599886 1 2 2 1 1 1
13828809166683999073 4609111265484423918 4610965883839772107 13830941891323536645 1 0 0 0 0 0 0 4607569854468760837 0 0 4613239817915308299 1 2 2 1 1 1
13834380191480650414 13834834730783841664 13832568987825710077 4606851134011428034 0 13825764355033527920 13834380191480650414 13834834730783841664 13825764355033527920 13834380191480650414 13834834730783841664 13832568987825710077 13834380191480650414 13834834730783841664 4619820305273086392 1 2 2 1 1 1
13824948879241800688 4605713650846343813 13826635171057476278 4607461641976914379 1 0 0 0 0 0 0 13830833678831690187 0 0 4606218905490643224 1 2 2 1 1 1
13834660225305480312 4609298236926553831 4605239619963965304 13834194427003220636 0 13830662226793876192 13834660225305480312 4609298236926553831 13830662226793876192 13834660225305480312 4609298236926553831 4605239619963965304 13834660225305480312 4609298236926553831 4618232888738079804 1 2 2 1 1 1
4598832132601323186 13831416066321103230 4610321130502719237 13792279191084102807 1 0 0 0 0 0 0 4568907154229326999 0 0 4609440057895465156 1 2 2 1 1 1
4607064334417787754 13823662326929050504 13829691962282956238 4607312834038026803 0 4593651011446011072 4607064334417787754 13823662326929050504 4593651011446011072 4607064334417787754 13823662326929050504 13829691962282956238 4607064334417787754 13823662326929050504 4607673049861451132 1 2 2 1 1 1
4608895570083870635 13830167200130034882 13834213504251242178 13833926489846989856 1 0 0 0 0 0 0 4610554452992214048 0 0 4613535542312756145 1 2 2 1 1 1
13825958658335851191 13830417203952549473 4603895313489593721 4611518187283674315 0 4613032126341610436 13825958658335851191 13830417203952549473 4613032126341610436 13825958658335851191 13830417203952549473 4603895313489593722 13825958658335851191 13830417203952549473 4608149181269389168 1 2 2 1 1 1
13831187220409638025 13823515041206836979 13833855738296843865 13833321287121864554 1 0 0 0 0 0 0 4609949250267088746 0 0 4609118038352247063 1 2 2 1 1 1
13828300908444452548 13831366103386837182 4603664981390251484 4609252903692704720 0 4611841901521290079 13828300908444452548 13831366103386837182 4611841901521290079 13828300908444452548 13831366103386837182 4603664981390251484 13828300908444452548 13831366103386837182 4611483955454071582 1 2 2 1 1 1
13831290983345052642 13830848711847246349 4602264668150913921 4608146225149071713 1 0 0 0 0 0 0 13831518262003847521 0 0 4612786641971411918 1 2 2 1 1 1
4572935750196799474 13828614467064908592 13823353416023409907 4607602541594856292 0 4604867784764331086 4572935750196799474 13828614467064908592 4604867784764331086 4572935750196799474 13828614467064908592 13823353416023409908 4572935750196799474 13828614467064908592 4603720547975443526 1 2 2 1 1 1
4610089339237097733 13827878939173766442 4609736626321481330 4606698461984060174 1 0 0 0 0 0 0 13830070498838835982 0 0 4614392024969014376 1 2 2 1 1 1
4610385387862202559 4609277547389865691 13828629401001272952 13832979824198117323 0 13835789475890445700 4610385387862202559 4609277547389865691 13835789475890445700 4610385387862202559 4609277547389865691 13828629401001272954 4610385387862202559 4609277547389865691 4617400026308216045 1 2 2 1 1 1
4611147838271917130 13817154481352312061 4607563162119714564 4607944752116141667 1 0 0 0 0 0 0 13831316788970917475 0 0 4615182351320277221 1 2 2 1 1 1
4607269869697581688 4606483406094653979 4609148807490917678 13825375027852940994 0 4606949510641688315 4607269869697581688 4606483406094653979 4606949510641688315 4607269869697581688 4606483406094653979 4609148807490917678 4607269869697581688 4606483406094653979 4611190729428688155 1 2 2 1 1 1
13830697057633394275 4600133817008821335 13833651914384908332 4601613159414419996 1 0 0 0 0 0 0 13824985196269195804 0 0 4608051674403580335 1 2 2 1 1 1
4592498089941404226 13833520085016615942 13818893014923665148 4598757156674726722 0 4592300652133740304 4592498089941404226 13833520085016615942 4592300652133740304 4592498089941404226 13833520085016615942 13818893014923665148 4592498089941404226 13833520085016615942 4613402897831094704 1 2 2 1 1 1
4610575872112041822 4608394715762111508 13825429359278845592 13827058509422449104 1 0 0 0 0 0 0 4603686472567673296 0 0 4616961516185419436 1 2 2 1 1 1
4608999558199266620 13815067261083409441 4606162875901974766 13822836114555811622 0 4603266647010409819 4608999558199266620 13815067261083409441 4603266647010409819 4608999558199266620 13815067261083409441 4606162875901974766 4608999558199266620 13815067261083409441 4611592763504004420 1 2 2 1 1 1
4604562764968768538 4604060595595918218 13827896232996335545 13826412423019906533 1 0 0 0 0 0 0 4603040386165130725 0 0 4606550563052297848 1 2 2 1 1 1
4588393833500191926 13833302732291399787 13827637510204942365 4608993712526950293 0 4604714752448993037 4588393833500191926 13833302732291399787 4604714752448993037 4588393833500191926 13833302732291399787 13827637510204942365 4588393833500191926 13833302732291399787 4613028398410421657 1 2 2 1 1 1
4608554260282510735 4598440139289756858 13829180011091715269 4604633381410925707 1 0 0 0 0 0 0 13828005418265701515 0 0 4610659542321197648 1 2 2 1 1 1
13832469088978775744 4597039663920832710 4589881534586698986 4608168067607264460 0 4608494137227485339 13832469088978775744 4597039663920832710 4608494137227485339 13832469088978775744 4597039663920832710 4589881534586698992 13832469088978775744 4597039663920832710 4611863328077191341 1 2 2 1 1 1
13832521600950430884 4610526467624129568 4600556362740259745 13830249543945621724 1 0 0 0 0 0 0 4606877507090845916 0 0 4617428987087831344 1 2 2 1 1 1
13828950633755494035 13829586199749307069 4597511136758622872 4585577246264437399 0 4598520231305530015 13828950633755494035 13829586199749307069 4598520231305530015 13828950633755494035 13829586199749307069 4597511136758622872 13828950633755494035 13829586199749307069 4609308771672961157 1 2 2 1 1 1
4608946172529283770 4611297790125110058 13832184875813491647 13832666346642454572 1 0 0 0 0 0 0 4609294309787678764 0 0 4617990218832223760 1 2 2 1 1 1
13834186464639079445 4606122451591719488 4602841345075999458 4606111660967012308 0 4608980102648876379 13834186464639079445 4606122451591719488 4608980102648876379 13834186464639079445 4606122451591719488 4602841345075999458 13834186464639079445 4606122451591719488 4616236697804160685 1 2 2 1 1 1
13828776524593899892 13817735842021010064 4600691722930659992 4606511436498734733 1 0 0 0 0 0 0 13829883473353510541 0 0 4604164826122464063 1 2 2 1 1 1
13824652290184740577 4596091674213669730 13833797290580879851 13831014723536710481 0 13836909606686165662 13824652290184740577 4596091674213669730 13836909606686165662 13824652290184740577 4596091674213669730 13833797290580879851 13824652290184740577 4596091674213669730 4596925764549845792 1 2 2 1 1 1
4584899616650104725 13824419760328780183 13831001329831418681 4608753661659612191 1 0 0 0 0 0 0 13832125698514387999 0 0 4595247355275214560 1 2 2 1 1 1
13822010947017686290 13834263512221504500 13833096917788428956 4592119066996764725 0 13832631002392578969 13822010947017686290 13834263512221504500 13832631002392578969 13822010947017686290 13834263512221504500 13833096917788428956 13822010947017686290 13834263512221504500 4614841830242426541 1 2 2 1 1 1
4610775012280364891 4608572427803407547 13813593250939769587 13831104255097302606 1 0 0 0 0 0 0 4607732218242526798 0 0 4617252841292844768 1 2 2 1 1 1
13824602426329666331 13832761606781772713 4611617032288295843 4595868295672152153 0 4612070292569192919 13824602426329666331 13832761606781772713 4612070292569192919 13824602426329666331 13832761606781772713 4611617032288295843 13824602426329666331 13832761606781772713 4612578670358169654 1 2 2 1 1 1
13834774553685620739 4604857174283609002 4610734587970109613 13823333672242643514 1 0 0 0 0 0 0 4599961635387867706 0 0 4616530200738942656 1 2 2 1 1 1
13823980100918757766 13827859933983338939 13832661275589274153 13833535226118563162 0 13837601850481289154 13823980100918757766 13827859933983338939 13837601850481289154 13823980100918757766 13827859933983338939 13832661275589274154 13823980100918757766 13827859933983338939 4603934885913391033 1 2 2 1 1 1
13826883409468936939 13818458579689210481 4610621322439481245 4607581464748600198 1 0 0 0 0 0 0 13830953501603376006 0 0 4600480359355382648 1 2 2 1 1 1
4607326110649728291 13824195697240119246 4597070504571080943 4584912587017031552 0 4598216832805833320 4607326110649728291 13824195697240119246 4598216832805833320 4607326110649728291 13824195697240119246 4597070504571080944 4607326110649728291 13824195697240119246 4608184259332171326 1 2 2 1 1 1
13820553149832704970 4604472837091409204 4608118140701795431 4610984123418262957 1 0 0 0 0 0 0 13834356160273038765 0 0 4603023906570315821 1 2 2 1 1 1
4608445390265118680 4611560214875396937 4610820102319834124 4610364302008747211 0 4615095801791661164 4608445390265118680 4611560214875396937 4615095801791661164 4608445390265118680 4611560214875396937 4610820102319834125 4608445390265118680 4611560214875396937 4617910624357712807 1 2 2 1 1 1
13827658983367965667 4606138286248009323 4607899860235056037 13834850376288947149 1 0 0 0 0 0 0 4611478339434171341 0 0 4608272324711533289 1 2 2 1 1 1
13814804394980359079 4608645836477333686 13831335181671795656 13830869104146359083 0 13835605742536447866 13814804394980359079 4608645836477333686 13835605742536447866 13814804394980359079 4608645836477333686 13831335181671795657 13814804394980359079 4608645836477333686 4610624512433276585 1 2 2 1 1 1
13830013843555523662 4599262604668105768 4606249074798842637 13829406740311355609 1 0 0 0 0 0 0 4606034703456579801 0 0 4607001256744197222 1 2 2 1 1 1
4610106831218050440 4610684904259020462 4607746881962913516 13814432001334371068 0 4607347160474386620 4610106831218050440 4610684904259020462 4607347160474386620 4610106831218050440 4610684904259020462 4607746881962913516 4610106831218050440 4610684904259020462 4618306986720841220 1 2 2 1 1 1
13832403687704987070 13830776059778057609 4611380881538235043 4604355887616285647 1 0 0 0 0 0 0 13827727924471061455 0 0 4614141965162387924 1 2 2 1 1 1
13833714766621307914 13832163681873645242 13834132241299565904 4607535167744430829 0 13827997329800770758 13833714766621307914 13832163681873645242 13827997329800770758 13833714766621307914 13832163681873645242 13834132241299565904 13833714766621307914 13832163681873645242 4617020760265519655 1 2 2 1 1 1
4610240840328562476 4610110298989763515 4602786365131748519 13825518962897031755 1 0 0 0 0 0 0 4602146926042255947 0 0 4617926085570099206 1 2 2 1 1 1
13822864865535832755 4608744087006804401 13828394997647867573 13829890769184906881 0 13833646483043757723 13822864865535832755 4608744087006804401 13833646483043757723 13822864865535832755 4608744087006804401 13828394997647867573 13822864865535832755 4608744087006804401 4611317548541512389 1 2 2 1 1 1
4611262526940027747 13826124715061311596 13813700040294133796 13831846106042321584 1 0 0 0 0 0 0 4608474069187545776 0 0 4615944112502212301 1 2 2 1 1 1
13821506832089796946 4604198495816508303 4599883128639163384 4609033650448445815 0 4610586527628760181 13821506832089796946 4604198495816508303 4610586527628760181 13821506832089796946 4604198495816508303 4599883128639163384 13821506832089796946 4604198495816508303 4602761001060480490 1 2 2 1 1 1
4609843064395074604 4607868623268040596 4606681384334273186 4607903697301938557 1 0 0 0 0 0 0 13831275734156714365 0 0 4615871077054629706 1 2 2 1 1 1
4596305108807210072 4610951193097787624 13828182535831846742 4610452635611838456 0 4607087572991864986 4596305108807210072 4610951193097787624 4607087572991864986 4596305108807210072 4610951193097787624 13828182535831846742 4596305108807210072 4610951193097787624 4614868279316386174 1 2 2 1 1 1
13834527396138070646 4611287846177132824 13833184485779583548 4602601429316650177 1 0 0 0 0 0 0 13825973466171425985 0 0 4619788818980765260 1 2 2 1 1 1
13833724341274115704 13831366472682006626 13824526945999911601 13826131146201579481 0 13829872790815194418 13833724341274115704 13831366472682006626 13829872790815194418 13833724341274115704 13831366472682006626 13824526945999911602 13833724341274115704 13831366472682006626 4616523157796978235 1 2 2 1 1 1
4610405888247706350 4586225476380402599 13824645120454133803 4607830009404835521 1 0 0 0 0 0 0 13831202046259611329 0 0 4613815281337331732 1 2 2 1 1 1
13829395283153903579 4608766379824959885 13830610984837315970 4609930686429424725 0 4603558696439045542 13829395283153903579 4608766379824959885 4603558696439045542 13829395283153903579 4608766379824959885 13830610984837315970 13829395283153903579 4608766379824959885 4613006235304384195 1 2 2 1 1 1
13829448984075860345 4610014849699261025 4611664293062785469 13830142412317685835 1 0 0 0 0 0 0 4606770375462910027 0 0 4614890327439490329 1 2 2 1 1 1
4604929736280805195 13826178758256840042 4611435267007335170 13831873082604089533 0 4604043662061319306 4604929736280805195 13826178758256840042 4604043662061319306 4604929736280805195 13826178758256840042 4611435267007335170 4604929736280805195 13826178758256840042 4605621963409043214 1 2 2 1 1 1
4609600311367960080 13832510513088148298 4609426220220764446 13834167594556640763 1 0 0 0 0 0 0 4610795557701864955 0 0 4616661717366477290 1 2 2 1 1 1
4608400984772792807 4604584850621341163 4607026288008135728 13826729404376079378 0 4601009460891570236 4608400984772792807 4604584850621341163 4601009460891570236 4608400984772792807 4604584850621341163 4607026288008135728 4608400984772792807 4604584850621341163 4611957934537128040 1 2 2 1 1 1
13819870476186789641 4600316266836925369 13825063955219479259 4609168659358075127 1 0 0 0 0 0 0 13832540696212850935 0 0 4595561249959462945 1 2 2 1 1 1
4608706968338675614 4609196671747757372 13834752927400210106 4603261584964428654 0 13832209744690633987 4608706968338675614 4609196671747757372 13832209744690633987 4608706968338675614 4609196671747757372 13834752927400210106 4608706968338675614 4609196671747757372 4615933305988094068 1 2 2 1 1 1
13832318911945601448 13814969839216270162 4608659815650577044 4605448514929081258 1 0 0 0 0 0 0 13828820551783857066 0 0 4611444319807085377 1 2 2 1 1 1
4586974587128020898 4601749672526324850 4595309128742417832 13826852893077861877 0 13824584375902359830 4586974587128020898 4601749672526324850 13824584375902359830 4586974587128020898 4601749672526324850 4595309128742417832 4586974587128020898 4601749672526324850 4596493312019290408 1 2 2 1 1 1
4608193630038749415 4602142206269846463 4595297959815341954 13826237971584740709 1 0 0 0 0 0 0 4602865934729964901 0 0 4610427635419188541 1 2 2 1 1 1
4600758268118754019 13830709091251598609 4607591669905355820 13825459335237965370 0 4603793081778052411 4600758268118754019 13830709091251598609 4603793081778052411 4600758268118754019 13830709091251598609 4607591669905355820 4600758268118754019 13830709091251598609 4608193950152088912 1 2 2 1 1 1
13834401862802057321 4605566076893754137 13830528857194511242 13831072072374365417 1 0 0 0 0 0 0 4607700035519589609 0 0 4616315399041594039 1 2 2 1 1 1
4604842348433635698 13832365524201744733 13832771775909731315 4608418882077711978 0 13820386912963259464 4604842348433635698 13832365524201744733 13820386912963259464 4604842348433635698 13832365524201744733 13832771775909731315 4604842348433635698 13832365524201744733 4612843189103112052 1 2 2 1 1 1
4611166789419149105 4609714891949679640 13833292752314625534 4602704057344958696 1 0 0 0 0 0 0 13826076094199734504 0 0 4618433507607513900 1 2 2 1 1 1
4610543680381905378 13834479054499670452 4608308904174811590 4605151655656043504 0 4611741570328791519 4610543680381905378 13834479054499670452 4611741570328791519 4610543680381905378 13834479054499670452 4608308904174811590 4610543680381905378 13834479054499670452 4619062927029612386 1 2 2 1 1 1
13829280639521789235 4600687903878175982 13833835409048125915 13826488659954398661 1 0 0 0 0 0 0 4603116623099622853 0 0 4606181290313878087 1 2 2 1 1 1
13828643380174516310 4607507074289955292 13830269611985561287 4609336085177822253 0 4602767395970118035 13828643380174516310 4607507074289955292 4602767395970118035 13828643380174516310 4607507074289955292 13830269611985561287 13828643380174516310 4607507074289955292 4610650396045346064 1 2 2 1 1 1
13833300003110025601 13828237047401736435 13832650953338928220 13834196093335082763 1 0 0 0 0 0 0 4610824056480306955 0 0 4614258809310998334 1 2 2 1 1 1
13826246672539220789 13825185804610997395 4608849219036505738 13827118101052718471 0 4604945174620327821 13826246672539220789 13825185804610997395 4604945174620327821 13826246672539220789 13825185804610997395 4608849219036505738 13826246672539220789 13825185804610997395 4602255454650767449 1 2 2 1 1 1
4598260896024587512 13834447187028707178 4610316122499933601 4605859279243894466 1 0 0 0 0 0 0 13829231316098670274 0 0 4615155453835773976 1 2 2 1 1 1
4608167329016925571 4602720504490797853 13830721223948994745 13823625217268120971 0 13832366614072854556 4608167329016925571 4602720504490797853 13832366614072854556 4608167329016925571 4602720504490797853 13830721223948994745 4608167329016925571 4602720504490797853 4610514472214554544 1 2 2 1 1 1
13824553174964141407 13833727394714663061 4605813702815665476 4605556186988972431 1 0 0 0 0 0 0 13828928223843748239 0 0 4614116183493916705 1 2 2 1 1 1
13832061972579660706 4602767377955719525 13832038310667218502 13830726907491724487 0 13835886208706841990 13832061972579660706 4602767377955719525 13835886208706841990 13832061972579660706 4602767377955719525 13832038310667218501 13832061972579660706 4602767377955719525 4611779352957929626 1 2 2 1 1 1
4611359984835964044 13830543376799709885 13826071770744092229 13829663553576506784 1 0 0 0 0 0 0 4606291516721730976 0 0 4616992617078734685 1 2 2 1 1 1
13828447221389146561 13833601420025886254 13831422191216596454 13819420980915181046 0 13832282306687830181 13828447221389146561 13833601420025886254 13832282306687830181 13828447221389146561 13833601420025886254 13831422191216596454 13828447221389146561 13833601420025886254 4614833342684187347 1 2 2 1 1 1
13827138061006266977 4608558619766950029 4611464990764875815 4604274822822992978 1 0 0 0 0 0 0 13827646859677768786 0 0 4611888246645745926 1 2 2 1 1 1
4610357114263741928 4608729035976849729 13822687964142469642 13834182024089846858 0 13835325578107228774 4610357114263741928 4608729035976849729 13835325578107228774 4610357114263741928 4608729035976849729 13822687964142469640 4610357114263741928 4608729035976849729 4616990738362027559 1 2 2 1 1 1
4602683052556296640 13820760819818722279 4601307202870134954 13831153542491624549 1 0 0 0 0 0 0 4607781505636848741 0 0 4599121564222315276 1 2 2 1 1 1
4598590019085355748 13828196064645127363 13833182855476518440 13833159535837647915 0 13837674795284453674 4598590019085355748 13828196064645127363 13837674795284453674 4598590019085355748 13828196064645127363 13833182855476518441 4598590019085355748 13828196064645127363 4603754569157856629 1 2 2 1 1 1
13826108880405021761 4608651384912074607 13832912567441282172 4607281479977421049 1 0 0 0 0 0 0 13830653516832196857 0 0 4611720304967124235 1 2 2 1 1 1
13831377272313913060 13831074837584536622 4610724977288504804 4603983710143079749 0 4612657620507397187 13831377272313913060 13831074837584536622 4612657620507397187 13831377272313913060 13831074837584536622 4610724977288504804 13831377272313913060 13831074837584536622 4613134446686487406 1 2 2 1 1 1
4604903777532553032 13797209371668177836 13832740052553956118 13834396476496902986 1 0 0 0 0 0 0 4611024439642127178 0 0 4603201936977518674 1 2 2 1 1 1
4610120450103323608 13830196833815582980 4605600610495696814 13834091357622148635 0 13830202868639083656 4610120450103323608 13830196833815582980 13830202868639083656 4610120450103323608 13830196833815582980 4605600610495696814 4610120450103323608 13830196833815582980 4615407136182196526 1 2 2 1 1 1
4611683784641972728 13830962815047405408 13822361867500650999 4610324571252834548 1 0 0 0 0 0 0 13833696608107610356 0 0 4617526721044372765 1 2 2 1 1 1
13827633529022871769 4570359835325131626 4610579132718172038 4610051734180209189 0 4614819033076561110 13827633529022871769 4570359835325131626 4614819033076561110 13827633529022871769 4570359835325131626 4610579132718172039 13827633529022871769 4570359835325131626 4601896983374805243 1 2 2 1 1 1
4607539680351257455 4611361110735870887 13834021407712736316 13819501036902157184 1 0 0 0 0 0 0 4596129000047381376 0 0 4617182186291912424 1 2 2 1 1 1
13830840118979157327 13834364401860356853 4609449206593262545 4608429483551234808 0 4613442944699619172 13830840118979157327 13834364401860356853 4613442944699619172 13830840118979157327 13834364401860356853 4609449206593262544 13830840118979157327 13834364401860356853 4616795935579975708 1 2 2 1 1 1
4605683728930419564 4596286085602384059 4607736046302210063 13831597408263698930 1 0 0 0 0 0 0 4608225371408923122 0 0 4604785974993694538 1 2 2 1 1 1
4609529424709825268 4607540031632028390 13827609822074433291 4609760639514694470 0 4606276294554990465 4609529424709825268 4607540031632028390 4606276294554990465 4609529424709825268 4607540031632028390 13827609822074433291 4609529424709825268 4607540031632028390 4615016394801394712 1 2 2 1 1 1
13834971424039731613 13833072976652809854 13829422647025239482 13831148984848801650 1 0 0 0 0 0 0 4607776947994025842 0 0 4618840668174470814 1 2 2 1 1 1
13832199062152317864 13832250898584028899 4604768939759709559 4607575339853106974 0 4610872199960323546 13832199062152317864 13832250898584028899 4610872199960323546 13832199062152317864 13832250898584028899 4604768939759709560 13832199062152317864 13832250898584028899 4615646866415939302 1 2 2 1 1 1
13832883294043704264 4594341971715240764 4591675624563055316 13835039689602883295 1 0 0 0 0 0 0 4611667652748107487 0 0 4612411623308850337 1 2 2 1 1 1
13830358585099799618 4604420415191746611 4607899121644717149 13832297402753781126 0 13820750011179616584 13830358585099799618 4604420415191746611 13820750011179616584 13830358585099799618 4604420415191746611 4607899121644717149 13830358585099799618 4604420415191746611 4609153749881895250 1 2 2 1 1 1
4589082704099194517 13819631100859395644 4594949705463356648 13824683527151756018 1 0 0 0 0 0 0 4601311490296980210 0 0 4586295680411008354 1 2 2 1 1 1
13833591476077909019 13833616498077438690 13822352283840643955 13830202202106338805 0 13831705485647556567 13833591476077909019 13833616498077438690 13831705485647556567 13833591476077909019 13833616498077438690 13822352283840643954 13833591476077909019 13833616498077438690 4618019834697451470 1 2 2 1 1 1
13832650340849378897 13832280009852020222 4608233793140226305 13831820534603637374 1 0 0 0 0 0 0 4608448497748861566 0 0 4616257670222610448 1 2 2 1 1 1
13831676104163587602 13833611976463412810 13826272703345066991 4605054504004881868 0 4597783370348898164 13831676104163587602 13833611976463412810 4597783370348898164 13831676104163587602 13833611976463412810 13826272703345066991 13831676104163587602 13833611976463412810 4616616183528055889 1 2 2 1 1 1
4610632013984996623 13833354460636719765 4603117397718758760 4610975107211808962 1 0 0 0 0 0 0 13834347144066584770 0 0 4618158393730441206 1 2 2 1 1 1
13830725511375840002 4607293756790005261 4607214187191788879 4607388710684548741 0 4611805048565539306 13830725511375840002 4607293756790005261 4611805048565539306 13830725511375840002 4607293756790005261 4607214187191788879 13830725511375840002 4607293756790005261 4611973036906515182 1 2 2 1 1 1
4611625913386761017 4607701909017034595 4596384876563810059 13832067899316770326 1 0 0 0 0 0 0 4608695862461994518 0 0 4617530339369084015 1 2 2 1 1 1
4589877787591809014 4611454515392142551 13823762883301530432 4607726318527014943 0 4604910604989588126 4589877787591809014 4611454515392142551 4604910604989588126 4589877787591809014 4611454515392142551 13823762883301530432 4589877787591809014 4611454515392142551 4615744349172069801 1 2 2 1 1 1
4604764778433653869 4605305732806495103 4609450206392379821 13828646820924631621 1 0 0 0 0 0 0 4605274784069855813 0 0 4607911661427257418 1 2 2 1 1 1
4611374234225185045 4600586086497800390 4585359632330442857 4605384743958357691 0 4605709669664273218 4611374234225185045 4600586086497800390 4605709669664273218 4611374234225185045 4600586086497800390 4585359632330442864 4611374234225185045 4600586086497800390 4615908589523932046 1 2 2 1 1 1
13830838749884870606 13831701216235109820 13828554136844300336 4592057529811456334 1 0 0 0 0 0 0 13815429566666232142 0 0 4613272047386609419 1 2 2 1 1 1
4607499598314573857 4611271633218474290 4602632414082086486 4605841625133355173 0 4608752220507731432 4607499598314573857 4611271633218474290 4608752220507731432 4607499598314573857 4611271633218474290 4602632414082086486 4607499598314573857 4611271633218474290 4617074839192639070 1 2 2 1 1 1
13834855906709289560 13827053807664438129 13831013057204848354 4607798565272237220 1 0 0 0 0 0 0 13831170602127013028 0 0 4616410541656530046 1 2 2 1 1 1
4609060627010213764 13832671372659638718 13833565166048885921 13828535167682669852 0 13836058588486179224 4609060627010213764 13832671372659638718 13836058588486179224 4609060627010213764 13832671372659638718 13833565166048885922 4609060627010213764 13832671372659638718 4616379969863433376 1 2 2 1 1 1
4590928387312882003 4604442302685935632 13834451303318766595 13824447070156920558 1 0 0 0 0 0 0 4601075033302144750 0 0 4602528848993334323 1 2 2 1 1 1
13833814791569031813 4602448595159695732 4590995400875337276 13827459041558908927 0 13826667669032387384 13833814791569031813 4602448595159695732 13826667669032387384 13833814791569031813 4602448595159695732 4590995400875337272 13833814791569031813 4602448595159695732 4614409238053481302 1 2 2 1 1 1
13826251716570803444 13831733182785264896 13823454620914236176 4598486112034753056 1 0 0 0 0 0 0 13821858148889528864 0 0 4611076951086410802 1 2 2 1 1 1
13831017479739682431 13832842626539069108 13808456409175993780 13833520670484567501 0 13833674531462236987 13831017479739682431 13832842626539069108 13833674531462236987 13831017479739682431 13832842626539069108 13808456409175993792 13831017479739682431 13832842626539069108 4615042297967760505 1 2 2 1 1 1
4604282857244728207 13833696716194001413 13832501109572126349 4604183597908940961 1 0 0 0 0 0 0 13827555634763716769 0 0 4614708064157328331 1 2 2 1 1 1
4604326614218707739 13830652237809902684 4607315680312991301 4590689011985488007 0 4607692217270636493 4604326614218707739 13830652237809902684 4607692217270636493 4604326614218707739 13830652237809902684 4607315680312991301 4604326614218707739 13830652237809902684 4609480629046919348 1 2 2 1 1 1
4610833063679561696 4596094988862995474 13833404432578185068 4601067359168379711 1 0 0 0 0 0 0 13824439396023155519 0 0 4614647717866840777 1 2 2 1 1 1
13832665887275292580 4608543154405829639 4610763041712555340 13834512246028924172 0 13814071136903429120 13832665887275292580 4608543154405829639 13814071136903429120 13832665887275292580 4608543154405829639 4610763041712555340 13832665887275292580 4608543154405829639 4615858708057891744 1 2 2 1 1 1
4594054606030217507 4608451362038224574 13825114791852073017 13827302208205485377 1 0 0 0 0 0 0 4603930171350709569 0 0 4610160691214099603 1 2 2 1 1 1
4585881617541653607 4610262232426792486 13831576241345450289 4602787391952463560 0 13827985854628920218 4585881617541653607 4610262232426792486 13827985854628920218 4585881617541653607 4610262232426792486 13831576241345450289 4585881617541653607 4610262232426792486 4613570655078286442 1 2 2 1 1 1
4607961073161191257 13834269970383370149 4593655767247217576 13827034514243634474 1 0 0 0 0 0 0 4603662477388858666 0 0 4616984893543611736 1 2 2 1 1 1
4606677979612954893 13831840440513990352 13833631918402562807 13834552364094404788 0 13838595740875854294 4606677979612954893 13831840440513990352 13838595740875854294 4606677979612954893 13831840440513990352 13833631918402562808 4606677979612954893 13831840440513990352 4612910450262413997 1 2 2 1 1 1
13807861213449240495 13832688765561399623 13831492303255595358 13835048021262193931 1 0 0 0 0 0 0 4611675984407418123 0 0 4612076380345810849 1 2 2 1 1 1
13834565667727704041 4609250066424939476 4591113142983995251 13833994323064577310 0 13833591277919525415 13834565667727704041 4609250066424939476 13833591277919525415 13834565667727704041 4609250066424939476 4591113142983995248 13834565667727704041 4609250066424939476 4618107732073897926 1 2 2 1 1 1
13825552541735853429 4604157675189485817 4609617497104138126 13829707256507290788 1 0 0 0 0 0 0 4606335219652514980 0 0 4604158217682648579 1 2 2 1 1 1
13826822232571598739 4609780608475442230 13823154789265444358 4608211788552446973 0 4606185592058495223 13826822232571598739 4609780608475442230 4606185592058495223 13826822232571598739 4609780608475442230 13823154789265444358 13826822232571598739 4609780608475442230 4613554183549607621 1 2 2 1 1 1
13833254994135349660 13828198748790505276 4611155782621659811 13823314468893832407 1 0 0 0 0 0 0 4599942432039056599 0 0 4614172404460655414 1 2 2 1 1 1
13827065030634709537 4600818832526542897 13818085969870440356 13834197327321380663 0 13834890566412021804 13827065030634709537 4600818832526542897 13834890566412021804 13827065030634709537 4600818832526542897 13818085969870440360 13827065030634709537 4600818832526542897 4602973214271568908 1 2 2 1 1 1
4590269204442623039 13809288818502319924 13823108384174883933 4599637700473870201 1 0 0 0 0 0 0 13823009737328646009 0 0 4575464387359290176 1 2 2 1 1 1
13834229879339487297 4593722204348920545 4610690407657765108 4605764757694915214 0 4613085597579986206 13834229879339487297 4593722204348920545 4613085597579986206 13834229879339487297 4593722204348920545 4610690407657765109 13834229879339487297 4593722204348920545 4614645392827238153 1 2 2 1 1 1
4604727704801521355 13831697181009843696 13831732191993346874 13830046719832803466 1 0 0 0 0 0 0 4606674682978027658 0 0 4611913606637680435 1 2 2 1 1 1
4608140010181585942 13819479491681539844 13833768782795238596 13831977458029053472 0 13837376720039516530 4608140010181585942 13819479491681539844 13837376720039516530 4608140010181585942 13819479491681539844 13833768782795238596 4608140010181585942 13819479491681539844 4609468286129328870 1 2 2 1 1 1
13832214302333456886 13827781139004258465 4603559561130173996 13829876069435723143 1 0 0 0 0 0 0 4606504032580947335 0 0 4612478559375903252 1 2 2 1 1 1
4606500357643651401 13831927522116385188 4602418835373358068 4594270994985113405 0 4603824570946646985 4606500357643651401 13831927522116385188 4603824570946646985 4606500357643651401 13831927522116385188 4602418835373358068 4606500357643651401 13831927522116385188 4612940278035019580 1 2 2 1 1 1
13826241790637224720 13827732013739523107 13826183604130039093 13830784130228589857 1 0 0 0 0 0 0 4607412093373814049 0 0 4604868740288740571 1 2 2 1 1 1
13834327697523393784 13821645578987116977 13828853085787565190 4591467378116285704 0 13828002716105925093 13834327697523393784 13821645578987116977 13828002716105925093 13834327697523393784 13821645578987116977 13828853085787565190 13834327697523393784 13821645578987116977 4614935074057078062 1 2 2 1 1 1
4609212542432844225 13826689574540974913 13828103128363216946 13833486055817831531 1 0 0 0 0 0 0 4610114018963055723 0 0 4612655862565626290 1 2 2 1 1 1
4604197577082184319 13826708219443432227 4604549146083495370 4609915094967514768 0 4612394038332006074 4604197577082184319 13826708219443432227 4612394038332006074 4604197577082184319 13826708219443432227 4604549146083495368 4604197577082184319 13826708219443432227 4605159003078695592 1 2 2 1 1 1
13829239296477209974 13831027675889238798 4594372668250300921 13831573341027290262 1 0 0 0 0 0 0 4608201304172514454 0 0 4611463038318969072 1 2 2 1 1 1
4604612538751850237 13832665581030517919 4607507776851497162 13830763963109458491 0 4583071659604550592 4604612538751850237 13832665581030517919 4583071659604550592 4604612538751850237 13832665581030517919 4607507776851497162 4604612538751850237 13832665581030517919 4613190319255857820 1 2 2 1 1 1
4599524786224012768 13834471164193123298 4609222549431216243 13832250907591228153 1 0 0 0 0 0 0 4608878870736452345 0 0 4615291799949196644 1 2 2 1 1 1
4603662387316866119 13831497023028004842 4602908304595259203 13828257565801638735 0 13820448954551726128 4603662387316866119 13831497023028004842 13820448954551726128 4603662387316866119 13831497023028004842 4602908304595259203 4603662387316866119 13831497023028004842 4610936211173173320 1 2 2 1 1 1
13825644667369830920 13829088966321648347 13831428451220078499 4598739214333811278 1 0 0 0 0 0 0 13822111251188587086 0 0 4606543163035024044 1 2 2 1 1 1
13832627633700057695 4600128340631674453 4599393641402863739 4607723147992877274 0 4609153653364116729 13832627633700057695 4600128340631674453 4609153653364116729 13832627633700057695 4600128340631674453 4599393641402863740 13832627633700057695 4600128340631674453 4612273855206246230 1 2 2 1 1 1
4608617364720489450 13822389933933528772 4609181089293046670 13830903637748301760 1 0 0 0 0 0 0 4607531600893525952 0 0 4610906180340844601 1 2 2 1 1 1
13829056036001173014 4604427837123932518 13823901089766895178 13824843891327287427 0 13828876090174461798 13829056036001173014 4604427837123932518 13828876090174461798 13829056036001173014 4604427837123932518 13823901089766895177 13829056036001173014 4604427837123932518 4607978857230141428 1 2 2 1 1 1
4597166701459121577 13829380493332727294 4588674858116939845 4606512427290652754 1 0 0 0 0 0 0 13829884464145428562 0 0 4605431446511313217 1 2 2 1 1 1
13822549145187555574 4607336450914472734 4602621497356589740 13832153503738487384 0 13829277613102839642 13822549145187555574 4607336450914472734 13829277613102839642 13822549145187555574 4607336450914472734 4602621497356589740 13822549145187555574 4607336450914472734 4607916392572156682 1 2 2 1 1 1
4602751489256234162 13830573100557250530 4608415963745153442 4602842299839120461 1 0 0 0 0 0 0 13826214336693896269 0 0 4608382313894581649 1 2 2 1 1 1
13824909535795455979 13834677447070455377 4608817027306369294 4598895615341670601 0 4610123026162310464 13824909535795455979 13834677447070455377 4610123026162310464 13824909535795455979 13834677447070455377 4608817027306369294 13824909535795455979 13834677447070455377 4615873808221938207 1 2 2 1 1 1
4611356607136243516 13825880692019102153 13830365466600030241 13834091988126096467 1 0 0 0 0 0 0 4610719951271320659 0 0 4616084723075743423 1 2 2 1 1 1
13830631755438797403 13817034289285456797 4611060918799108879 13834188176006937846 0 4587993769738093344 13830631755438797403 13817034289285456797 4587993769738093344 13830631755438797403 13817034289285456797 4611060918799108879 13830631755438797403 13817034289285456797 4607408567594819038 1 2 2 1 1 1
13834599210537728696 4603464877451608158 4611329630574475567 4595992090618709313 1 0 0 0 0 0 0 13819364127473485121 0 0 4616071917384522238 1 2 2 1 1 1
4599789129507740907 4605000532866947460 13828221789206198903 13831793107681906688 0 13835094214683571870 4599789129507740907 4605000532866947460 13835094214683571870 4599789129507740907 4605000532866947460 13828221789206198904 4599789129507740907 4605000532866947460 4604385905159338542 1 2 2 1 1 1
13826108754304232195 13833316008903101276 13834736714441551572 4608561430013117509 1 0 0 0 0 0 0 13831933466867893317 0 0 4613619965083776991 1 2 2 1 1 1
4609875130024421482 4607814048647756120 4602684187463402738 4609480830869845941 0 4611710666628148503 4609875130024421482 4607814048647756120 4611710666628148503 4609875130024421482 4607814048647756120 4602684187463402738 4609875130024421482 4607814048647756120 4615859641255850189 1 2 2 1 1 1
13822443148466725782 13828125916577331440 13827222512506479428 4606815771747153921 1 0 0 0 0 0 0 13830187808601929729 0 0 4603789328430456861 1 2 2 1 1 1
4605435724706139525 13830257254108183782 13834335560808343173 13832821639764805562 0 13838082199913944864 4605435724706139525 13830257254108183782 13838082199913944864 4605435724706139525 13830257254108183782 13834335560808343174 4605435724706139525 13830257254108183782 4609816387224053043 1 2 2 1 1 1
13825740467941104345 13816502071895892662 4606604931226998944 4608495812566546720 1 0 0 0 0 0 0 13831867849421322528 0 0 4598062426465883849 1 2 2 1 1 1
4585341473816745299 4611576752093228641 4576120407622899737 13830752028570445960 0 13830713225556056536 4585341473816745299 4611576752093228641 13830713225556056536 4585341473816745299 4611576752093228641 4576120407622899712 4585341473816745299 4611576752093228641 4615975320804248460 1 2 2 1 1 1
13830623234628302418 4594280362472338335 13831854347629639672 13826192395156511720 1 0 0 0 0 0 0 4602820358301735912 0 0 4607411704752797883 1 2 2 1 1 1
4594507415951151846 4608392139703124652 4604961063319813185 4608251897610728334 0 4611644819497996718 4594507415951151846 4608392139703124652 4611644819497996718 4594507415951151846 4608392139703124652 4604961063319813184 4594507415951151846 4608392139703124652 4610025717127221343 1 2 2 1 1 1
4608255563540825014 13834551742597656211 13810310883416153893 13833441587275110875 1 0 0 0 0 0 0 4610069550420335067 0 0 4617423936913735114 1 2 2 1 1 1
4610408248133911092 4610708602200259685 4608157258968158771 13834205172591931542 0 13826899009938046150 4610408248133911092 4610708602200259685 13826899009938046150 4610408248133911092 4610708602200259685 4608157258968158771 4610408248133911092 4610708602200259685 4618581696208268732 1 2 2 1 1 1
13808337370030643123 13816373377032940922 13814124027177452964 13822522231676182408 1 0 0 0 0 0 0 4599150194821406600 0 0 4579510832396328371 1 2 2 1 1 1
13818153487836053894 13831506930947185057 13824187518703195942 13820928714012830651 0 13827216351582189186 13818153487836053894 13831506930947185057 13827216351582189186 13818153487836053894 13831506930947185057 13824187518703195942 13818153487836053894 13831506930947185057 4609398134658757184 1 2 2 1 1 1
4606456186338506151 4609652075742077076 4598489246540093706 4603787587386507019 1 0 0 0 0 0 0 13827159624241282827 0 0 4614484345634391140 1 2 2 1 1 1
4609185475799083729 13833076570525312496 4593754918496613765 13833686799267621943 0 13833113436991862150 4609185475799083729 13833076570525312496 13833113436991862150 4609185475799083729 13833076570525312496 4593754918496613768 4609185475799083729 13833076570525312496 4616776238043210622 1 2 2 1 1 1
13827566623546807553 13833461718365445221 4607495680182898045 4603089673559452668 1 0 0 0 0 0 0 13826461710414228476 0 0 4614285523105310078 1 2 2 1 1 1
13822253817138391126 13827016409773132445 4603215414061048852 4602900702519088202 0 4607561657917439023 13822253817138391126 13827016409773132445 4607561657917439023 13822253817138391126 13827016409773132445 4603215414061048852 13822253817138391126 13827016409773132445 4601820230898852252 1 2 2 1 1 1
13835042202611475368 13831427766672935138 4609130378761242478 4604515116884710958 1 0 0 0 0 0 0 13827887153739486766 0 0 4617778671558526840 1 2 2 1 1 1
4610261845117224532 13832327910137656934 13821622124240257631 13834665143236273400 0 13835433907692665544 4610261845117224532 13832327910137656934 13835433907692665544 4610261845117224532 13832327910137656934 13821622124240257632 4610261845117224532 13832327910137656934 4617065253861084995 1 2 2 1 1 1
4596466229587478879 4609723673968953013 13820203454328838906 13832288404561725640 1 0 0 0 0 0 0 4608916367706949832 0 0 4612784851417508868 1 2 2 1 1 1
4607588643486406227 4606300487892188699 4608416639285097547 4583395054086592789 0 4608537542920693935 4607588643486406227 4606300487892188699 4608537542920693935 4607588643486406227 4606300487892188699 4608416639285097547 4607588643486406227 4606300487892188699 4611691186738945789 1 2 2 1 1 1
4602796831497282528 4609263261971847672 13829753301309881024 13833046081155835198 1 0 0 0 0 0 0 4609674044301059390 0 0 4612588617759038708 1 2 2 1 1 1
4580990636288735210 4610975773744553813 4611492931096964021 4593309026104707067 0 4611859618682224154 4580990636288735210 4610975773744553813 4611859618682224154 4580990636288735210 4610975773744553813 4611492931096964020 4580990636288735210 4610975773744553813 4614825904624854370 1 2 2 1 1 1
4609254308815788459 13824261053477911647 13814278230428694130 13831203910749857060 1 0 0 0 0 0 0 4607831873895081252 0 0 4612344149842286902 1 2 2 1 1 1
13832452515732147021 13831735083304307646 4611572293529597544 13831008571619619493 0 4606046737074784134 13832452515732147021 13831735083304307646 4606046737074784134 13832452515732147021 13831735083304307646 4611572293529597544 13832452515732147021 13831735083304307646 4615319430609964428 1 2 2 1 1 1
4609446567483880906 13834936656250608313 13834933305572485549 13818074368597800249 1 0 0 0 0 0 0 4594702331743024441 0 0 4618611582039456752 1 2 2 1 1 1
13830832688039772165 4610991338184866005 13828059011101267224 4597657053386549676 0 13825822649627104602 13830832688039772165 4610991338184866005 13825822649627104602 13830832688039772165 4610991338184866005 13828059011101267224 13830832688039772165 4610991338184866005 4616791039817606850 1 2 2 1 1 1
13831152966030872245 13826677396807582503 13831621142233735173 13805731767430231649 1 0 0 0 0 0 0 4582359730575455841 0 0 4609919940572371338 1 2 2 1 1 1
4608165212325100707 13834212252250545769 4607504390144577380 13818140445411533029 0 4606426264422581903 4608165212325100707 13834212252250545769 4606426264422581903 4608165212325100707 13834212252250545769 4607504390144577380 4608165212325100707 13834212252250545769 4617054440697118185 1 2 2 1 1 1
4611282748102354640 13828395321907040743 4608742105422968358 13817847819522145004 1 0 0 0 0 0 0 4594475782667369196 0 0 4616446188092743491 1 2 2 1 1 1
13821174718638876137 13828298944875015015 4604861479724852768 13821636679874253293 0 4602451117175487059 13821174718638876137 13828298944875015015 4602451117175487059 13821174718638876137 13828298944875015015 4604861479724852768 13821174718638876137 13828298944875015015 4603753549949233766 1 2 2 1 1 1
13833274629829724996 4602201797900115829 13828697693586022398 13833696950381182036 1 0 0 0 0 0 0 4610324913526406228 0 0 4613480786624230838 1 2 2 1 1 1
4602895712530701075 13830288743276778357 13833025283532756001 4589559437141349449 0 13832719345002869468 4602895712530701075 13830288743276778357 13832719345002869468 4602895712530701075 13830288743276778357 13833025283532756001 4602895712530701075 13830288743276778357 4608157583661478946 1 2 2 1 1 1
4610399403064242936 4587047221182811129 13820185656103111538 13809085904317509118 1 0 0 0 0 0 0 4585713867462733310 0 0 4613805312885295947 1 2 2 1 1 1
4610445456874032427 4609774294428764657 4609469472791585712 13824961165061584155 0 4607490095719360105 4610445456874032427 4609774294428764657 4607490095719360105 4610445456874032427 4609774294428764657 4609469472791585712 4610445456874032427 4609774294428764657 4617829239375703893 1 2 2 1 1 1
4604164034272159664 4604307230725911536 4598644782856824573 4601433952178047669 1 0 0 0 0 0 0 13824805989032823477 0 0 4606331746438327856 1 2 2 1 1 1
13823506862669913674 4605763028312658304 4605926995367891609 13834121495710854998 0 13829936759944301587 13823506862669913674 4605763028312658304 13829936759944301587 13823506862669913674 4605763028312658304 4605926995367891609 13823506862669913674 4605763028312658304 4605726745561763636 1 2 2 1 1 1
4604172879341827819 4611134273429839490 13834357160072156042 13833617191631781305 1 0 0 0 0 0 0 4610245154777005497 0 0 4616118347181073615 1 2 2 1 1 1
4609064698264276907 13833295238301619843 13830076839907111320 13832957063005600592 0 13836139955020646926 4609064698264276907 13833295238301619843 13836139955020646926 4609064698264276907 13833295238301619843 13830076839907111320 4609064698264276907 13833295238301619843 4616863017607156820 1 2 2 1 1 1
4600558776669660015 4602888290598515169 4610073018192048142 13823217010997896109 1 0 0 0 0 0 0 4599844974143120301 0 0 4601236961778363029 1 2 2 1 1 1
4608927779828405589 4602100701095680616 13832781062332162953 13820552789544734781 0 13833782653882090897 4608927779828405589 4602100701095680616 13833782653882090897 4608927779828405589 4602100701095680616 13832781062332162953 4608927779828405589 4602100701095680616 4612010789544472004 1 2 2 1 1 1
4601929672396231594 4605427888442787901 13820904790891610059 4608466097816205330 1 0 0 0 0 0 0 13831838134670981138 0 0 4605907929997303437 1 2 2 1 1 1
