0 0 8 8 1 1 0 0 0 0 0 0 0 0 0 0 0 0 0 0 0 0
255 0 8 8 1 1 65535 65535 65535 65535 65535 65535 65535 65535 65535 65535 65535 65535 65535 65535 65535 65535
0 1 8 8 1 1 1 16449 32897 49345 1 16449 32897 49345 15935 32383 48831 65279 15935 32383 48831 65279
255 255 8 8 1 1 65534 49086 32638 16190 65534 49086 32638 16190 49600 33152 16704 256 49600 33152 16704 256
122 103 8 8 1 1 31457 15009 64097 47649 31457 15009 64097 47649 27859 11411 60499 44051 27859 11411 60499 44051
120 121 8 8 1 1 30961 47153 63601 14513 30961 47153 63601 14513 50751 1663 18111 34559 50751 1663 18111 34559
133 110 8 8 1 1 34291 1395 34291 1395 34291 1395 34291 1395 10647 43287 10647 43287 10647 43287 10647 43287
157 40 8 8 1 1 40389 40389 40389 40389 40389 40389 40389 40389 19829 19829 19829 19829 19829 19829 19829 19829
172 157 8 8 1 1 44105 60553 11465 27657 44105 60553 11465 27657 45647 62095 13007 29199 45647 62095 13007 29199
178 209 8 8 1 1 45699 62147 12803 29251 45699 62147 12803 29251 20513 36961 53409 4321 20513 36961 53409 4321
168 253 8 8 1 1 43173 59621 10277 26725 43173 59621 10277 26725 61163 11819 28267 44715 61163 11819 28267 44715
161 141 8 8 1 1 41262 57710 8622 25070 41262 57710 8622 25070 51028 1940 18388 34580 51028 1940 18388 34580
66 95 8 8 1 1 17057 609 49697 33505 17057 609 49697 33505 17571 1123 50211 34019 17571 1123 50211 34019
61 230 8 8 1 1 15651 48547 15651 48547 15651 48547 15651 48547 61911 29015 61911 29015 61911 29015 61911 29015
108 198 8 8 1 1 27698 60594 27698 60594 27698 60594 27698 60594 24614 57510 24614 57510 24614 57510 24614 57510
57 108 8 8 1 1 14757 14757 14757 14757 14757 14757 14757 14757 25037 25037 25037 25037 25037 25037 25037 25037
9 164 8 8 1 1 2477 2477 2477 2477 2477 2477 2477 2477 49509 49509 49509 49509 49509 49509 49509 49509
217 24 8 8 1 1 55793 55793 55793 55793 55793 55793 55793 55793 43457 43457 43457 43457 43457 43457 43457 43457
172 253 8 8 1 1 44201 60649 11305 27753 44201 60649 11305 27753 62191 12847 29295 45743 62191 12847 29295 45743
219 84 8 8 1 1 56111 56111 56111 56111 56111 56111 56111 56111 13191 13191 13191 13191 13191 13191 13191 13191
205 2 8 8 1 1 52687 19791 52687 19791 52687 19791 52687 19791 18763 51659 18763 51659 18763 51659 18763 51659
207 251 8 8 1 1 53194 36746 20298 3850 53194 36746 20298 3850 39316 22868 6420 55764 39316 22868 6420 55764
199 90 8 8 1 1 50977 18337 50977 18337 50977 18337 50977 18337 37869 4973 37869 4973 37869 4973 37869 4973
197 247 8 8 1 1 50620 34172 17724 1532 50620 34172 17724 1532 38798 22350 5902 55246 38798 22350 5902 55246
226 208 8 8 1 1 58034 58034 58034 58034 58034 58034 58034 58034 16914 16914 16914 16914 16914 16914 16914 16914
104 154 8 8 1 1 26626 59522 26626 59522 26626 59522 26626 59522 46158 13518 46158 13518 46158 13518 46158 13518
155 70 8 8 1 1 39905 7009 39905 7009 39905 7009 39905 7009 36821 3925 36821 3925 36821 3925 36821 3925
243 128 8 8 1 1 62323 62323 62323 62323 62323 62323 62323 62323 62323 62323 62323 62323 62323 62323 62323 62323
18 114 8 8 1 1 4740 37380 4740 37380 4740 37380 4740 37380 44576 11936 44576 11936 44576 11936 44576 11936
119 237 8 8 1 1 30564 47012 63460 14116 30564 47012 63460 14116 56778 7434 23882 40330 56778 7434 23882 40330
227 180 8 8 1 1 58263 58263 58263 58263 58263 58263 58263 58263 31535 31535 31535 31535 31535 31535 31535 31535
2 188 8 8 1 1 702 702 702 702 702 702 702 702 35398 35398 35398 35398 35398 35398 35398 35398
245 105 8 8 1 1 62814 13726 30174 46366 62814 13726 30174 46366 25548 41740 58188 9100 25548 41740 58188 9100
30 77 8 8 1 1 7787 24235 40683 56875 7787 24235 40683 56875 50193 1105 17553 34001 50193 1105 17553 34001
50 158 8 8 1 1 13008 45648 13008 45648 13008 45648 13008 45648 30228 63124 30228 63124 30228 63124 30228 63124
124 45 8 8 1 1 31913 48361 64553 15465 31913 48361 64553 15465 25231 41679 57871 8783 25231 41679 57871 8783
15 69 8 8 1 1 3924 20372 36820 53012 3924 20372 36820 53012 50442 1354 17802 34250 50442 1354 17802 34250
88 10 8 8 1 1 22626 55522 22626 55522 22626 55522 22626 55522 50382 17486 50382 17486 50382 17486 50382 17486
40 174 8 8 1 1 10454 43094 10454 43094 10454 43094 10454 43094 19706 52346 19706 52346 19706 52346 19706 52346
4 199 8 8 1 1 1227 50315 33867 17419 1227 50315 33867 17419 14077 63165 46717 30269 14077 63165 46717 30269
12 88 8 8 1 1 3172 3172 3172 3172 3172 3172 3172 3172 23732 23732 23732 23732 23732 23732 23732 23732
213 6 8 8 1 1 54747 21851 54747 21851 54747 21851 54747 21851 18767 51663 18767 51663 18767 51663 18767 51663
158 24 8 8 1 1 40630 40630 40630 40630 40630 40630 40630 40630 28294 28294 28294 28294 28294 28294 28294 28294
70 75 8 8 1 1 18065 1617 50705 34513 18065 1617 50705 34513 28859 12411 61499 45307 28859 12411 61499 45307
55 100 8 8 1 1 14235 14235 14235 14235 14235 14235 14235 14235 28627 28627 28627 28627 28627 28627 28627 28627
32 214 8 8 1 1 8438 41078 8438 41078 8438 41078 8438 41078 62666 29770 62666 29770 62666 29770 62666 29770
69 230 8 8 1 1 17707 50603 17707 50603 17707 50603 17707 50603 63967 31071 63967 31071 63967 31071 63967 31071
162 47 8 8 1 1 41681 25233 8785 57873 41681 25233 8785 57873 1075 50419 33971 17523 1075 50419 33971 17523
146 249 8 8 1 1 37515 53963 4619 21067 37515 53963 4619 21067 57561 8217 24665 41113 57561 8217 24665 41113
252 151 8 8 1 1 64659 48211 31763 15571 64659 48211 31763 15571 36389 20197 3749 52837 36389 20197 3749 52837
27 172 8 8 1 1 7111 7111 7111 7111 7111 7111 7111 7111 50031 50031 50031 50031 50031 50031 50031 50031
81 173 8 8 1 1 20990 37182 53630 4542 20990 37182 53630 4542 14308 30500 46948 63396 14308 30500 46948 63396
125 80 8 8 1 1 32205 32205 32205 32205 32205 32205 32205 32205 56621 56621 56621 56621 56621 56621 56621 56621
175 178 8 8 1 1 44897 12257 44897 12257 44897 12257 44897 12257 52093 19453 52093 19453 52093 19453 52093 19453
160 109 8 8 1 1 40973 57421 8333 24781 40973 57421 8333 24781 1651 18099 34547 50739 1651 18099 34547 50739
239 15 8 8 1 1 61438 44990 28542 12094 61438 44990 28542 12094 37280 20832 4384 53728 37280 20832 4384 53728
252 14 8 8 1 1 64522 31882 64522 31882 64522 31882 64522 31882 24686 57582 24686 57582 24686 57582 24686 57582
94 122 8 8 1 1 24280 56920 24280 56920 24280 56920 24280 56920 60004 27364 60004 27364 60004 27364 60004 27364
77 85 8 8 1 1 19874 36322 52514 3426 19874 36322 52514 3426 58168 9080 25528 41976 58168 9080 25528 41976
94 112 8 8 1 1 24270 24270 24270 24270 24270 24270 24270 24270 32494 32494 32494 32494 32494 32494 32494 32494
188 49 8 8 1 1 48365 64557 15469 31917 48365 64557 15469 31917 39627 55819 6731 23179 39627 55819 6731 23179
91 158 8 8 1 1 23545 56185 23545 56185 23545 56185 23545 56185 40765 8125 40765 8125 40765 8125 40765 8125
71 197 8 8 1 1 18188 34636 51084 1996 18188 34636 51084 1996 64962 15618 32066 48514 64962 15618 32066 48514
205 206 8 8 1 1 52635 19739 52635 19739 52635 19739 52635 19739 45439 12799 45439 12799 45439 12799 45439 12799
120 150 8 8 1 1 30734 63630 30734 63630 30734 63630 30734 63630 52322 19682 52322 19682 52322 19682 52322 19682
239 209 8 8 1 1 61376 12032 28480 44928 61376 12032 28480 44928 36190 52638 3550 19742 36190 52638 3550 19742
165 4 8 8 1 1 42409 42409 42409 42409 42409 42409 42409 42409 40353 40353 40353 40353 40353 40353 40353 40353
27 208 8 8 1 1 7147 7147 7147 7147 7147 7147 7147 7147 31563 31563 31563 31563 31563 31563 31563 31563
149 134 8 8 1 1 38171 5531 38171 5531 38171 5531 38171 5531 2447 35087 2447 35087 2447 35087 2447 35087
50 5 8 8 1 1 12855 29303 45751 62199 12855 29303 45751 62199 26733 43181 59629 10285 26733 43181 59629 10285
36 40 8 8 1 1 9292 9292 9292 9292 9292 9292 9292 9292 54524 54524 54524 54524 54524 54524 54524 54524
162 114 8 8 1 1 41492 8852 41492 8852 41492 8852 41492 8852 16048 48688 16048 48688 16048 48688 16048 48688
198 71 8 8 1 1 50701 34509 18061 1613 50701 34509 18061 1613 63551 47359 30911 14463 63551 47359 30911 14463
171 90 8 8 1 1 43781 11141 43781 11141 43781 11141 43781 11141 30673 63313 30673 63313 30673 63313 30673 63313
70 171 8 8 1 1 18161 1713 50801 34353 18161 1713 50801 34353 45147 28699 12507 61595 45147 28699 12507 61595
251 52 8 8 1 1 64303 64303 64303 64303 64303 64303 64303 64303 37831 37831 37831 37831 37831 37831 37831 37831
28 3 8 8 1 1 7199 56543 40095 23647 7199 56543 40095 23647 55001 38553 22105 5657 55001 38553 22105 5657
154 161 8 8 1 1 39483 55931 6843 23291 39483 55931 6843 23291 38969 55417 6329 22777 38969 55417 6329 22777
199 213 8 8 1 1 51100 2012 18204 34652 51100 2012 18204 34652 23858 40306 56754 7666 23858 40306 56754 7666
252 27 8 8 1 1 64535 48343 31895 15447 64535 48343 31895 15447 34465 18017 1569 50913 34465 18017 1569 50913
254 200 8 8 1 1 65222 65222 65222 65222 65222 65222 65222 65222 28214 28214 28214 28214 28214 28214 28214 28214
217 179 8 8 1 1 55692 39244 22796 6604 55692 39244 22796 6604 13286 62374 45926 29478 13286 62374 45926 29478
220 90 8 8 1 1 56374 23734 56374 23734 56374 23734 56374 23734 43010 10370 43010 10370 43010 10370 43010 10370
220 198 8 8 1 1 56482 23586 56482 23586 56482 23586 56482 23586 53398 20502 53398 20502 53398 20502 53398 20502
235 172 8 8 1 1 60311 60311 60311 60311 60311 60311 60311 60311 37695 37695 37695 37695 37695 37695 37695 37695
19 211 8 8 1 1 5094 54182 37734 21286 5094 54182 37734 21286 11520 60864 44416 27968 11520 60864 44416 27968
236 169 8 8 1 1 60565 11477 27669 44117 60565 11477 27669 44117 55939 6851 23043 39491 55939 6851 23043 39491
115 88 8 8 1 1 29643 29643 29643 29643 29643 29643 29643 29643 49947 49947 49947 49947 49947 49947 49947 49947
133 181 8 8 1 1 34106 50554 1466 17914 34106 50554 1466 17914 23312 39760 56208 7120 23312 39760 56208 7120
208 181 8 8 1 1 53381 4293 20485 36933 53381 4293 20485 36933 42587 59035 9947 26139 42587 59035 9947 26139
215 245 8 8 1 1 55244 5900 22348 38796 55244 5900 22348 38796 11554 28002 44450 60898 11554 28002 44450 60898
16 233 8 8 1 1 4345 20537 36985 53433 4345 20537 36985 53433 32359 48807 65255 15911 32359 48807 65255 15911
91 24 8 8 1 1 23411 23411 23411 23411 23411 23411 23411 23411 11075 11075 11075 11075 11075 11075 11075 11075
115 162 8 8 1 1 29461 62357 29461 62357 29461 62357 29461 62357 44881 12241 44881 12241 44881 12241 44881 12241
49 20 8 8 1 1 12613 12613 12613 12613 12613 12613 12613 12613 2333 2333 2333 2333 2333 2333 2333 2333
158 194 8 8 1 1 40544 7904 40544 7904 40544 7904 40544 7904 39516 6876 39516 6876 39516 6876 39516 6876
17 83 8 8 1 1 4452 53540 37348 20900 4452 53540 37348 20900 11134 60222 44030 27582 11134 60222 44030 27582
10 226 8 8 1 1 2796 35436 2796 35436 2796 35436 2796 35436 50856 17960 50856 17960 50856 17960 50856 17960
125 106 8 8 1 1 32231 64871 32231 64871 32231 64871 32231 64871 10643 43283 10643 43283 10643 43283 10643 43283
45 214 8 8 1 1 11523 44419 11523 44419 11523 44419 11523 44419 471 33111 471 33111 471 33111 471 33111
247 179 8 8 1 1 63402 46954 30506 14314 63402 46954 30506 14314 20740 4548 53636 37188 20740 4548 53636 37188
246 74 8 8 1 1 63040 30400 63040 30400 63040 30400 63040 30400 57900 25260 57900 25260 57900 25260 57900 25260
75 188 8 8 1 1 19207 19207 19207 19207 19207 19207 19207 19207 54159 54159 54159 54159 54159 54159 54159 54159
227 99 8 8 1 1 58182 41734 25542 9094 58182 41734 25542 9094 56640 40192 24000 7552 56640 40192 24000 7552
101 177 8 8 1 1 25878 42326 58774 9686 25878 42326 58774 9686 17396 33588 50036 948 17396 33588 50036 948
171 195 8 8 1 1 43886 27438 11246 60334 43886 27438 11246 60334 58792 42344 25896 9704 58792 42344 25896 9704
78 151 8 8 1 1 20197 3749 52837 36389 20197 3749 52837 36389 57463 41015 24823 8375 57463 41015 24823 8375
213 99 8 8 1 1 54584 38392 21944 5496 54584 38392 21944 5496 53042 36850 20402 3954 53042 36850 20402 3954
149 0 8 8 1 1 38293 38293 38293 38293 38293 38293 38293 38293 38293 38293 38293 38293 38293 38293 38293 38293
229 52 8 8 1 1 58649 58649 58649 58649 58649 58649 58649 58649 32177 32177 32177 32177 32177 32177 32177 32177
176 14 8 8 1 1 45246 12350 45246 12350 45246 12350 45246 12350 5154 38050 5154 38050 5154 38050 5154 38050
39 153 8 8 1 1 10176 26368 42816 59264 10176 26368 42816 59264 13774 29966 46414 62862 13774 29966 46414 62862
251 157 8 8 1 1 64408 15320 31512 47960 64408 15320 31512 47960 414 16862 33054 49502 414 16862 33054 49502
160 19 8 8 1 1 41139 24691 8243 57587 41139 24691 8243 57587 14925 64013 47821 31373 14925 64013 47821 31373
210 135 8 8 1 1 53849 37401 21209 4761 53849 37401 21209 4761 33803 17611 1163 50251 33803 17611 1163 50251
134 191 8 8 1 1 34373 17925 1733 50821 34373 17925 1733 50821 51335 34887 18439 2247 51335 34887 18439 2247
208 113 8 8 1 1 53313 4225 20673 36865 53313 4225 20673 36865 11935 28383 44575 61023 11935 28383 44575 61023
133 189 8 8 1 1 34114 50562 1474 17666 34114 50562 1474 17666 19208 35656 52104 3016 19208 35656 52104 3016
149 80 8 8 1 1 38373 38373 38373 38373 38373 38373 38373 38373 62789 62789 62789 62789 62789 62789 62789 62789
91 67 8 8 1 1 23454 7006 56094 39902 23454 7006 56094 39902 38360 21912 5464 54552 38360 21912 5464 54552
166 192 8 8 1 1 42598 42598 42598 42598 42598 42598 42598 42598 9958 9958 9958 9958 9958 9958 9958 9958
21 175 8 8 1 1 5572 54660 38212 21764 5572 54660 38212 21764 30502 14310 63398 46950 30502 14310 63398 46950
8 155 8 8 1 1 2211 51299 34851 18659 2211 51299 34851 18659 37421 21229 4781 53869 37421 21229 4781 53869
242 170 8 8 1 1 62108 29212 62108 29212 62108 29212 62108 29212 7880 40520 7880 40520 7880 40520 7880 40520
210 241 8 8 1 1 53955 4611 21059 37507 53955 4611 21059 37507 12321 28769 45217 61665 12321 28769 45217 61665
178 86 8 8 1 1 45576 12936 45576 12936 45576 12936 45576 12936 34524 1628 34524 1628 34524 1628 34524 1628
118 160 8 8 1 1 30230 30230 30230 30230 30230 30230 30230 30230 14038 14038 14038 14038 14038 14038 14038 14038
214 205 8 8 1 1 54947 5859 22051 38499 54947 5859 22051 38499 31817 48265 64713 15369 31817 48265 64713 15369
82 127 8 8 1 1 21201 4753 53841 37393 21201 4753 53841 37393 5267 54355 37907 21715 5267 54355 37907 21715
164 159 8 8 1 1 42051 25603 9411 58499 42051 25603 9411 58499 9925 59013 42565 26117 9925 59013 42565 26117
67 108 8 8 1 1 17327 17327 17327 17327 17327 17327 17327 17327 27607 27607 27607 27607 27607 27607 27607 27607
223 198 8 8 1 1 57253 24357 57253 24357 57253 24357 57253 24357 54169 21273 54169 21273 54169 21273 54169 21273
107 3 8 8 1 1 27502 11054 60398 43950 27502 11054 60398 43950 9512 58856 42408 25960 9512 58856 42408 25960
22 242 8 8 1 1 5640 38536 5640 38536 5640 38536 5640 38536 45732 12836 45732 12836 45732 12836 45732 12836
203 68 8 8 1 1 51983 51983 51983 51983 51983 51983 51983 51983 17287 17287 17287 17287 17287 17287 17287 17287
139 133 8 8 1 1 35600 52048 2960 19408 35600 52048 2960 19408 49478 390 16838 33030 49478 390 16838 33030
126 120 8 8 1 1 32502 32502 32502 32502 32502 32502 32502 32502 36358 36358 36358 36358 36358 36358 36358 36358
246 57 8 8 1 1 63023 13935 30383 46831 63023 13935 30383 46831 50429 1085 17533 33981 50429 1085 17533 33981
36 17 8 8 1 1 9269 25717 42165 58613 9269 25717 42165 58613 16979 33427 49875 531 16979 33427 49875 531
146 97 8 8 1 1 37619 53811 4723 21171 37619 53811 4723 21171 4209 20657 37105 53297 4209 20657 37105 53297
30 126 8 8 1 1 7836 40476 7836 40476 7836 40476 7836 40476 41504 8864 41504 8864 41504 8864 41504 8864
17 126 8 8 1 1 4495 37135 4495 37135 4495 37135 4495 37135 38163 5523 38163 5523 38163 5523 38163 5523
244 162 8 8 1 1 62614 29718 62614 29718 62614 29718 62614 29718 12498 45138 12498 45138 12498 45138 12498 45138
39 71 8 8 1 1 10094 59182 42990 26542 10094 59182 42990 26542 22944 6496 55584 39392 22944 6496 55584 39392
82 93 8 8 1 1 21167 37615 53807 4719 21167 37615 53807 4719 55349 6261 22709 39157 55349 6261 22709 39157
138 70 8 8 1 1 35536 2640 35536 2640 35536 2640 35536 2640 32452 65092 32452 65092 32452 65092 32452 65092
203 158 8 8 1 1 52073 19433 52073 19433 52073 19433 52073 19433 4013 36653 4013 36653 4013 36653 4013 36653
234 172 8 8 1 1 60054 60054 60054 60054 60054 60054 60054 60054 37438 37438 37438 37438 37438 37438 37438 37438
105 164 8 8 1 1 26893 26893 26893 26893 26893 26893 26893 26893 8645 8645 8645 8645 8645 8645 8645 8645
76 36 8 8 1 1 19568 19568 19568 19568 19568 19568 19568 19568 1064 1064 1064 1064 1064 1064 1064 1064
57 80 8 8 1 1 14729 14729 14729 14729 14729 14729 14729 14729 39401 39401 39401 39401 39401 39401 39401 39401
209 102 8 8 1 1 53559 20919 53559 20919 53559 20919 53559 20919 34283 1387 34283 1387 34283 1387 34283 1387
45 141 8 8 1 1 11706 28154 44346 60794 11706 28154 44346 60794 21472 37664 54112 5024 21472 37664 54112 5024
254 194 8 8 1 1 65216 32320 65216 32320 65216 32320 65216 32320 64188 31292 64188 31292 64188 31292 64188 31292
34 226 8 8 1 1 8708 41604 8708 41604 8708 41604 8708 41604 57024 24128 57024 24128 57024 24128 57024 24128
67 252 8 8 1 1 17215 17215 17215 17215 17215 17215 17215 17215 19271 19271 19271 19271 19271 19271 19271 19271
120 17 8 8 1 1 30857 47305 63497 14409 30857 47305 63497 14409 38567 55015 5671 22119 38567 55015 5671 22119
181 236 8 8 1 1 46497 46497 46497 46497 46497 46497 46497 46497 56777 56777 56777 56777 56777 56777 56777 56777
198 158 8 8 1 1 50788 18148 50788 18148 50788 18148 50788 18148 2728 35368 2728 35368 2728 35368 2728 35368
190 204 8 8 1 1 48778 48778 48778 48778 48778 48778 48778 48778 9970 9970 9970 9970 9970 9970 9970 9970
222 5 8 8 1 1 57059 7715 24163 40611 57059 7715 24163 40611 5145 21593 38041 54489 5145 21593 38041 54489
77 15 8 8 1 1 19804 3356 52700 36252 19804 3356 52700 36252 61438 44990 28542 12094 61438 44990 28542 12094
135 220 8 8 1 1 34659 34659 34659 34659 34659 34659 34659 34659 53163 53163 53163 53163 53163 53163 53163 53163
149 114 8 8 1 1 38151 5511 38151 5511 38151 5511 38151 5511 12707 45347 12707 45347 12707 45347 12707 45347
180 189 8 8 1 1 46193 62641 13553 29745 46193 62641 13553 29745 31287 47735 64183 15095 31287 47735 64183 15095
193 0 8 8 1 1 49601 49601 49601 49601 49601 49601 49601 49601 49601 49601 49601 49601 49601 49601 49601 49601
190 114 8 8 1 1 48688 16048 48688 16048 48688 16048 48688 16048 23244 55884 23244 55884 23244 55884 23244 55884
40 132 8 8 1 1 10412 10412 10412 10412 10412 10412 10412 10412 8356 8356 8356 8356 8356 8356 8356 8356
110 177 8 8 1 1 28191 44639 61087 11999 28191 44639 61087 11999 19709 35901 52349 3261 19709 35901 52349 3261
208 251 8 8 1 1 53451 37003 20555 4107 53451 37003 20555 4107 39573 23125 6677 56021 39573 23125 6677 56021
74 119 8 8 1 1 19137 2689 51777 35329 19137 2689 51777 35329 7315 56403 39955 23763 7315 56403 39955 23763
228 200 8 8 1 1 58540 58540 58540 58540 58540 58540 58540 58540 21532 21532 21532 21532 21532 21532 21532 21532
50 110 8 8 1 1 12960 45600 12960 45600 12960 45600 12960 45600 54852 22212 54852 22212 54852 22212 54852 22212
104 233 8 8 1 1 26705 43153 59601 10257 26705 43153 59601 10257 54975 5887 22079 38527 54975 5887 22079 38527
28 192 8 8 1 1 7388 7388 7388 7388 7388 7388 7388 7388 40028 40028 40028 40028 40028 40028 40028 40028
25 74 8 8 1 1 6499 39395 6499 39395 6499 39395 6499 39395 1359 34255 1359 34255 1359 34255 1359 34255
222 147 8 8 1 1 56945 40497 24305 7857 56945 40497 24305 7857 30731 14539 63627 47179 30731 14539 63627 47179
11 151 8 8 1 1 2978 52066 35618 19426 2978 52066 35618 19426 40244 24052 7604 56692 40244 24052 7604 56692
221 133 8 8 1 1 56674 7586 24034 40226 56674 7586 24034 40226 5016 21464 37656 54104 5016 21464 37656 54104
221 56 8 8 1 1 56597 56597 56597 56597 56597 56597 56597 56597 28069 28069 28069 28069 28069 28069 28069 28069
72 212 8 8 1 1 18460 18460 18460 18460 18460 18460 18460 18460 41076 41076 41076 41076 41076 41076 41076 41076
255 218 8 8 1 1 65497 32601 65497 32601 65497 32601 65497 32601 52133 19237 52133 19237 52133 19237 52133 19237
245 146 8 8 1 1 62855 29959 62855 29959 62855 29959 62855 29959 20963 53603 20963 53603 20963 53603 20963 53603
242 96 8 8 1 1 62034 62034 62034 62034 62034 62034 62034 62034 12946 12946 12946 12946 12946 12946 12946 12946
109 231 8 8 1 1 27988 11540 60884 44436 27988 11540 60884 44436 24390 7942 57286 40838 24390 7942 57286 40838
80 206 8 8 1 1 20510 53406 20510 53406 20510 53406 20510 53406 13314 46210 13314 46210 13314 46210 13314 46210
63 112 8 8 1 1 16303 16303 16303 16303 16303 16303 16303 16303 24527 24527 24527 24527 24527 24527 24527 24527
249 132 8 8 1 1 63869 63869 63869 63869 63869 63869 63869 63869 61813 61813 61813 61813 61813 61813 61813 61813
152 167 8 8 1 1 38975 22783 6335 55423 38975 22783 6335 55423 2737 51825 35377 19185 2737 51825 35377 19185
97 169 8 8 1 1 24842 41290 57738 8650 24842 41290 57738 8650 20472 36664 53112 4024 20472 36664 53112 4024
69 40 8 8 1 1 17773 17773 17773 17773 17773 17773 17773 17773 62749 62749 62749 62749 62749 62749 62749 62749
199 44 8 8 1 1 51187 51187 51187 51187 51187 51187 51187 51187 28571 28571 28571 28571 28571 28571 28571 28571
171 118 8 8 1 1 43809 11169 43809 11169 43809 11169 43809 11169 16309 48949 16309 48949 16309 48949 16309 48949
34 150 8 8 1 1 8888 41528 8888 41528 8888 41528 8888 41528 30220 63116 30220 63116 30220 63116 30220 63116
26 20 8 8 1 1 6702 6702 6702 6702 6702 6702 6702 6702 61958 61958 61958 61958 61958 61958 61958 61958
9 153 8 8 1 1 2466 18914 35106 51554 2466 18914 35106 51554 6064 22512 38704 55152 6064 22512 38704 55152
107 9 8 8 1 1 27508 43956 60404 11060 27508 43956 60404 11060 39330 55778 6434 22882 39330 55778 6434 22882
79 106 8 8 1 1 20409 53049 20409 53049 20409 53049 20409 53049 64357 31717 64357 31717 64357 31717 64357 31717
124 12 8 8 1 1 31880 31880 31880 31880 31880 31880 31880 31880 25712 25712 25712 25712 25712 25712 25712 25712
59 35 8 8 1 1 15198 64286 48094 31646 15198 64286 48094 31646 46552 30104 13656 62744 46552 30104 13656 62744
105 201 8 8 1 1 26930 43378 59826 10738 26930 43378 59826 10738 6112 22304 38752 55200 6112 22304 38752 55200
16 50 8 8 1 1 4162 37058 4162 37058 4162 37058 4162 37058 11358 44254 11358 44254 11358 44254 11358 44254
221 233 8 8 1 1 56774 7430 23878 40326 56774 7430 23878 40326 19252 35700 52148 3060 19252 35700 52148 3060
160 139 8 8 1 1 41003 24811 8363 57451 41003 24811 8363 57451 19157 2709 51797 35349 19157 2709 51797 35349
244 40 8 8 1 1 62492 62492 62492 62492 62492 62492 62492 62492 42188 42188 42188 42188 42188 42188 42188 42188
104 241 8 8 1 1 26713 43161 59609 10265 26713 43161 59609 10265 50871 1783 17975 34423 50871 1783 17975 34423
16 45 8 8 1 1 4157 20605 37053 53501 4157 20605 37053 53501 63011 13923 30371 46819 63011 13923 30371 46819
48 4 8 8 1 1 12340 12340 12340 12340 12340 12340 12340 12340 10284 10284 10284 10284 10284 10284 10284 10284
134 23 8 8 1 1 34461 18013 1565 50909 34461 18013 1565 50909 6191 55535 39087 22639 6191 55535 39087 22639
88 182 8 8 1 1 22542 55438 22542 55438 22542 55438 22542 55438 27682 60578 27682 60578 27682 60578 27682 60578
172 42 8 8 1 1 44246 11350 44246 11350 44246 11350 44246 11350 55298 22658 55298 22658 55298 22658 55298 22658
63 243 8 8 1 1 16178 65522 49074 32626 16178 65522 49074 32626 6412 55756 39308 22860 6412 55756 39308 22860
46 168 8 8 1 1 11990 11990 11990 11990 11990 11990 11990 11990 56966 56966 56966 56966 56966 56966 56966 56966
241 114 8 8 1 1 61795 29155 61795 29155 61795 29155 61795 29155 36351 3455 36351 3455 36351 3455 36351 3455
154 116 8 8 1 1 39438 39438 39438 39438 39438 39438 39438 39438 45606 45606 45606 45606 45606 45606 45606 45606
66 65 8 8 1 1 17027 33475 49667 579 17027 33475 49667 579 65 16513 32961 49153 65 16513 32961 49153
2 50 8 8 1 1 564 33460 564 33460 564 33460 564 33460 7760 40656 7760 40656 7760 40656 7760 40656
228 200 8 8 1 1 58540 58540 58540 58540 58540 58540 58540 58540 21532 21532 21532 21532 21532 21532 21532 21532
177 74 8 8 1 1 45563 12667 45563 12667 45563 12667 45563 12667 40423 7527 40423 7527 40423 7527 40423 7527
226 147 8 8 1 1 57973 41525 25333 8885 57973 41525 25333 8885 31759 15567 64655 48207 31759 15567 64655 48207
21 159 8 8 1 1 5556 54644 38196 22004 5556 54644 38196 22004 38710 22518 6070 55158 38710 22518 6070 55158
205 146 8 8 1 1 52575 19935 52575 19935 52575 19935 52575 19935 10683 43323 10683 43323 10683 43323 10683 43323
237 194 8 8 1 1 60847 27951 60847 27951 60847 27951 60847 27951 59819 26923 59819 26923 59819 26923 59819 26923
186 0 8 8 1 1 47802 47802 47802 47802 47802 47802 47802 47802 47802 47802 47802 47802 47802 47802 47802 47802
169 111 8 8 1 1 43288 27096 10648 59736 43288 27096 10648 59736 35834 19386 2938 52026 35834 19386 2938 52026
96 156 8 8 1 1 24828 24828 24828 24828 24828 24828 24828 24828 10436 10436 10436 10436 10436 10436 10436 10436
156 67 8 8 1 1 40159 23711 7263 56351 40159 23711 7263 56351 54809 38617 22169 5721 54809 38617 22169 5721
42 2 8 8 1 1 10796 43692 10796 43692 10796 43692 10796 43692 42664 9768 42664 9768 42664 9768 42664 9768
214 214 8 8 1 1 54956 22060 54956 22060 54956 22060 54956 22060 43648 10752 43648 10752 43648 10752 43648 10752
102 153 8 8 1 1 26367 42559 59007 9919 26367 42559 59007 9919 29709 46157 62605 13517 29709 46157 62605 13517
98 155 8 8 1 1 25341 8893 57981 41533 25341 8893 57981 41533 60551 44103 27655 11463 60551 44103 27655 11463
176 203 8 8 1 1 45179 28731 12539 61627 45179 28731 12539 61627 55973 39525 23077 6885 55973 39525 23077 6885
53 207 8 8 1 1 13572 62916 46468 30020 13572 62916 46468 30020 22310 6118 55206 38758 22310 6118 55206 38758
35 231 8 8 1 1 8970 58314 41866 25418 8970 58314 41866 25418 5628 54716 38268 21820 5628 54716 38268 21820
137 161 8 8 1 1 35114 51562 2474 18922 35114 51562 2474 18922 34600 51048 1960 18408 34600 51048 1960 18408
52 181 8 8 1 1 13545 29737 46185 62633 13545 29737 46185 62633 2751 19199 35391 51839 2751 19199 35391 51839
198 41 8 8 1 1 50927 1583 18031 34479 50927 1583 18031 34479 46301 62493 13405 29853 46301 62493 13405 29853
9 132 8 8 1 1 2445 2445 2445 2445 2445 2445 2445 2445 389 389 389 389 389 389 389 389
21 179 8 8 1 1 5576 54664 38216 21768 5576 54664 38216 21768 28450 12258 61346 44898 28450 12258 61346 44898
233 140 8 8 1 1 59765 59765 59765 59765 59765 59765 59765 59765 53597 53597 53597 53597 53597 53597 53597 53597
78 242 8 8 1 1 20032 52928 20032 52928 20032 52928 20032 52928 60124 27228 60124 27228 60124 27228 60124 27228
242 36 8 8 1 1 61974 61974 61974 61974 61974 61974 61974 61974 43726 43726 43726 43726 43726 43726 43726 43726
8 173 8 8 1 1 2229 18677 34869 51317 2229 18677 34869 51317 61083 11995 28187 44635 61083 11995 28187 44635
208 189 8 8 1 1 53389 4301 20493 36941 53389 4301 20493 36941 38483 54931 5843 22035 38483 54931 5843 22035
73 167 8 8 1 1 18928 2480 51568 35120 18928 2480 51568 35120 47970 31522 15330 64418 47970 31522 15330 64418
232 70 8 8 1 1 59438 26798 59438 26798 59438 26798 59438 26798 56354 23714 56354 23714 56354 23714 56354 23714
58 91 8 8 1 1 14997 64085 47637 31445 14997 64085 47637 31445 17567 1119 50207 34015 17567 1119 50207 34015
34 67 8 8 1 1 8805 57893 41701 25253 8805 57893 41701 25253 23711 7263 56351 40159 23711 7263 56351 40159
172 255 8 8 1 1 44203 27755 11307 60651 44203 27755 11307 60651 28269 11821 61165 44717 28269 11821 61165 44717
27 242 8 8 1 1 6925 39821 6925 39821 6925 39821 6925 39821 47017 14121 47017 14121 47017 14121 47017 14121
10 119 8 8 1 1 2689 51777 35329 19137 2689 51777 35329 19137 56403 39955 23763 7315 56403 39955 23763 7315
57 74 8 8 1 1 14723 47363 14723 47363 14723 47363 14723 47363 9583 42479 9583 42479 9583 42479 9583 42479
116 50 8 8 1 1 29862 62502 29862 62502 29862 62502 29862 62502 37058 4162 37058 4162 37058 4162 37058 4162
200 231 8 8 1 1 51375 34927 18479 2287 51375 34927 18479 2287 47777 31329 14881 64225 47777 31329 14881 64225
46 7 8 8 1 1 11829 61173 44725 28277 11829 61173 44725 28277 57575 41127 24679 8231 57575 41127 24679 8231
254 171 8 8 1 1 65193 48745 32297 16105 65193 48745 32297 16105 26643 10451 59539 43091 26643 10451 59539 43091
103 104 8 8 1 1 26575 26575 26575 26575 26575 26575 26575 26575 38911 38911 38911 38911 38911 38911 38911 38911
132 154 8 8 1 1 33822 1182 33822 1182 33822 1182 33822 1182 53354 20714 53354 20714 53354 20714 53354 20714
37 40 8 8 1 1 9549 9549 9549 9549 9549 9549 9549 9549 54781 54781 54781 54781 54781 54781 54781 54781
191 117 8 8 1 1 48948 65396 16308 32756 48948 65396 16308 32756 5514 21962 38154 54602 5514 21962 38154 54602
142 172 8 8 1 1 36410 36410 36410 36410 36410 36410 36410 36410 14050 14050 14050 14050 14050 14050 14050 14050
185 55 8 8 1 1 47600 31152 14704 63792 47600 31152 14704 63792 2882 51970 35778 19330 2882 51970 35778 19330
233 102 8 8 1 1 59727 27087 59727 27087 59727 27087 59727 27087 40195 7555 40195 7555 40195 7555 40195 7555
145 135 8 8 1 1 37144 20952 4504 53592 37144 20952 4504 53592 17354 906 49994 33546 17354 906 49994 33546
213 25 8 8 1 1 54766 5422 21870 38318 54766 5422 21870 38318 58364 9020 25468 41916 58364 9020 25468 41916
159 152 8 8 1 1 40759 40759 40759 40759 40759 40759 40759 40759 28423 28423 28423 28423 28423 28423 28423 28423
184 30 8 8 1 1 47318 14422 47318 14422 47318 14422 47318 14422 64538 31898 64538 31898 64538 31898 64538 31898
109 177 8 8 1 1 27934 44382 60830 11742 27934 44382 60830 11742 19452 35644 52092 3004 19452 35644 52092 3004
71 4 8 8 1 1 18251 18251 18251 18251 18251 18251 18251 18251 16195 16195 16195 16195 16195 16195 16195 16195
200 164 8 8 1 1 51308 51308 51308 51308 51308 51308 51308 51308 32804 32804 32804 32804 32804 32804 32804 32804
35 196 8 8 1 1 9191 9191 9191 9191 9191 9191 9191 9191 39775 39775 39775 39775 39775 39775 39775 39775
160 120 8 8 1 1 40984 40984 40984 40984 40984 40984 40984 40984 45096 45096 45096 45096 45096 45096 45096 45096
38 106 8 8 1 1 9872 42512 9872 42512 9872 42512 9872 42512 53820 21180 53820 21180 53820 21180 53820 21180
44 80 8 8 1 1 11388 11388 11388 11388 11388 11388 11388 11388 36060 36060 36060 36060 36060 36060 36060 36060
152 105 8 8 1 1 38913 55361 6273 22721 38913 55361 6273 22721 1647 18095 34543 50735 1647 18095 34543 50735
80 131 8 8 1 1 20691 4243 53331 36883 20691 4243 53331 36883 2701 51789 35341 19149 2701 51789 35341 19149
88 32 8 8 1 1 22648 22648 22648 22648 22648 22648 22648 22648 6200 6200 6200 6200 6200 6200 6200 6200
88 242 8 8 1 1 22602 55498 22602 55498 22602 55498 22602 55498 62694 29798 62694 29798 62694 29798 62694 29798
91 177 8 8 1 1 23308 39756 56204 7116 23308 39756 56204 7116 14826 31018 47466 63914 14826 31018 47466 63914
164 236 8 8 1 1 42128 42128 42128 42128 42128 42128 42128 42128 52408 52408 52408 52408 52408 52408 52408 52408
233 2 8 8 1 1 59883 26987 59883 26987 59883 26987 59883 26987 25959 58855 25959 58855 25959 58855 25959 58855
106 39 8 8 1 1 27281 10833 59921 43729 27281 10833 59921 43729 56323 40131 23683 7235 56323 40131 23683 7235
92 199 8 8 1 1 23587 7395 56483 40035 23587 7395 56483 40035 36437 19989 3797 52885 36437 19989 3797 52885
51 11 8 8 1 1 13118 62462 46014 29566 13118 62462 46014 29566 56808 40360 23912 7464 56808 40360 23912 7464
222 45 8 8 1 1 56843 7755 24203 40651 56843 7755 24203 40651 50417 1073 17521 33969 50417 1073 17521 33969
236 48 8 8 1 1 60444 60444 60444 60444 60444 60444 60444 60444 36028 36028 36028 36028 36028 36028 36028 36028
152 124 8 8 1 1 38932 38932 38932 38932 38932 38932 38932 38932 40988 40988 40988 40988 40988 40988 40988 40988
203 149 8 8 1 1 52064 2976 19424 35616 52064 2976 19424 35616 57718 8630 25078 41270 57718 8630 25078 41270
204 221 8 8 1 1 52393 3305 19497 35945 52393 3305 19497 35945 21039 37487 53935 4847 21039 37487 53935 4847
77 56 8 8 1 1 19845 19845 19845 19845 19845 19845 19845 19845 56597 56597 56597 56597 56597 56597 56597 56597
235 254 8 8 1 1 60393 27497 60393 27497 60393 27497 60393 27497 28525 61421 28525 61421 28525 61421 28525 61421
22 99 8 8 1 1 5753 54841 38649 22201 5753 54841 38649 22201 4211 53299 37107 20659 4211 53299 37107 20659
178 3 8 8 1 1 45749 29301 12853 62197 45749 29301 12853 62197 27759 11311 60655 44207 27759 11311 60655 44207
110 226 8 8 1 1 28240 61136 28240 61136 28240 61136 28240 61136 10764 43660 10764 43660 10764 43660 10764 43660
85 86 8 8 1 1 21931 54571 21931 54571 21931 54571 21931 54571 10623 43519 10623 43519 10623 43519 10623 43519
66 134 8 8 1 1 17096 49736 17096 49736 17096 49736 17096 49736 46652 14012 46652 14012 46652 14012 46652 14012
203 111 8 8 1 1 52026 35834 19386 2938 52026 35834 19386 2938 44316 28124 11676 60764 44316 28124 11676 60764
39 36 8 8 1 1 10059 10059 10059 10059 10059 10059 10059 10059 57091 57091 57091 57091 57091 57091 57091 57091
216 103 8 8 1 1 55359 39167 22719 6271 55359 39167 22719 6271 51761 35569 19121 2673 51761 35569 19121 2673
88 242 8 8 1 1 22602 55498 22602 55498 22602 55498 22602 55498 62694 29798 62694 29798 62694 29798 62694 29798
108 11 8 8 1 1 27767 11319 60663 44215 27767 11319 60663 44215 5665 55009 38561 22113 5665 55009 38561 22113
91 4 8 8 1 1 23391 23391 23391 23391 23391 23391 23391 23391 21335 21335 21335 21335 21335 21335 21335 21335
54 181 8 8 1 1 14059 30251 46699 63147 14059 30251 46699 63147 3265 19457 35905 52353 3265 19457 35905 52353
44 109 8 8 1 1 11417 27865 44057 60505 11417 27865 44057 60505 37631 53823 4735 21183 37631 53823 4735 21183
159 66 8 8 1 1 40929 8033 40929 8033 40929 8033 40929 8033 39901 7005 39901 7005 39901 7005 39901 7005
104 93 8 8 1 1 26821 43013 59461 10373 26821 43013 59461 10373 61003 11915 28363 44555 61003 11915 28363 44555
37 100 8 8 1 1 9609 9609 9609 9609 9609 9609 9609 9609 24001 24001 24001 24001 24001 24001 24001 24001
218 165 8 8 1 1 55935 6847 23295 39487 55935 6847 23295 39487 53365 4277 20725 36917 53365 4277 20725 36917
64 194 8 8 1 1 16386 49282 16386 49282 16386 49282 16386 49282 15614 48254 15614 48254 15614 48254 15614 48254
101 105 8 8 1 1 26062 42254 58702 9614 26062 42254 58702 9614 54076 4988 21436 37884 54076 4988 21436 37884
47 84 8 8 1 1 12163 12163 12163 12163 12163 12163 12163 12163 34779 34779 34779 34779 34779 34779 34779 34779
155 105 8 8 1 1 39684 56132 7044 23492 39684 56132 7044 23492 2418 18866 35314 51506 2418 18866 35314 51506
254 11 8 8 1 1 65033 48841 32393 15945 65033 48841 32393 15945 43187 26739 10291 59635 43187 26739 10291 59635
187 160 8 8 1 1 47963 47963 47963 47963 47963 47963 47963 47963 31515 31515 31515 31515 31515 31515 31515 31515
189 149 8 8 1 1 48466 64914 15826 32018 48466 64914 15826 32018 54120 5032 21480 37672 54120 5032 21480 37672
87 61 8 8 1 1 22420 38868 55060 5972 22420 38868 55060 5972 7514 23962 40410 56602 7514 23962 40410 56602
213 44 8 8 1 1 54529 54529 54529 54529 54529 54529 54529 54529 32169 32169 32169 32169 32169 32169 32169 32169
159 210 8 8 1 1 40817 8177 40817 8177 40817 8177 40817 8177 31565 64461 31565 64461 31565 64461 31565 64461
7 198 8 8 1 1 1997 34637 1997 34637 1997 34637 1997 34637 64449 31553 64449 31553 64449 31553 64449 31553
10 249 8 8 1 1 2563 19011 35459 51907 2563 19011 35459 51907 22609 39057 55505 6161 22609 39057 55505 6161
108 122 8 8 1 1 27878 60518 27878 60518 27878 60518 27878 60518 63602 30962 63602 30962 63602 30962 63602 30962
133 103 8 8 1 1 34284 17836 1388 50476 34284 17836 1388 50476 30686 14238 63326 46878 30686 14238 63326 46878
69 251 8 8 1 1 17728 1280 50624 34176 17728 1280 50624 34176 3850 53194 36746 20298 3850 53194 36746 20298
245 82 8 8 1 1 62791 30151 62791 30151 62791 30151 62791 30151 53539 20899 53539 20899 53539 20899 53539 20899
37 20 8 8 1 1 9529 9529 9529 9529 9529 9529 9529 9529 64785 64785 64785 64785 64785 64785 64785 64785
12 80 8 8 1 1 3164 3164 3164 3164 3164 3164 3164 3164 27836 27836 27836 27836 27836 27836 27836 27836
134 183 8 8 1 1 34365 18173 1725 50813 34365 18173 1725 50813 55439 38991 22543 6351 55439 38991 22543 6351
58 142 8 8 1 1 15048 47688 15048 47688 15048 47688 15048 47688 40492 7852 40492 7852 40492 7852 40492 7852
219 155 8 8 1 1 56182 39734 23542 7094 56182 39734 23542 7094 25856 9664 58752 42304 25856 9664 58752 42304
101 130 8 8 1 1 26087 58727 26087 58727 26087 58727 26087 58727 57699 25059 57699 25059 57699 25059 57699 25059
68 54 8 8 1 1 17530 50426 17530 50426 17530 50426 17530 50426 22670 55310 22670 55310 22670 55310 22670 55310
212 173 8 8 1 1 54401 5313 21505 37953 54401 5313 21505 37953 47719 64167 15079 31271 47719 64167 15079 31271
253 41 8 8 1 1 64806 15718 32166 48614 64806 15718 32166 48614 60180 11092 27540 43988 60180 11092 27540 43988
115 13 8 8 1 1 29568 46016 62208 13120 29568 46016 62208 13120 39334 55782 6438 22886 39334 55782 6438 22886
168 87 8 8 1 1 43263 26815 10367 59455 43263 26815 10367 59455 47633 31441 14993 64081 47633 31441 14993 64081
168 3 8 8 1 1 43179 26731 10283 59627 43179 26731 10283 59627 25189 8741 58085 41637 25189 8741 58085 41637
30 83 8 8 1 1 7793 56881 40689 24241 7793 56881 40689 24241 14475 63563 47115 30923 14475 63563 47115 30923
99 225 8 8 1 1 25412 41860 58308 8964 25412 41860 58308 8964 57794 8450 24898 41346 57794 8450 24898 41346
46 224 8 8 1 1 11790 11790 11790 11790 11790 11790 11790 11790 28238 28238 28238 28238 28238 28238 28238 28238
35 1 8 8 1 1 8996 25444 41892 58340 8996 25444 41892 58340 24930 41378 57826 8482 24930 41378 57826 8482
163 106 8 8 1 1 41741 9101 41741 9101 41741 9101 41741 9101 20409 53049 20409 53049 20409 53049 20409 53049
149 135 8 8 1 1 38172 21980 5532 54620 38172 21980 5532 54620 18382 1934 51022 34574 18382 1934 51022 34574
150 94 8 8 1 1 38644 5748 38644 5748 38644 5748 38644 5748 23224 55864 23224 55864 23224 55864 23224 55864
88 110 8 8 1 1 22726 55366 22726 55366 22726 55366 22726 55366 64618 31978 64618 31978 64618 31978 64618 31978
74 125 8 8 1 1 19143 35335 51783 2695 19143 35335 51783 2695 36877 53325 4237 20685 36877 53325 4237 20685
151 184 8 8 1 1 38735 38735 38735 38735 38735 38735 38735 38735 10207 10207 10207 10207 10207 10207 10207 10207
223 208 8 8 1 1 57263 57263 57263 57263 57263 57263 57263 57263 16143 16143 16143 16143 16143 16143 16143 16143
123 236 8 8 1 1 31591 31591 31591 31591 31591 31591 31591 31591 41871 41871 41871 41871 41871 41871 41871 41871
101 134 8 8 1 1 26091 58731 26091 58731 26091 58731 26091 58731 55647 23007 55647 23007 55647 23007 55647 23007
29 178 8 8 1 1 7631 40271 7631 40271 7631 40271 7631 40271 14827 47467 14827 47467 14827 47467 14827 47467
114 114 8 8 1 1 29412 62052 29412 62052 29412 62052 29412 62052 3712 36352 3712 36352 3712 36352 3712 36352
164 56 8 8 1 1 42204 42204 42204 42204 42204 42204 42204 42204 13420 13420 13420 13420 13420 13420 13420 13420
90 214 8 8 1 1 23088 55984 23088 55984 23088 55984 23088 55984 11780 44676 11780 44676 11780 44676 11780 44676
82 232 8 8 1 1 21050 21050 21050 21050 21050 21050 21050 21050 33386 33386 33386 33386 33386 33386 33386 33386
34 39 8 8 1 1 8777 57865 41673 25225 8777 57865 41673 25225 38075 21627 5179 54523 38075 21627 5179 54523
37 62 8 8 1 1 9571 42467 9571 42467 9571 42467 9571 42467 10599 43495 10599 43495 10599 43495 10599 43495
153 6 8 8 1 1 39327 6431 39327 6431 39327 6431 39327 6431 3347 36243 3347 36243 3347 36243 3347 36243
106 241 8 8 1 1 27227 43675 60123 10779 27227 43675 60123 10779 51385 2297 18489 34937 51385 2297 18489 34937
13 132 8 8 1 1 3473 3473 3473 3473 3473 3473 3473 3473 1417 1417 1417 1417 1417 1417 1417 1417
225 102 8 8 1 1 57671 25031 57671 25031 57671 25031 57671 25031 38395 5499 38395 5499 38395 5499 38395 5499
245 91 8 8 1 1 62800 46352 30160 13712 62800 46352 30160 13712 65370 48922 32730 16282 65370 48922 32730 16282
193 196 8 8 1 1 49541 49541 49541 49541 49541 49541 49541 49541 14845 14845 14845 14845 14845 14845 14845 14845
21 68 8 8 1 1 5465 5465 5465 5465 5465 5465 5465 5465 36305 36305 36305 36305 36305 36305 36305 36305
198 111 8 8 1 1 50741 34549 18101 1653 50741 34549 18101 1653 43031 26839 10391 59479 43031 26839 10391 59479
108 62 8 8 1 1 27818 60458 27818 60458 27818 60458 27818 60458 28846 61486 28846 61486 28846 61486 28846 61486
84 27 8 8 1 1 21615 5167 54511 38063 21615 5167 54511 38063 57081 40633 24185 7737 57081 40633 24185 7737
199 192 8 8 1 1 51079 51079 51079 51079 51079 51079 51079 51079 18183 18183 18183 18183 18183 18183 18183 18183
246 159 8 8 1 1 63125 46677 30229 14037 63125 46677 30229 14037 30743 14551 63639 47191 30743 14551 63639 47191
1 107 8 8 1 1 364 49452 33260 16812 364 49452 33260 16812 60246 43798 27606 11158 60246 43798 27606 11158
192 152 8 8 1 1 49240 49240 49240 49240 49240 49240 49240 49240 36904 36904 36904 36904 36904 36904 36904 36904
195 111 8 8 1 1 49970 33778 17330 882 49970 33778 17330 882 42260 26068 9620 58708 42260 26068 9620 58708
67 47 8 8 1 1 17266 818 50162 33714 17266 818 50162 33714 42452 26004 9556 58644 42452 26004 9556 58644
176 245 8 8 1 1 45221 61669 12325 28773 45221 61669 12325 28773 1787 17979 34427 50875 1787 17979 34427 50875
164 155 8 8 1 1 42047 25855 9407 58495 42047 25855 9407 58495 11977 61065 44617 28169 11977 61065 44617 28169
191 169 8 8 1 1 49000 65448 16360 32552 49000 65448 16360 32552 44374 60822 11734 27926 44374 60822 11734 27926
65 138 8 8 1 1 16843 49483 16843 49483 16843 49483 16843 49483 44343 11703 44343 11703 44343 11703 44343 11703
72 43 8 8 1 1 18547 2099 51443 34995 18547 2099 51443 34995 45789 29341 12893 61981 45789 29341 12893 61981
108 253 8 8 1 1 27753 44201 60649 11305 27753 44201 60649 11305 45743 62191 12847 29295 45743 62191 12847 29295
57 145 8 8 1 1 14794 30986 47434 63882 14794 30986 47434 63882 22504 38696 55144 6056 22504 38696 55144 6056
149 23 8 8 1 1 38316 21868 5420 54764 38316 21868 5420 54764 10046 59390 42942 26494 10046 59390 42942 26494
54 31 8 8 1 1 13909 62997 46805 30357 13909 62997 46805 30357 47319 30871 14423 63511 47319 30871 14423 63511
139 20 8 8 1 1 35743 35743 35743 35743 35743 35743 35743 35743 25463 25463 25463 25463 25463 25463 25463 25463
193 24 8 8 1 1 49625 49625 49625 49625 49625 49625 49625 49625 37289 37289 37289 37289 37289 37289 37289 37289
87 224 8 8 1 1 22327 22327 22327 22327 22327 22327 22327 22327 38775 38775 38775 38775 38775 38775 38775 38775
212 147 8 8 1 1 54375 37927 21735 5287 54375 37927 21735 5287 28161 11969 61057 44609 28161 11969 61057 44609
13 216 8 8 1 1 3557 3557 3557 3557 3557 3557 3557 3557 23861 23861 23861 23861 23861 23861 23861 23861
0 166 8 8 1 1 166 32806 166 32806 166 32806 166 32806 13530 46170 13530 46170 13530 46170 13530 46170
58 184 8 8 1 1 15090 15090 15090 15090 15090 15090 15090 15090 51842 51842 51842 51842 51842 51842 51842 51842
240 98 8 8 1 1 61522 28882 61522 28882 61522 28882 61522 28882 44046 11406 44046 11406 44046 11406 44046 11406
246 28 8 8 1 1 62994 62994 62994 62994 62994 62994 62994 62994 48858 48858 48858 48858 48858 48858 48858 48858
95 151 8 8 1 1 24566 8118 57206 40758 24566 8118 57206 40758 61832 45384 28936 12744 61832 45384 28936 12744
223 123 8 8 1 1 57178 40730 24538 8090 57178 40730 24538 8090 43300 27108 10660 59748 43300 27108 10660 59748
248 73 8 8 1 1 63553 14465 30913 47105 63553 14465 30913 47105 42735 58927 9839 26287 42735 58927 9839 26287
102 139 8 8 1 1 26353 9905 58993 42545 26353 9905 58993 42545 4251 53339 36891 20699 4251 53339 36891 20699
222 2 8 8 1 1 57056 24160 57056 24160 57056 24160 57056 24160 23132 56028 23132 56028 23132 56028 23132 56028
28 189 8 8 1 1 7385 23577 40025 56473 7385 23577 40025 56473 58015 8927 25119 41567 58015 8927 25119 41567
203 64 8 8 1 1 51979 51979 51979 51979 51979 51979 51979 51979 19339 19339 19339 19339 19339 19339 19339 19339
38 20 8 8 1 1 9786 9786 9786 9786 9786 9786 9786 9786 65042 65042 65042 65042 65042 65042 65042 65042
127 193 8 8 1 1 32576 49024 65472 16128 32576 49024 65472 16128 15870 32062 48510 64958 15870 32062 48510 64958
204 43 8 8 1 1 52471 36023 19575 3127 52471 36023 19575 3127 13921 63009 46817 30369 13921 63009 46817 30369
75 60 8 8 1 1 19335 19335 19335 19335 19335 19335 19335 19335 54031 54031 54031 54031 54031 54031 54031 54031
166 7 8 8 1 1 42669 26221 9773 59117 42669 26221 9773 59117 22623 6175 55519 39071 22623 6175 55519 39071
164 238 8 8 1 1 42130 9234 42130 9234 42130 9234 42130 9234 18486 51382 18486 51382 18486 51382 18486 51382
230 222 8 8 1 1 59076 26180 59076 26180 59076 26180 59076 26180 43656 10760 43656 10760 43656 10760 43656 10760
232 133 8 8 1 1 59501 10413 26861 43053 59501 10413 26861 43053 7843 24291 40483 56931 7843 24291 40483 56931
228 13 8 8 1 1 58609 9265 25713 42161 58609 9265 25713 42161 2583 19031 35479 51927 2583 19031 35479 51927
127 163 8 8 1 1 32546 16354 65442 48994 32546 16354 65442 48994 63900 47452 31004 14812 63900 47452 31004 14812
195 245 8 8 1 1 50104 1016 17208 33656 50104 1016 17208 33656 6414 22862 39310 55758 6414 22862 39310 55758
35 134 8 8 1 1 9129 41769 9129 41769 9129 41769 9129 41769 38685 6045 38685 6045 38685 6045 38685 6045
110 182 8 8 1 1 28196 61092 28196 61092 28196 61092 28196 61092 33336 696 33336 696 33336 696 33336 696
187 53 8 8 1 1 48112 64304 15216 31664 48112 64304 15216 31664 37318 53510 4422 20870 37318 53510 4422 20870
46 75 8 8 1 1 11897 60985 44793 28345 11897 60985 44793 28345 22691 6243 55331 39139 22691 6243 55331 39139
100 134 8 8 1 1 25834 58474 25834 58474 25834 58474 25834 58474 55390 22750 55390 22750 55390 22750 55390 22750
118 80 8 8 1 1 30406 30406 30406 30406 30406 30406 30406 30406 54822 54822 54822 54822 54822 54822 54822 54822
107 243 8 8 1 1 27486 11038 60382 43934 27486 11038 60382 43934 17720 1528 50616 34168 17720 1528 50616 34168
109 123 8 8 1 1 28136 11688 60776 44328 28136 11688 60776 44328 14258 63346 46898 30706 14258 63346 46898 30706
61 110 8 8 1 1 15787 48427 15787 48427 15787 48427 15787 48427 57679 25039 57679 25039 57679 25039 57679 25039
213 196 8 8 1 1 54681 54681 54681 54681 54681 54681 54681 54681 19729 19729 19729 19729 19729 19729 19729 19729
184 27 8 8 1 1 47315 30867 14419 63507 47315 30867 14419 63507 16989 541 49885 33437 16989 541 49885 33437
156 8 8 8 1 1 40100 40100 40100 40100 40100 40100 40100 40100 35988 35988 35988 35988 35988 35988 35988 35988
251 227 8 8 1 1 64478 48030 31582 15134 64478 48030 31582 15134 62936 46488 30040 13592 62936 46488 30040 13592
176 199 8 8 1 1 45175 28727 12535 61623 45175 28727 12535 61623 58025 41577 25129 8937 58025 41577 25129 8937
51 159 8 8 1 1 13266 62354 45906 29458 13266 62354 45906 29458 46420 29972 13780 62868 46420 29972 13780 62868
29 215 8 8 1 1 7668 56756 40308 23860 7668 56756 40308 23860 12038 61382 44934 28486 12038 61382 44934 28486
56 254 8 8 1 1 14390 47286 14390 47286 14390 47286 14390 47286 48314 15418 48314 15418 48314 15418 48314 15418
49 151 8 8 1 1 12744 61832 45384 28936 12744 61832 45384 28936 50010 33562 17370 922 50010 33562 17370 922
129 182 8 8 1 1 33079 439 33079 439 33079 439 33079 439 38219 5579 38219 5579 38219 5579 38219 5579
204 250 8 8 1 1 52422 19526 52422 19526 52422 19526 52422 19526 22610 55506 22610 55506 22610 55506 22610 55506
14 130 8 8 1 1 3728 36368 3728 36368 3728 36368 3728 36368 35340 2700 35340 2700 35340 2700 35340 2700
112 75 8 8 1 1 28859 12411 61499 45307 28859 12411 61499 45307 39653 23205 6757 55845 39653 23205 6757 55845
91 242 8 8 1 1 23373 56269 23373 56269 23373 56269 23373 56269 63465 30569 63465 30569 63465 30569 63465 30569
102 205 8 8 1 1 26163 42611 59059 9971 26163 42611 59059 9971 3289 19481 35929 52377 3289 19481 35929 52377
72 253 8 8 1 1 18501 34949 51397 2053 18501 34949 51397 2053 36491 52939 3595 20043 36491 52939 3595 20043
84 153 8 8 1 1 21741 37933 54381 5293 21741 37933 54381 5293 25339 41531 57979 8891 25339 41531 57979 8891
106 43 8 8 1 1 27285 10837 59925 43733 27285 10837 59925 43733 54527 38079 21631 5183 54527 38079 21631 5183
121 50 8 8 1 1 31147 63787 31147 63787 31147 63787 31147 63787 38343 5447 38343 5447 38343 5447 38343 5447
19 3 8 8 1 1 4886 54230 37782 21334 4886 54230 37782 21334 52688 36240 19792 3344 52688 36240 19792 3344
208 4 8 8 1 1 53460 53460 53460 53460 53460 53460 53460 53460 51404 51404 51404 51404 51404 51404 51404 51404
62 39 8 8 1 1 15973 65061 48869 32421 15973 65061 48869 32421 45271 28823 12375 61463 45271 28823 12375 61463
198 25 8 8 1 1 50911 1567 18015 34463 50911 1567 18015 34463 54509 5165 21613 38061 54509 5165 21613 38061
161 179 8 8 1 1 41300 24852 8660 57748 41300 24852 8660 57748 64430 47982 31534 15342 64430 47982 31534 15342
108 56 8 8 1 1 27812 27812 27812 27812 27812 27812 27812 27812 64564 64564 64564 64564 64564 64564 64564 64564
28 48 8 8 1 1 7244 7244 7244 7244 7244 7244 7244 7244 48364 48364 48364 48364 48364 48364 48364 48364
231 125 8 8 1 1 59236 10148 26596 42788 59236 10148 26596 42788 11690 28138 44330 60778 11690 28138 44330 60778
104 158 8 8 1 1 26630 59526 26630 59526 26630 59526 26630 59526 44106 11466 44106 11466 44106 11466 44106 11466
169 173 8 8 1 1 43350 59798 10710 26902 43350 59798 10710 26902 36668 53116 4028 20476 36668 53116 4028 20476
170 122 8 8 1 1 43556 10916 43556 10916 43556 10916 43556 10916 14000 46640 14000 46640 14000 46640 14000 46640
77 254 8 8 1 1 19787 52683 19787 52683 19787 52683 19787 52683 53711 20815 53711 20815 53711 20815 53711 20815
3 44 8 8 1 1 815 815 815 815 815 815 815 815 43991 43991 43991 43991 43991 43991 43991 43991
90 188 8 8 1 1 23062 23062 23062 23062 23062 23062 23062 23062 58014 58014 58014 58014 58014 58014 58014 58014
219 125 8 8 1 1 56152 7064 23512 39704 56152 7064 23512 39704 8606 25054 41246 57694 8606 25054 41246 57694
159 238 8 8 1 1 40845 7949 40845 7949 40845 7949 40845 7949 17201 50097 17201 50097 17201 50097 17201 50097
254 224 8 8 1 1 65246 65246 65246 65246 65246 65246 65246 65246 15902 15902 15902 15902 15902 15902 15902 15902
241 139 8 8 1 1 61820 45372 29180 12732 61820 45372 29180 12732 39718 23526 7078 56166 39718 23526 7078 56166
244 218 8 8 1 1 62670 29774 62670 29774 62670 29774 62670 29774 49306 16410 49306 16410 49306 16410 49306 16410
215 113 8 8 1 1 55112 6024 22472 38664 55112 6024 22472 38664 13734 30182 46374 62822 13734 30182 46374 62822
171 80 8 8 1 1 44027 44027 44027 44027 44027 44027 44027 44027 2907 2907 2907 2907 2907 2907 2907 2907
51 210 8 8 1 1 13061 45957 13061 45957 13061 45957 13061 45957 4065 36705 4065 36705 4065 36705 4065 36705
166 93 8 8 1 1 42499 58947 9859 26307 42499 58947 9859 26307 11401 27849 44041 60489 11401 27849 44041 60489
247 54 8 8 1 1 63277 30637 63277 30637 63277 30637 63277 30637 2881 35777 2881 35777 2881 35777 2881 35777
204 230 8 8 1 1 52402 19506 52402 19506 52402 19506 52402 19506 32870 230 32870 230 32870 230 32870 230
98 127 8 8 1 1 25313 8865 57953 41505 25313 8865 57953 41505 9379 58467 42019 25827 9379 58467 42019 25827
72 129 8 8 1 1 18633 34825 51273 2185 18633 34825 51273 2185 34311 50759 1671 18119 34311 50759 1671 18119
93 165 8 8 1 1 23810 40258 56706 7618 23810 40258 56706 7618 21496 37688 54136 5048 21496 37688 54136 5048
140 55 8 8 1 1 36035 19587 3139 52227 36035 19587 3139 52227 56853 40661 24213 7765 56853 40661 24213 7765
70 7 8 8 1 1 17997 1549 50893 34445 17997 1549 50893 34445 63743 47295 30847 14399 63743 47295 30847 14399
199 122 8 8 1 1 51009 18369 51009 18369 51009 18369 51009 18369 21453 54093 21453 54093 21453 54093 21453 54093
141 173 8 8 1 1 36154 52602 3514 19962 36154 52602 3514 19962 29472 45920 62368 13280 29472 45920 62368 13280
73 207 8 8 1 1 18712 2520 51608 35160 18712 2520 51608 35160 27450 11258 60346 43898 27450 11258 60346 43898
52 156 8 8 1 1 13520 13520 13520 13520 13520 13520 13520 13520 64664 64664 64664 64664 64664 64664 64664 64664
59 12 8 8 1 1 15175 15175 15175 15175 15175 15175 15175 15175 9007 9007 9007 9007 9007 9007 9007 9007
134 109 8 8 1 1 34547 50739 1651 18099 34547 50739 1651 18099 60505 11417 27865 44057 60505 11417 27865 44057
147 77 8 8 1 1 37856 54048 4960 21408 37856 54048 4960 21408 14726 31174 47366 63814 14726 31174 47366 63814
173 161 8 8 1 1 44366 60814 11726 27918 44366 60814 11726 27918 43852 60300 11212 27404 43852 60300 11212 27404
223 65 8 8 1 1 57120 8032 24480 40928 57120 8032 24480 40928 40414 56606 7518 23966 40414 56606 7518 23966
2 105 8 8 1 1 619 17067 33515 49707 619 17067 33515 49707 28889 45081 61529 12441 28889 45081 61529 12441
126 223 8 8 1 1 32349 15901 65245 48797 32349 15901 65245 48797 32863 16415 223 49311 32863 16415 223 49311
146 23 8 8 1 1 37545 21097 4649 53993 37545 21097 4649 53993 9275 58619 42171 25723 9275 58619 42171 25723
99 68 8 8 1 1 25511 25511 25511 25511 25511 25511 25511 25511 56095 56095 56095 56095 56095 56095 56095 56095
95 205 8 8 1 1 24364 40812 57260 8172 24364 40812 57260 8172 1490 17682 34130 50578 1490 17682 34130 50578
21 230 8 8 1 1 5627 38267 5627 38267 5627 38267 5627 38267 51631 18735 51631 18735 51631 18735 51631 18735
175 113 8 8 1 1 44832 61280 12192 28640 44832 61280 12192 28640 3454 19902 36350 52542 3454 19902 36350 52542
50 236 8 8 1 1 12830 12830 12830 12830 12830 12830 12830 12830 23110 23110 23110 23110 23110 23110 23110 23110
249 107 8 8 1 1 63844 47396 31204 14756 63844 47396 31204 14756 58190 41742 25550 9102 58190 41742 25550 9102
85 162 8 8 1 1 22007 54647 22007 54647 22007 54647 22007 54647 37171 4531 37171 4531 37171 4531 37171 4531
200 199 8 8 1 1 51343 34895 18447 2255 51343 34895 18447 2255 64193 47745 31297 14849 64193 47745 31297 14849
85 45 8 8 1 1 21890 38338 54530 5442 21890 38338 54530 5442 15208 31656 48104 64296 15208 31656 48104 64296
34 95 8 8 1 1 8833 57921 41473 25281 8833 57921 41473 25281 9347 58435 41987 25795 9347 58435 41987 25795
37 48 8 8 1 1 9557 9557 9557 9557 9557 9557 9557 9557 50677 50677 50677 50677 50677 50677 50677 50677
20 89 8 8 1 1 5229 21677 38125 54317 5229 21677 38125 54317 41723 57915 8827 25275 41723 57915 8827 25275
137 91 8 8 1 1 35300 18852 2404 51492 35300 18852 2404 51492 37870 21422 4974 54062 37870 21422 4974 54062
172 249 8 8 1 1 44197 60645 11301 27749 44197 60645 11301 27749 64243 14899 31347 47795 64243 14899 31347 47795
210 244 8 8 1 1 53958 53958 53958 53958 53958 53958 53958 53958 60126 60126 60126 60126 60126 60126 60126 60126
241 228 8 8 1 1 61909 61909 61909 61909 61909 61909 61909 61909 10509 10509 10509 10509 10509 10509 10509 10509
116 233 8 8 1 1 29789 46237 62685 13341 29789 46237 62685 13341 58059 8715 25163 41611 58059 8715 25163 41611
94 146 8 8 1 1 24304 56944 24304 56944 24304 56944 24304 56944 47692 15052 47692 15052 47692 15052 47692 15052
164 254 8 8 1 1 42146 9250 42146 9250 42146 9250 42146 9250 10278 43174 10278 43174 10278 43174 10278 43174
53 128 8 8 1 1 13749 13749 13749 13749 13749 13749 13749 13749 13749 13749 13749 13749 13749 13749 13749 13749
25 211 8 8 1 1 6636 55724 39276 22828 6636 55724 39276 22828 13062 62406 45958 29510 13062 62406 45958 29510
85 9 8 8 1 1 21854 38302 54750 5406 21854 38302 54750 5406 33676 50124 780 17228 33676 50124 780 17228
66 47 8 8 1 1 17009 561 49905 33457 17009 561 49905 33457 42195 25747 9299 58387 42195 25747 9299 58387
88 48 8 8 1 1 22664 22664 22664 22664 22664 22664 22664 22664 63528 63528 63528 63528 63528 63528 63528 63528
197 234 8 8 1 1 50607 17711 50607 17711 50607 17711 50607 17711 29019 61915 29019 61915 29019 61915 29019 61915
165 221 8 8 1 1 42370 58818 9474 25922 42370 58818 9474 25922 11016 27464 43912 60360 11016 27464 43912 60360
12 149 8 8 1 1 3233 19681 35873 52321 3233 19681 35873 52321 8887 25335 41527 57975 8887 25335 41527 57975
190 145 8 8 1 1 48719 65167 16079 32271 48719 65167 16079 32271 56429 7341 23789 39981 56429 7341 23789 39981
178 105 8 8 1 1 45595 62043 12955 29403 45595 62043 12955 29403 8329 24777 40969 57417 8329 24777 40969 57417
39 147 8 8 1 1 10170 59258 42810 26618 10170 59258 42810 26618 49492 33044 16852 404 49492 33044 16852 404
32 226 8 8 1 1 8194 41090 8194 41090 8194 41090 8194 41090 56510 23614 56510 23614 56510 23614 56510 23614
145 142 8 8 1 1 37151 4511 37151 4511 37151 4511 37151 4511 62851 29955 62851 29955 62851 29955 62851 29955
212 135 8 8 1 1 54363 37915 21723 5275 54363 37915 21723 5275 34317 18125 1677 50765 34317 18125 1677 50765
5 28 8 8 1 1 1313 1313 1313 1313 1313 1313 1313 1313 52713 52713 52713 52713 52713 52713 52713 52713
44 66 8 8 1 1 11374 44270 11374 44270 11374 44270 11374 44270 10346 43242 10346 43242 10346 43242 10346 43242
0 127 8 8 1 1 127 49215 33023 16575 127 49215 33023 16575 49729 33281 17089 641 49729 33281 17089 641
157 49 8 8 1 1 40398 56590 7502 23950 40398 56590 7502 23950 31660 48108 64300 15212 31660 48108 64300 15212
206 153 8 8 1 1 52839 3751 20199 36391 52839 3751 20199 36391 56437 7349 23797 39989 56437 7349 23797 39989
122 209 8 8 1 1 31307 47755 64203 14859 31307 47755 64203 14859 6377 22569 39017 55465 6377 22569 39017 55465
160 157 8 8 1 1 41021 57469 8381 24829 41021 57469 8381 24829 42563 59011 9923 26115 42563 59011 9923 26115
94 206 8 8 1 1 24108 57004 24108 57004 24108 57004 24108 57004 16912 49808 16912 49808 16912 49808 16912 49808
234 21 8 8 1 1 60159 10815 27263 43711 60159 10815 27263 43711 21 16469 32917 49365 21 16469 32917 49365
165 211 8 8 1 1 42360 25912 9720 58808 42360 25912 9720 58808 49042 32594 16146 65490 49042 32594 16146 65490
142 183 8 8 1 1 36421 19973 3781 52869 36421 19973 3781 52869 57495 41047 24599 8407 57495 41047 24599 8407
11 216 8 8 1 1 3043 3043 3043 3043 3043 3043 3043 3043 23347 23347 23347 23347 23347 23347 23347 23347
219 127 8 8 1 1 56154 39706 23514 7066 56154 39706 23514 7066 40220 24028 7580 56668 40220 24028 7580 56668
33 212 8 8 1 1 8693 8693 8693 8693 8693 8693 8693 8693 31053 31053 31053 31053 31053 31053 31053 31053
143 56 8 8 1 1 36807 36807 36807 36807 36807 36807 36807 36807 8023 8023 8023 8023 8023 8023 8023 8023
244 210 8 8 1 1 62662 29766 62662 29766 62662 29766 62662 29766 53410 20514 53410 20514 53410 20514 53410 20514
158 15 8 8 1 1 40621 24173 7725 57069 40621 24173 7725 57069 16463 15 49359 32911 16463 15 49359 32911
30 205 8 8 1 1 7915 24107 40555 57003 7915 24107 40555 57003 50321 1233 17425 33873 50321 1233 17425 33873
200 132 8 8 1 1 51276 51276 51276 51276 51276 51276 51276 51276 49220 49220 49220 49220 49220 49220 49220 49220
141 13 8 8 1 1 36250 52698 3354 19802 36250 52698 3354 19802 46016 62208 13120 29568 46016 62208 13120 29568
157 245 8 8 1 1 40338 56786 7442 23890 40338 56786 7442 23890 62440 13096 29544 45992 62440 13096 29544 45992
101 74 8 8 1 1 26031 58671 26031 58671 26031 58671 26031 58671 20891 53531 20891 53531 20891 53531 20891 53531
154 83 8 8 1 1 39661 23213 6765 55853 39661 23213 6765 55853 46087 29895 13447 62535 46087 29895 13447 62535
101 112 8 8 1 1 26069 26069 26069 26069 26069 26069 26069 26069 34293 34293 34293 34293 34293 34293 34293 34293
238 46 8 8 1 1 60956 28316 60956 28316 60956 28316 60956 28316 4672 37568 4672 37568 4672 37568 4672 37568
25 97 8 8 1 1 6522 22970 39418 55610 6522 22970 39418 55610 38904 55096 6008 22456 38904 55096 6008 22456
155 194 8 8 1 1 39773 7133 39773 7133 39773 7133 39773 7133 38745 6105 38745 6105 38745 6105 38745 6105
100 4 8 8 1 1 25704 25704 25704 25704 25704 25704 25704 25704 23648 23648 23648 23648 23648 23648 23648 23648
50 210 8 8 1 1 12804 45700 12804 45700 12804 45700 12804 45700 3808 36448 3808 36448 3808 36448 3808 36448
148 29 8 8 1 1 38065 54513 5169 21617 38065 54513 5169 21617 39607 56055 6711 23159 39607 56055 6711 23159
228 63 8 8 1 1 58403 42211 25763 9315 58403 42211 25763 9315 9829 58917 42725 26277 9829 58917 42725 26277
82 198 8 8 1 1 21016 53912 21016 53912 21016 53912 21016 53912 17932 50828 17932 50828 17932 50828 17932 50828
189 193 8 8 1 1 48510 64958 15870 32062 48510 64958 15870 32062 31548 47996 64444 15356 31548 47996 64444 15356
120 104 8 8 1 1 30944 30944 30944 30944 30944 30944 30944 30944 43024 43024 43024 43024 43024 43024 43024 43024
10 181 8 8 1 1 2751 19199 35391 51839 2751 19199 35391 51839 57493 8405 24597 41045 57493 8405 24597 41045
123 183 8 8 1 1 31538 15346 64434 47986 31538 15346 64434 47986 52612 36164 19716 3524 52612 36164 19716 3524
249 133 8 8 1 1 63870 14782 31230 47422 63870 14782 31230 47422 12212 28660 44852 61300 12212 28660 44852 61300
224 180 8 8 1 1 57492 57492 57492 57492 57492 57492 57492 57492 30764 30764 30764 30764 30764 30764 30764 30764
79 203 8 8 1 1 20250 4058 53146 36698 20250 4058 53146 36698 31044 14596 63940 47492 31044 14596 63940 47492
129 102 8 8 1 1 33255 359 33255 359 33255 359 33255 359 13723 46363 13723 46363 13723 46363 13723 46363
173 194 8 8 1 1 44399 11759 44399 11759 44399 11759 44399 11759 43371 10731 43371 10731 43371 10731 43371 10731
89 169 8 8 1 1 22786 39234 55682 6594 22786 39234 55682 6594 18416 34608 51056 1968 18416 34608 51056 1968
100 232 8 8 1 1 25676 25676 25676 25676 25676 25676 25676 25676 38012 38012 38012 38012 38012 38012 38012 38012
173 232 8 8 1 1 44437 44437 44437 44437 44437 44437 44437 44437 56773 56773 56773 56773 56773 56773 56773 56773
239 112 8 8 1 1 61279 61279 61279 61279 61279 61279 61279 61279 3967 3967 3967 3967 3967 3967 3967 3967
229 211 8 8 1 1 58808 42360 25912 9720 58808 42360 25912 9720 65490 49042 32594 16146 65490 49042 32594 16146
227 75 8 8 1 1 58158 41966 25518 9070 58158 41966 25518 9070 3416 52504 36312 19864 3416 52504 36312 19864
163 212 8 8 1 1 41847 41847 41847 41847 41847 41847 41847 41847 64463 64463 64463 64463 64463 64463 64463 64463
103 194 8 8 1 1 26409 59305 26409 59305 26409 59305 26409 59305 25381 58277 25381 58277 25381 58277 25381 58277
5 103 8 8 1 1 1388 50476 34284 17836 1388 50476 34284 17836 63326 46878 30686 14238 63326 46878 30686 14238
200 6 8 8 1 1 51406 18510 51406 18510 51406 18510 51406 18510 15426 48322 15426 48322 15426 48322 15426 48322
150 169 8 8 1 1 38463 54911 5823 22271 38463 54911 5823 22271 33837 50285 1197 17645 33837 50285 1197 17645
171 67 8 8 1 1 44014 27566 11118 60206 44014 27566 11118 60206 58664 42472 26024 9576 58664 42472 26024 9576
36 27 8 8 1 1 9279 58623 42175 25727 9279 58623 42175 25727 44745 28297 11849 60937 44745 28297 11849 60937
212 177 8 8 1 1 54405 5317 21509 37957 54405 5317 21509 37957 45667 62115 13027 29219 45667 62115 13027 29219
106 96 8 8 1 1 27338 27338 27338 27338 27338 27338 27338 27338 43530 43530 43530 43530 43530 43530 43530 43530
7 82 8 8 1 1 1881 34777 1881 34777 1881 34777 1881 34777 58165 25525 58165 25525 58165 25525 58165 25525
110 139 8 8 1 1 28409 11961 61049 44601 28409 11961 61049 44601 6307 55395 38947 22755 6307 55395 38947 22755
69 242 8 8 1 1 17719 50615 17719 50615 17719 50615 17719 50615 57811 24915 57811 24915 57811 24915 57811 24915
143 192 8 8 1 1 36687 36687 36687 36687 36687 36687 36687 36687 4047 4047 4047 4047 4047 4047 4047 4047
84 158 8 8 1 1 21746 54386 21746 54386 21746 54386 21746 54386 38966 6326 38966 6326 38966 6326 38966 6326
91 217 8 8 1 1 23348 39796 56244 7156 23348 39796 56244 7156 59842 10498 26946 43394 59842 10498 26946 43394
214 82 8 8 1 1 54824 22184 54824 22184 54824 22184 54824 22184 45572 12932 45572 12932 45572 12932 45572 12932
65 207 8 8 1 1 16656 464 49552 33104 16656 464 49552 33104 25394 9202 58290 41842 25394 9202 58290 41842
140 238 8 8 1 1 35962 3322 35962 3322 35962 3322 35962 3322 12318 45214 12318 45214 12318 45214 12318 45214
249 3 8 8 1 1 63996 47548 31100 14652 63996 47548 31100 14652 46006 29558 13110 62454 46006 29558 13110 62454
143 113 8 8 1 1 36608 53056 3968 20416 36608 53056 3968 20416 60766 11678 28126 44318 60766 11678 28126 44318
224 197 8 8 1 1 57509 8421 24613 41061 57509 8421 24613 41061 38491 54939 5851 22043 38491 54939 5851 22043
46 30 8 8 1 1 11852 44748 11852 44748 11852 44748 11852 44748 29328 61968 29328 61968 29328 61968 29328 61968
152 85 8 8 1 1 39149 55341 6253 22701 39149 55341 6253 22701 11907 28355 44547 60995 11907 28355 44547 60995
32 200 8 8 1 1 8424 8424 8424 8424 8424 8424 8424 8424 36952 36952 36952 36952 36952 36952 36952 36952
112 24 8 8 1 1 28808 28808 28808 28808 28808 28808 28808 28808 16472 16472 16472 16472 16472 16472 16472 16472
55 114 8 8 1 1 14249 46889 14249 46889 14249 46889 14249 46889 54085 21445 54085 21445 54085 21445 54085 21445
251 200 8 8 1 1 64451 64451 64451 64451 64451 64451 64451 64451 27443 27443 27443 27443 27443 27443 27443 27443
59 252 8 8 1 1 15159 15159 15159 15159 15159 15159 15159 15159 17215 17215 17215 17215 17215 17215 17215 17215
28 51 8 8 1 1 7247 56335 40143 23695 7247 56335 40143 23695 30377 13929 63017 46825 30377 13929 63017 46825
13 39 8 8 1 1 3380 52724 36276 19828 3380 52724 36276 19828 32678 16230 65318 49126 32678 16230 65318 49126
33 64 8 8 1 1 8545 8545 8545 8545 8545 8545 8545 8545 41441 41441 41441 41441 41441 41441 41441 41441
183 139 8 8 1 1 46914 30466 14274 63362 46914 30466 14274 63362 25068 8620 57708 41260 25068 8620 57708 41260
110 84 8 8 1 1 28354 28354 28354 28354 28354 28354 28354 28354 50714 50714 50714 50714 50714 50714 50714 50714
38 129 8 8 1 1 9895 26343 42535 58983 9895 26343 42535 58983 25829 42021 58469 9381 25829 42021 58469 9381
15 71 8 8 1 1 3926 53014 36822 20374 3926 53014 36822 20374 16776 328 49416 33224 16776 328 49416 33224
215 160 8 8 1 1 55159 55159 55159 55159 55159 55159 55159 55159 38711 38711 38711 38711 38711 38711 38711 38711
199 254 8 8 1 1 51141 18245 51141 18245 51141 18245 51141 18245 19273 52169 19273 52169 19273 52169 19273 52169
122 177 8 8 1 1 31275 47723 64171 15083 31275 47723 64171 15083 22537 38985 55433 6345 22537 38985 55433 6345
143 126 8 8 1 1 36621 3981 36621 3981 36621 3981 36621 3981 5009 37649 5009 37649 5009 37649 5009 37649
178 31 8 8 1 1 45777 29329 12881 61969 45777 29329 12881 61969 13395 62483 46291 29843 13395 62483 46291 29843
39 167 8 8 1 1 10190 59278 42830 26382 10190 59278 42830 26382 39232 22784 6592 55680 39232 22784 6592 55680
44 75 8 8 1 1 11383 60471 44279 27831 11383 60471 44279 27831 22177 5729 54817 38625 22177 5729 54817 38625
10 70 8 8 1 1 2640 35536 2640 35536 2640 35536 2640 35536 65092 32452 65092 32452 65092 32452 65092 32452
217 146 8 8 1 1 55659 23019 55659 23019 55659 23019 55659 23019 13767 46407 13767 46407 13767 46407 13767 46407
47 142 8 8 1 1 12221 44861 12221 44861 12221 44861 12221 44861 37665 5025 37665 5025 37665 5025 37665 5025
8 93 8 8 1 1 2149 18597 35045 51237 2149 18597 35045 51237 36587 52779 3691 20139 36587 52779 3691 20139
91 175 8 8 1 1 23306 7114 56202 39754 23306 7114 56202 39754 48492 32044 15852 64940 48492 32044 15852 64940
148 2 8 8 1 1 38038 5142 38038 5142 38038 5142 38038 5142 4114 37010 4114 37010 4114 37010 4114 37010
5 254 8 8 1 1 1283 34179 1283 34179 1283 34179 1283 34179 35207 2311 35207 2311 35207 2311 35207 2311
7 128 8 8 1 1 1927 1927 1927 1927 1927 1927 1927 1927 1927 1927 1927 1927 1927 1927 1927 1927
152 212 8 8 1 1 39020 39020 39020 39020 39020 39020 39020 39020 61636 61636 61636 61636 61636 61636 61636 61636
186 205 8 8 1 1 47751 64199 14855 31303 47751 64199 14855 31303 24621 41069 57517 8429 24621 41069 57517 8429
247 77 8 8 1 1 63300 14212 30660 46852 63300 14212 30660 46852 40426 56618 7530 23978 40426 56618 7530 23978
87 237 8 8 1 1 22340 38788 55236 5892 22340 38788 55236 5892 48554 65002 15658 32106 48554 65002 15658 32106
31 166 8 8 1 1 8133 40773 8133 40773 8133 40773 8133 40773 21497 54137 21497 54137 21497 54137 21497 54137
178 6 8 8 1 1 45752 12856 45752 12856 45752 12856 45752 12856 9772 42668 9772 42668 9772 42668 9772 42668
111 111 8 8 1 1 28638 12190 61278 44830 28638 12190 61278 44830 20928 4480 53568 37120 20928 4480 53568 37120
94 146 8 8 1 1 24304 56944 24304 56944 24304 56944 24304 56944 47692 15052 47692 15052 47692 15052 47692 15052
163 53 8 8 1 1 41944 58136 9048 25496 41944 58136 9048 25496 31150 47598 63790 14702 31150 47598 63790 14702
133 219 8 8 1 1 34144 17696 1504 50592 34144 17696 1504 50592 36714 20266 4074 53162 36714 20266 4074 53162
8 107 8 8 1 1 2163 51251 35059 18611 2163 51251 35059 18611 62045 45597 29405 12957 62045 45597 29405 12957
227 175 8 8 1 1 58258 41810 25362 9170 58258 41810 25362 9170 17908 1460 50548 34100 17908 1460 50548 34100
217 76 8 8 1 1 55589 55589 55589 55589 55589 55589 55589 55589 16781 16781 16781 16781 16781 16781 16781 16781
126 13 8 8 1 1 32395 48843 65035 15947 32395 48843 65035 15947 42161 58609 9265 25713 42161 58609 9265 25713
32 163 8 8 1 1 8387 57475 41027 24579 8387 57475 41027 24579 39485 23293 6845 55933 39485 23293 6845 55933
116 168 8 8 1 1 29724 29724 29724 29724 29724 29724 29724 29724 9420 9420 9420 9420 9420 9420 9420 9420
215 189 8 8 1 1 55188 6100 22292 38740 55188 6100 22292 38740 40282 56730 7642 23834 40282 56730 7642 23834
57 164 8 8 1 1 14813 14813 14813 14813 14813 14813 14813 14813 61845 61845 61845 61845 61845 61845 61845 61845
205 162 8 8 1 1 52591 19951 52591 19951 52591 19951 52591 19951 2475 35115 2475 35115 2475 35115 2475 35115
169 185 8 8 1 1 43362 59810 10722 26914 43362 59810 10722 26914 30512 46960 63408 14320 30512 46960 63408 14320
26 250 8 8 1 1 6676 39572 6676 39572 6676 39572 6676 39572 42656 9760 42656 9760 42656 9760 42656 9760
173 29 8 8 1 1 44490 60682 11594 28042 44490 60682 11594 28042 46032 62224 13136 29584 46032 62224 13136 29584
166 191 8 8 1 1 42597 26149 9957 59045 42597 26149 9957 59045 59559 43111 26663 10471 59559 43111 26663 10471
90 53 8 8 1 1 23183 39631 55823 6735 23183 39631 55823 6735 12389 28837 45285 61477 12389 28837 45285 61477
167 135 8 8 1 1 42798 26606 10158 59246 42798 26606 10158 59246 23008 6560 55648 39200 23008 6560 55648 39200
150 154 8 8 1 1 38448 5808 38448 5808 38448 5808 38448 5808 57980 25340 57980 25340 57980 25340 57980 25340
212 126 8 8 1 1 54354 21714 54354 21714 54354 21714 54354 21714 22742 55382 22742 55382 22742 55382 22742 55382
234 158 8 8 1 1 60040 27144 60040 27144 60040 27144 60040 27144 11980 44620 11980 44620 11980 44620 11980 44620
63 189 8 8 1 1 16380 32572 49020 65468 16380 32572 49020 65468 1474 17666 34114 50562 1474 17666 34114 50562
126 123 8 8 1 1 32505 16057 65145 48697 32505 16057 65145 48697 18627 2179 51267 34819 18627 2179 51267 34819
94 246 8 8 1 1 24148 57044 24148 57044 24148 57044 24148 57044 62184 29288 62184 29288 62184 29288 62184 29288
244 114 8 8 1 1 62566 29926 62566 29926 62566 29926 62566 29926 36866 4226 36866 4226 36866 4226 36866 4226
204 184 8 8 1 1 52356 52356 52356 52356 52356 52356 52356 52356 23572 23572 23572 23572 23572 23572 23572 23572
91 208 8 8 1 1 23339 23339 23339 23339 23339 23339 23339 23339 48011 48011 48011 48011 48011 48011 48011 48011
172 243 8 8 1 1 44191 27743 11295 60639 44191 27743 11295 60639 34425 17977 1785 50873 34425 17977 1785 50873
218 44 8 8 1 1 55814 55814 55814 55814 55814 55814 55814 55814 33454 33454 33454 33454 33454 33454 33454 33454
253 200 8 8 1 1 64965 64965 64965 64965 64965 64965 64965 64965 27957 27957 27957 27957 27957 27957 27957 27957
163 187 8 8 1 1 41822 25374 9182 58270 41822 25374 9182 58270 60840 44392 27944 11752 60840 44392 27944 11752
17 193 8 8 1 1 4562 20754 37202 53650 4562 20754 37202 53650 53136 4048 20240 36688 53136 4048 20240 36688
245 248 8 8 1 1 62957 62957 62957 62957 62957 62957 62957 62957 1533 1533 1533 1533 1533 1533 1533 1533
172 246 8 8 1 1 44194 11298 44194 11298 44194 11298 44194 11298 16438 49334 16438 49334 16438 49334 16438 49334
150 191 8 8 1 1 38485 22037 5845 54933 38485 22037 5845 54933 55447 38999 22551 6359 55447 38999 22551 6359
254 82 8 8 1 1 65104 32464 65104 32464 65104 32464 65104 32464 55852 23212 55852 23212 55852 23212 55852 23212
80 223 8 8 1 1 20527 4335 53423 36975 20527 4335 53423 36975 21041 4849 53937 37489 21041 4849 53937 37489
213 64 8 8 1 1 54549 54549 54549 54549 54549 54549 54549 54549 21909 21909 21909 21909 21909 21909 21909 21909
117 74 8 8 1 1 30143 62783 30143 62783 30143 62783 30143 62783 25003 57643 25003 57643 25003 57643 25003 57643
32 62 8 8 1 1 8286 41182 8286 41182 8286 41182 8286 41182 9314 42210 9314 42210 9314 42210 9314 42210
235 237 8 8 1 1 60376 11032 27480 43928 60376 11032 27480 43928 20798 37246 53694 4606 20798 37246 53694 4606
47 251 8 8 1 1 12074 61418 44970 28522 12074 61418 44970 28522 63988 47540 31092 14644 63988 47540 31092 14644
173 141 8 8 1 1 44346 60794 11706 28154 44346 60794 11706 28154 54112 5024 21472 37664 54112 5024 21472 37664
100 201 8 8 1 1 25645 42093 58541 9453 25645 42093 58541 9453 4827 21019 37467 53915 4827 21019 37467 53915
63 208 8 8 1 1 16143 16143 16143 16143 16143 16143 16143 16143 40815 40815 40815 40815 40815 40815 40815 40815
12 1 8 8 1 1 3085 19533 35981 52429 3085 19533 35981 52429 19019 35467 51915 2571 19019 35467 51915 2571
213 190 8 8 1 1 54675 21779 54675 21779 54675 21779 54675 21779 55703 22807 55703 22807 55703 22807 55703 22807
41 236 8 8 1 1 10517 10517 10517 10517 10517 10517 10517 10517 20797 20797 20797 20797 20797 20797 20797 20797
219 234 8 8 1 1 56261 23365 56261 23365 56261 23365 56261 23365 34673 2033 34673 2033 34673 2033 34673 2033
255 204 8 8 1 1 65483 65483 65483 65483 65483 65483 65483 65483 26419 26419 26419 26419 26419 26419 26419 26419
241 165 8 8 1 1 61846 12758 28950 45398 61846 12758 28950 45398 59276 10188 26380 42828 59276 10188 26380 42828
20 92 8 8 1 1 5232 5232 5232 5232 5232 5232 5232 5232 23736 23736 23736 23736 23736 23736 23736 23736
202 183 8 8 1 1 51841 35393 18945 2753 51841 35393 18945 2753 7379 56467 40019 23571 7379 56467 40019 23571
92 92 8 8 1 1 23736 23736 23736 23736 23736 23736 23736 23736 41984 41984 41984 41984 41984 41984 41984 41984
243 98 8 8 1 1 62293 29653 62293 29653 62293 29653 62293 29653 44817 12177 44817 12177 44817 12177 44817 12177
213 255 8 8 1 1 54740 38292 21844 5396 54740 38292 21844 5396 38806 22358 5910 55254 38806 22358 5910 55254
144 60 8 8 1 1 37068 37068 37068 37068 37068 37068 37068 37068 6228 6228 6228 6228 6228 6228 6228 6228
190 95 8 8 1 1 48669 32477 16029 65117 48669 32477 16029 65117 49183 32991 16543 95 49183 32991 16543 95
152 28 8 8 1 1 39092 39092 39092 39092 39092 39092 39092 39092 24700 24700 24700 24700 24700 24700 24700 24700
173 73 8 8 1 1 44534 60726 11638 28086 44534 60726 11638 28086 23460 39908 56100 7012 23460 39908 56100 7012
9 77 8 8 1 1 2390 18838 35286 51478 2390 18838 35286 51478 45052 61244 12156 28604 45052 61244 12156 28604
229 86 8 8 1 1 58683 26043 58683 26043 58683 26043 58683 26043 47375 14735 47375 14735 47375 14735 47375 14735
11 206 8 8 1 1 3033 35673 3033 35673 3033 35673 3033 35673 61373 28477 61373 28477 61373 28477 61373 28477
141 131 8 8 1 1 36112 19920 3472 52560 36112 19920 3472 52560 18378 1930 51018 34570 18378 1930 51018 34570
196 65 8 8 1 1 50181 1093 17541 33989 50181 1093 17541 33989 33475 49667 579 17027 33475 49667 579 17027
150 215 8 8 1 1 38509 22061 5869 54957 38509 22061 5869 54957 43135 26687 10495 59583 43135 26687 10495 59583
186 96 8 8 1 1 47642 47642 47642 47642 47642 47642 47642 47642 64090 64090 64090 64090 64090 64090 64090 64090
72 200 8 8 1 1 18448 18448 18448 18448 18448 18448 18448 18448 47232 47232 47232 47232 47232 47232 47232 47232
161 146 8 8 1 1 41267 8627 41267 8627 41267 8627 41267 8627 64911 32015 64911 32015 64911 32015 64911 32015
233 146 8 8 1 1 59771 27131 59771 27131 59771 27131 59771 27131 17879 50519 17879 50519 17879 50519 17879 50519
155 161 8 8 1 1 39740 56188 7100 23548 39740 56188 7100 23548 39226 55674 6586 23034 39226 55674 6586 23034
98 217 8 8 1 1 25147 41595 58043 8955 25147 41595 58043 8955 61641 12297 28745 45193 61641 12297 28745 45193
42 132 8 8 1 1 10926 10926 10926 10926 10926 10926 10926 10926 8870 8870 8870 8870 8870 8870 8870 8870
244 213 8 8 1 1 62665 13321 29769 46217 62665 13321 29769 46217 35423 51871 2783 18975 35423 51871 2783 18975
115 218 8 8 1 1 29517 62413 29517 62413 29517 62413 29517 62413 16153 49049 16153 49049 16153 49049 16153 49049
131 48 8 8 1 1 33715 33715 33715 33715 33715 33715 33715 33715 9043 9043 9043 9043 9043 9043 9043 9043
30 207 8 8 1 1 7917 57005 40557 24109 7917 57005 40557 24109 16399 207 49295 32847 16399 207 49295 32847
211 40 8 8 1 1 54267 54267 54267 54267 54267 54267 54267 54267 33707 33707 33707 33707 33707 33707 33707 33707
180 150 8 8 1 1 46154 13514 46154 13514 46154 13514 46154 13514 2206 34846 2206 34846 2206 34846 2206 34846
247 217 8 8 1 1 63440 14096 30544 46992 63440 14096 30544 46992 34142 50590 1502 17694 34142 50590 1502 17694
36 16 8 8 1 1 9268 9268 9268 9268 9268 9268 9268 9268 1044 1044 1044 1044 1044 1044 1044 1044
189 217 8 8 1 1 48534 64982 15638 32086 48534 64982 15638 32086 19236 35684 52132 3044 19236 35684 52132 3044
222 66 8 8 1 1 56864 24224 56864 24224 56864 24224 56864 24224 55836 23196 55836 23196 55836 23196 55836 23196
144 197 8 8 1 1 36949 53397 4309 20501 36949 53397 4309 20501 17931 34379 50827 1739 17931 34379 50827 1739
55 202 8 8 1 1 14081 46977 14081 46977 14081 46977 14081 46977 9197 41837 9197 41837 9197 41837 9197 41837
221 117 8 8 1 1 56658 7570 24018 40210 56658 7570 24018 40210 13224 29672 45864 62312 13224 29672 45864 62312
206 172 8 8 1 1 52858 52858 52858 52858 52858 52858 52858 52858 30242 30242 30242 30242 30242 30242 30242 30242
170 129 8 8 1 1 43563 60011 10923 27371 43563 60011 10923 27371 59497 10409 26857 43049 59497 10409 26857 43049
158 59 8 8 1 1 40665 24217 7769 56857 40665 24217 7769 56857 59427 43235 26787 10339 59427 43235 26787 10339
1 139 8 8 1 1 396 49484 33036 16844 396 49484 33036 16844 43830 27638 11190 60278 43830 27638 11190 60278
247 60 8 8 1 1 63283 63283 63283 63283 63283 63283 63283 63283 32699 32699 32699 32699 32699 32699 32699 32699
244 176 8 8 1 1 62628 62628 62628 62628 62628 62628 62628 62628 37956 37956 37956 37956 37956 37956 37956 37956
151 38 8 8 1 1 38845 5949 38845 5949 38845 5949 38845 5949 52209 19313 52209 19313 52209 19313 52209 19313
142 249 8 8 1 1 36487 52935 3591 20039 36487 52935 3591 20039 56533 7189 23637 40085 56533 7189 23637 40085
190 160 8 8 1 1 48734 48734 48734 48734 48734 48734 48734 48734 32286 32286 32286 32286 32286 32286 32286 32286
97 176 8 8 1 1 24849 24849 24849 24849 24849 24849 24849 24849 433 433 433 433 433 433 433 433
56 69 8 8 1 1 14461 30909 47357 63549 14461 30909 47357 63549 60979 11891 28339 44787 60979 11891 28339 44787
173 149 8 8 1 1 44354 60802 11714 27906 44354 60802 11714 27906 50008 920 17368 33560 50008 920 17368 33560
235 141 8 8 1 1 60280 11192 27640 43832 60280 11192 27640 43832 4510 20958 37150 53598 4510 20958 37150 53598
87 53 8 8 1 1 22412 38860 55052 5964 22412 38860 55052 5964 11618 28066 44514 60706 11618 28066 44514 60706
103 8 8 8 1 1 26479 26479 26479 26479 26479 26479 26479 26479 22367 22367 22367 22367 22367 22367 22367 22367
48 139 8 8 1 1 12475 61563 45115 28923 12475 61563 45115 28923 55909 39461 23269 6821 55909 39461 23269 6821
72 99 8 8 1 1 18603 2155 51243 35051 18603 2155 51243 35051 17061 613 49701 33509 17061 613 49701 33509
134 240 8 8 1 1 34422 34422 34422 34422 34422 34422 34422 34422 42646 42646 42646 42646 42646 42646 42646 42646
140 204 8 8 1 1 35928 35928 35928 35928 35928 35928 35928 35928 62656 62656 62656 62656 62656 62656 62656 62656
34 90 8 8 1 1 8828 41724 8828 41724 8828 41724 8828 41724 61000 28360 61000 28360 61000 28360 61000 28360
130 107 8 8 1 1 33517 17069 621 49709 33517 17069 621 49709 27863 11415 60503 44055 27863 11415 60503 44055
253 156 8 8 1 1 64921 64921 64921 64921 64921 64921 64921 64921 50529 50529 50529 50529 50529 50529 50529 50529
15 181 8 8 1 1 4036 20228 36676 53124 4036 20228 36676 53124 58778 9690 25882 42330 58778 9690 25882 42330
93 135 8 8 1 1 24036 7588 56676 40228 24036 7588 56676 40228 3990 53078 36630 20438 3990 53078 36630 20438
203 102 8 8 1 1 52017 19377 52017 19377 52017 19377 52017 19377 32741 65381 32741 65381 32741 65381 32741 65381
105 36 8 8 1 1 27021 27021 27021 27021 27021 27021 27021 27021 8517 8517 8517 8517 8517 8517 8517 8517
124 88 8 8 1 1 31956 31956 31956 31956 31956 31956 31956 31956 52260 52260 52260 52260 52260 52260 52260 52260
33 147 8 8 1 1 8628 57716 41268 25076 8628 57716 41268 25076 47950 31502 15310 64398 47950 31502 15310 64398
47 80 8 8 1 1 12159 12159 12159 12159 12159 12159 12159 12159 36831 36831 36831 36831 36831 36831 36831 36831
18 16 8 8 1 1 4642 4642 4642 4642 4642 4642 4642 4642 61954 61954 61954 61954 61954 61954 61954 61954
99 188 8 8 1 1 25375 25375 25375 25375 25375 25375 25375 25375 60327 60327 60327 60327 60327 60327 60327 60327
118 80 8 8 1 1 30406 30406 30406 30406 30406 30406 30406 30406 54822 54822 54822 54822 54822 54822 54822 54822
230 130 8 8 1 1 58984 26344 58984 26344 58984 26344 58984 26344 25316 57956 25316 57956 25316 57956 25316 57956
162 89 8 8 1 1 41723 57915 8827 25275 41723 57915 8827 25275 12425 28873 45065 61513 12425 28873 45065 61513
100 245 8 8 1 1 25689 42137 58585 9241 25689 42137 58585 9241 47791 64239 14895 31343 47791 64239 14895 31343
217 248 8 8 1 1 55761 55761 55761 55761 55761 55761 55761 55761 59873 59873 59873 59873 59873 59873 59873 59873
172 166 8 8 1 1 44114 11474 44114 11474 44114 11474 44114 11474 57478 24582 57478 24582 57478 24582 57478 24582
148 4 8 8 1 1 38040 38040 38040 38040 38040 38040 38040 38040 35984 35984 35984 35984 35984 35984 35984 35984
69 121 8 8 1 1 17854 34302 50494 1406 17854 34302 50494 1406 37644 54092 5004 21452 37644 54092 5004 21452
2 242 8 8 1 1 756 33396 756 33396 756 33396 756 33396 40592 7696 40592 7696 40592 7696 40592 7696
56 3 8 8 1 1 14395 63739 47291 30843 14395 63739 47291 30843 62197 45749 29301 12853 62197 45749 29301 12853
138 235 8 8 1 1 35445 18997 2805 51893 35445 18997 2805 51893 29791 13343 62687 46239 29791 13343 62687 46239
53 228 8 8 1 1 13593 13593 13593 13593 13593 13593 13593 13593 27985 27985 27985 27985 27985 27985 27985 27985
1 167 8 8 1 1 424 49512 33064 16872 424 49512 33064 16872 29466 13274 62362 45914 29466 13274 62362 45914
236 85 8 8 1 1 60481 11393 27841 44033 60481 11393 27841 44033 33495 49687 599 17047 33495 49687 599 17047
163 117 8 8 1 1 41752 58200 9112 25560 41752 58200 9112 25560 63854 14766 31214 47406 63854 14766 31214 47406
88 210 8 8 1 1 22570 55466 22570 55466 22570 55466 22570 55466 13318 46214 13318 46214 13318 46214 13318 46214
253 73 8 8 1 1 64838 15750 32198 48390 64838 15750 32198 48390 44020 60212 11124 27572 44020 60212 11124 27572
117 88 8 8 1 1 30157 30157 30157 30157 30157 30157 30157 30157 50461 50461 50461 50461 50461 50461 50461 50461
237 252 8 8 1 1 60905 60905 60905 60905 60905 60905 60905 60905 62961 62961 62961 62961 62961 62961 62961 62961
210 223 8 8 1 1 53937 37489 21041 4849 53937 37489 21041 4849 54451 38003 21555 5363 54451 38003 21555 5363
32 20 8 8 1 1 8244 8244 8244 8244 8244 8244 8244 8244 63500 63500 63500 63500 63500 63500 63500 63500
200 186 8 8 1 1 51330 18434 51330 18434 51330 18434 51330 18434 54414 21518 54414 21518 54414 21518 54414 21518
167 215 8 8 1 1 42878 26430 10238 59326 42878 26430 10238 59326 47504 31056 14608 63952 47504 31056 14608 63952
60 103 8 8 1 1 15523 64611 48163 31971 15523 64611 48163 31971 11925 61013 44565 28373 11925 61013 44565 28373
86 237 8 8 1 1 22083 38531 54979 5635 22083 38531 54979 5635 48297 64745 15401 31849 48297 64745 15401 31849
251 12 8 8 1 1 64263 64263 64263 64263 64263 64263 64263 64263 58351 58351 58351 58351 58351 58351 58351 58351
5 126 8 8 1 1 1411 34051 1411 34051 1411 34051 1411 34051 35079 2439 35079 2439 35079 2439 35079 2439
134 35 8 8 1 1 34473 18025 1577 50921 34473 18025 1577 50921 35 49379 32931 16483 35 49379 32931 16483
132 12 8 8 1 1 33936 33936 33936 33936 33936 33936 33936 33936 27768 27768 27768 27768 27768 27768 27768 27768
101 2 8 8 1 1 25959 58855 25959 58855 25959 58855 25959 58855 57827 24931 57827 24931 57827 24931 57827 24931
45 131 8 8 1 1 11696 60784 44336 28144 11696 60784 44336 28144 59242 42794 26602 10154 59242 42794 26602 10154
85 67 8 8 1 1 21912 5464 54552 38360 21912 5464 54552 38360 36818 20370 3922 53010 36818 20370 3922 53010
214 247 8 8 1 1 54989 38541 22093 5645 54989 38541 22093 5645 43167 26719 10271 59615 43167 26719 10271 59615
51 179 8 8 1 1 13286 62374 45926 29478 13286 62374 45926 29478 36160 19712 3520 52608 36160 19712 3520 52608
179 237 8 8 1 1 45984 62432 13088 29536 45984 62432 13088 29536 6406 22854 39302 55750 6406 22854 39302 55750
216 112 8 8 1 1 55368 55368 55368 55368 55368 55368 55368 55368 63592 63592 63592 63592 63592 63592 63592 63592
137 249 8 8 1 1 35202 51650 2306 18754 35202 51650 2306 18754 55248 5904 22352 38800 55248 5904 22352 38800
50 10 8 8 1 1 12860 45756 12860 45756 12860 45756 12860 45756 40616 7720 40616 7720 40616 7720 40616 7720
6 64 8 8 1 1 1606 1606 1606 1606 1606 1606 1606 1606 34502 34502 34502 34502 34502 34502 34502 34502
82 128 8 8 1 1 21202 21202 21202 21202 21202 21202 21202 21202 21202 21202 21202 21202 21202 21202 21202 21202
10 229 8 8 1 1 2799 18991 35439 51887 2799 18991 35439 51887 32869 49317 229 16421 32869 49317 229 16421
214 51 8 8 1 1 54793 38601 22153 5705 54793 38601 22153 5705 12387 61475 45283 28835 12387 61475 45283 28835
6 80 8 8 1 1 1622 1622 1622 1622 1622 1622 1622 1622 26294 26294 26294 26294 26294 26294 26294 26294
168 155 8 8 1 1 43075 26627 10435 59523 43075 26627 10435 59523 13005 62093 45645 29197 13005 62093 45645 29197
85 18 8 8 1 1 21863 54759 21863 54759 21863 54759 21863 54759 45507 12611 45507 12611 45507 12611 45507 12611
157 137 8 8 1 1 40230 56678 7590 24038 40230 56678 7590 24038 52052 2964 19412 35604 52052 2964 19412 35604
254 231 8 8 1 1 65253 48805 32357 15909 65253 48805 32357 15909 61655 45207 28759 12311 61655 45207 28759 12311
16 33 8 8 1 1 4145 20593 37041 53489 4145 20593 37041 53489 3631 20079 36527 52975 3631 20079 36527 52975
44 54 8 8 1 1 11362 44258 11362 44258 11362 44258 11362 44258 16502 49398 16502 49398 16502 49398 16502 49398
118 247 8 8 1 1 30317 13869 63213 46765 30317 13869 63213 46765 18495 2303 51391 34943 18495 2303 51391 34943
82 224 8 8 1 1 21042 21042 21042 21042 21042 21042 21042 21042 37490 37490 37490 37490 37490 37490 37490 37490
127 234 8 8 1 1 32617 65513 32617 65513 32617 65513 32617 65513 11029 43925 11029 43925 11029 43925 11029 43925
101 223 8 8 1 1 25924 9476 58820 42372 25924 9476 58820 42372 26438 9990 59334 42886 26438 9990 59334 42886
14 202 8 8 1 1 3800 36440 3800 36440 3800 36440 3800 36440 64196 31300 64196 31300 64196 31300 64196 31300
112 47 8 8 1 1 28831 12383 61471 45279 28831 12383 61471 45279 53761 37569 21121 4673 53761 37569 21121 4673
112 147 8 8 1 1 28675 12483 61571 45123 28675 12483 61571 45123 2717 51805 35357 19165 2717 51805 35357 19165
122 184 8 8 1 1 31282 31282 31282 31282 31282 31282 31282 31282 2754 2754 2754 2754 2754 2754 2754 2754
195 165 8 8 1 1 50024 936 17384 33576 50024 936 17384 33576 47454 63902 14814 31006 47454 63902 14814 31006
157 122 8 8 1 1 40215 7575 40215 7575 40215 7575 40215 7575 10659 43299 10659 43299 10659 43299 10659 43299
238 64 8 8 1 1 60974 60974 60974 60974 60974 60974 60974 60974 28334 28334 28334 28334 28334 28334 28334 28334
66 199 8 8 1 1 16905 713 49801 33353 16905 713 49801 33353 29755 13563 62651 46203 29755 13563 62651 46203
59 146 8 8 1 1 15309 47949 15309 47949 15309 47949 15309 47949 38697 6057 38697 6057 38697 6057 38697 6057
112 234 8 8 1 1 28762 61658 28762 61658 28762 61658 28762 61658 7174 40070 7174 40070 7174 40070 7174 40070
18 247 8 8 1 1 4617 53961 37513 21065 4617 53961 37513 21065 58587 42139 25691 9243 58587 42139 25691 9243
173 134 8 8 1 1 44339 11699 44339 11699 44339 11699 44339 11699 8615 41255 8615 41255 8615 41255 8615 41255
192 53 8 8 1 1 49397 53 16501 32949 49397 53 16501 32949 38603 54795 5707 22155 38603 54795 5707 22155
179 152 8 8 1 1 45899 45899 45899 45899 45899 45899 45899 45899 33563 33563 33563 33563 33563 33563 33563 33563
227 10 8 8 1 1 58349 25453 58349 25453 58349 25453 58349 25453 20313 53209 20313 53209 20313 53209 20313 53209
217 47 8 8 1 1 55560 39368 22920 6472 55560 39368 22920 6472 15210 64298 48106 31658 15210 64298 48106 31658
100 48 8 8 1 1 25748 25748 25748 25748 25748 25748 25748 25748 1076 1076 1076 1076 1076 1076 1076 1076
28 240 8 8 1 1 7180 7180 7180 7180 7180 7180 7180 7180 15404 15404 15404 15404 15404 15404 15404 15404
51 201 8 8 1 1 13308 29500 45948 62396 13308 29500 45948 62396 57770 8682 24874 41322 57770 8682 24874 41322
174 125 8 8 1 1 44587 61035 11947 28395 44587 61035 11947 28395 62577 13489 29937 46129 62577 13489 29937 46129
90 71 8 8 1 1 23201 6753 55841 39649 23201 6753 55841 39649 36051 19603 3155 52243 36051 19603 3155 52243
134 178 8 8 1 1 34360 1720 34360 1720 34360 1720 34360 1720 41556 8916 41556 8916 41556 8916 41556 8916
224 154 8 8 1 1 57466 24826 57466 24826 57466 24826 57466 24826 11462 44102 11462 44102 11462 44102 11462 44102
52 28 8 8 1 1 13392 13392 13392 13392 13392 13392 13392 13392 64536 64536 64536 64536 64536 64536 64536 64536
22 8 8 8 1 1 5662 5662 5662 5662 5662 5662 5662 5662 1550 1550 1550 1550 1550 1550 1550 1550
59 63 8 8 1 1 15226 64314 48122 31674 15226 64314 48122 31674 32188 15740 64828 48636 32188 15740 64828 48636
110 154 8 8 1 1 28168 61064 28168 61064 28168 61064 28168 61064 47700 15060 47700 15060 47700 15060 47700 15060
199 22 8 8 1 1 51165 18269 51165 18269 51165 18269 51165 18269 6961 39857 6961 39857 6961 39857 6961 39857
214 160 8 8 1 1 54902 54902 54902 54902 54902 54902 54902 54902 38454 38454 38454 38454 38454 38454 38454 38454
248 61 8 8 1 1 63541 14453 30901 47349 63541 14453 30901 47349 48891 65083 15995 32443 48891 65083 15995 32443
123 10 8 8 1 1 31621 64261 31621 64261 31621 64261 31621 64261 59377 26481 59377 26481 59377 26481 59377 26481
178 181 8 8 1 1 45671 62119 13031 29223 45671 62119 13031 29223 34877 51325 2237 18685 34877 51325 2237 18685
94 172 8 8 1 1 24074 24074 24074 24074 24074 24074 24074 24074 1714 1714 1714 1714 1714 1714 1714 1714
82 255 8 8 1 1 21073 4625 53969 37521 21073 4625 53969 37521 5139 54483 38035 21587 5139 54483 38035 21587
165 74 8 8 1 1 42479 9583 42479 9583 42479 9583 42479 9583 37339 4443 37339 4443 37339 4443 37339 4443
210 227 8 8 1 1 53941 37493 21045 4853 53941 37493 21045 4853 52399 35951 19503 3311 52399 35951 19503 3311
207 225 8 8 1 1 53168 4080 20272 36720 53168 4080 20272 36720 19758 36206 52654 3566 19758 36206 52654 3566
77 79 8 8 1 1 19868 3420 52508 36316 19868 3420 52508 36316 28606 12158 61246 45054 28606 12158 61246 45054
60 251 8 8 1 1 15415 64759 48311 31863 15415 64759 48311 31863 1537 50881 34433 17985 1537 50881 34433 17985
4 142 8 8 1 1 1170 33810 1170 33810 1170 33810 1170 33810 26870 59510 26870 59510 26870 59510 26870 59510
83 116 8 8 1 1 21447 21447 21447 21447 21447 21447 21447 21447 27615 27615 27615 27615 27615 27615 27615 27615
69 102 8 8 1 1 17835 50475 17835 50475 17835 50475 17835 50475 63839 31199 63839 31199 63839 31199 63839 31199
0 86 8 8 1 1 86 32982 86 32982 86 32982 86 32982 54314 21674 54314 21674 54314 21674 54314 21674
91 63 8 8 1 1 23450 7002 56090 39898 23450 7002 56090 39898 40412 23964 7516 56604 40412 23964 7516 56604
92 58 8 8 1 1 23702 56342 23702 56342 23702 56342 23702 56342 26786 59426 26786 59426 26786 59426 26786 59426
234 68 8 8 1 1 59950 59950 59950 59950 59950 59950 59950 59950 25254 25254 25254 25254 25254 25254 25254 25254
186 129 8 8 1 1 47675 64123 15035 31483 47675 64123 15035 31483 63609 14521 30969 47161 63609 14521 30969 47161
86 138 8 8 1 1 22240 54880 22240 54880 22240 54880 22240 54880 49740 17100 49740 17100 49740 17100 49740 17100
31 193 8 8 1 1 8160 24352 40800 57248 8160 24352 40800 57248 56734 7646 23838 40286 56734 7646 23838 40286
59 243 8 8 1 1 15150 64494 48046 31598 15150 64494 48046 31598 5384 54728 38280 21832 5384 54728 38280 21832
149 175 8 8 1 1 38212 21764 5572 54660 38212 21764 5572 54660 63398 46950 30502 14310 63398 46950 30502 14310
244 239 8 8 1 1 62691 46243 29795 13347 62691 46243 29795 13347 54981 38533 22085 5637 54981 38533 22085 5637
58 158 8 8 1 1 15064 47704 15064 47704 15064 47704 15064 47704 32284 65180 32284 65180 32284 65180 32284 65180
212 20 8 8 1 1 54504 54504 54504 54504 54504 54504 54504 54504 44224 44224 44224 44224 44224 44224 44224 44224
165 173 8 8 1 1 42322 58770 9682 25874 42322 58770 9682 25874 35640 52088 3000 19448 35640 52088 3000 19448
70 242 8 8 1 1 17976 50872 17976 50872 17976 50872 17976 50872 58068 25172 58068 25172 58068 25172 58068 25172
21 248 8 8 1 1 5389 5389 5389 5389 5389 5389 5389 5389 9501 9501 9501 9501 9501 9501 9501 9501
174 156 8 8 1 1 44618 44618 44618 44618 44618 44618 44618 44618 30226 30226 30226 30226 30226 30226 30226 30226
13 250 8 8 1 1 3335 36231 3335 36231 3335 36231 3335 36231 39315 6419 39315 6419 39315 6419 39315 6419
111 241 8 8 1 1 28512 44960 61408 12064 28512 44960 61408 12064 52670 3582 19774 36222 52670 3582 19774 36222
177 154 8 8 1 1 45387 12747 45387 12747 45387 12747 45387 12747 64919 32023 64919 32023 64919 32023 64919 32023
161 17 8 8 1 1 41394 57842 8498 24946 41394 57842 8498 24946 49104 65296 16208 32656 49104 65296 16208 32656
17 149 8 8 1 1 4518 20966 37158 53606 4518 20966 37158 53606 10172 26620 42812 59260 10172 26620 42812 59260
217 42 8 8 1 1 55555 22915 55555 22915 55555 22915 55555 22915 1327 34223 1327 34223 1327 34223 1327 34223
211 125 8 8 1 1 54096 5008 21456 37648 54096 5008 21456 37648 6550 22998 39190 55638 6550 22998 39190 55638
121 87 8 8 1 1 31184 14736 63824 47376 31184 14736 63824 47376 35810 19362 2914 52002 35810 19362 2914 52002
236 146 8 8 1 1 60542 27902 60542 27902 60542 27902 60542 27902 18650 51290 18650 51290 18650 51290 18650 51290
24 162 8 8 1 1 6330 38970 6330 38970 6330 38970 6330 38970 21750 54390 21750 54390 21750 54390 21750 54390
186 191 8 8 1 1 47737 31289 15097 64185 47737 31289 15097 64185 64699 48251 31803 15611 64699 48251 31803 15611
11 1 8 8 1 1 2828 19276 35724 52172 2828 19276 35724 52172 18762 35210 51658 2314 18762 35210 51658 2314
230 22 8 8 1 1 59132 26236 59132 26236 59132 26236 59132 26236 14928 47824 14928 47824 14928 47824 14928 47824
216 131 8 8 1 1 55387 38939 22747 6299 55387 38939 22747 6299 37397 21205 4757 53845 37397 21205 4757 53845
84 209 8 8 1 1 21541 37989 54437 5349 21541 37989 54437 5349 62147 12803 29251 45699 62147 12803 29251 45699
1 117 8 8 1 1 374 16822 33270 49462 374 16822 33270 49462 22476 38668 55116 6028 22476 38668 55116 6028
52 158 8 8 1 1 13522 46162 13522 46162 13522 46162 13522 46162 30742 63638 30742 63638 30742 63638 30742 63638
158 120 8 8 1 1 40470 40470 40470 40470 40470 40470 40470 40470 44582 44582 44582 44582 44582 44582 44582 44582
105 80 8 8 1 1 27065 27065 27065 27065 27065 27065 27065 27065 51481 51481 51481 51481 51481 51481 51481 51481
83 231 8 8 1 1 21306 5114 54202 37754 21306 5114 54202 37754 17708 1516 50604 34156 17708 1516 50604 34156
165 233 8 8 1 1 42382 58830 9486 25934 42382 58830 9486 25934 5116 21308 37756 54204 5116 21308 37756 54204
235 100 8 8 1 1 60239 60239 60239 60239 60239 60239 60239 60239 9095 9095 9095 9095 9095 9095 9095 9095
175 81 8 8 1 1 44800 61248 12160 28608 44800 61248 12160 28608 19870 36318 52510 3422 19870 36318 52510 3422
162 199 8 8 1 1 41577 25129 8937 58025 41577 25129 8937 58025 54427 37979 21531 5339 54427 37979 21531 5339
51 151 8 8 1 1 13258 62346 45898 29450 13258 62346 45898 29450 50524 34076 17884 1436 50524 34076 17884 1436
106 101 8 8 1 1 27343 43535 59983 10895 27343 43535 59983 10895 57413 8325 24773 40965 57413 8325 24773 40965
63 92 8 8 1 1 16283 16283 16283 16283 16283 16283 16283 16283 34787 34787 34787 34787 34787 34787 34787 34787
117 6 8 8 1 1 30075 62971 30075 62971 30075 62971 30075 62971 59887 26991 59887 26991 59887 26991 59887 26991
60 123 8 8 1 1 15543 64631 48183 31991 15543 64631 48183 31991 1665 50753 34305 18113 1665 50753 34305 18113
73 118 8 8 1 1 18879 51519 18879 51519 18879 51519 18879 51519 56659 24019 56659 24019 56659 24019 56659 24019
27 250 8 8 1 1 6933 39829 6933 39829 6933 39829 6933 39829 42913 10017 42913 10017 42913 10017 42913 10017
42 232 8 8 1 1 10770 10770 10770 10770 10770 10770 10770 10770 23106 23106 23106 23106 23106 23106 23106 23106
130 176 8 8 1 1 33330 33330 33330 33330 33330 33330 33330 33330 8914 8914 8914 8914 8914 8914 8914 8914
189 34 8 8 1 1 48607 15711 48607 15711 48607 15711 48607 15711 63771 31131 63771 31131 63771 31131 63771 31131
164 35 8 8 1 1 42183 25735 9287 58375 42183 25735 9287 58375 7745 56833 40641 24193 7745 56833 40641 24193
241 50 8 8 1 1 61731 29091 61731 29091 61731 29091 61731 29091 3391 36287 3391 36287 3391 36287 3391 36287
216 76 8 8 1 1 55332 55332 55332 55332 55332 55332 55332 55332 16524 16524 16524 16524 16524 16524 16524 16524
245 104 8 8 1 1 62813 62813 62813 62813 62813 62813 62813 62813 9613 9613 9613 9613 9613 9613 9613 9613
94 61 8 8 1 1 24219 40667 56859 7771 24219 40667 56859 7771 9313 25761 42209 58401 9313 25761 42209 58401
43 66 8 8 1 1 11117 44013 11117 44013 11117 44013 11117 44013 10089 42985 10089 42985 10089 42985 10089 42985
131 233 8 8 1 1 33644 50092 1004 17196 33644 50092 1004 17196 61914 12570 29018 45466 61914 12570 29018 45466
58 79 8 8 1 1 14985 64073 47625 31433 14985 64073 47625 31433 23723 7275 56363 40171 23723 7275 56363 40171
119 63 8 8 1 1 30646 14198 63286 47094 30646 14198 63286 47094 47608 31160 14712 63800 47608 31160 14712 63800
50 3 8 8 1 1 12853 62197 45749 29301 12853 62197 45749 29301 60655 44207 27759 11311 60655 44207 27759 11311
176 101 8 8 1 1 45077 61525 12437 28885 45077 61525 12437 28885 9867 26315 42507 58955 9867 26315 42507 58955
239 15 8 8 1 1 61438 44990 28542 12094 61438 44990 28542 12094 37280 20832 4384 53728 37280 20832 4384 53728
29 34 8 8 1 1 7487 40383 7487 40383 7487 40383 7487 40383 22907 55803 22907 55803 22907 55803 22907 55803
42 0 8 8 1 1 10794 10794 10794 10794 10794 10794 10794 10794 10794 10794 10794 10794 10794 10794 10794 10794
59 182 8 8 1 1 15345 47985 15345 47985 15345 47985 15345 47985 20229 53125 20229 53125 20229 53125 20229 53125
208 66 8 8 1 1 53266 20626 53266 20626 53266 20626 53266 20626 52238 19598 52238 19598 52238 19598 52238 19598
191 157 8 8 1 1 48988 65436 16348 32540 48988 65436 16348 32540 50530 1442 17890 34082 50530 1442 17890 34082
89 223 8 8 1 1 22840 6648 55736 39288 22840 6648 55736 39288 23354 7162 56250 39802 23354 7162 56250 39802
100 93 8 8 1 1 25793 41985 58433 9345 25793 41985 58433 9345 59975 10887 27335 43527 59975 10887 27335 43527
228 119 8 8 1 1 58459 42011 25819 9371 58459 42011 25819 9371 46637 30445 13997 63085 46637 30445 13997 63085
207 36 8 8 1 1 53235 53235 53235 53235 53235 53235 53235 53235 34731 34731 34731 34731 34731 34731 34731 34731
241 111 8 8 1 1 61792 45344 29152 12704 61792 45344 29152 12704 54082 37634 21442 4994 54082 37634 21442 4994
99 232 8 8 1 1 25419 25419 25419 25419 25419 25419 25419 25419 37755 37755 37755 37755 37755 37755 37755 37755
77 132 8 8 1 1 19921 19921 19921 19921 19921 19921 19921 19921 17865 17865 17865 17865 17865 17865 17865 17865
176 75 8 8 1 1 45307 28859 12411 61499 45307 28859 12411 61499 55845 39653 23205 6757 55845 39653 23205 6757
145 40 8 8 1 1 37305 37305 37305 37305 37305 37305 37305 37305 16745 16745 16745 16745 16745 16745 16745 16745
132 5 8 8 1 1 33929 50377 1033 17481 33929 50377 1033 17481 47807 64255 14911 31359 47807 64255 14911 31359
41 68 8 8 1 1 10605 10605 10605 10605 10605 10605 10605 10605 41445 41445 41445 41445 41445 41445 41445 41445
163 217 8 8 1 1 41852 58300 9212 25404 41852 58300 9212 25404 12554 29002 45450 61898 12554 29002 45450 61898
148 110 8 8 1 1 37890 5250 37890 5250 37890 5250 37890 5250 14502 47142 14502 47142 14502 47142 14502 47142
195 230 8 8 1 1 50089 17193 50089 17193 50089 17193 50089 17193 30557 63453 30557 63453 30557 63453 30557 63453
107 108 8 8 1 1 27607 27607 27607 27607 27607 27607 27607 27607 37887 37887 37887 37887 37887 37887 37887 37887
122 13 8 8 1 1 31367 47815 64007 14919 31367 47815 64007 14919 41133 57581 8237 24685 41133 57581 8237 24685
25 178 8 8 1 1 6603 39243 6603 39243 6603 39243 6603 39243 13799 46439 13799 46439 13799 46439 13799 46439
183 0 8 8 1 1 47031 47031 47031 47031 47031 47031 47031 47031 47031 47031 47031 47031 47031 47031 47031 47031
202 210 8 8 1 1 51868 18972 51868 18972 51868 18972 51868 18972 42616 9976 42616 9976 42616 9976 42616 9976
137 109 8 8 1 1 35318 51510 2422 18870 35318 51510 2422 18870 61276 12188 28636 44828 61276 12188 28636 44828
244 73 8 8 1 1 62525 13437 29885 46333 62525 13437 29885 46333 41707 57899 8811 25259 41707 57899 8811 25259
9 165 8 8 1 1 2478 18926 35118 51566 2478 18926 35118 51566 65444 16356 32548 48996 65444 16356 32548 48996
37 56 8 8 1 1 9565 9565 9565 9565 9565 9565 9565 9565 46573 46573 46573 46573 46573 46573 46573 46573
144 254 8 8 1 1 37006 4110 37006 4110 37006 4110 37006 4110 5138 38034 5138 38034 5138 38034 5138 38034
103 60 8 8 1 1 26531 26531 26531 26531 26531 26531 26531 26531 61227 61227 61227 61227 61227 61227 61227 61227
233 220 8 8 1 1 59845 59845 59845 59845 59845 59845 59845 59845 12557 12557 12557 12557 12557 12557 12557 12557
241 60 8 8 1 1 61741 61741 61741 61741 61741 61741 61741 61741 31157 31157 31157 31157 31157 31157 31157 31157
75 63 8 8 1 1 19338 2890 51978 35786 19338 2890 51978 35786 36300 19852 3404 52492 36300 19852 3404 52492
194 193 8 8 1 1 49795 707 16899 33347 49795 707 16899 33347 32833 49281 193 16385 32833 49281 193 16385
108 240 8 8 1 1 27740 27740 27740 27740 27740 27740 27740 27740 35964 35964 35964 35964 35964 35964 35964 35964
74 201 8 8 1 1 18963 35411 51859 2771 18963 35411 51859 2771 63681 14337 30785 47233 63681 14337 30785 47233
120 229 8 8 1 1 30813 47261 63709 14365 30813 47261 63709 14365 61139 11795 28243 44691 61139 11795 28243 44691
142 175 8 8 1 1 36413 20221 3773 52861 36413 20221 3773 52861 61599 45151 28703 12511 61599 45151 28703 12511
69 230 8 8 1 1 17707 50603 17707 50603 17707 50603 17707 50603 63967 31071 63967 31071 63967 31071 63967 31071
34 53 8 8 1 1 8791 25239 41687 57879 8791 25239 41687 57879 63533 14445 30893 47341 63533 14445 30893 47341
174 17 8 8 1 1 44735 61183 11839 28287 44735 61183 11839 28287 52445 3101 19549 35997 52445 3101 19549 35997
214 119 8 8 1 1 54861 38413 22221 5773 54861 38413 22221 5773 43039 26847 10399 59487 43039 26847 10399 59487
39 184 8 8 1 1 10207 10207 10207 10207 10207 10207 10207 10207 46959 46959 46959 46959 46959 46959 46959 46959
120 187 8 8 1 1 30771 14579 63667 47219 30771 14579 63667 47219 49789 33341 17149 701 49789 33341 17149 701
51 12 8 8 1 1 13119 13119 13119 13119 13119 13119 13119 13119 6951 6951 6951 6951 6951 6951 6951 6951
116 254 8 8 1 1 29810 62706 29810 62706 29810 62706 29810 62706 63734 30838 63734 30838 63734 30838 63734 30838
254 11 8 8 1 1 65033 48841 32393 15945 65033 48841 32393 15945 43187 26739 10291 59635 43187 26739 10291 59635
117 174 8 8 1 1 29987 62883 29987 62883 29987 62883 29987 62883 39239 6599 39239 6599 39239 6599 39239 6599
19 16 8 8 1 1 4899 4899 4899 4899 4899 4899 4899 4899 62211 62211 62211 62211 62211 62211 62211 62211
62 112 8 8 1 1 16046 16046 16046 16046 16046 16046 16046 16046 24270 24270 24270 24270 24270 24270 24270 24270
177 42 8 8 1 1 45531 12635 45531 12635 45531 12635 45531 12635 56583 23943 56583 23943 56583 23943 56583 23943
226 12 8 8 1 1 58094 58094 58094 58094 58094 58094 58094 58094 51926 51926 51926 51926 51926 51926 51926 51926
54 157 8 8 1 1 14035 30227 46675 63123 14035 30227 46675 63123 15577 31769 48217 64665 15577 31769 48217 64665
120 30 8 8 1 1 30870 63510 30870 63510 30870 63510 30870 63510 48346 15450 48346 15450 48346 15450 48346 15450
210 0 8 8 1 1 53970 53970 53970 53970 53970 53970 53970 53970 53970 53970 53970 53970 53970 53970 53970 53970
102 86 8 8 1 1 26300 58940 26300 58940 26300 58940 26300 58940 14992 47632 14992 47632 14992 47632 14992 47632
151 79 8 8 1 1 38886 22438 5990 55078 38886 22438 5990 55078 47368 31176 14728 63816 47368 31176 14728 63816
226 209 8 8 1 1 58035 8947 25139 41587 58035 8947 25139 41587 32849 49297 209 16401 32849 49297 209 16401
171 241 8 8 1 1 43932 60380 11036 27484 43932 60380 11036 27484 2554 18746 35194 51642 2554 18746 35194 51642
131 162 8 8 1 1 33573 933 33573 933 33573 933 33573 933 48993 16353 48993 16353 48993 16353 48993 16353
17 122 8 8 1 1 4491 37131 4491 37131 4491 37131 4491 37131 40215 7575 40215 7575 40215 7575 40215 7575
188 255 8 8 1 1 48315 31867 15419 64763 48315 31867 15419 64763 32381 15933 65277 48829 32381 15933 65277 48829
213 75 8 8 1 1 54560 38368 21920 5472 54560 38368 21920 5472 65354 48906 32714 16266 65354 48906 32714 16266
62 49 8 8 1 1 15983 32431 48879 65071 15983 32431 48879 65071 7245 23693 40141 56333 7245 23693 40141 56333
61 61 8 8 1 1 15738 32186 48634 64826 15738 32186 48634 64826 832 17280 33728 49920 832 17280 33728 49920
34 7 8 8 1 1 8745 58089 41641 25193 8745 58089 41641 25193 54491 38043 21595 5147 54491 38043 21595 5147
218 19 8 8 1 1 56045 39597 23149 6701 56045 39597 23149 6701 29831 13383 62471 46279 29831 13383 62471 46279
74 73 8 8 1 1 19091 35539 51731 2643 19091 35539 51731 2643 63553 14465 30913 47105 63553 14465 30913 47105
214 181 8 8 1 1 54923 5835 22027 38475 54923 5835 22027 38475 44129 60577 11489 27681 44129 60577 11489 27681
114 249 8 8 1 1 29291 45739 62187 12843 29291 45739 62187 12843 49337 249 16441 32889 49337 249 16441 32889
45 186 8 8 1 1 11751 44391 11751 44391 11751 44391 11751 44391 14835 47475 14835 47475 14835 47475 14835 47475
119 208 8 8 1 1 30535 30535 30535 30535 30535 30535 30535 30535 55207 55207 55207 55207 55207 55207 55207 55207
196 214 8 8 1 1 50330 17434 50330 17434 50330 17434 50330 17434 39022 6382 39022 6382 39022 6382 39022 6382
243 5 8 8 1 1 62456 13112 29560 46008 62456 13112 29560 46008 10542 26990 43438 59886 10542 26990 43438 59886
150 179 8 8 1 1 38473 22025 5833 54921 38473 22025 5833 54921 61603 45155 28707 12515 61603 45155 28707 12515
53 190 8 8 1 1 13811 46451 13811 46451 13811 46451 13811 46451 14839 47479 14839 47479 14839 47479 14839 47479
119 200 8 8 1 1 30527 30527 30527 30527 30527 30527 30527 30527 59311 59311 59311 59311 59311 59311 59311 59311
210 210 8 8 1 1 53924 21028 53924 21028 53924 21028 53924 21028 44672 11776 44672 11776 44672 11776 44672 11776
52 26 8 8 1 1 13390 46286 13390 46286 13390 46286 13390 46286 32922 26 32922 26 32922 26 32922 26
175 215 8 8 1 1 44934 28486 12038 61382 44934 28486 12038 61382 49560 33112 16664 472 49560 33112 16664 472
82 180 8 8 1 1 20998 20998 20998 20998 20998 20998 20998 20998 60062 60062 60062 60062 60062 60062 60062 60062
244 174 8 8 1 1 62626 29730 62626 29730 62626 29730 62626 29730 6342 38982 6342 38982 6342 38982 6342 38982
207 59 8 8 1 1 53002 36810 20362 3914 53002 36810 20362 3914 6484 55572 39380 22932 6484 55572 39380 22932
26 47 8 8 1 1 6729 55817 39625 23177 6729 55817 39625 23177 31915 15467 64555 48363 31915 15467 64555 48363
249 180 8 8 1 1 63917 63917 63917 63917 63917 63917 63917 63917 37189 37189 37189 37189 37189 37189 37189 37189
187 26 8 8 1 1 48085 15189 48085 15189 48085 15189 48085 15189 1825 34721 1825 34721 1825 34721 1825 34721
123 240 8 8 1 1 31595 31595 31595 31595 31595 31595 31595 31595 39819 39819 39819 39819 39819 39819 39819 39819
35 99 8 8 1 1 9094 58182 41734 25542 9094 58182 41734 25542 7552 56640 40192 24000 7552 56640 40192 24000
72 205 8 8 1 1 18453 34901 51349 2261 18453 34901 51349 2261 61115 12027 28219 44667 61115 12027 28219 44667
223 58 8 8 1 1 57113 24473 57113 24473 57113 24473 57113 24473 60197 27557 60197 27557 60197 27557 60197 27557
255 156 8 8 1 1 65435 65435 65435 65435 65435 65435 65435 65435 51043 51043 51043 51043 51043 51043 51043 51043
229 163 8 8 1 1 58760 42312 25864 9672 58760 42312 25864 9672 24322 8130 57218 40770 24322 8130 57218 40770
49 194 8 8 1 1 12787 45427 12787 45427 12787 45427 12787 45427 11759 44399 11759 44399 11759 44399 11759 44399
27 30 8 8 1 1 6969 39865 6969 39865 6969 39865 6969 39865 24445 57341 24445 57341 24445 57341 24445 57341
106 159 8 8 1 1 27145 10953 60041 43593 27145 10953 60041 43593 60555 44107 27659 11467 60555 44107 27659 11467
122 175 8 8 1 1 31273 15081 64169 47721 31273 15081 64169 47721 56459 40011 23563 7371 56459 40011 23563 7371
9 17 8 8 1 1 2330 18778 35226 51674 2330 18778 35226 51674 10040 26488 42936 59384 10040 26488 42936 59384
212 99 8 8 1 1 54327 38135 21687 5239 54327 38135 21687 5239 52785 36593 20145 3697 52785 36593 20145 3697
73 168 8 8 1 1 18929 18929 18929 18929 18929 18929 18929 18929 63905 63905 63905 63905 63905 63905 63905 63905
217 99 8 8 1 1 55612 39420 22972 6524 55612 39420 22972 6524 54070 37878 21430 4982 54070 37878 21430 4982
68 63 8 8 1 1 17539 1091 50179 33987 17539 1091 50179 33987 34501 18053 1605 50693 34501 18053 1605 50693
198 106 8 8 1 1 50736 18096 50736 18096 50736 18096 50736 18096 29404 62044 29404 62044 29404 62044 29404 62044
163 53 8 8 1 1 41944 58136 9048 25496 41944 58136 9048 25496 31150 47598 63790 14702 31150 47598 63790 14702
131 38 8 8 1 1 33705 809 33705 809 33705 809 33705 809 47069 14173 47069 14173 47069 14173 47069 14173
108 154 8 8 1 1 27654 60550 27654 60550 27654 60550 27654 60550 47186 14546 47186 14546 47186 14546 47186 14546
81 45 8 8 1 1 20862 37310 53758 4414 20862 37310 53758 4414 14180 30628 47076 63268 14180 30628 47076 63268
34 200 8 8 1 1 8938 8938 8938 8938 8938 8938 8938 8938 37466 37466 37466 37466 37466 37466 37466 37466
124 105 8 8 1 1 31973 48165 64613 15525 31973 48165 64613 15525 59987 10899 27347 43539 59987 10899 27347 43539
60 160 8 8 1 1 15580 15580 15580 15580 15580 15580 15580 15580 64668 64668 64668 64668 64668 64668 64668 64668
67 134 8 8 1 1 17353 49993 17353 49993 17353 49993 17353 49993 46909 14269 46909 14269 46909 14269 46909 14269
58 134 8 8 1 1 15040 47680 15040 47680 15040 47680 15040 47680 44596 11956 44596 11956 44596 11956 44596 11956
