# No-Compile Static Analysis Log

Root: /home/hp/文档/output/CE7-FYQ-src_flat_out/AvoidanceCalc/IP_AvoidanceCalc.c
Files: 1
Functions: 1
Call edges: 67
Field accesses: 195
Unresolved calls: 20
Missing local includes: 0
Function invariants: 190
Project invariants: 74

## Missing Local Includes
- none

## Duplicate Function Definitions
- none

## Unresolved Calls
- DivNorm: AvoidanceCalc@IP_AvoidanceCalc.c:122, AvoidanceCalc@IP_AvoidanceCalc.c:177, AvoidanceCalc@IP_AvoidanceCalc.c:347
- Fabsx: AvoidanceCalc@IP_AvoidanceCalc.c:58, AvoidanceCalc@IP_AvoidanceCalc.c:59, AvoidanceCalc@IP_AvoidanceCalc.c:60, AvoidanceCalc@IP_AvoidanceCalc.c:64, AvoidanceCalc@IP_AvoidanceCalc.c:65, AvoidanceCalc@IP_AvoidanceCalc.c:66, AvoidanceCalc@IP_AvoidanceCalc.c:70, AvoidanceCalc@IP_AvoidanceCalc.c:71 (+6 more)
- IN_RANGE_LCUO: AvoidanceCalc@IP_AvoidanceCalc.c:227
- MatrixMulti331: AvoidanceCalc@IP_AvoidanceCalc.c:324, AvoidanceCalc@IP_AvoidanceCalc.c:338, AvoidanceCalc@IP_AvoidanceCalc.c:344
- MatrixMulti333: AvoidanceCalc@IP_AvoidanceCalc.c:336
- MatrixTran33: AvoidanceCalc@IP_AvoidanceCalc.c:329
- Maxx: AvoidanceCalc@IP_AvoidanceCalc.c:61, AvoidanceCalc@IP_AvoidanceCalc.c:62, AvoidanceCalc@IP_AvoidanceCalc.c:67, AvoidanceCalc@IP_AvoidanceCalc.c:68, AvoidanceCalc@IP_AvoidanceCalc.c:73, AvoidanceCalc@IP_AvoidanceCalc.c:74, AvoidanceCalc@IP_AvoidanceCalc.c:79, AvoidanceCalc@IP_AvoidanceCalc.c:80
- NULL_STATEMENT: AvoidanceCalc@IP_AvoidanceCalc.c:210
- Q2C: AvoidanceCalc@IP_AvoidanceCalc.c:328
- UI32_BIT_GET1: AvoidanceCalc@IP_AvoidanceCalc.c:116, AvoidanceCalc@IP_AvoidanceCalc.c:130, AvoidanceCalc@IP_AvoidanceCalc.c:171, AvoidanceCalc@IP_AvoidanceCalc.c:185, AvoidanceCalc@IP_AvoidanceCalc.c:216, AvoidanceCalc@IP_AvoidanceCalc.c:224, AvoidanceCalc@IP_AvoidanceCalc.c:226, AvoidanceCalc@IP_AvoidanceCalc.c:233 (+5 more)
- UI32_BIT_GET2: AvoidanceCalc@IP_AvoidanceCalc.c:44, AvoidanceCalc@IP_AvoidanceCalc.c:92
- VectorAdd3: AvoidanceCalc@IP_AvoidanceCalc.c:339
- VectorAddCoef: AvoidanceCalc@IP_AvoidanceCalc.c:124, AvoidanceCalc@IP_AvoidanceCalc.c:179, AvoidanceCalc@IP_AvoidanceCalc.c:360
- VectorDot3: AvoidanceCalc@IP_AvoidanceCalc.c:348
- VectorEval3: AvoidanceCalc@IP_AvoidanceCalc.c:163, AvoidanceCalc@IP_AvoidanceCalc.c:363, AvoidanceCalc@IP_AvoidanceCalc.c:374
- VectorNorm3: AvoidanceCalc@IP_AvoidanceCalc.c:341, AvoidanceCalc@IP_AvoidanceCalc.c:366
- VectorRotation: AvoidanceCalc@IP_AvoidanceCalc.c:123, AvoidanceCalc@IP_AvoidanceCalc.c:178, AvoidanceCalc@IP_AvoidanceCalc.c:361
- VectorScalar3: AvoidanceCalc@IP_AvoidanceCalc.c:165, AvoidanceCalc@IP_AvoidanceCalc.c:346
- VectorSub3: AvoidanceCalc@IP_AvoidanceCalc.c:337, AvoidanceCalc@IP_AvoidanceCalc.c:365
- VectorUnit3: AvoidanceCalc@IP_AvoidanceCalc.c:164, AvoidanceCalc@IP_AvoidanceCalc.c:325

## Call Graph
- AvoidanceCalc -> DivNorm? x3, Fabsx? x14, IN_RANGE_LCUO?, MatrixMulti331? x3, MatrixMulti333?, MatrixTran33?, Maxx? x8, NULL_STATEMENT?, Q2C?, UI32_BIT_GET1? x13, UI32_BIT_GET2? x2, VectorAdd3?, VectorAddCoef? x3, VectorDot3?, VectorEval3? x3, VectorNorm3? x2, VectorRotation? x3, VectorScalar3? x2, VectorSub3? x2, VectorUnit3? x2

## State Transitions
- none

## Field Access Summary
- sAttiCtrl.angleErr: read=3 write=0 read_write=0 functions=AvoidanceCalc
- sAttiModifyParam.cBF: read=1 write=0 read_write=0 functions=AvoidanceCalc
- sAvoidData.flgFTDI: read=5 write=7 read_write=0 functions=AvoidanceCalc
- sAvoidData.flgFTDIOld: read=1 write=1 read_write=0 functions=AvoidanceCalc
- sAvoidData.flgSLP: read=0 write=1 read_write=0 functions=AvoidanceCalc
- sAvoidParam.CBC: read=1 write=0 read_write=0 functions=AvoidanceCalc
- sAvoidParam.LcTDI: read=1 write=0 read_write=0 functions=AvoidanceCalc
- sAvoidParam.alfa100: read=2 write=0 read_write=0 functions=AvoidanceCalc
- sAvoidParam.dLcTDI: read=1 write=0 read_write=0 functions=AvoidanceCalc
- sAvoidParam.dRFTDI1: read=1 write=0 read_write=0 functions=AvoidanceCalc
- sAvoidParam.dRFTDI2: read=1 write=0 read_write=0 functions=AvoidanceCalc
- sAvoidParam.distace100: read=1 write=0 read_write=0 functions=AvoidanceCalc
- sAvoidParam.distace50: read=1 write=0 read_write=0 functions=AvoidanceCalc
- sAvoidParam.drFTDI: read=1 write=0 read_write=0 functions=AvoidanceCalc
- sAvoidParam.dtFTDI: read=1 write=0 read_write=0 functions=AvoidanceCalc
- sAvoidParam.hFTDI1: read=3 write=0 read_write=0 functions=AvoidanceCalc
- sAvoidParam.hFTDI2: read=5 write=0 read_write=0 functions=AvoidanceCalc
- sAvoidParam.mass100: read=2 write=0 read_write=0 functions=AvoidanceCalc
- sAvoidParam.mass50: read=2 write=0 read_write=0 functions=AvoidanceCalc
- sAvoidParam.phicTDI: read=1 write=0 read_write=0 functions=AvoidanceCalc
- sAvoidParam.pxMax: read=1 write=0 read_write=0 functions=AvoidanceCalc
- sAvoidParam.pyMax: read=2 write=0 read_write=0 functions=AvoidanceCalc
- sAvoidParam.wTDI: read=1 write=0 read_write=0 functions=AvoidanceCalc
- sBodyData.mass: read=4 write=0 read_write=0 functions=AvoidanceCalc
- sBodyData.pgoF: read=1 write=0 read_write=0 functions=AvoidanceCalc
- sFtdiCtrl.cycleSafePtSeq: read=0 write=1 read_write=0 functions=AvoidanceCalc
- sFtdiCtrl.flgSafePointSeq: read=0 write=1 read_write=0 functions=AvoidanceCalc
- sFtdiSafeLandData.FTDIFailFlg: read=2 write=0 read_write=0 functions=AvoidanceCalc
- sFtdiSafeLandData.FTDIUseFlg: read=5 write=0 read_write=0 functions=AvoidanceCalc
- sFtdiSafeLandData.FTDIVldFlg: read=0 write=1 read_write=0 functions=AvoidanceCalc
- sFtdiSafeLandData.qFTDI: read=1 write=0 read_write=0 functions=AvoidanceCalc
- sFtdiSafeLandData.r_IFTDI: read=1 write=0 read_write=0 functions=AvoidanceCalc
- sFtdiSafeLandData.tFTDI: read=3 write=1 read_write=0 functions=AvoidanceCalc
- sFtdiSafePointRecv.pFTDI: read=1 write=0 read_write=0 functions=AvoidanceCalc
- sGncCtrlFlag.ZT6: read=5 write=0 read_write=0 functions=AvoidanceCalc
- sGncCtrlFlag.ZT9: read=10 write=0 read_write=0 functions=AvoidanceCalc
- sGuideData.a_tG: read=0 write=2 read_write=0 functions=AvoidanceCalc
- sGuideData.bHoverFlg: read=7 write=0 read_write=0 functions=AvoidanceCalc
- sGuideData.nQPGNum: read=0 write=4 read_write=0 functions=AvoidanceCalc
- sGuideData.r_tG: read=0 write=2 read_write=0 functions=AvoidanceCalc
- sGuideData.tgo: read=1 write=4 read_write=0 functions=AvoidanceCalc
- sGuideData.v_tG: read=0 write=2 read_write=0 functions=AvoidanceCalc
- sGuideTransData.hHover: read=1 write=0 read_write=0 functions=AvoidanceCalc
- sGyroData.w: read=3 write=0 read_write=0 functions=AvoidanceCalc
- sModeParam.a_tGx22: read=1 write=0 read_write=0 functions=AvoidanceCalc
- sModeParam.a_tGx23: read=1 write=0 read_write=0 functions=AvoidanceCalc
- sModeParam.hslw: read=1 write=0 read_write=0 functions=AvoidanceCalc
- sModeParam.t7_1to2: read=1 write=0 read_write=0 functions=AvoidanceCalc
- sModeParam.t7_5to6: read=1 write=0 read_write=0 functions=AvoidanceCalc
- sModeParam.t7_TDI: read=2 write=0 read_write=0 functions=AvoidanceCalc
- sModeParam.vslw3: read=1 write=0 read_write=0 functions=AvoidanceCalc
- sModeProcess.Sub7Flg: read=15 write=9 read_write=0 functions=AvoidanceCalc
- sModeProcess.TModemax: read=1 write=0 read_write=0 functions=AvoidanceCalc
- sModeProcess.bQPGFirstFlg: read=0 write=4 read_write=0 functions=AvoidanceCalc
- sModeProcess.t70: read=1 write=0 read_write=0 functions=AvoidanceCalc
- sModeProcess.t7_1: read=1 write=1 read_write=0 functions=AvoidanceCalc
- sModeProcess.t7_4: read=1 write=1 read_write=0 functions=AvoidanceCalc
- sModeProcess.t7_5: read=1 write=1 read_write=0 functions=AvoidanceCalc
- sNaviData.dh: read=1 write=0 read_write=0 functions=AvoidanceCalc
- sNaviData.dlcy: read=1 write=0 read_write=0 functions=AvoidanceCalc
- sNaviData.dlcz: read=1 write=0 read_write=0 functions=AvoidanceCalc
- sNaviData.h100Flg: read=2 write=1 read_write=0 functions=AvoidanceCalc
- sNaviData.height: read=5 write=0 read_write=0 functions=AvoidanceCalc
- sNaviData.lcy: read=1 write=0 read_write=0 functions=AvoidanceCalc
- sNaviData.lcz: read=1 write=0 read_write=0 functions=AvoidanceCalc
- sNaviData.rM: read=2 write=0 read_write=0 functions=AvoidanceCalc
- sNaviData.r_LI: read=1 write=0 read_write=0 functions=AvoidanceCalc
- sNaviData.r_LI0: read=8 write=0 read_write=0 functions=AvoidanceCalc
- sNaviData.ri: read=1 write=0 read_write=0 functions=AvoidanceCalc
- sNaviData.tLI0: read=0 write=2 read_write=0 functions=AvoidanceCalc
- sNaviData.wOrbit: read=2 write=0 read_write=0 functions=AvoidanceCalc
- sNaviData.wmi: read=1 write=0 read_write=0 functions=AvoidanceCalc
- sNaviParam.wM: read=1 write=0 read_write=0 functions=AvoidanceCalc
- sTime.sstime: read=10 write=0 read_write=0 functions=AvoidanceCalc

## Project Invariants
- [project_input_field/medium] sAttiCtrl.angleErr is only read by AvoidanceCalc (field summary)
- [project_input_field/medium] sAttiModifyParam.cBF is only read by AvoidanceCalc (field summary)
- [project_state_field/medium] sAvoidData.flgFTDI is read and written (field summary)
- [project_state_field/medium] sAvoidData.flgFTDIOld is read and written (field summary)
- [project_output_field/medium] sAvoidData.flgSLP is only written by AvoidanceCalc (field summary)
- [project_input_field/medium] sAvoidParam.CBC is only read by AvoidanceCalc (field summary)
- [project_input_field/medium] sAvoidParam.LcTDI is only read by AvoidanceCalc (field summary)
- [project_input_field/medium] sAvoidParam.alfa100 is only read by AvoidanceCalc (field summary)
- [project_input_field/medium] sAvoidParam.dLcTDI is only read by AvoidanceCalc (field summary)
- [project_input_field/medium] sAvoidParam.dRFTDI1 is only read by AvoidanceCalc (field summary)
- [project_input_field/medium] sAvoidParam.dRFTDI2 is only read by AvoidanceCalc (field summary)
- [project_input_field/medium] sAvoidParam.distace100 is only read by AvoidanceCalc (field summary)
- [project_input_field/medium] sAvoidParam.distace50 is only read by AvoidanceCalc (field summary)
- [project_input_field/medium] sAvoidParam.drFTDI is only read by AvoidanceCalc (field summary)
- [project_input_field/medium] sAvoidParam.dtFTDI is only read by AvoidanceCalc (field summary)
- [project_input_field/medium] sAvoidParam.hFTDI1 is only read by AvoidanceCalc (field summary)
- [project_input_field/medium] sAvoidParam.hFTDI2 is only read by AvoidanceCalc (field summary)
- [project_input_field/medium] sAvoidParam.mass100 is only read by AvoidanceCalc (field summary)
- [project_input_field/medium] sAvoidParam.mass50 is only read by AvoidanceCalc (field summary)
- [project_input_field/medium] sAvoidParam.phicTDI is only read by AvoidanceCalc (field summary)
- [project_input_field/medium] sAvoidParam.pxMax is only read by AvoidanceCalc (field summary)
- [project_input_field/medium] sAvoidParam.pyMax is only read by AvoidanceCalc (field summary)
- [project_input_field/medium] sAvoidParam.wTDI is only read by AvoidanceCalc (field summary)
- [project_input_field/medium] sBodyData.mass is only read by AvoidanceCalc (field summary)
- [project_input_field/medium] sBodyData.pgoF is only read by AvoidanceCalc (field summary)
- [project_output_field/medium] sFtdiCtrl.cycleSafePtSeq is only written by AvoidanceCalc (field summary)
- [project_output_field/medium] sFtdiCtrl.flgSafePointSeq is only written by AvoidanceCalc (field summary)
- [project_input_field/medium] sFtdiSafeLandData.FTDIFailFlg is only read by AvoidanceCalc (field summary)
- [project_input_field/medium] sFtdiSafeLandData.FTDIUseFlg is only read by AvoidanceCalc (field summary)
- [project_output_field/medium] sFtdiSafeLandData.FTDIVldFlg is only written by AvoidanceCalc (field summary)
- [project_input_field/medium] sFtdiSafeLandData.qFTDI is only read by AvoidanceCalc (field summary)
- [project_input_field/medium] sFtdiSafeLandData.r_IFTDI is only read by AvoidanceCalc (field summary)
- [project_state_field/medium] sFtdiSafeLandData.tFTDI is read and written (field summary)
- [project_input_field/medium] sFtdiSafePointRecv.pFTDI is only read by AvoidanceCalc (field summary)
- [project_input_field/medium] sGncCtrlFlag.ZT6 is only read by AvoidanceCalc (field summary)
- [project_input_field/medium] sGncCtrlFlag.ZT9 is only read by AvoidanceCalc (field summary)
- [project_output_field/medium] sGuideData.a_tG is only written by AvoidanceCalc (field summary)
- [project_input_field/medium] sGuideData.bHoverFlg is only read by AvoidanceCalc (field summary)
- [project_output_field/medium] sGuideData.nQPGNum is only written by AvoidanceCalc (field summary)
- [project_output_field/medium] sGuideData.r_tG is only written by AvoidanceCalc (field summary)
- [project_state_field/medium] sGuideData.tgo is read and written (field summary)
- [project_output_field/medium] sGuideData.v_tG is only written by AvoidanceCalc (field summary)
- [project_input_field/medium] sGuideTransData.hHover is only read by AvoidanceCalc (field summary)
- [project_input_field/medium] sGyroData.w is only read by AvoidanceCalc (field summary)
- [project_input_field/medium] sModeParam.a_tGx22 is only read by AvoidanceCalc (field summary)
- [project_input_field/medium] sModeParam.a_tGx23 is only read by AvoidanceCalc (field summary)
- [project_input_field/medium] sModeParam.hslw is only read by AvoidanceCalc (field summary)
- [project_input_field/medium] sModeParam.t7_1to2 is only read by AvoidanceCalc (field summary)
- [project_input_field/medium] sModeParam.t7_5to6 is only read by AvoidanceCalc (field summary)
- [project_input_field/medium] sModeParam.t7_TDI is only read by AvoidanceCalc (field summary)
- [project_input_field/medium] sModeParam.vslw3 is only read by AvoidanceCalc (field summary)
- [project_state_field/medium] sModeProcess.Sub7Flg is read and written (field summary)
- [project_input_field/medium] sModeProcess.TModemax is only read by AvoidanceCalc (field summary)
- [project_output_field/medium] sModeProcess.bQPGFirstFlg is only written by AvoidanceCalc (field summary)
- [project_input_field/medium] sModeProcess.t70 is only read by AvoidanceCalc (field summary)
- [project_state_field/medium] sModeProcess.t7_1 is read and written (field summary)
- [project_state_field/medium] sModeProcess.t7_4 is read and written (field summary)
- [project_state_field/medium] sModeProcess.t7_5 is read and written (field summary)
- [project_input_field/medium] sNaviData.dh is only read by AvoidanceCalc (field summary)
- [project_input_field/medium] sNaviData.dlcy is only read by AvoidanceCalc (field summary)
- [project_input_field/medium] sNaviData.dlcz is only read by AvoidanceCalc (field summary)
- [project_state_field/medium] sNaviData.h100Flg is read and written (field summary)
- [project_input_field/medium] sNaviData.height is only read by AvoidanceCalc (field summary)
- [project_input_field/medium] sNaviData.lcy is only read by AvoidanceCalc (field summary)
- [project_input_field/medium] sNaviData.lcz is only read by AvoidanceCalc (field summary)
- [project_input_field/medium] sNaviData.rM is only read by AvoidanceCalc (field summary)
- [project_input_field/medium] sNaviData.r_LI is only read by AvoidanceCalc (field summary)
- [project_input_field/medium] sNaviData.r_LI0 is only read by AvoidanceCalc (field summary)
- [project_input_field/medium] sNaviData.ri is only read by AvoidanceCalc (field summary)
- [project_output_field/medium] sNaviData.tLI0 is only written by AvoidanceCalc (field summary)
- [project_input_field/medium] sNaviData.wOrbit is only read by AvoidanceCalc (field summary)
- [project_input_field/medium] sNaviData.wmi is only read by AvoidanceCalc (field summary)
- [project_input_field/medium] sNaviParam.wM is only read by AvoidanceCalc (field summary)
- [project_input_field/medium] sTime.sstime is only read by AvoidanceCalc (field summary)

## Function Details
### AvoidanceCalc (IP_AvoidanceCalc.c:7)
- params: void
- locals: TmpCIB, TmpFabs1, TmpFabs2, TmpFabs3, TmpFlg, TmpMax1, TmpMax2, TmpMax3, TmpMax4, TmpTDIFlg, TmpVec3, TmpVec3Sec, Tmpa, TmpdR, Tmph, Tmpp, Tmpr_LI0, Tmpr_LI1, Tmpr_LI2, bCondOk, bCondOk2, ht, p1, p1Neg, rIt, tmpMat33, tmpVec3, tmpVec3Sec, vecNorm
- calls: UI32_BIT_GET2, Fabsx, Fabsx, Fabsx, Maxx, Maxx, Fabsx, Fabsx, Fabsx, Maxx, Maxx, Fabsx, Fabsx, Fabsx, Maxx, Maxx, Fabsx, Fabsx, Fabsx, Maxx, Maxx, UI32_BIT_GET2, UI32_BIT_GET1, DivNorm, VectorRotation, VectorAddCoef, UI32_BIT_GET1, VectorEval3, VectorUnit3, VectorScalar3, UI32_BIT_GET1, DivNorm, VectorRotation, VectorAddCoef, UI32_BIT_GET1, NULL_STATEMENT, UI32_BIT_GET1, UI32_BIT_GET1, UI32_BIT_GET1, IN_RANGE_LCUO, UI32_BIT_GET1, UI32_BIT_GET1, UI32_BIT_GET1, UI32_BIT_GET1, UI32_BIT_GET1, UI32_BIT_GET1, MatrixMulti331, VectorUnit3, Q2C, MatrixTran33, Fabsx, Fabsx, MatrixMulti333, VectorSub3, MatrixMulti331, VectorAdd3, VectorNorm3, MatrixMulti331, VectorScalar3, DivNorm, VectorDot3, VectorAddCoef, VectorRotation, VectorEval3, VectorSub3, VectorNorm3, VectorEval3
- undefined_calls: DivNorm, Fabsx, IN_RANGE_LCUO, MatrixMulti331, MatrixMulti333, MatrixTran33, Maxx, NULL_STATEMENT, Q2C, UI32_BIT_GET1, UI32_BIT_GET2, VectorAdd3, VectorAddCoef, VectorDot3, VectorEval3, VectorNorm3, VectorRotation, VectorScalar3, VectorSub3, VectorUnit3
- reads: FALSE32, FLT64_ZERO, FTDIFailFlg, FTDIUseFlg, Fabsx, IN_RANGE_LCUO, LcTDI, Maxx, Sub7Flg, TModemax, TRUE32, T_128MS, UI32_BIT_GET1, UI32_BIT_GET2, VectorDot3, VectorNorm3, ZT6, ZT9, a_tGx22, a_tGx23, angleErr, bHoverFlg, dLcTDI, dRFTDI1, dRFTDI2, dh, dlcy, dlcz, dtFTDI, flgFTDI, flgFTDIOld, h100Flg, hFTDI1, hFTDI2, hHover, height, hslw, lcy, lcz, mass, mass100, mass50, phicTDI, pxMax, pyMax, rM, sAttiCtrl, sAvoidData, sAvoidParam, sBodyData, sFtdiSafeLandData, sGncCtrlFlag, sGuideData, sGuideTransData, sGyroData, sModeParam, sModeProcess, sNaviData, sTime, sstime, t70, t7_1, t7_1to2, t7_4, t7_5, t7_5to6, t7_TDI, tFTDI, tgo, vslw3, w, wTDI
- writes: TmpFabs1, TmpFabs2, TmpFabs3, TmpFlg, TmpMax1, TmpMax2, TmpMax3, TmpMax4, TmpTDIFlg, Tmpa, TmpdR, Tmph, bCondOk, bCondOk2, ht, rIt, sAvoidData, sFtdiCtrl, sFtdiSafeLandData, sGuideData, sModeProcess, sNaviData, vecNorm
- summary.modifies: sAvoidData.flgFTDI, sAvoidData.flgFTDIOld, sAvoidData.flgSLP, sFtdiCtrl.cycleSafePtSeq, sFtdiCtrl.flgSafePointSeq, sFtdiSafeLandData.FTDIVldFlg, sFtdiSafeLandData.tFTDI, sGuideData.a_tG, sGuideData.nQPGNum, sGuideData.r_tG, sGuideData.tgo, sGuideData.v_tG, sModeProcess.Sub7Flg, sModeProcess.bQPGFirstFlg, sModeProcess.t7_1, sModeProcess.t7_4, sModeProcess.t7_5, sNaviData.h100Flg, sNaviData.tLI0
- summary.ensures_observed:
  - TmpCIB in [-1.79769e+308, 1.79769e+308]
  - TmpFabs1 in [-1.79769e+308, 1.79769e+308]
  - TmpFabs2 in [-1.79769e+308, 1.79769e+308]
  - TmpFabs3 in [-1.79769e+308, 1.79769e+308]
  - TmpFlg in [0, 4294967295]
  - TmpMax1 in [-1.79769e+308, 1.79769e+308]
  - TmpMax2 in [-1.79769e+308, 1.79769e+308]
  - TmpMax3 in [-1.79769e+308, 1.79769e+308]
  - TmpMax4 in [-1.79769e+308, 1.79769e+308]
  - TmpTDIFlg in [0, 4294967295]
  - TmpVec3 in [-1.79769e+308, 1.79769e+308]
  - TmpVec3Sec in [-1.79769e+308, 1.79769e+308]
  - Tmpa in [-1.79769e+308, 1.79769e+308]
  - TmpdR in [-1.79769e+308, 1.79769e+308]
  - Tmph in [-1.79769e+308, 1.79769e+308]
  - Tmpp in [-1.79769e+308, 1.79769e+308]
  - ... 48 more
- invariants:
  - [value_range/medium] TmpCIB in [-1.79769e+308, 1.79769e+308] (decl float64@11)
  - [value_range/medium] TmpFabs1 in [-1.79769e+308, 1.79769e+308] (decl float64@24)
  - [value_range/medium] TmpFabs2 in [-1.79769e+308, 1.79769e+308] (decl float64@26)
  - [value_range/medium] TmpFabs3 in [-1.79769e+308, 1.79769e+308] (decl float64@27)
  - [value_range/medium] TmpFlg in [0, 4294967295] (decl unint32@23; literal@350; literal@355)
  - [value_range/medium] TmpMax1 in [-1.79769e+308, 1.79769e+308] (decl float64@28)
  - [value_range/medium] TmpMax2 in [-1.79769e+308, 1.79769e+308] (decl float64@29)
  - [value_range/medium] TmpMax3 in [-1.79769e+308, 1.79769e+308] (decl float64@30)
  - [value_range/medium] TmpMax4 in [-1.79769e+308, 1.79769e+308] (decl float64@31)
  - [value_range/medium] TmpTDIFlg in [0, 4294967295] (decl unint32@35; literal@41; literal@87)
  - [value_range/medium] TmpVec3 in [-1.79769e+308, 1.79769e+308] (decl float64@33)
  - [value_range/medium] TmpVec3Sec in [-1.79769e+308, 1.79769e+308] (decl float64@34)
  - [value_range/medium] Tmpa in [-1.79769e+308, 1.79769e+308] (decl float64@19)
  - [value_range/medium] TmpdR in [-1.79769e+308, 1.79769e+308] (decl float64@9)
  - [value_range/medium] Tmph in [-1.79769e+308, 1.79769e+308] (decl float64@32)
  - [value_range/medium] Tmpp in [-1.79769e+308, 1.79769e+308] (decl float64@10)
  - [value_range/medium] Tmpr_LI0 in [-1.79769e+308, 1.79769e+308] (decl float64@20)
  - [value_range/medium] Tmpr_LI1 in [-1.79769e+308, 1.79769e+308] (decl float64@21)
  - [value_range/medium] Tmpr_LI2 in [-1.79769e+308, 1.79769e+308] (decl float64@22)
  - [value_range/medium] bCondOk in [0, 4294967295] (macro TRUE32@97; macro FALSE32@101; macro TRUE32@246; macro FALSE32@250)
  - [value_range/medium] bCondOk2 in [0, 4294967295] (macro TRUE32@258; macro FALSE32@262)
  - [value_range/medium] ht in [-1.79769e+308, 1.79769e+308] (decl float64@14)
  - [value_range/medium] p1 in [-1.79769e+308, 1.79769e+308] (decl float64@15)
  - [value_range/medium] p1Neg in [-1.79769e+308, 1.79769e+308] (decl float64@16)
  - [value_range/medium] rIt in [-1.79769e+308, 1.79769e+308] (decl float64@13)
  - [value_range/medium] sAvoidData.flgFTDI in [1, 4] (literal@220; literal@229; literal@238; literal@270; literal@277; literal@285; literal@292)
  - [value_range/medium] sAvoidData.flgFTDIOld in [1, 4] (known-symbol@384)
  - [value_range/medium] sAvoidData.flgSLP in [1, 4] (known-symbol@371)
  - [value_range/medium] sFtdiCtrl.cycleSafePtSeq in [0, 0] (literal@314)
  - [value_range/medium] sFtdiCtrl.flgSafePointSeq in [255, 255] (literal@311)
  - ... 160 more
- value_ranges:
  - TmpCIB: [-1.79769e+308, 1.79769e+308] (decl float64@11)
  - TmpFabs1: [-1.79769e+308, 1.79769e+308] (decl float64@24)
  - TmpFabs2: [-1.79769e+308, 1.79769e+308] (decl float64@26)
  - TmpFabs3: [-1.79769e+308, 1.79769e+308] (decl float64@27)
  - TmpFlg: [0, 4294967295] (decl unint32@23; literal@350; literal@355)
  - TmpMax1: [-1.79769e+308, 1.79769e+308] (decl float64@28)
  - TmpMax2: [-1.79769e+308, 1.79769e+308] (decl float64@29)
  - TmpMax3: [-1.79769e+308, 1.79769e+308] (decl float64@30)
  - TmpMax4: [-1.79769e+308, 1.79769e+308] (decl float64@31)
  - TmpTDIFlg: [0, 4294967295] (decl unint32@35; literal@41; literal@87)
  - TmpVec3: [-1.79769e+308, 1.79769e+308] (decl float64@33)
  - TmpVec3Sec: [-1.79769e+308, 1.79769e+308] (decl float64@34)
  - Tmpa: [-1.79769e+308, 1.79769e+308] (decl float64@19)
  - TmpdR: [-1.79769e+308, 1.79769e+308] (decl float64@9)
  - Tmph: [-1.79769e+308, 1.79769e+308] (decl float64@32)
  - Tmpp: [-1.79769e+308, 1.79769e+308] (decl float64@10)
  - Tmpr_LI0: [-1.79769e+308, 1.79769e+308] (decl float64@20)
  - Tmpr_LI1: [-1.79769e+308, 1.79769e+308] (decl float64@21)
  - Tmpr_LI2: [-1.79769e+308, 1.79769e+308] (decl float64@22)
  - bCondOk: [0, 4294967295] (macro TRUE32@97; macro FALSE32@101; macro TRUE32@246; macro FALSE32@250)
  - bCondOk2: [0, 4294967295] (macro TRUE32@258; macro FALSE32@262)
  - ht: [-1.79769e+308, 1.79769e+308] (decl float64@14)
  - p1: [-1.79769e+308, 1.79769e+308] (decl float64@15)
  - p1Neg: [-1.79769e+308, 1.79769e+308] (decl float64@16)
  - rIt: [-1.79769e+308, 1.79769e+308] (decl float64@13)
  - sAvoidData.flgFTDI: [1, 4] (literal@220; literal@229; literal@238; literal@270; +3 more)
  - sAvoidData.flgFTDIOld: [1, 4] (known-symbol@384)
  - sAvoidData.flgSLP: [1, 4] (known-symbol@371)
  - sFtdiCtrl.cycleSafePtSeq: [0, 0] (literal@314)
  - sFtdiCtrl.flgSafePointSeq: [255, 255] (literal@311)
  - sFtdiSafeLandData.FTDIVldFlg: [0, 0] (literal@321)
  - sFtdiSafeLandData.tFTDI: [1000000000, 1000000000] (literal@159)
  - sGuideData.nQPGNum: [0, 0] (literal@135; literal@148; literal@190; literal@204)
  - sGuideData.tgo: [50, 50] (literal@134; literal@147; literal@189; literal@203)
  - sGuideData.v_tG[0]: [0, 0] (literal@108)
  - sModeProcess.Sub7Flg: [1, 7] (literal@119; literal@133; literal@141; literal@146; +5 more)
  - sModeProcess.bQPGFirstFlg: [1, 4294967295] (macro TRUE32@136; macro TRUE32@149; macro TRUE32@191; macro TRUE32@205)
  - sNaviData.h100Flg: [1, 1] (literal@120)
  - sNaviData.tLI0: [1000000000, 1000000000] (known-symbol@377)
  - tmpMat33: [-1.79769e+308, 1.79769e+308] (decl float64@12)
  - tmpVec3: [-1.79769e+308, 1.79769e+308] (decl float64@17)
  - tmpVec3Sec: [-1.79769e+308, 1.79769e+308] (decl float64@18)
  - vecNorm: [-1.79769e+308, 1.79769e+308] (decl float64@8)
- condition_ranges:
  - sGuideData.bHoverFlg: [0, 0] when sGuideData.bHoverFlg == FALSE32@44
  - sModeProcess.Sub7Flg: [-1.79769e+308, 2] when sModeProcess.Sub7Flg < 3@47
  - sGuideData.bHoverFlg: [0, 0] when sGuideData.bHoverFlg == FALSE32@92
  - sModeProcess.Sub7Flg: [0, 0] when sModeProcess.Sub7Flg == 0@105
  - sModeProcess.Sub7Flg: [0, 0] when sModeProcess.Sub7Flg == 0@113
  - bCondOk: [1, 4294967295] when bCondOk == TRUE32@113
  - sFtdiSafeLandData.FTDIFailFlg: [0, 0] when sFtdiSafeLandData.FTDIFailFlg == 0@113
  - sModeProcess.Sub7Flg: [0, 0] when sModeProcess.Sub7Flg == 0@127
  - sFtdiSafeLandData.FTDIUseFlg: [1, 1] when sFtdiSafeLandData.FTDIUseFlg == 1@127
  - bCondOk: [1, 4294967295] when bCondOk == TRUE32@127
  - sFtdiSafeLandData.FTDIFailFlg: [1, 1] when sFtdiSafeLandData.FTDIFailFlg == 1@127
  - sModeProcess.Sub7Flg: [1, 1] when sModeProcess.Sub7Flg == 1@139
  - TmpTDIFlg: [1, 1] when TmpTDIFlg == 1@139
  - sModeProcess.Sub7Flg: [2, 2] when sModeProcess.Sub7Flg == 2@144
  - sFtdiSafeLandData.FTDIUseFlg: [1, 1] when sFtdiSafeLandData.FTDIUseFlg == 1@144
  - bCondOk: [1, 4294967295] when bCondOk == TRUE32@144
  - sModeProcess.Sub7Flg: [3, 3] when sModeProcess.Sub7Flg == 3@152
  - sGuideData.tgo: [-1.79769e+308, -1] when sGuideData.tgo < 0.0@152
  - sModeProcess.TModemax: [-1.79769e+308, -1] when sModeProcess.TModemax < 0.0@152
  - sModeProcess.Sub7Flg: [4, 4] when sModeProcess.Sub7Flg == 4@168
  - ... 28 more
- conditions:
  - if@44: (sGuideData.bHoverFlg == FALSE32) && (UI32_BIT_GET2(sGncCtrlFlag.ZT9, 30u) != 0x03)
  - if@47: sModeProcess.Sub7Flg < 3
  - if@82: (TmpMax1 < sAvoidParam.LcTDI) && (TmpMax2 < sAvoidParam.dLcTDI) && (TmpMax3 < sAvoidParam.phicTDI) && (TmpMax4 < sAvoidParam.wTDI)
  - if@92: (sGuideData.bHoverFlg == FALSE32) && (UI32_BIT_GET2(sGncCtrlFlag.ZT9, 30u) != 0x03)
  - if@95: (sTime.sstime - sFtdiSafeLandData.tFTDI) > sAvoidParam.dtFTDI
  - if@105: sModeProcess.Sub7Flg == 0
  - if@113: (sModeProcess.Sub7Flg == 0) && (bCondOk == TRUE32) && (sFtdiSafeLandData.FTDIFailFlg == 0) && (UI32_BIT_GET1(sGncCtrlFlag.ZT9, 30u) == 0x0) && (sBodyData.mass >= sAvoidParam.mass100)
  - if@127: (sModeProcess.Sub7Flg == 0) && ((sFtdiSafeLandData.FTDIUseFlg == 1) || ((bCondOk == TRUE32) && (sFtdiSafeLandData.FTDIFailFlg == 1)) || (UI32_BIT_GET1(sGncCtrlFlag.ZT9, 30u) == 0x1) || (sBodyData.mass < sAvoidParam.mass100))
  - if@139: (sModeProcess.Sub7Flg == 1) && ((TmpTDIFlg == 1) || ((sTime.sstime - sModeProcess.t7_1) > sModeParam.t7_1to2))
  - if@144: (sModeProcess.Sub7Flg == 2) && ((sFtdiSafeLandData.FTDIUseFlg == 1) || (bCondOk == TRUE32))
  - if@152: (sModeProcess.Sub7Flg == 3) && ((sGuideData.tgo < 0.0) || (sModeProcess.TModemax < 0.0))
  - if@168: (sModeProcess.Sub7Flg == 4) && (bCondOk == TRUE32) && (sNaviData.h100Flg == 0) && (UI32_BIT_GET1(sGncCtrlFlag.ZT9, 31u) == 0x0) && (sBodyData.mass >= sAvoidParam.mass50)
  - if@182: (sModeProcess.Sub7Flg == 4) && ((sFtdiSafeLandData.FTDIUseFlg == 1) || ((bCondOk == TRUE32) && (sNaviData.h100Flg == 1)) || (UI32_BIT_GET1(sGncCtrlFlag.ZT9, 31u) == 0x1) || (sBodyData.mass < sAvoidParam.mass50))
  - if@194: (sModeProcess.Sub7Flg == 5) && ((TmpTDIFlg == 1) || ((sTime.sstime - sModeProcess.t7_5) > sModeParam.t7_5to6))
  - if@199: (sModeProcess.Sub7Flg == 6) && ((sFtdiSafeLandData.FTDIUseFlg == 1) || (bCondOk == TRUE32))
  - if@216: (UI32_BIT_GET1(sGncCtrlFlag.ZT6, 0) == 1) && (sGuideData.bHoverFlg == TRUE32) && (sNaviData.height < sGuideTransData.hHover)
  - if@224: (UI32_BIT_GET1(sGncCtrlFlag.ZT6, 1) == 1) && (sGuideData.bHoverFlg == FALSE32) && (UI32_BIT_GET1(sGncCtrlFlag.ZT9, 30u) == 0x1) && IN_RANGE_LCUO(sNaviData.height, sAvoidParam.hFTDI2, sAvoidParam.hFTDI1)
  - if@233: (UI32_BIT_GET1(sGncCtrlFlag.ZT6, 2) == 1) && (sGuideData.bHoverFlg == FALSE32) && (UI32_BIT_GET1(sGncCtrlFlag.ZT9, 31u) == 0x1) && (sNaviData.height < sAvoidParam.hFTDI2)
  - if@242: (UI32_BIT_GET1(sGncCtrlFlag.ZT6, 1) == 1) && (sGuideData.bHoverFlg == FALSE32) && (UI32_BIT_GET1(sGncCtrlFlag.ZT9, 30u) == 0x0)
  - if@254: (UI32_BIT_GET1(sGncCtrlFlag.ZT6, 2) == 1) && (sGuideData.bHoverFlg == FALSE32) && (UI32_BIT_GET1(sGncCtrlFlag.ZT9, 31u) == 0x0)
  - if@266: (bCondOk == TRUE32) && (sModeProcess.Sub7Flg == 0) && ((TmpTDIFlg == 1) || ((sTime.sstime - sModeProcess.t70) > sModeParam.t7_TDI))
  - if@274: (bCondOk == TRUE32) && (sModeProcess.Sub7Flg == 2)
  - if@281: (bCondOk2 == TRUE32) && (sModeProcess.Sub7Flg == 4) && ((TmpTDIFlg == 1) || ((sTime.sstime - sModeProcess.t7_4) > sModeParam.t7_TDI))
  - if@289: (bCondOk2 == TRUE32) && (sModeProcess.Sub7Flg == 6)
  - if@296: sNaviData.height > (sAvoidParam.hFTDI2 + sAvoidParam.hFTDI1) / 2.0
  - if@307: (sAvoidData.flgFTDI != 0) && (sAvoidData.flgFTDI != sAvoidData.flgFTDIOld)
  - if@318: (sFtdiSafeLandData.FTDIUseFlg == 1) && (sAvoidData.flgFTDI != 0)
  - if@332: (Tmpp[0] < sAvoidParam.pxMax) && (Fabsx(Tmpp[1]) < sAvoidParam.pyMax) && (Fabsx(Tmpp[2]) < sAvoidParam.pyMax)
  - if@353: Tmpa < FLT64_ZERO
  - if@358: TmpFlg == 1
  - if@368: vecNorm < TmpdR
- assignments:
  - 41: TmpTDIFlg = <literal/unknown>
  - 49: Tmph = hFTDI1,sAvoidParam
  - 54: Tmph = hFTDI2,sAvoidParam
  - 58: TmpFabs1 = Fabsx,Tmph,height,sNaviData
  - 59: TmpFabs2 = Fabsx,lcy,sNaviData
  - 60: TmpFabs3 = Fabsx,lcz,sNaviData
  - 61: TmpMax1 = Maxx,TmpFabs1,TmpFabs2
  - 62: TmpMax1 = Maxx,TmpFabs3,TmpMax1
  - 64: TmpFabs1 = Fabsx,dh,sNaviData
  - 65: TmpFabs2 = Fabsx,dlcy,sNaviData
  - 66: TmpFabs3 = Fabsx,dlcz,sNaviData
  - 67: TmpMax2 = Maxx,TmpFabs1,TmpFabs2
  - 68: TmpMax2 = Maxx,TmpFabs3,TmpMax2
  - 70: TmpFabs1 = Fabsx,angleErr,sAttiCtrl
  - 71: TmpFabs2 = Fabsx,angleErr,sAttiCtrl
  - 72: TmpFabs3 = Fabsx,angleErr,sAttiCtrl
  - 73: TmpMax3 = Maxx,TmpFabs1,TmpFabs2
  - 74: TmpMax3 = Maxx,TmpFabs3,TmpMax3
  - 76: TmpFabs1 = Fabsx,sGyroData,w
  - 77: TmpFabs2 = Fabsx,sGyroData,w
  - 78: TmpFabs3 = Fabsx,sGyroData,w
  - 79: TmpMax4 = Maxx,TmpFabs1,TmpFabs2
  - 80: TmpMax4 = Maxx,TmpFabs3,TmpMax4
  - 87: TmpTDIFlg = <literal/unknown>
  - 97: bCondOk = TRUE32
  - 101: bCondOk = FALSE32
  - 107: sGuideData.r_tG[0] = hFTDI2,sAvoidParam
  - 108: sGuideData.v_tG[0] = <literal/unknown>
  - 109: sGuideData.a_tG[0] = a_tGx22,sModeParam
  - 119: sModeProcess.Sub7Flg = <literal/unknown>
  - 120: sNaviData.h100Flg = <literal/unknown>
  - 121: sModeProcess.t7_1 = sTime,sstime
  - 133: sModeProcess.Sub7Flg = <literal/unknown>
  - 134: sGuideData.tgo = <literal/unknown>
  - 135: sGuideData.nQPGNum = <literal/unknown>
  - 136: sModeProcess.bQPGFirstFlg = TRUE32
  - 141: sModeProcess.Sub7Flg = <literal/unknown>
  - 146: sModeProcess.Sub7Flg = <literal/unknown>
  - 147: sGuideData.tgo = <literal/unknown>
  - 148: sGuideData.nQPGNum = <literal/unknown>
  - ... 44 more

## JSON
{
  "root": "/home/hp/文档/output/CE7-FYQ-src_flat_out/AvoidanceCalc/IP_AvoidanceCalc.c",
  "files": [
    {
      "file": "/home/hp/文档/output/CE7-FYQ-src_flat_out/AvoidanceCalc/IP_AvoidanceCalc.c",
      "lines": 390,
      "includes": [
        {
          "name": "IP_AvoidanceCalc.h",
          "kind": "local",
          "line": 1,
          "resolved": "/home/hp/文档/output/CE7-FYQ-src_flat_out/AvoidanceCalc/IP_AvoidanceCalc.h"
        }
      ],
      "macros": [],
      "typedefs": [],
      "globals": [],
      "functions": [
        {
          "name": "AvoidanceCalc",
          "line": 7,
          "params": []
        }
      ]
    }
  ],
  "summary": {
    "file_count": 1,
    "function_count": 1,
    "defined_function_count": 1,
    "declared_function_count": 0,
    "macro_count": 0,
    "typedef_count": 0,
    "global_count": 0,
    "call_edge_count": 67,
    "unresolved_call_count": 20,
    "field_access_count": 195,
    "missing_local_include_count": 0,
    "function_invariant_count": 190,
    "project_invariant_count": 74
  },
  "symbols": {
    "defined_functions": {
      "AvoidanceCalc": [
        {
          "file": "/home/hp/文档/output/CE7-FYQ-src_flat_out/AvoidanceCalc/IP_AvoidanceCalc.c",
          "line": 7
        }
      ]
    },
    "declared_functions": {},
    "macros": {},
    "typedefs": {},
    "enum_constants": [],
    "globals": {},
    "struct_fields": {},
    "duplicate_functions": {}
  },
  "functions": [
    {
      "file": "/home/hp/文档/output/CE7-FYQ-src_flat_out/AvoidanceCalc/IP_AvoidanceCalc.c",
      "name": "AvoidanceCalc",
      "line": 7,
      "return_type": "void",
      "params": [],
      "locals": [
        "TmpCIB",
        "TmpFabs1",
        "TmpFabs2",
        "TmpFabs3",
        "TmpFlg",
        "TmpMax1",
        "TmpMax2",
        "TmpMax3",
        "TmpMax4",
        "TmpTDIFlg",
        "TmpVec3",
        "TmpVec3Sec",
        "Tmpa",
        "TmpdR",
        "Tmph",
        "Tmpp",
        "Tmpr_LI0",
        "Tmpr_LI1",
        "Tmpr_LI2",
        "bCondOk",
        "bCondOk2",
        "ht",
        "p1",
        "p1Neg",
        "rIt",
        "tmpMat33",
        "tmpVec3",
        "tmpVec3Sec",
        "vecNorm"
      ],
      "calls": [
        {
          "name": "UI32_BIT_GET2",
          "line": 44,
          "kind": "function",
          "resolved": false
        },
        {
          "name": "Fabsx",
          "line": 58,
          "kind": "function",
          "resolved": false
        },
        {
          "name": "Fabsx",
          "line": 59,
          "kind": "function",
          "resolved": false
        },
        {
          "name": "Fabsx",
          "line": 60,
          "kind": "function",
          "resolved": false
        },
        {
          "name": "Maxx",
          "line": 61,
          "kind": "function",
          "resolved": false
        },
        {
          "name": "Maxx",
          "line": 62,
          "kind": "function",
          "resolved": false
        },
        {
          "name": "Fabsx",
          "line": 64,
          "kind": "function",
          "resolved": false
        },
        {
          "name": "Fabsx",
          "line": 65,
          "kind": "function",
          "resolved": false
        },
        {
          "name": "Fabsx",
          "line": 66,
          "kind": "function",
          "resolved": false
        },
        {
          "name": "Maxx",
          "line": 67,
          "kind": "function",
          "resolved": false
        },
        {
          "name": "Maxx",
          "line": 68,
          "kind": "function",
          "resolved": false
        },
        {
          "name": "Fabsx",
          "line": 70,
          "kind": "function",
          "resolved": false
        },
        {
          "name": "Fabsx",
          "line": 71,
          "kind": "function",
          "resolved": false
        },
        {
          "name": "Fabsx",
          "line": 72,
          "kind": "function",
          "resolved": false
        },
        {
          "name": "Maxx",
          "line": 73,
          "kind": "function",
          "resolved": false
        },
        {
          "name": "Maxx",
          "line": 74,
          "kind": "function",
          "resolved": false
        },
        {
          "name": "Fabsx",
          "line": 76,
          "kind": "function",
          "resolved": false
        },
        {
          "name": "Fabsx",
          "line": 77,
          "kind": "function",
          "resolved": false
        },
        {
          "name": "Fabsx",
          "line": 78,
          "kind": "function",
          "resolved": false
        },
        {
          "name": "Maxx",
          "line": 79,
          "kind": "function",
          "resolved": false
        },
        {
          "name": "Maxx",
          "line": 80,
          "kind": "function",
          "resolved": false
        },
        {
          "name": "UI32_BIT_GET2",
          "line": 92,
          "kind": "function",
          "resolved": false
        },
        {
          "name": "UI32_BIT_GET1",
          "line": 116,
          "kind": "function",
          "resolved": false
        },
        {
          "name": "DivNorm",
          "line": 122,
          "kind": "function",
          "resolved": false
        },
        {
          "name": "VectorRotation",
          "line": 123,
          "kind": "function",
          "resolved": false
        },
        {
          "name": "VectorAddCoef",
          "line": 124,
          "kind": "function",
          "resolved": false
        },
        {
          "name": "UI32_BIT_GET1",
          "line": 130,
          "kind": "function",
          "resolved": false
        },
        {
          "name": "VectorEval3",
          "line": 163,
          "kind": "function",
          "resolved": false
        },
        {
          "name": "VectorUnit3",
          "line": 164,
          "kind": "function",
          "resolved": false
        },
        {
          "name": "VectorScalar3",
          "line": 165,
          "kind": "function",
          "resolved": false
        },
        {
          "name": "UI32_BIT_GET1",
          "line": 171,
          "kind": "function",
          "resolved": false
        },
        {
          "name": "DivNorm",
          "line": 177,
          "kind": "function",
          "resolved": false
        },
        {
          "name": "VectorRotation",
          "line": 178,
          "kind": "function",
          "resolved": false
        },
        {
          "name": "VectorAddCoef",
          "line": 179,
          "kind": "function",
          "resolved": false
        },
        {
          "name": "UI32_BIT_GET1",
          "line": 185,
          "kind": "function",
          "resolved": false
        },
        {
          "name": "NULL_STATEMENT",
          "line": 210,
          "kind": "function",
          "resolved": false
        },
        {
          "name": "UI32_BIT_GET1",
          "line": 216,
          "kind": "function",
          "resolved": false
        },
        {
          "name": "UI32_BIT_GET1",
          "line": 224,
          "kind": "function",
          "resolved": false
        },
        {
          "name": "UI32_BIT_GET1",
          "line": 226,
          "kind": "function",
          "resolved": false
        },
        {
          "name": "IN_RANGE_LCUO",
          "line": 227,
          "kind": "function",
          "resolved": false
        },
        {
          "name": "UI32_BIT_GET1",
          "line": 233,
          "kind": "function",
          "resolved": false
        },
        {
          "name": "UI32_BIT_GET1",
          "line": 235,
          "kind": "function",
          "resolved": false
        },
        {
          "name": "UI32_BIT_GET1",
          "line": 242,
          "kind": "function",
          "resolved": false
        },
        {
          "name": "UI32_BIT_GET1",
          "line": 244,
          "kind": "function",
          "resolved": false
        },
        {
          "name": "UI32_BIT_GET1",
          "line": 254,
          "kind": "function",
          "resolved": false
        },
        {
          "name": "UI32_BIT_GET1",
          "line": 256,
          "kind": "function",
          "resolved": false
        },
        {
          "name": "MatrixMulti331",
          "line": 324,
          "kind": "function",
          "resolved": false
        },
        {
          "name": "VectorUnit3",
          "line": 325,
          "kind": "function",
          "resolved": false
        },
        {
          "name": "Q2C",
          "line": 328,
          "kind": "function",
          "resolved": false
        },
        {
          "name": "MatrixTran33",
          "line": 329,
          "kind": "function",
          "resolved": false
        },
        {
          "name": "Fabsx",
          "line": 333,
          "kind": "function",
          "resolved": false
        },
        {
          "name": "Fabsx",
          "line": 334,
          "kind": "function",
          "resolved": false
        },
        {
          "name": "MatrixMulti333",
          "line": 336,
          "kind": "function",
          "resolved": false
        },
        {
          "name": "VectorSub3",
          "line": 337,
          "kind": "function",
          "resolved": false
        },
        {
          "name": "MatrixMulti331",
          "line": 338,
          "kind": "function",
          "resolved": false
        },
        {
          "name": "VectorAdd3",
          "line": 339,
          "kind": "function",
          "resolved": false
        },
        {
          "name": "VectorNorm3",
          "line": 341,
          "kind": "function",
          "resolved": false
        },
        {
          "name": "MatrixMulti331",
          "line": 344,
          "kind": "function",
          "resolved": false
        },
        {
          "name": "VectorScalar3",
          "line": 346,
          "kind": "function",
          "resolved": false
        },
        {
          "name": "DivNorm",
          "line": 347,
          "kind": "function",
          "resolved": false
        },
        {
          "name": "VectorDot3",
          "line": 348,
          "kind": "function",
          "resolved": false
        },
        {
          "name": "VectorAddCoef",
          "line": 360,
          "kind": "function",
          "resolved": false
        },
        {
          "name": "VectorRotation",
          "line": 361,
          "kind": "function",
          "resolved": false
        },
        {
          "name": "VectorEval3",
          "line": 363,
          "kind": "function",
          "resolved": false
        },
        {
          "name": "VectorSub3",
          "line": 365,
          "kind": "function",
          "resolved": false
        },
        {
          "name": "VectorNorm3",
          "line": 366,
          "kind": "function",
          "resolved": false
        },
        {
          "name": "VectorEval3",
          "line": 374,
          "kind": "function",
          "resolved": false
        }
      ],
      "assignments": [
        {
          "line": 41,
          "lhs": "TmpTDIFlg",
          "operator": "=",
          "rhs": "0",
          "rhs_identifiers": []
        },
        {
          "line": 49,
          "lhs": "Tmph",
          "operator": "=",
          "rhs": "sAvoidParam.hFTDI1",
          "rhs_identifiers": [
            "hFTDI1",
            "sAvoidParam"
          ]
        },
        {
          "line": 54,
          "lhs": "Tmph",
          "operator": "=",
          "rhs": "sAvoidParam.hFTDI2",
          "rhs_identifiers": [
            "hFTDI2",
            "sAvoidParam"
          ]
        },
        {
          "line": 58,
          "lhs": "TmpFabs1",
          "operator": "=",
          "rhs": "Fabsx(sNaviData.height - Tmph)",
          "rhs_identifiers": [
            "Fabsx",
            "Tmph",
            "height",
            "sNaviData"
          ]
        },
        {
          "line": 59,
          "lhs": "TmpFabs2",
          "operator": "=",
          "rhs": "Fabsx(sNaviData.lcy)",
          "rhs_identifiers": [
            "Fabsx",
            "lcy",
            "sNaviData"
          ]
        },
        {
          "line": 60,
          "lhs": "TmpFabs3",
          "operator": "=",
          "rhs": "Fabsx(sNaviData.lcz)",
          "rhs_identifiers": [
            "Fabsx",
            "lcz",
            "sNaviData"
          ]
        },
        {
          "line": 61,
          "lhs": "TmpMax1",
          "operator": "=",
          "rhs": "Maxx(TmpFabs1, TmpFabs2)",
          "rhs_identifiers": [
            "Maxx",
            "TmpFabs1",
            "TmpFabs2"
          ]
        },
        {
          "line": 62,
          "lhs": "TmpMax1",
          "operator": "=",
          "rhs": "Maxx(TmpMax1, TmpFabs3)",
          "rhs_identifiers": [
            "Maxx",
            "TmpFabs3",
            "TmpMax1"
          ]
        },
        {
          "line": 64,
          "lhs": "TmpFabs1",
          "operator": "=",
          "rhs": "Fabsx(sNaviData.dh)",
          "rhs_identifiers": [
            "Fabsx",
            "dh",
            "sNaviData"
          ]
        },
        {
          "line": 65,
          "lhs": "TmpFabs2",
          "operator": "=",
          "rhs": "Fabsx(sNaviData.dlcy)",
          "rhs_identifiers": [
            "Fabsx",
            "dlcy",
            "sNaviData"
          ]
        },
        {
          "line": 66,
          "lhs": "TmpFabs3",
          "operator": "=",
          "rhs": "Fabsx(sNaviData.dlcz)",
          "rhs_identifiers": [
            "Fabsx",
            "dlcz",
            "sNaviData"
          ]
        },
        {
          "line": 67,
          "lhs": "TmpMax2",
          "operator": "=",
          "rhs": "Maxx(TmpFabs1, TmpFabs2)",
          "rhs_identifiers": [
            "Maxx",
            "TmpFabs1",
            "TmpFabs2"
          ]
        },
        {
          "line": 68,
          "lhs": "TmpMax2",
          "operator": "=",
          "rhs": "Maxx(TmpMax2, TmpFabs3)",
          "rhs_identifiers": [
            "Maxx",
            "TmpFabs3",
            "TmpMax2"
          ]
        },
        {
          "line": 70,
          "lhs": "TmpFabs1",
          "operator": "=",
          "rhs": "Fabsx(sAttiCtrl.angleErr[0])",
          "rhs_identifiers": [
            "Fabsx",
            "angleErr",
            "sAttiCtrl"
          ]
        },
        {
          "line": 71,
          "lhs": "TmpFabs2",
          "operator": "=",
          "rhs": "Fabsx(sAttiCtrl.angleErr[1])",
          "rhs_identifiers": [
            "Fabsx",
            "angleErr",
            "sAttiCtrl"
          ]
        },
        {
          "line": 72,
          "lhs": "TmpFabs3",
          "operator": "=",
          "rhs": "Fabsx(sAttiCtrl.angleErr[2])",
          "rhs_identifiers": [
            "Fabsx",
            "angleErr",
            "sAttiCtrl"
          ]
        },
        {
          "line": 73,
          "lhs": "TmpMax3",
          "operator": "=",
          "rhs": "Maxx(TmpFabs1, TmpFabs2)",
          "rhs_identifiers": [
            "Maxx",
            "TmpFabs1",
            "TmpFabs2"
          ]
        },
        {
          "line": 74,
          "lhs": "TmpMax3",
          "operator": "=",
          "rhs": "Maxx(TmpMax3, TmpFabs3)",
          "rhs_identifiers": [
            "Maxx",
            "TmpFabs3",
            "TmpMax3"
          ]
        },
        {
          "line": 76,
          "lhs": "TmpFabs1",
          "operator": "=",
          "rhs": "Fabsx(sGyroData.w[0])",
          "rhs_identifiers": [
            "Fabsx",
            "sGyroData",
            "w"
          ]
        },
        {
          "line": 77,
          "lhs": "TmpFabs2",
          "operator": "=",
          "rhs": "Fabsx(sGyroData.w[1])",
          "rhs_identifiers": [
            "Fabsx",
            "sGyroData",
            "w"
          ]
        },
        {
          "line": 78,
          "lhs": "TmpFabs3",
          "operator": "=",
          "rhs": "Fabsx(sGyroData.w[2])",
          "rhs_identifiers": [
            "Fabsx",
            "sGyroData",
            "w"
          ]
        },
        {
          "line": 79,
          "lhs": "TmpMax4",
          "operator": "=",
          "rhs": "Maxx(TmpFabs1, TmpFabs2)",
          "rhs_identifiers": [
            "Maxx",
            "TmpFabs1",
            "TmpFabs2"
          ]
        },
        {
          "line": 80,
          "lhs": "TmpMax4",
          "operator": "=",
          "rhs": "Maxx(TmpMax4, TmpFabs3)",
          "rhs_identifiers": [
            "Maxx",
            "TmpFabs3",
            "TmpMax4"
          ]
        },
        {
          "line": 87,
          "lhs": "TmpTDIFlg",
          "operator": "=",
          "rhs": "1",
          "rhs_identifiers": []
        },
        {
          "line": 97,
          "lhs": "bCondOk",
          "operator": "=",
          "rhs": "TRUE32",
          "rhs_identifiers": [
            "TRUE32"
          ]
        },
        {
          "line": 101,
          "lhs": "bCondOk",
          "operator": "=",
          "rhs": "FALSE32",
          "rhs_identifiers": [
            "FALSE32"
          ]
        },
        {
          "line": 107,
          "lhs": "sGuideData.r_tG[0]",
          "operator": "=",
          "rhs": "sAvoidParam.hFTDI2",
          "rhs_identifiers": [
            "hFTDI2",
            "sAvoidParam"
          ]
        },
        {
          "line": 108,
          "lhs": "sGuideData.v_tG[0]",
          "operator": "=",
          "rhs": "0.0",
          "rhs_identifiers": []
        },
        {
          "line": 109,
          "lhs": "sGuideData.a_tG[0]",
          "operator": "=",
          "rhs": "sModeParam.a_tGx22",
          "rhs_identifiers": [
            "a_tGx22",
            "sModeParam"
          ]
        },
        {
          "line": 119,
          "lhs": "sModeProcess.Sub7Flg",
          "operator": "=",
          "rhs": "1",
          "rhs_identifiers": []
        },
        {
          "line": 120,
          "lhs": "sNaviData.h100Flg",
          "operator": "=",
          "rhs": "1",
          "rhs_identifiers": []
        },
        {
          "line": 121,
          "lhs": "sModeProcess.t7_1",
          "operator": "=",
          "rhs": "sTime.sstime",
          "rhs_identifiers": [
            "sTime",
            "sstime"
          ]
        },
        {
          "line": 133,
          "lhs": "sModeProcess.Sub7Flg",
          "operator": "=",
          "rhs": "3",
          "rhs_identifiers": []
        },
        {
          "line": 134,
          "lhs": "sGuideData.tgo",
          "operator": "=",
          "rhs": "50.0",
          "rhs_identifiers": []
        },
        {
          "line": 135,
          "lhs": "sGuideData.nQPGNum",
          "operator": "=",
          "rhs": "0",
          "rhs_identifiers": []
        },
        {
          "line": 136,
          "lhs": "sModeProcess.bQPGFirstFlg",
          "operator": "=",
          "rhs": "TRUE32",
          "rhs_identifiers": [
            "TRUE32"
          ]
        },
        {
          "line": 141,
          "lhs": "sModeProcess.Sub7Flg",
          "operator": "=",
          "rhs": "2",
          "rhs_identifiers": []
        },
        {
          "line": 146,
          "lhs": "sModeProcess.Sub7Flg",
          "operator": "=",
          "rhs": "3",
          "rhs_identifiers": []
        },
        {
          "line": 147,
          "lhs": "sGuideData.tgo",
          "operator": "=",
          "rhs": "50.0",
          "rhs_identifiers": []
        },
        {
          "line": 148,
          "lhs": "sGuideData.nQPGNum",
          "operator": "=",
          "rhs": "0",
          "rhs_identifiers": []
        },
        {
          "line": 149,
          "lhs": "sModeProcess.bQPGFirstFlg",
          "operator": "=",
          "rhs": "TRUE32",
          "rhs_identifiers": [
            "TRUE32"
          ]
        },
        {
          "line": 154,
          "lhs": "sModeProcess.Sub7Flg",
          "operator": "=",
          "rhs": "4",
          "rhs_identifiers": []
        },
        {
          "line": 155,
          "lhs": "sGuideData.r_tG[0]",
          "operator": "=",
          "rhs": "sModeParam.hslw",
          "rhs_identifiers": [
            "hslw",
            "sModeParam"
          ]
        },
        {
          "line": 156,
          "lhs": "sGuideData.v_tG[0]",
          "operator": "=",
          "rhs": "sModeParam.vslw3",
          "rhs_identifiers": [
            "sModeParam",
            "vslw3"
          ]
        },
        {
          "line": 157,
          "lhs": "sGuideData.a_tG[0]",
          "operator": "=",
          "rhs": "sModeParam.a_tGx23",
          "rhs_identifiers": [
            "a_tGx23",
            "sModeParam"
          ]
        },
        {
          "line": 159,
          "lhs": "sFtdiSafeLandData.tFTDI",
          "operator": "=",
          "rhs": "1.0e9",
          "rhs_identifiers": []
        },
        {
          "line": 160,
          "lhs": "sModeProcess.t7_4",
          "operator": "=",
          "rhs": "sTime.sstime",
          "rhs_identifiers": [
            "sTime",
            "sstime"
          ]
        },
        {
          "line": 161,
          "lhs": "sNaviData.tLI0",
          "operator": "=",
          "rhs": "sTime.sstime - T_128MS",
          "rhs_identifiers": [
            "T_128MS",
            "sTime",
            "sstime"
          ]
        },
        {
          "line": 174,
          "lhs": "sModeProcess.Sub7Flg",
          "operator": "=",
          "rhs": "5",
          "rhs_identifiers": []
        },
        {
          "line": 175,
          "lhs": "sModeProcess.t7_5",
          "operator": "=",
          "rhs": "sTime.sstime",
          "rhs_identifiers": [
            "sTime",
            "sstime"
          ]
        },
        {
          "line": 188,
          "lhs": "sModeProcess.Sub7Flg",
          "operator": "=",
          "rhs": "7",
          "rhs_identifiers": []
        },
        {
          "line": 189,
          "lhs": "sGuideData.tgo",
          "operator": "=",
          "rhs": "50.0",
          "rhs_identifiers": []
        },
        {
          "line": 190,
          "lhs": "sGuideData.nQPGNum",
          "operator": "=",
          "rhs": "0",
          "rhs_identifiers": []
        },
        {
          "line": 191,
          "lhs": "sModeProcess.bQPGFirstFlg",
          "operator": "=",
          "rhs": "TRUE32",
          "rhs_identifiers": [
            "TRUE32"
          ]
        },
        {
          "line": 196,
          "lhs": "sModeProcess.Sub7Flg",
          "operator": "=",
          "rhs": "6",
          "rhs_identifiers": []
        },
        {
          "line": 202,
          "lhs": "sModeProcess.Sub7Flg",
          "operator": "=",
          "rhs": "7",
          "rhs_identifiers": []
        },
        {
          "line": 203,
          "lhs": "sGuideData.tgo",
          "operator": "=",
          "rhs": "50.0",
          "rhs_identifiers": []
        },
        {
          "line": 204,
          "lhs": "sGuideData.nQPGNum",
          "operator": "=",
          "rhs": "0",
          "rhs_identifiers": []
        },
        {
          "line": 205,
          "lhs": "sModeProcess.bQPGFirstFlg",
          "operator": "=",
          "rhs": "TRUE32",
          "rhs_identifiers": [
            "TRUE32"
          ]
        },
        {
          "line": 220,
          "lhs": "sAvoidData.flgFTDI",
          "operator": "=",
          "rhs": "1",
          "rhs_identifiers": []
        },
        {
          "line": 229,
          "lhs": "sAvoidData.flgFTDI",
          "operator": "=",
          "rhs": "1",
          "rhs_identifiers": []
        },
        {
          "line": 238,
          "lhs": "sAvoidData.flgFTDI",
          "operator": "=",
          "rhs": "2",
          "rhs_identifiers": []
        },
        {
          "line": 246,
          "lhs": "bCondOk",
          "operator": "=",
          "rhs": "TRUE32",
          "rhs_identifiers": [
            "TRUE32"
          ]
        },
        {
          "line": 250,
          "lhs": "bCondOk",
          "operator": "=",
          "rhs": "FALSE32",
          "rhs_identifiers": [
            "FALSE32"
          ]
        },
        {
          "line": 258,
          "lhs": "bCondOk2",
          "operator": "=",
          "rhs": "TRUE32",
          "rhs_identifiers": [
            "TRUE32"
          ]
        },
        {
          "line": 262,
          "lhs": "bCondOk2",
          "operator": "=",
          "rhs": "FALSE32",
          "rhs_identifiers": [
            "FALSE32"
          ]
        },
        {
          "line": 270,
          "lhs": "sAvoidData.flgFTDI",
          "operator": "=",
          "rhs": "1",
          "rhs_identifiers": []
        },
        {
          "line": 277,
          "lhs": "sAvoidData.flgFTDI",
          "operator": "=",
          "rhs": "2",
          "rhs_identifiers": []
        },
        {
          "line": 285,
          "lhs": "sAvoidData.flgFTDI",
          "operator": "=",
          "rhs": "3",
          "rhs_identifiers": []
        },
        {
          "line": 292,
          "lhs": "sAvoidData.flgFTDI",
          "operator": "=",
          "rhs": "4",
          "rhs_identifiers": []
        },
        {
          "line": 298,
          "lhs": "TmpdR",
          "operator": "=",
          "rhs": "sAvoidParam.dRFTDI1",
          "rhs_identifiers": [
            "dRFTDI1",
            "sAvoidParam"
          ]
        },
        {
          "line": 302,
          "lhs": "TmpdR",
          "operator": "=",
          "rhs": "sAvoidParam.dRFTDI2",
          "rhs_identifiers": [
            "dRFTDI2",
            "sAvoidParam"
          ]
        },
        {
          "line": 311,
          "lhs": "sFtdiCtrl.flgSafePointSeq",
          "operator": "=",
          "rhs": "0xFF",
          "rhs_identifiers": []
        },
        {
          "line": 314,
          "lhs": "sFtdiCtrl.cycleSafePtSeq",
          "operator": "=",
          "rhs": "0",
          "rhs_identifiers": []
        },
        {
          "line": 321,
          "lhs": "sFtdiSafeLandData.FTDIVldFlg",
          "operator": "=",
          "rhs": "0",
          "rhs_identifiers": []
        },
        {
          "line": 341,
          "lhs": "rIt",
          "operator": "=",
          "rhs": "VectorNorm3(&tmpVec3[0])",
          "rhs_identifiers": [
            "VectorNorm3",
            "tmpVec3"
          ]
        },
        {
          "line": 342,
          "lhs": "ht",
          "operator": "=",
          "rhs": "rIt - sNaviData.rM",
          "rhs_identifiers": [
            "rIt",
            "rM",
            "sNaviData"
          ]
        },
        {
          "line": 348,
          "lhs": "Tmpa",
          "operator": "=",
          "rhs": "VectorDot3(&p1Neg[0], &tmpVec3Sec[0])",
          "rhs_identifiers": [
            "VectorDot3",
            "p1Neg",
            "tmpVec3Sec"
          ]
        },
        {
          "line": 350,
          "lhs": "TmpFlg",
          "operator": "=",
          "rhs": "1",
          "rhs_identifiers": []
        },
        {
          "line": 355,
          "lhs": "TmpFlg",
          "operator": "=",
          "rhs": "0",
          "rhs_identifiers": []
        },
        {
          "line": 366,
          "lhs": "vecNorm",
          "operator": "=",
          "rhs": "VectorNorm3(&tmpVec3Sec[0])",
          "rhs_identifiers": [
            "VectorNorm3",
            "tmpVec3Sec"
          ]
        },
        {
          "line": 371,
          "lhs": "sAvoidData.flgSLP",
          "operator": "=",
          "rhs": "sAvoidData.flgFTDI",
          "rhs_identifiers": [
            "flgFTDI",
            "sAvoidData"
          ]
        },
        {
          "line": 377,
          "lhs": "sNaviData.tLI0",
          "operator": "=",
          "rhs": "sFtdiSafeLandData.tFTDI",
          "rhs_identifiers": [
            "sFtdiSafeLandData",
            "tFTDI"
          ]
        },
        {
          "line": 384,
          "lhs": "sAvoidData.flgFTDIOld",
          "operator": "=",
          "rhs": "sAvoidData.flgFTDI",
          "rhs_identifiers": [
            "flgFTDI",
            "sAvoidData"
          ]
        }
      ],
      "conditions": [
        {
          "line": 44,
          "kind": "if",
          "expression": "(sGuideData.bHoverFlg == FALSE32) && (UI32_BIT_GET2(sGncCtrlFlag.ZT9, 30u) != 0x03)",
          "identifiers": [
            "FALSE32",
            "UI32_BIT_GET2",
            "ZT9",
            "bHoverFlg",
            "sGncCtrlFlag",
            "sGuideData"
          ]
        },
        {
          "line": 47,
          "kind": "if",
          "expression": "sModeProcess.Sub7Flg < 3",
          "identifiers": [
            "Sub7Flg",
            "sModeProcess"
          ]
        },
        {
          "line": 82,
          "kind": "if",
          "expression": "(TmpMax1 < sAvoidParam.LcTDI) && (TmpMax2 < sAvoidParam.dLcTDI) && (TmpMax3 < sAvoidParam.phicTDI) && (TmpMax4 < sAvoidParam.wTDI)",
          "identifiers": [
            "LcTDI",
            "TmpMax1",
            "TmpMax2",
            "TmpMax3",
            "TmpMax4",
            "dLcTDI",
            "phicTDI",
            "sAvoidParam",
            "wTDI"
          ]
        },
        {
          "line": 92,
          "kind": "if",
          "expression": "(sGuideData.bHoverFlg == FALSE32) && (UI32_BIT_GET2(sGncCtrlFlag.ZT9, 30u) != 0x03)",
          "identifiers": [
            "FALSE32",
            "UI32_BIT_GET2",
            "ZT9",
            "bHoverFlg",
            "sGncCtrlFlag",
            "sGuideData"
          ]
        },
        {
          "line": 95,
          "kind": "if",
          "expression": "(sTime.sstime - sFtdiSafeLandData.tFTDI) > sAvoidParam.dtFTDI",
          "identifiers": [
            "dtFTDI",
            "sAvoidParam",
            "sFtdiSafeLandData",
            "sTime",
            "sstime",
            "tFTDI"
          ]
        },
        {
          "line": 105,
          "kind": "if",
          "expression": "sModeProcess.Sub7Flg == 0",
          "identifiers": [
            "Sub7Flg",
            "sModeProcess"
          ]
        },
        {
          "line": 113,
          "kind": "if",
          "expression": "(sModeProcess.Sub7Flg == 0) && (bCondOk == TRUE32) && (sFtdiSafeLandData.FTDIFailFlg == 0) && (UI32_BIT_GET1(sGncCtrlFlag.ZT9, 30u) == 0x0) && (sBodyData.mass >= sAvoidParam.mass100)",
          "identifiers": [
            "FTDIFailFlg",
            "Sub7Flg",
            "TRUE32",
            "UI32_BIT_GET1",
            "ZT9",
            "bCondOk",
            "mass",
            "mass100",
            "sAvoidParam",
            "sBodyData",
            "sFtdiSafeLandData",
            "sGncCtrlFlag",
            "sModeProcess"
          ]
        },
        {
          "line": 127,
          "kind": "if",
          "expression": "(sModeProcess.Sub7Flg == 0) && ((sFtdiSafeLandData.FTDIUseFlg == 1) || ((bCondOk == TRUE32) && (sFtdiSafeLandData.FTDIFailFlg == 1)) || (UI32_BIT_GET1(sGncCtrlFlag.ZT9, 30u) == 0x1) || (sBodyData.mass < sAvoidParam.mass100))",
          "identifiers": [
            "FTDIFailFlg",
            "FTDIUseFlg",
            "Sub7Flg",
            "TRUE32",
            "UI32_BIT_GET1",
            "ZT9",
            "bCondOk",
            "mass",
            "mass100",
            "sAvoidParam",
            "sBodyData",
            "sFtdiSafeLandData",
            "sGncCtrlFlag",
            "sModeProcess"
          ]
        },
        {
          "line": 139,
          "kind": "if",
          "expression": "(sModeProcess.Sub7Flg == 1) && ((TmpTDIFlg == 1) || ((sTime.sstime - sModeProcess.t7_1) > sModeParam.t7_1to2))",
          "identifiers": [
            "Sub7Flg",
            "TmpTDIFlg",
            "sModeParam",
            "sModeProcess",
            "sTime",
            "sstime",
            "t7_1",
            "t7_1to2"
          ]
        },
        {
          "line": 144,
          "kind": "if",
          "expression": "(sModeProcess.Sub7Flg == 2) && ((sFtdiSafeLandData.FTDIUseFlg == 1) || (bCondOk == TRUE32))",
          "identifiers": [
            "FTDIUseFlg",
            "Sub7Flg",
            "TRUE32",
            "bCondOk",
            "sFtdiSafeLandData",
            "sModeProcess"
          ]
        },
        {
          "line": 152,
          "kind": "if",
          "expression": "(sModeProcess.Sub7Flg == 3) && ((sGuideData.tgo < 0.0) || (sModeProcess.TModemax < 0.0))",
          "identifiers": [
            "Sub7Flg",
            "TModemax",
            "sGuideData",
            "sModeProcess",
            "tgo"
          ]
        },
        {
          "line": 168,
          "kind": "if",
          "expression": "(sModeProcess.Sub7Flg == 4) && (bCondOk == TRUE32) && (sNaviData.h100Flg == 0) && (UI32_BIT_GET1(sGncCtrlFlag.ZT9, 31u) == 0x0) && (sBodyData.mass >= sAvoidParam.mass50)",
          "identifiers": [
            "Sub7Flg",
            "TRUE32",
            "UI32_BIT_GET1",
            "ZT9",
            "bCondOk",
            "h100Flg",
            "mass",
            "mass50",
            "sAvoidParam",
            "sBodyData",
            "sGncCtrlFlag",
            "sModeProcess",
            "sNaviData"
          ]
        },
        {
          "line": 182,
          "kind": "if",
          "expression": "(sModeProcess.Sub7Flg == 4) && ((sFtdiSafeLandData.FTDIUseFlg == 1) || ((bCondOk == TRUE32) && (sNaviData.h100Flg == 1)) || (UI32_BIT_GET1(sGncCtrlFlag.ZT9, 31u) == 0x1) || (sBodyData.mass < sAvoidParam.mass50))",
          "identifiers": [
            "FTDIUseFlg",
            "Sub7Flg",
            "TRUE32",
            "UI32_BIT_GET1",
            "ZT9",
            "bCondOk",
            "h100Flg",
            "mass",
            "mass50",
            "sAvoidParam",
            "sBodyData",
            "sFtdiSafeLandData",
            "sGncCtrlFlag",
            "sModeProcess",
            "sNaviData"
          ]
        },
        {
          "line": 194,
          "kind": "if",
          "expression": "(sModeProcess.Sub7Flg == 5) && ((TmpTDIFlg == 1) || ((sTime.sstime - sModeProcess.t7_5) > sModeParam.t7_5to6))",
          "identifiers": [
            "Sub7Flg",
            "TmpTDIFlg",
            "sModeParam",
            "sModeProcess",
            "sTime",
            "sstime",
            "t7_5",
            "t7_5to6"
          ]
        },
        {
          "line": 199,
          "kind": "if",
          "expression": "(sModeProcess.Sub7Flg == 6) && ((sFtdiSafeLandData.FTDIUseFlg == 1) || (bCondOk == TRUE32))",
          "identifiers": [
            "FTDIUseFlg",
            "Sub7Flg",
            "TRUE32",
            "bCondOk",
            "sFtdiSafeLandData",
            "sModeProcess"
          ]
        },
        {
          "line": 216,
          "kind": "if",
          "expression": "(UI32_BIT_GET1(sGncCtrlFlag.ZT6, 0) == 1) && (sGuideData.bHoverFlg == TRUE32) && (sNaviData.height < sGuideTransData.hHover)",
          "identifiers": [
            "TRUE32",
            "UI32_BIT_GET1",
            "ZT6",
            "bHoverFlg",
            "hHover",
            "height",
            "sGncCtrlFlag",
            "sGuideData",
            "sGuideTransData",
            "sNaviData"
          ]
        },
        {
          "line": 224,
          "kind": "if",
          "expression": "(UI32_BIT_GET1(sGncCtrlFlag.ZT6, 1) == 1) && (sGuideData.bHoverFlg == FALSE32) && (UI32_BIT_GET1(sGncCtrlFlag.ZT9, 30u) == 0x1) && IN_RANGE_LCUO(sNaviData.height, sAvoidParam.hFTDI2, sAvoidParam.hFTDI1)",
          "identifiers": [
            "FALSE32",
            "IN_RANGE_LCUO",
            "UI32_BIT_GET1",
            "ZT6",
            "ZT9",
            "bHoverFlg",
            "hFTDI1",
            "hFTDI2",
            "height",
            "sAvoidParam",
            "sGncCtrlFlag",
            "sGuideData",
            "sNaviData"
          ]
        },
        {
          "line": 233,
          "kind": "if",
          "expression": "(UI32_BIT_GET1(sGncCtrlFlag.ZT6, 2) == 1) && (sGuideData.bHoverFlg == FALSE32) && (UI32_BIT_GET1(sGncCtrlFlag.ZT9, 31u) == 0x1) && (sNaviData.height < sAvoidParam.hFTDI2)",
          "identifiers": [
            "FALSE32",
            "UI32_BIT_GET1",
            "ZT6",
            "ZT9",
            "bHoverFlg",
            "hFTDI2",
            "height",
            "sAvoidParam",
            "sGncCtrlFlag",
            "sGuideData",
            "sNaviData"
          ]
        },
        {
          "line": 242,
          "kind": "if",
          "expression": "(UI32_BIT_GET1(sGncCtrlFlag.ZT6, 1) == 1) && (sGuideData.bHoverFlg == FALSE32) && (UI32_BIT_GET1(sGncCtrlFlag.ZT9, 30u) == 0x0)",
          "identifiers": [
            "FALSE32",
            "UI32_BIT_GET1",
            "ZT6",
            "ZT9",
            "bHoverFlg",
            "sGncCtrlFlag",
            "sGuideData"
          ]
        },
        {
          "line": 254,
          "kind": "if",
          "expression": "(UI32_BIT_GET1(sGncCtrlFlag.ZT6, 2) == 1) && (sGuideData.bHoverFlg == FALSE32) && (UI32_BIT_GET1(sGncCtrlFlag.ZT9, 31u) == 0x0)",
          "identifiers": [
            "FALSE32",
            "UI32_BIT_GET1",
            "ZT6",
            "ZT9",
            "bHoverFlg",
            "sGncCtrlFlag",
            "sGuideData"
          ]
        },
        {
          "line": 266,
          "kind": "if",
          "expression": "(bCondOk == TRUE32) && (sModeProcess.Sub7Flg == 0) && ((TmpTDIFlg == 1) || ((sTime.sstime - sModeProcess.t70) > sModeParam.t7_TDI))",
          "identifiers": [
            "Sub7Flg",
            "TRUE32",
            "TmpTDIFlg",
            "bCondOk",
            "sModeParam",
            "sModeProcess",
            "sTime",
            "sstime",
            "t70",
            "t7_TDI"
          ]
        },
        {
          "line": 274,
          "kind": "if",
          "expression": "(bCondOk == TRUE32) && (sModeProcess.Sub7Flg == 2)",
          "identifiers": [
            "Sub7Flg",
            "TRUE32",
            "bCondOk",
            "sModeProcess"
          ]
        },
        {
          "line": 281,
          "kind": "if",
          "expression": "(bCondOk2 == TRUE32) && (sModeProcess.Sub7Flg == 4) && ((TmpTDIFlg == 1) || ((sTime.sstime - sModeProcess.t7_4) > sModeParam.t7_TDI))",
          "identifiers": [
            "Sub7Flg",
            "TRUE32",
            "TmpTDIFlg",
            "bCondOk2",
            "sModeParam",
            "sModeProcess",
            "sTime",
            "sstime",
            "t7_4",
            "t7_TDI"
          ]
        },
        {
          "line": 289,
          "kind": "if",
          "expression": "(bCondOk2 == TRUE32) && (sModeProcess.Sub7Flg == 6)",
          "identifiers": [
            "Sub7Flg",
            "TRUE32",
            "bCondOk2",
            "sModeProcess"
          ]
        },
        {
          "line": 296,
          "kind": "if",
          "expression": "sNaviData.height > (sAvoidParam.hFTDI2 + sAvoidParam.hFTDI1) / 2.0",
          "identifiers": [
            "hFTDI1",
            "hFTDI2",
            "height",
            "sAvoidParam",
            "sNaviData"
          ]
        },
        {
          "line": 307,
          "kind": "if",
          "expression": "(sAvoidData.flgFTDI != 0) && (sAvoidData.flgFTDI != sAvoidData.flgFTDIOld)",
          "identifiers": [
            "flgFTDI",
            "flgFTDIOld",
            "sAvoidData"
          ]
        },
        {
          "line": 318,
          "kind": "if",
          "expression": "(sFtdiSafeLandData.FTDIUseFlg == 1) && (sAvoidData.flgFTDI != 0)",
          "identifiers": [
            "FTDIUseFlg",
            "flgFTDI",
            "sAvoidData",
            "sFtdiSafeLandData"
          ]
        },
        {
          "line": 332,
          "kind": "if",
          "expression": "(Tmpp[0] < sAvoidParam.pxMax) && (Fabsx(Tmpp[1]) < sAvoidParam.pyMax) && (Fabsx(Tmpp[2]) < sAvoidParam.pyMax)",
          "identifiers": [
            "Fabsx",
            "Tmpp",
            "pxMax",
            "pyMax",
            "sAvoidParam"
          ]
        },
        {
          "line": 353,
          "kind": "if",
          "expression": "Tmpa < FLT64_ZERO",
          "identifiers": [
            "FLT64_ZERO",
            "Tmpa"
          ]
        },
        {
          "line": 358,
          "kind": "if",
          "expression": "TmpFlg == 1",
          "identifiers": [
            "TmpFlg"
          ]
        },
        {
          "line": 368,
          "kind": "if",
          "expression": "vecNorm < TmpdR",
          "identifiers": [
            "TmpdR",
            "vecNorm"
          ]
        }
      ],
      "switch_cases": [],
      "field_accesses": [
        {
          "line": 44,
          "object": "sGuideData",
          "operator": ".",
          "field": "bHoverFlg",
          "access": "read",
          "name": "sGuideData.bHoverFlg"
        },
        {
          "line": 44,
          "object": "sGncCtrlFlag",
          "operator": ".",
          "field": "ZT9",
          "access": "read",
          "name": "sGncCtrlFlag.ZT9"
        },
        {
          "line": 47,
          "object": "sModeProcess",
          "operator": ".",
          "field": "Sub7Flg",
          "access": "read",
          "name": "sModeProcess.Sub7Flg"
        },
        {
          "line": 49,
          "object": "sAvoidParam",
          "operator": ".",
          "field": "hFTDI1",
          "access": "read",
          "name": "sAvoidParam.hFTDI1"
        },
        {
          "line": 54,
          "object": "sAvoidParam",
          "operator": ".",
          "field": "hFTDI2",
          "access": "read",
          "name": "sAvoidParam.hFTDI2"
        },
        {
          "line": 58,
          "object": "sNaviData",
          "operator": ".",
          "field": "height",
          "access": "read",
          "name": "sNaviData.height"
        },
        {
          "line": 59,
          "object": "sNaviData",
          "operator": ".",
          "field": "lcy",
          "access": "read",
          "name": "sNaviData.lcy"
        },
        {
          "line": 60,
          "object": "sNaviData",
          "operator": ".",
          "field": "lcz",
          "access": "read",
          "name": "sNaviData.lcz"
        },
        {
          "line": 64,
          "object": "sNaviData",
          "operator": ".",
          "field": "dh",
          "access": "read",
          "name": "sNaviData.dh"
        },
        {
          "line": 65,
          "object": "sNaviData",
          "operator": ".",
          "field": "dlcy",
          "access": "read",
          "name": "sNaviData.dlcy"
        },
        {
          "line": 66,
          "object": "sNaviData",
          "operator": ".",
          "field": "dlcz",
          "access": "read",
          "name": "sNaviData.dlcz"
        },
        {
          "line": 70,
          "object": "sAttiCtrl",
          "operator": ".",
          "field": "angleErr",
          "access": "read",
          "name": "sAttiCtrl.angleErr"
        },
        {
          "line": 71,
          "object": "sAttiCtrl",
          "operator": ".",
          "field": "angleErr",
          "access": "read",
          "name": "sAttiCtrl.angleErr"
        },
        {
          "line": 72,
          "object": "sAttiCtrl",
          "operator": ".",
          "field": "angleErr",
          "access": "read",
          "name": "sAttiCtrl.angleErr"
        },
        {
          "line": 76,
          "object": "sGyroData",
          "operator": ".",
          "field": "w",
          "access": "read",
          "name": "sGyroData.w"
        },
        {
          "line": 77,
          "object": "sGyroData",
          "operator": ".",
          "field": "w",
          "access": "read",
          "name": "sGyroData.w"
        },
        {
          "line": 78,
          "object": "sGyroData",
          "operator": ".",
          "field": "w",
          "access": "read",
          "name": "sGyroData.w"
        },
        {
          "line": 82,
          "object": "sAvoidParam",
          "operator": ".",
          "field": "LcTDI",
          "access": "read",
          "name": "sAvoidParam.LcTDI"
        },
        {
          "line": 83,
          "object": "sAvoidParam",
          "operator": ".",
          "field": "dLcTDI",
          "access": "read",
          "name": "sAvoidParam.dLcTDI"
        },
        {
          "line": 84,
          "object": "sAvoidParam",
          "operator": ".",
          "field": "phicTDI",
          "access": "read",
          "name": "sAvoidParam.phicTDI"
        },
        {
          "line": 85,
          "object": "sAvoidParam",
          "operator": ".",
          "field": "wTDI",
          "access": "read",
          "name": "sAvoidParam.wTDI"
        },
        {
          "line": 92,
          "object": "sGuideData",
          "operator": ".",
          "field": "bHoverFlg",
          "access": "read",
          "name": "sGuideData.bHoverFlg"
        },
        {
          "line": 92,
          "object": "sGncCtrlFlag",
          "operator": ".",
          "field": "ZT9",
          "access": "read",
          "name": "sGncCtrlFlag.ZT9"
        },
        {
          "line": 95,
          "object": "sTime",
          "operator": ".",
          "field": "sstime",
          "access": "read",
          "name": "sTime.sstime"
        },
        {
          "line": 95,
          "object": "sFtdiSafeLandData",
          "operator": ".",
          "field": "tFTDI",
          "access": "read",
          "name": "sFtdiSafeLandData.tFTDI"
        },
        {
          "line": 95,
          "object": "sAvoidParam",
          "operator": ".",
          "field": "dtFTDI",
          "access": "read",
          "name": "sAvoidParam.dtFTDI"
        },
        {
          "line": 105,
          "object": "sModeProcess",
          "operator": ".",
          "field": "Sub7Flg",
          "access": "read",
          "name": "sModeProcess.Sub7Flg"
        },
        {
          "line": 107,
          "object": "sGuideData",
          "operator": ".",
          "field": "r_tG",
          "access": "write",
          "name": "sGuideData.r_tG"
        },
        {
          "line": 107,
          "object": "sAvoidParam",
          "operator": ".",
          "field": "hFTDI2",
          "access": "read",
          "name": "sAvoidParam.hFTDI2"
        },
        {
          "line": 108,
          "object": "sGuideData",
          "operator": ".",
          "field": "v_tG",
          "access": "write",
          "name": "sGuideData.v_tG"
        },
        {
          "line": 109,
          "object": "sGuideData",
          "operator": ".",
          "field": "a_tG",
          "access": "write",
          "name": "sGuideData.a_tG"
        },
        {
          "line": 109,
          "object": "sModeParam",
          "operator": ".",
          "field": "a_tGx22",
          "access": "read",
          "name": "sModeParam.a_tGx22"
        },
        {
          "line": 113,
          "object": "sModeProcess",
          "operator": ".",
          "field": "Sub7Flg",
          "access": "read",
          "name": "sModeProcess.Sub7Flg"
        },
        {
          "line": 115,
          "object": "sFtdiSafeLandData",
          "operator": ".",
          "field": "FTDIFailFlg",
          "access": "read",
          "name": "sFtdiSafeLandData.FTDIFailFlg"
        },
        {
          "line": 116,
          "object": "sGncCtrlFlag",
          "operator": ".",
          "field": "ZT9",
          "access": "read",
          "name": "sGncCtrlFlag.ZT9"
        },
        {
          "line": 117,
          "object": "sBodyData",
          "operator": ".",
          "field": "mass",
          "access": "read",
          "name": "sBodyData.mass"
        },
        {
          "line": 117,
          "object": "sAvoidParam",
          "operator": ".",
          "field": "mass100",
          "access": "read",
          "name": "sAvoidParam.mass100"
        },
        {
          "line": 119,
          "object": "sModeProcess",
          "operator": ".",
          "field": "Sub7Flg",
          "access": "write",
          "name": "sModeProcess.Sub7Flg"
        },
        {
          "line": 120,
          "object": "sNaviData",
          "operator": ".",
          "field": "h100Flg",
          "access": "write",
          "name": "sNaviData.h100Flg"
        },
        {
          "line": 121,
          "object": "sModeProcess",
          "operator": ".",
          "field": "t7_1",
          "access": "write",
          "name": "sModeProcess.t7_1"
        },
        {
          "line": 121,
          "object": "sTime",
          "operator": ".",
          "field": "sstime",
          "access": "read",
          "name": "sTime.sstime"
        },
        {
          "line": 122,
          "object": "sNaviData",
          "operator": ".",
          "field": "r_LI0",
          "access": "read",
          "name": "sNaviData.r_LI0"
        },
        {
          "line": 123,
          "object": "sNaviData",
          "operator": ".",
          "field": "wOrbit",
          "access": "read",
          "name": "sNaviData.wOrbit"
        },
        {
          "line": 123,
          "object": "sAvoidParam",
          "operator": ".",
          "field": "alfa100",
          "access": "read",
          "name": "sAvoidParam.alfa100"
        },
        {
          "line": 124,
          "object": "sNaviData",
          "operator": ".",
          "field": "r_LI0",
          "access": "read",
          "name": "sNaviData.r_LI0"
        },
        {
          "line": 124,
          "object": "sNaviData",
          "operator": ".",
          "field": "r_LI0",
          "access": "read",
          "name": "sNaviData.r_LI0"
        },
        {
          "line": 124,
          "object": "sAvoidParam",
          "operator": ".",
          "field": "distace100",
          "access": "read",
          "name": "sAvoidParam.distace100"
        },
        {
          "line": 127,
          "object": "sModeProcess",
          "operator": ".",
          "field": "Sub7Flg",
          "access": "read",
          "name": "sModeProcess.Sub7Flg"
        },
        {
          "line": 128,
          "object": "sFtdiSafeLandData",
          "operator": ".",
          "field": "FTDIUseFlg",
          "access": "read",
          "name": "sFtdiSafeLandData.FTDIUseFlg"
        },
        {
          "line": 129,
          "object": "sFtdiSafeLandData",
          "operator": ".",
          "field": "FTDIFailFlg",
          "access": "read",
          "name": "sFtdiSafeLandData.FTDIFailFlg"
        },
        {
          "line": 130,
          "object": "sGncCtrlFlag",
          "operator": ".",
          "field": "ZT9",
          "access": "read",
          "name": "sGncCtrlFlag.ZT9"
        },
        {
          "line": 131,
          "object": "sBodyData",
          "operator": ".",
          "field": "mass",
          "access": "read",
          "name": "sBodyData.mass"
        },
        {
          "line": 131,
          "object": "sAvoidParam",
          "operator": ".",
          "field": "mass100",
          "access": "read",
          "name": "sAvoidParam.mass100"
        },
        {
          "line": 133,
          "object": "sModeProcess",
          "operator": ".",
          "field": "Sub7Flg",
          "access": "write",
          "name": "sModeProcess.Sub7Flg"
        },
        {
          "line": 134,
          "object": "sGuideData",
          "operator": ".",
          "field": "tgo",
          "access": "write",
          "name": "sGuideData.tgo"
        },
        {
          "line": 135,
          "object": "sGuideData",
          "operator": ".",
          "field": "nQPGNum",
          "access": "write",
          "name": "sGuideData.nQPGNum"
        },
        {
          "line": 136,
          "object": "sModeProcess",
          "operator": ".",
          "field": "bQPGFirstFlg",
          "access": "write",
          "name": "sModeProcess.bQPGFirstFlg"
        },
        {
          "line": 139,
          "object": "sModeProcess",
          "operator": ".",
          "field": "Sub7Flg",
          "access": "read",
          "name": "sModeProcess.Sub7Flg"
        },
        {
          "line": 139,
          "object": "sTime",
          "operator": ".",
          "field": "sstime",
          "access": "read",
          "name": "sTime.sstime"
        },
        {
          "line": 139,
          "object": "sModeProcess",
          "operator": ".",
          "field": "t7_1",
          "access": "read",
          "name": "sModeProcess.t7_1"
        },
        {
          "line": 139,
          "object": "sModeParam",
          "operator": ".",
          "field": "t7_1to2",
          "access": "read",
          "name": "sModeParam.t7_1to2"
        },
        {
          "line": 141,
          "object": "sModeProcess",
          "operator": ".",
          "field": "Sub7Flg",
          "access": "write",
          "name": "sModeProcess.Sub7Flg"
        },
        {
          "line": 144,
          "object": "sModeProcess",
          "operator": ".",
          "field": "Sub7Flg",
          "access": "read",
          "name": "sModeProcess.Sub7Flg"
        },
        {
          "line": 144,
          "object": "sFtdiSafeLandData",
          "operator": ".",
          "field": "FTDIUseFlg",
          "access": "read",
          "name": "sFtdiSafeLandData.FTDIUseFlg"
        },
        {
          "line": 146,
          "object": "sModeProcess",
          "operator": ".",
          "field": "Sub7Flg",
          "access": "write",
          "name": "sModeProcess.Sub7Flg"
        },
        {
          "line": 147,
          "object": "sGuideData",
          "operator": ".",
          "field": "tgo",
          "access": "write",
          "name": "sGuideData.tgo"
        },
        {
          "line": 148,
          "object": "sGuideData",
          "operator": ".",
          "field": "nQPGNum",
          "access": "write",
          "name": "sGuideData.nQPGNum"
        },
        {
          "line": 149,
          "object": "sModeProcess",
          "operator": ".",
          "field": "bQPGFirstFlg",
          "access": "write",
          "name": "sModeProcess.bQPGFirstFlg"
        },
        {
          "line": 152,
          "object": "sModeProcess",
          "operator": ".",
          "field": "Sub7Flg",
          "access": "read",
          "name": "sModeProcess.Sub7Flg"
        },
        {
          "line": 152,
          "object": "sGuideData",
          "operator": ".",
          "field": "tgo",
          "access": "read",
          "name": "sGuideData.tgo"
        },
        {
          "line": 152,
          "object": "sModeProcess",
          "operator": ".",
          "field": "TModemax",
          "access": "read",
          "name": "sModeProcess.TModemax"
        },
        {
          "line": 154,
          "object": "sModeProcess",
          "operator": ".",
          "field": "Sub7Flg",
          "access": "write",
          "name": "sModeProcess.Sub7Flg"
        },
        {
          "line": 155,
          "object": "sGuideData",
          "operator": ".",
          "field": "r_tG",
          "access": "write",
          "name": "sGuideData.r_tG"
        },
        {
          "line": 155,
          "object": "sModeParam",
          "operator": ".",
          "field": "hslw",
          "access": "read",
          "name": "sModeParam.hslw"
        },
        {
          "line": 156,
          "object": "sGuideData",
          "operator": ".",
          "field": "v_tG",
          "access": "write",
          "name": "sGuideData.v_tG"
        },
        {
          "line": 156,
          "object": "sModeParam",
          "operator": ".",
          "field": "vslw3",
          "access": "read",
          "name": "sModeParam.vslw3"
        },
        {
          "line": 157,
          "object": "sGuideData",
          "operator": ".",
          "field": "a_tG",
          "access": "write",
          "name": "sGuideData.a_tG"
        },
        {
          "line": 157,
          "object": "sModeParam",
          "operator": ".",
          "field": "a_tGx23",
          "access": "read",
          "name": "sModeParam.a_tGx23"
        },
        {
          "line": 159,
          "object": "sFtdiSafeLandData",
          "operator": ".",
          "field": "tFTDI",
          "access": "write",
          "name": "sFtdiSafeLandData.tFTDI"
        },
        {
          "line": 160,
          "object": "sModeProcess",
          "operator": ".",
          "field": "t7_4",
          "access": "write",
          "name": "sModeProcess.t7_4"
        },
        {
          "line": 160,
          "object": "sTime",
          "operator": ".",
          "field": "sstime",
          "access": "read",
          "name": "sTime.sstime"
        },
        {
          "line": 161,
          "object": "sNaviData",
          "operator": ".",
          "field": "tLI0",
          "access": "write",
          "name": "sNaviData.tLI0"
        },
        {
          "line": 161,
          "object": "sTime",
          "operator": ".",
          "field": "sstime",
          "access": "read",
          "name": "sTime.sstime"
        },
        {
          "line": 163,
          "object": "sNaviData",
          "operator": ".",
          "field": "ri",
          "access": "read",
          "name": "sNaviData.ri"
        },
        {
          "line": 165,
          "object": "sNaviData",
          "operator": ".",
          "field": "r_LI0",
          "access": "read",
          "name": "sNaviData.r_LI0"
        },
        {
          "line": 165,
          "object": "sNaviData",
          "operator": ".",
          "field": "rM",
          "access": "read",
          "name": "sNaviData.rM"
        },
        {
          "line": 168,
          "object": "sModeProcess",
          "operator": ".",
          "field": "Sub7Flg",
          "access": "read",
          "name": "sModeProcess.Sub7Flg"
        },
        {
          "line": 170,
          "object": "sNaviData",
          "operator": ".",
          "field": "h100Flg",
          "access": "read",
          "name": "sNaviData.h100Flg"
        },
        {
          "line": 171,
          "object": "sGncCtrlFlag",
          "operator": ".",
          "field": "ZT9",
          "access": "read",
          "name": "sGncCtrlFlag.ZT9"
        },
        {
          "line": 172,
          "object": "sBodyData",
          "operator": ".",
          "field": "mass",
          "access": "read",
          "name": "sBodyData.mass"
        },
        {
          "line": 172,
          "object": "sAvoidParam",
          "operator": ".",
          "field": "mass50",
          "access": "read",
          "name": "sAvoidParam.mass50"
        },
        {
          "line": 174,
          "object": "sModeProcess",
          "operator": ".",
          "field": "Sub7Flg",
          "access": "write",
          "name": "sModeProcess.Sub7Flg"
        },
        {
          "line": 175,
          "object": "sModeProcess",
          "operator": ".",
          "field": "t7_5",
          "access": "write",
          "name": "sModeProcess.t7_5"
        },
        {
          "line": 175,
          "object": "sTime",
          "operator": ".",
          "field": "sstime",
          "access": "read",
          "name": "sTime.sstime"
        },
        {
          "line": 177,
          "object": "sNaviData",
          "operator": ".",
          "field": "r_LI0",
          "access": "read",
          "name": "sNaviData.r_LI0"
        },
        {
          "line": 178,
          "object": "sNaviData",
          "operator": ".",
          "field": "wOrbit",
          "access": "read",
          "name": "sNaviData.wOrbit"
        },
        {
          "line": 178,
          "object": "sAvoidParam",
          "operator": ".",
          "field": "alfa100",
          "access": "read",
          "name": "sAvoidParam.alfa100"
        },
        {
          "line": 179,
          "object": "sNaviData",
          "operator": ".",
          "field": "r_LI0",
          "access": "read",
          "name": "sNaviData.r_LI0"
        },
        {
          "line": 179,
          "object": "sNaviData",
          "operator": ".",
          "field": "r_LI0",
          "access": "read",
          "name": "sNaviData.r_LI0"
        },
        {
          "line": 179,
          "object": "sAvoidParam",
          "operator": ".",
          "field": "distace50",
          "access": "read",
          "name": "sAvoidParam.distace50"
        },
        {
          "line": 182,
          "object": "sModeProcess",
          "operator": ".",
          "field": "Sub7Flg",
          "access": "read",
          "name": "sModeProcess.Sub7Flg"
        },
        {
          "line": 183,
          "object": "sFtdiSafeLandData",
          "operator": ".",
          "field": "FTDIUseFlg",
          "access": "read",
          "name": "sFtdiSafeLandData.FTDIUseFlg"
        },
        {
          "line": 184,
          "object": "sNaviData",
          "operator": ".",
          "field": "h100Flg",
          "access": "read",
          "name": "sNaviData.h100Flg"
        },
        {
          "line": 185,
          "object": "sGncCtrlFlag",
          "operator": ".",
          "field": "ZT9",
          "access": "read",
          "name": "sGncCtrlFlag.ZT9"
        },
        {
          "line": 186,
          "object": "sBodyData",
          "operator": ".",
          "field": "mass",
          "access": "read",
          "name": "sBodyData.mass"
        },
        {
          "line": 186,
          "object": "sAvoidParam",
          "operator": ".",
          "field": "mass50",
          "access": "read",
          "name": "sAvoidParam.mass50"
        },
        {
          "line": 188,
          "object": "sModeProcess",
          "operator": ".",
          "field": "Sub7Flg",
          "access": "write",
          "name": "sModeProcess.Sub7Flg"
        },
        {
          "line": 189,
          "object": "sGuideData",
          "operator": ".",
          "field": "tgo",
          "access": "write",
          "name": "sGuideData.tgo"
        },
        {
          "line": 190,
          "object": "sGuideData",
          "operator": ".",
          "field": "nQPGNum",
          "access": "write",
          "name": "sGuideData.nQPGNum"
        },
        {
          "line": 191,
          "object": "sModeProcess",
          "operator": ".",
          "field": "bQPGFirstFlg",
          "access": "write",
          "name": "sModeProcess.bQPGFirstFlg"
        },
        {
          "line": 194,
          "object": "sModeProcess",
          "operator": ".",
          "field": "Sub7Flg",
          "access": "read",
          "name": "sModeProcess.Sub7Flg"
        },
        {
          "line": 194,
          "object": "sTime",
          "operator": ".",
          "field": "sstime",
          "access": "read",
          "name": "sTime.sstime"
        },
        {
          "line": 194,
          "object": "sModeProcess",
          "operator": ".",
          "field": "t7_5",
          "access": "read",
          "name": "sModeProcess.t7_5"
        },
        {
          "line": 194,
          "object": "sModeParam",
          "operator": ".",
          "field": "t7_5to6",
          "access": "read",
          "name": "sModeParam.t7_5to6"
        },
        {
          "line": 196,
          "object": "sModeProcess",
          "operator": ".",
          "field": "Sub7Flg",
          "access": "write",
          "name": "sModeProcess.Sub7Flg"
        },
        {
          "line": 199,
          "object": "sModeProcess",
          "operator": ".",
          "field": "Sub7Flg",
          "access": "read",
          "name": "sModeProcess.Sub7Flg"
        },
        {
          "line": 200,
          "object": "sFtdiSafeLandData",
          "operator": ".",
          "field": "FTDIUseFlg",
          "access": "read",
          "name": "sFtdiSafeLandData.FTDIUseFlg"
        },
        {
          "line": 202,
          "object": "sModeProcess",
          "operator": ".",
          "field": "Sub7Flg",
          "access": "write",
          "name": "sModeProcess.Sub7Flg"
        },
        {
          "line": 203,
          "object": "sGuideData",
          "operator": ".",
          "field": "tgo",
          "access": "write",
          "name": "sGuideData.tgo"
        },
        {
          "line": 204,
          "object": "sGuideData",
          "operator": ".",
          "field": "nQPGNum",
          "access": "write",
          "name": "sGuideData.nQPGNum"
        },
        {
          "line": 205,
          "object": "sModeProcess",
          "operator": ".",
          "field": "bQPGFirstFlg",
          "access": "write",
          "name": "sModeProcess.bQPGFirstFlg"
        },
        {
          "line": 216,
          "object": "sGncCtrlFlag",
          "operator": ".",
          "field": "ZT6",
          "access": "read",
          "name": "sGncCtrlFlag.ZT6"
        },
        {
          "line": 217,
          "object": "sGuideData",
          "operator": ".",
          "field": "bHoverFlg",
          "access": "read",
          "name": "sGuideData.bHoverFlg"
        },
        {
          "line": 218,
          "object": "sNaviData",
          "operator": ".",
          "field": "height",
          "access": "read",
          "name": "sNaviData.height"
        },
        {
          "line": 218,
          "object": "sGuideTransData",
          "operator": ".",
          "field": "hHover",
          "access": "read",
          "name": "sGuideTransData.hHover"
        },
        {
          "line": 220,
          "object": "sAvoidData",
          "operator": ".",
          "field": "flgFTDI",
          "access": "write",
          "name": "sAvoidData.flgFTDI"
        },
        {
          "line": 224,
          "object": "sGncCtrlFlag",
          "operator": ".",
          "field": "ZT6",
          "access": "read",
          "name": "sGncCtrlFlag.ZT6"
        },
        {
          "line": 225,
          "object": "sGuideData",
          "operator": ".",
          "field": "bHoverFlg",
          "access": "read",
          "name": "sGuideData.bHoverFlg"
        },
        {
          "line": 226,
          "object": "sGncCtrlFlag",
          "operator": ".",
          "field": "ZT9",
          "access": "read",
          "name": "sGncCtrlFlag.ZT9"
        },
        {
          "line": 227,
          "object": "sNaviData",
          "operator": ".",
          "field": "height",
          "access": "read",
          "name": "sNaviData.height"
        },
        {
          "line": 227,
          "object": "sAvoidParam",
          "operator": ".",
          "field": "hFTDI2",
          "access": "read",
          "name": "sAvoidParam.hFTDI2"
        },
        {
          "line": 227,
          "object": "sAvoidParam",
          "operator": ".",
          "field": "hFTDI1",
          "access": "read",
          "name": "sAvoidParam.hFTDI1"
        },
        {
          "line": 229,
          "object": "sAvoidData",
          "operator": ".",
          "field": "flgFTDI",
          "access": "write",
          "name": "sAvoidData.flgFTDI"
        },
        {
          "line": 233,
          "object": "sGncCtrlFlag",
          "operator": ".",
          "field": "ZT6",
          "access": "read",
          "name": "sGncCtrlFlag.ZT6"
        },
        {
          "line": 234,
          "object": "sGuideData",
          "operator": ".",
          "field": "bHoverFlg",
          "access": "read",
          "name": "sGuideData.bHoverFlg"
        },
        {
          "line": 235,
          "object": "sGncCtrlFlag",
          "operator": ".",
          "field": "ZT9",
          "access": "read",
          "name": "sGncCtrlFlag.ZT9"
        },
        {
          "line": 236,
          "object": "sNaviData",
          "operator": ".",
          "field": "height",
          "access": "read",
          "name": "sNaviData.height"
        },
        {
          "line": 236,
          "object": "sAvoidParam",
          "operator": ".",
          "field": "hFTDI2",
          "access": "read",
          "name": "sAvoidParam.hFTDI2"
        },
        {
          "line": 238,
          "object": "sAvoidData",
          "operator": ".",
          "field": "flgFTDI",
          "access": "write",
          "name": "sAvoidData.flgFTDI"
        },
        {
          "line": 242,
          "object": "sGncCtrlFlag",
          "operator": ".",
          "field": "ZT6",
          "access": "read",
          "name": "sGncCtrlFlag.ZT6"
        },
        {
          "line": 243,
          "object": "sGuideData",
          "operator": ".",
          "field": "bHoverFlg",
          "access": "read",
          "name": "sGuideData.bHoverFlg"
        },
        {
          "line": 244,
          "object": "sGncCtrlFlag",
          "operator": ".",
          "field": "ZT9",
          "access": "read",
          "name": "sGncCtrlFlag.ZT9"
        },
        {
          "line": 254,
          "object": "sGncCtrlFlag",
          "operator": ".",
          "field": "ZT6",
          "access": "read",
          "name": "sGncCtrlFlag.ZT6"
        },
        {
          "line": 255,
          "object": "sGuideData",
          "operator": ".",
          "field": "bHoverFlg",
          "access": "read",
          "name": "sGuideData.bHoverFlg"
        },
        {
          "line": 256,
          "object": "sGncCtrlFlag",
          "operator": ".",
          "field": "ZT9",
          "access": "read",
          "name": "sGncCtrlFlag.ZT9"
        },
        {
          "line": 266,
          "object": "sModeProcess",
          "operator": ".",
          "field": "Sub7Flg",
          "access": "read",
          "name": "sModeProcess.Sub7Flg"
        },
        {
          "line": 267,
          "object": "sTime",
          "operator": ".",
          "field": "sstime",
          "access": "read",
          "name": "sTime.sstime"
        },
        {
          "line": 267,
          "object": "sModeProcess",
          "operator": ".",
          "field": "t70",
          "access": "read",
          "name": "sModeProcess.t70"
        },
        {
          "line": 267,
          "object": "sModeParam",
          "operator": ".",
          "field": "t7_TDI",
          "access": "read",
          "name": "sModeParam.t7_TDI"
        },
        {
          "line": 270,
          "object": "sAvoidData",
          "operator": ".",
          "field": "flgFTDI",
          "access": "write",
          "name": "sAvoidData.flgFTDI"
        },
        {
          "line": 274,
          "object": "sModeProcess",
          "operator": ".",
          "field": "Sub7Flg",
          "access": "read",
          "name": "sModeProcess.Sub7Flg"
        },
        {
          "line": 277,
          "object": "sAvoidData",
          "operator": ".",
          "field": "flgFTDI",
          "access": "write",
          "name": "sAvoidData.flgFTDI"
        },
        {
          "line": 281,
          "object": "sModeProcess",
          "operator": ".",
          "field": "Sub7Flg",
          "access": "read",
          "name": "sModeProcess.Sub7Flg"
        },
        {
          "line": 282,
          "object": "sTime",
          "operator": ".",
          "field": "sstime",
          "access": "read",
          "name": "sTime.sstime"
        },
        {
          "line": 282,
          "object": "sModeProcess",
          "operator": ".",
          "field": "t7_4",
          "access": "read",
          "name": "sModeProcess.t7_4"
        },
        {
          "line": 282,
          "object": "sModeParam",
          "operator": ".",
          "field": "t7_TDI",
          "access": "read",
          "name": "sModeParam.t7_TDI"
        },
        {
          "line": 285,
          "object": "sAvoidData",
          "operator": ".",
          "field": "flgFTDI",
          "access": "write",
          "name": "sAvoidData.flgFTDI"
        },
        {
          "line": 289,
          "object": "sModeProcess",
          "operator": ".",
          "field": "Sub7Flg",
          "access": "read",
          "name": "sModeProcess.Sub7Flg"
        },
        {
          "line": 292,
          "object": "sAvoidData",
          "operator": ".",
          "field": "flgFTDI",
          "access": "write",
          "name": "sAvoidData.flgFTDI"
        },
        {
          "line": 296,
          "object": "sNaviData",
          "operator": ".",
          "field": "height",
          "access": "read",
          "name": "sNaviData.height"
        },
        {
          "line": 296,
          "object": "sAvoidParam",
          "operator": ".",
          "field": "hFTDI2",
          "access": "read",
          "name": "sAvoidParam.hFTDI2"
        },
        {
          "line": 296,
          "object": "sAvoidParam",
          "operator": ".",
          "field": "hFTDI1",
          "access": "read",
          "name": "sAvoidParam.hFTDI1"
        },
        {
          "line": 298,
          "object": "sAvoidParam",
          "operator": ".",
          "field": "dRFTDI1",
          "access": "read",
          "name": "sAvoidParam.dRFTDI1"
        },
        {
          "line": 302,
          "object": "sAvoidParam",
          "operator": ".",
          "field": "dRFTDI2",
          "access": "read",
          "name": "sAvoidParam.dRFTDI2"
        },
        {
          "line": 307,
          "object": "sAvoidData",
          "operator": ".",
          "field": "flgFTDI",
          "access": "read",
          "name": "sAvoidData.flgFTDI"
        },
        {
          "line": 307,
          "object": "sAvoidData",
          "operator": ".",
          "field": "flgFTDI",
          "access": "read",
          "name": "sAvoidData.flgFTDI"
        },
        {
          "line": 307,
          "object": "sAvoidData",
          "operator": ".",
          "field": "flgFTDIOld",
          "access": "read",
          "name": "sAvoidData.flgFTDIOld"
        },
        {
          "line": 311,
          "object": "sFtdiCtrl",
          "operator": ".",
          "field": "flgSafePointSeq",
          "access": "write",
          "name": "sFtdiCtrl.flgSafePointSeq"
        },
        {
          "line": 314,
          "object": "sFtdiCtrl",
          "operator": ".",
          "field": "cycleSafePtSeq",
          "access": "write",
          "name": "sFtdiCtrl.cycleSafePtSeq"
        },
        {
          "line": 318,
          "object": "sFtdiSafeLandData",
          "operator": ".",
          "field": "FTDIUseFlg",
          "access": "read",
          "name": "sFtdiSafeLandData.FTDIUseFlg"
        },
        {
          "line": 318,
          "object": "sAvoidData",
          "operator": ".",
          "field": "flgFTDI",
          "access": "read",
          "name": "sAvoidData.flgFTDI"
        },
        {
          "line": 321,
          "object": "sFtdiSafeLandData",
          "operator": ".",
          "field": "FTDIVldFlg",
          "access": "write",
          "name": "sFtdiSafeLandData.FTDIVldFlg"
        },
        {
          "line": 324,
          "object": "sAvoidParam",
          "operator": ".",
          "field": "CBC",
          "access": "read",
          "name": "sAvoidParam.CBC"
        },
        {
          "line": 324,
          "object": "sFtdiSafePointRecv",
          "operator": ".",
          "field": "pFTDI",
          "access": "read",
          "name": "sFtdiSafePointRecv.pFTDI"
        },
        {
          "line": 328,
          "object": "sFtdiSafeLandData",
          "operator": ".",
          "field": "qFTDI",
          "access": "read",
          "name": "sFtdiSafeLandData.qFTDI"
        },
        {
          "line": 332,
          "object": "sAvoidParam",
          "operator": ".",
          "field": "pxMax",
          "access": "read",
          "name": "sAvoidParam.pxMax"
        },
        {
          "line": 333,
          "object": "sAvoidParam",
          "operator": ".",
          "field": "pyMax",
          "access": "read",
          "name": "sAvoidParam.pyMax"
        },
        {
          "line": 334,
          "object": "sAvoidParam",
          "operator": ".",
          "field": "pyMax",
          "access": "read",
          "name": "sAvoidParam.pyMax"
        },
        {
          "line": 336,
          "object": "sAttiModifyParam",
          "operator": ".",
          "field": "cBF",
          "access": "read",
          "name": "sAttiModifyParam.cBF"
        },
        {
          "line": 337,
          "object": "sAvoidParam",
          "operator": ".",
          "field": "drFTDI",
          "access": "read",
          "name": "sAvoidParam.drFTDI"
        },
        {
          "line": 337,
          "object": "sBodyData",
          "operator": ".",
          "field": "pgoF",
          "access": "read",
          "name": "sBodyData.pgoF"
        },
        {
          "line": 339,
          "object": "sFtdiSafeLandData",
          "operator": ".",
          "field": "r_IFTDI",
          "access": "read",
          "name": "sFtdiSafeLandData.r_IFTDI"
        },
        {
          "line": 342,
          "object": "sNaviData",
          "operator": ".",
          "field": "rM",
          "access": "read",
          "name": "sNaviData.rM"
        },
        {
          "line": 361,
          "object": "sNaviData",
          "operator": ".",
          "field": "wmi",
          "access": "read",
          "name": "sNaviData.wmi"
        },
        {
          "line": 361,
          "object": "sNaviParam",
          "operator": ".",
          "field": "wM",
          "access": "read",
          "name": "sNaviParam.wM"
        },
        {
          "line": 361,
          "object": "sTime",
          "operator": ".",
          "field": "sstime",
          "access": "read",
          "name": "sTime.sstime"
        },
        {
          "line": 361,
          "object": "sFtdiSafeLandData",
          "operator": ".",
          "field": "tFTDI",
          "access": "read",
          "name": "sFtdiSafeLandData.tFTDI"
        },
        {
          "line": 363,
          "object": "sNaviData",
          "operator": ".",
          "field": "r_LI",
          "access": "read",
          "name": "sNaviData.r_LI"
        },
        {
          "line": 371,
          "object": "sAvoidData",
          "operator": ".",
          "field": "flgSLP",
          "access": "write",
          "name": "sAvoidData.flgSLP"
        },
        {
          "line": 371,
          "object": "sAvoidData",
          "operator": ".",
          "field": "flgFTDI",
          "access": "read",
          "name": "sAvoidData.flgFTDI"
        },
        {
          "line": 374,
          "object": "sNaviData",
          "operator": ".",
          "field": "r_LI0",
          "access": "read",
          "name": "sNaviData.r_LI0"
        },
        {
          "line": 377,
          "object": "sNaviData",
          "operator": ".",
          "field": "tLI0",
          "access": "write",
          "name": "sNaviData.tLI0"
        },
        {
          "line": 377,
          "object": "sFtdiSafeLandData",
          "operator": ".",
          "field": "tFTDI",
          "access": "read",
          "name": "sFtdiSafeLandData.tFTDI"
        },
        {
          "line": 384,
          "object": "sAvoidData",
          "operator": ".",
          "field": "flgFTDIOld",
          "access": "write",
          "name": "sAvoidData.flgFTDIOld"
        },
        {
          "line": 384,
          "object": "sAvoidData",
          "operator": ".",
          "field": "flgFTDI",
          "access": "read",
          "name": "sAvoidData.flgFTDI"
        }
      ],
      "returns": [
        {
          "line": 386,
          "expression": "",
          "identifiers": []
        }
      ],
      "macro_uses": [
        {
          "name": "CBC",
          "line": 324,
          "known": false
        },
        {
          "name": "FALSE32",
          "line": 44,
          "known": false
        },
        {
          "name": "FALSE32",
          "line": 92,
          "known": false
        },
        {
          "name": "FALSE32",
          "line": 101,
          "known": false
        },
        {
          "name": "FALSE32",
          "line": 225,
          "known": false
        },
        {
          "name": "FALSE32",
          "line": 234,
          "known": false
        },
        {
          "name": "FALSE32",
          "line": 243,
          "known": false
        },
        {
          "name": "FALSE32",
          "line": 250,
          "known": false
        },
        {
          "name": "FALSE32",
          "line": 255,
          "known": false
        },
        {
          "name": "FALSE32",
          "line": 262,
          "known": false
        },
        {
          "name": "FLT64_ZERO",
          "line": 353,
          "known": false
        },
        {
          "name": "IN_RANGE_LCUO",
          "line": 227,
          "known": false
        },
        {
          "name": "NULL_STATEMENT",
          "line": 210,
          "known": false
        },
        {
          "name": "Q2C",
          "line": 328,
          "known": false
        },
        {
          "name": "TRUE32",
          "line": 97,
          "known": false
        },
        {
          "name": "TRUE32",
          "line": 114,
          "known": false
        },
        {
          "name": "TRUE32",
          "line": 129,
          "known": false
        },
        {
          "name": "TRUE32",
          "line": 136,
          "known": false
        },
        {
          "name": "TRUE32",
          "line": 144,
          "known": false
        },
        {
          "name": "TRUE32",
          "line": 149,
          "known": false
        },
        {
          "name": "TRUE32",
          "line": 169,
          "known": false
        },
        {
          "name": "TRUE32",
          "line": 184,
          "known": false
        },
        {
          "name": "TRUE32",
          "line": 191,
          "known": false
        },
        {
          "name": "TRUE32",
          "line": 200,
          "known": false
        },
        {
          "name": "TRUE32",
          "line": 205,
          "known": false
        },
        {
          "name": "TRUE32",
          "line": 217,
          "known": false
        },
        {
          "name": "TRUE32",
          "line": 246,
          "known": false
        },
        {
          "name": "TRUE32",
          "line": 258,
          "known": false
        },
        {
          "name": "TRUE32",
          "line": 266,
          "known": false
        },
        {
          "name": "TRUE32",
          "line": 274,
          "known": false
        },
        {
          "name": "TRUE32",
          "line": 281,
          "known": false
        },
        {
          "name": "TRUE32",
          "line": 289,
          "known": false
        },
        {
          "name": "T_128MS",
          "line": 161,
          "known": false
        },
        {
          "name": "UI32_BIT_GET1",
          "line": 116,
          "known": false
        },
        {
          "name": "UI32_BIT_GET1",
          "line": 130,
          "known": false
        },
        {
          "name": "UI32_BIT_GET1",
          "line": 171,
          "known": false
        },
        {
          "name": "UI32_BIT_GET1",
          "line": 185,
          "known": false
        },
        {
          "name": "UI32_BIT_GET1",
          "line": 216,
          "known": false
        },
        {
          "name": "UI32_BIT_GET1",
          "line": 224,
          "known": false
        },
        {
          "name": "UI32_BIT_GET1",
          "line": 226,
          "known": false
        },
        {
          "name": "UI32_BIT_GET1",
          "line": 233,
          "known": false
        },
        {
          "name": "UI32_BIT_GET1",
          "line": 235,
          "known": false
        },
        {
          "name": "UI32_BIT_GET1",
          "line": 242,
          "known": false
        },
        {
          "name": "UI32_BIT_GET1",
          "line": 244,
          "known": false
        },
        {
          "name": "UI32_BIT_GET1",
          "line": 254,
          "known": false
        },
        {
          "name": "UI32_BIT_GET1",
          "line": 256,
          "known": false
        },
        {
          "name": "UI32_BIT_GET2",
          "line": 44,
          "known": false
        },
        {
          "name": "UI32_BIT_GET2",
          "line": 92,
          "known": false
        },
        {
          "name": "ZT6",
          "line": 216,
          "known": false
        },
        {
          "name": "ZT6",
          "line": 224,
          "known": false
        },
        {
          "name": "ZT6",
          "line": 233,
          "known": false
        },
        {
          "name": "ZT6",
          "line": 242,
          "known": false
        },
        {
          "name": "ZT6",
          "line": 254,
          "known": false
        },
        {
          "name": "ZT9",
          "line": 44,
          "known": false
        },
        {
          "name": "ZT9",
          "line": 92,
          "known": false
        },
        {
          "name": "ZT9",
          "line": 116,
          "known": false
        },
        {
          "name": "ZT9",
          "line": 130,
          "known": false
        },
        {
          "name": "ZT9",
          "line": 171,
          "known": false
        },
        {
          "name": "ZT9",
          "line": 185,
          "known": false
        },
        {
          "name": "ZT9",
          "line": 226,
          "known": false
        },
        {
          "name": "ZT9",
          "line": 235,
          "known": false
        },
        {
          "name": "ZT9",
          "line": 244,
          "known": false
        },
        {
          "name": "ZT9",
          "line": 256,
          "known": false
        }
      ],
      "type_uses": [],
      "value_ranges": [
        {
          "symbol": "TmpCIB",
          "range": "[-1.79769e+308, 1.79769e+308]",
          "min": -1.7976931348623157e+308,
          "max": 1.7976931348623157e+308,
          "evidence": [
            "decl float64@11"
          ]
        },
        {
          "symbol": "TmpFabs1",
          "range": "[-1.79769e+308, 1.79769e+308]",
          "min": -1.7976931348623157e+308,
          "max": 1.7976931348623157e+308,
          "evidence": [
            "decl float64@24"
          ]
        },
        {
          "symbol": "TmpFabs2",
          "range": "[-1.79769e+308, 1.79769e+308]",
          "min": -1.7976931348623157e+308,
          "max": 1.7976931348623157e+308,
          "evidence": [
            "decl float64@26"
          ]
        },
        {
          "symbol": "TmpFabs3",
          "range": "[-1.79769e+308, 1.79769e+308]",
          "min": -1.7976931348623157e+308,
          "max": 1.7976931348623157e+308,
          "evidence": [
            "decl float64@27"
          ]
        },
        {
          "symbol": "TmpFlg",
          "range": "[0, 4294967295]",
          "min": 0.0,
          "max": 4294967295.0,
          "evidence": [
            "decl unint32@23",
            "literal@350",
            "literal@355"
          ]
        },
        {
          "symbol": "TmpMax1",
          "range": "[-1.79769e+308, 1.79769e+308]",
          "min": -1.7976931348623157e+308,
          "max": 1.7976931348623157e+308,
          "evidence": [
            "decl float64@28"
          ]
        },
        {
          "symbol": "TmpMax2",
          "range": "[-1.79769e+308, 1.79769e+308]",
          "min": -1.7976931348623157e+308,
          "max": 1.7976931348623157e+308,
          "evidence": [
            "decl float64@29"
          ]
        },
        {
          "symbol": "TmpMax3",
          "range": "[-1.79769e+308, 1.79769e+308]",
          "min": -1.7976931348623157e+308,
          "max": 1.7976931348623157e+308,
          "evidence": [
            "decl float64@30"
          ]
        },
        {
          "symbol": "TmpMax4",
          "range": "[-1.79769e+308, 1.79769e+308]",
          "min": -1.7976931348623157e+308,
          "max": 1.7976931348623157e+308,
          "evidence": [
            "decl float64@31"
          ]
        },
        {
          "symbol": "TmpTDIFlg",
          "range": "[0, 4294967295]",
          "min": 0.0,
          "max": 4294967295.0,
          "evidence": [
            "decl unint32@35",
            "literal@41",
            "literal@87"
          ]
        },
        {
          "symbol": "TmpVec3",
          "range": "[-1.79769e+308, 1.79769e+308]",
          "min": -1.7976931348623157e+308,
          "max": 1.7976931348623157e+308,
          "evidence": [
            "decl float64@33"
          ]
        },
        {
          "symbol": "TmpVec3Sec",
          "range": "[-1.79769e+308, 1.79769e+308]",
          "min": -1.7976931348623157e+308,
          "max": 1.7976931348623157e+308,
          "evidence": [
            "decl float64@34"
          ]
        },
        {
          "symbol": "Tmpa",
          "range": "[-1.79769e+308, 1.79769e+308]",
          "min": -1.7976931348623157e+308,
          "max": 1.7976931348623157e+308,
          "evidence": [
            "decl float64@19"
          ]
        },
        {
          "symbol": "TmpdR",
          "range": "[-1.79769e+308, 1.79769e+308]",
          "min": -1.7976931348623157e+308,
          "max": 1.7976931348623157e+308,
          "evidence": [
            "decl float64@9"
          ]
        },
        {
          "symbol": "Tmph",
          "range": "[-1.79769e+308, 1.79769e+308]",
          "min": -1.7976931348623157e+308,
          "max": 1.7976931348623157e+308,
          "evidence": [
            "decl float64@32"
          ]
        },
        {
          "symbol": "Tmpp",
          "range": "[-1.79769e+308, 1.79769e+308]",
          "min": -1.7976931348623157e+308,
          "max": 1.7976931348623157e+308,
          "evidence": [
            "decl float64@10"
          ]
        },
        {
          "symbol": "Tmpr_LI0",
          "range": "[-1.79769e+308, 1.79769e+308]",
          "min": -1.7976931348623157e+308,
          "max": 1.7976931348623157e+308,
          "evidence": [
            "decl float64@20"
          ]
        },
        {
          "symbol": "Tmpr_LI1",
          "range": "[-1.79769e+308, 1.79769e+308]",
          "min": -1.7976931348623157e+308,
          "max": 1.7976931348623157e+308,
          "evidence": [
            "decl float64@21"
          ]
        },
        {
          "symbol": "Tmpr_LI2",
          "range": "[-1.79769e+308, 1.79769e+308]",
          "min": -1.7976931348623157e+308,
          "max": 1.7976931348623157e+308,
          "evidence": [
            "decl float64@22"
          ]
        },
        {
          "symbol": "bCondOk",
          "range": "[0, 4294967295]",
          "min": 0.0,
          "max": 4294967295.0,
          "evidence": [
            "macro TRUE32@97",
            "macro FALSE32@101",
            "macro TRUE32@246",
            "macro FALSE32@250"
          ]
        },
        {
          "symbol": "bCondOk2",
          "range": "[0, 4294967295]",
          "min": 0.0,
          "max": 4294967295.0,
          "evidence": [
            "macro TRUE32@258",
            "macro FALSE32@262"
          ]
        },
        {
          "symbol": "ht",
          "range": "[-1.79769e+308, 1.79769e+308]",
          "min": -1.7976931348623157e+308,
          "max": 1.7976931348623157e+308,
          "evidence": [
            "decl float64@14"
          ]
        },
        {
          "symbol": "p1",
          "range": "[-1.79769e+308, 1.79769e+308]",
          "min": -1.7976931348623157e+308,
          "max": 1.7976931348623157e+308,
          "evidence": [
            "decl float64@15"
          ]
        },
        {
          "symbol": "p1Neg",
          "range": "[-1.79769e+308, 1.79769e+308]",
          "min": -1.7976931348623157e+308,
          "max": 1.7976931348623157e+308,
          "evidence": [
            "decl float64@16"
          ]
        },
        {
          "symbol": "rIt",
          "range": "[-1.79769e+308, 1.79769e+308]",
          "min": -1.7976931348623157e+308,
          "max": 1.7976931348623157e+308,
          "evidence": [
            "decl float64@13"
          ]
        },
        {
          "symbol": "sAvoidData.flgFTDI",
          "range": "[1, 4]",
          "min": 1.0,
          "max": 4.0,
          "evidence": [
            "literal@220",
            "literal@229",
            "literal@238",
            "literal@270",
            "literal@277",
            "literal@285",
            "literal@292"
          ]
        },
        {
          "symbol": "sAvoidData.flgFTDIOld",
          "range": "[1, 4]",
          "min": 1.0,
          "max": 4.0,
          "evidence": [
            "known-symbol@384"
          ]
        },
        {
          "symbol": "sAvoidData.flgSLP",
          "range": "[1, 4]",
          "min": 1.0,
          "max": 4.0,
          "evidence": [
            "known-symbol@371"
          ]
        },
        {
          "symbol": "sFtdiCtrl.cycleSafePtSeq",
          "range": "[0, 0]",
          "min": 0.0,
          "max": 0.0,
          "evidence": [
            "literal@314"
          ]
        },
        {
          "symbol": "sFtdiCtrl.flgSafePointSeq",
          "range": "[255, 255]",
          "min": 255.0,
          "max": 255.0,
          "evidence": [
            "literal@311"
          ]
        },
        {
          "symbol": "sFtdiSafeLandData.FTDIVldFlg",
          "range": "[0, 0]",
          "min": 0.0,
          "max": 0.0,
          "evidence": [
            "literal@321"
          ]
        },
        {
          "symbol": "sFtdiSafeLandData.tFTDI",
          "range": "[1000000000, 1000000000]",
          "min": 1000000000.0,
          "max": 1000000000.0,
          "evidence": [
            "literal@159"
          ]
        },
        {
          "symbol": "sGuideData.nQPGNum",
          "range": "[0, 0]",
          "min": 0.0,
          "max": 0.0,
          "evidence": [
            "literal@135",
            "literal@148",
            "literal@190",
            "literal@204"
          ]
        },
        {
          "symbol": "sGuideData.tgo",
          "range": "[50, 50]",
          "min": 50.0,
          "max": 50.0,
          "evidence": [
            "literal@134",
            "literal@147",
            "literal@189",
            "literal@203"
          ]
        },
        {
          "symbol": "sGuideData.v_tG[0]",
          "range": "[0, 0]",
          "min": 0.0,
          "max": 0.0,
          "evidence": [
            "literal@108"
          ]
        },
        {
          "symbol": "sModeProcess.Sub7Flg",
          "range": "[1, 7]",
          "min": 1.0,
          "max": 7.0,
          "evidence": [
            "literal@119",
            "literal@133",
            "literal@141",
            "literal@146",
            "literal@154",
            "literal@174",
            "literal@188",
            "literal@196",
            "literal@202"
          ]
        },
        {
          "symbol": "sModeProcess.bQPGFirstFlg",
          "range": "[1, 4294967295]",
          "min": 1.0,
          "max": 4294967295.0,
          "evidence": [
            "macro TRUE32@136",
            "macro TRUE32@149",
            "macro TRUE32@191",
            "macro TRUE32@205"
          ]
        },
        {
          "symbol": "sNaviData.h100Flg",
          "range": "[1, 1]",
          "min": 1.0,
          "max": 1.0,
          "evidence": [
            "literal@120"
          ]
        },
        {
          "symbol": "sNaviData.tLI0",
          "range": "[1000000000, 1000000000]",
          "min": 1000000000.0,
          "max": 1000000000.0,
          "evidence": [
            "known-symbol@377"
          ]
        },
        {
          "symbol": "tmpMat33",
          "range": "[-1.79769e+308, 1.79769e+308]",
          "min": -1.7976931348623157e+308,
          "max": 1.7976931348623157e+308,
          "evidence": [
            "decl float64@12"
          ]
        },
        {
          "symbol": "tmpVec3",
          "range": "[-1.79769e+308, 1.79769e+308]",
          "min": -1.7976931348623157e+308,
          "max": 1.7976931348623157e+308,
          "evidence": [
            "decl float64@17"
          ]
        },
        {
          "symbol": "tmpVec3Sec",
          "range": "[-1.79769e+308, 1.79769e+308]",
          "min": -1.7976931348623157e+308,
          "max": 1.7976931348623157e+308,
          "evidence": [
            "decl float64@18"
          ]
        },
        {
          "symbol": "vecNorm",
          "range": "[-1.79769e+308, 1.79769e+308]",
          "min": -1.7976931348623157e+308,
          "max": 1.7976931348623157e+308,
          "evidence": [
            "decl float64@8"
          ]
        }
      ],
      "condition_ranges": [
        {
          "symbol": "sGuideData.bHoverFlg",
          "range": "[0, 0]",
          "min": 0.0,
          "max": 0.0,
          "line": 44,
          "condition": "sGuideData.bHoverFlg == FALSE32"
        },
        {
          "symbol": "sModeProcess.Sub7Flg",
          "range": "[-1.79769e+308, 2]",
          "min": -1.7976931348623157e+308,
          "max": 2.0,
          "line": 47,
          "condition": "sModeProcess.Sub7Flg < 3"
        },
        {
          "symbol": "sGuideData.bHoverFlg",
          "range": "[0, 0]",
          "min": 0.0,
          "max": 0.0,
          "line": 92,
          "condition": "sGuideData.bHoverFlg == FALSE32"
        },
        {
          "symbol": "sModeProcess.Sub7Flg",
          "range": "[0, 0]",
          "min": 0.0,
          "max": 0.0,
          "line": 105,
          "condition": "sModeProcess.Sub7Flg == 0"
        },
        {
          "symbol": "sModeProcess.Sub7Flg",
          "range": "[0, 0]",
          "min": 0.0,
          "max": 0.0,
          "line": 113,
          "condition": "sModeProcess.Sub7Flg == 0"
        },
        {
          "symbol": "bCondOk",
          "range": "[1, 4294967295]",
          "min": 1.0,
          "max": 4294967295.0,
          "line": 113,
          "condition": "bCondOk == TRUE32"
        },
        {
          "symbol": "sFtdiSafeLandData.FTDIFailFlg",
          "range": "[0, 0]",
          "min": 0.0,
          "max": 0.0,
          "line": 113,
          "condition": "sFtdiSafeLandData.FTDIFailFlg == 0"
        },
        {
          "symbol": "sModeProcess.Sub7Flg",
          "range": "[0, 0]",
          "min": 0.0,
          "max": 0.0,
          "line": 127,
          "condition": "sModeProcess.Sub7Flg == 0"
        },
        {
          "symbol": "sFtdiSafeLandData.FTDIUseFlg",
          "range": "[1, 1]",
          "min": 1.0,
          "max": 1.0,
          "line": 127,
          "condition": "sFtdiSafeLandData.FTDIUseFlg == 1"
        },
        {
          "symbol": "bCondOk",
          "range": "[1, 4294967295]",
          "min": 1.0,
          "max": 4294967295.0,
          "line": 127,
          "condition": "bCondOk == TRUE32"
        },
        {
          "symbol": "sFtdiSafeLandData.FTDIFailFlg",
          "range": "[1, 1]",
          "min": 1.0,
          "max": 1.0,
          "line": 127,
          "condition": "sFtdiSafeLandData.FTDIFailFlg == 1"
        },
        {
          "symbol": "sModeProcess.Sub7Flg",
          "range": "[1, 1]",
          "min": 1.0,
          "max": 1.0,
          "line": 139,
          "condition": "sModeProcess.Sub7Flg == 1"
        },
        {
          "symbol": "TmpTDIFlg",
          "range": "[1, 1]",
          "min": 1.0,
          "max": 1.0,
          "line": 139,
          "condition": "TmpTDIFlg == 1"
        },
        {
          "symbol": "sModeProcess.Sub7Flg",
          "range": "[2, 2]",
          "min": 2.0,
          "max": 2.0,
          "line": 144,
          "condition": "sModeProcess.Sub7Flg == 2"
        },
        {
          "symbol": "sFtdiSafeLandData.FTDIUseFlg",
          "range": "[1, 1]",
          "min": 1.0,
          "max": 1.0,
          "line": 144,
          "condition": "sFtdiSafeLandData.FTDIUseFlg == 1"
        },
        {
          "symbol": "bCondOk",
          "range": "[1, 4294967295]",
          "min": 1.0,
          "max": 4294967295.0,
          "line": 144,
          "condition": "bCondOk == TRUE32"
        },
        {
          "symbol": "sModeProcess.Sub7Flg",
          "range": "[3, 3]",
          "min": 3.0,
          "max": 3.0,
          "line": 152,
          "condition": "sModeProcess.Sub7Flg == 3"
        },
        {
          "symbol": "sGuideData.tgo",
          "range": "[-1.79769e+308, -1]",
          "min": -1.7976931348623157e+308,
          "max": -1.0,
          "line": 152,
          "condition": "sGuideData.tgo < 0.0"
        },
        {
          "symbol": "sModeProcess.TModemax",
          "range": "[-1.79769e+308, -1]",
          "min": -1.7976931348623157e+308,
          "max": -1.0,
          "line": 152,
          "condition": "sModeProcess.TModemax < 0.0"
        },
        {
          "symbol": "sModeProcess.Sub7Flg",
          "range": "[4, 4]",
          "min": 4.0,
          "max": 4.0,
          "line": 168,
          "condition": "sModeProcess.Sub7Flg == 4"
        },
        {
          "symbol": "bCondOk",
          "range": "[1, 4294967295]",
          "min": 1.0,
          "max": 4294967295.0,
          "line": 168,
          "condition": "bCondOk == TRUE32"
        },
        {
          "symbol": "sNaviData.h100Flg",
          "range": "[0, 0]",
          "min": 0.0,
          "max": 0.0,
          "line": 168,
          "condition": "sNaviData.h100Flg == 0"
        },
        {
          "symbol": "sModeProcess.Sub7Flg",
          "range": "[4, 4]",
          "min": 4.0,
          "max": 4.0,
          "line": 182,
          "condition": "sModeProcess.Sub7Flg == 4"
        },
        {
          "symbol": "sFtdiSafeLandData.FTDIUseFlg",
          "range": "[1, 1]",
          "min": 1.0,
          "max": 1.0,
          "line": 182,
          "condition": "sFtdiSafeLandData.FTDIUseFlg == 1"
        },
        {
          "symbol": "bCondOk",
          "range": "[1, 4294967295]",
          "min": 1.0,
          "max": 4294967295.0,
          "line": 182,
          "condition": "bCondOk == TRUE32"
        },
        {
          "symbol": "sNaviData.h100Flg",
          "range": "[1, 1]",
          "min": 1.0,
          "max": 1.0,
          "line": 182,
          "condition": "sNaviData.h100Flg == 1"
        },
        {
          "symbol": "sModeProcess.Sub7Flg",
          "range": "[5, 5]",
          "min": 5.0,
          "max": 5.0,
          "line": 194,
          "condition": "sModeProcess.Sub7Flg == 5"
        },
        {
          "symbol": "TmpTDIFlg",
          "range": "[1, 1]",
          "min": 1.0,
          "max": 1.0,
          "line": 194,
          "condition": "TmpTDIFlg == 1"
        },
        {
          "symbol": "sModeProcess.Sub7Flg",
          "range": "[6, 6]",
          "min": 6.0,
          "max": 6.0,
          "line": 199,
          "condition": "sModeProcess.Sub7Flg == 6"
        },
        {
          "symbol": "sFtdiSafeLandData.FTDIUseFlg",
          "range": "[1, 1]",
          "min": 1.0,
          "max": 1.0,
          "line": 199,
          "condition": "sFtdiSafeLandData.FTDIUseFlg == 1"
        },
        {
          "symbol": "bCondOk",
          "range": "[1, 4294967295]",
          "min": 1.0,
          "max": 4294967295.0,
          "line": 199,
          "condition": "bCondOk == TRUE32"
        },
        {
          "symbol": "sGuideData.bHoverFlg",
          "range": "[1, 4294967295]",
          "min": 1.0,
          "max": 4294967295.0,
          "line": 216,
          "condition": "sGuideData.bHoverFlg == TRUE32"
        },
        {
          "symbol": "sGuideData.bHoverFlg",
          "range": "[0, 0]",
          "min": 0.0,
          "max": 0.0,
          "line": 224,
          "condition": "sGuideData.bHoverFlg == FALSE32"
        },
        {
          "symbol": "sGuideData.bHoverFlg",
          "range": "[0, 0]",
          "min": 0.0,
          "max": 0.0,
          "line": 233,
          "condition": "sGuideData.bHoverFlg == FALSE32"
        },
        {
          "symbol": "sGuideData.bHoverFlg",
          "range": "[0, 0]",
          "min": 0.0,
          "max": 0.0,
          "line": 242,
          "condition": "sGuideData.bHoverFlg == FALSE32"
        },
        {
          "symbol": "sGuideData.bHoverFlg",
          "range": "[0, 0]",
          "min": 0.0,
          "max": 0.0,
          "line": 254,
          "condition": "sGuideData.bHoverFlg == FALSE32"
        },
        {
          "symbol": "bCondOk",
          "range": "[1, 4294967295]",
          "min": 1.0,
          "max": 4294967295.0,
          "line": 266,
          "condition": "bCondOk == TRUE32"
        },
        {
          "symbol": "sModeProcess.Sub7Flg",
          "range": "[0, 0]",
          "min": 0.0,
          "max": 0.0,
          "line": 266,
          "condition": "sModeProcess.Sub7Flg == 0"
        },
        {
          "symbol": "TmpTDIFlg",
          "range": "[1, 1]",
          "min": 1.0,
          "max": 1.0,
          "line": 266,
          "condition": "TmpTDIFlg == 1"
        },
        {
          "symbol": "bCondOk",
          "range": "[1, 4294967295]",
          "min": 1.0,
          "max": 4294967295.0,
          "line": 274,
          "condition": "bCondOk == TRUE32"
        },
        {
          "symbol": "sModeProcess.Sub7Flg",
          "range": "[2, 2]",
          "min": 2.0,
          "max": 2.0,
          "line": 274,
          "condition": "sModeProcess.Sub7Flg == 2"
        },
        {
          "symbol": "bCondOk2",
          "range": "[1, 4294967295]",
          "min": 1.0,
          "max": 4294967295.0,
          "line": 281,
          "condition": "bCondOk2 == TRUE32"
        },
        {
          "symbol": "sModeProcess.Sub7Flg",
          "range": "[4, 4]",
          "min": 4.0,
          "max": 4.0,
          "line": 281,
          "condition": "sModeProcess.Sub7Flg == 4"
        },
        {
          "symbol": "TmpTDIFlg",
          "range": "[1, 1]",
          "min": 1.0,
          "max": 1.0,
          "line": 281,
          "condition": "TmpTDIFlg == 1"
        },
        {
          "symbol": "bCondOk2",
          "range": "[1, 4294967295]",
          "min": 1.0,
          "max": 4294967295.0,
          "line": 289,
          "condition": "bCondOk2 == TRUE32"
        },
        {
          "symbol": "sModeProcess.Sub7Flg",
          "range": "[6, 6]",
          "min": 6.0,
          "max": 6.0,
          "line": 289,
          "condition": "sModeProcess.Sub7Flg == 6"
        },
        {
          "symbol": "sFtdiSafeLandData.FTDIUseFlg",
          "range": "[1, 1]",
          "min": 1.0,
          "max": 1.0,
          "line": 318,
          "condition": "sFtdiSafeLandData.FTDIUseFlg == 1"
        },
        {
          "symbol": "TmpFlg",
          "range": "[1, 1]",
          "min": 1.0,
          "max": 1.0,
          "line": 358,
          "condition": "TmpFlg == 1"
        }
      ],
      "reads": [
        "FALSE32",
        "FLT64_ZERO",
        "FTDIFailFlg",
        "FTDIUseFlg",
        "Fabsx",
        "IN_RANGE_LCUO",
        "LcTDI",
        "Maxx",
        "Sub7Flg",
        "TModemax",
        "TRUE32",
        "T_128MS",
        "UI32_BIT_GET1",
        "UI32_BIT_GET2",
        "VectorDot3",
        "VectorNorm3",
        "ZT6",
        "ZT9",
        "a_tGx22",
        "a_tGx23",
        "angleErr",
        "bHoverFlg",
        "dLcTDI",
        "dRFTDI1",
        "dRFTDI2",
        "dh",
        "dlcy",
        "dlcz",
        "dtFTDI",
        "flgFTDI",
        "flgFTDIOld",
        "h100Flg",
        "hFTDI1",
        "hFTDI2",
        "hHover",
        "height",
        "hslw",
        "lcy",
        "lcz",
        "mass",
        "mass100",
        "mass50",
        "phicTDI",
        "pxMax",
        "pyMax",
        "rM",
        "sAttiCtrl",
        "sAvoidData",
        "sAvoidParam",
        "sBodyData",
        "sFtdiSafeLandData",
        "sGncCtrlFlag",
        "sGuideData",
        "sGuideTransData",
        "sGyroData",
        "sModeParam",
        "sModeProcess",
        "sNaviData",
        "sTime",
        "sstime",
        "t70",
        "t7_1",
        "t7_1to2",
        "t7_4",
        "t7_5",
        "t7_5to6",
        "t7_TDI",
        "tFTDI",
        "tgo",
        "vslw3",
        "w",
        "wTDI"
      ],
      "writes": [
        "TmpFabs1",
        "TmpFabs2",
        "TmpFabs3",
        "TmpFlg",
        "TmpMax1",
        "TmpMax2",
        "TmpMax3",
        "TmpMax4",
        "TmpTDIFlg",
        "Tmpa",
        "TmpdR",
        "Tmph",
        "bCondOk",
        "bCondOk2",
        "ht",
        "rIt",
        "sAvoidData",
        "sFtdiCtrl",
        "sFtdiSafeLandData",
        "sGuideData",
        "sModeProcess",
        "sNaviData",
        "vecNorm"
      ],
      "global_reads": [],
      "global_writes": [],
      "input_fields": [
        "sAttiCtrl.angleErr",
        "sAttiModifyParam.cBF",
        "sAvoidData.flgFTDI",
        "sAvoidData.flgFTDIOld",
        "sAvoidParam.CBC",
        "sAvoidParam.LcTDI",
        "sAvoidParam.alfa100",
        "sAvoidParam.dLcTDI",
        "sAvoidParam.dRFTDI1",
        "sAvoidParam.dRFTDI2",
        "sAvoidParam.distace100",
        "sAvoidParam.distace50",
        "sAvoidParam.drFTDI",
        "sAvoidParam.dtFTDI",
        "sAvoidParam.hFTDI1",
        "sAvoidParam.hFTDI2",
        "sAvoidParam.mass100",
        "sAvoidParam.mass50",
        "sAvoidParam.phicTDI",
        "sAvoidParam.pxMax",
        "sAvoidParam.pyMax",
        "sAvoidParam.wTDI",
        "sBodyData.mass",
        "sBodyData.pgoF",
        "sFtdiSafeLandData.FTDIFailFlg",
        "sFtdiSafeLandData.FTDIUseFlg",
        "sFtdiSafeLandData.qFTDI",
        "sFtdiSafeLandData.r_IFTDI",
        "sFtdiSafeLandData.tFTDI",
        "sFtdiSafePointRecv.pFTDI",
        "sGncCtrlFlag.ZT6",
        "sGncCtrlFlag.ZT9",
        "sGuideData.bHoverFlg",
        "sGuideData.tgo",
        "sGuideTransData.hHover",
        "sGyroData.w",
        "sModeParam.a_tGx22",
        "sModeParam.a_tGx23",
        "sModeParam.hslw",
        "sModeParam.t7_1to2",
        "sModeParam.t7_5to6",
        "sModeParam.t7_TDI",
        "sModeParam.vslw3",
        "sModeProcess.Sub7Flg",
        "sModeProcess.TModemax",
        "sModeProcess.t70",
        "sModeProcess.t7_1",
        "sModeProcess.t7_4",
        "sModeProcess.t7_5",
        "sNaviData.dh",
        "sNaviData.dlcy",
        "sNaviData.dlcz",
        "sNaviData.h100Flg",
        "sNaviData.height",
        "sNaviData.lcy",
        "sNaviData.lcz",
        "sNaviData.rM",
        "sNaviData.r_LI",
        "sNaviData.r_LI0",
        "sNaviData.ri",
        "sNaviData.wOrbit",
        "sNaviData.wmi",
        "sNaviParam.wM",
        "sTime.sstime"
      ],
      "output_fields": [
        "sAvoidData.flgFTDI",
        "sAvoidData.flgFTDIOld",
        "sAvoidData.flgSLP",
        "sFtdiCtrl.cycleSafePtSeq",
        "sFtdiCtrl.flgSafePointSeq",
        "sFtdiSafeLandData.FTDIVldFlg",
        "sFtdiSafeLandData.tFTDI",
        "sGuideData.a_tG",
        "sGuideData.nQPGNum",
        "sGuideData.r_tG",
        "sGuideData.tgo",
        "sGuideData.v_tG",
        "sModeProcess.Sub7Flg",
        "sModeProcess.bQPGFirstFlg",
        "sModeProcess.t7_1",
        "sModeProcess.t7_4",
        "sModeProcess.t7_5",
        "sNaviData.h100Flg",
        "sNaviData.tLI0"
      ],
      "undefined_calls": [
        "DivNorm",
        "Fabsx",
        "IN_RANGE_LCUO",
        "MatrixMulti331",
        "MatrixMulti333",
        "MatrixTran33",
        "Maxx",
        "NULL_STATEMENT",
        "Q2C",
        "UI32_BIT_GET1",
        "UI32_BIT_GET2",
        "VectorAdd3",
        "VectorAddCoef",
        "VectorDot3",
        "VectorEval3",
        "VectorNorm3",
        "VectorRotation",
        "VectorScalar3",
        "VectorSub3",
        "VectorUnit3"
      ],
      "invariants": [
        {
          "kind": "value_range",
          "text": "TmpCIB in [-1.79769e+308, 1.79769e+308]",
          "confidence": "medium",
          "evidence": "decl float64@11",
          "symbol": "TmpCIB",
          "min": -1.7976931348623157e+308,
          "max": 1.7976931348623157e+308
        },
        {
          "kind": "value_range",
          "text": "TmpFabs1 in [-1.79769e+308, 1.79769e+308]",
          "confidence": "medium",
          "evidence": "decl float64@24",
          "symbol": "TmpFabs1",
          "min": -1.7976931348623157e+308,
          "max": 1.7976931348623157e+308
        },
        {
          "kind": "value_range",
          "text": "TmpFabs2 in [-1.79769e+308, 1.79769e+308]",
          "confidence": "medium",
          "evidence": "decl float64@26",
          "symbol": "TmpFabs2",
          "min": -1.7976931348623157e+308,
          "max": 1.7976931348623157e+308
        },
        {
          "kind": "value_range",
          "text": "TmpFabs3 in [-1.79769e+308, 1.79769e+308]",
          "confidence": "medium",
          "evidence": "decl float64@27",
          "symbol": "TmpFabs3",
          "min": -1.7976931348623157e+308,
          "max": 1.7976931348623157e+308
        },
        {
          "kind": "value_range",
          "text": "TmpFlg in [0, 4294967295]",
          "confidence": "medium",
          "evidence": "decl unint32@23; literal@350; literal@355",
          "symbol": "TmpFlg",
          "min": 0.0,
          "max": 4294967295.0
        },
        {
          "kind": "value_range",
          "text": "TmpMax1 in [-1.79769e+308, 1.79769e+308]",
          "confidence": "medium",
          "evidence": "decl float64@28",
          "symbol": "TmpMax1",
          "min": -1.7976931348623157e+308,
          "max": 1.7976931348623157e+308
        },
        {
          "kind": "value_range",
          "text": "TmpMax2 in [-1.79769e+308, 1.79769e+308]",
          "confidence": "medium",
          "evidence": "decl float64@29",
          "symbol": "TmpMax2",
          "min": -1.7976931348623157e+308,
          "max": 1.7976931348623157e+308
        },
        {
          "kind": "value_range",
          "text": "TmpMax3 in [-1.79769e+308, 1.79769e+308]",
          "confidence": "medium",
          "evidence": "decl float64@30",
          "symbol": "TmpMax3",
          "min": -1.7976931348623157e+308,
          "max": 1.7976931348623157e+308
        },
        {
          "kind": "value_range",
          "text": "TmpMax4 in [-1.79769e+308, 1.79769e+308]",
          "confidence": "medium",
          "evidence": "decl float64@31",
          "symbol": "TmpMax4",
          "min": -1.7976931348623157e+308,
          "max": 1.7976931348623157e+308
        },
        {
          "kind": "value_range",
          "text": "TmpTDIFlg in [0, 4294967295]",
          "confidence": "medium",
          "evidence": "decl unint32@35; literal@41; literal@87",
          "symbol": "TmpTDIFlg",
          "min": 0.0,
          "max": 4294967295.0
        },
        {
          "kind": "value_range",
          "text": "TmpVec3 in [-1.79769e+308, 1.79769e+308]",
          "confidence": "medium",
          "evidence": "decl float64@33",
          "symbol": "TmpVec3",
          "min": -1.7976931348623157e+308,
          "max": 1.7976931348623157e+308
        },
        {
          "kind": "value_range",
          "text": "TmpVec3Sec in [-1.79769e+308, 1.79769e+308]",
          "confidence": "medium",
          "evidence": "decl float64@34",
          "symbol": "TmpVec3Sec",
          "min": -1.7976931348623157e+308,
          "max": 1.7976931348623157e+308
        },
        {
          "kind": "value_range",
          "text": "Tmpa in [-1.79769e+308, 1.79769e+308]",
          "confidence": "medium",
          "evidence": "decl float64@19",
          "symbol": "Tmpa",
          "min": -1.7976931348623157e+308,
          "max": 1.7976931348623157e+308
        },
        {
          "kind": "value_range",
          "text": "TmpdR in [-1.79769e+308, 1.79769e+308]",
          "confidence": "medium",
          "evidence": "decl float64@9",
          "symbol": "TmpdR",
          "min": -1.7976931348623157e+308,
          "max": 1.7976931348623157e+308
        },
        {
          "kind": "value_range",
          "text": "Tmph in [-1.79769e+308, 1.79769e+308]",
          "confidence": "medium",
          "evidence": "decl float64@32",
          "symbol": "Tmph",
          "min": -1.7976931348623157e+308,
          "max": 1.7976931348623157e+308
        },
        {
          "kind": "value_range",
          "text": "Tmpp in [-1.79769e+308, 1.79769e+308]",
          "confidence": "medium",
          "evidence": "decl float64@10",
          "symbol": "Tmpp",
          "min": -1.7976931348623157e+308,
          "max": 1.7976931348623157e+308
        },
        {
          "kind": "value_range",
          "text": "Tmpr_LI0 in [-1.79769e+308, 1.79769e+308]",
          "confidence": "medium",
          "evidence": "decl float64@20",
          "symbol": "Tmpr_LI0",
          "min": -1.7976931348623157e+308,
          "max": 1.7976931348623157e+308
        },
        {
          "kind": "value_range",
          "text": "Tmpr_LI1 in [-1.79769e+308, 1.79769e+308]",
          "confidence": "medium",
          "evidence": "decl float64@21",
          "symbol": "Tmpr_LI1",
          "min": -1.7976931348623157e+308,
          "max": 1.7976931348623157e+308
        },
        {
          "kind": "value_range",
          "text": "Tmpr_LI2 in [-1.79769e+308, 1.79769e+308]",
          "confidence": "medium",
          "evidence": "decl float64@22",
          "symbol": "Tmpr_LI2",
          "min": -1.7976931348623157e+308,
          "max": 1.7976931348623157e+308
        },
        {
          "kind": "value_range",
          "text": "bCondOk in [0, 4294967295]",
          "confidence": "medium",
          "evidence": "macro TRUE32@97; macro FALSE32@101; macro TRUE32@246; macro FALSE32@250",
          "symbol": "bCondOk",
          "min": 0.0,
          "max": 4294967295.0
        },
        {
          "kind": "value_range",
          "text": "bCondOk2 in [0, 4294967295]",
          "confidence": "medium",
          "evidence": "macro TRUE32@258; macro FALSE32@262",
          "symbol": "bCondOk2",
          "min": 0.0,
          "max": 4294967295.0
        },
        {
          "kind": "value_range",
          "text": "ht in [-1.79769e+308, 1.79769e+308]",
          "confidence": "medium",
          "evidence": "decl float64@14",
          "symbol": "ht",
          "min": -1.7976931348623157e+308,
          "max": 1.7976931348623157e+308
        },
        {
          "kind": "value_range",
          "text": "p1 in [-1.79769e+308, 1.79769e+308]",
          "confidence": "medium",
          "evidence": "decl float64@15",
          "symbol": "p1",
          "min": -1.7976931348623157e+308,
          "max": 1.7976931348623157e+308
        },
        {
          "kind": "value_range",
          "text": "p1Neg in [-1.79769e+308, 1.79769e+308]",
          "confidence": "medium",
          "evidence": "decl float64@16",
          "symbol": "p1Neg",
          "min": -1.7976931348623157e+308,
          "max": 1.7976931348623157e+308
        },
        {
          "kind": "value_range",
          "text": "rIt in [-1.79769e+308, 1.79769e+308]",
          "confidence": "medium",
          "evidence": "decl float64@13",
          "symbol": "rIt",
          "min": -1.7976931348623157e+308,
          "max": 1.7976931348623157e+308
        },
        {
          "kind": "value_range",
          "text": "sAvoidData.flgFTDI in [1, 4]",
          "confidence": "medium",
          "evidence": "literal@220; literal@229; literal@238; literal@270; literal@277; literal@285; literal@292",
          "symbol": "sAvoidData.flgFTDI",
          "min": 1.0,
          "max": 4.0
        },
        {
          "kind": "value_range",
          "text": "sAvoidData.flgFTDIOld in [1, 4]",
          "confidence": "medium",
          "evidence": "known-symbol@384",
          "symbol": "sAvoidData.flgFTDIOld",
          "min": 1.0,
          "max": 4.0
        },
        {
          "kind": "value_range",
          "text": "sAvoidData.flgSLP in [1, 4]",
          "confidence": "medium",
          "evidence": "known-symbol@371",
          "symbol": "sAvoidData.flgSLP",
          "min": 1.0,
          "max": 4.0
        },
        {
          "kind": "value_range",
          "text": "sFtdiCtrl.cycleSafePtSeq in [0, 0]",
          "confidence": "medium",
          "evidence": "literal@314",
          "symbol": "sFtdiCtrl.cycleSafePtSeq",
          "min": 0.0,
          "max": 0.0
        },
        {
          "kind": "value_range",
          "text": "sFtdiCtrl.flgSafePointSeq in [255, 255]",
          "confidence": "medium",
          "evidence": "literal@311",
          "symbol": "sFtdiCtrl.flgSafePointSeq",
          "min": 255.0,
          "max": 255.0
        },
        {
          "kind": "value_range",
          "text": "sFtdiSafeLandData.FTDIVldFlg in [0, 0]",
          "confidence": "medium",
          "evidence": "literal@321",
          "symbol": "sFtdiSafeLandData.FTDIVldFlg",
          "min": 0.0,
          "max": 0.0
        },
        {
          "kind": "value_range",
          "text": "sFtdiSafeLandData.tFTDI in [1000000000, 1000000000]",
          "confidence": "medium",
          "evidence": "literal@159",
          "symbol": "sFtdiSafeLandData.tFTDI",
          "min": 1000000000.0,
          "max": 1000000000.0
        },
        {
          "kind": "value_range",
          "text": "sGuideData.nQPGNum in [0, 0]",
          "confidence": "medium",
          "evidence": "literal@135; literal@148; literal@190; literal@204",
          "symbol": "sGuideData.nQPGNum",
          "min": 0.0,
          "max": 0.0
        },
        {
          "kind": "value_range",
          "text": "sGuideData.tgo in [50, 50]",
          "confidence": "medium",
          "evidence": "literal@134; literal@147; literal@189; literal@203",
          "symbol": "sGuideData.tgo",
          "min": 50.0,
          "max": 50.0
        },
        {
          "kind": "value_range",
          "text": "sGuideData.v_tG[0] in [0, 0]",
          "confidence": "medium",
          "evidence": "literal@108",
          "symbol": "sGuideData.v_tG[0]",
          "min": 0.0,
          "max": 0.0
        },
        {
          "kind": "value_range",
          "text": "sModeProcess.Sub7Flg in [1, 7]",
          "confidence": "medium",
          "evidence": "literal@119; literal@133; literal@141; literal@146; literal@154; literal@174; literal@188; literal@196; literal@202",
          "symbol": "sModeProcess.Sub7Flg",
          "min": 1.0,
          "max": 7.0
        },
        {
          "kind": "value_range",
          "text": "sModeProcess.bQPGFirstFlg in [1, 4294967295]",
          "confidence": "medium",
          "evidence": "macro TRUE32@136; macro TRUE32@149; macro TRUE32@191; macro TRUE32@205",
          "symbol": "sModeProcess.bQPGFirstFlg",
          "min": 1.0,
          "max": 4294967295.0
        },
        {
          "kind": "value_range",
          "text": "sNaviData.h100Flg in [1, 1]",
          "confidence": "medium",
          "evidence": "literal@120",
          "symbol": "sNaviData.h100Flg",
          "min": 1.0,
          "max": 1.0
        },
        {
          "kind": "value_range",
          "text": "sNaviData.tLI0 in [1000000000, 1000000000]",
          "confidence": "medium",
          "evidence": "known-symbol@377",
          "symbol": "sNaviData.tLI0",
          "min": 1000000000.0,
          "max": 1000000000.0
        },
        {
          "kind": "value_range",
          "text": "tmpMat33 in [-1.79769e+308, 1.79769e+308]",
          "confidence": "medium",
          "evidence": "decl float64@12",
          "symbol": "tmpMat33",
          "min": -1.7976931348623157e+308,
          "max": 1.7976931348623157e+308
        },
        {
          "kind": "value_range",
          "text": "tmpVec3 in [-1.79769e+308, 1.79769e+308]",
          "confidence": "medium",
          "evidence": "decl float64@17",
          "symbol": "tmpVec3",
          "min": -1.7976931348623157e+308,
          "max": 1.7976931348623157e+308
        },
        {
          "kind": "value_range",
          "text": "tmpVec3Sec in [-1.79769e+308, 1.79769e+308]",
          "confidence": "medium",
          "evidence": "decl float64@18",
          "symbol": "tmpVec3Sec",
          "min": -1.7976931348623157e+308,
          "max": 1.7976931348623157e+308
        },
        {
          "kind": "value_range",
          "text": "vecNorm in [-1.79769e+308, 1.79769e+308]",
          "confidence": "medium",
          "evidence": "decl float64@8",
          "symbol": "vecNorm",
          "min": -1.7976931348623157e+308,
          "max": 1.7976931348623157e+308
        },
        {
          "kind": "condition_range",
          "text": "sGuideData.bHoverFlg in [0, 0] when sGuideData.bHoverFlg == FALSE32",
          "confidence": "high",
          "line": 44,
          "evidence": "sGuideData.bHoverFlg == FALSE32",
          "symbol": "sGuideData.bHoverFlg",
          "min": 0.0,
          "max": 0.0
        },
        {
          "kind": "condition_range",
          "text": "sModeProcess.Sub7Flg in [-1.79769e+308, 2] when sModeProcess.Sub7Flg < 3",
          "confidence": "high",
          "line": 47,
          "evidence": "sModeProcess.Sub7Flg < 3",
          "symbol": "sModeProcess.Sub7Flg",
          "min": -1.7976931348623157e+308,
          "max": 2.0
        },
        {
          "kind": "condition_range",
          "text": "sGuideData.bHoverFlg in [0, 0] when sGuideData.bHoverFlg == FALSE32",
          "confidence": "high",
          "line": 92,
          "evidence": "sGuideData.bHoverFlg == FALSE32",
          "symbol": "sGuideData.bHoverFlg",
          "min": 0.0,
          "max": 0.0
        },
        {
          "kind": "condition_range",
          "text": "sModeProcess.Sub7Flg in [0, 0] when sModeProcess.Sub7Flg == 0",
          "confidence": "high",
          "line": 105,
          "evidence": "sModeProcess.Sub7Flg == 0",
          "symbol": "sModeProcess.Sub7Flg",
          "min": 0.0,
          "max": 0.0
        },
        {
          "kind": "condition_range",
          "text": "sModeProcess.Sub7Flg in [0, 0] when sModeProcess.Sub7Flg == 0",
          "confidence": "high",
          "line": 113,
          "evidence": "sModeProcess.Sub7Flg == 0",
          "symbol": "sModeProcess.Sub7Flg",
          "min": 0.0,
          "max": 0.0
        },
        {
          "kind": "condition_range",
          "text": "bCondOk in [1, 4294967295] when bCondOk == TRUE32",
          "confidence": "high",
          "line": 113,
          "evidence": "bCondOk == TRUE32",
          "symbol": "bCondOk",
          "min": 1.0,
          "max": 4294967295.0
        },
        {
          "kind": "condition_range",
          "text": "sFtdiSafeLandData.FTDIFailFlg in [0, 0] when sFtdiSafeLandData.FTDIFailFlg == 0",
          "confidence": "high",
          "line": 113,
          "evidence": "sFtdiSafeLandData.FTDIFailFlg == 0",
          "symbol": "sFtdiSafeLandData.FTDIFailFlg",
          "min": 0.0,
          "max": 0.0
        },
        {
          "kind": "condition_range",
          "text": "sModeProcess.Sub7Flg in [0, 0] when sModeProcess.Sub7Flg == 0",
          "confidence": "high",
          "line": 127,
          "evidence": "sModeProcess.Sub7Flg == 0",
          "symbol": "sModeProcess.Sub7Flg",
          "min": 0.0,
          "max": 0.0
        },
        {
          "kind": "condition_range",
          "text": "sFtdiSafeLandData.FTDIUseFlg in [1, 1] when sFtdiSafeLandData.FTDIUseFlg == 1",
          "confidence": "high",
          "line": 127,
          "evidence": "sFtdiSafeLandData.FTDIUseFlg == 1",
          "symbol": "sFtdiSafeLandData.FTDIUseFlg",
          "min": 1.0,
          "max": 1.0
        },
        {
          "kind": "condition_range",
          "text": "bCondOk in [1, 4294967295] when bCondOk == TRUE32",
          "confidence": "high",
          "line": 127,
          "evidence": "bCondOk == TRUE32",
          "symbol": "bCondOk",
          "min": 1.0,
          "max": 4294967295.0
        },
        {
          "kind": "condition_range",
          "text": "sFtdiSafeLandData.FTDIFailFlg in [1, 1] when sFtdiSafeLandData.FTDIFailFlg == 1",
          "confidence": "high",
          "line": 127,
          "evidence": "sFtdiSafeLandData.FTDIFailFlg == 1",
          "symbol": "sFtdiSafeLandData.FTDIFailFlg",
          "min": 1.0,
          "max": 1.0
        },
        {
          "kind": "condition_range",
          "text": "sModeProcess.Sub7Flg in [1, 1] when sModeProcess.Sub7Flg == 1",
          "confidence": "high",
          "line": 139,
          "evidence": "sModeProcess.Sub7Flg == 1",
          "symbol": "sModeProcess.Sub7Flg",
          "min": 1.0,
          "max": 1.0
        },
        {
          "kind": "condition_range",
          "text": "TmpTDIFlg in [1, 1] when TmpTDIFlg == 1",
          "confidence": "high",
          "line": 139,
          "evidence": "TmpTDIFlg == 1",
          "symbol": "TmpTDIFlg",
          "min": 1.0,
          "max": 1.0
        },
        {
          "kind": "condition_range",
          "text": "sModeProcess.Sub7Flg in [2, 2] when sModeProcess.Sub7Flg == 2",
          "confidence": "high",
          "line": 144,
          "evidence": "sModeProcess.Sub7Flg == 2",
          "symbol": "sModeProcess.Sub7Flg",
          "min": 2.0,
          "max": 2.0
        },
        {
          "kind": "condition_range",
          "text": "sFtdiSafeLandData.FTDIUseFlg in [1, 1] when sFtdiSafeLandData.FTDIUseFlg == 1",
          "confidence": "high",
          "line": 144,
          "evidence": "sFtdiSafeLandData.FTDIUseFlg == 1",
          "symbol": "sFtdiSafeLandData.FTDIUseFlg",
          "min": 1.0,
          "max": 1.0
        },
        {
          "kind": "condition_range",
          "text": "bCondOk in [1, 4294967295] when bCondOk == TRUE32",
          "confidence": "high",
          "line": 144,
          "evidence": "bCondOk == TRUE32",
          "symbol": "bCondOk",
          "min": 1.0,
          "max": 4294967295.0
        },
        {
          "kind": "condition_range",
          "text": "sModeProcess.Sub7Flg in [3, 3] when sModeProcess.Sub7Flg == 3",
          "confidence": "high",
          "line": 152,
          "evidence": "sModeProcess.Sub7Flg == 3",
          "symbol": "sModeProcess.Sub7Flg",
          "min": 3.0,
          "max": 3.0
        },
        {
          "kind": "condition_range",
          "text": "sGuideData.tgo in [-1.79769e+308, -1] when sGuideData.tgo < 0.0",
          "confidence": "high",
          "line": 152,
          "evidence": "sGuideData.tgo < 0.0",
          "symbol": "sGuideData.tgo",
          "min": -1.7976931348623157e+308,
          "max": -1.0
        },
        {
          "kind": "condition_range",
          "text": "sModeProcess.TModemax in [-1.79769e+308, -1] when sModeProcess.TModemax < 0.0",
          "confidence": "high",
          "line": 152,
          "evidence": "sModeProcess.TModemax < 0.0",
          "symbol": "sModeProcess.TModemax",
          "min": -1.7976931348623157e+308,
          "max": -1.0
        },
        {
          "kind": "condition_range",
          "text": "sModeProcess.Sub7Flg in [4, 4] when sModeProcess.Sub7Flg == 4",
          "confidence": "high",
          "line": 168,
          "evidence": "sModeProcess.Sub7Flg == 4",
          "symbol": "sModeProcess.Sub7Flg",
          "min": 4.0,
          "max": 4.0
        },
        {
          "kind": "condition_range",
          "text": "bCondOk in [1, 4294967295] when bCondOk == TRUE32",
          "confidence": "high",
          "line": 168,
          "evidence": "bCondOk == TRUE32",
          "symbol": "bCondOk",
          "min": 1.0,
          "max": 4294967295.0
        },
        {
          "kind": "condition_range",
          "text": "sNaviData.h100Flg in [0, 0] when sNaviData.h100Flg == 0",
          "confidence": "high",
          "line": 168,
          "evidence": "sNaviData.h100Flg == 0",
          "symbol": "sNaviData.h100Flg",
          "min": 0.0,
          "max": 0.0
        },
        {
          "kind": "condition_range",
          "text": "sModeProcess.Sub7Flg in [4, 4] when sModeProcess.Sub7Flg == 4",
          "confidence": "high",
          "line": 182,
          "evidence": "sModeProcess.Sub7Flg == 4",
          "symbol": "sModeProcess.Sub7Flg",
          "min": 4.0,
          "max": 4.0
        },
        {
          "kind": "condition_range",
          "text": "sFtdiSafeLandData.FTDIUseFlg in [1, 1] when sFtdiSafeLandData.FTDIUseFlg == 1",
          "confidence": "high",
          "line": 182,
          "evidence": "sFtdiSafeLandData.FTDIUseFlg == 1",
          "symbol": "sFtdiSafeLandData.FTDIUseFlg",
          "min": 1.0,
          "max": 1.0
        },
        {
          "kind": "condition_range",
          "text": "bCondOk in [1, 4294967295] when bCondOk == TRUE32",
          "confidence": "high",
          "line": 182,
          "evidence": "bCondOk == TRUE32",
          "symbol": "bCondOk",
          "min": 1.0,
          "max": 4294967295.0
        },
        {
          "kind": "condition_range",
          "text": "sNaviData.h100Flg in [1, 1] when sNaviData.h100Flg == 1",
          "confidence": "high",
          "line": 182,
          "evidence": "sNaviData.h100Flg == 1",
          "symbol": "sNaviData.h100Flg",
          "min": 1.0,
          "max": 1.0
        },
        {
          "kind": "condition_range",
          "text": "sModeProcess.Sub7Flg in [5, 5] when sModeProcess.Sub7Flg == 5",
          "confidence": "high",
          "line": 194,
          "evidence": "sModeProcess.Sub7Flg == 5",
          "symbol": "sModeProcess.Sub7Flg",
          "min": 5.0,
          "max": 5.0
        },
        {
          "kind": "condition_range",
          "text": "TmpTDIFlg in [1, 1] when TmpTDIFlg == 1",
          "confidence": "high",
          "line": 194,
          "evidence": "TmpTDIFlg == 1",
          "symbol": "TmpTDIFlg",
          "min": 1.0,
          "max": 1.0
        },
        {
          "kind": "condition_range",
          "text": "sModeProcess.Sub7Flg in [6, 6] when sModeProcess.Sub7Flg == 6",
          "confidence": "high",
          "line": 199,
          "evidence": "sModeProcess.Sub7Flg == 6",
          "symbol": "sModeProcess.Sub7Flg",
          "min": 6.0,
          "max": 6.0
        },
        {
          "kind": "condition_range",
          "text": "sFtdiSafeLandData.FTDIUseFlg in [1, 1] when sFtdiSafeLandData.FTDIUseFlg == 1",
          "confidence": "high",
          "line": 199,
          "evidence": "sFtdiSafeLandData.FTDIUseFlg == 1",
          "symbol": "sFtdiSafeLandData.FTDIUseFlg",
          "min": 1.0,
          "max": 1.0
        },
        {
          "kind": "condition_range",
          "text": "bCondOk in [1, 4294967295] when bCondOk == TRUE32",
          "confidence": "high",
          "line": 199,
          "evidence": "bCondOk == TRUE32",
          "symbol": "bCondOk",
          "min": 1.0,
          "max": 4294967295.0
        },
        {
          "kind": "condition_range",
          "text": "sGuideData.bHoverFlg in [1, 4294967295] when sGuideData.bHoverFlg == TRUE32",
          "confidence": "high",
          "line": 216,
          "evidence": "sGuideData.bHoverFlg == TRUE32",
          "symbol": "sGuideData.bHoverFlg",
          "min": 1.0,
          "max": 4294967295.0
        },
        {
          "kind": "condition_range",
          "text": "sGuideData.bHoverFlg in [0, 0] when sGuideData.bHoverFlg == FALSE32",
          "confidence": "high",
          "line": 224,
          "evidence": "sGuideData.bHoverFlg == FALSE32",
          "symbol": "sGuideData.bHoverFlg",
          "min": 0.0,
          "max": 0.0
        },
        {
          "kind": "condition_range",
          "text": "sGuideData.bHoverFlg in [0, 0] when sGuideData.bHoverFlg == FALSE32",
          "confidence": "high",
          "line": 233,
          "evidence": "sGuideData.bHoverFlg == FALSE32",
          "symbol": "sGuideData.bHoverFlg",
          "min": 0.0,
          "max": 0.0
        },
        {
          "kind": "condition_range",
          "text": "sGuideData.bHoverFlg in [0, 0] when sGuideData.bHoverFlg == FALSE32",
          "confidence": "high",
          "line": 242,
          "evidence": "sGuideData.bHoverFlg == FALSE32",
          "symbol": "sGuideData.bHoverFlg",
          "min": 0.0,
          "max": 0.0
        },
        {
          "kind": "condition_range",
          "text": "sGuideData.bHoverFlg in [0, 0] when sGuideData.bHoverFlg == FALSE32",
          "confidence": "high",
          "line": 254,
          "evidence": "sGuideData.bHoverFlg == FALSE32",
          "symbol": "sGuideData.bHoverFlg",
          "min": 0.0,
          "max": 0.0
        },
        {
          "kind": "condition_range",
          "text": "bCondOk in [1, 4294967295] when bCondOk == TRUE32",
          "confidence": "high",
          "line": 266,
          "evidence": "bCondOk == TRUE32",
          "symbol": "bCondOk",
          "min": 1.0,
          "max": 4294967295.0
        },
        {
          "kind": "condition_range",
          "text": "sModeProcess.Sub7Flg in [0, 0] when sModeProcess.Sub7Flg == 0",
          "confidence": "high",
          "line": 266,
          "evidence": "sModeProcess.Sub7Flg == 0",
          "symbol": "sModeProcess.Sub7Flg",
          "min": 0.0,
          "max": 0.0
        },
        {
          "kind": "condition_range",
          "text": "TmpTDIFlg in [1, 1] when TmpTDIFlg == 1",
          "confidence": "high",
          "line": 266,
          "evidence": "TmpTDIFlg == 1",
          "symbol": "TmpTDIFlg",
          "min": 1.0,
          "max": 1.0
        },
        {
          "kind": "condition_range",
          "text": "bCondOk in [1, 4294967295] when bCondOk == TRUE32",
          "confidence": "high",
          "line": 274,
          "evidence": "bCondOk == TRUE32",
          "symbol": "bCondOk",
          "min": 1.0,
          "max": 4294967295.0
        },
        {
          "kind": "condition_range",
          "text": "sModeProcess.Sub7Flg in [2, 2] when sModeProcess.Sub7Flg == 2",
          "confidence": "high",
          "line": 274,
          "evidence": "sModeProcess.Sub7Flg == 2",
          "symbol": "sModeProcess.Sub7Flg",
          "min": 2.0,
          "max": 2.0
        },
        {
          "kind": "condition_range",
          "text": "bCondOk2 in [1, 4294967295] when bCondOk2 == TRUE32",
          "confidence": "high",
          "line": 281,
          "evidence": "bCondOk2 == TRUE32",
          "symbol": "bCondOk2",
          "min": 1.0,
          "max": 4294967295.0
        },
        {
          "kind": "condition_range",
          "text": "sModeProcess.Sub7Flg in [4, 4] when sModeProcess.Sub7Flg == 4",
          "confidence": "high",
          "line": 281,
          "evidence": "sModeProcess.Sub7Flg == 4",
          "symbol": "sModeProcess.Sub7Flg",
          "min": 4.0,
          "max": 4.0
        },
        {
          "kind": "condition_range",
          "text": "TmpTDIFlg in [1, 1] when TmpTDIFlg == 1",
          "confidence": "high",
          "line": 281,
          "evidence": "TmpTDIFlg == 1",
          "symbol": "TmpTDIFlg",
          "min": 1.0,
          "max": 1.0
        },
        {
          "kind": "condition_range",
          "text": "bCondOk2 in [1, 4294967295] when bCondOk2 == TRUE32",
          "confidence": "high",
          "line": 289,
          "evidence": "bCondOk2 == TRUE32",
          "symbol": "bCondOk2",
          "min": 1.0,
          "max": 4294967295.0
        },
        {
          "kind": "condition_range",
          "text": "sModeProcess.Sub7Flg in [6, 6] when sModeProcess.Sub7Flg == 6",
          "confidence": "high",
          "line": 289,
          "evidence": "sModeProcess.Sub7Flg == 6",
          "symbol": "sModeProcess.Sub7Flg",
          "min": 6.0,
          "max": 6.0
        },
        {
          "kind": "condition_range",
          "text": "sFtdiSafeLandData.FTDIUseFlg in [1, 1] when sFtdiSafeLandData.FTDIUseFlg == 1",
          "confidence": "high",
          "line": 318,
          "evidence": "sFtdiSafeLandData.FTDIUseFlg == 1",
          "symbol": "sFtdiSafeLandData.FTDIUseFlg",
          "min": 1.0,
          "max": 1.0
        },
        {
          "kind": "condition_range",
          "text": "TmpFlg in [1, 1] when TmpFlg == 1",
          "confidence": "high",
          "line": 358,
          "evidence": "TmpFlg == 1",
          "symbol": "TmpFlg",
          "min": 1.0,
          "max": 1.0
        },
        {
          "kind": "branch_condition",
          "text": "inside if branch: (sGuideData.bHoverFlg == FALSE32) && (UI32_BIT_GET2(sGncCtrlFlag.ZT9, 30u) != 0x03)",
          "confidence": "high",
          "line": 44,
          "evidence": "(sGuideData.bHoverFlg == FALSE32) && (UI32_BIT_GET2(sGncCtrlFlag.ZT9, 30u) != 0x03)",
          "identifiers": [
            "FALSE32",
            "UI32_BIT_GET2",
            "ZT9",
            "bHoverFlg",
            "sGncCtrlFlag",
            "sGuideData"
          ]
        },
        {
          "kind": "branch_condition",
          "text": "inside if branch: sModeProcess.Sub7Flg < 3",
          "confidence": "high",
          "line": 47,
          "evidence": "sModeProcess.Sub7Flg < 3",
          "identifiers": [
            "Sub7Flg",
            "sModeProcess"
          ]
        },
        {
          "kind": "branch_condition",
          "text": "inside if branch: (TmpMax1 < sAvoidParam.LcTDI) && (TmpMax2 < sAvoidParam.dLcTDI) && (TmpMax3 < sAvoidParam.phicTDI) && (TmpMax4 < sAvoidParam.wTDI)",
          "confidence": "high",
          "line": 82,
          "evidence": "(TmpMax1 < sAvoidParam.LcTDI) && (TmpMax2 < sAvoidParam.dLcTDI) && (TmpMax3 < sAvoidParam.phicTDI) && (TmpMax4 < sAvoidParam.wTDI)",
          "identifiers": [
            "LcTDI",
            "TmpMax1",
            "TmpMax2",
            "TmpMax3",
            "TmpMax4",
            "dLcTDI",
            "phicTDI",
            "sAvoidParam",
            "wTDI"
          ]
        },
        {
          "kind": "branch_condition",
          "text": "inside if branch: (sGuideData.bHoverFlg == FALSE32) && (UI32_BIT_GET2(sGncCtrlFlag.ZT9, 30u) != 0x03)",
          "confidence": "high",
          "line": 92,
          "evidence": "(sGuideData.bHoverFlg == FALSE32) && (UI32_BIT_GET2(sGncCtrlFlag.ZT9, 30u) != 0x03)",
          "identifiers": [
            "FALSE32",
            "UI32_BIT_GET2",
            "ZT9",
            "bHoverFlg",
            "sGncCtrlFlag",
            "sGuideData"
          ]
        },
        {
          "kind": "branch_condition",
          "text": "inside if branch: (sTime.sstime - sFtdiSafeLandData.tFTDI) > sAvoidParam.dtFTDI",
          "confidence": "high",
          "line": 95,
          "evidence": "(sTime.sstime - sFtdiSafeLandData.tFTDI) > sAvoidParam.dtFTDI",
          "identifiers": [
            "dtFTDI",
            "sAvoidParam",
            "sFtdiSafeLandData",
            "sTime",
            "sstime",
            "tFTDI"
          ]
        },
        {
          "kind": "branch_condition",
          "text": "inside if branch: sModeProcess.Sub7Flg == 0",
          "confidence": "high",
          "line": 105,
          "evidence": "sModeProcess.Sub7Flg == 0",
          "identifiers": [
            "Sub7Flg",
            "sModeProcess"
          ]
        },
        {
          "kind": "branch_condition",
          "text": "inside if branch: (sModeProcess.Sub7Flg == 0) && (bCondOk == TRUE32) && (sFtdiSafeLandData.FTDIFailFlg == 0) && (UI32_BIT_GET1(sGncCtrlFlag.ZT9, 30u) == 0x0) && (sBodyData.mass >= sAvoidParam.mass100)",
          "confidence": "high",
          "line": 113,
          "evidence": "(sModeProcess.Sub7Flg == 0) && (bCondOk == TRUE32) && (sFtdiSafeLandData.FTDIFailFlg == 0) && (UI32_BIT_GET1(sGncCtrlFlag.ZT9, 30u) == 0x0) && (sBodyData.mass >= sAvoidParam.mass100)",
          "identifiers": [
            "FTDIFailFlg",
            "Sub7Flg",
            "TRUE32",
            "UI32_BIT_GET1",
            "ZT9",
            "bCondOk",
            "mass",
            "mass100",
            "sAvoidParam",
            "sBodyData",
            "sFtdiSafeLandData",
            "sGncCtrlFlag",
            "sModeProcess"
          ]
        },
        {
          "kind": "branch_condition",
          "text": "inside if branch: (sModeProcess.Sub7Flg == 0) && ((sFtdiSafeLandData.FTDIUseFlg == 1) || ((bCondOk == TRUE32) && (sFtdiSafeLandData.FTDIFailFlg == 1)) || (UI32_BIT_GET1(sGncCtrlFlag.ZT9, 30u) == 0x1) || (sBodyData.mass < sAvoidParam.mass100))",
          "confidence": "high",
          "line": 127,
          "evidence": "(sModeProcess.Sub7Flg == 0) && ((sFtdiSafeLandData.FTDIUseFlg == 1) || ((bCondOk == TRUE32) && (sFtdiSafeLandData.FTDIFailFlg == 1)) || (UI32_BIT_GET1(sGncCtrlFlag.ZT9, 30u) == 0x1) || (sBodyData.mass < sAvoidParam.mass100))",
          "identifiers": [
            "FTDIFailFlg",
            "FTDIUseFlg",
            "Sub7Flg",
            "TRUE32",
            "UI32_BIT_GET1",
            "ZT9",
            "bCondOk",
            "mass",
            "mass100",
            "sAvoidParam",
            "sBodyData",
            "sFtdiSafeLandData",
            "sGncCtrlFlag",
            "sModeProcess"
          ]
        },
        {
          "kind": "branch_condition",
          "text": "inside if branch: (sModeProcess.Sub7Flg == 1) && ((TmpTDIFlg == 1) || ((sTime.sstime - sModeProcess.t7_1) > sModeParam.t7_1to2))",
          "confidence": "high",
          "line": 139,
          "evidence": "(sModeProcess.Sub7Flg == 1) && ((TmpTDIFlg == 1) || ((sTime.sstime - sModeProcess.t7_1) > sModeParam.t7_1to2))",
          "identifiers": [
            "Sub7Flg",
            "TmpTDIFlg",
            "sModeParam",
            "sModeProcess",
            "sTime",
            "sstime",
            "t7_1",
            "t7_1to2"
          ]
        },
        {
          "kind": "branch_condition",
          "text": "inside if branch: (sModeProcess.Sub7Flg == 2) && ((sFtdiSafeLandData.FTDIUseFlg == 1) || (bCondOk == TRUE32))",
          "confidence": "high",
          "line": 144,
          "evidence": "(sModeProcess.Sub7Flg == 2) && ((sFtdiSafeLandData.FTDIUseFlg == 1) || (bCondOk == TRUE32))",
          "identifiers": [
            "FTDIUseFlg",
            "Sub7Flg",
            "TRUE32",
            "bCondOk",
            "sFtdiSafeLandData",
            "sModeProcess"
          ]
        },
        {
          "kind": "branch_condition",
          "text": "inside if branch: (sModeProcess.Sub7Flg == 3) && ((sGuideData.tgo < 0.0) || (sModeProcess.TModemax < 0.0))",
          "confidence": "high",
          "line": 152,
          "evidence": "(sModeProcess.Sub7Flg == 3) && ((sGuideData.tgo < 0.0) || (sModeProcess.TModemax < 0.0))",
          "identifiers": [
            "Sub7Flg",
            "TModemax",
            "sGuideData",
            "sModeProcess",
            "tgo"
          ]
        },
        {
          "kind": "branch_condition",
          "text": "inside if branch: (sModeProcess.Sub7Flg == 4) && (bCondOk == TRUE32) && (sNaviData.h100Flg == 0) && (UI32_BIT_GET1(sGncCtrlFlag.ZT9, 31u) == 0x0) && (sBodyData.mass >= sAvoidParam.mass50)",
          "confidence": "high",
          "line": 168,
          "evidence": "(sModeProcess.Sub7Flg == 4) && (bCondOk == TRUE32) && (sNaviData.h100Flg == 0) && (UI32_BIT_GET1(sGncCtrlFlag.ZT9, 31u) == 0x0) && (sBodyData.mass >= sAvoidParam.mass50)",
          "identifiers": [
            "Sub7Flg",
            "TRUE32",
            "UI32_BIT_GET1",
            "ZT9",
            "bCondOk",
            "h100Flg",
            "mass",
            "mass50",
            "sAvoidParam",
            "sBodyData",
            "sGncCtrlFlag",
            "sModeProcess",
            "sNaviData"
          ]
        },
        {
          "kind": "branch_condition",
          "text": "inside if branch: (sModeProcess.Sub7Flg == 4) && ((sFtdiSafeLandData.FTDIUseFlg == 1) || ((bCondOk == TRUE32) && (sNaviData.h100Flg == 1)) || (UI32_BIT_GET1(sGncCtrlFlag.ZT9, 31u) == 0x1) || (sBodyData.mass < sAvoidParam.mass50))",
          "confidence": "high",
          "line": 182,
          "evidence": "(sModeProcess.Sub7Flg == 4) && ((sFtdiSafeLandData.FTDIUseFlg == 1) || ((bCondOk == TRUE32) && (sNaviData.h100Flg == 1)) || (UI32_BIT_GET1(sGncCtrlFlag.ZT9, 31u) == 0x1) || (sBodyData.mass < sAvoidParam.mass50))",
          "identifiers": [
            "FTDIUseFlg",
            "Sub7Flg",
            "TRUE32",
            "UI32_BIT_GET1",
            "ZT9",
            "bCondOk",
            "h100Flg",
            "mass",
            "mass50",
            "sAvoidParam",
            "sBodyData",
            "sFtdiSafeLandData",
            "sGncCtrlFlag",
            "sModeProcess",
            "sNaviData"
          ]
        },
        {
          "kind": "branch_condition",
          "text": "inside if branch: (sModeProcess.Sub7Flg == 5) && ((TmpTDIFlg == 1) || ((sTime.sstime - sModeProcess.t7_5) > sModeParam.t7_5to6))",
          "confidence": "high",
          "line": 194,
          "evidence": "(sModeProcess.Sub7Flg == 5) && ((TmpTDIFlg == 1) || ((sTime.sstime - sModeProcess.t7_5) > sModeParam.t7_5to6))",
          "identifiers": [
            "Sub7Flg",
            "TmpTDIFlg",
            "sModeParam",
            "sModeProcess",
            "sTime",
            "sstime",
            "t7_5",
            "t7_5to6"
          ]
        },
        {
          "kind": "branch_condition",
          "text": "inside if branch: (sModeProcess.Sub7Flg == 6) && ((sFtdiSafeLandData.FTDIUseFlg == 1) || (bCondOk == TRUE32))",
          "confidence": "high",
          "line": 199,
          "evidence": "(sModeProcess.Sub7Flg == 6) && ((sFtdiSafeLandData.FTDIUseFlg == 1) || (bCondOk == TRUE32))",
          "identifiers": [
            "FTDIUseFlg",
            "Sub7Flg",
            "TRUE32",
            "bCondOk",
            "sFtdiSafeLandData",
            "sModeProcess"
          ]
        },
        {
          "kind": "branch_condition",
          "text": "inside if branch: (UI32_BIT_GET1(sGncCtrlFlag.ZT6, 0) == 1) && (sGuideData.bHoverFlg == TRUE32) && (sNaviData.height < sGuideTransData.hHover)",
          "confidence": "high",
          "line": 216,
          "evidence": "(UI32_BIT_GET1(sGncCtrlFlag.ZT6, 0) == 1) && (sGuideData.bHoverFlg == TRUE32) && (sNaviData.height < sGuideTransData.hHover)",
          "identifiers": [
            "TRUE32",
            "UI32_BIT_GET1",
            "ZT6",
            "bHoverFlg",
            "hHover",
            "height",
            "sGncCtrlFlag",
            "sGuideData",
            "sGuideTransData",
            "sNaviData"
          ]
        },
        {
          "kind": "branch_condition",
          "text": "inside if branch: (UI32_BIT_GET1(sGncCtrlFlag.ZT6, 1) == 1) && (sGuideData.bHoverFlg == FALSE32) && (UI32_BIT_GET1(sGncCtrlFlag.ZT9, 30u) == 0x1) && IN_RANGE_LCUO(sNaviData.height, sAvoidParam.hFTDI2, sAvoidParam.hFTDI1)",
          "confidence": "high",
          "line": 224,
          "evidence": "(UI32_BIT_GET1(sGncCtrlFlag.ZT6, 1) == 1) && (sGuideData.bHoverFlg == FALSE32) && (UI32_BIT_GET1(sGncCtrlFlag.ZT9, 30u) == 0x1) && IN_RANGE_LCUO(sNaviData.height, sAvoidParam.hFTDI2, sAvoidParam.hFTDI1)",
          "identifiers": [
            "FALSE32",
            "IN_RANGE_LCUO",
            "UI32_BIT_GET1",
            "ZT6",
            "ZT9",
            "bHoverFlg",
            "hFTDI1",
            "hFTDI2",
            "height",
            "sAvoidParam",
            "sGncCtrlFlag",
            "sGuideData",
            "sNaviData"
          ]
        },
        {
          "kind": "branch_condition",
          "text": "inside if branch: (UI32_BIT_GET1(sGncCtrlFlag.ZT6, 2) == 1) && (sGuideData.bHoverFlg == FALSE32) && (UI32_BIT_GET1(sGncCtrlFlag.ZT9, 31u) == 0x1) && (sNaviData.height < sAvoidParam.hFTDI2)",
          "confidence": "high",
          "line": 233,
          "evidence": "(UI32_BIT_GET1(sGncCtrlFlag.ZT6, 2) == 1) && (sGuideData.bHoverFlg == FALSE32) && (UI32_BIT_GET1(sGncCtrlFlag.ZT9, 31u) == 0x1) && (sNaviData.height < sAvoidParam.hFTDI2)",
          "identifiers": [
            "FALSE32",
            "UI32_BIT_GET1",
            "ZT6",
            "ZT9",
            "bHoverFlg",
            "hFTDI2",
            "height",
            "sAvoidParam",
            "sGncCtrlFlag",
            "sGuideData",
            "sNaviData"
          ]
        },
        {
          "kind": "branch_condition",
          "text": "inside if branch: (UI32_BIT_GET1(sGncCtrlFlag.ZT6, 1) == 1) && (sGuideData.bHoverFlg == FALSE32) && (UI32_BIT_GET1(sGncCtrlFlag.ZT9, 30u) == 0x0)",
          "confidence": "high",
          "line": 242,
          "evidence": "(UI32_BIT_GET1(sGncCtrlFlag.ZT6, 1) == 1) && (sGuideData.bHoverFlg == FALSE32) && (UI32_BIT_GET1(sGncCtrlFlag.ZT9, 30u) == 0x0)",
          "identifiers": [
            "FALSE32",
            "UI32_BIT_GET1",
            "ZT6",
            "ZT9",
            "bHoverFlg",
            "sGncCtrlFlag",
            "sGuideData"
          ]
        },
        {
          "kind": "branch_condition",
          "text": "inside if branch: (UI32_BIT_GET1(sGncCtrlFlag.ZT6, 2) == 1) && (sGuideData.bHoverFlg == FALSE32) && (UI32_BIT_GET1(sGncCtrlFlag.ZT9, 31u) == 0x0)",
          "confidence": "high",
          "line": 254,
          "evidence": "(UI32_BIT_GET1(sGncCtrlFlag.ZT6, 2) == 1) && (sGuideData.bHoverFlg == FALSE32) && (UI32_BIT_GET1(sGncCtrlFlag.ZT9, 31u) == 0x0)",
          "identifiers": [
            "FALSE32",
            "UI32_BIT_GET1",
            "ZT6",
            "ZT9",
            "bHoverFlg",
            "sGncCtrlFlag",
            "sGuideData"
          ]
        },
        {
          "kind": "branch_condition",
          "text": "inside if branch: (bCondOk == TRUE32) && (sModeProcess.Sub7Flg == 0) && ((TmpTDIFlg == 1) || ((sTime.sstime - sModeProcess.t70) > sModeParam.t7_TDI))",
          "confidence": "high",
          "line": 266,
          "evidence": "(bCondOk == TRUE32) && (sModeProcess.Sub7Flg == 0) && ((TmpTDIFlg == 1) || ((sTime.sstime - sModeProcess.t70) > sModeParam.t7_TDI))",
          "identifiers": [
            "Sub7Flg",
            "TRUE32",
            "TmpTDIFlg",
            "bCondOk",
            "sModeParam",
            "sModeProcess",
            "sTime",
            "sstime",
            "t70",
            "t7_TDI"
          ]
        },
        {
          "kind": "branch_condition",
          "text": "inside if branch: (bCondOk == TRUE32) && (sModeProcess.Sub7Flg == 2)",
          "confidence": "high",
          "line": 274,
          "evidence": "(bCondOk == TRUE32) && (sModeProcess.Sub7Flg == 2)",
          "identifiers": [
            "Sub7Flg",
            "TRUE32",
            "bCondOk",
            "sModeProcess"
          ]
        },
        {
          "kind": "branch_condition",
          "text": "inside if branch: (bCondOk2 == TRUE32) && (sModeProcess.Sub7Flg == 4) && ((TmpTDIFlg == 1) || ((sTime.sstime - sModeProcess.t7_4) > sModeParam.t7_TDI))",
          "confidence": "high",
          "line": 281,
          "evidence": "(bCondOk2 == TRUE32) && (sModeProcess.Sub7Flg == 4) && ((TmpTDIFlg == 1) || ((sTime.sstime - sModeProcess.t7_4) > sModeParam.t7_TDI))",
          "identifiers": [
            "Sub7Flg",
            "TRUE32",
            "TmpTDIFlg",
            "bCondOk2",
            "sModeParam",
            "sModeProcess",
            "sTime",
            "sstime",
            "t7_4",
            "t7_TDI"
          ]
        },
        {
          "kind": "branch_condition",
          "text": "inside if branch: (bCondOk2 == TRUE32) && (sModeProcess.Sub7Flg == 6)",
          "confidence": "high",
          "line": 289,
          "evidence": "(bCondOk2 == TRUE32) && (sModeProcess.Sub7Flg == 6)",
          "identifiers": [
            "Sub7Flg",
            "TRUE32",
            "bCondOk2",
            "sModeProcess"
          ]
        },
        {
          "kind": "branch_condition",
          "text": "inside if branch: sNaviData.height > (sAvoidParam.hFTDI2 + sAvoidParam.hFTDI1) / 2.0",
          "confidence": "high",
          "line": 296,
          "evidence": "sNaviData.height > (sAvoidParam.hFTDI2 + sAvoidParam.hFTDI1) / 2.0",
          "identifiers": [
            "hFTDI1",
            "hFTDI2",
            "height",
            "sAvoidParam",
            "sNaviData"
          ]
        },
        {
          "kind": "branch_condition",
          "text": "inside if branch: (sAvoidData.flgFTDI != 0) && (sAvoidData.flgFTDI != sAvoidData.flgFTDIOld)",
          "confidence": "high",
          "line": 307,
          "evidence": "(sAvoidData.flgFTDI != 0) && (sAvoidData.flgFTDI != sAvoidData.flgFTDIOld)",
          "identifiers": [
            "flgFTDI",
            "flgFTDIOld",
            "sAvoidData"
          ]
        },
        {
          "kind": "branch_condition",
          "text": "inside if branch: (sFtdiSafeLandData.FTDIUseFlg == 1) && (sAvoidData.flgFTDI != 0)",
          "confidence": "high",
          "line": 318,
          "evidence": "(sFtdiSafeLandData.FTDIUseFlg == 1) && (sAvoidData.flgFTDI != 0)",
          "identifiers": [
            "FTDIUseFlg",
            "flgFTDI",
            "sAvoidData",
            "sFtdiSafeLandData"
          ]
        },
        {
          "kind": "branch_condition",
          "text": "inside if branch: (Tmpp[0] < sAvoidParam.pxMax) && (Fabsx(Tmpp[1]) < sAvoidParam.pyMax) && (Fabsx(Tmpp[2]) < sAvoidParam.pyMax)",
          "confidence": "high",
          "line": 332,
          "evidence": "(Tmpp[0] < sAvoidParam.pxMax) && (Fabsx(Tmpp[1]) < sAvoidParam.pyMax) && (Fabsx(Tmpp[2]) < sAvoidParam.pyMax)",
          "identifiers": [
            "Fabsx",
            "Tmpp",
            "pxMax",
            "pyMax",
            "sAvoidParam"
          ]
        },
        {
          "kind": "branch_condition",
          "text": "inside if branch: Tmpa < FLT64_ZERO",
          "confidence": "high",
          "line": 353,
          "evidence": "Tmpa < FLT64_ZERO",
          "identifiers": [
            "FLT64_ZERO",
            "Tmpa"
          ]
        },
        {
          "kind": "branch_condition",
          "text": "inside if branch: TmpFlg == 1",
          "confidence": "high",
          "line": 358,
          "evidence": "TmpFlg == 1",
          "identifiers": [
            "TmpFlg"
          ]
        },
        {
          "kind": "branch_condition",
          "text": "inside if branch: vecNorm < TmpdR",
          "confidence": "high",
          "line": 368,
          "evidence": "vecNorm < TmpdR",
          "identifiers": [
            "TmpdR",
            "vecNorm"
          ]
        },
        {
          "kind": "assignment_value",
          "text": "TmpTDIFlg may be assigned 0",
          "confidence": "high",
          "line": 41,
          "evidence": "TmpTDIFlg = 0",
          "symbol": "TmpTDIFlg",
          "value": "0"
        },
        {
          "kind": "reset",
          "text": "TmpTDIFlg is reset to 0",
          "confidence": "high",
          "line": 41,
          "evidence": "TmpTDIFlg = 0",
          "symbol": "TmpTDIFlg"
        },
        {
          "kind": "assignment_value",
          "text": "TmpTDIFlg may be assigned 1",
          "confidence": "high",
          "line": 87,
          "evidence": "TmpTDIFlg = 1",
          "symbol": "TmpTDIFlg",
          "value": "1"
        },
        {
          "kind": "assignment_value",
          "text": "bCondOk may be assigned TRUE32",
          "confidence": "high",
          "line": 97,
          "evidence": "bCondOk = TRUE32",
          "symbol": "bCondOk",
          "value": "TRUE32"
        },
        {
          "kind": "assignment_value",
          "text": "bCondOk may be assigned FALSE32",
          "confidence": "high",
          "line": 101,
          "evidence": "bCondOk = FALSE32",
          "symbol": "bCondOk",
          "value": "FALSE32"
        },
        {
          "kind": "assignment_value",
          "text": "sGuideData.v_tG[0] may be assigned 0.0",
          "confidence": "high",
          "line": 108,
          "evidence": "sGuideData.v_tG[0] = 0.0",
          "symbol": "sGuideData.v_tG[0]",
          "value": "0.0"
        },
        {
          "kind": "reset",
          "text": "sGuideData.v_tG[0] is reset to 0",
          "confidence": "high",
          "line": 108,
          "evidence": "sGuideData.v_tG[0] = 0.0",
          "symbol": "sGuideData.v_tG[0]"
        },
        {
          "kind": "assignment_value",
          "text": "sModeProcess.Sub7Flg may be assigned 1",
          "confidence": "high",
          "line": 119,
          "evidence": "sModeProcess.Sub7Flg = 1",
          "symbol": "sModeProcess.Sub7Flg",
          "value": "1"
        },
        {
          "kind": "assignment_value",
          "text": "sNaviData.h100Flg may be assigned 1",
          "confidence": "high",
          "line": 120,
          "evidence": "sNaviData.h100Flg = 1",
          "symbol": "sNaviData.h100Flg",
          "value": "1"
        },
        {
          "kind": "assignment_value",
          "text": "sModeProcess.Sub7Flg may be assigned 3",
          "confidence": "high",
          "line": 133,
          "evidence": "sModeProcess.Sub7Flg = 3",
          "symbol": "sModeProcess.Sub7Flg",
          "value": "3"
        },
        {
          "kind": "assignment_value",
          "text": "sGuideData.tgo may be assigned 50.0",
          "confidence": "high",
          "line": 134,
          "evidence": "sGuideData.tgo = 50.0",
          "symbol": "sGuideData.tgo",
          "value": "50.0"
        },
        {
          "kind": "assignment_value",
          "text": "sGuideData.nQPGNum may be assigned 0",
          "confidence": "high",
          "line": 135,
          "evidence": "sGuideData.nQPGNum = 0",
          "symbol": "sGuideData.nQPGNum",
          "value": "0"
        },
        {
          "kind": "reset",
          "text": "sGuideData.nQPGNum is reset to 0",
          "confidence": "high",
          "line": 135,
          "evidence": "sGuideData.nQPGNum = 0",
          "symbol": "sGuideData.nQPGNum"
        },
        {
          "kind": "assignment_value",
          "text": "sModeProcess.bQPGFirstFlg may be assigned TRUE32",
          "confidence": "high",
          "line": 136,
          "evidence": "sModeProcess.bQPGFirstFlg = TRUE32",
          "symbol": "sModeProcess.bQPGFirstFlg",
          "value": "TRUE32"
        },
        {
          "kind": "assignment_value",
          "text": "sModeProcess.Sub7Flg may be assigned 2",
          "confidence": "high",
          "line": 141,
          "evidence": "sModeProcess.Sub7Flg = 2",
          "symbol": "sModeProcess.Sub7Flg",
          "value": "2"
        },
        {
          "kind": "assignment_value",
          "text": "sModeProcess.Sub7Flg may be assigned 3",
          "confidence": "high",
          "line": 146,
          "evidence": "sModeProcess.Sub7Flg = 3",
          "symbol": "sModeProcess.Sub7Flg",
          "value": "3"
        },
        {
          "kind": "assignment_value",
          "text": "sGuideData.tgo may be assigned 50.0",
          "confidence": "high",
          "line": 147,
          "evidence": "sGuideData.tgo = 50.0",
          "symbol": "sGuideData.tgo",
          "value": "50.0"
        },
        {
          "kind": "assignment_value",
          "text": "sGuideData.nQPGNum may be assigned 0",
          "confidence": "high",
          "line": 148,
          "evidence": "sGuideData.nQPGNum = 0",
          "symbol": "sGuideData.nQPGNum",
          "value": "0"
        },
        {
          "kind": "reset",
          "text": "sGuideData.nQPGNum is reset to 0",
          "confidence": "high",
          "line": 148,
          "evidence": "sGuideData.nQPGNum = 0",
          "symbol": "sGuideData.nQPGNum"
        },
        {
          "kind": "assignment_value",
          "text": "sModeProcess.bQPGFirstFlg may be assigned TRUE32",
          "confidence": "high",
          "line": 149,
          "evidence": "sModeProcess.bQPGFirstFlg = TRUE32",
          "symbol": "sModeProcess.bQPGFirstFlg",
          "value": "TRUE32"
        },
        {
          "kind": "assignment_value",
          "text": "sModeProcess.Sub7Flg may be assigned 4",
          "confidence": "high",
          "line": 154,
          "evidence": "sModeProcess.Sub7Flg = 4",
          "symbol": "sModeProcess.Sub7Flg",
          "value": "4"
        },
        {
          "kind": "assignment_value",
          "text": "sFtdiSafeLandData.tFTDI may be assigned 1.0e9",
          "confidence": "high",
          "line": 159,
          "evidence": "sFtdiSafeLandData.tFTDI = 1.0e9",
          "symbol": "sFtdiSafeLandData.tFTDI",
          "value": "1.0e9"
        },
        {
          "kind": "assignment_value",
          "text": "sModeProcess.Sub7Flg may be assigned 5",
          "confidence": "high",
          "line": 174,
          "evidence": "sModeProcess.Sub7Flg = 5",
          "symbol": "sModeProcess.Sub7Flg",
          "value": "5"
        },
        {
          "kind": "assignment_value",
          "text": "sModeProcess.Sub7Flg may be assigned 7",
          "confidence": "high",
          "line": 188,
          "evidence": "sModeProcess.Sub7Flg = 7",
          "symbol": "sModeProcess.Sub7Flg",
          "value": "7"
        },
        {
          "kind": "assignment_value",
          "text": "sGuideData.tgo may be assigned 50.0",
          "confidence": "high",
          "line": 189,
          "evidence": "sGuideData.tgo = 50.0",
          "symbol": "sGuideData.tgo",
          "value": "50.0"
        },
        {
          "kind": "assignment_value",
          "text": "sGuideData.nQPGNum may be assigned 0",
          "confidence": "high",
          "line": 190,
          "evidence": "sGuideData.nQPGNum = 0",
          "symbol": "sGuideData.nQPGNum",
          "value": "0"
        },
        {
          "kind": "reset",
          "text": "sGuideData.nQPGNum is reset to 0",
          "confidence": "high",
          "line": 190,
          "evidence": "sGuideData.nQPGNum = 0",
          "symbol": "sGuideData.nQPGNum"
        },
        {
          "kind": "assignment_value",
          "text": "sModeProcess.bQPGFirstFlg may be assigned TRUE32",
          "confidence": "high",
          "line": 191,
          "evidence": "sModeProcess.bQPGFirstFlg = TRUE32",
          "symbol": "sModeProcess.bQPGFirstFlg",
          "value": "TRUE32"
        },
        {
          "kind": "assignment_value",
          "text": "sModeProcess.Sub7Flg may be assigned 6",
          "confidence": "high",
          "line": 196,
          "evidence": "sModeProcess.Sub7Flg = 6",
          "symbol": "sModeProcess.Sub7Flg",
          "value": "6"
        },
        {
          "kind": "assignment_value",
          "text": "sModeProcess.Sub7Flg may be assigned 7",
          "confidence": "high",
          "line": 202,
          "evidence": "sModeProcess.Sub7Flg = 7",
          "symbol": "sModeProcess.Sub7Flg",
          "value": "7"
        },
        {
          "kind": "assignment_value",
          "text": "sGuideData.tgo may be assigned 50.0",
          "confidence": "high",
          "line": 203,
          "evidence": "sGuideData.tgo = 50.0",
          "symbol": "sGuideData.tgo",
          "value": "50.0"
        },
        {
          "kind": "assignment_value",
          "text": "sGuideData.nQPGNum may be assigned 0",
          "confidence": "high",
          "line": 204,
          "evidence": "sGuideData.nQPGNum = 0",
          "symbol": "sGuideData.nQPGNum",
          "value": "0"
        },
        {
          "kind": "reset",
          "text": "sGuideData.nQPGNum is reset to 0",
          "confidence": "high",
          "line": 204,
          "evidence": "sGuideData.nQPGNum = 0",
          "symbol": "sGuideData.nQPGNum"
        },
        {
          "kind": "assignment_value",
          "text": "sModeProcess.bQPGFirstFlg may be assigned TRUE32",
          "confidence": "high",
          "line": 205,
          "evidence": "sModeProcess.bQPGFirstFlg = TRUE32",
          "symbol": "sModeProcess.bQPGFirstFlg",
          "value": "TRUE32"
        },
        {
          "kind": "assignment_value",
          "text": "sAvoidData.flgFTDI may be assigned 1",
          "confidence": "high",
          "line": 220,
          "evidence": "sAvoidData.flgFTDI = 1",
          "symbol": "sAvoidData.flgFTDI",
          "value": "1"
        },
        {
          "kind": "assignment_value",
          "text": "sAvoidData.flgFTDI may be assigned 1",
          "confidence": "high",
          "line": 229,
          "evidence": "sAvoidData.flgFTDI = 1",
          "symbol": "sAvoidData.flgFTDI",
          "value": "1"
        },
        {
          "kind": "assignment_value",
          "text": "sAvoidData.flgFTDI may be assigned 2",
          "confidence": "high",
          "line": 238,
          "evidence": "sAvoidData.flgFTDI = 2",
          "symbol": "sAvoidData.flgFTDI",
          "value": "2"
        },
        {
          "kind": "assignment_value",
          "text": "bCondOk may be assigned TRUE32",
          "confidence": "high",
          "line": 246,
          "evidence": "bCondOk = TRUE32",
          "symbol": "bCondOk",
          "value": "TRUE32"
        },
        {
          "kind": "assignment_value",
          "text": "bCondOk may be assigned FALSE32",
          "confidence": "high",
          "line": 250,
          "evidence": "bCondOk = FALSE32",
          "symbol": "bCondOk",
          "value": "FALSE32"
        },
        {
          "kind": "assignment_value",
          "text": "bCondOk2 may be assigned TRUE32",
          "confidence": "high",
          "line": 258,
          "evidence": "bCondOk2 = TRUE32",
          "symbol": "bCondOk2",
          "value": "TRUE32"
        },
        {
          "kind": "assignment_value",
          "text": "bCondOk2 may be assigned FALSE32",
          "confidence": "high",
          "line": 262,
          "evidence": "bCondOk2 = FALSE32",
          "symbol": "bCondOk2",
          "value": "FALSE32"
        },
        {
          "kind": "assignment_value",
          "text": "sAvoidData.flgFTDI may be assigned 1",
          "confidence": "high",
          "line": 270,
          "evidence": "sAvoidData.flgFTDI = 1",
          "symbol": "sAvoidData.flgFTDI",
          "value": "1"
        },
        {
          "kind": "assignment_value",
          "text": "sAvoidData.flgFTDI may be assigned 2",
          "confidence": "high",
          "line": 277,
          "evidence": "sAvoidData.flgFTDI = 2",
          "symbol": "sAvoidData.flgFTDI",
          "value": "2"
        },
        {
          "kind": "assignment_value",
          "text": "sAvoidData.flgFTDI may be assigned 3",
          "confidence": "high",
          "line": 285,
          "evidence": "sAvoidData.flgFTDI = 3",
          "symbol": "sAvoidData.flgFTDI",
          "value": "3"
        },
        {
          "kind": "assignment_value",
          "text": "sAvoidData.flgFTDI may be assigned 4",
          "confidence": "high",
          "line": 292,
          "evidence": "sAvoidData.flgFTDI = 4",
          "symbol": "sAvoidData.flgFTDI",
          "value": "4"
        },
        {
          "kind": "assignment_value",
          "text": "sFtdiCtrl.flgSafePointSeq may be assigned 0xFF",
          "confidence": "high",
          "line": 311,
          "evidence": "sFtdiCtrl.flgSafePointSeq = 0xFF",
          "symbol": "sFtdiCtrl.flgSafePointSeq",
          "value": "0xFF"
        },
        {
          "kind": "assignment_value",
          "text": "sFtdiCtrl.cycleSafePtSeq may be assigned 0",
          "confidence": "high",
          "line": 314,
          "evidence": "sFtdiCtrl.cycleSafePtSeq = 0",
          "symbol": "sFtdiCtrl.cycleSafePtSeq",
          "value": "0"
        },
        {
          "kind": "reset",
          "text": "sFtdiCtrl.cycleSafePtSeq is reset to 0",
          "confidence": "high",
          "line": 314,
          "evidence": "sFtdiCtrl.cycleSafePtSeq = 0",
          "symbol": "sFtdiCtrl.cycleSafePtSeq"
        },
        {
          "kind": "assignment_value",
          "text": "sFtdiSafeLandData.FTDIVldFlg may be assigned 0",
          "confidence": "high",
          "line": 321,
          "evidence": "sFtdiSafeLandData.FTDIVldFlg = 0",
          "symbol": "sFtdiSafeLandData.FTDIVldFlg",
          "value": "0"
        },
        {
          "kind": "reset",
          "text": "sFtdiSafeLandData.FTDIVldFlg is reset to 0",
          "confidence": "high",
          "line": 321,
          "evidence": "sFtdiSafeLandData.FTDIVldFlg = 0",
          "symbol": "sFtdiSafeLandData.FTDIVldFlg"
        },
        {
          "kind": "assignment_value",
          "text": "TmpFlg may be assigned 1",
          "confidence": "high",
          "line": 350,
          "evidence": "TmpFlg = 1",
          "symbol": "TmpFlg",
          "value": "1"
        },
        {
          "kind": "assignment_value",
          "text": "TmpFlg may be assigned 0",
          "confidence": "high",
          "line": 355,
          "evidence": "TmpFlg = 0",
          "symbol": "TmpFlg",
          "value": "0"
        },
        {
          "kind": "reset",
          "text": "TmpFlg is reset to 0",
          "confidence": "high",
          "line": 355,
          "evidence": "TmpFlg = 0",
          "symbol": "TmpFlg"
        },
        {
          "kind": "assigned_value_set",
          "text": "TmpFlg assigned values are subset of {0, 1}",
          "confidence": "medium",
          "evidence": "literal/macro assignments",
          "symbol": "TmpFlg",
          "values": [
            "0",
            "1"
          ]
        },
        {
          "kind": "assigned_value_set",
          "text": "TmpTDIFlg assigned values are subset of {0, 1}",
          "confidence": "medium",
          "evidence": "literal/macro assignments",
          "symbol": "TmpTDIFlg",
          "values": [
            "0",
            "1"
          ]
        },
        {
          "kind": "assigned_value_set",
          "text": "bCondOk assigned values are subset of {FALSE32, TRUE32}",
          "confidence": "medium",
          "evidence": "literal/macro assignments",
          "symbol": "bCondOk",
          "values": [
            "FALSE32",
            "TRUE32"
          ]
        },
        {
          "kind": "assigned_value_set",
          "text": "bCondOk2 assigned values are subset of {FALSE32, TRUE32}",
          "confidence": "medium",
          "evidence": "literal/macro assignments",
          "symbol": "bCondOk2",
          "values": [
            "FALSE32",
            "TRUE32"
          ]
        },
        {
          "kind": "assigned_value_set",
          "text": "sAvoidData.flgFTDI assigned values are subset of {1, 2, 3, 4}",
          "confidence": "medium",
          "evidence": "literal/macro assignments",
          "symbol": "sAvoidData.flgFTDI",
          "values": [
            "1",
            "2",
            "3",
            "4"
          ]
        },
        {
          "kind": "assigned_value_set",
          "text": "sModeProcess.Sub7Flg assigned values are subset of {1, 2, 3, 4, 5, 6, 7}",
          "confidence": "medium",
          "evidence": "literal/macro assignments",
          "symbol": "sModeProcess.Sub7Flg",
          "values": [
            "1",
            "2",
            "3",
            "4",
            "5",
            "6",
            "7"
          ]
        },
        {
          "kind": "state_value_set",
          "text": "bCondOk observed states subset of {FALSE32, TRUE32}",
          "confidence": "medium",
          "evidence": "state assignments/tests",
          "symbol": "bCondOk",
          "values": [
            "FALSE32",
            "TRUE32"
          ]
        },
        {
          "kind": "state_value_set",
          "text": "bCondOk2 observed states subset of {FALSE32, TRUE32}",
          "confidence": "medium",
          "evidence": "state assignments/tests",
          "symbol": "bCondOk2",
          "values": [
            "FALSE32",
            "TRUE32"
          ]
        },
        {
          "kind": "state_value_set",
          "text": "sAvoidData.flgFTDI observed states subset of {0, 1, 2, 3, 4}",
          "confidence": "medium",
          "evidence": "state assignments/tests",
          "symbol": "sAvoidData.flgFTDI",
          "values": [
            "0",
            "1",
            "2",
            "3",
            "4"
          ]
        },
        {
          "kind": "state_value_set",
          "text": "sFtdiCtrl.flgSafePointSeq observed states subset of {0xFF}",
          "confidence": "medium",
          "evidence": "state assignments/tests",
          "symbol": "sFtdiCtrl.flgSafePointSeq",
          "values": [
            "0xFF"
          ]
        },
        {
          "kind": "state_value_set",
          "text": "sGuideData.bHoverFlg observed states subset of {FALSE32, TRUE32}",
          "confidence": "medium",
          "evidence": "state assignments/tests",
          "symbol": "sGuideData.bHoverFlg",
          "values": [
            "FALSE32",
            "TRUE32"
          ]
        },
        {
          "kind": "state_value_set",
          "text": "sModeProcess.bQPGFirstFlg observed states subset of {TRUE32}",
          "confidence": "medium",
          "evidence": "state assignments/tests",
          "symbol": "sModeProcess.bQPGFirstFlg",
          "values": [
            "TRUE32"
          ]
        },
        {
          "kind": "modifies_fields",
          "text": "function may modify fields: sAvoidData.flgFTDI, sAvoidData.flgFTDIOld, sAvoidData.flgSLP, sFtdiCtrl.cycleSafePtSeq, sFtdiCtrl.flgSafePointSeq, sFtdiSafeLandData.FTDIVldFlg, sFtdiSafeLandData.tFTDI, sGuideData.a_tG, sGuideData.nQPGNum, sGuideData.r_tG, sGuideData.tgo, sGuideData.v_tG, sModeProcess.Sub7Flg, sModeProcess.bQPGFirstFlg, sModeProcess.t7_1, sModeProcess.t7_4, sModeProcess.t7_5, sNaviData.h100Flg, sNaviData.tLI0",
          "confidence": "high",
          "evidence": "field writes",
          "fields": [
            "sAvoidData.flgFTDI",
            "sAvoidData.flgFTDIOld",
            "sAvoidData.flgSLP",
            "sFtdiCtrl.cycleSafePtSeq",
            "sFtdiCtrl.flgSafePointSeq",
            "sFtdiSafeLandData.FTDIVldFlg",
            "sFtdiSafeLandData.tFTDI",
            "sGuideData.a_tG",
            "sGuideData.nQPGNum",
            "sGuideData.r_tG",
            "sGuideData.tgo",
            "sGuideData.v_tG",
            "sModeProcess.Sub7Flg",
            "sModeProcess.bQPGFirstFlg",
            "sModeProcess.t7_1",
            "sModeProcess.t7_4",
            "sModeProcess.t7_5",
            "sNaviData.h100Flg",
            "sNaviData.tLI0"
          ]
        },
        {
          "kind": "reads_fields",
          "text": "function may read fields: sAttiCtrl.angleErr, sAttiModifyParam.cBF, sAvoidData.flgFTDI, sAvoidData.flgFTDIOld, sAvoidParam.CBC, sAvoidParam.LcTDI, sAvoidParam.alfa100, sAvoidParam.dLcTDI, sAvoidParam.dRFTDI1, sAvoidParam.dRFTDI2, sAvoidParam.distace100, sAvoidParam.distace50, sAvoidParam.drFTDI, sAvoidParam.dtFTDI, sAvoidParam.hFTDI1, sAvoidParam.hFTDI2, sAvoidParam.mass100, sAvoidParam.mass50, sAvoidParam.phicTDI, sAvoidParam.pxMax, sAvoidParam.pyMax, sAvoidParam.wTDI, sBodyData.mass, sBodyData.pgoF, sFtdiSafeLandData.FTDIFailFlg, sFtdiSafeLandData.FTDIUseFlg, sFtdiSafeLandData.qFTDI, sFtdiSafeLandData.r_IFTDI, sFtdiSafeLandData.tFTDI, sFtdiSafePointRecv.pFTDI, sGncCtrlFlag.ZT6, sGncCtrlFlag.ZT9, sGuideData.bHoverFlg, sGuideData.tgo, sGuideTransData.hHover, sGyroData.w, sModeParam.a_tGx22, sModeParam.a_tGx23, sModeParam.hslw, sModeParam.t7_1to2, sModeParam.t7_5to6, sModeParam.t7_TDI, sModeParam.vslw3, sModeProcess.Sub7Flg, sModeProcess.TModemax, sModeProcess.t70, sModeProcess.t7_1, sModeProcess.t7_4, sModeProcess.t7_5, sNaviData.dh, sNaviData.dlcy, sNaviData.dlcz, sNaviData.h100Flg, sNaviData.height, sNaviData.lcy, sNaviData.lcz, sNaviData.rM, sNaviData.r_LI, sNaviData.r_LI0, sNaviData.ri, sNaviData.wOrbit, sNaviData.wmi, sNaviParam.wM, sTime.sstime",
          "confidence": "high",
          "evidence": "field reads",
          "fields": [
            "sAttiCtrl.angleErr",
            "sAttiModifyParam.cBF",
            "sAvoidData.flgFTDI",
            "sAvoidData.flgFTDIOld",
            "sAvoidParam.CBC",
            "sAvoidParam.LcTDI",
            "sAvoidParam.alfa100",
            "sAvoidParam.dLcTDI",
            "sAvoidParam.dRFTDI1",
            "sAvoidParam.dRFTDI2",
            "sAvoidParam.distace100",
            "sAvoidParam.distace50",
            "sAvoidParam.drFTDI",
            "sAvoidParam.dtFTDI",
            "sAvoidParam.hFTDI1",
            "sAvoidParam.hFTDI2",
            "sAvoidParam.mass100",
            "sAvoidParam.mass50",
            "sAvoidParam.phicTDI",
            "sAvoidParam.pxMax",
            "sAvoidParam.pyMax",
            "sAvoidParam.wTDI",
            "sBodyData.mass",
            "sBodyData.pgoF",
            "sFtdiSafeLandData.FTDIFailFlg",
            "sFtdiSafeLandData.FTDIUseFlg",
            "sFtdiSafeLandData.qFTDI",
            "sFtdiSafeLandData.r_IFTDI",
            "sFtdiSafeLandData.tFTDI",
            "sFtdiSafePointRecv.pFTDI",
            "sGncCtrlFlag.ZT6",
            "sGncCtrlFlag.ZT9",
            "sGuideData.bHoverFlg",
            "sGuideData.tgo",
            "sGuideTransData.hHover",
            "sGyroData.w",
            "sModeParam.a_tGx22",
            "sModeParam.a_tGx23",
            "sModeParam.hslw",
            "sModeParam.t7_1to2",
            "sModeParam.t7_5to6",
            "sModeParam.t7_TDI",
            "sModeParam.vslw3",
            "sModeProcess.Sub7Flg",
            "sModeProcess.TModemax",
            "sModeProcess.t70",
            "sModeProcess.t7_1",
            "sModeProcess.t7_4",
            "sModeProcess.t7_5",
            "sNaviData.dh",
            "sNaviData.dlcy",
            "sNaviData.dlcz",
            "sNaviData.h100Flg",
            "sNaviData.height",
            "sNaviData.lcy",
            "sNaviData.lcz",
            "sNaviData.rM",
            "sNaviData.r_LI",
            "sNaviData.r_LI0",
            "sNaviData.ri",
            "sNaviData.wOrbit",
            "sNaviData.wmi",
            "sNaviParam.wM",
            "sTime.sstime"
          ]
        },
        {
          "kind": "modifies_symbols",
          "text": "function may assign symbols: TmpFabs1, TmpFabs2, TmpFabs3, TmpFlg, TmpMax1, TmpMax2, TmpMax3, TmpMax4, TmpTDIFlg, Tmpa, TmpdR, Tmph, bCondOk, bCondOk2, ht, rIt, sAvoidData.flgFTDI, sAvoidData.flgFTDIOld, sAvoidData.flgSLP, sFtdiCtrl.cycleSafePtSeq, sFtdiCtrl.flgSafePointSeq, sFtdiSafeLandData.FTDIVldFlg, sFtdiSafeLandData.tFTDI, sGuideData.a_tG[0], sGuideData.nQPGNum, sGuideData.r_tG[0], sGuideData.tgo, sGuideData.v_tG[0], sModeProcess.Sub7Flg, sModeProcess.bQPGFirstFlg, sModeProcess.t7_1, sModeProcess.t7_4, sModeProcess.t7_5, sNaviData.h100Flg, sNaviData.tLI0, vecNorm",
          "confidence": "medium",
          "evidence": "assignments",
          "symbols": [
            "TmpFabs1",
            "TmpFabs2",
            "TmpFabs3",
            "TmpFlg",
            "TmpMax1",
            "TmpMax2",
            "TmpMax3",
            "TmpMax4",
            "TmpTDIFlg",
            "Tmpa",
            "TmpdR",
            "Tmph",
            "bCondOk",
            "bCondOk2",
            "ht",
            "rIt",
            "sAvoidData.flgFTDI",
            "sAvoidData.flgFTDIOld",
            "sAvoidData.flgSLP",
            "sFtdiCtrl.cycleSafePtSeq",
            "sFtdiCtrl.flgSafePointSeq",
            "sFtdiSafeLandData.FTDIVldFlg",
            "sFtdiSafeLandData.tFTDI",
            "sGuideData.a_tG[0]",
            "sGuideData.nQPGNum",
            "sGuideData.r_tG[0]",
            "sGuideData.tgo",
            "sGuideData.v_tG[0]",
            "sModeProcess.Sub7Flg",
            "sModeProcess.bQPGFirstFlg",
            "sModeProcess.t7_1",
            "sModeProcess.t7_4",
            "sModeProcess.t7_5",
            "sNaviData.h100Flg",
            "sNaviData.tLI0",
            "vecNorm"
          ]
        }
      ],
      "summary": {
        "requires_observed": [
          "inside if branch: (sGuideData.bHoverFlg == FALSE32) && (UI32_BIT_GET2(sGncCtrlFlag.ZT9, 30u) != 0x03)",
          "inside if branch: sModeProcess.Sub7Flg < 3",
          "inside if branch: (TmpMax1 < sAvoidParam.LcTDI) && (TmpMax2 < sAvoidParam.dLcTDI) && (TmpMax3 < sAvoidParam.phicTDI) && (TmpMax4 < sAvoidParam.wTDI)",
          "inside if branch: (sGuideData.bHoverFlg == FALSE32) && (UI32_BIT_GET2(sGncCtrlFlag.ZT9, 30u) != 0x03)",
          "inside if branch: (sTime.sstime - sFtdiSafeLandData.tFTDI) > sAvoidParam.dtFTDI",
          "inside if branch: sModeProcess.Sub7Flg == 0",
          "inside if branch: (sModeProcess.Sub7Flg == 0) && (bCondOk == TRUE32) && (sFtdiSafeLandData.FTDIFailFlg == 0) && (UI32_BIT_GET1(sGncCtrlFlag.ZT9, 30u) == 0x0) && (sBodyData.mass >= sAvoidParam.mass100)",
          "inside if branch: (sModeProcess.Sub7Flg == 0) && ((sFtdiSafeLandData.FTDIUseFlg == 1) || ((bCondOk == TRUE32) && (sFtdiSafeLandData.FTDIFailFlg == 1)) || (UI32_BIT_GET1(sGncCtrlFlag.ZT9, 30u) == 0x1) || (sBodyData.mass < sAvoidParam.mass100))",
          "inside if branch: (sModeProcess.Sub7Flg == 1) && ((TmpTDIFlg == 1) || ((sTime.sstime - sModeProcess.t7_1) > sModeParam.t7_1to2))",
          "inside if branch: (sModeProcess.Sub7Flg == 2) && ((sFtdiSafeLandData.FTDIUseFlg == 1) || (bCondOk == TRUE32))",
          "inside if branch: (sModeProcess.Sub7Flg == 3) && ((sGuideData.tgo < 0.0) || (sModeProcess.TModemax < 0.0))",
          "inside if branch: (sModeProcess.Sub7Flg == 4) && (bCondOk == TRUE32) && (sNaviData.h100Flg == 0) && (UI32_BIT_GET1(sGncCtrlFlag.ZT9, 31u) == 0x0) && (sBodyData.mass >= sAvoidParam.mass50)",
          "inside if branch: (sModeProcess.Sub7Flg == 4) && ((sFtdiSafeLandData.FTDIUseFlg == 1) || ((bCondOk == TRUE32) && (sNaviData.h100Flg == 1)) || (UI32_BIT_GET1(sGncCtrlFlag.ZT9, 31u) == 0x1) || (sBodyData.mass < sAvoidParam.mass50))",
          "inside if branch: (sModeProcess.Sub7Flg == 5) && ((TmpTDIFlg == 1) || ((sTime.sstime - sModeProcess.t7_5) > sModeParam.t7_5to6))",
          "inside if branch: (sModeProcess.Sub7Flg == 6) && ((sFtdiSafeLandData.FTDIUseFlg == 1) || (bCondOk == TRUE32))",
          "inside if branch: (UI32_BIT_GET1(sGncCtrlFlag.ZT6, 0) == 1) && (sGuideData.bHoverFlg == TRUE32) && (sNaviData.height < sGuideTransData.hHover)",
          "inside if branch: (UI32_BIT_GET1(sGncCtrlFlag.ZT6, 1) == 1) && (sGuideData.bHoverFlg == FALSE32) && (UI32_BIT_GET1(sGncCtrlFlag.ZT9, 30u) == 0x1) && IN_RANGE_LCUO(sNaviData.height, sAvoidParam.hFTDI2, sAvoidParam.hFTDI1)",
          "inside if branch: (UI32_BIT_GET1(sGncCtrlFlag.ZT6, 2) == 1) && (sGuideData.bHoverFlg == FALSE32) && (UI32_BIT_GET1(sGncCtrlFlag.ZT9, 31u) == 0x1) && (sNaviData.height < sAvoidParam.hFTDI2)",
          "inside if branch: (UI32_BIT_GET1(sGncCtrlFlag.ZT6, 1) == 1) && (sGuideData.bHoverFlg == FALSE32) && (UI32_BIT_GET1(sGncCtrlFlag.ZT9, 30u) == 0x0)",
          "inside if branch: (UI32_BIT_GET1(sGncCtrlFlag.ZT6, 2) == 1) && (sGuideData.bHoverFlg == FALSE32) && (UI32_BIT_GET1(sGncCtrlFlag.ZT9, 31u) == 0x0)",
          "inside if branch: (bCondOk == TRUE32) && (sModeProcess.Sub7Flg == 0) && ((TmpTDIFlg == 1) || ((sTime.sstime - sModeProcess.t70) > sModeParam.t7_TDI))",
          "inside if branch: (bCondOk == TRUE32) && (sModeProcess.Sub7Flg == 2)",
          "inside if branch: (bCondOk2 == TRUE32) && (sModeProcess.Sub7Flg == 4) && ((TmpTDIFlg == 1) || ((sTime.sstime - sModeProcess.t7_4) > sModeParam.t7_TDI))",
          "inside if branch: (bCondOk2 == TRUE32) && (sModeProcess.Sub7Flg == 6)",
          "inside if branch: sNaviData.height > (sAvoidParam.hFTDI2 + sAvoidParam.hFTDI1) / 2.0",
          "inside if branch: (sAvoidData.flgFTDI != 0) && (sAvoidData.flgFTDI != sAvoidData.flgFTDIOld)",
          "inside if branch: (sFtdiSafeLandData.FTDIUseFlg == 1) && (sAvoidData.flgFTDI != 0)",
          "inside if branch: (Tmpp[0] < sAvoidParam.pxMax) && (Fabsx(Tmpp[1]) < sAvoidParam.pyMax) && (Fabsx(Tmpp[2]) < sAvoidParam.pyMax)",
          "inside if branch: Tmpa < FLT64_ZERO",
          "inside if branch: TmpFlg == 1",
          "inside if branch: vecNorm < TmpdR"
        ],
        "modifies": [
          "sAvoidData.flgFTDI",
          "sAvoidData.flgFTDIOld",
          "sAvoidData.flgSLP",
          "sFtdiCtrl.cycleSafePtSeq",
          "sFtdiCtrl.flgSafePointSeq",
          "sFtdiSafeLandData.FTDIVldFlg",
          "sFtdiSafeLandData.tFTDI",
          "sGuideData.a_tG",
          "sGuideData.nQPGNum",
          "sGuideData.r_tG",
          "sGuideData.tgo",
          "sGuideData.v_tG",
          "sModeProcess.Sub7Flg",
          "sModeProcess.bQPGFirstFlg",
          "sModeProcess.t7_1",
          "sModeProcess.t7_4",
          "sModeProcess.t7_5",
          "sNaviData.h100Flg",
          "sNaviData.tLI0"
        ],
        "ensures_observed": [
          "TmpCIB in [-1.79769e+308, 1.79769e+308]",
          "TmpFabs1 in [-1.79769e+308, 1.79769e+308]",
          "TmpFabs2 in [-1.79769e+308, 1.79769e+308]",
          "TmpFabs3 in [-1.79769e+308, 1.79769e+308]",
          "TmpFlg in [0, 4294967295]",
          "TmpMax1 in [-1.79769e+308, 1.79769e+308]",
          "TmpMax2 in [-1.79769e+308, 1.79769e+308]",
          "TmpMax3 in [-1.79769e+308, 1.79769e+308]",
          "TmpMax4 in [-1.79769e+308, 1.79769e+308]",
          "TmpTDIFlg in [0, 4294967295]",
          "TmpVec3 in [-1.79769e+308, 1.79769e+308]",
          "TmpVec3Sec in [-1.79769e+308, 1.79769e+308]",
          "Tmpa in [-1.79769e+308, 1.79769e+308]",
          "TmpdR in [-1.79769e+308, 1.79769e+308]",
          "Tmph in [-1.79769e+308, 1.79769e+308]",
          "Tmpp in [-1.79769e+308, 1.79769e+308]",
          "Tmpr_LI0 in [-1.79769e+308, 1.79769e+308]",
          "Tmpr_LI1 in [-1.79769e+308, 1.79769e+308]",
          "Tmpr_LI2 in [-1.79769e+308, 1.79769e+308]",
          "bCondOk in [0, 4294967295]",
          "bCondOk2 in [0, 4294967295]",
          "ht in [-1.79769e+308, 1.79769e+308]",
          "p1 in [-1.79769e+308, 1.79769e+308]",
          "p1Neg in [-1.79769e+308, 1.79769e+308]",
          "rIt in [-1.79769e+308, 1.79769e+308]",
          "sAvoidData.flgFTDI in [1, 4]",
          "sAvoidData.flgFTDIOld in [1, 4]",
          "sAvoidData.flgSLP in [1, 4]",
          "sFtdiCtrl.cycleSafePtSeq in [0, 0]",
          "sFtdiCtrl.flgSafePointSeq in [255, 255]",
          "sFtdiSafeLandData.FTDIVldFlg in [0, 0]",
          "sFtdiSafeLandData.tFTDI in [1000000000, 1000000000]",
          "sGuideData.nQPGNum in [0, 0]",
          "sGuideData.tgo in [50, 50]",
          "sGuideData.v_tG[0] in [0, 0]",
          "sModeProcess.Sub7Flg in [1, 7]",
          "sModeProcess.bQPGFirstFlg in [1, 4294967295]",
          "sNaviData.h100Flg in [1, 1]",
          "sNaviData.tLI0 in [1000000000, 1000000000]",
          "tmpMat33 in [-1.79769e+308, 1.79769e+308]",
          "tmpVec3 in [-1.79769e+308, 1.79769e+308]",
          "tmpVec3Sec in [-1.79769e+308, 1.79769e+308]",
          "vecNorm in [-1.79769e+308, 1.79769e+308]",
          "TmpTDIFlg is reset to 0",
          "sGuideData.v_tG[0] is reset to 0",
          "sGuideData.nQPGNum is reset to 0",
          "sGuideData.nQPGNum is reset to 0",
          "sGuideData.nQPGNum is reset to 0",
          "sGuideData.nQPGNum is reset to 0",
          "sFtdiCtrl.cycleSafePtSeq is reset to 0",
          "sFtdiSafeLandData.FTDIVldFlg is reset to 0",
          "TmpFlg is reset to 0",
          "TmpFlg assigned values are subset of {0, 1}",
          "TmpTDIFlg assigned values are subset of {0, 1}",
          "bCondOk assigned values are subset of {FALSE32, TRUE32}",
          "bCondOk2 assigned values are subset of {FALSE32, TRUE32}",
          "sAvoidData.flgFTDI assigned values are subset of {1, 2, 3, 4}",
          "sModeProcess.Sub7Flg assigned values are subset of {1, 2, 3, 4, 5, 6, 7}",
          "bCondOk observed states subset of {FALSE32, TRUE32}",
          "bCondOk2 observed states subset of {FALSE32, TRUE32}",
          "sAvoidData.flgFTDI observed states subset of {0, 1, 2, 3, 4}",
          "sFtdiCtrl.flgSafePointSeq observed states subset of {0xFF}",
          "sGuideData.bHoverFlg observed states subset of {FALSE32, TRUE32}",
          "sModeProcess.bQPGFirstFlg observed states subset of {TRUE32}"
        ],
        "calls": [
          "UI32_BIT_GET2",
          "Fabsx",
          "Fabsx",
          "Fabsx",
          "Maxx",
          "Maxx",
          "Fabsx",
          "Fabsx",
          "Fabsx",
          "Maxx",
          "Maxx",
          "Fabsx",
          "Fabsx",
          "Fabsx",
          "Maxx",
          "Maxx",
          "Fabsx",
          "Fabsx",
          "Fabsx",
          "Maxx",
          "Maxx",
          "UI32_BIT_GET2",
          "UI32_BIT_GET1",
          "DivNorm",
          "VectorRotation",
          "VectorAddCoef",
          "UI32_BIT_GET1",
          "VectorEval3",
          "VectorUnit3",
          "VectorScalar3",
          "UI32_BIT_GET1",
          "DivNorm",
          "VectorRotation",
          "VectorAddCoef",
          "UI32_BIT_GET1",
          "NULL_STATEMENT",
          "UI32_BIT_GET1",
          "UI32_BIT_GET1",
          "UI32_BIT_GET1",
          "IN_RANGE_LCUO",
          "UI32_BIT_GET1",
          "UI32_BIT_GET1",
          "UI32_BIT_GET1",
          "UI32_BIT_GET1",
          "UI32_BIT_GET1",
          "UI32_BIT_GET1",
          "MatrixMulti331",
          "VectorUnit3",
          "Q2C",
          "MatrixTran33",
          "Fabsx",
          "Fabsx",
          "MatrixMulti333",
          "VectorSub3",
          "MatrixMulti331",
          "VectorAdd3",
          "VectorNorm3",
          "MatrixMulti331",
          "VectorScalar3",
          "DivNorm",
          "VectorDot3",
          "VectorAddCoef",
          "VectorRotation",
          "VectorEval3",
          "VectorSub3",
          "VectorNorm3",
          "VectorEval3"
        ],
        "undefined_calls": [
          "DivNorm",
          "Fabsx",
          "IN_RANGE_LCUO",
          "MatrixMulti331",
          "MatrixMulti333",
          "MatrixTran33",
          "Maxx",
          "NULL_STATEMENT",
          "Q2C",
          "UI32_BIT_GET1",
          "UI32_BIT_GET2",
          "VectorAdd3",
          "VectorAddCoef",
          "VectorDot3",
          "VectorEval3",
          "VectorNorm3",
          "VectorRotation",
          "VectorScalar3",
          "VectorSub3",
          "VectorUnit3"
        ]
      }
    }
  ],
  "relations": {
    "call_graph": [
      {
        "caller": "AvoidanceCalc",
        "callee": "UI32_BIT_GET2",
        "file": "/home/hp/文档/output/CE7-FYQ-src_flat_out/AvoidanceCalc/IP_AvoidanceCalc.c",
        "line": 44,
        "kind": "function",
        "resolved": false
      },
      {
        "caller": "AvoidanceCalc",
        "callee": "Fabsx",
        "file": "/home/hp/文档/output/CE7-FYQ-src_flat_out/AvoidanceCalc/IP_AvoidanceCalc.c",
        "line": 58,
        "kind": "function",
        "resolved": false
      },
      {
        "caller": "AvoidanceCalc",
        "callee": "Fabsx",
        "file": "/home/hp/文档/output/CE7-FYQ-src_flat_out/AvoidanceCalc/IP_AvoidanceCalc.c",
        "line": 59,
        "kind": "function",
        "resolved": false
      },
      {
        "caller": "AvoidanceCalc",
        "callee": "Fabsx",
        "file": "/home/hp/文档/output/CE7-FYQ-src_flat_out/AvoidanceCalc/IP_AvoidanceCalc.c",
        "line": 60,
        "kind": "function",
        "resolved": false
      },
      {
        "caller": "AvoidanceCalc",
        "callee": "Maxx",
        "file": "/home/hp/文档/output/CE7-FYQ-src_flat_out/AvoidanceCalc/IP_AvoidanceCalc.c",
        "line": 61,
        "kind": "function",
        "resolved": false
      },
      {
        "caller": "AvoidanceCalc",
        "callee": "Maxx",
        "file": "/home/hp/文档/output/CE7-FYQ-src_flat_out/AvoidanceCalc/IP_AvoidanceCalc.c",
        "line": 62,
        "kind": "function",
        "resolved": false
      },
      {
        "caller": "AvoidanceCalc",
        "callee": "Fabsx",
        "file": "/home/hp/文档/output/CE7-FYQ-src_flat_out/AvoidanceCalc/IP_AvoidanceCalc.c",
        "line": 64,
        "kind": "function",
        "resolved": false
      },
      {
        "caller": "AvoidanceCalc",
        "callee": "Fabsx",
        "file": "/home/hp/文档/output/CE7-FYQ-src_flat_out/AvoidanceCalc/IP_AvoidanceCalc.c",
        "line": 65,
        "kind": "function",
        "resolved": false
      },
      {
        "caller": "AvoidanceCalc",
        "callee": "Fabsx",
        "file": "/home/hp/文档/output/CE7-FYQ-src_flat_out/AvoidanceCalc/IP_AvoidanceCalc.c",
        "line": 66,
        "kind": "function",
        "resolved": false
      },
      {
        "caller": "AvoidanceCalc",
        "callee": "Maxx",
        "file": "/home/hp/文档/output/CE7-FYQ-src_flat_out/AvoidanceCalc/IP_AvoidanceCalc.c",
        "line": 67,
        "kind": "function",
        "resolved": false
      },
      {
        "caller": "AvoidanceCalc",
        "callee": "Maxx",
        "file": "/home/hp/文档/output/CE7-FYQ-src_flat_out/AvoidanceCalc/IP_AvoidanceCalc.c",
        "line": 68,
        "kind": "function",
        "resolved": false
      },
      {
        "caller": "AvoidanceCalc",
        "callee": "Fabsx",
        "file": "/home/hp/文档/output/CE7-FYQ-src_flat_out/AvoidanceCalc/IP_AvoidanceCalc.c",
        "line": 70,
        "kind": "function",
        "resolved": false
      },
      {
        "caller": "AvoidanceCalc",
        "callee": "Fabsx",
        "file": "/home/hp/文档/output/CE7-FYQ-src_flat_out/AvoidanceCalc/IP_AvoidanceCalc.c",
        "line": 71,
        "kind": "function",
        "resolved": false
      },
      {
        "caller": "AvoidanceCalc",
        "callee": "Fabsx",
        "file": "/home/hp/文档/output/CE7-FYQ-src_flat_out/AvoidanceCalc/IP_AvoidanceCalc.c",
        "line": 72,
        "kind": "function",
        "resolved": false
      },
      {
        "caller": "AvoidanceCalc",
        "callee": "Maxx",
        "file": "/home/hp/文档/output/CE7-FYQ-src_flat_out/AvoidanceCalc/IP_AvoidanceCalc.c",
        "line": 73,
        "kind": "function",
        "resolved": false
      },
      {
        "caller": "AvoidanceCalc",
        "callee": "Maxx",
        "file": "/home/hp/文档/output/CE7-FYQ-src_flat_out/AvoidanceCalc/IP_AvoidanceCalc.c",
        "line": 74,
        "kind": "function",
        "resolved": false
      },
      {
        "caller": "AvoidanceCalc",
        "callee": "Fabsx",
        "file": "/home/hp/文档/output/CE7-FYQ-src_flat_out/AvoidanceCalc/IP_AvoidanceCalc.c",
        "line": 76,
        "kind": "function",
        "resolved": false
      },
      {
        "caller": "AvoidanceCalc",
        "callee": "Fabsx",
        "file": "/home/hp/文档/output/CE7-FYQ-src_flat_out/AvoidanceCalc/IP_AvoidanceCalc.c",
        "line": 77,
        "kind": "function",
        "resolved": false
      },
      {
        "caller": "AvoidanceCalc",
        "callee": "Fabsx",
        "file": "/home/hp/文档/output/CE7-FYQ-src_flat_out/AvoidanceCalc/IP_AvoidanceCalc.c",
        "line": 78,
        "kind": "function",
        "resolved": false
      },
      {
        "caller": "AvoidanceCalc",
        "callee": "Maxx",
        "file": "/home/hp/文档/output/CE7-FYQ-src_flat_out/AvoidanceCalc/IP_AvoidanceCalc.c",
        "line": 79,
        "kind": "function",
        "resolved": false
      },
      {
        "caller": "AvoidanceCalc",
        "callee": "Maxx",
        "file": "/home/hp/文档/output/CE7-FYQ-src_flat_out/AvoidanceCalc/IP_AvoidanceCalc.c",
        "line": 80,
        "kind": "function",
        "resolved": false
      },
      {
        "caller": "AvoidanceCalc",
        "callee": "UI32_BIT_GET2",
        "file": "/home/hp/文档/output/CE7-FYQ-src_flat_out/AvoidanceCalc/IP_AvoidanceCalc.c",
        "line": 92,
        "kind": "function",
        "resolved": false
      },
      {
        "caller": "AvoidanceCalc",
        "callee": "UI32_BIT_GET1",
        "file": "/home/hp/文档/output/CE7-FYQ-src_flat_out/AvoidanceCalc/IP_AvoidanceCalc.c",
        "line": 116,
        "kind": "function",
        "resolved": false
      },
      {
        "caller": "AvoidanceCalc",
        "callee": "DivNorm",
        "file": "/home/hp/文档/output/CE7-FYQ-src_flat_out/AvoidanceCalc/IP_AvoidanceCalc.c",
        "line": 122,
        "kind": "function",
        "resolved": false
      },
      {
        "caller": "AvoidanceCalc",
        "callee": "VectorRotation",
        "file": "/home/hp/文档/output/CE7-FYQ-src_flat_out/AvoidanceCalc/IP_AvoidanceCalc.c",
        "line": 123,
        "kind": "function",
        "resolved": false
      },
      {
        "caller": "AvoidanceCalc",
        "callee": "VectorAddCoef",
        "file": "/home/hp/文档/output/CE7-FYQ-src_flat_out/AvoidanceCalc/IP_AvoidanceCalc.c",
        "line": 124,
        "kind": "function",
        "resolved": false
      },
      {
        "caller": "AvoidanceCalc",
        "callee": "UI32_BIT_GET1",
        "file": "/home/hp/文档/output/CE7-FYQ-src_flat_out/AvoidanceCalc/IP_AvoidanceCalc.c",
        "line": 130,
        "kind": "function",
        "resolved": false
      },
      {
        "caller": "AvoidanceCalc",
        "callee": "VectorEval3",
        "file": "/home/hp/文档/output/CE7-FYQ-src_flat_out/AvoidanceCalc/IP_AvoidanceCalc.c",
        "line": 163,
        "kind": "function",
        "resolved": false
      },
      {
        "caller": "AvoidanceCalc",
        "callee": "VectorUnit3",
        "file": "/home/hp/文档/output/CE7-FYQ-src_flat_out/AvoidanceCalc/IP_AvoidanceCalc.c",
        "line": 164,
        "kind": "function",
        "resolved": false
      },
      {
        "caller": "AvoidanceCalc",
        "callee": "VectorScalar3",
        "file": "/home/hp/文档/output/CE7-FYQ-src_flat_out/AvoidanceCalc/IP_AvoidanceCalc.c",
        "line": 165,
        "kind": "function",
        "resolved": false
      },
      {
        "caller": "AvoidanceCalc",
        "callee": "UI32_BIT_GET1",
        "file": "/home/hp/文档/output/CE7-FYQ-src_flat_out/AvoidanceCalc/IP_AvoidanceCalc.c",
        "line": 171,
        "kind": "function",
        "resolved": false
      },
      {
        "caller": "AvoidanceCalc",
        "callee": "DivNorm",
        "file": "/home/hp/文档/output/CE7-FYQ-src_flat_out/AvoidanceCalc/IP_AvoidanceCalc.c",
        "line": 177,
        "kind": "function",
        "resolved": false
      },
      {
        "caller": "AvoidanceCalc",
        "callee": "VectorRotation",
        "file": "/home/hp/文档/output/CE7-FYQ-src_flat_out/AvoidanceCalc/IP_AvoidanceCalc.c",
        "line": 178,
        "kind": "function",
        "resolved": false
      },
      {
        "caller": "AvoidanceCalc",
        "callee": "VectorAddCoef",
        "file": "/home/hp/文档/output/CE7-FYQ-src_flat_out/AvoidanceCalc/IP_AvoidanceCalc.c",
        "line": 179,
        "kind": "function",
        "resolved": false
      },
      {
        "caller": "AvoidanceCalc",
        "callee": "UI32_BIT_GET1",
        "file": "/home/hp/文档/output/CE7-FYQ-src_flat_out/AvoidanceCalc/IP_AvoidanceCalc.c",
        "line": 185,
        "kind": "function",
        "resolved": false
      },
      {
        "caller": "AvoidanceCalc",
        "callee": "NULL_STATEMENT",
        "file": "/home/hp/文档/output/CE7-FYQ-src_flat_out/AvoidanceCalc/IP_AvoidanceCalc.c",
        "line": 210,
        "kind": "function",
        "resolved": false
      },
      {
        "caller": "AvoidanceCalc",
        "callee": "UI32_BIT_GET1",
        "file": "/home/hp/文档/output/CE7-FYQ-src_flat_out/AvoidanceCalc/IP_AvoidanceCalc.c",
        "line": 216,
        "kind": "function",
        "resolved": false
      },
      {
        "caller": "AvoidanceCalc",
        "callee": "UI32_BIT_GET1",
        "file": "/home/hp/文档/output/CE7-FYQ-src_flat_out/AvoidanceCalc/IP_AvoidanceCalc.c",
        "line": 224,
        "kind": "function",
        "resolved": false
      },
      {
        "caller": "AvoidanceCalc",
        "callee": "UI32_BIT_GET1",
        "file": "/home/hp/文档/output/CE7-FYQ-src_flat_out/AvoidanceCalc/IP_AvoidanceCalc.c",
        "line": 226,
        "kind": "function",
        "resolved": false
      },
      {
        "caller": "AvoidanceCalc",
        "callee": "IN_RANGE_LCUO",
        "file": "/home/hp/文档/output/CE7-FYQ-src_flat_out/AvoidanceCalc/IP_AvoidanceCalc.c",
        "line": 227,
        "kind": "function",
        "resolved": false
      },
      {
        "caller": "AvoidanceCalc",
        "callee": "UI32_BIT_GET1",
        "file": "/home/hp/文档/output/CE7-FYQ-src_flat_out/AvoidanceCalc/IP_AvoidanceCalc.c",
        "line": 233,
        "kind": "function",
        "resolved": false
      },
      {
        "caller": "AvoidanceCalc",
        "callee": "UI32_BIT_GET1",
        "file": "/home/hp/文档/output/CE7-FYQ-src_flat_out/AvoidanceCalc/IP_AvoidanceCalc.c",
        "line": 235,
        "kind": "function",
        "resolved": false
      },
      {
        "caller": "AvoidanceCalc",
        "callee": "UI32_BIT_GET1",
        "file": "/home/hp/文档/output/CE7-FYQ-src_flat_out/AvoidanceCalc/IP_AvoidanceCalc.c",
        "line": 242,
        "kind": "function",
        "resolved": false
      },
      {
        "caller": "AvoidanceCalc",
        "callee": "UI32_BIT_GET1",
        "file": "/home/hp/文档/output/CE7-FYQ-src_flat_out/AvoidanceCalc/IP_AvoidanceCalc.c",
        "line": 244,
        "kind": "function",
        "resolved": false
      },
      {
        "caller": "AvoidanceCalc",
        "callee": "UI32_BIT_GET1",
        "file": "/home/hp/文档/output/CE7-FYQ-src_flat_out/AvoidanceCalc/IP_AvoidanceCalc.c",
        "line": 254,
        "kind": "function",
        "resolved": false
      },
      {
        "caller": "AvoidanceCalc",
        "callee": "UI32_BIT_GET1",
        "file": "/home/hp/文档/output/CE7-FYQ-src_flat_out/AvoidanceCalc/IP_AvoidanceCalc.c",
        "line": 256,
        "kind": "function",
        "resolved": false
      },
      {
        "caller": "AvoidanceCalc",
        "callee": "MatrixMulti331",
        "file": "/home/hp/文档/output/CE7-FYQ-src_flat_out/AvoidanceCalc/IP_AvoidanceCalc.c",
        "line": 324,
        "kind": "function",
        "resolved": false
      },
      {
        "caller": "AvoidanceCalc",
        "callee": "VectorUnit3",
        "file": "/home/hp/文档/output/CE7-FYQ-src_flat_out/AvoidanceCalc/IP_AvoidanceCalc.c",
        "line": 325,
        "kind": "function",
        "resolved": false
      },
      {
        "caller": "AvoidanceCalc",
        "callee": "Q2C",
        "file": "/home/hp/文档/output/CE7-FYQ-src_flat_out/AvoidanceCalc/IP_AvoidanceCalc.c",
        "line": 328,
        "kind": "function",
        "resolved": false
      },
      {
        "caller": "AvoidanceCalc",
        "callee": "MatrixTran33",
        "file": "/home/hp/文档/output/CE7-FYQ-src_flat_out/AvoidanceCalc/IP_AvoidanceCalc.c",
        "line": 329,
        "kind": "function",
        "resolved": false
      },
      {
        "caller": "AvoidanceCalc",
        "callee": "Fabsx",
        "file": "/home/hp/文档/output/CE7-FYQ-src_flat_out/AvoidanceCalc/IP_AvoidanceCalc.c",
        "line": 333,
        "kind": "function",
        "resolved": false
      },
      {
        "caller": "AvoidanceCalc",
        "callee": "Fabsx",
        "file": "/home/hp/文档/output/CE7-FYQ-src_flat_out/AvoidanceCalc/IP_AvoidanceCalc.c",
        "line": 334,
        "kind": "function",
        "resolved": false
      },
      {
        "caller": "AvoidanceCalc",
        "callee": "MatrixMulti333",
        "file": "/home/hp/文档/output/CE7-FYQ-src_flat_out/AvoidanceCalc/IP_AvoidanceCalc.c",
        "line": 336,
        "kind": "function",
        "resolved": false
      },
      {
        "caller": "AvoidanceCalc",
        "callee": "VectorSub3",
        "file": "/home/hp/文档/output/CE7-FYQ-src_flat_out/AvoidanceCalc/IP_AvoidanceCalc.c",
        "line": 337,
        "kind": "function",
        "resolved": false
      },
      {
        "caller": "AvoidanceCalc",
        "callee": "MatrixMulti331",
        "file": "/home/hp/文档/output/CE7-FYQ-src_flat_out/AvoidanceCalc/IP_AvoidanceCalc.c",
        "line": 338,
        "kind": "function",
        "resolved": false
      },
      {
        "caller": "AvoidanceCalc",
        "callee": "VectorAdd3",
        "file": "/home/hp/文档/output/CE7-FYQ-src_flat_out/AvoidanceCalc/IP_AvoidanceCalc.c",
        "line": 339,
        "kind": "function",
        "resolved": false
      },
      {
        "caller": "AvoidanceCalc",
        "callee": "VectorNorm3",
        "file": "/home/hp/文档/output/CE7-FYQ-src_flat_out/AvoidanceCalc/IP_AvoidanceCalc.c",
        "line": 341,
        "kind": "function",
        "resolved": false
      },
      {
        "caller": "AvoidanceCalc",
        "callee": "MatrixMulti331",
        "file": "/home/hp/文档/output/CE7-FYQ-src_flat_out/AvoidanceCalc/IP_AvoidanceCalc.c",
        "line": 344,
        "kind": "function",
        "resolved": false
      },
      {
        "caller": "AvoidanceCalc",
        "callee": "VectorScalar3",
        "file": "/home/hp/文档/output/CE7-FYQ-src_flat_out/AvoidanceCalc/IP_AvoidanceCalc.c",
        "line": 346,
        "kind": "function",
        "resolved": false
      },
      {
        "caller": "AvoidanceCalc",
        "callee": "DivNorm",
        "file": "/home/hp/文档/output/CE7-FYQ-src_flat_out/AvoidanceCalc/IP_AvoidanceCalc.c",
        "line": 347,
        "kind": "function",
        "resolved": false
      },
      {
        "caller": "AvoidanceCalc",
        "callee": "VectorDot3",
        "file": "/home/hp/文档/output/CE7-FYQ-src_flat_out/AvoidanceCalc/IP_AvoidanceCalc.c",
        "line": 348,
        "kind": "function",
        "resolved": false
      },
      {
        "caller": "AvoidanceCalc",
        "callee": "VectorAddCoef",
        "file": "/home/hp/文档/output/CE7-FYQ-src_flat_out/AvoidanceCalc/IP_AvoidanceCalc.c",
        "line": 360,
        "kind": "function",
        "resolved": false
      },
      {
        "caller": "AvoidanceCalc",
        "callee": "VectorRotation",
        "file": "/home/hp/文档/output/CE7-FYQ-src_flat_out/AvoidanceCalc/IP_AvoidanceCalc.c",
        "line": 361,
        "kind": "function",
        "resolved": false
      },
      {
        "caller": "AvoidanceCalc",
        "callee": "VectorEval3",
        "file": "/home/hp/文档/output/CE7-FYQ-src_flat_out/AvoidanceCalc/IP_AvoidanceCalc.c",
        "line": 363,
        "kind": "function",
        "resolved": false
      },
      {
        "caller": "AvoidanceCalc",
        "callee": "VectorSub3",
        "file": "/home/hp/文档/output/CE7-FYQ-src_flat_out/AvoidanceCalc/IP_AvoidanceCalc.c",
        "line": 365,
        "kind": "function",
        "resolved": false
      },
      {
        "caller": "AvoidanceCalc",
        "callee": "VectorNorm3",
        "file": "/home/hp/文档/output/CE7-FYQ-src_flat_out/AvoidanceCalc/IP_AvoidanceCalc.c",
        "line": 366,
        "kind": "function",
        "resolved": false
      },
      {
        "caller": "AvoidanceCalc",
        "callee": "VectorEval3",
        "file": "/home/hp/文档/output/CE7-FYQ-src_flat_out/AvoidanceCalc/IP_AvoidanceCalc.c",
        "line": 374,
        "kind": "function",
        "resolved": false
      }
    ],
    "field_accesses": [
      {
        "name": "sAttiCtrl.angleErr",
        "reads": 3,
        "writes": 0,
        "read_writes": 0,
        "functions": [
          "AvoidanceCalc"
        ],
        "readers": [
          "AvoidanceCalc"
        ],
        "writers": []
      },
      {
        "name": "sAttiModifyParam.cBF",
        "reads": 1,
        "writes": 0,
        "read_writes": 0,
        "functions": [
          "AvoidanceCalc"
        ],
        "readers": [
          "AvoidanceCalc"
        ],
        "writers": []
      },
      {
        "name": "sAvoidData.flgFTDI",
        "reads": 5,
        "writes": 7,
        "read_writes": 0,
        "functions": [
          "AvoidanceCalc"
        ],
        "readers": [
          "AvoidanceCalc"
        ],
        "writers": [
          "AvoidanceCalc"
        ]
      },
      {
        "name": "sAvoidData.flgFTDIOld",
        "reads": 1,
        "writes": 1,
        "read_writes": 0,
        "functions": [
          "AvoidanceCalc"
        ],
        "readers": [
          "AvoidanceCalc"
        ],
        "writers": [
          "AvoidanceCalc"
        ]
      },
      {
        "name": "sAvoidData.flgSLP",
        "reads": 0,
        "writes": 1,
        "read_writes": 0,
        "functions": [
          "AvoidanceCalc"
        ],
        "readers": [],
        "writers": [
          "AvoidanceCalc"
        ]
      },
      {
        "name": "sAvoidParam.CBC",
        "reads": 1,
        "writes": 0,
        "read_writes": 0,
        "functions": [
          "AvoidanceCalc"
        ],
        "readers": [
          "AvoidanceCalc"
        ],
        "writers": []
      },
      {
        "name": "sAvoidParam.LcTDI",
        "reads": 1,
        "writes": 0,
        "read_writes": 0,
        "functions": [
          "AvoidanceCalc"
        ],
        "readers": [
          "AvoidanceCalc"
        ],
        "writers": []
      },
      {
        "name": "sAvoidParam.alfa100",
        "reads": 2,
        "writes": 0,
        "read_writes": 0,
        "functions": [
          "AvoidanceCalc"
        ],
        "readers": [
          "AvoidanceCalc"
        ],
        "writers": []
      },
      {
        "name": "sAvoidParam.dLcTDI",
        "reads": 1,
        "writes": 0,
        "read_writes": 0,
        "functions": [
          "AvoidanceCalc"
        ],
        "readers": [
          "AvoidanceCalc"
        ],
        "writers": []
      },
      {
        "name": "sAvoidParam.dRFTDI1",
        "reads": 1,
        "writes": 0,
        "read_writes": 0,
        "functions": [
          "AvoidanceCalc"
        ],
        "readers": [
          "AvoidanceCalc"
        ],
        "writers": []
      },
      {
        "name": "sAvoidParam.dRFTDI2",
        "reads": 1,
        "writes": 0,
        "read_writes": 0,
        "functions": [
          "AvoidanceCalc"
        ],
        "readers": [
          "AvoidanceCalc"
        ],
        "writers": []
      },
      {
        "name": "sAvoidParam.distace100",
        "reads": 1,
        "writes": 0,
        "read_writes": 0,
        "functions": [
          "AvoidanceCalc"
        ],
        "readers": [
          "AvoidanceCalc"
        ],
        "writers": []
      },
      {
        "name": "sAvoidParam.distace50",
        "reads": 1,
        "writes": 0,
        "read_writes": 0,
        "functions": [
          "AvoidanceCalc"
        ],
        "readers": [
          "AvoidanceCalc"
        ],
        "writers": []
      },
      {
        "name": "sAvoidParam.drFTDI",
        "reads": 1,
        "writes": 0,
        "read_writes": 0,
        "functions": [
          "AvoidanceCalc"
        ],
        "readers": [
          "AvoidanceCalc"
        ],
        "writers": []
      },
      {
        "name": "sAvoidParam.dtFTDI",
        "reads": 1,
        "writes": 0,
        "read_writes": 0,
        "functions": [
          "AvoidanceCalc"
        ],
        "readers": [
          "AvoidanceCalc"
        ],
        "writers": []
      },
      {
        "name": "sAvoidParam.hFTDI1",
        "reads": 3,
        "writes": 0,
        "read_writes": 0,
        "functions": [
          "AvoidanceCalc"
        ],
        "readers": [
          "AvoidanceCalc"
        ],
        "writers": []
      },
      {
        "name": "sAvoidParam.hFTDI2",
        "reads": 5,
        "writes": 0,
        "read_writes": 0,
        "functions": [
          "AvoidanceCalc"
        ],
        "readers": [
          "AvoidanceCalc"
        ],
        "writers": []
      },
      {
        "name": "sAvoidParam.mass100",
        "reads": 2,
        "writes": 0,
        "read_writes": 0,
        "functions": [
          "AvoidanceCalc"
        ],
        "readers": [
          "AvoidanceCalc"
        ],
        "writers": []
      },
      {
        "name": "sAvoidParam.mass50",
        "reads": 2,
        "writes": 0,
        "read_writes": 0,
        "functions": [
          "AvoidanceCalc"
        ],
        "readers": [
          "AvoidanceCalc"
        ],
        "writers": []
      },
      {
        "name": "sAvoidParam.phicTDI",
        "reads": 1,
        "writes": 0,
        "read_writes": 0,
        "functions": [
          "AvoidanceCalc"
        ],
        "readers": [
          "AvoidanceCalc"
        ],
        "writers": []
      },
      {
        "name": "sAvoidParam.pxMax",
        "reads": 1,
        "writes": 0,
        "read_writes": 0,
        "functions": [
          "AvoidanceCalc"
        ],
        "readers": [
          "AvoidanceCalc"
        ],
        "writers": []
      },
      {
        "name": "sAvoidParam.pyMax",
        "reads": 2,
        "writes": 0,
        "read_writes": 0,
        "functions": [
          "AvoidanceCalc"
        ],
        "readers": [
          "AvoidanceCalc"
        ],
        "writers": []
      },
      {
        "name": "sAvoidParam.wTDI",
        "reads": 1,
        "writes": 0,
        "read_writes": 0,
        "functions": [
          "AvoidanceCalc"
        ],
        "readers": [
          "AvoidanceCalc"
        ],
        "writers": []
      },
      {
        "name": "sBodyData.mass",
        "reads": 4,
        "writes": 0,
        "read_writes": 0,
        "functions": [
          "AvoidanceCalc"
        ],
        "readers": [
          "AvoidanceCalc"
        ],
        "writers": []
      },
      {
        "name": "sBodyData.pgoF",
        "reads": 1,
        "writes": 0,
        "read_writes": 0,
        "functions": [
          "AvoidanceCalc"
        ],
        "readers": [
          "AvoidanceCalc"
        ],
        "writers": []
      },
      {
        "name": "sFtdiCtrl.cycleSafePtSeq",
        "reads": 0,
        "writes": 1,
        "read_writes": 0,
        "functions": [
          "AvoidanceCalc"
        ],
        "readers": [],
        "writers": [
          "AvoidanceCalc"
        ]
      },
      {
        "name": "sFtdiCtrl.flgSafePointSeq",
        "reads": 0,
        "writes": 1,
        "read_writes": 0,
        "functions": [
          "AvoidanceCalc"
        ],
        "readers": [],
        "writers": [
          "AvoidanceCalc"
        ]
      },
      {
        "name": "sFtdiSafeLandData.FTDIFailFlg",
        "reads": 2,
        "writes": 0,
        "read_writes": 0,
        "functions": [
          "AvoidanceCalc"
        ],
        "readers": [
          "AvoidanceCalc"
        ],
        "writers": []
      },
      {
        "name": "sFtdiSafeLandData.FTDIUseFlg",
        "reads": 5,
        "writes": 0,
        "read_writes": 0,
        "functions": [
          "AvoidanceCalc"
        ],
        "readers": [
          "AvoidanceCalc"
        ],
        "writers": []
      },
      {
        "name": "sFtdiSafeLandData.FTDIVldFlg",
        "reads": 0,
        "writes": 1,
        "read_writes": 0,
        "functions": [
          "AvoidanceCalc"
        ],
        "readers": [],
        "writers": [
          "AvoidanceCalc"
        ]
      },
      {
        "name": "sFtdiSafeLandData.qFTDI",
        "reads": 1,
        "writes": 0,
        "read_writes": 0,
        "functions": [
          "AvoidanceCalc"
        ],
        "readers": [
          "AvoidanceCalc"
        ],
        "writers": []
      },
      {
        "name": "sFtdiSafeLandData.r_IFTDI",
        "reads": 1,
        "writes": 0,
        "read_writes": 0,
        "functions": [
          "AvoidanceCalc"
        ],
        "readers": [
          "AvoidanceCalc"
        ],
        "writers": []
      },
      {
        "name": "sFtdiSafeLandData.tFTDI",
        "reads": 3,
        "writes": 1,
        "read_writes": 0,
        "functions": [
          "AvoidanceCalc"
        ],
        "readers": [
          "AvoidanceCalc"
        ],
        "writers": [
          "AvoidanceCalc"
        ]
      },
      {
        "name": "sFtdiSafePointRecv.pFTDI",
        "reads": 1,
        "writes": 0,
        "read_writes": 0,
        "functions": [
          "AvoidanceCalc"
        ],
        "readers": [
          "AvoidanceCalc"
        ],
        "writers": []
      },
      {
        "name": "sGncCtrlFlag.ZT6",
        "reads": 5,
        "writes": 0,
        "read_writes": 0,
        "functions": [
          "AvoidanceCalc"
        ],
        "readers": [
          "AvoidanceCalc"
        ],
        "writers": []
      },
      {
        "name": "sGncCtrlFlag.ZT9",
        "reads": 10,
        "writes": 0,
        "read_writes": 0,
        "functions": [
          "AvoidanceCalc"
        ],
        "readers": [
          "AvoidanceCalc"
        ],
        "writers": []
      },
      {
        "name": "sGuideData.a_tG",
        "reads": 0,
        "writes": 2,
        "read_writes": 0,
        "functions": [
          "AvoidanceCalc"
        ],
        "readers": [],
        "writers": [
          "AvoidanceCalc"
        ]
      },
      {
        "name": "sGuideData.bHoverFlg",
        "reads": 7,
        "writes": 0,
        "read_writes": 0,
        "functions": [
          "AvoidanceCalc"
        ],
        "readers": [
          "AvoidanceCalc"
        ],
        "writers": []
      },
      {
        "name": "sGuideData.nQPGNum",
        "reads": 0,
        "writes": 4,
        "read_writes": 0,
        "functions": [
          "AvoidanceCalc"
        ],
        "readers": [],
        "writers": [
          "AvoidanceCalc"
        ]
      },
      {
        "name": "sGuideData.r_tG",
        "reads": 0,
        "writes": 2,
        "read_writes": 0,
        "functions": [
          "AvoidanceCalc"
        ],
        "readers": [],
        "writers": [
          "AvoidanceCalc"
        ]
      },
      {
        "name": "sGuideData.tgo",
        "reads": 1,
        "writes": 4,
        "read_writes": 0,
        "functions": [
          "AvoidanceCalc"
        ],
        "readers": [
          "AvoidanceCalc"
        ],
        "writers": [
          "AvoidanceCalc"
        ]
      },
      {
        "name": "sGuideData.v_tG",
        "reads": 0,
        "writes": 2,
        "read_writes": 0,
        "functions": [
          "AvoidanceCalc"
        ],
        "readers": [],
        "writers": [
          "AvoidanceCalc"
        ]
      },
      {
        "name": "sGuideTransData.hHover",
        "reads": 1,
        "writes": 0,
        "read_writes": 0,
        "functions": [
          "AvoidanceCalc"
        ],
        "readers": [
          "AvoidanceCalc"
        ],
        "writers": []
      },
      {
        "name": "sGyroData.w",
        "reads": 3,
        "writes": 0,
        "read_writes": 0,
        "functions": [
          "AvoidanceCalc"
        ],
        "readers": [
          "AvoidanceCalc"
        ],
        "writers": []
      },
      {
        "name": "sModeParam.a_tGx22",
        "reads": 1,
        "writes": 0,
        "read_writes": 0,
        "functions": [
          "AvoidanceCalc"
        ],
        "readers": [
          "AvoidanceCalc"
        ],
        "writers": []
      },
      {
        "name": "sModeParam.a_tGx23",
        "reads": 1,
        "writes": 0,
        "read_writes": 0,
        "functions": [
          "AvoidanceCalc"
        ],
        "readers": [
          "AvoidanceCalc"
        ],
        "writers": []
      },
      {
        "name": "sModeParam.hslw",
        "reads": 1,
        "writes": 0,
        "read_writes": 0,
        "functions": [
          "AvoidanceCalc"
        ],
        "readers": [
          "AvoidanceCalc"
        ],
        "writers": []
      },
      {
        "name": "sModeParam.t7_1to2",
        "reads": 1,
        "writes": 0,
        "read_writes": 0,
        "functions": [
          "AvoidanceCalc"
        ],
        "readers": [
          "AvoidanceCalc"
        ],
        "writers": []
      },
      {
        "name": "sModeParam.t7_5to6",
        "reads": 1,
        "writes": 0,
        "read_writes": 0,
        "functions": [
          "AvoidanceCalc"
        ],
        "readers": [
          "AvoidanceCalc"
        ],
        "writers": []
      },
      {
        "name": "sModeParam.t7_TDI",
        "reads": 2,
        "writes": 0,
        "read_writes": 0,
        "functions": [
          "AvoidanceCalc"
        ],
        "readers": [
          "AvoidanceCalc"
        ],
        "writers": []
      },
      {
        "name": "sModeParam.vslw3",
        "reads": 1,
        "writes": 0,
        "read_writes": 0,
        "functions": [
          "AvoidanceCalc"
        ],
        "readers": [
          "AvoidanceCalc"
        ],
        "writers": []
      },
      {
        "name": "sModeProcess.Sub7Flg",
        "reads": 15,
        "writes": 9,
        "read_writes": 0,
        "functions": [
          "AvoidanceCalc"
        ],
        "readers": [
          "AvoidanceCalc"
        ],
        "writers": [
          "AvoidanceCalc"
        ]
      },
      {
        "name": "sModeProcess.TModemax",
        "reads": 1,
        "writes": 0,
        "read_writes": 0,
        "functions": [
          "AvoidanceCalc"
        ],
        "readers": [
          "AvoidanceCalc"
        ],
        "writers": []
      },
      {
        "name": "sModeProcess.bQPGFirstFlg",
        "reads": 0,
        "writes": 4,
        "read_writes": 0,
        "functions": [
          "AvoidanceCalc"
        ],
        "readers": [],
        "writers": [
          "AvoidanceCalc"
        ]
      },
      {
        "name": "sModeProcess.t70",
        "reads": 1,
        "writes": 0,
        "read_writes": 0,
        "functions": [
          "AvoidanceCalc"
        ],
        "readers": [
          "AvoidanceCalc"
        ],
        "writers": []
      },
      {
        "name": "sModeProcess.t7_1",
        "reads": 1,
        "writes": 1,
        "read_writes": 0,
        "functions": [
          "AvoidanceCalc"
        ],
        "readers": [
          "AvoidanceCalc"
        ],
        "writers": [
          "AvoidanceCalc"
        ]
      },
      {
        "name": "sModeProcess.t7_4",
        "reads": 1,
        "writes": 1,
        "read_writes": 0,
        "functions": [
          "AvoidanceCalc"
        ],
        "readers": [
          "AvoidanceCalc"
        ],
        "writers": [
          "AvoidanceCalc"
        ]
      },
      {
        "name": "sModeProcess.t7_5",
        "reads": 1,
        "writes": 1,
        "read_writes": 0,
        "functions": [
          "AvoidanceCalc"
        ],
        "readers": [
          "AvoidanceCalc"
        ],
        "writers": [
          "AvoidanceCalc"
        ]
      },
      {
        "name": "sNaviData.dh",
        "reads": 1,
        "writes": 0,
        "read_writes": 0,
        "functions": [
          "AvoidanceCalc"
        ],
        "readers": [
          "AvoidanceCalc"
        ],
        "writers": []
      },
      {
        "name": "sNaviData.dlcy",
        "reads": 1,
        "writes": 0,
        "read_writes": 0,
        "functions": [
          "AvoidanceCalc"
        ],
        "readers": [
          "AvoidanceCalc"
        ],
        "writers": []
      },
      {
        "name": "sNaviData.dlcz",
        "reads": 1,
        "writes": 0,
        "read_writes": 0,
        "functions": [
          "AvoidanceCalc"
        ],
        "readers": [
          "AvoidanceCalc"
        ],
        "writers": []
      },
      {
        "name": "sNaviData.h100Flg",
        "reads": 2,
        "writes": 1,
        "read_writes": 0,
        "functions": [
          "AvoidanceCalc"
        ],
        "readers": [
          "AvoidanceCalc"
        ],
        "writers": [
          "AvoidanceCalc"
        ]
      },
      {
        "name": "sNaviData.height",
        "reads": 5,
        "writes": 0,
        "read_writes": 0,
        "functions": [
          "AvoidanceCalc"
        ],
        "readers": [
          "AvoidanceCalc"
        ],
        "writers": []
      },
      {
        "name": "sNaviData.lcy",
        "reads": 1,
        "writes": 0,
        "read_writes": 0,
        "functions": [
          "AvoidanceCalc"
        ],
        "readers": [
          "AvoidanceCalc"
        ],
        "writers": []
      },
      {
        "name": "sNaviData.lcz",
        "reads": 1,
        "writes": 0,
        "read_writes": 0,
        "functions": [
          "AvoidanceCalc"
        ],
        "readers": [
          "AvoidanceCalc"
        ],
        "writers": []
      },
      {
        "name": "sNaviData.rM",
        "reads": 2,
        "writes": 0,
        "read_writes": 0,
        "functions": [
          "AvoidanceCalc"
        ],
        "readers": [
          "AvoidanceCalc"
        ],
        "writers": []
      },
      {
        "name": "sNaviData.r_LI",
        "reads": 1,
        "writes": 0,
        "read_writes": 0,
        "functions": [
          "AvoidanceCalc"
        ],
        "readers": [
          "AvoidanceCalc"
        ],
        "writers": []
      },
      {
        "name": "sNaviData.r_LI0",
        "reads": 8,
        "writes": 0,
        "read_writes": 0,
        "functions": [
          "AvoidanceCalc"
        ],
        "readers": [
          "AvoidanceCalc"
        ],
        "writers": []
      },
      {
        "name": "sNaviData.ri",
        "reads": 1,
        "writes": 0,
        "read_writes": 0,
        "functions": [
          "AvoidanceCalc"
        ],
        "readers": [
          "AvoidanceCalc"
        ],
        "writers": []
      },
      {
        "name": "sNaviData.tLI0",
        "reads": 0,
        "writes": 2,
        "read_writes": 0,
        "functions": [
          "AvoidanceCalc"
        ],
        "readers": [],
        "writers": [
          "AvoidanceCalc"
        ]
      },
      {
        "name": "sNaviData.wOrbit",
        "reads": 2,
        "writes": 0,
        "read_writes": 0,
        "functions": [
          "AvoidanceCalc"
        ],
        "readers": [
          "AvoidanceCalc"
        ],
        "writers": []
      },
      {
        "name": "sNaviData.wmi",
        "reads": 1,
        "writes": 0,
        "read_writes": 0,
        "functions": [
          "AvoidanceCalc"
        ],
        "readers": [
          "AvoidanceCalc"
        ],
        "writers": []
      },
      {
        "name": "sNaviParam.wM",
        "reads": 1,
        "writes": 0,
        "read_writes": 0,
        "functions": [
          "AvoidanceCalc"
        ],
        "readers": [
          "AvoidanceCalc"
        ],
        "writers": []
      },
      {
        "name": "sTime.sstime",
        "reads": 10,
        "writes": 0,
        "read_writes": 0,
        "functions": [
          "AvoidanceCalc"
        ],
        "readers": [
          "AvoidanceCalc"
        ],
        "writers": []
      }
    ],
    "state_transitions": [],
    "missing_local_includes": [],
    "unresolved_calls": {
      "DivNorm": [
        {
          "caller": "AvoidanceCalc",
          "file": "/home/hp/文档/output/CE7-FYQ-src_flat_out/AvoidanceCalc/IP_AvoidanceCalc.c",
          "line": 122
        },
        {
          "caller": "AvoidanceCalc",
          "file": "/home/hp/文档/output/CE7-FYQ-src_flat_out/AvoidanceCalc/IP_AvoidanceCalc.c",
          "line": 177
        },
        {
          "caller": "AvoidanceCalc",
          "file": "/home/hp/文档/output/CE7-FYQ-src_flat_out/AvoidanceCalc/IP_AvoidanceCalc.c",
          "line": 347
        }
      ],
      "Fabsx": [
        {
          "caller": "AvoidanceCalc",
          "file": "/home/hp/文档/output/CE7-FYQ-src_flat_out/AvoidanceCalc/IP_AvoidanceCalc.c",
          "line": 58
        },
        {
          "caller": "AvoidanceCalc",
          "file": "/home/hp/文档/output/CE7-FYQ-src_flat_out/AvoidanceCalc/IP_AvoidanceCalc.c",
          "line": 59
        },
        {
          "caller": "AvoidanceCalc",
          "file": "/home/hp/文档/output/CE7-FYQ-src_flat_out/AvoidanceCalc/IP_AvoidanceCalc.c",
          "line": 60
        },
        {
          "caller": "AvoidanceCalc",
          "file": "/home/hp/文档/output/CE7-FYQ-src_flat_out/AvoidanceCalc/IP_AvoidanceCalc.c",
          "line": 64
        },
        {
          "caller": "AvoidanceCalc",
          "file": "/home/hp/文档/output/CE7-FYQ-src_flat_out/AvoidanceCalc/IP_AvoidanceCalc.c",
          "line": 65
        },
        {
          "caller": "AvoidanceCalc",
          "file": "/home/hp/文档/output/CE7-FYQ-src_flat_out/AvoidanceCalc/IP_AvoidanceCalc.c",
          "line": 66
        },
        {
          "caller": "AvoidanceCalc",
          "file": "/home/hp/文档/output/CE7-FYQ-src_flat_out/AvoidanceCalc/IP_AvoidanceCalc.c",
          "line": 70
        },
        {
          "caller": "AvoidanceCalc",
          "file": "/home/hp/文档/output/CE7-FYQ-src_flat_out/AvoidanceCalc/IP_AvoidanceCalc.c",
          "line": 71
        },
        {
          "caller": "AvoidanceCalc",
          "file": "/home/hp/文档/output/CE7-FYQ-src_flat_out/AvoidanceCalc/IP_AvoidanceCalc.c",
          "line": 72
        },
        {
          "caller": "AvoidanceCalc",
          "file": "/home/hp/文档/output/CE7-FYQ-src_flat_out/AvoidanceCalc/IP_AvoidanceCalc.c",
          "line": 76
        },
        {
          "caller": "AvoidanceCalc",
          "file": "/home/hp/文档/output/CE7-FYQ-src_flat_out/AvoidanceCalc/IP_AvoidanceCalc.c",
          "line": 77
        },
        {
          "caller": "AvoidanceCalc",
          "file": "/home/hp/文档/output/CE7-FYQ-src_flat_out/AvoidanceCalc/IP_AvoidanceCalc.c",
          "line": 78
        },
        {
          "caller": "AvoidanceCalc",
          "file": "/home/hp/文档/output/CE7-FYQ-src_flat_out/AvoidanceCalc/IP_AvoidanceCalc.c",
          "line": 333
        },
        {
          "caller": "AvoidanceCalc",
          "file": "/home/hp/文档/output/CE7-FYQ-src_flat_out/AvoidanceCalc/IP_AvoidanceCalc.c",
          "line": 334
        }
      ],
      "IN_RANGE_LCUO": [
        {
          "caller": "AvoidanceCalc",
          "file": "/home/hp/文档/output/CE7-FYQ-src_flat_out/AvoidanceCalc/IP_AvoidanceCalc.c",
          "line": 227
        }
      ],
      "MatrixMulti331": [
        {
          "caller": "AvoidanceCalc",
          "file": "/home/hp/文档/output/CE7-FYQ-src_flat_out/AvoidanceCalc/IP_AvoidanceCalc.c",
          "line": 324
        },
        {
          "caller": "AvoidanceCalc",
          "file": "/home/hp/文档/output/CE7-FYQ-src_flat_out/AvoidanceCalc/IP_AvoidanceCalc.c",
          "line": 338
        },
        {
          "caller": "AvoidanceCalc",
          "file": "/home/hp/文档/output/CE7-FYQ-src_flat_out/AvoidanceCalc/IP_AvoidanceCalc.c",
          "line": 344
        }
      ],
      "MatrixMulti333": [
        {
          "caller": "AvoidanceCalc",
          "file": "/home/hp/文档/output/CE7-FYQ-src_flat_out/AvoidanceCalc/IP_AvoidanceCalc.c",
          "line": 336
        }
      ],
      "MatrixTran33": [
        {
          "caller": "AvoidanceCalc",
          "file": "/home/hp/文档/output/CE7-FYQ-src_flat_out/AvoidanceCalc/IP_AvoidanceCalc.c",
          "line": 329
        }
      ],
      "Maxx": [
        {
          "caller": "AvoidanceCalc",
          "file": "/home/hp/文档/output/CE7-FYQ-src_flat_out/AvoidanceCalc/IP_AvoidanceCalc.c",
          "line": 61
        },
        {
          "caller": "AvoidanceCalc",
          "file": "/home/hp/文档/output/CE7-FYQ-src_flat_out/AvoidanceCalc/IP_AvoidanceCalc.c",
          "line": 62
        },
        {
          "caller": "AvoidanceCalc",
          "file": "/home/hp/文档/output/CE7-FYQ-src_flat_out/AvoidanceCalc/IP_AvoidanceCalc.c",
          "line": 67
        },
        {
          "caller": "AvoidanceCalc",
          "file": "/home/hp/文档/output/CE7-FYQ-src_flat_out/AvoidanceCalc/IP_AvoidanceCalc.c",
          "line": 68
        },
        {
          "caller": "AvoidanceCalc",
          "file": "/home/hp/文档/output/CE7-FYQ-src_flat_out/AvoidanceCalc/IP_AvoidanceCalc.c",
          "line": 73
        },
        {
          "caller": "AvoidanceCalc",
          "file": "/home/hp/文档/output/CE7-FYQ-src_flat_out/AvoidanceCalc/IP_AvoidanceCalc.c",
          "line": 74
        },
        {
          "caller": "AvoidanceCalc",
          "file": "/home/hp/文档/output/CE7-FYQ-src_flat_out/AvoidanceCalc/IP_AvoidanceCalc.c",
          "line": 79
        },
        {
          "caller": "AvoidanceCalc",
          "file": "/home/hp/文档/output/CE7-FYQ-src_flat_out/AvoidanceCalc/IP_AvoidanceCalc.c",
          "line": 80
        }
      ],
      "NULL_STATEMENT": [
        {
          "caller": "AvoidanceCalc",
          "file": "/home/hp/文档/output/CE7-FYQ-src_flat_out/AvoidanceCalc/IP_AvoidanceCalc.c",
          "line": 210
        }
      ],
      "Q2C": [
        {
          "caller": "AvoidanceCalc",
          "file": "/home/hp/文档/output/CE7-FYQ-src_flat_out/AvoidanceCalc/IP_AvoidanceCalc.c",
          "line": 328
        }
      ],
      "UI32_BIT_GET1": [
        {
          "caller": "AvoidanceCalc",
          "file": "/home/hp/文档/output/CE7-FYQ-src_flat_out/AvoidanceCalc/IP_AvoidanceCalc.c",
          "line": 116
        },
        {
          "caller": "AvoidanceCalc",
          "file": "/home/hp/文档/output/CE7-FYQ-src_flat_out/AvoidanceCalc/IP_AvoidanceCalc.c",
          "line": 130
        },
        {
          "caller": "AvoidanceCalc",
          "file": "/home/hp/文档/output/CE7-FYQ-src_flat_out/AvoidanceCalc/IP_AvoidanceCalc.c",
          "line": 171
        },
        {
          "caller": "AvoidanceCalc",
          "file": "/home/hp/文档/output/CE7-FYQ-src_flat_out/AvoidanceCalc/IP_AvoidanceCalc.c",
          "line": 185
        },
        {
          "caller": "AvoidanceCalc",
          "file": "/home/hp/文档/output/CE7-FYQ-src_flat_out/AvoidanceCalc/IP_AvoidanceCalc.c",
          "line": 216
        },
        {
          "caller": "AvoidanceCalc",
          "file": "/home/hp/文档/output/CE7-FYQ-src_flat_out/AvoidanceCalc/IP_AvoidanceCalc.c",
          "line": 224
        },
        {
          "caller": "AvoidanceCalc",
          "file": "/home/hp/文档/output/CE7-FYQ-src_flat_out/AvoidanceCalc/IP_AvoidanceCalc.c",
          "line": 226
        },
        {
          "caller": "AvoidanceCalc",
          "file": "/home/hp/文档/output/CE7-FYQ-src_flat_out/AvoidanceCalc/IP_AvoidanceCalc.c",
          "line": 233
        },
        {
          "caller": "AvoidanceCalc",
          "file": "/home/hp/文档/output/CE7-FYQ-src_flat_out/AvoidanceCalc/IP_AvoidanceCalc.c",
          "line": 235
        },
        {
          "caller": "AvoidanceCalc",
          "file": "/home/hp/文档/output/CE7-FYQ-src_flat_out/AvoidanceCalc/IP_AvoidanceCalc.c",
          "line": 242
        },
        {
          "caller": "AvoidanceCalc",
          "file": "/home/hp/文档/output/CE7-FYQ-src_flat_out/AvoidanceCalc/IP_AvoidanceCalc.c",
          "line": 244
        },
        {
          "caller": "AvoidanceCalc",
          "file": "/home/hp/文档/output/CE7-FYQ-src_flat_out/AvoidanceCalc/IP_AvoidanceCalc.c",
          "line": 254
        },
        {
          "caller": "AvoidanceCalc",
          "file": "/home/hp/文档/output/CE7-FYQ-src_flat_out/AvoidanceCalc/IP_AvoidanceCalc.c",
          "line": 256
        }
      ],
      "UI32_BIT_GET2": [
        {
          "caller": "AvoidanceCalc",
          "file": "/home/hp/文档/output/CE7-FYQ-src_flat_out/AvoidanceCalc/IP_AvoidanceCalc.c",
          "line": 44
        },
        {
          "caller": "AvoidanceCalc",
          "file": "/home/hp/文档/output/CE7-FYQ-src_flat_out/AvoidanceCalc/IP_AvoidanceCalc.c",
          "line": 92
        }
      ],
      "VectorAdd3": [
        {
          "caller": "AvoidanceCalc",
          "file": "/home/hp/文档/output/CE7-FYQ-src_flat_out/AvoidanceCalc/IP_AvoidanceCalc.c",
          "line": 339
        }
      ],
      "VectorAddCoef": [
        {
          "caller": "AvoidanceCalc",
          "file": "/home/hp/文档/output/CE7-FYQ-src_flat_out/AvoidanceCalc/IP_AvoidanceCalc.c",
          "line": 124
        },
        {
          "caller": "AvoidanceCalc",
          "file": "/home/hp/文档/output/CE7-FYQ-src_flat_out/AvoidanceCalc/IP_AvoidanceCalc.c",
          "line": 179
        },
        {
          "caller": "AvoidanceCalc",
          "file": "/home/hp/文档/output/CE7-FYQ-src_flat_out/AvoidanceCalc/IP_AvoidanceCalc.c",
          "line": 360
        }
      ],
      "VectorDot3": [
        {
          "caller": "AvoidanceCalc",
          "file": "/home/hp/文档/output/CE7-FYQ-src_flat_out/AvoidanceCalc/IP_AvoidanceCalc.c",
          "line": 348
        }
      ],
      "VectorEval3": [
        {
          "caller": "AvoidanceCalc",
          "file": "/home/hp/文档/output/CE7-FYQ-src_flat_out/AvoidanceCalc/IP_AvoidanceCalc.c",
          "line": 163
        },
        {
          "caller": "AvoidanceCalc",
          "file": "/home/hp/文档/output/CE7-FYQ-src_flat_out/AvoidanceCalc/IP_AvoidanceCalc.c",
          "line": 363
        },
        {
          "caller": "AvoidanceCalc",
          "file": "/home/hp/文档/output/CE7-FYQ-src_flat_out/AvoidanceCalc/IP_AvoidanceCalc.c",
          "line": 374
        }
      ],
      "VectorNorm3": [
        {
          "caller": "AvoidanceCalc",
          "file": "/home/hp/文档/output/CE7-FYQ-src_flat_out/AvoidanceCalc/IP_AvoidanceCalc.c",
          "line": 341
        },
        {
          "caller": "AvoidanceCalc",
          "file": "/home/hp/文档/output/CE7-FYQ-src_flat_out/AvoidanceCalc/IP_AvoidanceCalc.c",
          "line": 366
        }
      ],
      "VectorRotation": [
        {
          "caller": "AvoidanceCalc",
          "file": "/home/hp/文档/output/CE7-FYQ-src_flat_out/AvoidanceCalc/IP_AvoidanceCalc.c",
          "line": 123
        },
        {
          "caller": "AvoidanceCalc",
          "file": "/home/hp/文档/output/CE7-FYQ-src_flat_out/AvoidanceCalc/IP_AvoidanceCalc.c",
          "line": 178
        },
        {
          "caller": "AvoidanceCalc",
          "file": "/home/hp/文档/output/CE7-FYQ-src_flat_out/AvoidanceCalc/IP_AvoidanceCalc.c",
          "line": 361
        }
      ],
      "VectorScalar3": [
        {
          "caller": "AvoidanceCalc",
          "file": "/home/hp/文档/output/CE7-FYQ-src_flat_out/AvoidanceCalc/IP_AvoidanceCalc.c",
          "line": 165
        },
        {
          "caller": "AvoidanceCalc",
          "file": "/home/hp/文档/output/CE7-FYQ-src_flat_out/AvoidanceCalc/IP_AvoidanceCalc.c",
          "line": 346
        }
      ],
      "VectorSub3": [
        {
          "caller": "AvoidanceCalc",
          "file": "/home/hp/文档/output/CE7-FYQ-src_flat_out/AvoidanceCalc/IP_AvoidanceCalc.c",
          "line": 337
        },
        {
          "caller": "AvoidanceCalc",
          "file": "/home/hp/文档/output/CE7-FYQ-src_flat_out/AvoidanceCalc/IP_AvoidanceCalc.c",
          "line": 365
        }
      ],
      "VectorUnit3": [
        {
          "caller": "AvoidanceCalc",
          "file": "/home/hp/文档/output/CE7-FYQ-src_flat_out/AvoidanceCalc/IP_AvoidanceCalc.c",
          "line": 164
        },
        {
          "caller": "AvoidanceCalc",
          "file": "/home/hp/文档/output/CE7-FYQ-src_flat_out/AvoidanceCalc/IP_AvoidanceCalc.c",
          "line": 325
        }
      ]
    }
  },
  "invariants": {
    "project": [
      {
        "kind": "project_input_field",
        "text": "sAttiCtrl.angleErr is only read by AvoidanceCalc",
        "confidence": "medium",
        "evidence": "field summary",
        "field": "sAttiCtrl.angleErr",
        "readers": [
          "AvoidanceCalc"
        ]
      },
      {
        "kind": "project_input_field",
        "text": "sAttiModifyParam.cBF is only read by AvoidanceCalc",
        "confidence": "medium",
        "evidence": "field summary",
        "field": "sAttiModifyParam.cBF",
        "readers": [
          "AvoidanceCalc"
        ]
      },
      {
        "kind": "project_state_field",
        "text": "sAvoidData.flgFTDI is read and written",
        "confidence": "medium",
        "evidence": "field summary",
        "field": "sAvoidData.flgFTDI",
        "readers": [
          "AvoidanceCalc"
        ],
        "writers": [
          "AvoidanceCalc"
        ]
      },
      {
        "kind": "project_state_field",
        "text": "sAvoidData.flgFTDIOld is read and written",
        "confidence": "medium",
        "evidence": "field summary",
        "field": "sAvoidData.flgFTDIOld",
        "readers": [
          "AvoidanceCalc"
        ],
        "writers": [
          "AvoidanceCalc"
        ]
      },
      {
        "kind": "project_output_field",
        "text": "sAvoidData.flgSLP is only written by AvoidanceCalc",
        "confidence": "medium",
        "evidence": "field summary",
        "field": "sAvoidData.flgSLP",
        "writers": [
          "AvoidanceCalc"
        ]
      },
      {
        "kind": "project_input_field",
        "text": "sAvoidParam.CBC is only read by AvoidanceCalc",
        "confidence": "medium",
        "evidence": "field summary",
        "field": "sAvoidParam.CBC",
        "readers": [
          "AvoidanceCalc"
        ]
      },
      {
        "kind": "project_input_field",
        "text": "sAvoidParam.LcTDI is only read by AvoidanceCalc",
        "confidence": "medium",
        "evidence": "field summary",
        "field": "sAvoidParam.LcTDI",
        "readers": [
          "AvoidanceCalc"
        ]
      },
      {
        "kind": "project_input_field",
        "text": "sAvoidParam.alfa100 is only read by AvoidanceCalc",
        "confidence": "medium",
        "evidence": "field summary",
        "field": "sAvoidParam.alfa100",
        "readers": [
          "AvoidanceCalc"
        ]
      },
      {
        "kind": "project_input_field",
        "text": "sAvoidParam.dLcTDI is only read by AvoidanceCalc",
        "confidence": "medium",
        "evidence": "field summary",
        "field": "sAvoidParam.dLcTDI",
        "readers": [
          "AvoidanceCalc"
        ]
      },
      {
        "kind": "project_input_field",
        "text": "sAvoidParam.dRFTDI1 is only read by AvoidanceCalc",
        "confidence": "medium",
        "evidence": "field summary",
        "field": "sAvoidParam.dRFTDI1",
        "readers": [
          "AvoidanceCalc"
        ]
      },
      {
        "kind": "project_input_field",
        "text": "sAvoidParam.dRFTDI2 is only read by AvoidanceCalc",
        "confidence": "medium",
        "evidence": "field summary",
        "field": "sAvoidParam.dRFTDI2",
        "readers": [
          "AvoidanceCalc"
        ]
      },
      {
        "kind": "project_input_field",
        "text": "sAvoidParam.distace100 is only read by AvoidanceCalc",
        "confidence": "medium",
        "evidence": "field summary",
        "field": "sAvoidParam.distace100",
        "readers": [
          "AvoidanceCalc"
        ]
      },
      {
        "kind": "project_input_field",
        "text": "sAvoidParam.distace50 is only read by AvoidanceCalc",
        "confidence": "medium",
        "evidence": "field summary",
        "field": "sAvoidParam.distace50",
        "readers": [
          "AvoidanceCalc"
        ]
      },
      {
        "kind": "project_input_field",
        "text": "sAvoidParam.drFTDI is only read by AvoidanceCalc",
        "confidence": "medium",
        "evidence": "field summary",
        "field": "sAvoidParam.drFTDI",
        "readers": [
          "AvoidanceCalc"
        ]
      },
      {
        "kind": "project_input_field",
        "text": "sAvoidParam.dtFTDI is only read by AvoidanceCalc",
        "confidence": "medium",
        "evidence": "field summary",
        "field": "sAvoidParam.dtFTDI",
        "readers": [
          "AvoidanceCalc"
        ]
      },
      {
        "kind": "project_input_field",
        "text": "sAvoidParam.hFTDI1 is only read by AvoidanceCalc",
        "confidence": "medium",
        "evidence": "field summary",
        "field": "sAvoidParam.hFTDI1",
        "readers": [
          "AvoidanceCalc"
        ]
      },
      {
        "kind": "project_input_field",
        "text": "sAvoidParam.hFTDI2 is only read by AvoidanceCalc",
        "confidence": "medium",
        "evidence": "field summary",
        "field": "sAvoidParam.hFTDI2",
        "readers": [
          "AvoidanceCalc"
        ]
      },
      {
        "kind": "project_input_field",
        "text": "sAvoidParam.mass100 is only read by AvoidanceCalc",
        "confidence": "medium",
        "evidence": "field summary",
        "field": "sAvoidParam.mass100",
        "readers": [
          "AvoidanceCalc"
        ]
      },
      {
        "kind": "project_input_field",
        "text": "sAvoidParam.mass50 is only read by AvoidanceCalc",
        "confidence": "medium",
        "evidence": "field summary",
        "field": "sAvoidParam.mass50",
        "readers": [
          "AvoidanceCalc"
        ]
      },
      {
        "kind": "project_input_field",
        "text": "sAvoidParam.phicTDI is only read by AvoidanceCalc",
        "confidence": "medium",
        "evidence": "field summary",
        "field": "sAvoidParam.phicTDI",
        "readers": [
          "AvoidanceCalc"
        ]
      },
      {
        "kind": "project_input_field",
        "text": "sAvoidParam.pxMax is only read by AvoidanceCalc",
        "confidence": "medium",
        "evidence": "field summary",
        "field": "sAvoidParam.pxMax",
        "readers": [
          "AvoidanceCalc"
        ]
      },
      {
        "kind": "project_input_field",
        "text": "sAvoidParam.pyMax is only read by AvoidanceCalc",
        "confidence": "medium",
        "evidence": "field summary",
        "field": "sAvoidParam.pyMax",
        "readers": [
          "AvoidanceCalc"
        ]
      },
      {
        "kind": "project_input_field",
        "text": "sAvoidParam.wTDI is only read by AvoidanceCalc",
        "confidence": "medium",
        "evidence": "field summary",
        "field": "sAvoidParam.wTDI",
        "readers": [
          "AvoidanceCalc"
        ]
      },
      {
        "kind": "project_input_field",
        "text": "sBodyData.mass is only read by AvoidanceCalc",
        "confidence": "medium",
        "evidence": "field summary",
        "field": "sBodyData.mass",
        "readers": [
          "AvoidanceCalc"
        ]
      },
      {
        "kind": "project_input_field",
        "text": "sBodyData.pgoF is only read by AvoidanceCalc",
        "confidence": "medium",
        "evidence": "field summary",
        "field": "sBodyData.pgoF",
        "readers": [
          "AvoidanceCalc"
        ]
      },
      {
        "kind": "project_output_field",
        "text": "sFtdiCtrl.cycleSafePtSeq is only written by AvoidanceCalc",
        "confidence": "medium",
        "evidence": "field summary",
        "field": "sFtdiCtrl.cycleSafePtSeq",
        "writers": [
          "AvoidanceCalc"
        ]
      },
      {
        "kind": "project_output_field",
        "text": "sFtdiCtrl.flgSafePointSeq is only written by AvoidanceCalc",
        "confidence": "medium",
        "evidence": "field summary",
        "field": "sFtdiCtrl.flgSafePointSeq",
        "writers": [
          "AvoidanceCalc"
        ]
      },
      {
        "kind": "project_input_field",
        "text": "sFtdiSafeLandData.FTDIFailFlg is only read by AvoidanceCalc",
        "confidence": "medium",
        "evidence": "field summary",
        "field": "sFtdiSafeLandData.FTDIFailFlg",
        "readers": [
          "AvoidanceCalc"
        ]
      },
      {
        "kind": "project_input_field",
        "text": "sFtdiSafeLandData.FTDIUseFlg is only read by AvoidanceCalc",
        "confidence": "medium",
        "evidence": "field summary",
        "field": "sFtdiSafeLandData.FTDIUseFlg",
        "readers": [
          "AvoidanceCalc"
        ]
      },
      {
        "kind": "project_output_field",
        "text": "sFtdiSafeLandData.FTDIVldFlg is only written by AvoidanceCalc",
        "confidence": "medium",
        "evidence": "field summary",
        "field": "sFtdiSafeLandData.FTDIVldFlg",
        "writers": [
          "AvoidanceCalc"
        ]
      },
      {
        "kind": "project_input_field",
        "text": "sFtdiSafeLandData.qFTDI is only read by AvoidanceCalc",
        "confidence": "medium",
        "evidence": "field summary",
        "field": "sFtdiSafeLandData.qFTDI",
        "readers": [
          "AvoidanceCalc"
        ]
      },
      {
        "kind": "project_input_field",
        "text": "sFtdiSafeLandData.r_IFTDI is only read by AvoidanceCalc",
        "confidence": "medium",
        "evidence": "field summary",
        "field": "sFtdiSafeLandData.r_IFTDI",
        "readers": [
          "AvoidanceCalc"
        ]
      },
      {
        "kind": "project_state_field",
        "text": "sFtdiSafeLandData.tFTDI is read and written",
        "confidence": "medium",
        "evidence": "field summary",
        "field": "sFtdiSafeLandData.tFTDI",
        "readers": [
          "AvoidanceCalc"
        ],
        "writers": [
          "AvoidanceCalc"
        ]
      },
      {
        "kind": "project_input_field",
        "text": "sFtdiSafePointRecv.pFTDI is only read by AvoidanceCalc",
        "confidence": "medium",
        "evidence": "field summary",
        "field": "sFtdiSafePointRecv.pFTDI",
        "readers": [
          "AvoidanceCalc"
        ]
      },
      {
        "kind": "project_input_field",
        "text": "sGncCtrlFlag.ZT6 is only read by AvoidanceCalc",
        "confidence": "medium",
        "evidence": "field summary",
        "field": "sGncCtrlFlag.ZT6",
        "readers": [
          "AvoidanceCalc"
        ]
      },
      {
        "kind": "project_input_field",
        "text": "sGncCtrlFlag.ZT9 is only read by AvoidanceCalc",
        "confidence": "medium",
        "evidence": "field summary",
        "field": "sGncCtrlFlag.ZT9",
        "readers": [
          "AvoidanceCalc"
        ]
      },
      {
        "kind": "project_output_field",
        "text": "sGuideData.a_tG is only written by AvoidanceCalc",
        "confidence": "medium",
        "evidence": "field summary",
        "field": "sGuideData.a_tG",
        "writers": [
          "AvoidanceCalc"
        ]
      },
      {
        "kind": "project_input_field",
        "text": "sGuideData.bHoverFlg is only read by AvoidanceCalc",
        "confidence": "medium",
        "evidence": "field summary",
        "field": "sGuideData.bHoverFlg",
        "readers": [
          "AvoidanceCalc"
        ]
      },
      {
        "kind": "project_output_field",
        "text": "sGuideData.nQPGNum is only written by AvoidanceCalc",
        "confidence": "medium",
        "evidence": "field summary",
        "field": "sGuideData.nQPGNum",
        "writers": [
          "AvoidanceCalc"
        ]
      },
      {
        "kind": "project_output_field",
        "text": "sGuideData.r_tG is only written by AvoidanceCalc",
        "confidence": "medium",
        "evidence": "field summary",
        "field": "sGuideData.r_tG",
        "writers": [
          "AvoidanceCalc"
        ]
      },
      {
        "kind": "project_state_field",
        "text": "sGuideData.tgo is read and written",
        "confidence": "medium",
        "evidence": "field summary",
        "field": "sGuideData.tgo",
        "readers": [
          "AvoidanceCalc"
        ],
        "writers": [
          "AvoidanceCalc"
        ]
      },
      {
        "kind": "project_output_field",
        "text": "sGuideData.v_tG is only written by AvoidanceCalc",
        "confidence": "medium",
        "evidence": "field summary",
        "field": "sGuideData.v_tG",
        "writers": [
          "AvoidanceCalc"
        ]
      },
      {
        "kind": "project_input_field",
        "text": "sGuideTransData.hHover is only read by AvoidanceCalc",
        "confidence": "medium",
        "evidence": "field summary",
        "field": "sGuideTransData.hHover",
        "readers": [
          "AvoidanceCalc"
        ]
      },
      {
        "kind": "project_input_field",
        "text": "sGyroData.w is only read by AvoidanceCalc",
        "confidence": "medium",
        "evidence": "field summary",
        "field": "sGyroData.w",
        "readers": [
          "AvoidanceCalc"
        ]
      },
      {
        "kind": "project_input_field",
        "text": "sModeParam.a_tGx22 is only read by AvoidanceCalc",
        "confidence": "medium",
        "evidence": "field summary",
        "field": "sModeParam.a_tGx22",
        "readers": [
          "AvoidanceCalc"
        ]
      },
      {
        "kind": "project_input_field",
        "text": "sModeParam.a_tGx23 is only read by AvoidanceCalc",
        "confidence": "medium",
        "evidence": "field summary",
        "field": "sModeParam.a_tGx23",
        "readers": [
          "AvoidanceCalc"
        ]
      },
      {
        "kind": "project_input_field",
        "text": "sModeParam.hslw is only read by AvoidanceCalc",
        "confidence": "medium",
        "evidence": "field summary",
        "field": "sModeParam.hslw",
        "readers": [
          "AvoidanceCalc"
        ]
      },
      {
        "kind": "project_input_field",
        "text": "sModeParam.t7_1to2 is only read by AvoidanceCalc",
        "confidence": "medium",
        "evidence": "field summary",
        "field": "sModeParam.t7_1to2",
        "readers": [
          "AvoidanceCalc"
        ]
      },
      {
        "kind": "project_input_field",
        "text": "sModeParam.t7_5to6 is only read by AvoidanceCalc",
        "confidence": "medium",
        "evidence": "field summary",
        "field": "sModeParam.t7_5to6",
        "readers": [
          "AvoidanceCalc"
        ]
      },
      {
        "kind": "project_input_field",
        "text": "sModeParam.t7_TDI is only read by AvoidanceCalc",
        "confidence": "medium",
        "evidence": "field summary",
        "field": "sModeParam.t7_TDI",
        "readers": [
          "AvoidanceCalc"
        ]
      },
      {
        "kind": "project_input_field",
        "text": "sModeParam.vslw3 is only read by AvoidanceCalc",
        "confidence": "medium",
        "evidence": "field summary",
        "field": "sModeParam.vslw3",
        "readers": [
          "AvoidanceCalc"
        ]
      },
      {
        "kind": "project_state_field",
        "text": "sModeProcess.Sub7Flg is read and written",
        "confidence": "medium",
        "evidence": "field summary",
        "field": "sModeProcess.Sub7Flg",
        "readers": [
          "AvoidanceCalc"
        ],
        "writers": [
          "AvoidanceCalc"
        ]
      },
      {
        "kind": "project_input_field",
        "text": "sModeProcess.TModemax is only read by AvoidanceCalc",
        "confidence": "medium",
        "evidence": "field summary",
        "field": "sModeProcess.TModemax",
        "readers": [
          "AvoidanceCalc"
        ]
      },
      {
        "kind": "project_output_field",
        "text": "sModeProcess.bQPGFirstFlg is only written by AvoidanceCalc",
        "confidence": "medium",
        "evidence": "field summary",
        "field": "sModeProcess.bQPGFirstFlg",
        "writers": [
          "AvoidanceCalc"
        ]
      },
      {
        "kind": "project_input_field",
        "text": "sModeProcess.t70 is only read by AvoidanceCalc",
        "confidence": "medium",
        "evidence": "field summary",
        "field": "sModeProcess.t70",
        "readers": [
          "AvoidanceCalc"
        ]
      },
      {
        "kind": "project_state_field",
        "text": "sModeProcess.t7_1 is read and written",
        "confidence": "medium",
        "evidence": "field summary",
        "field": "sModeProcess.t7_1",
        "readers": [
          "AvoidanceCalc"
        ],
        "writers": [
          "AvoidanceCalc"
        ]
      },
      {
        "kind": "project_state_field",
        "text": "sModeProcess.t7_4 is read and written",
        "confidence": "medium",
        "evidence": "field summary",
        "field": "sModeProcess.t7_4",
        "readers": [
          "AvoidanceCalc"
        ],
        "writers": [
          "AvoidanceCalc"
        ]
      },
      {
        "kind": "project_state_field",
        "text": "sModeProcess.t7_5 is read and written",
        "confidence": "medium",
        "evidence": "field summary",
        "field": "sModeProcess.t7_5",
        "readers": [
          "AvoidanceCalc"
        ],
        "writers": [
          "AvoidanceCalc"
        ]
      },
      {
        "kind": "project_input_field",
        "text": "sNaviData.dh is only read by AvoidanceCalc",
        "confidence": "medium",
        "evidence": "field summary",
        "field": "sNaviData.dh",
        "readers": [
          "AvoidanceCalc"
        ]
      },
      {
        "kind": "project_input_field",
        "text": "sNaviData.dlcy is only read by AvoidanceCalc",
        "confidence": "medium",
        "evidence": "field summary",
        "field": "sNaviData.dlcy",
        "readers": [
          "AvoidanceCalc"
        ]
      },
      {
        "kind": "project_input_field",
        "text": "sNaviData.dlcz is only read by AvoidanceCalc",
        "confidence": "medium",
        "evidence": "field summary",
        "field": "sNaviData.dlcz",
        "readers": [
          "AvoidanceCalc"
        ]
      },
      {
        "kind": "project_state_field",
        "text": "sNaviData.h100Flg is read and written",
        "confidence": "medium",
        "evidence": "field summary",
        "field": "sNaviData.h100Flg",
        "readers": [
          "AvoidanceCalc"
        ],
        "writers": [
          "AvoidanceCalc"
        ]
      },
      {
        "kind": "project_input_field",
        "text": "sNaviData.height is only read by AvoidanceCalc",
        "confidence": "medium",
        "evidence": "field summary",
        "field": "sNaviData.height",
        "readers": [
          "AvoidanceCalc"
        ]
      },
      {
        "kind": "project_input_field",
        "text": "sNaviData.lcy is only read by AvoidanceCalc",
        "confidence": "medium",
        "evidence": "field summary",
        "field": "sNaviData.lcy",
        "readers": [
          "AvoidanceCalc"
        ]
      },
      {
        "kind": "project_input_field",
        "text": "sNaviData.lcz is only read by AvoidanceCalc",
        "confidence": "medium",
        "evidence": "field summary",
        "field": "sNaviData.lcz",
        "readers": [
          "AvoidanceCalc"
        ]
      },
      {
        "kind": "project_input_field",
        "text": "sNaviData.rM is only read by AvoidanceCalc",
        "confidence": "medium",
        "evidence": "field summary",
        "field": "sNaviData.rM",
        "readers": [
          "AvoidanceCalc"
        ]
      },
      {
        "kind": "project_input_field",
        "text": "sNaviData.r_LI is only read by AvoidanceCalc",
        "confidence": "medium",
        "evidence": "field summary",
        "field": "sNaviData.r_LI",
        "readers": [
          "AvoidanceCalc"
        ]
      },
      {
        "kind": "project_input_field",
        "text": "sNaviData.r_LI0 is only read by AvoidanceCalc",
        "confidence": "medium",
        "evidence": "field summary",
        "field": "sNaviData.r_LI0",
        "readers": [
          "AvoidanceCalc"
        ]
      },
      {
        "kind": "project_input_field",
        "text": "sNaviData.ri is only read by AvoidanceCalc",
        "confidence": "medium",
        "evidence": "field summary",
        "field": "sNaviData.ri",
        "readers": [
          "AvoidanceCalc"
        ]
      },
      {
        "kind": "project_output_field",
        "text": "sNaviData.tLI0 is only written by AvoidanceCalc",
        "confidence": "medium",
        "evidence": "field summary",
        "field": "sNaviData.tLI0",
        "writers": [
          "AvoidanceCalc"
        ]
      },
      {
        "kind": "project_input_field",
        "text": "sNaviData.wOrbit is only read by AvoidanceCalc",
        "confidence": "medium",
        "evidence": "field summary",
        "field": "sNaviData.wOrbit",
        "readers": [
          "AvoidanceCalc"
        ]
      },
      {
        "kind": "project_input_field",
        "text": "sNaviData.wmi is only read by AvoidanceCalc",
        "confidence": "medium",
        "evidence": "field summary",
        "field": "sNaviData.wmi",
        "readers": [
          "AvoidanceCalc"
        ]
      },
      {
        "kind": "project_input_field",
        "text": "sNaviParam.wM is only read by AvoidanceCalc",
        "confidence": "medium",
        "evidence": "field summary",
        "field": "sNaviParam.wM",
        "readers": [
          "AvoidanceCalc"
        ]
      },
      {
        "kind": "project_input_field",
        "text": "sTime.sstime is only read by AvoidanceCalc",
        "confidence": "medium",
        "evidence": "field summary",
        "field": "sTime.sstime",
        "readers": [
          "AvoidanceCalc"
        ]
      }
    ]
  }
}
